/home/user007/project/chipyard/common.mk:142: warning: overriding recipe for target '&'
/home/user007/project/chipyard/common.mk:137: warning: ignoring old recipe for target '&'
/home/user007/project/chipyard/common.mk:150: warning: overriding recipe for target '&'
/home/user007/project/chipyard/common.mk:142: warning: ignoring old recipe for target '&'
/home/user007/project/chipyard/common.mk:178: warning: overriding recipe for target '&'
/home/user007/project/chipyard/common.mk:150: warning: ignoring old recipe for target '&'
/home/user007/project/chipyard/common.mk:218: warning: overriding recipe for target '&'
/home/user007/project/chipyard/common.mk:178: warning: ignoring old recipe for target '&'
/home/user007/project/chipyard/common.mk:263: warning: overriding recipe for target '&'
/home/user007/project/chipyard/common.mk:218: warning: ignoring old recipe for target '&'
/home/user007/project/chipyard/common.mk:282: warning: overriding recipe for target '&'
/home/user007/project/chipyard/common.mk:263: warning: ignoring old recipe for target '&'
/home/user007/project/chipyard/common.mk:295: warning: overriding recipe for target '&'
/home/user007/project/chipyard/common.mk:282: warning: ignoring old recipe for target '&'
/home/user007/project/chipyard/common.mk:300: warning: overriding recipe for target '&'
/home/user007/project/chipyard/common.mk:295: warning: ignoring old recipe for target '&'
cd /home/user007/project/chipyard/fpga/generated-src/chipyard.fpga.zcu104.ZCU104FPGATestHarness.RocketZCU104NoDDRConfig; vivado \
	-nojournal -mode batch \
	-source /home/user007/project/chipyard/fpga/fpga-shells/xilinx/common/tcl/vivado.tcl \
	-tclargs \
		-top-module "ZCU104FPGATestHarness" \
		-F "/home/user007/project/chipyard/fpga/generated-src/chipyard.fpga.zcu104.ZCU104FPGATestHarness.RocketZCU104NoDDRConfig/chipyard.fpga.zcu104.ZCU104FPGATestHarness.RocketZCU104NoDDRConfig.vsrcs.f" \
		-board "zcu104" \
		-ip-vivado-tcls "/home/user007/project/chipyard/fpga/generated-src/chipyard.fpga.zcu104.ZCU104FPGATestHarness.RocketZCU104NoDDRConfig/chipyard.fpga.zcu104.ZCU104FPGATestHarness.RocketZCU104NoDDRConfig.harnessSysPLL.vivado.tcl /home/user007/project/chipyard/fpga/generated-src/chipyard.fpga.zcu104.ZCU104FPGATestHarness.RocketZCU104NoDDRConfig/chipyard.fpga.zcu104.ZCU104FPGATestHarness.RocketZCU104NoDDRConfig.shell.vivado.tcl"

****** Vivado v2021.2 (64-bit)
  **** SW Build 3367213 on Tue Oct 19 02:47:39 MDT 2021
  **** IP Build 3369179 on Thu Oct 21 08:25:16 MDT 2021
    ** Copyright 1986-2021 Xilinx, Inc. All Rights Reserved.

source /home/user007/project/chipyard/fpga/fpga-shells/xilinx/common/tcl/vivado.tcl
# set scriptdir [file dirname [info script]]
# source [file join $scriptdir "prologue.tcl"]
## set ip_vivado_tcls {}
## while {[llength $argv]} {
##   set argv [lassign $argv[set argv {}] flag]
##   switch -glob $flag {
##     -top-module {
##       set argv [lassign $argv[set argv {}] top]
##     }
##     -F {
##       # This should be a simple file format with one filepath per line
##       set argv [lassign $argv[set argv {}] vsrc_manifest]
##     }
##     -board {
##       set argv [lassign $argv[set argv {}] board]
##     }
##     -ip-vivado-tcls {
##       set argv [lassign $argv[set argv {}] ip_vivado_tcls]
##     }
##     -pre-impl-debug-tcl {
##       set argv [lassign $argv[set argv {}] pre_impl_debug_tcl]
##     }
##     -post-impl-debug-tcl {
##       set argv [lassign $argv[set argv {}] post_impl_debug_tcl]
##     }
##     -env-var-srcs {
##       set argv [lassign $argv[set argv {}] env_var_srcs]
##     }
##     default {
##       return -code error [list {unknown option} $flag]
##     }
##   }
## }
## if {![info exists top]} {
##   return -code error [list {--top-module option is required}]
## }
## if {![info exists vsrc_manifest]} {
##   return -code error [list {-F option is required}]
## }
## if {![info exists board]} {
##   return -code error [list {--board option is required}]
## }
## set commondir [file dirname $scriptdir]
## set boarddir [file join [file dirname $commondir] $board]
## source [file join $boarddir tcl board.tcl]
### set name {zcu104}
### set part_fpga {xczu7ev-ffvc1156-2-e}
### set part_board {xilinx.com:zcu104:part0:1.1}
## set constraintsdir [file join $boarddir constraints]
## set srcdir [file join $commondir vsrc]
## set wrkdir [file join [pwd] obj]
## set ipdir [file join $wrkdir ip]
## create_project -part $part_fpga -force $top
## set_param messaging.defaultLimit 1000000
## set_property -dict [list \
## 	BOARD_PART $part_board \
## 	TARGET_LANGUAGE {Verilog} \
## 	DEFAULT_LIB {xil_defaultlib} \
## 	IP_REPO_PATHS $ipdir \
## 	] [current_project]
## if {[get_filesets -quiet sources_1] eq ""} {
## 	create_fileset -srcset sources_1
## }
## set obj [current_fileset]
## proc load_vsrc_manifest {obj vsrc_manifest} {
##   set fp [open $vsrc_manifest r]
##   set files [lsearch -not -exact -all -inline [split [read $fp] "\n"] {}]
##   set relative_files {}
##   foreach path $files {
##     if {[string match {/*} $path]} {
##       lappend relative_files $path
##     } elseif {![string match {#*} $path]} {
##       lappend relative_files [file join [file dirname $vsrc_manifest] $path]
##     }
##   }
##   # Read environment variable vsrcs and append to relative_files
##   upvar #0 env_var_srcs env_var_srcs
##   set additions [info exists env_var_srcs]
##   if {$additions} {
##     if {[info exists ::env($env_var_srcs)]} {
##       set resources [split $::env($env_var_srcs) :]
##       set relative_files [list {*}$relative_files {*}$resources]
##     }
##   }
##   add_files -norecurse -fileset $obj {*}$relative_files
##   close $fp
## }
## load_vsrc_manifest $obj $vsrc_manifest
## if {$ip_vivado_tcls ne {}} {
##   # Split string into words even with multiple consecutive spaces
##   # http://wiki.tcl.tk/989
##   set ip_vivado_tcls [regexp -inline -all -- {\S+} $ip_vivado_tcls]
## }
## if {[get_filesets -quiet sim_1] eq ""} {
## 	create_fileset -simset sim_1
## }
## set obj [current_fileset -simset]
## if {[get_filesets -quiet constrs_1] eq ""} {
## 	create_fileset -constrset constrs_1
## }
## set obj [current_fileset -constrset]
## add_files -quiet -norecurse -fileset $obj [lsort [glob -directory $constraintsdir -nocomplain {*.tcl}]]
## add_files -quiet -norecurse -fileset $obj [lsort [glob -directory $constraintsdir -nocomplain {*.xdc}]]
# source [file join $scriptdir "init.tcl"]
## source [file join $scriptdir "util.tcl"]
### proc recglob { basedir pattern } {
###   set dirlist [glob -nocomplain -directory $basedir -type d *]
###   set findlist [glob -nocomplain -directory $basedir $pattern]
###   foreach dir $dirlist {
###     set reclist [recglob $dir $pattern]
###     set findlist [concat $findlist $reclist]
###   }
###   return $findlist
### }
### proc findincludedir { basedir pattern } {
###   set vhfiles [recglob $basedir $pattern]
###   set vhdirs {}
###   foreach match $vhfiles {
###     lappend vhdirs [file dir $match]
###   }
###   set uniquevhdirs [lsort -unique $vhdirs]
###   return $uniquevhdirs
### }
## file mkdir $ipdir
## update_ip_catalog -rebuild
INFO: [IP_Flow 19-234] Refreshing IP repositories
INFO: [IP_Flow 19-1700] Loaded user IP repository '/home/user007/project/chipyard/fpga/generated-src/chipyard.fpga.zcu104.ZCU104FPGATestHarness.RocketZCU104NoDDRConfig/obj/ip'.
INFO: [IP_Flow 19-2313] Loaded Vivado IP repository '/opt/xilinx/Vivado/2021.2/data/ip'.
## foreach ip_vivado_tcl $ip_vivado_tcls {
##   source $ip_vivado_tcl
## }
### create_ip -name clk_wiz -vendor xilinx.com -library ip -module_name \
###  harnessSysPLL -dir $ipdir -force
create_ip: Time (s): cpu = 00:00:10 ; elapsed = 00:00:12 . Memory (MB): peak = 3433.984 ; gain = 347.504 ; free physical = 43960 ; free virtual = 88850
### set_property -dict [list \
###  CONFIG.CLK_IN1_BOARD_INTERFACE {Custom} \
###  CONFIG.PRIM_SOURCE {No_buffer} \
###  CONFIG.NUM_OUT_CLKS {1} \
###  CONFIG.PRIM_IN_FREQ {300.0} \
###  CONFIG.CLKIN1_JITTER_PS {50.0} \
###  CONFIG.CLKOUT1_USED {true} \
###  CONFIG.CLKOUT2_USED {false} \
###  CONFIG.CLKOUT3_USED {false} \
###  CONFIG.CLKOUT4_USED {false} \
###  CONFIG.CLKOUT5_USED {false} \
###  CONFIG.CLKOUT6_USED {false} \
###  CONFIG.CLKOUT7_USED {false} \
###  CONFIG.CLKOUT1_REQUESTED_OUT_FREQ {50.0} \
###  CONFIG.CLKOUT1_REQUESTED_PHASE {0.0} \
###  CONFIG.CLKOUT1_REQUESTED_DUTY_CYCLE {50.0} \
### ] [get_ips harnessSysPLL]
### set mult [get_property CONFIG.MMCM_CLKFBOUT_MULT_F [get_ips harnessSysPLL]]
### set div1 [get_property CONFIG.MMCM_DIVCLK_DIVIDE [get_ips harnessSysPLL]]
### set jitter [get_property CONFIG.CLKOUT1_JITTER [get_ips harnessSysPLL]]
### if {$jitter > 300.0} {
###   puts "Output jitter $jitter ps exceeds required limit of 300.0"
###   exit 1
### }
### set phase [get_property CONFIG.MMCM_CLKOUT0_PHASE [get_ips harnessSysPLL]]
### if {$phase < -5.0 || $phase > 5.0} {
###   puts "Achieved phase $phase degrees is outside tolerated range -5.0-5.0"
###   exit 1
### }
### set div2 [get_property CONFIG.MMCM_CLKOUT0_DIVIDE_F [get_ips harnessSysPLL]]
### set freq [expr { 300.0 * $mult / $div1 / $div2 }]
### if {$freq < 49.5 || $freq > 50.5} {
###   puts "Achieved frequency $freq MHz is outside tolerated range 49.5-50.5"
###   exit 1
### }
### puts "Achieve frequency $freq MHz phase $phase degrees jitter $jitter ps"
Achieve frequency 50.0 MHz phase 0.000 degrees jitter 116.415 ps
### set shell_vivado_tcl [file normalize [info script]]
### set shell_vivado_idx [string last ".shell.vivado.tcl" $shell_vivado_tcl]
### add_files -fileset [current_fileset -constrset] [string replace $shell_vivado_tcl $shell_vivado_idx 999 ".shell.sdc"]
### add_files -fileset [current_fileset -constrset] [string replace $shell_vivado_tcl $shell_vivado_idx 999 ".shell.xdc"]
### set extra_constr [string replace $shell_vivado_tcl $shell_vivado_idx 999 ".extra.shell.xdc"]
### if [file exist $extra_constr] {
###   add_files -fileset [current_fileset -constrset] [string replace $shell_vivado_tcl $shell_vivado_idx 999 ".extra.shell.xdc"]
### }
## set boardiptcl [file join $boarddir tcl ip.tcl]
## if {[file exists $boardiptcl]} {
##   source $boardiptcl
## }
## set xci_files [get_files -all {*.xci}]
## foreach xci_file $xci_files {
##   set_property GENERATE_SYNTH_CHECKPOINT {false} -quiet $xci_file
## }
## set obj [get_ips]
## generate_target all $obj
INFO: [IP_Flow 19-1686] Generating 'Instantiation Template' target for IP 'harnessSysPLL'...
INFO: [IP_Flow 19-1686] Generating 'Synthesis' target for IP 'harnessSysPLL'...
INFO: [IP_Flow 19-1686] Generating 'Simulation' target for IP 'harnessSysPLL'...
INFO: [IP_Flow 19-1686] Generating 'Implementation' target for IP 'harnessSysPLL'...
INFO: [IP_Flow 19-1686] Generating 'Change Log' target for IP 'harnessSysPLL'...
## export_ip_user_files -of_objects $obj -no_script -force
## set obj [current_fileset]
## set property_include_dirs [get_property include_dirs $obj]
## set ip_include_dirs [concat $property_include_dirs [findincludedir $ipdir "*.vh"]]
## set ip_include_dirs [concat $ip_include_dirs [findincludedir $srcdir "*.h"]]
## set ip_include_dirs [concat $ip_include_dirs [findincludedir $srcdir "*.vh"]]
# source [file join $scriptdir "synth.tcl"]
## read_ip [glob -directory $ipdir [file join * {*.xci}]]
CRITICAL WARNING: [Vivado 12-1504] The IP is already part of the fileset 'sources_1'. Requested source '/home/user007/project/chipyard/fpga/generated-src/chipyard.fpga.zcu104.ZCU104FPGATestHarness.RocketZCU104NoDDRConfig/obj/ip/harnessSysPLL/harnessSysPLL.xci' will not be added.
## synth_design -top $top -flatten_hierarchy rebuilt
Command: synth_design -top ZCU104FPGATestHarness -flatten_hierarchy rebuilt
Starting synth_design
Using part: xczu7ev-ffvc1156-2-e
Attempting to get a license for feature 'Synthesis' and/or device 'xczu7ev'
INFO: [Common 17-349] Got license for feature 'Synthesis' and/or device 'xczu7ev'
INFO: [Device 21-403] Loading part xczu7ev-ffvc1156-2-e
INFO: [Synth 8-7079] Multithreading enabled for synth_design using a maximum of 4 processes.
INFO: [Synth 8-7078] Launching helper process for spawning children vivado processes
INFO: [Synth 8-7075] Helper process launched with PID 866803
---------------------------------------------------------------------------------
Starting RTL Elaboration : Time (s): cpu = 00:00:03 ; elapsed = 00:00:04 . Memory (MB): peak = 3955.379 ; gain = 291.797 ; free physical = 42926 ; free virtual = 87818
---------------------------------------------------------------------------------
INFO: [Synth 8-6157] synthesizing module 'ZCU104FPGATestHarness' [/home/user007/project/chipyard/fpga/generated-src/chipyard.fpga.zcu104.ZCU104FPGATestHarness.RocketZCU104NoDDRConfig/gen-collateral/ZCU104FPGATestHarness.sv:46]
INFO: [Synth 8-6157] synthesizing module 'ResetWrangler' [/home/user007/project/chipyard/fpga/generated-src/chipyard.fpga.zcu104.ZCU104FPGATestHarness.RocketZCU104NoDDRConfig/gen-collateral/ResetWrangler.sv:2]
INFO: [Synth 8-6157] synthesizing module 'AsyncResetRegVec_w13_i0' [/home/user007/project/chipyard/fpga/generated-src/chipyard.fpga.zcu104.ZCU104FPGATestHarness.RocketZCU104NoDDRConfig/gen-collateral/AsyncResetRegVec_w13_i0.sv:46]
INFO: [Synth 8-6155] done synthesizing module 'AsyncResetRegVec_w13_i0' (1#1) [/home/user007/project/chipyard/fpga/generated-src/chipyard.fpga.zcu104.ZCU104FPGATestHarness.RocketZCU104NoDDRConfig/gen-collateral/AsyncResetRegVec_w13_i0.sv:46]
INFO: [Synth 8-6157] synthesizing module 'AsyncResetReg' [/home/user007/project/chipyard/fpga/generated-src/chipyard.fpga.zcu104.ZCU104FPGATestHarness.RocketZCU104NoDDRConfig/gen-collateral/AsyncResetReg.sv:46]
INFO: [Synth 8-6155] done synthesizing module 'AsyncResetReg' (2#1) [/home/user007/project/chipyard/fpga/generated-src/chipyard.fpga.zcu104.ZCU104FPGATestHarness.RocketZCU104NoDDRConfig/gen-collateral/AsyncResetReg.sv:46]
INFO: [Synth 8-6157] synthesizing module 'ResetCatchAndSync_d3_ZCU104FPGATestHarness_UNIQUIFIED' [/home/user007/project/chipyard/fpga/generated-src/chipyard.fpga.zcu104.ZCU104FPGATestHarness.RocketZCU104NoDDRConfig/gen-collateral/ResetCatchAndSync_d3_ZCU104FPGATestHarness_UNIQUIFIED.sv:2]
INFO: [Synth 8-6157] synthesizing module 'AsyncResetSynchronizerShiftReg_w1_d3_i0_ZCU104FPGATestHarness_UNIQUIFIED' [/home/user007/project/chipyard/fpga/generated-src/chipyard.fpga.zcu104.ZCU104FPGATestHarness.RocketZCU104NoDDRConfig/gen-collateral/AsyncResetSynchronizerShiftReg_w1_d3_i0_ZCU104FPGATestHarness_UNIQUIFIED.sv:2]
INFO: [Synth 8-6157] synthesizing module 'AsyncResetSynchronizerPrimitiveShiftReg_d3_i0_ZCU104FPGATestHarness_UNIQUIFIED' [/home/user007/project/chipyard/fpga/generated-src/chipyard.fpga.zcu104.ZCU104FPGATestHarness.RocketZCU104NoDDRConfig/gen-collateral/AsyncResetSynchronizerPrimitiveShiftReg_d3_i0_ZCU104FPGATestHarness_UNIQUIFIED.sv:46]
INFO: [Synth 8-6155] done synthesizing module 'AsyncResetSynchronizerPrimitiveShiftReg_d3_i0_ZCU104FPGATestHarness_UNIQUIFIED' (3#1) [/home/user007/project/chipyard/fpga/generated-src/chipyard.fpga.zcu104.ZCU104FPGATestHarness.RocketZCU104NoDDRConfig/gen-collateral/AsyncResetSynchronizerPrimitiveShiftReg_d3_i0_ZCU104FPGATestHarness_UNIQUIFIED.sv:46]
INFO: [Synth 8-6155] done synthesizing module 'AsyncResetSynchronizerShiftReg_w1_d3_i0_ZCU104FPGATestHarness_UNIQUIFIED' (4#1) [/home/user007/project/chipyard/fpga/generated-src/chipyard.fpga.zcu104.ZCU104FPGATestHarness.RocketZCU104NoDDRConfig/gen-collateral/AsyncResetSynchronizerShiftReg_w1_d3_i0_ZCU104FPGATestHarness_UNIQUIFIED.sv:2]
INFO: [Synth 8-6155] done synthesizing module 'ResetCatchAndSync_d3_ZCU104FPGATestHarness_UNIQUIFIED' (5#1) [/home/user007/project/chipyard/fpga/generated-src/chipyard.fpga.zcu104.ZCU104FPGATestHarness.RocketZCU104NoDDRConfig/gen-collateral/ResetCatchAndSync_d3_ZCU104FPGATestHarness_UNIQUIFIED.sv:2]
INFO: [Synth 8-6155] done synthesizing module 'ResetWrangler' (6#1) [/home/user007/project/chipyard/fpga/generated-src/chipyard.fpga.zcu104.ZCU104FPGATestHarness.RocketZCU104NoDDRConfig/gen-collateral/ResetWrangler.sv:2]
INFO: [Synth 8-6157] synthesizing module 'harnessSysPLL' [/home/user007/project/chipyard/fpga/generated-src/chipyard.fpga.zcu104.ZCU104FPGATestHarness.RocketZCU104NoDDRConfig/obj/ip/harnessSysPLL/harnessSysPLL.v:70]
INFO: [Synth 8-6157] synthesizing module 'harnessSysPLL_clk_wiz' [/home/user007/project/chipyard/fpga/generated-src/chipyard.fpga.zcu104.ZCU104FPGATestHarness.RocketZCU104NoDDRConfig/obj/ip/harnessSysPLL/harnessSysPLL_clk_wiz.v:68]
INFO: [Synth 8-6157] synthesizing module 'MMCME4_ADV' [/opt/xilinx/Vivado/2021.2/scripts/rt/data/unisim_comp.v:63903]
	Parameter BANDWIDTH bound to: OPTIMIZED - type: string 
	Parameter CLKFBOUT_MULT_F bound to: 4.000000 - type: double 
	Parameter CLKFBOUT_PHASE bound to: 0.000000 - type: double 
	Parameter CLKFBOUT_USE_FINE_PS bound to: FALSE - type: string 
	Parameter CLKIN1_PERIOD bound to: 3.333000 - type: double 
	Parameter CLKOUT0_DIVIDE_F bound to: 24.000000 - type: double 
	Parameter CLKOUT0_DUTY_CYCLE bound to: 0.500000 - type: double 
	Parameter CLKOUT0_PHASE bound to: 0.000000 - type: double 
	Parameter CLKOUT0_USE_FINE_PS bound to: FALSE - type: string 
	Parameter CLKOUT4_CASCADE bound to: FALSE - type: string 
	Parameter COMPENSATION bound to: AUTO - type: string 
	Parameter DIVCLK_DIVIDE bound to: 1 - type: integer 
	Parameter STARTUP_WAIT bound to: FALSE - type: string 
INFO: [Synth 8-6155] done synthesizing module 'MMCME4_ADV' (7#1) [/opt/xilinx/Vivado/2021.2/scripts/rt/data/unisim_comp.v:63903]
INFO: [Synth 8-6157] synthesizing module 'BUFG' [/opt/xilinx/Vivado/2021.2/scripts/rt/data/unisim_comp.v:1083]
INFO: [Synth 8-6155] done synthesizing module 'BUFG' (8#1) [/opt/xilinx/Vivado/2021.2/scripts/rt/data/unisim_comp.v:1083]
INFO: [Synth 8-6155] done synthesizing module 'harnessSysPLL_clk_wiz' (9#1) [/home/user007/project/chipyard/fpga/generated-src/chipyard.fpga.zcu104.ZCU104FPGATestHarness.RocketZCU104NoDDRConfig/obj/ip/harnessSysPLL/harnessSysPLL_clk_wiz.v:68]
INFO: [Synth 8-6155] done synthesizing module 'harnessSysPLL' (10#1) [/home/user007/project/chipyard/fpga/generated-src/chipyard.fpga.zcu104.ZCU104FPGATestHarness.RocketZCU104NoDDRConfig/obj/ip/harnessSysPLL/harnessSysPLL.v:70]
INFO: [Synth 8-6157] synthesizing module 'IBUFDS' [/opt/xilinx/Vivado/2021.2/scripts/rt/data/unisim_comp.v:55219]
	Parameter CAPACITANCE bound to: DONT_CARE - type: string 
	Parameter DIFF_TERM bound to: FALSE - type: string 
	Parameter DQS_BIAS bound to: FALSE - type: string 
	Parameter IBUF_DELAY_VALUE bound to: 0 - type: integer 
	Parameter IBUF_LOW_PWR bound to: TRUE - type: string 
	Parameter IFD_DELAY_VALUE bound to: AUTO - type: string 
	Parameter IOSTANDARD bound to: DEFAULT - type: string 
INFO: [Synth 8-6155] done synthesizing module 'IBUFDS' (11#1) [/opt/xilinx/Vivado/2021.2/scripts/rt/data/unisim_comp.v:55219]
INFO: [Synth 8-6157] synthesizing module 'UIntToAnalog_1' [/home/user007/project/chipyard/fpga/generated-src/chipyard.fpga.zcu104.ZCU104FPGATestHarness.RocketZCU104NoDDRConfig/gen-collateral/UIntToAnalog_1.v:1]
INFO: [Synth 8-6155] done synthesizing module 'UIntToAnalog_1' (12#1) [/home/user007/project/chipyard/fpga/generated-src/chipyard.fpga.zcu104.ZCU104FPGATestHarness.RocketZCU104NoDDRConfig/gen-collateral/UIntToAnalog_1.v:1]
INFO: [Synth 8-6157] synthesizing module 'AnalogToUInt_1' [/home/user007/project/chipyard/fpga/generated-src/chipyard.fpga.zcu104.ZCU104FPGATestHarness.RocketZCU104NoDDRConfig/gen-collateral/AnalogToUInt_1.v:1]
INFO: [Synth 8-6155] done synthesizing module 'AnalogToUInt_1' (13#1) [/home/user007/project/chipyard/fpga/generated-src/chipyard.fpga.zcu104.ZCU104FPGATestHarness.RocketZCU104NoDDRConfig/gen-collateral/AnalogToUInt_1.v:1]
INFO: [Synth 8-6157] synthesizing module 'IBUF' [/opt/xilinx/Vivado/2021.2/scripts/rt/data/unisim_comp.v:55204]
INFO: [Synth 8-6155] done synthesizing module 'IBUF' (14#1) [/opt/xilinx/Vivado/2021.2/scripts/rt/data/unisim_comp.v:55204]
INFO: [Synth 8-6157] synthesizing module 'PowerOnResetFPGAOnly' [/home/user007/project/chipyard/fpga/generated-src/chipyard.fpga.zcu104.ZCU104FPGATestHarness.RocketZCU104NoDDRConfig/gen-collateral/PowerOnResetFPGAOnly.v:2]
INFO: [Synth 8-6155] done synthesizing module 'PowerOnResetFPGAOnly' (15#1) [/home/user007/project/chipyard/fpga/generated-src/chipyard.fpga.zcu104.ZCU104FPGATestHarness.RocketZCU104NoDDRConfig/gen-collateral/PowerOnResetFPGAOnly.v:2]
INFO: [Synth 8-6157] synthesizing module 'ChipTop' [/home/user007/project/chipyard/fpga/generated-src/chipyard.fpga.zcu104.ZCU104FPGATestHarness.RocketZCU104NoDDRConfig/gen-collateral/ChipTop.sv:46]
INFO: [Synth 8-6157] synthesizing module 'DigitalTop' [/home/user007/project/chipyard/fpga/generated-src/chipyard.fpga.zcu104.ZCU104FPGATestHarness.RocketZCU104NoDDRConfig/gen-collateral/DigitalTop.sv:46]
INFO: [Synth 8-6157] synthesizing module 'IntXbar_i2_o1' [/home/user007/project/chipyard/fpga/generated-src/chipyard.fpga.zcu104.ZCU104FPGATestHarness.RocketZCU104NoDDRConfig/gen-collateral/IntXbar_i2_o1.sv:2]
INFO: [Synth 8-6155] done synthesizing module 'IntXbar_i2_o1' (16#1) [/home/user007/project/chipyard/fpga/generated-src/chipyard.fpga.zcu104.ZCU104FPGATestHarness.RocketZCU104NoDDRConfig/gen-collateral/IntXbar_i2_o1.sv:2]
INFO: [Synth 8-6157] synthesizing module 'SystemBus' [/home/user007/project/chipyard/fpga/generated-src/chipyard.fpga.zcu104.ZCU104FPGATestHarness.RocketZCU104NoDDRConfig/gen-collateral/SystemBus.sv:2]
INFO: [Synth 8-6157] synthesizing module 'FixedClockBroadcast_4' [/home/user007/project/chipyard/fpga/generated-src/chipyard.fpga.zcu104.ZCU104FPGATestHarness.RocketZCU104NoDDRConfig/gen-collateral/FixedClockBroadcast_4.sv:2]
INFO: [Synth 8-6155] done synthesizing module 'FixedClockBroadcast_4' (17#1) [/home/user007/project/chipyard/fpga/generated-src/chipyard.fpga.zcu104.ZCU104FPGATestHarness.RocketZCU104NoDDRConfig/gen-collateral/FixedClockBroadcast_4.sv:2]
INFO: [Synth 8-6157] synthesizing module 'TLXbar_sbus_i2_o1_a32d64s2k1z4u' [/home/user007/project/chipyard/fpga/generated-src/chipyard.fpga.zcu104.ZCU104FPGATestHarness.RocketZCU104NoDDRConfig/gen-collateral/TLXbar_sbus_i2_o1_a32d64s2k1z4u.sv:64]
INFO: [Synth 8-6155] done synthesizing module 'TLXbar_sbus_i2_o1_a32d64s2k1z4u' (18#1) [/home/user007/project/chipyard/fpga/generated-src/chipyard.fpga.zcu104.ZCU104FPGATestHarness.RocketZCU104NoDDRConfig/gen-collateral/TLXbar_sbus_i2_o1_a32d64s2k1z4u.sv:64]
INFO: [Synth 8-6155] done synthesizing module 'SystemBus' (19#1) [/home/user007/project/chipyard/fpga/generated-src/chipyard.fpga.zcu104.ZCU104FPGATestHarness.RocketZCU104NoDDRConfig/gen-collateral/SystemBus.sv:2]
INFO: [Synth 8-6157] synthesizing module 'PeripheryBus_pbus' [/home/user007/project/chipyard/fpga/generated-src/chipyard.fpga.zcu104.ZCU104FPGATestHarness.RocketZCU104NoDDRConfig/gen-collateral/PeripheryBus_pbus.sv:46]
INFO: [Synth 8-6157] synthesizing module 'FixedClockBroadcast_3' [/home/user007/project/chipyard/fpga/generated-src/chipyard.fpga.zcu104.ZCU104FPGATestHarness.RocketZCU104NoDDRConfig/gen-collateral/FixedClockBroadcast_3.sv:2]
INFO: [Synth 8-6155] done synthesizing module 'FixedClockBroadcast_3' (20#1) [/home/user007/project/chipyard/fpga/generated-src/chipyard.fpga.zcu104.ZCU104FPGATestHarness.RocketZCU104NoDDRConfig/gen-collateral/FixedClockBroadcast_3.sv:2]
INFO: [Synth 8-6157] synthesizing module 'TLXbar_pbus_out_i1_o3_a31d64s3k1z3u' [/home/user007/project/chipyard/fpga/generated-src/chipyard.fpga.zcu104.ZCU104FPGATestHarness.RocketZCU104NoDDRConfig/gen-collateral/TLXbar_pbus_out_i1_o3_a31d64s3k1z3u.sv:64]
INFO: [Synth 8-6155] done synthesizing module 'TLXbar_pbus_out_i1_o3_a31d64s3k1z3u' (21#1) [/home/user007/project/chipyard/fpga/generated-src/chipyard.fpga.zcu104.ZCU104FPGATestHarness.RocketZCU104NoDDRConfig/gen-collateral/TLXbar_pbus_out_i1_o3_a31d64s3k1z3u.sv:64]
INFO: [Synth 8-6157] synthesizing module 'TLBuffer_a31d64s3k1z3u' [/home/user007/project/chipyard/fpga/generated-src/chipyard.fpga.zcu104.ZCU104FPGATestHarness.RocketZCU104NoDDRConfig/gen-collateral/TLBuffer_a31d64s3k1z3u.sv:2]
INFO: [Synth 8-6157] synthesizing module 'Queue2_TLBundleA_a31d64s3k1z3u' [/home/user007/project/chipyard/fpga/generated-src/chipyard.fpga.zcu104.ZCU104FPGATestHarness.RocketZCU104NoDDRConfig/gen-collateral/Queue2_TLBundleA_a31d64s3k1z3u.sv:59]
INFO: [Synth 8-6157] synthesizing module 'ram_2x116' [/home/user007/project/chipyard/fpga/generated-src/chipyard.fpga.zcu104.ZCU104FPGATestHarness.RocketZCU104NoDDRConfig/gen-collateral/ram_2x116.sv:3]
INFO: [Synth 8-6155] done synthesizing module 'ram_2x116' (22#1) [/home/user007/project/chipyard/fpga/generated-src/chipyard.fpga.zcu104.ZCU104FPGATestHarness.RocketZCU104NoDDRConfig/gen-collateral/ram_2x116.sv:3]
INFO: [Synth 8-6155] done synthesizing module 'Queue2_TLBundleA_a31d64s3k1z3u' (23#1) [/home/user007/project/chipyard/fpga/generated-src/chipyard.fpga.zcu104.ZCU104FPGATestHarness.RocketZCU104NoDDRConfig/gen-collateral/Queue2_TLBundleA_a31d64s3k1z3u.sv:59]
INFO: [Synth 8-6157] synthesizing module 'Queue2_TLBundleD_a31d64s3k1z3u' [/home/user007/project/chipyard/fpga/generated-src/chipyard.fpga.zcu104.ZCU104FPGATestHarness.RocketZCU104NoDDRConfig/gen-collateral/Queue2_TLBundleD_a31d64s3k1z3u.sv:59]
INFO: [Synth 8-6157] synthesizing module 'ram_2x78' [/home/user007/project/chipyard/fpga/generated-src/chipyard.fpga.zcu104.ZCU104FPGATestHarness.RocketZCU104NoDDRConfig/gen-collateral/ram_2x78.sv:3]
INFO: [Synth 8-6155] done synthesizing module 'ram_2x78' (24#1) [/home/user007/project/chipyard/fpga/generated-src/chipyard.fpga.zcu104.ZCU104FPGATestHarness.RocketZCU104NoDDRConfig/gen-collateral/ram_2x78.sv:3]
INFO: [Synth 8-6155] done synthesizing module 'Queue2_TLBundleD_a31d64s3k1z3u' (25#1) [/home/user007/project/chipyard/fpga/generated-src/chipyard.fpga.zcu104.ZCU104FPGATestHarness.RocketZCU104NoDDRConfig/gen-collateral/Queue2_TLBundleD_a31d64s3k1z3u.sv:59]
INFO: [Synth 8-6155] done synthesizing module 'TLBuffer_a31d64s3k1z3u' (26#1) [/home/user007/project/chipyard/fpga/generated-src/chipyard.fpga.zcu104.ZCU104FPGATestHarness.RocketZCU104NoDDRConfig/gen-collateral/TLBuffer_a31d64s3k1z3u.sv:2]
INFO: [Synth 8-6157] synthesizing module 'TLAtomicAutomata_pbus' [/home/user007/project/chipyard/fpga/generated-src/chipyard.fpga.zcu104.ZCU104FPGATestHarness.RocketZCU104NoDDRConfig/gen-collateral/TLAtomicAutomata_pbus.sv:64]
INFO: [Synth 8-6155] done synthesizing module 'TLAtomicAutomata_pbus' (27#1) [/home/user007/project/chipyard/fpga/generated-src/chipyard.fpga.zcu104.ZCU104FPGATestHarness.RocketZCU104NoDDRConfig/gen-collateral/TLAtomicAutomata_pbus.sv:64]
INFO: [Synth 8-6157] synthesizing module 'TLInterconnectCoupler_pbus_to_bootaddressreg' [/home/user007/project/chipyard/fpga/generated-src/chipyard.fpga.zcu104.ZCU104FPGATestHarness.RocketZCU104NoDDRConfig/gen-collateral/TLInterconnectCoupler_pbus_to_bootaddressreg.sv:2]
INFO: [Synth 8-6157] synthesizing module 'TLFragmenter_BootAddrReg' [/home/user007/project/chipyard/fpga/generated-src/chipyard.fpga.zcu104.ZCU104FPGATestHarness.RocketZCU104NoDDRConfig/gen-collateral/TLFragmenter_BootAddrReg.sv:64]
INFO: [Synth 8-6157] synthesizing module 'Repeater_TLBundleA_a13d64s3k1z3u' [/home/user007/project/chipyard/fpga/generated-src/chipyard.fpga.zcu104.ZCU104FPGATestHarness.RocketZCU104NoDDRConfig/gen-collateral/Repeater_TLBundleA_a13d64s3k1z3u.sv:46]
INFO: [Synth 8-6155] done synthesizing module 'Repeater_TLBundleA_a13d64s3k1z3u' (28#1) [/home/user007/project/chipyard/fpga/generated-src/chipyard.fpga.zcu104.ZCU104FPGATestHarness.RocketZCU104NoDDRConfig/gen-collateral/Repeater_TLBundleA_a13d64s3k1z3u.sv:46]
INFO: [Synth 8-6155] done synthesizing module 'TLFragmenter_BootAddrReg' (29#1) [/home/user007/project/chipyard/fpga/generated-src/chipyard.fpga.zcu104.ZCU104FPGATestHarness.RocketZCU104NoDDRConfig/gen-collateral/TLFragmenter_BootAddrReg.sv:64]
INFO: [Synth 8-6155] done synthesizing module 'TLInterconnectCoupler_pbus_to_bootaddressreg' (30#1) [/home/user007/project/chipyard/fpga/generated-src/chipyard.fpga.zcu104.ZCU104FPGATestHarness.RocketZCU104NoDDRConfig/gen-collateral/TLInterconnectCoupler_pbus_to_bootaddressreg.sv:2]
INFO: [Synth 8-6157] synthesizing module 'TLInterconnectCoupler_pbus_to_device_named_uart_0' [/home/user007/project/chipyard/fpga/generated-src/chipyard.fpga.zcu104.ZCU104FPGATestHarness.RocketZCU104NoDDRConfig/gen-collateral/TLInterconnectCoupler_pbus_to_device_named_uart_0.sv:2]
INFO: [Synth 8-6157] synthesizing module 'TLFragmenter_UART' [/home/user007/project/chipyard/fpga/generated-src/chipyard.fpga.zcu104.ZCU104FPGATestHarness.RocketZCU104NoDDRConfig/gen-collateral/TLFragmenter_UART.sv:64]
INFO: [Synth 8-6157] synthesizing module 'Repeater_TLBundleA_a31d64s3k1z3u' [/home/user007/project/chipyard/fpga/generated-src/chipyard.fpga.zcu104.ZCU104FPGATestHarness.RocketZCU104NoDDRConfig/gen-collateral/Repeater_TLBundleA_a31d64s3k1z3u.sv:46]
INFO: [Synth 8-6155] done synthesizing module 'Repeater_TLBundleA_a31d64s3k1z3u' (31#1) [/home/user007/project/chipyard/fpga/generated-src/chipyard.fpga.zcu104.ZCU104FPGATestHarness.RocketZCU104NoDDRConfig/gen-collateral/Repeater_TLBundleA_a31d64s3k1z3u.sv:46]
INFO: [Synth 8-6155] done synthesizing module 'TLFragmenter_UART' (32#1) [/home/user007/project/chipyard/fpga/generated-src/chipyard.fpga.zcu104.ZCU104FPGATestHarness.RocketZCU104NoDDRConfig/gen-collateral/TLFragmenter_UART.sv:64]
INFO: [Synth 8-6155] done synthesizing module 'TLInterconnectCoupler_pbus_to_device_named_uart_0' (33#1) [/home/user007/project/chipyard/fpga/generated-src/chipyard.fpga.zcu104.ZCU104FPGATestHarness.RocketZCU104NoDDRConfig/gen-collateral/TLInterconnectCoupler_pbus_to_device_named_uart_0.sv:2]
INFO: [Synth 8-6157] synthesizing module 'TLInterconnectCoupler_pbus_to_device_named_spi_0' [/home/user007/project/chipyard/fpga/generated-src/chipyard.fpga.zcu104.ZCU104FPGATestHarness.RocketZCU104NoDDRConfig/gen-collateral/TLInterconnectCoupler_pbus_to_device_named_spi_0.sv:2]
INFO: [Synth 8-6157] synthesizing module 'TLFragmenter' [/home/user007/project/chipyard/fpga/generated-src/chipyard.fpga.zcu104.ZCU104FPGATestHarness.RocketZCU104NoDDRConfig/gen-collateral/TLFragmenter.sv:64]
INFO: [Synth 8-6155] done synthesizing module 'TLFragmenter' (34#1) [/home/user007/project/chipyard/fpga/generated-src/chipyard.fpga.zcu104.ZCU104FPGATestHarness.RocketZCU104NoDDRConfig/gen-collateral/TLFragmenter.sv:64]
INFO: [Synth 8-6155] done synthesizing module 'TLInterconnectCoupler_pbus_to_device_named_spi_0' (35#1) [/home/user007/project/chipyard/fpga/generated-src/chipyard.fpga.zcu104.ZCU104FPGATestHarness.RocketZCU104NoDDRConfig/gen-collateral/TLInterconnectCoupler_pbus_to_device_named_spi_0.sv:2]
INFO: [Synth 8-6155] done synthesizing module 'PeripheryBus_pbus' (36#1) [/home/user007/project/chipyard/fpga/generated-src/chipyard.fpga.zcu104.ZCU104FPGATestHarness.RocketZCU104NoDDRConfig/gen-collateral/PeripheryBus_pbus.sv:46]
INFO: [Synth 8-6157] synthesizing module 'TLBuffer_a32d64s1k1z4u' [/home/user007/project/chipyard/fpga/generated-src/chipyard.fpga.zcu104.ZCU104FPGATestHarness.RocketZCU104NoDDRConfig/gen-collateral/TLBuffer_a32d64s1k1z4u.sv:2]
INFO: [Synth 8-6157] synthesizing module 'Queue2_TLBundleA_a32d64s1k1z4u' [/home/user007/project/chipyard/fpga/generated-src/chipyard.fpga.zcu104.ZCU104FPGATestHarness.RocketZCU104NoDDRConfig/gen-collateral/Queue2_TLBundleA_a32d64s1k1z4u.sv:59]
INFO: [Synth 8-6155] done synthesizing module 'Queue2_TLBundleA_a32d64s1k1z4u' (37#1) [/home/user007/project/chipyard/fpga/generated-src/chipyard.fpga.zcu104.ZCU104FPGATestHarness.RocketZCU104NoDDRConfig/gen-collateral/Queue2_TLBundleA_a32d64s1k1z4u.sv:59]
INFO: [Synth 8-6157] synthesizing module 'Queue2_TLBundleD_a32d64s1k1z4u' [/home/user007/project/chipyard/fpga/generated-src/chipyard.fpga.zcu104.ZCU104FPGATestHarness.RocketZCU104NoDDRConfig/gen-collateral/Queue2_TLBundleD_a32d64s1k1z4u.sv:59]
INFO: [Synth 8-6157] synthesizing module 'ram_2x77' [/home/user007/project/chipyard/fpga/generated-src/chipyard.fpga.zcu104.ZCU104FPGATestHarness.RocketZCU104NoDDRConfig/gen-collateral/ram_2x77.sv:3]
INFO: [Synth 8-6155] done synthesizing module 'ram_2x77' (38#1) [/home/user007/project/chipyard/fpga/generated-src/chipyard.fpga.zcu104.ZCU104FPGATestHarness.RocketZCU104NoDDRConfig/gen-collateral/ram_2x77.sv:3]
INFO: [Synth 8-6155] done synthesizing module 'Queue2_TLBundleD_a32d64s1k1z4u' (39#1) [/home/user007/project/chipyard/fpga/generated-src/chipyard.fpga.zcu104.ZCU104FPGATestHarness.RocketZCU104NoDDRConfig/gen-collateral/Queue2_TLBundleD_a32d64s1k1z4u.sv:59]
INFO: [Synth 8-6155] done synthesizing module 'TLBuffer_a32d64s1k1z4u' (40#1) [/home/user007/project/chipyard/fpga/generated-src/chipyard.fpga.zcu104.ZCU104FPGATestHarness.RocketZCU104NoDDRConfig/gen-collateral/TLBuffer_a32d64s1k1z4u.sv:2]
INFO: [Synth 8-6157] synthesizing module 'TLInterconnectCoupler_fbus_from_debug_sb' [/home/user007/project/chipyard/fpga/generated-src/chipyard.fpga.zcu104.ZCU104FPGATestHarness.RocketZCU104NoDDRConfig/gen-collateral/TLInterconnectCoupler_fbus_from_debug_sb.sv:2]
INFO: [Synth 8-6157] synthesizing module 'TLWidthWidget1' [/home/user007/project/chipyard/fpga/generated-src/chipyard.fpga.zcu104.ZCU104FPGATestHarness.RocketZCU104NoDDRConfig/gen-collateral/TLWidthWidget1.sv:46]
INFO: [Synth 8-6157] synthesizing module 'Repeater_TLBundleD_a32d64s1k1z4u' [/home/user007/project/chipyard/fpga/generated-src/chipyard.fpga.zcu104.ZCU104FPGATestHarness.RocketZCU104NoDDRConfig/gen-collateral/Repeater_TLBundleD_a32d64s1k1z4u.sv:46]
INFO: [Synth 8-6155] done synthesizing module 'Repeater_TLBundleD_a32d64s1k1z4u' (41#1) [/home/user007/project/chipyard/fpga/generated-src/chipyard.fpga.zcu104.ZCU104FPGATestHarness.RocketZCU104NoDDRConfig/gen-collateral/Repeater_TLBundleD_a32d64s1k1z4u.sv:46]
INFO: [Synth 8-6155] done synthesizing module 'TLWidthWidget1' (42#1) [/home/user007/project/chipyard/fpga/generated-src/chipyard.fpga.zcu104.ZCU104FPGATestHarness.RocketZCU104NoDDRConfig/gen-collateral/TLWidthWidget1.sv:46]
INFO: [Synth 8-6155] done synthesizing module 'TLInterconnectCoupler_fbus_from_debug_sb' (43#1) [/home/user007/project/chipyard/fpga/generated-src/chipyard.fpga.zcu104.ZCU104FPGATestHarness.RocketZCU104NoDDRConfig/gen-collateral/TLInterconnectCoupler_fbus_from_debug_sb.sv:2]
INFO: [Synth 8-6157] synthesizing module 'PeripheryBus_cbus' [/home/user007/project/chipyard/fpga/generated-src/chipyard.fpga.zcu104.ZCU104FPGATestHarness.RocketZCU104NoDDRConfig/gen-collateral/PeripheryBus_cbus.sv:46]
INFO: [Synth 8-6157] synthesizing module 'FixedClockBroadcast_7' [/home/user007/project/chipyard/fpga/generated-src/chipyard.fpga.zcu104.ZCU104FPGATestHarness.RocketZCU104NoDDRConfig/gen-collateral/FixedClockBroadcast_7.sv:2]
INFO: [Synth 8-6155] done synthesizing module 'FixedClockBroadcast_7' (44#1) [/home/user007/project/chipyard/fpga/generated-src/chipyard.fpga.zcu104.ZCU104FPGATestHarness.RocketZCU104NoDDRConfig/gen-collateral/FixedClockBroadcast_7.sv:2]
INFO: [Synth 8-6157] synthesizing module 'TLXbar_cbus_in_i2_o1_a32d64s3k1z4u' [/home/user007/project/chipyard/fpga/generated-src/chipyard.fpga.zcu104.ZCU104FPGATestHarness.RocketZCU104NoDDRConfig/gen-collateral/TLXbar_cbus_in_i2_o1_a32d64s3k1z4u.sv:64]
INFO: [Synth 8-6155] done synthesizing module 'TLXbar_cbus_in_i2_o1_a32d64s3k1z4u' (45#1) [/home/user007/project/chipyard/fpga/generated-src/chipyard.fpga.zcu104.ZCU104FPGATestHarness.RocketZCU104NoDDRConfig/gen-collateral/TLXbar_cbus_in_i2_o1_a32d64s3k1z4u.sv:64]
INFO: [Synth 8-6157] synthesizing module 'TLXbar_cbus_out_i1_o8_a32d64s3k1z4u' [/home/user007/project/chipyard/fpga/generated-src/chipyard.fpga.zcu104.ZCU104FPGATestHarness.RocketZCU104NoDDRConfig/gen-collateral/TLXbar_cbus_out_i1_o8_a32d64s3k1z4u.sv:64]
INFO: [Synth 8-6155] done synthesizing module 'TLXbar_cbus_out_i1_o8_a32d64s3k1z4u' (46#1) [/home/user007/project/chipyard/fpga/generated-src/chipyard.fpga.zcu104.ZCU104FPGATestHarness.RocketZCU104NoDDRConfig/gen-collateral/TLXbar_cbus_out_i1_o8_a32d64s3k1z4u.sv:64]
INFO: [Synth 8-6157] synthesizing module 'TLBuffer_a32d64s3k1z4u' [/home/user007/project/chipyard/fpga/generated-src/chipyard.fpga.zcu104.ZCU104FPGATestHarness.RocketZCU104NoDDRConfig/gen-collateral/TLBuffer_a32d64s3k1z4u.sv:2]
INFO: [Synth 8-6157] synthesizing module 'Queue2_TLBundleA_a32d64s3k1z4u' [/home/user007/project/chipyard/fpga/generated-src/chipyard.fpga.zcu104.ZCU104FPGATestHarness.RocketZCU104NoDDRConfig/gen-collateral/Queue2_TLBundleA_a32d64s3k1z4u.sv:59]
INFO: [Synth 8-6157] synthesizing module 'ram_2x118' [/home/user007/project/chipyard/fpga/generated-src/chipyard.fpga.zcu104.ZCU104FPGATestHarness.RocketZCU104NoDDRConfig/gen-collateral/ram_2x118.sv:3]
INFO: [Synth 8-6155] done synthesizing module 'ram_2x118' (47#1) [/home/user007/project/chipyard/fpga/generated-src/chipyard.fpga.zcu104.ZCU104FPGATestHarness.RocketZCU104NoDDRConfig/gen-collateral/ram_2x118.sv:3]
INFO: [Synth 8-6155] done synthesizing module 'Queue2_TLBundleA_a32d64s3k1z4u' (48#1) [/home/user007/project/chipyard/fpga/generated-src/chipyard.fpga.zcu104.ZCU104FPGATestHarness.RocketZCU104NoDDRConfig/gen-collateral/Queue2_TLBundleA_a32d64s3k1z4u.sv:59]
INFO: [Synth 8-6157] synthesizing module 'Queue2_TLBundleD_a32d64s3k1z4u' [/home/user007/project/chipyard/fpga/generated-src/chipyard.fpga.zcu104.ZCU104FPGATestHarness.RocketZCU104NoDDRConfig/gen-collateral/Queue2_TLBundleD_a32d64s3k1z4u.sv:59]
INFO: [Synth 8-6157] synthesizing module 'ram_2x79' [/home/user007/project/chipyard/fpga/generated-src/chipyard.fpga.zcu104.ZCU104FPGATestHarness.RocketZCU104NoDDRConfig/gen-collateral/ram_2x79.sv:3]
INFO: [Synth 8-6155] done synthesizing module 'ram_2x79' (49#1) [/home/user007/project/chipyard/fpga/generated-src/chipyard.fpga.zcu104.ZCU104FPGATestHarness.RocketZCU104NoDDRConfig/gen-collateral/ram_2x79.sv:3]
INFO: [Synth 8-6155] done synthesizing module 'Queue2_TLBundleD_a32d64s3k1z4u' (50#1) [/home/user007/project/chipyard/fpga/generated-src/chipyard.fpga.zcu104.ZCU104FPGATestHarness.RocketZCU104NoDDRConfig/gen-collateral/Queue2_TLBundleD_a32d64s3k1z4u.sv:59]
INFO: [Synth 8-6155] done synthesizing module 'TLBuffer_a32d64s3k1z4u' (51#1) [/home/user007/project/chipyard/fpga/generated-src/chipyard.fpga.zcu104.ZCU104FPGATestHarness.RocketZCU104NoDDRConfig/gen-collateral/TLBuffer_a32d64s3k1z4u.sv:2]
INFO: [Synth 8-6157] synthesizing module 'TLAtomicAutomata_cbus' [/home/user007/project/chipyard/fpga/generated-src/chipyard.fpga.zcu104.ZCU104FPGATestHarness.RocketZCU104NoDDRConfig/gen-collateral/TLAtomicAutomata_cbus.sv:64]
INFO: [Synth 8-6155] done synthesizing module 'TLAtomicAutomata_cbus' (52#1) [/home/user007/project/chipyard/fpga/generated-src/chipyard.fpga.zcu104.ZCU104FPGATestHarness.RocketZCU104NoDDRConfig/gen-collateral/TLAtomicAutomata_cbus.sv:64]
INFO: [Synth 8-6157] synthesizing module 'ErrorDeviceWrapper' [/home/user007/project/chipyard/fpga/generated-src/chipyard.fpga.zcu104.ZCU104FPGATestHarness.RocketZCU104NoDDRConfig/gen-collateral/ErrorDeviceWrapper.sv:2]
INFO: [Synth 8-6157] synthesizing module 'TLError' [/home/user007/project/chipyard/fpga/generated-src/chipyard.fpga.zcu104.ZCU104FPGATestHarness.RocketZCU104NoDDRConfig/gen-collateral/TLError.sv:64]
INFO: [Synth 8-6157] synthesizing module 'Queue1_TLBundleA_a14d64s3k1z4u' [/home/user007/project/chipyard/fpga/generated-src/chipyard.fpga.zcu104.ZCU104FPGATestHarness.RocketZCU104NoDDRConfig/gen-collateral/Queue1_TLBundleA_a14d64s3k1z4u.sv:46]
INFO: [Synth 8-6155] done synthesizing module 'Queue1_TLBundleA_a14d64s3k1z4u' (53#1) [/home/user007/project/chipyard/fpga/generated-src/chipyard.fpga.zcu104.ZCU104FPGATestHarness.RocketZCU104NoDDRConfig/gen-collateral/Queue1_TLBundleA_a14d64s3k1z4u.sv:46]
INFO: [Synth 8-6155] done synthesizing module 'TLError' (54#1) [/home/user007/project/chipyard/fpga/generated-src/chipyard.fpga.zcu104.ZCU104FPGATestHarness.RocketZCU104NoDDRConfig/gen-collateral/TLError.sv:64]
INFO: [Synth 8-6157] synthesizing module 'TLBuffer_a14d64s3k1z4u' [/home/user007/project/chipyard/fpga/generated-src/chipyard.fpga.zcu104.ZCU104FPGATestHarness.RocketZCU104NoDDRConfig/gen-collateral/TLBuffer_a14d64s3k1z4u.sv:2]
INFO: [Synth 8-6157] synthesizing module 'Queue2_TLBundleA_a14d64s3k1z4u' [/home/user007/project/chipyard/fpga/generated-src/chipyard.fpga.zcu104.ZCU104FPGATestHarness.RocketZCU104NoDDRConfig/gen-collateral/Queue2_TLBundleA_a14d64s3k1z4u.sv:59]
INFO: [Synth 8-6157] synthesizing module 'ram_2x100' [/home/user007/project/chipyard/fpga/generated-src/chipyard.fpga.zcu104.ZCU104FPGATestHarness.RocketZCU104NoDDRConfig/gen-collateral/ram_2x100.sv:3]
INFO: [Synth 8-6155] done synthesizing module 'ram_2x100' (55#1) [/home/user007/project/chipyard/fpga/generated-src/chipyard.fpga.zcu104.ZCU104FPGATestHarness.RocketZCU104NoDDRConfig/gen-collateral/ram_2x100.sv:3]
INFO: [Synth 8-6155] done synthesizing module 'Queue2_TLBundleA_a14d64s3k1z4u' (56#1) [/home/user007/project/chipyard/fpga/generated-src/chipyard.fpga.zcu104.ZCU104FPGATestHarness.RocketZCU104NoDDRConfig/gen-collateral/Queue2_TLBundleA_a14d64s3k1z4u.sv:59]
INFO: [Synth 8-6157] synthesizing module 'Queue2_TLBundleD_a14d64s3k1z4u' [/home/user007/project/chipyard/fpga/generated-src/chipyard.fpga.zcu104.ZCU104FPGATestHarness.RocketZCU104NoDDRConfig/gen-collateral/Queue2_TLBundleD_a14d64s3k1z4u.sv:59]
INFO: [Synth 8-6155] done synthesizing module 'Queue2_TLBundleD_a14d64s3k1z4u' (57#1) [/home/user007/project/chipyard/fpga/generated-src/chipyard.fpga.zcu104.ZCU104FPGATestHarness.RocketZCU104NoDDRConfig/gen-collateral/Queue2_TLBundleD_a14d64s3k1z4u.sv:59]
INFO: [Synth 8-6155] done synthesizing module 'TLBuffer_a14d64s3k1z4u' (58#1) [/home/user007/project/chipyard/fpga/generated-src/chipyard.fpga.zcu104.ZCU104FPGATestHarness.RocketZCU104NoDDRConfig/gen-collateral/TLBuffer_a14d64s3k1z4u.sv:2]
INFO: [Synth 8-6155] done synthesizing module 'ErrorDeviceWrapper' (59#1) [/home/user007/project/chipyard/fpga/generated-src/chipyard.fpga.zcu104.ZCU104FPGATestHarness.RocketZCU104NoDDRConfig/gen-collateral/ErrorDeviceWrapper.sv:2]
INFO: [Synth 8-6157] synthesizing module 'TLInterconnectCoupler_cbus_to_clint' [/home/user007/project/chipyard/fpga/generated-src/chipyard.fpga.zcu104.ZCU104FPGATestHarness.RocketZCU104NoDDRConfig/gen-collateral/TLInterconnectCoupler_cbus_to_clint.sv:2]
INFO: [Synth 8-6157] synthesizing module 'TLFragmenter_CLINT' [/home/user007/project/chipyard/fpga/generated-src/chipyard.fpga.zcu104.ZCU104FPGATestHarness.RocketZCU104NoDDRConfig/gen-collateral/TLFragmenter_CLINT.sv:64]
INFO: [Synth 8-6157] synthesizing module 'Repeater_TLBundleA_a26d64s3k1z3u' [/home/user007/project/chipyard/fpga/generated-src/chipyard.fpga.zcu104.ZCU104FPGATestHarness.RocketZCU104NoDDRConfig/gen-collateral/Repeater_TLBundleA_a26d64s3k1z3u.sv:46]
INFO: [Synth 8-6155] done synthesizing module 'Repeater_TLBundleA_a26d64s3k1z3u' (60#1) [/home/user007/project/chipyard/fpga/generated-src/chipyard.fpga.zcu104.ZCU104FPGATestHarness.RocketZCU104NoDDRConfig/gen-collateral/Repeater_TLBundleA_a26d64s3k1z3u.sv:46]
INFO: [Synth 8-6155] done synthesizing module 'TLFragmenter_CLINT' (61#1) [/home/user007/project/chipyard/fpga/generated-src/chipyard.fpga.zcu104.ZCU104FPGATestHarness.RocketZCU104NoDDRConfig/gen-collateral/TLFragmenter_CLINT.sv:64]
INFO: [Synth 8-6155] done synthesizing module 'TLInterconnectCoupler_cbus_to_clint' (62#1) [/home/user007/project/chipyard/fpga/generated-src/chipyard.fpga.zcu104.ZCU104FPGATestHarness.RocketZCU104NoDDRConfig/gen-collateral/TLInterconnectCoupler_cbus_to_clint.sv:2]
INFO: [Synth 8-6157] synthesizing module 'TLInterconnectCoupler_cbus_to_plic' [/home/user007/project/chipyard/fpga/generated-src/chipyard.fpga.zcu104.ZCU104FPGATestHarness.RocketZCU104NoDDRConfig/gen-collateral/TLInterconnectCoupler_cbus_to_plic.sv:2]
INFO: [Synth 8-6157] synthesizing module 'TLFragmenter_PLIC' [/home/user007/project/chipyard/fpga/generated-src/chipyard.fpga.zcu104.ZCU104FPGATestHarness.RocketZCU104NoDDRConfig/gen-collateral/TLFragmenter_PLIC.sv:64]
INFO: [Synth 8-6157] synthesizing module 'Repeater_TLBundleA_a28d64s3k1z3u' [/home/user007/project/chipyard/fpga/generated-src/chipyard.fpga.zcu104.ZCU104FPGATestHarness.RocketZCU104NoDDRConfig/gen-collateral/Repeater_TLBundleA_a28d64s3k1z3u.sv:46]
INFO: [Synth 8-6155] done synthesizing module 'Repeater_TLBundleA_a28d64s3k1z3u' (63#1) [/home/user007/project/chipyard/fpga/generated-src/chipyard.fpga.zcu104.ZCU104FPGATestHarness.RocketZCU104NoDDRConfig/gen-collateral/Repeater_TLBundleA_a28d64s3k1z3u.sv:46]
INFO: [Synth 8-6155] done synthesizing module 'TLFragmenter_PLIC' (64#1) [/home/user007/project/chipyard/fpga/generated-src/chipyard.fpga.zcu104.ZCU104FPGATestHarness.RocketZCU104NoDDRConfig/gen-collateral/TLFragmenter_PLIC.sv:64]
INFO: [Synth 8-6155] done synthesizing module 'TLInterconnectCoupler_cbus_to_plic' (65#1) [/home/user007/project/chipyard/fpga/generated-src/chipyard.fpga.zcu104.ZCU104FPGATestHarness.RocketZCU104NoDDRConfig/gen-collateral/TLInterconnectCoupler_cbus_to_plic.sv:2]
INFO: [Synth 8-6157] synthesizing module 'TLInterconnectCoupler_cbus_to_debug' [/home/user007/project/chipyard/fpga/generated-src/chipyard.fpga.zcu104.ZCU104FPGATestHarness.RocketZCU104NoDDRConfig/gen-collateral/TLInterconnectCoupler_cbus_to_debug.sv:2]
INFO: [Synth 8-6157] synthesizing module 'TLFragmenter_Debug' [/home/user007/project/chipyard/fpga/generated-src/chipyard.fpga.zcu104.ZCU104FPGATestHarness.RocketZCU104NoDDRConfig/gen-collateral/TLFragmenter_Debug.sv:64]
INFO: [Synth 8-6157] synthesizing module 'Repeater_TLBundleA_a12d64s3k1z3u' [/home/user007/project/chipyard/fpga/generated-src/chipyard.fpga.zcu104.ZCU104FPGATestHarness.RocketZCU104NoDDRConfig/gen-collateral/Repeater_TLBundleA_a12d64s3k1z3u.sv:46]
INFO: [Synth 8-6155] done synthesizing module 'Repeater_TLBundleA_a12d64s3k1z3u' (66#1) [/home/user007/project/chipyard/fpga/generated-src/chipyard.fpga.zcu104.ZCU104FPGATestHarness.RocketZCU104NoDDRConfig/gen-collateral/Repeater_TLBundleA_a12d64s3k1z3u.sv:46]
INFO: [Synth 8-6155] done synthesizing module 'TLFragmenter_Debug' (67#1) [/home/user007/project/chipyard/fpga/generated-src/chipyard.fpga.zcu104.ZCU104FPGATestHarness.RocketZCU104NoDDRConfig/gen-collateral/TLFragmenter_Debug.sv:64]
INFO: [Synth 8-6155] done synthesizing module 'TLInterconnectCoupler_cbus_to_debug' (68#1) [/home/user007/project/chipyard/fpga/generated-src/chipyard.fpga.zcu104.ZCU104FPGATestHarness.RocketZCU104NoDDRConfig/gen-collateral/TLInterconnectCoupler_cbus_to_debug.sv:2]
INFO: [Synth 8-6157] synthesizing module 'TLInterconnectCoupler_cbus_to_rockettile' [/home/user007/project/chipyard/fpga/generated-src/chipyard.fpga.zcu104.ZCU104FPGATestHarness.RocketZCU104NoDDRConfig/gen-collateral/TLInterconnectCoupler_cbus_to_rockettile.sv:2]
INFO: [Synth 8-6157] synthesizing module 'TLWidthWidget8_4' [/home/user007/project/chipyard/fpga/generated-src/chipyard.fpga.zcu104.ZCU104FPGATestHarness.RocketZCU104NoDDRConfig/gen-collateral/TLWidthWidget8_4.sv:46]
INFO: [Synth 8-6157] synthesizing module 'Repeater_TLBundleA_a32d64s3k1z3u' [/home/user007/project/chipyard/fpga/generated-src/chipyard.fpga.zcu104.ZCU104FPGATestHarness.RocketZCU104NoDDRConfig/gen-collateral/Repeater_TLBundleA_a32d64s3k1z3u.sv:46]
INFO: [Synth 8-6155] done synthesizing module 'Repeater_TLBundleA_a32d64s3k1z3u' (69#1) [/home/user007/project/chipyard/fpga/generated-src/chipyard.fpga.zcu104.ZCU104FPGATestHarness.RocketZCU104NoDDRConfig/gen-collateral/Repeater_TLBundleA_a32d64s3k1z3u.sv:46]
INFO: [Synth 8-6155] done synthesizing module 'TLWidthWidget8_4' (70#1) [/home/user007/project/chipyard/fpga/generated-src/chipyard.fpga.zcu104.ZCU104FPGATestHarness.RocketZCU104NoDDRConfig/gen-collateral/TLWidthWidget8_4.sv:46]
INFO: [Synth 8-6155] done synthesizing module 'TLInterconnectCoupler_cbus_to_rockettile' (71#1) [/home/user007/project/chipyard/fpga/generated-src/chipyard.fpga.zcu104.ZCU104FPGATestHarness.RocketZCU104NoDDRConfig/gen-collateral/TLInterconnectCoupler_cbus_to_rockettile.sv:2]
INFO: [Synth 8-6157] synthesizing module 'TLInterconnectCoupler_cbus_to_bootrom' [/home/user007/project/chipyard/fpga/generated-src/chipyard.fpga.zcu104.ZCU104FPGATestHarness.RocketZCU104NoDDRConfig/gen-collateral/TLInterconnectCoupler_cbus_to_bootrom.sv:2]
INFO: [Synth 8-6157] synthesizing module 'TLFragmenter_bootrom' [/home/user007/project/chipyard/fpga/generated-src/chipyard.fpga.zcu104.ZCU104FPGATestHarness.RocketZCU104NoDDRConfig/gen-collateral/TLFragmenter_bootrom.sv:64]
INFO: [Synth 8-6157] synthesizing module 'Repeater_TLBundleA_a17d64s3k1z3u' [/home/user007/project/chipyard/fpga/generated-src/chipyard.fpga.zcu104.ZCU104FPGATestHarness.RocketZCU104NoDDRConfig/gen-collateral/Repeater_TLBundleA_a17d64s3k1z3u.sv:46]
INFO: [Synth 8-6155] done synthesizing module 'Repeater_TLBundleA_a17d64s3k1z3u' (72#1) [/home/user007/project/chipyard/fpga/generated-src/chipyard.fpga.zcu104.ZCU104FPGATestHarness.RocketZCU104NoDDRConfig/gen-collateral/Repeater_TLBundleA_a17d64s3k1z3u.sv:46]
INFO: [Synth 8-6155] done synthesizing module 'TLFragmenter_bootrom' (73#1) [/home/user007/project/chipyard/fpga/generated-src/chipyard.fpga.zcu104.ZCU104FPGATestHarness.RocketZCU104NoDDRConfig/gen-collateral/TLFragmenter_bootrom.sv:64]
INFO: [Synth 8-6155] done synthesizing module 'TLInterconnectCoupler_cbus_to_bootrom' (74#1) [/home/user007/project/chipyard/fpga/generated-src/chipyard.fpga.zcu104.ZCU104FPGATestHarness.RocketZCU104NoDDRConfig/gen-collateral/TLInterconnectCoupler_cbus_to_bootrom.sv:2]
INFO: [Synth 8-6157] synthesizing module 'TLInterconnectCoupler_cbus_to_prci_ctrl' [/home/user007/project/chipyard/fpga/generated-src/chipyard.fpga.zcu104.ZCU104FPGATestHarness.RocketZCU104NoDDRConfig/gen-collateral/TLInterconnectCoupler_cbus_to_prci_ctrl.sv:2]
INFO: [Synth 8-6157] synthesizing module 'TLBuffer_a21d64s3k1z3u' [/home/user007/project/chipyard/fpga/generated-src/chipyard.fpga.zcu104.ZCU104FPGATestHarness.RocketZCU104NoDDRConfig/gen-collateral/TLBuffer_a21d64s3k1z3u.sv:2]
INFO: [Synth 8-6157] synthesizing module 'Queue2_TLBundleA_a21d64s3k1z3u' [/home/user007/project/chipyard/fpga/generated-src/chipyard.fpga.zcu104.ZCU104FPGATestHarness.RocketZCU104NoDDRConfig/gen-collateral/Queue2_TLBundleA_a21d64s3k1z3u.sv:59]
INFO: [Synth 8-6157] synthesizing module 'ram_2x102' [/home/user007/project/chipyard/fpga/generated-src/chipyard.fpga.zcu104.ZCU104FPGATestHarness.RocketZCU104NoDDRConfig/gen-collateral/ram_2x102.sv:3]
INFO: [Synth 8-6155] done synthesizing module 'ram_2x102' (75#1) [/home/user007/project/chipyard/fpga/generated-src/chipyard.fpga.zcu104.ZCU104FPGATestHarness.RocketZCU104NoDDRConfig/gen-collateral/ram_2x102.sv:3]
INFO: [Synth 8-6155] done synthesizing module 'Queue2_TLBundleA_a21d64s3k1z3u' (76#1) [/home/user007/project/chipyard/fpga/generated-src/chipyard.fpga.zcu104.ZCU104FPGATestHarness.RocketZCU104NoDDRConfig/gen-collateral/Queue2_TLBundleA_a21d64s3k1z3u.sv:59]
INFO: [Synth 8-6157] synthesizing module 'Queue2_TLBundleD_a21d64s3k1z3u' [/home/user007/project/chipyard/fpga/generated-src/chipyard.fpga.zcu104.ZCU104FPGATestHarness.RocketZCU104NoDDRConfig/gen-collateral/Queue2_TLBundleD_a21d64s3k1z3u.sv:59]
INFO: [Synth 8-6155] done synthesizing module 'Queue2_TLBundleD_a21d64s3k1z3u' (77#1) [/home/user007/project/chipyard/fpga/generated-src/chipyard.fpga.zcu104.ZCU104FPGATestHarness.RocketZCU104NoDDRConfig/gen-collateral/Queue2_TLBundleD_a21d64s3k1z3u.sv:59]
INFO: [Synth 8-6155] done synthesizing module 'TLBuffer_a21d64s3k1z3u' (78#1) [/home/user007/project/chipyard/fpga/generated-src/chipyard.fpga.zcu104.ZCU104FPGATestHarness.RocketZCU104NoDDRConfig/gen-collateral/TLBuffer_a21d64s3k1z3u.sv:2]
INFO: [Synth 8-6155] done synthesizing module 'TLInterconnectCoupler_cbus_to_prci_ctrl' (79#1) [/home/user007/project/chipyard/fpga/generated-src/chipyard.fpga.zcu104.ZCU104FPGATestHarness.RocketZCU104NoDDRConfig/gen-collateral/TLInterconnectCoupler_cbus_to_prci_ctrl.sv:2]
INFO: [Synth 8-6155] done synthesizing module 'PeripheryBus_cbus' (80#1) [/home/user007/project/chipyard/fpga/generated-src/chipyard.fpga.zcu104.ZCU104FPGATestHarness.RocketZCU104NoDDRConfig/gen-collateral/PeripheryBus_cbus.sv:46]
INFO: [Synth 8-6157] synthesizing module 'TilePRCIDomain' [/home/user007/project/chipyard/fpga/generated-src/chipyard.fpga.zcu104.ZCU104FPGATestHarness.RocketZCU104NoDDRConfig/gen-collateral/TilePRCIDomain.sv:2]
INFO: [Synth 8-6157] synthesizing module 'RocketTile' [/home/user007/project/chipyard/fpga/generated-src/chipyard.fpga.zcu104.ZCU104FPGATestHarness.RocketZCU104NoDDRConfig/gen-collateral/RocketTile.sv:46]
INFO: [Synth 8-6157] synthesizing module 'TLXbar_MasterXbar_RocketTile_i2_o1_a32d64s1k1z4u' [/home/user007/project/chipyard/fpga/generated-src/chipyard.fpga.zcu104.ZCU104FPGATestHarness.RocketZCU104NoDDRConfig/gen-collateral/TLXbar_MasterXbar_RocketTile_i2_o1_a32d64s1k1z4u.sv:64]
INFO: [Synth 8-6155] done synthesizing module 'TLXbar_MasterXbar_RocketTile_i2_o1_a32d64s1k1z4u' (81#1) [/home/user007/project/chipyard/fpga/generated-src/chipyard.fpga.zcu104.ZCU104FPGATestHarness.RocketZCU104NoDDRConfig/gen-collateral/TLXbar_MasterXbar_RocketTile_i2_o1_a32d64s1k1z4u.sv:64]
INFO: [Synth 8-6157] synthesizing module 'IntXbar_i3_o1' [/home/user007/project/chipyard/fpga/generated-src/chipyard.fpga.zcu104.ZCU104FPGATestHarness.RocketZCU104NoDDRConfig/gen-collateral/IntXbar_i3_o1.sv:2]
INFO: [Synth 8-6155] done synthesizing module 'IntXbar_i3_o1' (82#1) [/home/user007/project/chipyard/fpga/generated-src/chipyard.fpga.zcu104.ZCU104FPGATestHarness.RocketZCU104NoDDRConfig/gen-collateral/IntXbar_i3_o1.sv:2]
INFO: [Synth 8-6157] synthesizing module 'DCache' [/home/user007/project/chipyard/fpga/generated-src/chipyard.fpga.zcu104.ZCU104FPGATestHarness.RocketZCU104NoDDRConfig/gen-collateral/DCache.sv:64]
INFO: [Synth 8-6157] synthesizing module 'PMPChecker_s2' [/home/user007/project/chipyard/fpga/generated-src/chipyard.fpga.zcu104.ZCU104FPGATestHarness.RocketZCU104NoDDRConfig/gen-collateral/PMPChecker_s2.sv:2]
INFO: [Synth 8-6155] done synthesizing module 'PMPChecker_s2' (83#1) [/home/user007/project/chipyard/fpga/generated-src/chipyard.fpga.zcu104.ZCU104FPGATestHarness.RocketZCU104NoDDRConfig/gen-collateral/PMPChecker_s2.sv:2]
INFO: [Synth 8-6157] synthesizing module 'PMAChecker' [/home/user007/project/chipyard/fpga/generated-src/chipyard.fpga.zcu104.ZCU104FPGATestHarness.RocketZCU104NoDDRConfig/gen-collateral/PMAChecker.sv:2]
INFO: [Synth 8-6155] done synthesizing module 'PMAChecker' (84#1) [/home/user007/project/chipyard/fpga/generated-src/chipyard.fpga.zcu104.ZCU104FPGATestHarness.RocketZCU104NoDDRConfig/gen-collateral/PMAChecker.sv:2]
WARNING: [Synth 8-4446] all outputs are unconnected for this instance and logic may be removed [/home/user007/project/chipyard/fpga/generated-src/chipyard.fpga.zcu104.ZCU104FPGATestHarness.RocketZCU104NoDDRConfig/gen-collateral/DCache.sv:859]
INFO: [Synth 8-6157] synthesizing module 'OptimizationBarrier_TLBEntryData' [/home/user007/project/chipyard/fpga/generated-src/chipyard.fpga.zcu104.ZCU104FPGATestHarness.RocketZCU104NoDDRConfig/gen-collateral/OptimizationBarrier_TLBEntryData.sv:2]
INFO: [Synth 8-6155] done synthesizing module 'OptimizationBarrier_TLBEntryData' (85#1) [/home/user007/project/chipyard/fpga/generated-src/chipyard.fpga.zcu104.ZCU104FPGATestHarness.RocketZCU104NoDDRConfig/gen-collateral/OptimizationBarrier_TLBEntryData.sv:2]
WARNING: [Synth 8-4446] all outputs are unconnected for this instance and logic may be removed [/home/user007/project/chipyard/fpga/generated-src/chipyard.fpga.zcu104.ZCU104FPGATestHarness.RocketZCU104NoDDRConfig/gen-collateral/DCache.sv:893]
WARNING: [Synth 8-4446] all outputs are unconnected for this instance and logic may be removed [/home/user007/project/chipyard/fpga/generated-src/chipyard.fpga.zcu104.ZCU104FPGATestHarness.RocketZCU104NoDDRConfig/gen-collateral/DCache.sv:927]
WARNING: [Synth 8-4446] all outputs are unconnected for this instance and logic may be removed [/home/user007/project/chipyard/fpga/generated-src/chipyard.fpga.zcu104.ZCU104FPGATestHarness.RocketZCU104NoDDRConfig/gen-collateral/DCache.sv:961]
WARNING: [Synth 8-4446] all outputs are unconnected for this instance and logic may be removed [/home/user007/project/chipyard/fpga/generated-src/chipyard.fpga.zcu104.ZCU104FPGATestHarness.RocketZCU104NoDDRConfig/gen-collateral/DCache.sv:995]
WARNING: [Synth 8-4446] all outputs are unconnected for this instance and logic may be removed [/home/user007/project/chipyard/fpga/generated-src/chipyard.fpga.zcu104.ZCU104FPGATestHarness.RocketZCU104NoDDRConfig/gen-collateral/DCache.sv:1029]
WARNING: [Synth 8-4446] all outputs are unconnected for this instance and logic may be removed [/home/user007/project/chipyard/fpga/generated-src/chipyard.fpga.zcu104.ZCU104FPGATestHarness.RocketZCU104NoDDRConfig/gen-collateral/DCache.sv:1063]
WARNING: [Synth 8-4446] all outputs are unconnected for this instance and logic may be removed [/home/user007/project/chipyard/fpga/generated-src/chipyard.fpga.zcu104.ZCU104FPGATestHarness.RocketZCU104NoDDRConfig/gen-collateral/DCache.sv:1097]
WARNING: [Synth 8-4446] all outputs are unconnected for this instance and logic may be removed [/home/user007/project/chipyard/fpga/generated-src/chipyard.fpga.zcu104.ZCU104FPGATestHarness.RocketZCU104NoDDRConfig/gen-collateral/DCache.sv:1131]
WARNING: [Synth 8-4446] all outputs are unconnected for this instance and logic may be removed [/home/user007/project/chipyard/fpga/generated-src/chipyard.fpga.zcu104.ZCU104FPGATestHarness.RocketZCU104NoDDRConfig/gen-collateral/DCache.sv:1165]
WARNING: [Synth 8-4446] all outputs are unconnected for this instance and logic may be removed [/home/user007/project/chipyard/fpga/generated-src/chipyard.fpga.zcu104.ZCU104FPGATestHarness.RocketZCU104NoDDRConfig/gen-collateral/DCache.sv:1199]
INFO: [Synth 8-6157] synthesizing module 'DCacheDataArray' [/home/user007/project/chipyard/fpga/generated-src/chipyard.fpga.zcu104.ZCU104FPGATestHarness.RocketZCU104NoDDRConfig/gen-collateral/DCacheDataArray.sv:2]
INFO: [Synth 8-6157] synthesizing module 'rockettile_dcache_data_arrays_0' [/home/user007/project/chipyard/fpga/generated-src/chipyard.fpga.zcu104.ZCU104FPGATestHarness.RocketZCU104NoDDRConfig/gen-collateral/rockettile_dcache_data_arrays_0.sv:2]
INFO: [Synth 8-6157] synthesizing module 'rockettile_dcache_data_arrays_0_ext' [/home/user007/project/chipyard/fpga/generated-src/chipyard.fpga.zcu104.ZCU104FPGATestHarness.RocketZCU104NoDDRConfig/gen-collateral/chipyard.fpga.zcu104.ZCU104FPGATestHarness.RocketZCU104NoDDRConfig.top.mems.v:1]
INFO: [Synth 8-6157] synthesizing module 'split_rockettile_dcache_data_arrays_0_ext' [/home/user007/project/chipyard/fpga/generated-src/chipyard.fpga.zcu104.ZCU104FPGATestHarness.RocketZCU104NoDDRConfig/gen-collateral/chipyard.fpga.zcu104.ZCU104FPGATestHarness.RocketZCU104NoDDRConfig.top.mems.v:166]
WARNING: [Synth 8-6014] Unused sequential element ram_RW_0_r_en_pipe_0_reg was removed.  [/home/user007/project/chipyard/fpga/generated-src/chipyard.fpga.zcu104.ZCU104FPGATestHarness.RocketZCU104NoDDRConfig/gen-collateral/chipyard.fpga.zcu104.ZCU104FPGATestHarness.RocketZCU104NoDDRConfig.top.mems.v:192]
INFO: [Synth 8-6155] done synthesizing module 'split_rockettile_dcache_data_arrays_0_ext' (86#1) [/home/user007/project/chipyard/fpga/generated-src/chipyard.fpga.zcu104.ZCU104FPGATestHarness.RocketZCU104NoDDRConfig/gen-collateral/chipyard.fpga.zcu104.ZCU104FPGATestHarness.RocketZCU104NoDDRConfig.top.mems.v:166]
INFO: [Synth 8-6155] done synthesizing module 'rockettile_dcache_data_arrays_0_ext' (87#1) [/home/user007/project/chipyard/fpga/generated-src/chipyard.fpga.zcu104.ZCU104FPGATestHarness.RocketZCU104NoDDRConfig/gen-collateral/chipyard.fpga.zcu104.ZCU104FPGATestHarness.RocketZCU104NoDDRConfig.top.mems.v:1]
INFO: [Synth 8-6155] done synthesizing module 'rockettile_dcache_data_arrays_0' (88#1) [/home/user007/project/chipyard/fpga/generated-src/chipyard.fpga.zcu104.ZCU104FPGATestHarness.RocketZCU104NoDDRConfig/gen-collateral/rockettile_dcache_data_arrays_0.sv:2]
INFO: [Synth 8-6157] synthesizing module 'rockettile_dcache_data_arrays_1' [/home/user007/project/chipyard/fpga/generated-src/chipyard.fpga.zcu104.ZCU104FPGATestHarness.RocketZCU104NoDDRConfig/gen-collateral/rockettile_dcache_data_arrays_1.sv:2]
INFO: [Synth 8-6155] done synthesizing module 'rockettile_dcache_data_arrays_1' (89#1) [/home/user007/project/chipyard/fpga/generated-src/chipyard.fpga.zcu104.ZCU104FPGATestHarness.RocketZCU104NoDDRConfig/gen-collateral/rockettile_dcache_data_arrays_1.sv:2]
INFO: [Synth 8-6155] done synthesizing module 'DCacheDataArray' (90#1) [/home/user007/project/chipyard/fpga/generated-src/chipyard.fpga.zcu104.ZCU104FPGATestHarness.RocketZCU104NoDDRConfig/gen-collateral/DCacheDataArray.sv:2]
INFO: [Synth 8-6157] synthesizing module 'AMOALU' [/home/user007/project/chipyard/fpga/generated-src/chipyard.fpga.zcu104.ZCU104FPGATestHarness.RocketZCU104NoDDRConfig/gen-collateral/AMOALU.sv:2]
INFO: [Synth 8-6155] done synthesizing module 'AMOALU' (91#1) [/home/user007/project/chipyard/fpga/generated-src/chipyard.fpga.zcu104.ZCU104FPGATestHarness.RocketZCU104NoDDRConfig/gen-collateral/AMOALU.sv:2]
WARNING: [Synth 8-6014] Unused sequential element s2_vaddr_r_reg was removed.  [/home/user007/project/chipyard/fpga/generated-src/chipyard.fpga.zcu104.ZCU104FPGATestHarness.RocketZCU104NoDDRConfig/gen-collateral/DCache.sv:673]
INFO: [Synth 8-6155] done synthesizing module 'DCache' (92#1) [/home/user007/project/chipyard/fpga/generated-src/chipyard.fpga.zcu104.ZCU104FPGATestHarness.RocketZCU104NoDDRConfig/gen-collateral/DCache.sv:64]
INFO: [Synth 8-6157] synthesizing module 'Frontend' [/home/user007/project/chipyard/fpga/generated-src/chipyard.fpga.zcu104.ZCU104FPGATestHarness.RocketZCU104NoDDRConfig/gen-collateral/Frontend.sv:64]
INFO: [Synth 8-6157] synthesizing module 'ICache' [/home/user007/project/chipyard/fpga/generated-src/chipyard.fpga.zcu104.ZCU104FPGATestHarness.RocketZCU104NoDDRConfig/gen-collateral/ICache.sv:46]
INFO: [Synth 8-6157] synthesizing module 'rockettile_icache_tag_array_0' [/home/user007/project/chipyard/fpga/generated-src/chipyard.fpga.zcu104.ZCU104FPGATestHarness.RocketZCU104NoDDRConfig/gen-collateral/rockettile_icache_tag_array_0.sv:2]
INFO: [Synth 8-6157] synthesizing module 'rockettile_icache_tag_array_0_ext' [/home/user007/project/chipyard/fpga/generated-src/chipyard.fpga.zcu104.ZCU104FPGATestHarness.RocketZCU104NoDDRConfig/gen-collateral/chipyard.fpga.zcu104.ZCU104FPGATestHarness.RocketZCU104NoDDRConfig.top.mems.v:106]
INFO: [Synth 8-6157] synthesizing module 'split_rockettile_icache_tag_array_0_ext' [/home/user007/project/chipyard/fpga/generated-src/chipyard.fpga.zcu104.ZCU104FPGATestHarness.RocketZCU104NoDDRConfig/gen-collateral/chipyard.fpga.zcu104.ZCU104FPGATestHarness.RocketZCU104NoDDRConfig.top.mems.v:263]
WARNING: [Synth 8-6014] Unused sequential element ram_RW_0_r_en_pipe_0_reg was removed.  [/home/user007/project/chipyard/fpga/generated-src/chipyard.fpga.zcu104.ZCU104FPGATestHarness.RocketZCU104NoDDRConfig/gen-collateral/chipyard.fpga.zcu104.ZCU104FPGATestHarness.RocketZCU104NoDDRConfig.top.mems.v:288]
INFO: [Synth 8-6155] done synthesizing module 'split_rockettile_icache_tag_array_0_ext' (93#1) [/home/user007/project/chipyard/fpga/generated-src/chipyard.fpga.zcu104.ZCU104FPGATestHarness.RocketZCU104NoDDRConfig/gen-collateral/chipyard.fpga.zcu104.ZCU104FPGATestHarness.RocketZCU104NoDDRConfig.top.mems.v:263]
INFO: [Synth 8-6155] done synthesizing module 'rockettile_icache_tag_array_0_ext' (94#1) [/home/user007/project/chipyard/fpga/generated-src/chipyard.fpga.zcu104.ZCU104FPGATestHarness.RocketZCU104NoDDRConfig/gen-collateral/chipyard.fpga.zcu104.ZCU104FPGATestHarness.RocketZCU104NoDDRConfig.top.mems.v:106]
INFO: [Synth 8-6155] done synthesizing module 'rockettile_icache_tag_array_0' (95#1) [/home/user007/project/chipyard/fpga/generated-src/chipyard.fpga.zcu104.ZCU104FPGATestHarness.RocketZCU104NoDDRConfig/gen-collateral/rockettile_icache_tag_array_0.sv:2]
INFO: [Synth 8-6157] synthesizing module 'rockettile_icache_data_arrays_0_0' [/home/user007/project/chipyard/fpga/generated-src/chipyard.fpga.zcu104.ZCU104FPGATestHarness.RocketZCU104NoDDRConfig/gen-collateral/rockettile_icache_data_arrays_0_0.sv:2]
INFO: [Synth 8-6157] synthesizing module 'rockettile_icache_data_arrays_0_0_ext' [/home/user007/project/chipyard/fpga/generated-src/chipyard.fpga.zcu104.ZCU104FPGATestHarness.RocketZCU104NoDDRConfig/gen-collateral/chipyard.fpga.zcu104.ZCU104FPGATestHarness.RocketZCU104NoDDRConfig.top.mems.v:136]
INFO: [Synth 8-6157] synthesizing module 'split_rockettile_icache_data_arrays_0_0_ext' [/home/user007/project/chipyard/fpga/generated-src/chipyard.fpga.zcu104.ZCU104FPGATestHarness.RocketZCU104NoDDRConfig/gen-collateral/chipyard.fpga.zcu104.ZCU104FPGATestHarness.RocketZCU104NoDDRConfig.top.mems.v:359]
WARNING: [Synth 8-6014] Unused sequential element ram_RW_0_r_en_pipe_0_reg was removed.  [/home/user007/project/chipyard/fpga/generated-src/chipyard.fpga.zcu104.ZCU104FPGATestHarness.RocketZCU104NoDDRConfig/gen-collateral/chipyard.fpga.zcu104.ZCU104FPGATestHarness.RocketZCU104NoDDRConfig.top.mems.v:384]
INFO: [Synth 8-6155] done synthesizing module 'split_rockettile_icache_data_arrays_0_0_ext' (96#1) [/home/user007/project/chipyard/fpga/generated-src/chipyard.fpga.zcu104.ZCU104FPGATestHarness.RocketZCU104NoDDRConfig/gen-collateral/chipyard.fpga.zcu104.ZCU104FPGATestHarness.RocketZCU104NoDDRConfig.top.mems.v:359]
INFO: [Synth 8-6155] done synthesizing module 'rockettile_icache_data_arrays_0_0_ext' (97#1) [/home/user007/project/chipyard/fpga/generated-src/chipyard.fpga.zcu104.ZCU104FPGATestHarness.RocketZCU104NoDDRConfig/gen-collateral/chipyard.fpga.zcu104.ZCU104FPGATestHarness.RocketZCU104NoDDRConfig.top.mems.v:136]
INFO: [Synth 8-6155] done synthesizing module 'rockettile_icache_data_arrays_0_0' (98#1) [/home/user007/project/chipyard/fpga/generated-src/chipyard.fpga.zcu104.ZCU104FPGATestHarness.RocketZCU104NoDDRConfig/gen-collateral/rockettile_icache_data_arrays_0_0.sv:2]
INFO: [Synth 8-6157] synthesizing module 'rockettile_icache_data_arrays_1_0' [/home/user007/project/chipyard/fpga/generated-src/chipyard.fpga.zcu104.ZCU104FPGATestHarness.RocketZCU104NoDDRConfig/gen-collateral/rockettile_icache_data_arrays_1_0.sv:2]
INFO: [Synth 8-6155] done synthesizing module 'rockettile_icache_data_arrays_1_0' (99#1) [/home/user007/project/chipyard/fpga/generated-src/chipyard.fpga.zcu104.ZCU104FPGATestHarness.RocketZCU104NoDDRConfig/gen-collateral/rockettile_icache_data_arrays_1_0.sv:2]
INFO: [Synth 8-6155] done synthesizing module 'ICache' (100#1) [/home/user007/project/chipyard/fpga/generated-src/chipyard.fpga.zcu104.ZCU104FPGATestHarness.RocketZCU104NoDDRConfig/gen-collateral/ICache.sv:46]
INFO: [Synth 8-6157] synthesizing module 'ShiftQueue' [/home/user007/project/chipyard/fpga/generated-src/chipyard.fpga.zcu104.ZCU104FPGATestHarness.RocketZCU104NoDDRConfig/gen-collateral/ShiftQueue.sv:46]
INFO: [Synth 8-6155] done synthesizing module 'ShiftQueue' (101#1) [/home/user007/project/chipyard/fpga/generated-src/chipyard.fpga.zcu104.ZCU104FPGATestHarness.RocketZCU104NoDDRConfig/gen-collateral/ShiftQueue.sv:46]
INFO: [Synth 8-6157] synthesizing module 'ITLB' [/home/user007/project/chipyard/fpga/generated-src/chipyard.fpga.zcu104.ZCU104FPGATestHarness.RocketZCU104NoDDRConfig/gen-collateral/ITLB.sv:2]
WARNING: [Synth 8-4446] all outputs are unconnected for this instance and logic may be removed [/home/user007/project/chipyard/fpga/generated-src/chipyard.fpga.zcu104.ZCU104FPGATestHarness.RocketZCU104NoDDRConfig/gen-collateral/ITLB.sv:144]
WARNING: [Synth 8-4446] all outputs are unconnected for this instance and logic may be removed [/home/user007/project/chipyard/fpga/generated-src/chipyard.fpga.zcu104.ZCU104FPGATestHarness.RocketZCU104NoDDRConfig/gen-collateral/ITLB.sv:178]
WARNING: [Synth 8-4446] all outputs are unconnected for this instance and logic may be removed [/home/user007/project/chipyard/fpga/generated-src/chipyard.fpga.zcu104.ZCU104FPGATestHarness.RocketZCU104NoDDRConfig/gen-collateral/ITLB.sv:212]
WARNING: [Synth 8-4446] all outputs are unconnected for this instance and logic may be removed [/home/user007/project/chipyard/fpga/generated-src/chipyard.fpga.zcu104.ZCU104FPGATestHarness.RocketZCU104NoDDRConfig/gen-collateral/ITLB.sv:246]
WARNING: [Synth 8-4446] all outputs are unconnected for this instance and logic may be removed [/home/user007/project/chipyard/fpga/generated-src/chipyard.fpga.zcu104.ZCU104FPGATestHarness.RocketZCU104NoDDRConfig/gen-collateral/ITLB.sv:280]
WARNING: [Synth 8-4446] all outputs are unconnected for this instance and logic may be removed [/home/user007/project/chipyard/fpga/generated-src/chipyard.fpga.zcu104.ZCU104FPGATestHarness.RocketZCU104NoDDRConfig/gen-collateral/ITLB.sv:314]
INFO: [Synth 8-6155] done synthesizing module 'ITLB' (102#1) [/home/user007/project/chipyard/fpga/generated-src/chipyard.fpga.zcu104.ZCU104FPGATestHarness.RocketZCU104NoDDRConfig/gen-collateral/ITLB.sv:2]
INFO: [Synth 8-6155] done synthesizing module 'Frontend' (103#1) [/home/user007/project/chipyard/fpga/generated-src/chipyard.fpga.zcu104.ZCU104FPGATestHarness.RocketZCU104NoDDRConfig/gen-collateral/Frontend.sv:64]
INFO: [Synth 8-6157] synthesizing module 'ScratchpadSlavePort' [/home/user007/project/chipyard/fpga/generated-src/chipyard.fpga.zcu104.ZCU104FPGATestHarness.RocketZCU104NoDDRConfig/gen-collateral/ScratchpadSlavePort.sv:46]
INFO: [Synth 8-6155] done synthesizing module 'ScratchpadSlavePort' (104#1) [/home/user007/project/chipyard/fpga/generated-src/chipyard.fpga.zcu104.ZCU104FPGATestHarness.RocketZCU104NoDDRConfig/gen-collateral/ScratchpadSlavePort.sv:46]
INFO: [Synth 8-6157] synthesizing module 'TLFragmenter_2' [/home/user007/project/chipyard/fpga/generated-src/chipyard.fpga.zcu104.ZCU104FPGATestHarness.RocketZCU104NoDDRConfig/gen-collateral/TLFragmenter_2.sv:64]
INFO: [Synth 8-6157] synthesizing module 'Repeater_TLBundleA_a32d32s3k1z3u' [/home/user007/project/chipyard/fpga/generated-src/chipyard.fpga.zcu104.ZCU104FPGATestHarness.RocketZCU104NoDDRConfig/gen-collateral/Repeater_TLBundleA_a32d32s3k1z3u.sv:46]
INFO: [Synth 8-6155] done synthesizing module 'Repeater_TLBundleA_a32d32s3k1z3u' (105#1) [/home/user007/project/chipyard/fpga/generated-src/chipyard.fpga.zcu104.ZCU104FPGATestHarness.RocketZCU104NoDDRConfig/gen-collateral/Repeater_TLBundleA_a32d32s3k1z3u.sv:46]
INFO: [Synth 8-6155] done synthesizing module 'TLFragmenter_2' (106#1) [/home/user007/project/chipyard/fpga/generated-src/chipyard.fpga.zcu104.ZCU104FPGATestHarness.RocketZCU104NoDDRConfig/gen-collateral/TLFragmenter_2.sv:64]
INFO: [Synth 8-6157] synthesizing module 'HellaCacheArbiter' [/home/user007/project/chipyard/fpga/generated-src/chipyard.fpga.zcu104.ZCU104FPGATestHarness.RocketZCU104NoDDRConfig/gen-collateral/HellaCacheArbiter.sv:46]
INFO: [Synth 8-6155] done synthesizing module 'HellaCacheArbiter' (107#1) [/home/user007/project/chipyard/fpga/generated-src/chipyard.fpga.zcu104.ZCU104FPGATestHarness.RocketZCU104NoDDRConfig/gen-collateral/HellaCacheArbiter.sv:46]
INFO: [Synth 8-6157] synthesizing module 'PTW' [/home/user007/project/chipyard/fpga/generated-src/chipyard.fpga.zcu104.ZCU104FPGATestHarness.RocketZCU104NoDDRConfig/gen-collateral/PTW.sv:20]
WARNING: [Synth 8-4446] all outputs are unconnected for this instance and logic may be removed [/home/user007/project/chipyard/fpga/generated-src/chipyard.fpga.zcu104.ZCU104FPGATestHarness.RocketZCU104NoDDRConfig/gen-collateral/PTW.sv:201]
INFO: [Synth 8-6157] synthesizing module 'Arbiter2_Valid_PTWReq' [/home/user007/project/chipyard/fpga/generated-src/chipyard.fpga.zcu104.ZCU104FPGATestHarness.RocketZCU104NoDDRConfig/gen-collateral/Arbiter2_Valid_PTWReq.sv:2]
INFO: [Synth 8-6155] done synthesizing module 'Arbiter2_Valid_PTWReq' (108#1) [/home/user007/project/chipyard/fpga/generated-src/chipyard.fpga.zcu104.ZCU104FPGATestHarness.RocketZCU104NoDDRConfig/gen-collateral/Arbiter2_Valid_PTWReq.sv:2]
INFO: [Synth 8-6155] done synthesizing module 'PTW' (109#1) [/home/user007/project/chipyard/fpga/generated-src/chipyard.fpga.zcu104.ZCU104FPGATestHarness.RocketZCU104NoDDRConfig/gen-collateral/PTW.sv:20]
INFO: [Synth 8-6157] synthesizing module 'Rocket' [/home/user007/project/chipyard/fpga/generated-src/chipyard.fpga.zcu104.ZCU104FPGATestHarness.RocketZCU104NoDDRConfig/gen-collateral/Rocket.sv:86]
INFO: [Synth 8-6157] synthesizing module 'IBuf' [/home/user007/project/chipyard/fpga/generated-src/chipyard.fpga.zcu104.ZCU104FPGATestHarness.RocketZCU104NoDDRConfig/gen-collateral/IBuf.sv:64]
INFO: [Synth 8-6157] synthesizing module 'RVCExpander' [/home/user007/project/chipyard/fpga/generated-src/chipyard.fpga.zcu104.ZCU104FPGATestHarness.RocketZCU104NoDDRConfig/gen-collateral/RVCExpander.sv:2]
INFO: [Synth 8-6155] done synthesizing module 'RVCExpander' (110#1) [/home/user007/project/chipyard/fpga/generated-src/chipyard.fpga.zcu104.ZCU104FPGATestHarness.RocketZCU104NoDDRConfig/gen-collateral/RVCExpander.sv:2]
INFO: [Synth 8-6155] done synthesizing module 'IBuf' (111#1) [/home/user007/project/chipyard/fpga/generated-src/chipyard.fpga.zcu104.ZCU104FPGATestHarness.RocketZCU104NoDDRConfig/gen-collateral/IBuf.sv:64]
INFO: [Synth 8-6157] synthesizing module 'rf_31x32' [/home/user007/project/chipyard/fpga/generated-src/chipyard.fpga.zcu104.ZCU104FPGATestHarness.RocketZCU104NoDDRConfig/gen-collateral/rf_31x32.sv:3]
INFO: [Synth 8-6155] done synthesizing module 'rf_31x32' (112#1) [/home/user007/project/chipyard/fpga/generated-src/chipyard.fpga.zcu104.ZCU104FPGATestHarness.RocketZCU104NoDDRConfig/gen-collateral/rf_31x32.sv:3]
INFO: [Synth 8-6157] synthesizing module 'CSRFile' [/home/user007/project/chipyard/fpga/generated-src/chipyard.fpga.zcu104.ZCU104FPGATestHarness.RocketZCU104NoDDRConfig/gen-collateral/CSRFile.sv:64]
WARNING: [Synth 8-6014] Unused sequential element reg_mstatus_mpv_reg was removed.  [/home/user007/project/chipyard/fpga/generated-src/chipyard.fpga.zcu104.ZCU104FPGATestHarness.RocketZCU104NoDDRConfig/gen-collateral/CSRFile.sv:391]
WARNING: [Synth 8-6014] Unused sequential element reg_mstatus_gva_reg was removed.  [/home/user007/project/chipyard/fpga/generated-src/chipyard.fpga.zcu104.ZCU104FPGATestHarness.RocketZCU104NoDDRConfig/gen-collateral/CSRFile.sv:392]
INFO: [Synth 8-6155] done synthesizing module 'CSRFile' (113#1) [/home/user007/project/chipyard/fpga/generated-src/chipyard.fpga.zcu104.ZCU104FPGATestHarness.RocketZCU104NoDDRConfig/gen-collateral/CSRFile.sv:64]
INFO: [Synth 8-6157] synthesizing module 'BreakpointUnit' [/home/user007/project/chipyard/fpga/generated-src/chipyard.fpga.zcu104.ZCU104FPGATestHarness.RocketZCU104NoDDRConfig/gen-collateral/BreakpointUnit.sv:2]
INFO: [Synth 8-6155] done synthesizing module 'BreakpointUnit' (114#1) [/home/user007/project/chipyard/fpga/generated-src/chipyard.fpga.zcu104.ZCU104FPGATestHarness.RocketZCU104NoDDRConfig/gen-collateral/BreakpointUnit.sv:2]
INFO: [Synth 8-6157] synthesizing module 'RocketALU' [/home/user007/project/chipyard/fpga/generated-src/chipyard.fpga.zcu104.ZCU104FPGATestHarness.RocketZCU104NoDDRConfig/gen-collateral/RocketALU.sv:2]
INFO: [Synth 8-6155] done synthesizing module 'RocketALU' (115#1) [/home/user007/project/chipyard/fpga/generated-src/chipyard.fpga.zcu104.ZCU104FPGATestHarness.RocketZCU104NoDDRConfig/gen-collateral/RocketALU.sv:2]
INFO: [Synth 8-6157] synthesizing module 'MulDiv' [/home/user007/project/chipyard/fpga/generated-src/chipyard.fpga.zcu104.ZCU104FPGATestHarness.RocketZCU104NoDDRConfig/gen-collateral/MulDiv.sv:46]
INFO: [Synth 8-6155] done synthesizing module 'MulDiv' (116#1) [/home/user007/project/chipyard/fpga/generated-src/chipyard.fpga.zcu104.ZCU104FPGATestHarness.RocketZCU104NoDDRConfig/gen-collateral/MulDiv.sv:46]
INFO: [Synth 8-6157] synthesizing module 'Arbiter3_LLWB' [/home/user007/project/chipyard/fpga/generated-src/chipyard.fpga.zcu104.ZCU104FPGATestHarness.RocketZCU104NoDDRConfig/gen-collateral/Arbiter3_LLWB.sv:2]
INFO: [Synth 8-6155] done synthesizing module 'Arbiter3_LLWB' (117#1) [/home/user007/project/chipyard/fpga/generated-src/chipyard.fpga.zcu104.ZCU104FPGATestHarness.RocketZCU104NoDDRConfig/gen-collateral/Arbiter3_LLWB.sv:2]
WARNING: [Synth 8-4446] all outputs are unconnected for this instance and logic may be removed [/home/user007/project/chipyard/fpga/generated-src/chipyard.fpga.zcu104.ZCU104FPGATestHarness.RocketZCU104NoDDRConfig/gen-collateral/Rocket.sv:1072]
INFO: [Synth 8-6157] synthesizing module 'PlusArgTimeout' [/home/user007/project/chipyard/fpga/generated-src/chipyard.fpga.zcu104.ZCU104FPGATestHarness.RocketZCU104NoDDRConfig/gen-collateral/PlusArgTimeout.sv:20]
INFO: [Synth 8-6157] synthesizing module 'plusarg_reader' [/home/user007/project/chipyard/fpga/generated-src/chipyard.fpga.zcu104.ZCU104FPGATestHarness.RocketZCU104NoDDRConfig/gen-collateral/plusarg_reader.v:7]
	Parameter FORMAT bound to: max_core_cycles=%d - type: string 
	Parameter WIDTH bound to: 32 - type: integer 
	Parameter DEFAULT bound to: 32'b00000000000000000000000000000000 
INFO: [Synth 8-6155] done synthesizing module 'plusarg_reader' (118#1) [/home/user007/project/chipyard/fpga/generated-src/chipyard.fpga.zcu104.ZCU104FPGATestHarness.RocketZCU104NoDDRConfig/gen-collateral/plusarg_reader.v:7]
INFO: [Synth 8-6155] done synthesizing module 'PlusArgTimeout' (119#1) [/home/user007/project/chipyard/fpga/generated-src/chipyard.fpga.zcu104.ZCU104FPGATestHarness.RocketZCU104NoDDRConfig/gen-collateral/PlusArgTimeout.sv:20]
WARNING: [Synth 8-6014] Unused sequential element ex_ctrl_rxs1_reg was removed.  [/home/user007/project/chipyard/fpga/generated-src/chipyard.fpga.zcu104.ZCU104FPGATestHarness.RocketZCU104NoDDRConfig/gen-collateral/Rocket.sv:612]
WARNING: [Synth 8-6014] Unused sequential element ex_ctrl_rfs1_reg was removed.  [/home/user007/project/chipyard/fpga/generated-src/chipyard.fpga.zcu104.ZCU104FPGATestHarness.RocketZCU104NoDDRConfig/gen-collateral/Rocket.sv:636]
WARNING: [Synth 8-6014] Unused sequential element ex_ctrl_rfs2_reg was removed.  [/home/user007/project/chipyard/fpga/generated-src/chipyard.fpga.zcu104.ZCU104FPGATestHarness.RocketZCU104NoDDRConfig/gen-collateral/Rocket.sv:637]
WARNING: [Synth 8-6014] Unused sequential element ex_ctrl_wfd_reg was removed.  [/home/user007/project/chipyard/fpga/generated-src/chipyard.fpga.zcu104.ZCU104FPGATestHarness.RocketZCU104NoDDRConfig/gen-collateral/Rocket.sv:638]
WARNING: [Synth 8-6014] Unused sequential element mem_ctrl_rxs2_reg was removed.  [/home/user007/project/chipyard/fpga/generated-src/chipyard.fpga.zcu104.ZCU104FPGATestHarness.RocketZCU104NoDDRConfig/gen-collateral/Rocket.sv:648]
WARNING: [Synth 8-6014] Unused sequential element mem_ctrl_rxs1_reg was removed.  [/home/user007/project/chipyard/fpga/generated-src/chipyard.fpga.zcu104.ZCU104FPGATestHarness.RocketZCU104NoDDRConfig/gen-collateral/Rocket.sv:649]
WARNING: [Synth 8-6014] Unused sequential element mem_ctrl_rfs1_reg was removed.  [/home/user007/project/chipyard/fpga/generated-src/chipyard.fpga.zcu104.ZCU104FPGATestHarness.RocketZCU104NoDDRConfig/gen-collateral/Rocket.sv:651]
WARNING: [Synth 8-6014] Unused sequential element mem_ctrl_rfs2_reg was removed.  [/home/user007/project/chipyard/fpga/generated-src/chipyard.fpga.zcu104.ZCU104FPGATestHarness.RocketZCU104NoDDRConfig/gen-collateral/Rocket.sv:652]
WARNING: [Synth 8-6014] Unused sequential element mem_ctrl_wfd_reg was removed.  [/home/user007/project/chipyard/fpga/generated-src/chipyard.fpga.zcu104.ZCU104FPGATestHarness.RocketZCU104NoDDRConfig/gen-collateral/Rocket.sv:653]
WARNING: [Synth 8-6014] Unused sequential element wb_ctrl_rxs2_reg was removed.  [/home/user007/project/chipyard/fpga/generated-src/chipyard.fpga.zcu104.ZCU104FPGATestHarness.RocketZCU104NoDDRConfig/gen-collateral/Rocket.sv:663]
WARNING: [Synth 8-6014] Unused sequential element wb_ctrl_rxs1_reg was removed.  [/home/user007/project/chipyard/fpga/generated-src/chipyard.fpga.zcu104.ZCU104FPGATestHarness.RocketZCU104NoDDRConfig/gen-collateral/Rocket.sv:664]
WARNING: [Synth 8-6014] Unused sequential element wb_ctrl_rfs1_reg was removed.  [/home/user007/project/chipyard/fpga/generated-src/chipyard.fpga.zcu104.ZCU104FPGATestHarness.RocketZCU104NoDDRConfig/gen-collateral/Rocket.sv:666]
WARNING: [Synth 8-6014] Unused sequential element wb_ctrl_rfs2_reg was removed.  [/home/user007/project/chipyard/fpga/generated-src/chipyard.fpga.zcu104.ZCU104FPGATestHarness.RocketZCU104NoDDRConfig/gen-collateral/Rocket.sv:667]
WARNING: [Synth 8-6014] Unused sequential element wb_ctrl_wfd_reg was removed.  [/home/user007/project/chipyard/fpga/generated-src/chipyard.fpga.zcu104.ZCU104FPGATestHarness.RocketZCU104NoDDRConfig/gen-collateral/Rocket.sv:668]
WARNING: [Synth 8-6014] Unused sequential element rocc_blocked_reg was removed.  [/home/user007/project/chipyard/fpga/generated-src/chipyard.fpga.zcu104.ZCU104FPGATestHarness.RocketZCU104NoDDRConfig/gen-collateral/Rocket.sv:729]
WARNING: [Synth 8-6014] Unused sequential element coreMonitorBundle_rd0val_REG_reg was removed.  [/home/user007/project/chipyard/fpga/generated-src/chipyard.fpga.zcu104.ZCU104FPGATestHarness.RocketZCU104NoDDRConfig/gen-collateral/Rocket.sv:730]
WARNING: [Synth 8-6014] Unused sequential element coreMonitorBundle_rd0val_REG_1_reg was removed.  [/home/user007/project/chipyard/fpga/generated-src/chipyard.fpga.zcu104.ZCU104FPGATestHarness.RocketZCU104NoDDRConfig/gen-collateral/Rocket.sv:731]
WARNING: [Synth 8-6014] Unused sequential element coreMonitorBundle_rd1val_REG_reg was removed.  [/home/user007/project/chipyard/fpga/generated-src/chipyard.fpga.zcu104.ZCU104FPGATestHarness.RocketZCU104NoDDRConfig/gen-collateral/Rocket.sv:732]
WARNING: [Synth 8-6014] Unused sequential element coreMonitorBundle_rd1val_REG_1_reg was removed.  [/home/user007/project/chipyard/fpga/generated-src/chipyard.fpga.zcu104.ZCU104FPGATestHarness.RocketZCU104NoDDRConfig/gen-collateral/Rocket.sv:733]
INFO: [Synth 8-6155] done synthesizing module 'Rocket' (120#1) [/home/user007/project/chipyard/fpga/generated-src/chipyard.fpga.zcu104.ZCU104FPGATestHarness.RocketZCU104NoDDRConfig/gen-collateral/Rocket.sv:86]
INFO: [Synth 8-6155] done synthesizing module 'RocketTile' (121#1) [/home/user007/project/chipyard/fpga/generated-src/chipyard.fpga.zcu104.ZCU104FPGATestHarness.RocketZCU104NoDDRConfig/gen-collateral/RocketTile.sv:46]
INFO: [Synth 8-6157] synthesizing module 'TLBuffer_a32d32s3k1z3u_1' [/home/user007/project/chipyard/fpga/generated-src/chipyard.fpga.zcu104.ZCU104FPGATestHarness.RocketZCU104NoDDRConfig/gen-collateral/TLBuffer_a32d32s3k1z3u_1.sv:2]
INFO: [Synth 8-6157] synthesizing module 'Queue2_TLBundleA_a32d32s3k1z3u' [/home/user007/project/chipyard/fpga/generated-src/chipyard.fpga.zcu104.ZCU104FPGATestHarness.RocketZCU104NoDDRConfig/gen-collateral/Queue2_TLBundleA_a32d32s3k1z3u.sv:59]
INFO: [Synth 8-6157] synthesizing module 'ram_2x80' [/home/user007/project/chipyard/fpga/generated-src/chipyard.fpga.zcu104.ZCU104FPGATestHarness.RocketZCU104NoDDRConfig/gen-collateral/ram_2x80.sv:3]
INFO: [Synth 8-6155] done synthesizing module 'ram_2x80' (122#1) [/home/user007/project/chipyard/fpga/generated-src/chipyard.fpga.zcu104.ZCU104FPGATestHarness.RocketZCU104NoDDRConfig/gen-collateral/ram_2x80.sv:3]
INFO: [Synth 8-6155] done synthesizing module 'Queue2_TLBundleA_a32d32s3k1z3u' (123#1) [/home/user007/project/chipyard/fpga/generated-src/chipyard.fpga.zcu104.ZCU104FPGATestHarness.RocketZCU104NoDDRConfig/gen-collateral/Queue2_TLBundleA_a32d32s3k1z3u.sv:59]
INFO: [Synth 8-6157] synthesizing module 'Queue2_TLBundleD_a32d32s3k1z3u' [/home/user007/project/chipyard/fpga/generated-src/chipyard.fpga.zcu104.ZCU104FPGATestHarness.RocketZCU104NoDDRConfig/gen-collateral/Queue2_TLBundleD_a32d32s3k1z3u.sv:59]
INFO: [Synth 8-6157] synthesizing module 'ram_2x46' [/home/user007/project/chipyard/fpga/generated-src/chipyard.fpga.zcu104.ZCU104FPGATestHarness.RocketZCU104NoDDRConfig/gen-collateral/ram_2x46.sv:3]
INFO: [Synth 8-6155] done synthesizing module 'ram_2x46' (124#1) [/home/user007/project/chipyard/fpga/generated-src/chipyard.fpga.zcu104.ZCU104FPGATestHarness.RocketZCU104NoDDRConfig/gen-collateral/ram_2x46.sv:3]
INFO: [Synth 8-6155] done synthesizing module 'Queue2_TLBundleD_a32d32s3k1z3u' (125#1) [/home/user007/project/chipyard/fpga/generated-src/chipyard.fpga.zcu104.ZCU104FPGATestHarness.RocketZCU104NoDDRConfig/gen-collateral/Queue2_TLBundleD_a32d32s3k1z3u.sv:59]
INFO: [Synth 8-6155] done synthesizing module 'TLBuffer_a32d32s3k1z3u_1' (126#1) [/home/user007/project/chipyard/fpga/generated-src/chipyard.fpga.zcu104.ZCU104FPGATestHarness.RocketZCU104NoDDRConfig/gen-collateral/TLBuffer_a32d32s3k1z3u_1.sv:2]
INFO: [Synth 8-6157] synthesizing module 'IntSyncAsyncCrossingSink_n1x1' [/home/user007/project/chipyard/fpga/generated-src/chipyard.fpga.zcu104.ZCU104FPGATestHarness.RocketZCU104NoDDRConfig/gen-collateral/IntSyncAsyncCrossingSink_n1x1.sv:2]
INFO: [Synth 8-6157] synthesizing module 'SynchronizerShiftReg_w1_d3' [/home/user007/project/chipyard/fpga/generated-src/chipyard.fpga.zcu104.ZCU104FPGATestHarness.RocketZCU104NoDDRConfig/gen-collateral/SynchronizerShiftReg_w1_d3.sv:2]
INFO: [Synth 8-6157] synthesizing module 'NonSyncResetSynchronizerPrimitiveShiftReg_d3' [/home/user007/project/chipyard/fpga/generated-src/chipyard.fpga.zcu104.ZCU104FPGATestHarness.RocketZCU104NoDDRConfig/gen-collateral/NonSyncResetSynchronizerPrimitiveShiftReg_d3.sv:46]
INFO: [Synth 8-6155] done synthesizing module 'NonSyncResetSynchronizerPrimitiveShiftReg_d3' (127#1) [/home/user007/project/chipyard/fpga/generated-src/chipyard.fpga.zcu104.ZCU104FPGATestHarness.RocketZCU104NoDDRConfig/gen-collateral/NonSyncResetSynchronizerPrimitiveShiftReg_d3.sv:46]
INFO: [Synth 8-6155] done synthesizing module 'SynchronizerShiftReg_w1_d3' (128#1) [/home/user007/project/chipyard/fpga/generated-src/chipyard.fpga.zcu104.ZCU104FPGATestHarness.RocketZCU104NoDDRConfig/gen-collateral/SynchronizerShiftReg_w1_d3.sv:2]
INFO: [Synth 8-6155] done synthesizing module 'IntSyncAsyncCrossingSink_n1x1' (129#1) [/home/user007/project/chipyard/fpga/generated-src/chipyard.fpga.zcu104.ZCU104FPGATestHarness.RocketZCU104NoDDRConfig/gen-collateral/IntSyncAsyncCrossingSink_n1x1.sv:2]
INFO: [Synth 8-6157] synthesizing module 'IntSyncSyncCrossingSink_n1x2' [/home/user007/project/chipyard/fpga/generated-src/chipyard.fpga.zcu104.ZCU104FPGATestHarness.RocketZCU104NoDDRConfig/gen-collateral/IntSyncSyncCrossingSink_n1x2.sv:2]
INFO: [Synth 8-6155] done synthesizing module 'IntSyncSyncCrossingSink_n1x2' (130#1) [/home/user007/project/chipyard/fpga/generated-src/chipyard.fpga.zcu104.ZCU104FPGATestHarness.RocketZCU104NoDDRConfig/gen-collateral/IntSyncSyncCrossingSink_n1x2.sv:2]
INFO: [Synth 8-6157] synthesizing module 'IntSyncSyncCrossingSink_n1x1' [/home/user007/project/chipyard/fpga/generated-src/chipyard.fpga.zcu104.ZCU104FPGATestHarness.RocketZCU104NoDDRConfig/gen-collateral/IntSyncSyncCrossingSink_n1x1.sv:2]
INFO: [Synth 8-6155] done synthesizing module 'IntSyncSyncCrossingSink_n1x1' (131#1) [/home/user007/project/chipyard/fpga/generated-src/chipyard.fpga.zcu104.ZCU104FPGATestHarness.RocketZCU104NoDDRConfig/gen-collateral/IntSyncSyncCrossingSink_n1x1.sv:2]
WARNING: [Synth 8-4446] all outputs are unconnected for this instance and logic may be removed [/home/user007/project/chipyard/fpga/generated-src/chipyard.fpga.zcu104.ZCU104FPGATestHarness.RocketZCU104NoDDRConfig/gen-collateral/TilePRCIDomain.sv:228]
INFO: [Synth 8-6157] synthesizing module 'IntSyncCrossingSource_n1x1' [/home/user007/project/chipyard/fpga/generated-src/chipyard.fpga.zcu104.ZCU104FPGATestHarness.RocketZCU104NoDDRConfig/gen-collateral/IntSyncCrossingSource_n1x1.sv:2]
INFO: [Synth 8-6157] synthesizing module 'AsyncResetRegVec_w1_i0' [/home/user007/project/chipyard/fpga/generated-src/chipyard.fpga.zcu104.ZCU104FPGATestHarness.RocketZCU104NoDDRConfig/gen-collateral/AsyncResetRegVec_w1_i0.sv:46]
INFO: [Synth 8-6155] done synthesizing module 'AsyncResetRegVec_w1_i0' (132#1) [/home/user007/project/chipyard/fpga/generated-src/chipyard.fpga.zcu104.ZCU104FPGATestHarness.RocketZCU104NoDDRConfig/gen-collateral/AsyncResetRegVec_w1_i0.sv:46]
INFO: [Synth 8-6155] done synthesizing module 'IntSyncCrossingSource_n1x1' (133#1) [/home/user007/project/chipyard/fpga/generated-src/chipyard.fpga.zcu104.ZCU104FPGATestHarness.RocketZCU104NoDDRConfig/gen-collateral/IntSyncCrossingSource_n1x1.sv:2]
WARNING: [Synth 8-4446] all outputs are unconnected for this instance and logic may be removed [/home/user007/project/chipyard/fpga/generated-src/chipyard.fpga.zcu104.ZCU104FPGATestHarness.RocketZCU104NoDDRConfig/gen-collateral/TilePRCIDomain.sv:234]
WARNING: [Synth 8-4446] all outputs are unconnected for this instance and logic may be removed [/home/user007/project/chipyard/fpga/generated-src/chipyard.fpga.zcu104.ZCU104FPGATestHarness.RocketZCU104NoDDRConfig/gen-collateral/TilePRCIDomain.sv:240]
INFO: [Synth 8-6155] done synthesizing module 'TilePRCIDomain' (134#1) [/home/user007/project/chipyard/fpga/generated-src/chipyard.fpga.zcu104.ZCU104FPGATestHarness.RocketZCU104NoDDRConfig/gen-collateral/TilePRCIDomain.sv:2]
INFO: [Synth 8-6157] synthesizing module 'BundleBridgeNexus_UInt1_2' [/home/user007/project/chipyard/fpga/generated-src/chipyard.fpga.zcu104.ZCU104FPGATestHarness.RocketZCU104NoDDRConfig/gen-collateral/BundleBridgeNexus_UInt1_2.sv:2]
INFO: [Synth 8-6155] done synthesizing module 'BundleBridgeNexus_UInt1_2' (135#1) [/home/user007/project/chipyard/fpga/generated-src/chipyard.fpga.zcu104.ZCU104FPGATestHarness.RocketZCU104NoDDRConfig/gen-collateral/BundleBridgeNexus_UInt1_2.sv:2]
INFO: [Synth 8-6157] synthesizing module 'CLINTClockSinkDomain' [/home/user007/project/chipyard/fpga/generated-src/chipyard.fpga.zcu104.ZCU104FPGATestHarness.RocketZCU104NoDDRConfig/gen-collateral/CLINTClockSinkDomain.sv:2]
INFO: [Synth 8-6157] synthesizing module 'CLINT' [/home/user007/project/chipyard/fpga/generated-src/chipyard.fpga.zcu104.ZCU104FPGATestHarness.RocketZCU104NoDDRConfig/gen-collateral/CLINT.sv:46]
INFO: [Synth 8-6155] done synthesizing module 'CLINT' (136#1) [/home/user007/project/chipyard/fpga/generated-src/chipyard.fpga.zcu104.ZCU104FPGATestHarness.RocketZCU104NoDDRConfig/gen-collateral/CLINT.sv:46]
INFO: [Synth 8-6157] synthesizing module 'IntSyncCrossingSource_n1x2' [/home/user007/project/chipyard/fpga/generated-src/chipyard.fpga.zcu104.ZCU104FPGATestHarness.RocketZCU104NoDDRConfig/gen-collateral/IntSyncCrossingSource_n1x2.sv:2]
INFO: [Synth 8-6157] synthesizing module 'AsyncResetRegVec_w2_i0' [/home/user007/project/chipyard/fpga/generated-src/chipyard.fpga.zcu104.ZCU104FPGATestHarness.RocketZCU104NoDDRConfig/gen-collateral/AsyncResetRegVec_w2_i0.sv:46]
INFO: [Synth 8-6155] done synthesizing module 'AsyncResetRegVec_w2_i0' (137#1) [/home/user007/project/chipyard/fpga/generated-src/chipyard.fpga.zcu104.ZCU104FPGATestHarness.RocketZCU104NoDDRConfig/gen-collateral/AsyncResetRegVec_w2_i0.sv:46]
INFO: [Synth 8-6155] done synthesizing module 'IntSyncCrossingSource_n1x2' (138#1) [/home/user007/project/chipyard/fpga/generated-src/chipyard.fpga.zcu104.ZCU104FPGATestHarness.RocketZCU104NoDDRConfig/gen-collateral/IntSyncCrossingSource_n1x2.sv:2]
INFO: [Synth 8-6155] done synthesizing module 'CLINTClockSinkDomain' (139#1) [/home/user007/project/chipyard/fpga/generated-src/chipyard.fpga.zcu104.ZCU104FPGATestHarness.RocketZCU104NoDDRConfig/gen-collateral/CLINTClockSinkDomain.sv:2]
INFO: [Synth 8-6157] synthesizing module 'PLICClockSinkDomain' [/home/user007/project/chipyard/fpga/generated-src/chipyard.fpga.zcu104.ZCU104FPGATestHarness.RocketZCU104NoDDRConfig/gen-collateral/PLICClockSinkDomain.sv:2]
INFO: [Synth 8-6157] synthesizing module 'TLPLIC' [/home/user007/project/chipyard/fpga/generated-src/chipyard.fpga.zcu104.ZCU104FPGATestHarness.RocketZCU104NoDDRConfig/gen-collateral/TLPLIC.sv:64]
INFO: [Synth 8-6157] synthesizing module 'LevelGateway' [/home/user007/project/chipyard/fpga/generated-src/chipyard.fpga.zcu104.ZCU104FPGATestHarness.RocketZCU104NoDDRConfig/gen-collateral/LevelGateway.sv:46]
INFO: [Synth 8-6155] done synthesizing module 'LevelGateway' (140#1) [/home/user007/project/chipyard/fpga/generated-src/chipyard.fpga.zcu104.ZCU104FPGATestHarness.RocketZCU104NoDDRConfig/gen-collateral/LevelGateway.sv:46]
INFO: [Synth 8-6157] synthesizing module 'PLICFanIn' [/home/user007/project/chipyard/fpga/generated-src/chipyard.fpga.zcu104.ZCU104FPGATestHarness.RocketZCU104NoDDRConfig/gen-collateral/PLICFanIn.sv:2]
INFO: [Synth 8-6155] done synthesizing module 'PLICFanIn' (141#1) [/home/user007/project/chipyard/fpga/generated-src/chipyard.fpga.zcu104.ZCU104FPGATestHarness.RocketZCU104NoDDRConfig/gen-collateral/PLICFanIn.sv:2]
INFO: [Synth 8-6157] synthesizing module 'Queue1_RegMapperInput_i23_m8' [/home/user007/project/chipyard/fpga/generated-src/chipyard.fpga.zcu104.ZCU104FPGATestHarness.RocketZCU104NoDDRConfig/gen-collateral/Queue1_RegMapperInput_i23_m8.sv:46]
INFO: [Synth 8-6155] done synthesizing module 'Queue1_RegMapperInput_i23_m8' (142#1) [/home/user007/project/chipyard/fpga/generated-src/chipyard.fpga.zcu104.ZCU104FPGATestHarness.RocketZCU104NoDDRConfig/gen-collateral/Queue1_RegMapperInput_i23_m8.sv:46]
INFO: [Synth 8-6155] done synthesizing module 'TLPLIC' (143#1) [/home/user007/project/chipyard/fpga/generated-src/chipyard.fpga.zcu104.ZCU104FPGATestHarness.RocketZCU104NoDDRConfig/gen-collateral/TLPLIC.sv:64]
INFO: [Synth 8-6155] done synthesizing module 'PLICClockSinkDomain' (144#1) [/home/user007/project/chipyard/fpga/generated-src/chipyard.fpga.zcu104.ZCU104FPGATestHarness.RocketZCU104NoDDRConfig/gen-collateral/PLICClockSinkDomain.sv:2]
INFO: [Synth 8-6157] synthesizing module 'TLDebugModule' [/home/user007/project/chipyard/fpga/generated-src/chipyard.fpga.zcu104.ZCU104FPGATestHarness.RocketZCU104NoDDRConfig/gen-collateral/TLDebugModule.sv:2]
INFO: [Synth 8-6157] synthesizing module 'TLDebugModuleOuterAsync' [/home/user007/project/chipyard/fpga/generated-src/chipyard.fpga.zcu104.ZCU104FPGATestHarness.RocketZCU104NoDDRConfig/gen-collateral/TLDebugModuleOuterAsync.sv:2]
INFO: [Synth 8-6157] synthesizing module 'TLXbar_dmixbar_i1_o2_a9d32s1k1z2u' [/home/user007/project/chipyard/fpga/generated-src/chipyard.fpga.zcu104.ZCU104FPGATestHarness.RocketZCU104NoDDRConfig/gen-collateral/TLXbar_dmixbar_i1_o2_a9d32s1k1z2u.sv:64]
INFO: [Synth 8-6155] done synthesizing module 'TLXbar_dmixbar_i1_o2_a9d32s1k1z2u' (145#1) [/home/user007/project/chipyard/fpga/generated-src/chipyard.fpga.zcu104.ZCU104FPGATestHarness.RocketZCU104NoDDRConfig/gen-collateral/TLXbar_dmixbar_i1_o2_a9d32s1k1z2u.sv:64]
INFO: [Synth 8-6157] synthesizing module 'DMIToTL' [/home/user007/project/chipyard/fpga/generated-src/chipyard.fpga.zcu104.ZCU104FPGATestHarness.RocketZCU104NoDDRConfig/gen-collateral/DMIToTL.sv:2]
INFO: [Synth 8-6155] done synthesizing module 'DMIToTL' (146#1) [/home/user007/project/chipyard/fpga/generated-src/chipyard.fpga.zcu104.ZCU104FPGATestHarness.RocketZCU104NoDDRConfig/gen-collateral/DMIToTL.sv:2]
INFO: [Synth 8-6157] synthesizing module 'TLDebugModuleOuter' [/home/user007/project/chipyard/fpga/generated-src/chipyard.fpga.zcu104.ZCU104FPGATestHarness.RocketZCU104NoDDRConfig/gen-collateral/TLDebugModuleOuter.sv:46]
INFO: [Synth 8-6155] done synthesizing module 'TLDebugModuleOuter' (147#1) [/home/user007/project/chipyard/fpga/generated-src/chipyard.fpga.zcu104.ZCU104FPGATestHarness.RocketZCU104NoDDRConfig/gen-collateral/TLDebugModuleOuter.sv:46]
INFO: [Synth 8-6157] synthesizing module 'IntSyncCrossingSource_n1x1_Registered' [/home/user007/project/chipyard/fpga/generated-src/chipyard.fpga.zcu104.ZCU104FPGATestHarness.RocketZCU104NoDDRConfig/gen-collateral/IntSyncCrossingSource_n1x1_Registered.sv:2]
INFO: [Synth 8-6155] done synthesizing module 'IntSyncCrossingSource_n1x1_Registered' (148#1) [/home/user007/project/chipyard/fpga/generated-src/chipyard.fpga.zcu104.ZCU104FPGATestHarness.RocketZCU104NoDDRConfig/gen-collateral/IntSyncCrossingSource_n1x1_Registered.sv:2]
INFO: [Synth 8-6157] synthesizing module 'TLBusBypass' [/home/user007/project/chipyard/fpga/generated-src/chipyard.fpga.zcu104.ZCU104FPGATestHarness.RocketZCU104NoDDRConfig/gen-collateral/TLBusBypass.sv:2]
INFO: [Synth 8-6157] synthesizing module 'TLBusBypassBar' [/home/user007/project/chipyard/fpga/generated-src/chipyard.fpga.zcu104.ZCU104FPGATestHarness.RocketZCU104NoDDRConfig/gen-collateral/TLBusBypassBar.sv:46]
INFO: [Synth 8-6155] done synthesizing module 'TLBusBypassBar' (149#1) [/home/user007/project/chipyard/fpga/generated-src/chipyard.fpga.zcu104.ZCU104FPGATestHarness.RocketZCU104NoDDRConfig/gen-collateral/TLBusBypassBar.sv:46]
INFO: [Synth 8-6157] synthesizing module 'TLError_1' [/home/user007/project/chipyard/fpga/generated-src/chipyard.fpga.zcu104.ZCU104FPGATestHarness.RocketZCU104NoDDRConfig/gen-collateral/TLError_1.sv:64]
WARNING: [Synth 8-6014] Unused sequential element r_counter_reg was removed.  [/home/user007/project/chipyard/fpga/generated-src/chipyard.fpga.zcu104.ZCU104FPGATestHarness.RocketZCU104NoDDRConfig/gen-collateral/TLError_1.sv:103]
INFO: [Synth 8-6155] done synthesizing module 'TLError_1' (150#1) [/home/user007/project/chipyard/fpga/generated-src/chipyard.fpga.zcu104.ZCU104FPGATestHarness.RocketZCU104NoDDRConfig/gen-collateral/TLError_1.sv:64]
INFO: [Synth 8-6155] done synthesizing module 'TLBusBypass' (151#1) [/home/user007/project/chipyard/fpga/generated-src/chipyard.fpga.zcu104.ZCU104FPGATestHarness.RocketZCU104NoDDRConfig/gen-collateral/TLBusBypass.sv:2]
INFO: [Synth 8-6157] synthesizing module 'TLAsyncCrossingSource_a9d32s1k1z2u' [/home/user007/project/chipyard/fpga/generated-src/chipyard.fpga.zcu104.ZCU104FPGATestHarness.RocketZCU104NoDDRConfig/gen-collateral/TLAsyncCrossingSource_a9d32s1k1z2u.sv:2]
INFO: [Synth 8-6157] synthesizing module 'AsyncQueueSource_TLBundleA_a9d32s1k1z2u' [/home/user007/project/chipyard/fpga/generated-src/chipyard.fpga.zcu104.ZCU104FPGATestHarness.RocketZCU104NoDDRConfig/gen-collateral/AsyncQueueSource_TLBundleA_a9d32s1k1z2u.sv:46]
INFO: [Synth 8-6157] synthesizing module 'AsyncResetSynchronizerShiftReg_w1_d3_i0' [/home/user007/project/chipyard/fpga/generated-src/chipyard.fpga.zcu104.ZCU104FPGATestHarness.RocketZCU104NoDDRConfig/gen-collateral/AsyncResetSynchronizerShiftReg_w1_d3_i0.sv:2]
INFO: [Synth 8-6157] synthesizing module 'AsyncResetSynchronizerPrimitiveShiftReg_d3_i0' [/home/user007/project/chipyard/fpga/generated-src/chipyard.fpga.zcu104.ZCU104FPGATestHarness.RocketZCU104NoDDRConfig/gen-collateral/AsyncResetSynchronizerPrimitiveShiftReg_d3_i0.sv:46]
INFO: [Synth 8-6155] done synthesizing module 'AsyncResetSynchronizerPrimitiveShiftReg_d3_i0' (152#1) [/home/user007/project/chipyard/fpga/generated-src/chipyard.fpga.zcu104.ZCU104FPGATestHarness.RocketZCU104NoDDRConfig/gen-collateral/AsyncResetSynchronizerPrimitiveShiftReg_d3_i0.sv:46]
INFO: [Synth 8-6155] done synthesizing module 'AsyncResetSynchronizerShiftReg_w1_d3_i0' (153#1) [/home/user007/project/chipyard/fpga/generated-src/chipyard.fpga.zcu104.ZCU104FPGATestHarness.RocketZCU104NoDDRConfig/gen-collateral/AsyncResetSynchronizerShiftReg_w1_d3_i0.sv:2]
INFO: [Synth 8-6157] synthesizing module 'AsyncValidSync' [/home/user007/project/chipyard/fpga/generated-src/chipyard.fpga.zcu104.ZCU104FPGATestHarness.RocketZCU104NoDDRConfig/gen-collateral/AsyncValidSync.sv:2]
INFO: [Synth 8-6157] synthesizing module 'AsyncResetSynchronizerShiftReg_w1_d3_i0_2' [/home/user007/project/chipyard/fpga/generated-src/chipyard.fpga.zcu104.ZCU104FPGATestHarness.RocketZCU104NoDDRConfig/gen-collateral/AsyncResetSynchronizerShiftReg_w1_d3_i0_2.sv:2]
INFO: [Synth 8-6155] done synthesizing module 'AsyncResetSynchronizerShiftReg_w1_d3_i0_2' (154#1) [/home/user007/project/chipyard/fpga/generated-src/chipyard.fpga.zcu104.ZCU104FPGATestHarness.RocketZCU104NoDDRConfig/gen-collateral/AsyncResetSynchronizerShiftReg_w1_d3_i0_2.sv:2]
INFO: [Synth 8-6155] done synthesizing module 'AsyncValidSync' (155#1) [/home/user007/project/chipyard/fpga/generated-src/chipyard.fpga.zcu104.ZCU104FPGATestHarness.RocketZCU104NoDDRConfig/gen-collateral/AsyncValidSync.sv:2]
INFO: [Synth 8-6155] done synthesizing module 'AsyncQueueSource_TLBundleA_a9d32s1k1z2u' (156#1) [/home/user007/project/chipyard/fpga/generated-src/chipyard.fpga.zcu104.ZCU104FPGATestHarness.RocketZCU104NoDDRConfig/gen-collateral/AsyncQueueSource_TLBundleA_a9d32s1k1z2u.sv:46]
INFO: [Synth 8-6157] synthesizing module 'AsyncQueueSink_TLBundleD_a9d32s1k1z2u' [/home/user007/project/chipyard/fpga/generated-src/chipyard.fpga.zcu104.ZCU104FPGATestHarness.RocketZCU104NoDDRConfig/gen-collateral/AsyncQueueSink_TLBundleD_a9d32s1k1z2u.sv:46]
INFO: [Synth 8-6157] synthesizing module 'ClockCrossingReg_w43' [/home/user007/project/chipyard/fpga/generated-src/chipyard.fpga.zcu104.ZCU104FPGATestHarness.RocketZCU104NoDDRConfig/gen-collateral/ClockCrossingReg_w43.sv:46]
INFO: [Synth 8-6155] done synthesizing module 'ClockCrossingReg_w43' (157#1) [/home/user007/project/chipyard/fpga/generated-src/chipyard.fpga.zcu104.ZCU104FPGATestHarness.RocketZCU104NoDDRConfig/gen-collateral/ClockCrossingReg_w43.sv:46]
INFO: [Synth 8-6155] done synthesizing module 'AsyncQueueSink_TLBundleD_a9d32s1k1z2u' (158#1) [/home/user007/project/chipyard/fpga/generated-src/chipyard.fpga.zcu104.ZCU104FPGATestHarness.RocketZCU104NoDDRConfig/gen-collateral/AsyncQueueSink_TLBundleD_a9d32s1k1z2u.sv:46]
INFO: [Synth 8-6155] done synthesizing module 'TLAsyncCrossingSource_a9d32s1k1z2u' (159#1) [/home/user007/project/chipyard/fpga/generated-src/chipyard.fpga.zcu104.ZCU104FPGATestHarness.RocketZCU104NoDDRConfig/gen-collateral/TLAsyncCrossingSource_a9d32s1k1z2u.sv:2]
INFO: [Synth 8-6157] synthesizing module 'AsyncQueueSource_DebugInternalBundle' [/home/user007/project/chipyard/fpga/generated-src/chipyard.fpga.zcu104.ZCU104FPGATestHarness.RocketZCU104NoDDRConfig/gen-collateral/AsyncQueueSource_DebugInternalBundle.sv:46]
INFO: [Synth 8-6155] done synthesizing module 'AsyncQueueSource_DebugInternalBundle' (160#1) [/home/user007/project/chipyard/fpga/generated-src/chipyard.fpga.zcu104.ZCU104FPGATestHarness.RocketZCU104NoDDRConfig/gen-collateral/AsyncQueueSource_DebugInternalBundle.sv:46]
INFO: [Synth 8-6155] done synthesizing module 'TLDebugModuleOuterAsync' (161#1) [/home/user007/project/chipyard/fpga/generated-src/chipyard.fpga.zcu104.ZCU104FPGATestHarness.RocketZCU104NoDDRConfig/gen-collateral/TLDebugModuleOuterAsync.sv:2]
INFO: [Synth 8-6157] synthesizing module 'TLDebugModuleInnerAsync' [/home/user007/project/chipyard/fpga/generated-src/chipyard.fpga.zcu104.ZCU104FPGATestHarness.RocketZCU104NoDDRConfig/gen-collateral/TLDebugModuleInnerAsync.sv:2]
INFO: [Synth 8-6157] synthesizing module 'TLDebugModuleInner' [/home/user007/project/chipyard/fpga/generated-src/chipyard.fpga.zcu104.ZCU104FPGATestHarness.RocketZCU104NoDDRConfig/gen-collateral/TLDebugModuleInner.sv:64]
INFO: [Synth 8-6157] synthesizing module 'SBToTL' [/home/user007/project/chipyard/fpga/generated-src/chipyard.fpga.zcu104.ZCU104FPGATestHarness.RocketZCU104NoDDRConfig/gen-collateral/SBToTL.sv:64]
INFO: [Synth 8-6157] synthesizing module 'Queue2_TLBundleD_a32d8s1k1z4u' [/home/user007/project/chipyard/fpga/generated-src/chipyard.fpga.zcu104.ZCU104FPGATestHarness.RocketZCU104NoDDRConfig/gen-collateral/Queue2_TLBundleD_a32d8s1k1z4u.sv:59]
INFO: [Synth 8-6157] synthesizing module 'ram_2x10' [/home/user007/project/chipyard/fpga/generated-src/chipyard.fpga.zcu104.ZCU104FPGATestHarness.RocketZCU104NoDDRConfig/gen-collateral/ram_2x10.sv:3]
INFO: [Synth 8-6155] done synthesizing module 'ram_2x10' (162#1) [/home/user007/project/chipyard/fpga/generated-src/chipyard.fpga.zcu104.ZCU104FPGATestHarness.RocketZCU104NoDDRConfig/gen-collateral/ram_2x10.sv:3]
INFO: [Synth 8-6155] done synthesizing module 'Queue2_TLBundleD_a32d8s1k1z4u' (163#1) [/home/user007/project/chipyard/fpga/generated-src/chipyard.fpga.zcu104.ZCU104FPGATestHarness.RocketZCU104NoDDRConfig/gen-collateral/Queue2_TLBundleD_a32d8s1k1z4u.sv:59]
INFO: [Synth 8-6155] done synthesizing module 'SBToTL' (164#1) [/home/user007/project/chipyard/fpga/generated-src/chipyard.fpga.zcu104.ZCU104FPGATestHarness.RocketZCU104NoDDRConfig/gen-collateral/SBToTL.sv:64]
INFO: [Synth 8-6155] done synthesizing module 'TLDebugModuleInner' (165#1) [/home/user007/project/chipyard/fpga/generated-src/chipyard.fpga.zcu104.ZCU104FPGATestHarness.RocketZCU104NoDDRConfig/gen-collateral/TLDebugModuleInner.sv:64]
INFO: [Synth 8-6157] synthesizing module 'TLAsyncCrossingSink_a9d32s1k1z2u' [/home/user007/project/chipyard/fpga/generated-src/chipyard.fpga.zcu104.ZCU104FPGATestHarness.RocketZCU104NoDDRConfig/gen-collateral/TLAsyncCrossingSink_a9d32s1k1z2u.sv:2]
INFO: [Synth 8-6157] synthesizing module 'AsyncQueueSink_TLBundleA_a9d32s1k1z2u' [/home/user007/project/chipyard/fpga/generated-src/chipyard.fpga.zcu104.ZCU104FPGATestHarness.RocketZCU104NoDDRConfig/gen-collateral/AsyncQueueSink_TLBundleA_a9d32s1k1z2u.sv:46]
INFO: [Synth 8-6157] synthesizing module 'ClockCrossingReg_w55' [/home/user007/project/chipyard/fpga/generated-src/chipyard.fpga.zcu104.ZCU104FPGATestHarness.RocketZCU104NoDDRConfig/gen-collateral/ClockCrossingReg_w55.sv:46]
INFO: [Synth 8-6155] done synthesizing module 'ClockCrossingReg_w55' (166#1) [/home/user007/project/chipyard/fpga/generated-src/chipyard.fpga.zcu104.ZCU104FPGATestHarness.RocketZCU104NoDDRConfig/gen-collateral/ClockCrossingReg_w55.sv:46]
INFO: [Synth 8-6155] done synthesizing module 'AsyncQueueSink_TLBundleA_a9d32s1k1z2u' (167#1) [/home/user007/project/chipyard/fpga/generated-src/chipyard.fpga.zcu104.ZCU104FPGATestHarness.RocketZCU104NoDDRConfig/gen-collateral/AsyncQueueSink_TLBundleA_a9d32s1k1z2u.sv:46]
INFO: [Synth 8-6157] synthesizing module 'AsyncQueueSource_TLBundleD_a9d32s1k1z2u' [/home/user007/project/chipyard/fpga/generated-src/chipyard.fpga.zcu104.ZCU104FPGATestHarness.RocketZCU104NoDDRConfig/gen-collateral/AsyncQueueSource_TLBundleD_a9d32s1k1z2u.sv:46]
INFO: [Synth 8-6155] done synthesizing module 'AsyncQueueSource_TLBundleD_a9d32s1k1z2u' (168#1) [/home/user007/project/chipyard/fpga/generated-src/chipyard.fpga.zcu104.ZCU104FPGATestHarness.RocketZCU104NoDDRConfig/gen-collateral/AsyncQueueSource_TLBundleD_a9d32s1k1z2u.sv:46]
INFO: [Synth 8-6155] done synthesizing module 'TLAsyncCrossingSink_a9d32s1k1z2u' (169#1) [/home/user007/project/chipyard/fpga/generated-src/chipyard.fpga.zcu104.ZCU104FPGATestHarness.RocketZCU104NoDDRConfig/gen-collateral/TLAsyncCrossingSink_a9d32s1k1z2u.sv:2]
INFO: [Synth 8-6157] synthesizing module 'AsyncQueueSink_DebugInternalBundle' [/home/user007/project/chipyard/fpga/generated-src/chipyard.fpga.zcu104.ZCU104FPGATestHarness.RocketZCU104NoDDRConfig/gen-collateral/AsyncQueueSink_DebugInternalBundle.sv:46]
INFO: [Synth 8-6157] synthesizing module 'ClockCrossingReg_w15' [/home/user007/project/chipyard/fpga/generated-src/chipyard.fpga.zcu104.ZCU104FPGATestHarness.RocketZCU104NoDDRConfig/gen-collateral/ClockCrossingReg_w15.sv:46]
INFO: [Synth 8-6155] done synthesizing module 'ClockCrossingReg_w15' (170#1) [/home/user007/project/chipyard/fpga/generated-src/chipyard.fpga.zcu104.ZCU104FPGATestHarness.RocketZCU104NoDDRConfig/gen-collateral/ClockCrossingReg_w15.sv:46]
INFO: [Synth 8-6155] done synthesizing module 'AsyncQueueSink_DebugInternalBundle' (171#1) [/home/user007/project/chipyard/fpga/generated-src/chipyard.fpga.zcu104.ZCU104FPGATestHarness.RocketZCU104NoDDRConfig/gen-collateral/AsyncQueueSink_DebugInternalBundle.sv:46]
INFO: [Synth 8-6155] done synthesizing module 'TLDebugModuleInnerAsync' (172#1) [/home/user007/project/chipyard/fpga/generated-src/chipyard.fpga.zcu104.ZCU104FPGATestHarness.RocketZCU104NoDDRConfig/gen-collateral/TLDebugModuleInnerAsync.sv:2]
INFO: [Synth 8-6155] done synthesizing module 'TLDebugModule' (173#1) [/home/user007/project/chipyard/fpga/generated-src/chipyard.fpga.zcu104.ZCU104FPGATestHarness.RocketZCU104NoDDRConfig/gen-collateral/TLDebugModule.sv:2]
INFO: [Synth 8-6157] synthesizing module 'bootromClockSinkDomain' [/home/user007/project/chipyard/fpga/generated-src/chipyard.fpga.zcu104.ZCU104FPGATestHarness.RocketZCU104NoDDRConfig/gen-collateral/bootromClockSinkDomain.sv:2]
INFO: [Synth 8-6157] synthesizing module 'TLROM' [/home/user007/project/chipyard/fpga/generated-src/chipyard.fpga.zcu104.ZCU104FPGATestHarness.RocketZCU104NoDDRConfig/gen-collateral/TLROM.sv:2]
INFO: [Synth 8-6155] done synthesizing module 'TLROM' (174#1) [/home/user007/project/chipyard/fpga/generated-src/chipyard.fpga.zcu104.ZCU104FPGATestHarness.RocketZCU104NoDDRConfig/gen-collateral/TLROM.sv:2]
INFO: [Synth 8-6155] done synthesizing module 'bootromClockSinkDomain' (175#1) [/home/user007/project/chipyard/fpga/generated-src/chipyard.fpga.zcu104.ZCU104FPGATestHarness.RocketZCU104NoDDRConfig/gen-collateral/bootromClockSinkDomain.sv:2]
INFO: [Synth 8-6157] synthesizing module 'TLUARTClockSinkDomain' [/home/user007/project/chipyard/fpga/generated-src/chipyard.fpga.zcu104.ZCU104FPGATestHarness.RocketZCU104NoDDRConfig/gen-collateral/TLUARTClockSinkDomain.sv:2]
INFO: [Synth 8-6157] synthesizing module 'TLUART' [/home/user007/project/chipyard/fpga/generated-src/chipyard.fpga.zcu104.ZCU104FPGATestHarness.RocketZCU104NoDDRConfig/gen-collateral/TLUART.sv:46]
INFO: [Synth 8-6157] synthesizing module 'UARTTx' [/home/user007/project/chipyard/fpga/generated-src/chipyard.fpga.zcu104.ZCU104FPGATestHarness.RocketZCU104NoDDRConfig/gen-collateral/UARTTx.sv:55]
INFO: [Synth 8-6157] synthesizing module 'plusarg_reader__parameterized0' [/home/user007/project/chipyard/fpga/generated-src/chipyard.fpga.zcu104.ZCU104FPGATestHarness.RocketZCU104NoDDRConfig/gen-collateral/plusarg_reader.v:7]
	Parameter FORMAT bound to: uart_tx=%d - type: string 
	Parameter WIDTH bound to: 32 - type: integer 
	Parameter DEFAULT bound to: 32'b00000000000000000000000000000001 
INFO: [Synth 8-6155] done synthesizing module 'plusarg_reader__parameterized0' (175#1) [/home/user007/project/chipyard/fpga/generated-src/chipyard.fpga.zcu104.ZCU104FPGATestHarness.RocketZCU104NoDDRConfig/gen-collateral/plusarg_reader.v:7]
INFO: [Synth 8-6157] synthesizing module 'plusarg_reader__parameterized1' [/home/user007/project/chipyard/fpga/generated-src/chipyard.fpga.zcu104.ZCU104FPGATestHarness.RocketZCU104NoDDRConfig/gen-collateral/plusarg_reader.v:7]
	Parameter FORMAT bound to: uart_tx_printf=%d - type: string 
	Parameter WIDTH bound to: 32 - type: integer 
	Parameter DEFAULT bound to: 32'b00000000000000000000000000000000 
INFO: [Synth 8-6155] done synthesizing module 'plusarg_reader__parameterized1' (175#1) [/home/user007/project/chipyard/fpga/generated-src/chipyard.fpga.zcu104.ZCU104FPGATestHarness.RocketZCU104NoDDRConfig/gen-collateral/plusarg_reader.v:7]
INFO: [Synth 8-6155] done synthesizing module 'UARTTx' (176#1) [/home/user007/project/chipyard/fpga/generated-src/chipyard.fpga.zcu104.ZCU104FPGATestHarness.RocketZCU104NoDDRConfig/gen-collateral/UARTTx.sv:55]
INFO: [Synth 8-6157] synthesizing module 'Queue8_UInt8' [/home/user007/project/chipyard/fpga/generated-src/chipyard.fpga.zcu104.ZCU104FPGATestHarness.RocketZCU104NoDDRConfig/gen-collateral/Queue8_UInt8.sv:59]
INFO: [Synth 8-6157] synthesizing module 'ram_8x8' [/home/user007/project/chipyard/fpga/generated-src/chipyard.fpga.zcu104.ZCU104FPGATestHarness.RocketZCU104NoDDRConfig/gen-collateral/ram_8x8.sv:3]
INFO: [Synth 8-6155] done synthesizing module 'ram_8x8' (177#1) [/home/user007/project/chipyard/fpga/generated-src/chipyard.fpga.zcu104.ZCU104FPGATestHarness.RocketZCU104NoDDRConfig/gen-collateral/ram_8x8.sv:3]
INFO: [Synth 8-6155] done synthesizing module 'Queue8_UInt8' (178#1) [/home/user007/project/chipyard/fpga/generated-src/chipyard.fpga.zcu104.ZCU104FPGATestHarness.RocketZCU104NoDDRConfig/gen-collateral/Queue8_UInt8.sv:59]
INFO: [Synth 8-6157] synthesizing module 'UARTRx' [/home/user007/project/chipyard/fpga/generated-src/chipyard.fpga.zcu104.ZCU104FPGATestHarness.RocketZCU104NoDDRConfig/gen-collateral/UARTRx.sv:46]
INFO: [Synth 8-6155] done synthesizing module 'UARTRx' (179#1) [/home/user007/project/chipyard/fpga/generated-src/chipyard.fpga.zcu104.ZCU104FPGATestHarness.RocketZCU104NoDDRConfig/gen-collateral/UARTRx.sv:46]
INFO: [Synth 8-6155] done synthesizing module 'TLUART' (180#1) [/home/user007/project/chipyard/fpga/generated-src/chipyard.fpga.zcu104.ZCU104FPGATestHarness.RocketZCU104NoDDRConfig/gen-collateral/TLUART.sv:46]
INFO: [Synth 8-6155] done synthesizing module 'TLUARTClockSinkDomain' (181#1) [/home/user007/project/chipyard/fpga/generated-src/chipyard.fpga.zcu104.ZCU104FPGATestHarness.RocketZCU104NoDDRConfig/gen-collateral/TLUARTClockSinkDomain.sv:2]
INFO: [Synth 8-6157] synthesizing module 'ClockSinkDomain_1' [/home/user007/project/chipyard/fpga/generated-src/chipyard.fpga.zcu104.ZCU104FPGATestHarness.RocketZCU104NoDDRConfig/gen-collateral/ClockSinkDomain_1.sv:2]
INFO: [Synth 8-6157] synthesizing module 'TLSPI' [/home/user007/project/chipyard/fpga/generated-src/chipyard.fpga.zcu104.ZCU104FPGATestHarness.RocketZCU104NoDDRConfig/gen-collateral/TLSPI.sv:46]
INFO: [Synth 8-6157] synthesizing module 'SPIFIFO' [/home/user007/project/chipyard/fpga/generated-src/chipyard.fpga.zcu104.ZCU104FPGATestHarness.RocketZCU104NoDDRConfig/gen-collateral/SPIFIFO.sv:46]
INFO: [Synth 8-6155] done synthesizing module 'SPIFIFO' (182#1) [/home/user007/project/chipyard/fpga/generated-src/chipyard.fpga.zcu104.ZCU104FPGATestHarness.RocketZCU104NoDDRConfig/gen-collateral/SPIFIFO.sv:46]
INFO: [Synth 8-6157] synthesizing module 'SPIMedia' [/home/user007/project/chipyard/fpga/generated-src/chipyard.fpga.zcu104.ZCU104FPGATestHarness.RocketZCU104NoDDRConfig/gen-collateral/SPIMedia.sv:46]
INFO: [Synth 8-6157] synthesizing module 'SPIPhysical' [/home/user007/project/chipyard/fpga/generated-src/chipyard.fpga.zcu104.ZCU104FPGATestHarness.RocketZCU104NoDDRConfig/gen-collateral/SPIPhysical.sv:46]
INFO: [Synth 8-6155] done synthesizing module 'SPIPhysical' (183#1) [/home/user007/project/chipyard/fpga/generated-src/chipyard.fpga.zcu104.ZCU104FPGATestHarness.RocketZCU104NoDDRConfig/gen-collateral/SPIPhysical.sv:46]
INFO: [Synth 8-6155] done synthesizing module 'SPIMedia' (184#1) [/home/user007/project/chipyard/fpga/generated-src/chipyard.fpga.zcu104.ZCU104FPGATestHarness.RocketZCU104NoDDRConfig/gen-collateral/SPIMedia.sv:46]
INFO: [Synth 8-6155] done synthesizing module 'TLSPI' (185#1) [/home/user007/project/chipyard/fpga/generated-src/chipyard.fpga.zcu104.ZCU104FPGATestHarness.RocketZCU104NoDDRConfig/gen-collateral/TLSPI.sv:46]
INFO: [Synth 8-6155] done synthesizing module 'ClockSinkDomain_1' (186#1) [/home/user007/project/chipyard/fpga/generated-src/chipyard.fpga.zcu104.ZCU104FPGATestHarness.RocketZCU104NoDDRConfig/gen-collateral/ClockSinkDomain_1.sv:2]
INFO: [Synth 8-6157] synthesizing module 'ChipyardPRCICtrlClockSinkDomain' [/home/user007/project/chipyard/fpga/generated-src/chipyard.fpga.zcu104.ZCU104FPGATestHarness.RocketZCU104NoDDRConfig/gen-collateral/ChipyardPRCICtrlClockSinkDomain.sv:2]
INFO: [Synth 8-6157] synthesizing module 'TLXbar_prcibus_i1_o2_a21d64s3k1z3u' [/home/user007/project/chipyard/fpga/generated-src/chipyard.fpga.zcu104.ZCU104FPGATestHarness.RocketZCU104NoDDRConfig/gen-collateral/TLXbar_prcibus_i1_o2_a21d64s3k1z3u.sv:64]
INFO: [Synth 8-6155] done synthesizing module 'TLXbar_prcibus_i1_o2_a21d64s3k1z3u' (187#1) [/home/user007/project/chipyard/fpga/generated-src/chipyard.fpga.zcu104.ZCU104FPGATestHarness.RocketZCU104NoDDRConfig/gen-collateral/TLXbar_prcibus_i1_o2_a21d64s3k1z3u.sv:64]
INFO: [Synth 8-6157] synthesizing module 'ClockGroupResetSynchronizer' [/home/user007/project/chipyard/fpga/generated-src/chipyard.fpga.zcu104.ZCU104FPGATestHarness.RocketZCU104NoDDRConfig/gen-collateral/ClockGroupResetSynchronizer.sv:2]
INFO: [Synth 8-6157] synthesizing module 'ResetCatchAndSync_d3' [/home/user007/project/chipyard/fpga/generated-src/chipyard.fpga.zcu104.ZCU104FPGATestHarness.RocketZCU104NoDDRConfig/gen-collateral/ResetCatchAndSync_d3.sv:2]
INFO: [Synth 8-6155] done synthesizing module 'ResetCatchAndSync_d3' (188#1) [/home/user007/project/chipyard/fpga/generated-src/chipyard.fpga.zcu104.ZCU104FPGATestHarness.RocketZCU104NoDDRConfig/gen-collateral/ResetCatchAndSync_d3.sv:2]
INFO: [Synth 8-6155] done synthesizing module 'ClockGroupResetSynchronizer' (189#1) [/home/user007/project/chipyard/fpga/generated-src/chipyard.fpga.zcu104.ZCU104FPGATestHarness.RocketZCU104NoDDRConfig/gen-collateral/ClockGroupResetSynchronizer.sv:2]
INFO: [Synth 8-6157] synthesizing module 'TileClockGater' [/home/user007/project/chipyard/fpga/generated-src/chipyard.fpga.zcu104.ZCU104FPGATestHarness.RocketZCU104NoDDRConfig/gen-collateral/TileClockGater.sv:2]
INFO: [Synth 8-6157] synthesizing module 'AsyncResetRegVec_w1_i1' [/home/user007/project/chipyard/fpga/generated-src/chipyard.fpga.zcu104.ZCU104FPGATestHarness.RocketZCU104NoDDRConfig/gen-collateral/AsyncResetRegVec_w1_i1.sv:46]
INFO: [Synth 8-6155] done synthesizing module 'AsyncResetRegVec_w1_i1' (190#1) [/home/user007/project/chipyard/fpga/generated-src/chipyard.fpga.zcu104.ZCU104FPGATestHarness.RocketZCU104NoDDRConfig/gen-collateral/AsyncResetRegVec_w1_i1.sv:46]
INFO: [Synth 8-6155] done synthesizing module 'TileClockGater' (191#1) [/home/user007/project/chipyard/fpga/generated-src/chipyard.fpga.zcu104.ZCU104FPGATestHarness.RocketZCU104NoDDRConfig/gen-collateral/TileClockGater.sv:2]
INFO: [Synth 8-6157] synthesizing module 'TLFragmenter_TileClockGater' [/home/user007/project/chipyard/fpga/generated-src/chipyard.fpga.zcu104.ZCU104FPGATestHarness.RocketZCU104NoDDRConfig/gen-collateral/TLFragmenter_TileClockGater.sv:64]
INFO: [Synth 8-6157] synthesizing module 'Repeater_TLBundleA_a21d64s3k1z3u' [/home/user007/project/chipyard/fpga/generated-src/chipyard.fpga.zcu104.ZCU104FPGATestHarness.RocketZCU104NoDDRConfig/gen-collateral/Repeater_TLBundleA_a21d64s3k1z3u.sv:46]
INFO: [Synth 8-6155] done synthesizing module 'Repeater_TLBundleA_a21d64s3k1z3u' (192#1) [/home/user007/project/chipyard/fpga/generated-src/chipyard.fpga.zcu104.ZCU104FPGATestHarness.RocketZCU104NoDDRConfig/gen-collateral/Repeater_TLBundleA_a21d64s3k1z3u.sv:46]
INFO: [Synth 8-6155] done synthesizing module 'TLFragmenter_TileClockGater' (193#1) [/home/user007/project/chipyard/fpga/generated-src/chipyard.fpga.zcu104.ZCU104FPGATestHarness.RocketZCU104NoDDRConfig/gen-collateral/TLFragmenter_TileClockGater.sv:64]
INFO: [Synth 8-6157] synthesizing module 'TileResetSetter' [/home/user007/project/chipyard/fpga/generated-src/chipyard.fpga.zcu104.ZCU104FPGATestHarness.RocketZCU104NoDDRConfig/gen-collateral/TileResetSetter.sv:2]
INFO: [Synth 8-6155] done synthesizing module 'TileResetSetter' (194#1) [/home/user007/project/chipyard/fpga/generated-src/chipyard.fpga.zcu104.ZCU104FPGATestHarness.RocketZCU104NoDDRConfig/gen-collateral/TileResetSetter.sv:2]
INFO: [Synth 8-6157] synthesizing module 'TLFragmenter_TileResetSetter' [/home/user007/project/chipyard/fpga/generated-src/chipyard.fpga.zcu104.ZCU104FPGATestHarness.RocketZCU104NoDDRConfig/gen-collateral/TLFragmenter_TileResetSetter.sv:64]
INFO: [Synth 8-6155] done synthesizing module 'TLFragmenter_TileResetSetter' (195#1) [/home/user007/project/chipyard/fpga/generated-src/chipyard.fpga.zcu104.ZCU104FPGATestHarness.RocketZCU104NoDDRConfig/gen-collateral/TLFragmenter_TileResetSetter.sv:64]
INFO: [Synth 8-6155] done synthesizing module 'ChipyardPRCICtrlClockSinkDomain' (196#1) [/home/user007/project/chipyard/fpga/generated-src/chipyard.fpga.zcu104.ZCU104FPGATestHarness.RocketZCU104NoDDRConfig/gen-collateral/ChipyardPRCICtrlClockSinkDomain.sv:2]
INFO: [Synth 8-6157] synthesizing module 'ClockGroupAggregator_allClocks' [/home/user007/project/chipyard/fpga/generated-src/chipyard.fpga.zcu104.ZCU104FPGATestHarness.RocketZCU104NoDDRConfig/gen-collateral/ClockGroupAggregator_allClocks.sv:2]
INFO: [Synth 8-6155] done synthesizing module 'ClockGroupAggregator_allClocks' (197#1) [/home/user007/project/chipyard/fpga/generated-src/chipyard.fpga.zcu104.ZCU104FPGATestHarness.RocketZCU104NoDDRConfig/gen-collateral/ClockGroupAggregator_allClocks.sv:2]
INFO: [Synth 8-6157] synthesizing module 'ClockGroupCombiner' [/home/user007/project/chipyard/fpga/generated-src/chipyard.fpga.zcu104.ZCU104FPGATestHarness.RocketZCU104NoDDRConfig/gen-collateral/ClockGroupCombiner.sv:2]
INFO: [Synth 8-6155] done synthesizing module 'ClockGroupCombiner' (198#1) [/home/user007/project/chipyard/fpga/generated-src/chipyard.fpga.zcu104.ZCU104FPGATestHarness.RocketZCU104NoDDRConfig/gen-collateral/ClockGroupCombiner.sv:2]
INFO: [Synth 8-6157] synthesizing module 'ClockGroupAsyncResetCoercer' [/home/user007/project/chipyard/fpga/generated-src/chipyard.fpga.zcu104.ZCU104FPGATestHarness.RocketZCU104NoDDRConfig/gen-collateral/ClockGroupAsyncResetCoercer.sv:2]
INFO: [Synth 8-6155] done synthesizing module 'ClockGroupAsyncResetCoercer' (199#1) [/home/user007/project/chipyard/fpga/generated-src/chipyard.fpga.zcu104.ZCU104FPGATestHarness.RocketZCU104NoDDRConfig/gen-collateral/ClockGroupAsyncResetCoercer.sv:2]
INFO: [Synth 8-6157] synthesizing module 'DebugTransportModuleJTAG' [/home/user007/project/chipyard/fpga/generated-src/chipyard.fpga.zcu104.ZCU104FPGATestHarness.RocketZCU104NoDDRConfig/gen-collateral/DebugTransportModuleJTAG.sv:64]
INFO: [Synth 8-6157] synthesizing module 'CaptureUpdateChain_DTMInfo_To_DTMInfo' [/home/user007/project/chipyard/fpga/generated-src/chipyard.fpga.zcu104.ZCU104FPGATestHarness.RocketZCU104NoDDRConfig/gen-collateral/CaptureUpdateChain_DTMInfo_To_DTMInfo.sv:64]
INFO: [Synth 8-6155] done synthesizing module 'CaptureUpdateChain_DTMInfo_To_DTMInfo' (200#1) [/home/user007/project/chipyard/fpga/generated-src/chipyard.fpga.zcu104.ZCU104FPGATestHarness.RocketZCU104NoDDRConfig/gen-collateral/CaptureUpdateChain_DTMInfo_To_DTMInfo.sv:64]
INFO: [Synth 8-6157] synthesizing module 'CaptureUpdateChain_DMIAccessCapture_To_DMIAccessUpdate' [/home/user007/project/chipyard/fpga/generated-src/chipyard.fpga.zcu104.ZCU104FPGATestHarness.RocketZCU104NoDDRConfig/gen-collateral/CaptureUpdateChain_DMIAccessCapture_To_DMIAccessUpdate.sv:64]
INFO: [Synth 8-6155] done synthesizing module 'CaptureUpdateChain_DMIAccessCapture_To_DMIAccessUpdate' (201#1) [/home/user007/project/chipyard/fpga/generated-src/chipyard.fpga.zcu104.ZCU104FPGATestHarness.RocketZCU104NoDDRConfig/gen-collateral/CaptureUpdateChain_DMIAccessCapture_To_DMIAccessUpdate.sv:64]
INFO: [Synth 8-6157] synthesizing module 'CaptureChain_JTAGIdcodeBundle' [/home/user007/project/chipyard/fpga/generated-src/chipyard.fpga.zcu104.ZCU104FPGATestHarness.RocketZCU104NoDDRConfig/gen-collateral/CaptureChain_JTAGIdcodeBundle.sv:64]
INFO: [Synth 8-6155] done synthesizing module 'CaptureChain_JTAGIdcodeBundle' (202#1) [/home/user007/project/chipyard/fpga/generated-src/chipyard.fpga.zcu104.ZCU104FPGATestHarness.RocketZCU104NoDDRConfig/gen-collateral/CaptureChain_JTAGIdcodeBundle.sv:64]
INFO: [Synth 8-6157] synthesizing module 'JtagTapController' [/home/user007/project/chipyard/fpga/generated-src/chipyard.fpga.zcu104.ZCU104FPGATestHarness.RocketZCU104NoDDRConfig/gen-collateral/JtagTapController.sv:46]
INFO: [Synth 8-6157] synthesizing module 'JtagStateMachine' [/home/user007/project/chipyard/fpga/generated-src/chipyard.fpga.zcu104.ZCU104FPGATestHarness.RocketZCU104NoDDRConfig/gen-collateral/JtagStateMachine.sv:46]
INFO: [Synth 8-6155] done synthesizing module 'JtagStateMachine' (203#1) [/home/user007/project/chipyard/fpga/generated-src/chipyard.fpga.zcu104.ZCU104FPGATestHarness.RocketZCU104NoDDRConfig/gen-collateral/JtagStateMachine.sv:46]
INFO: [Synth 8-6157] synthesizing module 'CaptureUpdateChain_UInt5_To_UInt5' [/home/user007/project/chipyard/fpga/generated-src/chipyard.fpga.zcu104.ZCU104FPGATestHarness.RocketZCU104NoDDRConfig/gen-collateral/CaptureUpdateChain_UInt5_To_UInt5.sv:64]
INFO: [Synth 8-6155] done synthesizing module 'CaptureUpdateChain_UInt5_To_UInt5' (204#1) [/home/user007/project/chipyard/fpga/generated-src/chipyard.fpga.zcu104.ZCU104FPGATestHarness.RocketZCU104NoDDRConfig/gen-collateral/CaptureUpdateChain_UInt5_To_UInt5.sv:64]
INFO: [Synth 8-6155] done synthesizing module 'JtagTapController' (205#1) [/home/user007/project/chipyard/fpga/generated-src/chipyard.fpga.zcu104.ZCU104FPGATestHarness.RocketZCU104NoDDRConfig/gen-collateral/JtagTapController.sv:46]
INFO: [Synth 8-6157] synthesizing module 'JtagBypassChain' [/home/user007/project/chipyard/fpga/generated-src/chipyard.fpga.zcu104.ZCU104FPGATestHarness.RocketZCU104NoDDRConfig/gen-collateral/JtagBypassChain.sv:64]
INFO: [Synth 8-6155] done synthesizing module 'JtagBypassChain' (206#1) [/home/user007/project/chipyard/fpga/generated-src/chipyard.fpga.zcu104.ZCU104FPGATestHarness.RocketZCU104NoDDRConfig/gen-collateral/JtagBypassChain.sv:64]
INFO: [Synth 8-6155] done synthesizing module 'DebugTransportModuleJTAG' (207#1) [/home/user007/project/chipyard/fpga/generated-src/chipyard.fpga.zcu104.ZCU104FPGATestHarness.RocketZCU104NoDDRConfig/gen-collateral/DebugTransportModuleJTAG.sv:64]
INFO: [Synth 8-6155] done synthesizing module 'DigitalTop' (208#1) [/home/user007/project/chipyard/fpga/generated-src/chipyard.fpga.zcu104.ZCU104FPGATestHarness.RocketZCU104NoDDRConfig/gen-collateral/DigitalTop.sv:46]
INFO: [Synth 8-6157] synthesizing module 'GenericDigitalInIOCell' [/home/user007/project/chipyard/fpga/generated-src/chipyard.fpga.zcu104.ZCU104FPGATestHarness.RocketZCU104NoDDRConfig/gen-collateral/GenericDigitalInIOCell.v:3]
INFO: [Synth 8-6155] done synthesizing module 'GenericDigitalInIOCell' (209#1) [/home/user007/project/chipyard/fpga/generated-src/chipyard.fpga.zcu104.ZCU104FPGATestHarness.RocketZCU104NoDDRConfig/gen-collateral/GenericDigitalInIOCell.v:3]
INFO: [Synth 8-6157] synthesizing module 'GenericDigitalOutIOCell' [/home/user007/project/chipyard/fpga/generated-src/chipyard.fpga.zcu104.ZCU104FPGATestHarness.RocketZCU104NoDDRConfig/gen-collateral/GenericDigitalOutIOCell.v:3]
INFO: [Synth 8-6155] done synthesizing module 'GenericDigitalOutIOCell' (210#1) [/home/user007/project/chipyard/fpga/generated-src/chipyard.fpga.zcu104.ZCU104FPGATestHarness.RocketZCU104NoDDRConfig/gen-collateral/GenericDigitalOutIOCell.v:3]
INFO: [Synth 8-6157] synthesizing module 'ResetSynchronizerShiftReg_w1_d3_i0' [/home/user007/project/chipyard/fpga/generated-src/chipyard.fpga.zcu104.ZCU104FPGATestHarness.RocketZCU104NoDDRConfig/gen-collateral/ResetSynchronizerShiftReg_w1_d3_i0.sv:2]
INFO: [Synth 8-6157] synthesizing module 'InferredResetSynchronizerPrimitiveShiftReg_d3_i0' [/home/user007/project/chipyard/fpga/generated-src/chipyard.fpga.zcu104.ZCU104FPGATestHarness.RocketZCU104NoDDRConfig/gen-collateral/InferredResetSynchronizerPrimitiveShiftReg_d3_i0.sv:46]
INFO: [Synth 8-6155] done synthesizing module 'InferredResetSynchronizerPrimitiveShiftReg_d3_i0' (211#1) [/home/user007/project/chipyard/fpga/generated-src/chipyard.fpga.zcu104.ZCU104FPGATestHarness.RocketZCU104NoDDRConfig/gen-collateral/InferredResetSynchronizerPrimitiveShiftReg_d3_i0.sv:46]
INFO: [Synth 8-6155] done synthesizing module 'ResetSynchronizerShiftReg_w1_d3_i0' (212#1) [/home/user007/project/chipyard/fpga/generated-src/chipyard.fpga.zcu104.ZCU104FPGATestHarness.RocketZCU104NoDDRConfig/gen-collateral/ResetSynchronizerShiftReg_w1_d3_i0.sv:2]
INFO: [Synth 8-6157] synthesizing module 'EICG_wrapper' [/home/user007/project/chipyard/fpga/generated-src/chipyard.fpga.zcu104.ZCU104FPGATestHarness.RocketZCU104NoDDRConfig/gen-collateral/EICG_wrapper.v:3]
INFO: [Synth 8-6155] done synthesizing module 'EICG_wrapper' (213#1) [/home/user007/project/chipyard/fpga/generated-src/chipyard.fpga.zcu104.ZCU104FPGATestHarness.RocketZCU104NoDDRConfig/gen-collateral/EICG_wrapper.v:3]
INFO: [Synth 8-6155] done synthesizing module 'ChipTop' (214#1) [/home/user007/project/chipyard/fpga/generated-src/chipyard.fpga.zcu104.ZCU104FPGATestHarness.RocketZCU104NoDDRConfig/gen-collateral/ChipTop.sv:46]
INFO: [Synth 8-6157] synthesizing module 'plusarg_reader_ZCU104FPGATestHarness_UNIQUIFIED' [/home/user007/project/chipyard/fpga/generated-src/chipyard.fpga.zcu104.ZCU104FPGATestHarness.RocketZCU104NoDDRConfig/gen-collateral/plusarg_reader_ZCU104FPGATestHarness_UNIQUIFIED.v:7]
	Parameter FORMAT bound to: custom_boot_pin=%d - type: string 
	Parameter WIDTH bound to: 1 - type: integer 
	Parameter DEFAULT bound to: 1'b0 
INFO: [Synth 8-6155] done synthesizing module 'plusarg_reader_ZCU104FPGATestHarness_UNIQUIFIED' (215#1) [/home/user007/project/chipyard/fpga/generated-src/chipyard.fpga.zcu104.ZCU104FPGATestHarness.RocketZCU104NoDDRConfig/gen-collateral/plusarg_reader_ZCU104FPGATestHarness_UNIQUIFIED.v:7]
WARNING: [Synth 8-4446] all outputs are unconnected for this instance and logic may be removed [/home/user007/project/chipyard/fpga/generated-src/chipyard.fpga.zcu104.ZCU104FPGATestHarness.RocketZCU104NoDDRConfig/gen-collateral/ZCU104FPGATestHarness.sv:230]
INFO: [Synth 8-6155] done synthesizing module 'ZCU104FPGATestHarness' (216#1) [/home/user007/project/chipyard/fpga/generated-src/chipyard.fpga.zcu104.ZCU104FPGATestHarness.RocketZCU104NoDDRConfig/gen-collateral/ZCU104FPGATestHarness.sv:46]
WARNING: [Synth 8-7129] Port reset in module JtagBypassChain is either unconnected or has no load
WARNING: [Synth 8-7129] Port io_chainIn_update in module JtagBypassChain is either unconnected or has no load
WARNING: [Synth 8-7129] Port reset in module CaptureUpdateChain_UInt5_To_UInt5 is either unconnected or has no load
WARNING: [Synth 8-7129] Port reset in module CaptureChain_JTAGIdcodeBundle is either unconnected or has no load
WARNING: [Synth 8-7129] Port io_chainIn_update in module CaptureChain_JTAGIdcodeBundle is either unconnected or has no load
WARNING: [Synth 8-7129] Port reset in module CaptureUpdateChain_DMIAccessCapture_To_DMIAccessUpdate is either unconnected or has no load
WARNING: [Synth 8-7129] Port reset in module CaptureUpdateChain_DTMInfo_To_DTMInfo is either unconnected or has no load
WARNING: [Synth 8-7129] Port auto_clock_gater_in_1_a_bits_address[20] in module TileClockGater is either unconnected or has no load
WARNING: [Synth 8-7129] Port auto_clock_gater_in_1_a_bits_address[19] in module TileClockGater is either unconnected or has no load
WARNING: [Synth 8-7129] Port auto_clock_gater_in_1_a_bits_address[18] in module TileClockGater is either unconnected or has no load
WARNING: [Synth 8-7129] Port auto_clock_gater_in_1_a_bits_address[17] in module TileClockGater is either unconnected or has no load
WARNING: [Synth 8-7129] Port auto_clock_gater_in_1_a_bits_address[16] in module TileClockGater is either unconnected or has no load
WARNING: [Synth 8-7129] Port auto_clock_gater_in_1_a_bits_address[15] in module TileClockGater is either unconnected or has no load
WARNING: [Synth 8-7129] Port auto_clock_gater_in_1_a_bits_address[14] in module TileClockGater is either unconnected or has no load
WARNING: [Synth 8-7129] Port auto_clock_gater_in_1_a_bits_address[13] in module TileClockGater is either unconnected or has no load
WARNING: [Synth 8-7129] Port auto_clock_gater_in_1_a_bits_address[12] in module TileClockGater is either unconnected or has no load
WARNING: [Synth 8-7129] Port auto_clock_gater_in_1_a_bits_address[2] in module TileClockGater is either unconnected or has no load
WARNING: [Synth 8-7129] Port auto_clock_gater_in_1_a_bits_address[1] in module TileClockGater is either unconnected or has no load
WARNING: [Synth 8-7129] Port auto_clock_gater_in_1_a_bits_address[0] in module TileClockGater is either unconnected or has no load
WARNING: [Synth 8-7129] Port auto_clock_gater_in_1_a_bits_mask[7] in module TileClockGater is either unconnected or has no load
WARNING: [Synth 8-7129] Port auto_clock_gater_in_1_a_bits_mask[6] in module TileClockGater is either unconnected or has no load
WARNING: [Synth 8-7129] Port auto_clock_gater_in_1_a_bits_mask[5] in module TileClockGater is either unconnected or has no load
WARNING: [Synth 8-7129] Port auto_clock_gater_in_1_a_bits_mask[4] in module TileClockGater is either unconnected or has no load
WARNING: [Synth 8-7129] Port auto_clock_gater_in_1_a_bits_mask[3] in module TileClockGater is either unconnected or has no load
WARNING: [Synth 8-7129] Port auto_clock_gater_in_1_a_bits_mask[2] in module TileClockGater is either unconnected or has no load
WARNING: [Synth 8-7129] Port auto_clock_gater_in_1_a_bits_mask[1] in module TileClockGater is either unconnected or has no load
WARNING: [Synth 8-7129] Port auto_clock_gater_in_1_a_bits_data[63] in module TileClockGater is either unconnected or has no load
WARNING: [Synth 8-7129] Port auto_clock_gater_in_1_a_bits_data[62] in module TileClockGater is either unconnected or has no load
WARNING: [Synth 8-7129] Port auto_clock_gater_in_1_a_bits_data[61] in module TileClockGater is either unconnected or has no load
WARNING: [Synth 8-7129] Port auto_clock_gater_in_1_a_bits_data[60] in module TileClockGater is either unconnected or has no load
WARNING: [Synth 8-7129] Port auto_clock_gater_in_1_a_bits_data[59] in module TileClockGater is either unconnected or has no load
WARNING: [Synth 8-7129] Port auto_clock_gater_in_1_a_bits_data[58] in module TileClockGater is either unconnected or has no load
WARNING: [Synth 8-7129] Port auto_clock_gater_in_1_a_bits_data[57] in module TileClockGater is either unconnected or has no load
WARNING: [Synth 8-7129] Port auto_clock_gater_in_1_a_bits_data[56] in module TileClockGater is either unconnected or has no load
WARNING: [Synth 8-7129] Port auto_clock_gater_in_1_a_bits_data[55] in module TileClockGater is either unconnected or has no load
WARNING: [Synth 8-7129] Port auto_clock_gater_in_1_a_bits_data[54] in module TileClockGater is either unconnected or has no load
WARNING: [Synth 8-7129] Port auto_clock_gater_in_1_a_bits_data[53] in module TileClockGater is either unconnected or has no load
WARNING: [Synth 8-7129] Port auto_clock_gater_in_1_a_bits_data[52] in module TileClockGater is either unconnected or has no load
WARNING: [Synth 8-7129] Port auto_clock_gater_in_1_a_bits_data[51] in module TileClockGater is either unconnected or has no load
WARNING: [Synth 8-7129] Port auto_clock_gater_in_1_a_bits_data[50] in module TileClockGater is either unconnected or has no load
WARNING: [Synth 8-7129] Port auto_clock_gater_in_1_a_bits_data[49] in module TileClockGater is either unconnected or has no load
WARNING: [Synth 8-7129] Port auto_clock_gater_in_1_a_bits_data[48] in module TileClockGater is either unconnected or has no load
WARNING: [Synth 8-7129] Port auto_clock_gater_in_1_a_bits_data[47] in module TileClockGater is either unconnected or has no load
WARNING: [Synth 8-7129] Port auto_clock_gater_in_1_a_bits_data[46] in module TileClockGater is either unconnected or has no load
WARNING: [Synth 8-7129] Port auto_clock_gater_in_1_a_bits_data[45] in module TileClockGater is either unconnected or has no load
WARNING: [Synth 8-7129] Port auto_clock_gater_in_1_a_bits_data[44] in module TileClockGater is either unconnected or has no load
WARNING: [Synth 8-7129] Port auto_clock_gater_in_1_a_bits_data[43] in module TileClockGater is either unconnected or has no load
WARNING: [Synth 8-7129] Port auto_clock_gater_in_1_a_bits_data[42] in module TileClockGater is either unconnected or has no load
WARNING: [Synth 8-7129] Port auto_clock_gater_in_1_a_bits_data[41] in module TileClockGater is either unconnected or has no load
WARNING: [Synth 8-7129] Port auto_clock_gater_in_1_a_bits_data[40] in module TileClockGater is either unconnected or has no load
WARNING: [Synth 8-7129] Port auto_clock_gater_in_1_a_bits_data[39] in module TileClockGater is either unconnected or has no load
WARNING: [Synth 8-7129] Port auto_clock_gater_in_1_a_bits_data[38] in module TileClockGater is either unconnected or has no load
WARNING: [Synth 8-7129] Port auto_clock_gater_in_1_a_bits_data[37] in module TileClockGater is either unconnected or has no load
WARNING: [Synth 8-7129] Port auto_clock_gater_in_1_a_bits_data[36] in module TileClockGater is either unconnected or has no load
WARNING: [Synth 8-7129] Port auto_clock_gater_in_1_a_bits_data[35] in module TileClockGater is either unconnected or has no load
WARNING: [Synth 8-7129] Port auto_clock_gater_in_1_a_bits_data[34] in module TileClockGater is either unconnected or has no load
WARNING: [Synth 8-7129] Port auto_clock_gater_in_1_a_bits_data[33] in module TileClockGater is either unconnected or has no load
WARNING: [Synth 8-7129] Port auto_clock_gater_in_1_a_bits_data[32] in module TileClockGater is either unconnected or has no load
WARNING: [Synth 8-7129] Port auto_clock_gater_in_1_a_bits_data[31] in module TileClockGater is either unconnected or has no load
WARNING: [Synth 8-7129] Port auto_clock_gater_in_1_a_bits_data[30] in module TileClockGater is either unconnected or has no load
WARNING: [Synth 8-7129] Port auto_clock_gater_in_1_a_bits_data[29] in module TileClockGater is either unconnected or has no load
WARNING: [Synth 8-7129] Port auto_clock_gater_in_1_a_bits_data[28] in module TileClockGater is either unconnected or has no load
WARNING: [Synth 8-7129] Port auto_clock_gater_in_1_a_bits_data[27] in module TileClockGater is either unconnected or has no load
WARNING: [Synth 8-7129] Port auto_clock_gater_in_1_a_bits_data[26] in module TileClockGater is either unconnected or has no load
WARNING: [Synth 8-7129] Port auto_clock_gater_in_1_a_bits_data[25] in module TileClockGater is either unconnected or has no load
WARNING: [Synth 8-7129] Port auto_clock_gater_in_1_a_bits_data[24] in module TileClockGater is either unconnected or has no load
WARNING: [Synth 8-7129] Port auto_clock_gater_in_1_a_bits_data[23] in module TileClockGater is either unconnected or has no load
WARNING: [Synth 8-7129] Port auto_clock_gater_in_1_a_bits_data[22] in module TileClockGater is either unconnected or has no load
WARNING: [Synth 8-7129] Port auto_clock_gater_in_1_a_bits_data[21] in module TileClockGater is either unconnected or has no load
WARNING: [Synth 8-7129] Port auto_clock_gater_in_1_a_bits_data[20] in module TileClockGater is either unconnected or has no load
WARNING: [Synth 8-7129] Port auto_clock_gater_in_1_a_bits_data[19] in module TileClockGater is either unconnected or has no load
WARNING: [Synth 8-7129] Port auto_clock_gater_in_1_a_bits_data[18] in module TileClockGater is either unconnected or has no load
WARNING: [Synth 8-7129] Port auto_clock_gater_in_1_a_bits_data[17] in module TileClockGater is either unconnected or has no load
WARNING: [Synth 8-7129] Port auto_clock_gater_in_1_a_bits_data[16] in module TileClockGater is either unconnected or has no load
WARNING: [Synth 8-7129] Port auto_clock_gater_in_1_a_bits_data[15] in module TileClockGater is either unconnected or has no load
WARNING: [Synth 8-7129] Port auto_clock_gater_in_1_a_bits_data[14] in module TileClockGater is either unconnected or has no load
WARNING: [Synth 8-7129] Port auto_clock_gater_in_1_a_bits_data[13] in module TileClockGater is either unconnected or has no load
WARNING: [Synth 8-7129] Port auto_clock_gater_in_1_a_bits_data[12] in module TileClockGater is either unconnected or has no load
WARNING: [Synth 8-7129] Port auto_clock_gater_in_1_a_bits_data[11] in module TileClockGater is either unconnected or has no load
WARNING: [Synth 8-7129] Port auto_clock_gater_in_1_a_bits_data[10] in module TileClockGater is either unconnected or has no load
WARNING: [Synth 8-7129] Port auto_clock_gater_in_1_a_bits_data[9] in module TileClockGater is either unconnected or has no load
WARNING: [Synth 8-7129] Port auto_clock_gater_in_1_a_bits_data[8] in module TileClockGater is either unconnected or has no load
WARNING: [Synth 8-7129] Port auto_clock_gater_in_1_a_bits_data[7] in module TileClockGater is either unconnected or has no load
WARNING: [Synth 8-7129] Port auto_clock_gater_in_1_a_bits_data[6] in module TileClockGater is either unconnected or has no load
WARNING: [Synth 8-7129] Port auto_clock_gater_in_1_a_bits_data[5] in module TileClockGater is either unconnected or has no load
WARNING: [Synth 8-7129] Port auto_clock_gater_in_1_a_bits_data[4] in module TileClockGater is either unconnected or has no load
WARNING: [Synth 8-7129] Port auto_clock_gater_in_1_a_bits_data[3] in module TileClockGater is either unconnected or has no load
WARNING: [Synth 8-7129] Port auto_clock_gater_in_1_a_bits_data[2] in module TileClockGater is either unconnected or has no load
WARNING: [Synth 8-7129] Port auto_clock_gater_in_1_a_bits_data[1] in module TileClockGater is either unconnected or has no load
WARNING: [Synth 8-7129] Port R0_en in module ram_8x8 is either unconnected or has no load
WARNING: [Synth 8-7129] Port R0_clk in module ram_8x8 is either unconnected or has no load
WARNING: [Synth 8-7129] Port auto_control_xing_in_a_bits_address[30] in module TLSPI is either unconnected or has no load
WARNING: [Synth 8-7129] Port auto_control_xing_in_a_bits_address[29] in module TLSPI is either unconnected or has no load
WARNING: [Synth 8-7129] Port auto_control_xing_in_a_bits_address[28] in module TLSPI is either unconnected or has no load
WARNING: [Synth 8-7129] Port auto_control_xing_in_a_bits_address[27] in module TLSPI is either unconnected or has no load
WARNING: [Synth 8-7129] Port auto_control_xing_in_a_bits_address[26] in module TLSPI is either unconnected or has no load
WARNING: [Synth 8-7129] Port auto_control_xing_in_a_bits_address[25] in module TLSPI is either unconnected or has no load
WARNING: [Synth 8-7129] Port auto_control_xing_in_a_bits_address[24] in module TLSPI is either unconnected or has no load
WARNING: [Synth 8-7129] Port auto_control_xing_in_a_bits_address[23] in module TLSPI is either unconnected or has no load
WARNING: [Synth 8-7129] Port auto_control_xing_in_a_bits_address[22] in module TLSPI is either unconnected or has no load
WARNING: [Synth 8-7129] Port auto_control_xing_in_a_bits_address[21] in module TLSPI is either unconnected or has no load
WARNING: [Synth 8-7129] Port auto_control_xing_in_a_bits_address[20] in module TLSPI is either unconnected or has no load
WARNING: [Synth 8-7129] Port auto_control_xing_in_a_bits_address[19] in module TLSPI is either unconnected or has no load
WARNING: [Synth 8-7129] Port auto_control_xing_in_a_bits_address[18] in module TLSPI is either unconnected or has no load
WARNING: [Synth 8-7129] Port auto_control_xing_in_a_bits_address[17] in module TLSPI is either unconnected or has no load
WARNING: [Synth 8-7129] Port auto_control_xing_in_a_bits_address[16] in module TLSPI is either unconnected or has no load
WARNING: [Synth 8-7129] Port auto_control_xing_in_a_bits_address[15] in module TLSPI is either unconnected or has no load
WARNING: [Synth 8-7129] Port auto_control_xing_in_a_bits_address[14] in module TLSPI is either unconnected or has no load
WARNING: [Synth 8-7129] Port auto_control_xing_in_a_bits_address[13] in module TLSPI is either unconnected or has no load
WARNING: [Synth 8-7129] Port auto_control_xing_in_a_bits_address[12] in module TLSPI is either unconnected or has no load
WARNING: [Synth 8-7129] Port auto_control_xing_in_a_bits_address[2] in module TLSPI is either unconnected or has no load
WARNING: [Synth 8-7129] Port auto_control_xing_in_a_bits_address[1] in module TLSPI is either unconnected or has no load
WARNING: [Synth 8-7129] Port auto_control_xing_in_a_bits_address[0] in module TLSPI is either unconnected or has no load
WARNING: [Synth 8-7129] Port auto_control_xing_in_a_bits_mask[7] in module TLSPI is either unconnected or has no load
WARNING: [Synth 8-7129] Port auto_control_xing_in_a_bits_mask[5] in module TLSPI is either unconnected or has no load
WARNING: [Synth 8-7129] Port auto_control_xing_in_a_bits_data[63] in module TLSPI is either unconnected or has no load
WARNING: [Synth 8-7129] Port auto_control_xing_in_a_bits_data[62] in module TLSPI is either unconnected or has no load
WARNING: [Synth 8-7129] Port auto_control_xing_in_a_bits_data[61] in module TLSPI is either unconnected or has no load
WARNING: [Synth 8-7129] Port auto_control_xing_in_a_bits_data[60] in module TLSPI is either unconnected or has no load
WARNING: [Synth 8-7129] Port auto_control_xing_in_a_bits_data[59] in module TLSPI is either unconnected or has no load
WARNING: [Synth 8-7129] Port auto_control_xing_in_a_bits_data[58] in module TLSPI is either unconnected or has no load
WARNING: [Synth 8-7129] Port auto_control_xing_in_a_bits_data[57] in module TLSPI is either unconnected or has no load
WARNING: [Synth 8-7129] Port auto_control_xing_in_a_bits_data[56] in module TLSPI is either unconnected or has no load
WARNING: [Synth 8-7129] Port auto_control_xing_in_a_bits_data[47] in module TLSPI is either unconnected or has no load
WARNING: [Synth 8-7129] Port auto_control_xing_in_a_bits_data[46] in module TLSPI is either unconnected or has no load
WARNING: [Synth 8-7129] Port auto_control_xing_in_a_bits_data[45] in module TLSPI is either unconnected or has no load
WARNING: [Synth 8-7129] Port auto_control_xing_in_a_bits_data[44] in module TLSPI is either unconnected or has no load
WARNING: [Synth 8-7129] Port auto_control_xing_in_a_bits_data[43] in module TLSPI is either unconnected or has no load
WARNING: [Synth 8-7129] Port auto_control_xing_in_a_bits_data[42] in module TLSPI is either unconnected or has no load
WARNING: [Synth 8-7129] Port auto_control_xing_in_a_bits_data[41] in module TLSPI is either unconnected or has no load
WARNING: [Synth 8-7129] Port auto_control_xing_in_a_bits_data[40] in module TLSPI is either unconnected or has no load
WARNING: [Synth 8-7129] Port auto_control_xing_in_a_bits_data[30] in module TLSPI is either unconnected or has no load
WARNING: [Synth 8-7129] Port auto_control_xing_in_a_bits_data[29] in module TLSPI is either unconnected or has no load
WARNING: [Synth 8-7129] Port auto_control_xing_in_a_bits_data[28] in module TLSPI is either unconnected or has no load
WARNING: [Synth 8-7129] Port auto_control_xing_in_a_bits_data[27] in module TLSPI is either unconnected or has no load
WARNING: [Synth 8-7129] Port auto_control_xing_in_a_bits_data[26] in module TLSPI is either unconnected or has no load
WARNING: [Synth 8-7129] Port auto_control_xing_in_a_bits_data[25] in module TLSPI is either unconnected or has no load
WARNING: [Synth 8-7129] Port auto_control_xing_in_a_bits_data[24] in module TLSPI is either unconnected or has no load
WARNING: [Synth 8-7129] Port auto_control_xing_in_a_bits_data[15] in module TLSPI is either unconnected or has no load
WARNING: [Synth 8-7129] Port auto_control_xing_in_a_bits_data[14] in module TLSPI is either unconnected or has no load
WARNING: [Synth 8-7129] Port auto_control_xing_in_a_bits_data[13] in module TLSPI is either unconnected or has no load
WARNING: [Synth 8-7129] Port auto_control_xing_in_a_bits_data[12] in module TLSPI is either unconnected or has no load
WARNING: [Synth 8-7129] Port auto_control_xing_in_a_bits_address[30] in module TLUART is either unconnected or has no load
WARNING: [Synth 8-7129] Port auto_control_xing_in_a_bits_address[29] in module TLUART is either unconnected or has no load
WARNING: [Synth 8-7129] Port auto_control_xing_in_a_bits_address[28] in module TLUART is either unconnected or has no load
WARNING: [Synth 8-7129] Port auto_control_xing_in_a_bits_address[27] in module TLUART is either unconnected or has no load
WARNING: [Synth 8-7129] Port auto_control_xing_in_a_bits_address[26] in module TLUART is either unconnected or has no load
WARNING: [Synth 8-7129] Port auto_control_xing_in_a_bits_address[25] in module TLUART is either unconnected or has no load
WARNING: [Synth 8-7129] Port auto_control_xing_in_a_bits_address[24] in module TLUART is either unconnected or has no load
WARNING: [Synth 8-7129] Port auto_control_xing_in_a_bits_address[23] in module TLUART is either unconnected or has no load
WARNING: [Synth 8-7129] Port auto_control_xing_in_a_bits_address[22] in module TLUART is either unconnected or has no load
WARNING: [Synth 8-7129] Port auto_control_xing_in_a_bits_address[21] in module TLUART is either unconnected or has no load
WARNING: [Synth 8-7129] Port auto_control_xing_in_a_bits_address[20] in module TLUART is either unconnected or has no load
WARNING: [Synth 8-7129] Port auto_control_xing_in_a_bits_address[19] in module TLUART is either unconnected or has no load
WARNING: [Synth 8-7129] Port auto_control_xing_in_a_bits_address[18] in module TLUART is either unconnected or has no load
WARNING: [Synth 8-7129] Port auto_control_xing_in_a_bits_address[17] in module TLUART is either unconnected or has no load
WARNING: [Synth 8-7129] Port auto_control_xing_in_a_bits_address[16] in module TLUART is either unconnected or has no load
WARNING: [Synth 8-7129] Port auto_control_xing_in_a_bits_address[15] in module TLUART is either unconnected or has no load
WARNING: [Synth 8-7129] Port auto_control_xing_in_a_bits_address[14] in module TLUART is either unconnected or has no load
WARNING: [Synth 8-7129] Port auto_control_xing_in_a_bits_address[13] in module TLUART is either unconnected or has no load
WARNING: [Synth 8-7129] Port auto_control_xing_in_a_bits_address[12] in module TLUART is either unconnected or has no load
WARNING: [Synth 8-7129] Port auto_control_xing_in_a_bits_address[2] in module TLUART is either unconnected or has no load
WARNING: [Synth 8-7129] Port auto_control_xing_in_a_bits_address[1] in module TLUART is either unconnected or has no load
WARNING: [Synth 8-7129] Port auto_control_xing_in_a_bits_address[0] in module TLUART is either unconnected or has no load
WARNING: [Synth 8-7129] Port auto_control_xing_in_a_bits_mask[7] in module TLUART is either unconnected or has no load
WARNING: [Synth 8-7129] Port auto_control_xing_in_a_bits_mask[5] in module TLUART is either unconnected or has no load
WARNING: [Synth 8-7129] Port auto_control_xing_in_a_bits_data[63] in module TLUART is either unconnected or has no load
WARNING: [Synth 8-7129] Port auto_control_xing_in_a_bits_data[62] in module TLUART is either unconnected or has no load
WARNING: [Synth 8-7129] Port auto_control_xing_in_a_bits_data[61] in module TLUART is either unconnected or has no load
WARNING: [Synth 8-7129] Port auto_control_xing_in_a_bits_data[60] in module TLUART is either unconnected or has no load
WARNING: [Synth 8-7129] Port auto_control_xing_in_a_bits_data[59] in module TLUART is either unconnected or has no load
WARNING: [Synth 8-7129] Port auto_control_xing_in_a_bits_data[58] in module TLUART is either unconnected or has no load
WARNING: [Synth 8-7129] Port auto_control_xing_in_a_bits_data[57] in module TLUART is either unconnected or has no load
WARNING: [Synth 8-7129] Port auto_control_xing_in_a_bits_data[56] in module TLUART is either unconnected or has no load
WARNING: [Synth 8-7129] Port auto_control_xing_in_a_bits_data[55] in module TLUART is either unconnected or has no load
WARNING: [Synth 8-7129] Port auto_control_xing_in_a_bits_data[54] in module TLUART is either unconnected or has no load
WARNING: [Synth 8-7129] Port auto_control_xing_in_a_bits_data[53] in module TLUART is either unconnected or has no load
WARNING: [Synth 8-7129] Port auto_control_xing_in_a_bits_data[52] in module TLUART is either unconnected or has no load
WARNING: [Synth 8-7129] Port auto_control_xing_in_a_bits_data[47] in module TLUART is either unconnected or has no load
WARNING: [Synth 8-7129] Port auto_control_xing_in_a_bits_data[46] in module TLUART is either unconnected or has no load
WARNING: [Synth 8-7129] Port auto_control_xing_in_a_bits_data[45] in module TLUART is either unconnected or has no load
WARNING: [Synth 8-7129] Port auto_control_xing_in_a_bits_data[44] in module TLUART is either unconnected or has no load
WARNING: [Synth 8-7129] Port auto_control_xing_in_a_bits_data[43] in module TLUART is either unconnected or has no load
WARNING: [Synth 8-7129] Port auto_control_xing_in_a_bits_data[42] in module TLUART is either unconnected or has no load
WARNING: [Synth 8-7129] Port auto_control_xing_in_a_bits_data[41] in module TLUART is either unconnected or has no load
WARNING: [Synth 8-7129] Port auto_control_xing_in_a_bits_data[40] in module TLUART is either unconnected or has no load
WARNING: [Synth 8-7129] Port auto_control_xing_in_a_bits_data[39] in module TLUART is either unconnected or has no load
WARNING: [Synth 8-7129] Port auto_control_xing_in_a_bits_data[38] in module TLUART is either unconnected or has no load
WARNING: [Synth 8-7129] Port auto_control_xing_in_a_bits_data[37] in module TLUART is either unconnected or has no load
WARNING: [Synth 8-7129] Port auto_control_xing_in_a_bits_data[36] in module TLUART is either unconnected or has no load
WARNING: [Synth 8-7129] Port auto_control_xing_in_a_bits_data[35] in module TLUART is either unconnected or has no load
WARNING: [Synth 8-7129] Port auto_control_xing_in_a_bits_data[34] in module TLUART is either unconnected or has no load
WARNING: [Synth 8-7129] Port auto_control_xing_in_a_bits_data[33] in module TLUART is either unconnected or has no load
WARNING: [Synth 8-7129] Port auto_control_xing_in_a_bits_data[30] in module TLUART is either unconnected or has no load
WARNING: [Synth 8-7129] Port auto_control_xing_in_a_bits_data[29] in module TLUART is either unconnected or has no load
WARNING: [Synth 8-7129] Port auto_control_xing_in_a_bits_data[28] in module TLUART is either unconnected or has no load
WARNING: [Synth 8-7129] Port auto_control_xing_in_a_bits_data[27] in module TLUART is either unconnected or has no load
WARNING: [Synth 8-7129] Port auto_control_xing_in_a_bits_data[26] in module TLUART is either unconnected or has no load
WARNING: [Synth 8-7129] Port auto_control_xing_in_a_bits_data[25] in module TLUART is either unconnected or has no load
WARNING: [Synth 8-7129] Port auto_control_xing_in_a_bits_data[24] in module TLUART is either unconnected or has no load
WARNING: [Synth 8-7129] Port auto_control_xing_in_a_bits_data[23] in module TLUART is either unconnected or has no load
WARNING: [Synth 8-7129] Port auto_control_xing_in_a_bits_data[22] in module TLUART is either unconnected or has no load
WARNING: [Synth 8-7129] Port auto_control_xing_in_a_bits_data[21] in module TLUART is either unconnected or has no load
WARNING: [Synth 8-7129] Port auto_control_xing_in_a_bits_data[20] in module TLUART is either unconnected or has no load
WARNING: [Synth 8-7129] Port auto_in_a_bits_address[16] in module TLROM is either unconnected or has no load
WARNING: [Synth 8-7129] Port auto_in_a_bits_address[2] in module TLROM is either unconnected or has no load
WARNING: [Synth 8-7129] Port auto_in_a_bits_address[1] in module TLROM is either unconnected or has no load
WARNING: [Synth 8-7129] Port auto_in_a_bits_address[0] in module TLROM is either unconnected or has no load
WARNING: [Synth 8-7129] Port R0_en in module ram_2x10 is either unconnected or has no load
WARNING: [Synth 8-7129] Port R0_clk in module ram_2x10 is either unconnected or has no load
WARNING: [Synth 8-7129] Port io_enq_bits_opcode[2] in module Queue2_TLBundleD_a32d8s1k1z4u is either unconnected or has no load
WARNING: [Synth 8-7129] Port io_enq_bits_opcode[1] in module Queue2_TLBundleD_a32d8s1k1z4u is either unconnected or has no load
WARNING: [Synth 8-7129] Port io_enq_bits_opcode[0] in module Queue2_TLBundleD_a32d8s1k1z4u is either unconnected or has no load
WARNING: [Synth 8-7129] Port io_enq_bits_param[1] in module Queue2_TLBundleD_a32d8s1k1z4u is either unconnected or has no load
WARNING: [Synth 8-7129] Port io_enq_bits_param[0] in module Queue2_TLBundleD_a32d8s1k1z4u is either unconnected or has no load
WARNING: [Synth 8-7129] Port io_enq_bits_size[3] in module Queue2_TLBundleD_a32d8s1k1z4u is either unconnected or has no load
WARNING: [Synth 8-7129] Port io_enq_bits_size[2] in module Queue2_TLBundleD_a32d8s1k1z4u is either unconnected or has no load
WARNING: [Synth 8-7129] Port io_enq_bits_size[1] in module Queue2_TLBundleD_a32d8s1k1z4u is either unconnected or has no load
WARNING: [Synth 8-7129] Port io_enq_bits_size[0] in module Queue2_TLBundleD_a32d8s1k1z4u is either unconnected or has no load
WARNING: [Synth 8-7129] Port io_enq_bits_sink in module Queue2_TLBundleD_a32d8s1k1z4u is either unconnected or has no load
WARNING: [Synth 8-7129] Port io_dataIn[127] in module SBToTL is either unconnected or has no load
WARNING: [Synth 8-7129] Port io_dataIn[126] in module SBToTL is either unconnected or has no load
WARNING: [Synth 8-7129] Port io_dataIn[125] in module SBToTL is either unconnected or has no load
WARNING: [Synth 8-7129] Port io_dataIn[124] in module SBToTL is either unconnected or has no load
WARNING: [Synth 8-7129] Port io_dataIn[123] in module SBToTL is either unconnected or has no load
WARNING: [Synth 8-7129] Port io_dataIn[122] in module SBToTL is either unconnected or has no load
WARNING: [Synth 8-7129] Port io_dataIn[121] in module SBToTL is either unconnected or has no load
WARNING: [Synth 8-7129] Port io_dataIn[120] in module SBToTL is either unconnected or has no load
WARNING: [Synth 8-7129] Port io_dataIn[119] in module SBToTL is either unconnected or has no load
WARNING: [Synth 8-7129] Port io_dataIn[118] in module SBToTL is either unconnected or has no load
WARNING: [Synth 8-7129] Port io_dataIn[117] in module SBToTL is either unconnected or has no load
WARNING: [Synth 8-7129] Port io_dataIn[116] in module SBToTL is either unconnected or has no load
WARNING: [Synth 8-7129] Port io_dataIn[115] in module SBToTL is either unconnected or has no load
WARNING: [Synth 8-7129] Port io_dataIn[114] in module SBToTL is either unconnected or has no load
WARNING: [Synth 8-7129] Port io_dataIn[113] in module SBToTL is either unconnected or has no load
WARNING: [Synth 8-7129] Port io_dataIn[112] in module SBToTL is either unconnected or has no load
WARNING: [Synth 8-7129] Port io_dataIn[111] in module SBToTL is either unconnected or has no load
WARNING: [Synth 8-7129] Port io_dataIn[110] in module SBToTL is either unconnected or has no load
WARNING: [Synth 8-7129] Port io_dataIn[109] in module SBToTL is either unconnected or has no load
WARNING: [Synth 8-7129] Port io_dataIn[108] in module SBToTL is either unconnected or has no load
WARNING: [Synth 8-7129] Port io_dataIn[107] in module SBToTL is either unconnected or has no load
WARNING: [Synth 8-7129] Port io_dataIn[106] in module SBToTL is either unconnected or has no load
WARNING: [Synth 8-7129] Port io_dataIn[105] in module SBToTL is either unconnected or has no load
WARNING: [Synth 8-7129] Port io_dataIn[104] in module SBToTL is either unconnected or has no load
WARNING: [Synth 8-7129] Port io_dataIn[103] in module SBToTL is either unconnected or has no load
WARNING: [Synth 8-7129] Port io_dataIn[102] in module SBToTL is either unconnected or has no load
WARNING: [Synth 8-7129] Port io_dataIn[101] in module SBToTL is either unconnected or has no load
WARNING: [Synth 8-7129] Port io_dataIn[100] in module SBToTL is either unconnected or has no load
WARNING: [Synth 8-7129] Port io_dataIn[99] in module SBToTL is either unconnected or has no load
WARNING: [Synth 8-7129] Port io_dataIn[98] in module SBToTL is either unconnected or has no load
WARNING: [Synth 8-7129] Port io_dataIn[97] in module SBToTL is either unconnected or has no load
WARNING: [Synth 8-7129] Port io_dataIn[96] in module SBToTL is either unconnected or has no load
WARNING: [Synth 8-7129] Port io_dataIn[95] in module SBToTL is either unconnected or has no load
WARNING: [Synth 8-7129] Port io_dataIn[94] in module SBToTL is either unconnected or has no load
WARNING: [Synth 8-7129] Port io_dataIn[93] in module SBToTL is either unconnected or has no load
WARNING: [Synth 8-7129] Port io_dataIn[92] in module SBToTL is either unconnected or has no load
WARNING: [Synth 8-7129] Port io_dataIn[91] in module SBToTL is either unconnected or has no load
WARNING: [Synth 8-7129] Port io_dataIn[90] in module SBToTL is either unconnected or has no load
WARNING: [Synth 8-7129] Port io_dataIn[89] in module SBToTL is either unconnected or has no load
WARNING: [Synth 8-7129] Port io_dataIn[88] in module SBToTL is either unconnected or has no load
WARNING: [Synth 8-7129] Port io_dataIn[87] in module SBToTL is either unconnected or has no load
WARNING: [Synth 8-7129] Port io_dataIn[86] in module SBToTL is either unconnected or has no load
WARNING: [Synth 8-7129] Port io_dataIn[85] in module SBToTL is either unconnected or has no load
WARNING: [Synth 8-7129] Port io_dataIn[84] in module SBToTL is either unconnected or has no load
WARNING: [Synth 8-7129] Port io_dataIn[83] in module SBToTL is either unconnected or has no load
WARNING: [Synth 8-7129] Port io_dataIn[82] in module SBToTL is either unconnected or has no load
WARNING: [Synth 8-7129] Port io_dataIn[81] in module SBToTL is either unconnected or has no load
WARNING: [Synth 8-7129] Port io_dataIn[80] in module SBToTL is either unconnected or has no load
WARNING: [Synth 8-7129] Port io_dataIn[79] in module SBToTL is either unconnected or has no load
WARNING: [Synth 8-7129] Port io_dataIn[78] in module SBToTL is either unconnected or has no load
WARNING: [Synth 8-7129] Port io_dataIn[77] in module SBToTL is either unconnected or has no load
WARNING: [Synth 8-7129] Port io_dataIn[76] in module SBToTL is either unconnected or has no load
WARNING: [Synth 8-7129] Port io_dataIn[75] in module SBToTL is either unconnected or has no load
WARNING: [Synth 8-7129] Port io_dataIn[74] in module SBToTL is either unconnected or has no load
WARNING: [Synth 8-7129] Port io_dataIn[73] in module SBToTL is either unconnected or has no load
WARNING: [Synth 8-7129] Port io_dataIn[72] in module SBToTL is either unconnected or has no load
WARNING: [Synth 8-7129] Port io_dataIn[71] in module SBToTL is either unconnected or has no load
WARNING: [Synth 8-7129] Port io_dataIn[70] in module SBToTL is either unconnected or has no load
WARNING: [Synth 8-7129] Port io_dataIn[69] in module SBToTL is either unconnected or has no load
WARNING: [Synth 8-7129] Port io_dataIn[68] in module SBToTL is either unconnected or has no load
WARNING: [Synth 8-7129] Port io_dataIn[67] in module SBToTL is either unconnected or has no load
WARNING: [Synth 8-7129] Port io_dataIn[66] in module SBToTL is either unconnected or has no load
WARNING: [Synth 8-7129] Port io_dataIn[65] in module SBToTL is either unconnected or has no load
WARNING: [Synth 8-7129] Port io_dataIn[64] in module SBToTL is either unconnected or has no load
WARNING: [Synth 8-7129] Port auto_tl_in_a_bits_address[2] in module TLDebugModuleInner is either unconnected or has no load
WARNING: [Synth 8-7129] Port auto_tl_in_a_bits_address[1] in module TLDebugModuleInner is either unconnected or has no load
WARNING: [Synth 8-7129] Port auto_tl_in_a_bits_address[0] in module TLDebugModuleInner is either unconnected or has no load
WARNING: [Synth 8-7129] Port auto_dmi_in_a_bits_address[1] in module TLDebugModuleInner is either unconnected or has no load
WARNING: [Synth 8-7129] Port auto_dmi_in_a_bits_address[0] in module TLDebugModuleInner is either unconnected or has no load
WARNING: [Synth 8-7129] Port auto_out_1_d_bits_opcode[0] in module TLBusBypassBar is either unconnected or has no load
WARNING: [Synth 8-7129] Port auto_out_0_d_bits_opcode[0] in module TLBusBypassBar is either unconnected or has no load
WARNING: [Synth 8-7129] Port auto_dmi_in_a_bits_address[6] in module TLDebugModuleOuter is either unconnected or has no load
WARNING: [Synth 8-7129] Port auto_dmi_in_a_bits_address[5] in module TLDebugModuleOuter is either unconnected or has no load
WARNING: [Synth 8-7129] Port auto_dmi_in_a_bits_address[1] in module TLDebugModuleOuter is either unconnected or has no load
WARNING: [Synth 8-7129] Port auto_dmi_in_a_bits_address[0] in module TLDebugModuleOuter is either unconnected or has no load
WARNING: [Synth 8-7129] Port auto_dmi_in_a_bits_data[29] in module TLDebugModuleOuter is either unconnected or has no load
WARNING: [Synth 8-7129] Port auto_dmi_in_a_bits_data[27] in module TLDebugModuleOuter is either unconnected or has no load
WARNING: [Synth 8-7129] Port auto_dmi_in_a_bits_data[26] in module TLDebugModuleOuter is either unconnected or has no load
WARNING: [Synth 8-7129] Port auto_dmi_in_a_bits_data[25] in module TLDebugModuleOuter is either unconnected or has no load
WARNING: [Synth 8-7129] Port auto_dmi_in_a_bits_data[24] in module TLDebugModuleOuter is either unconnected or has no load
WARNING: [Synth 8-7129] Port auto_dmi_in_a_bits_data[23] in module TLDebugModuleOuter is either unconnected or has no load
WARNING: [Synth 8-7129] Port auto_dmi_in_a_bits_data[22] in module TLDebugModuleOuter is either unconnected or has no load
WARNING: [Synth 8-7129] Port auto_dmi_in_a_bits_data[21] in module TLDebugModuleOuter is either unconnected or has no load
WARNING: [Synth 8-7129] Port auto_dmi_in_a_bits_data[20] in module TLDebugModuleOuter is either unconnected or has no load
WARNING: [Synth 8-7129] Port auto_dmi_in_a_bits_data[19] in module TLDebugModuleOuter is either unconnected or has no load
WARNING: [Synth 8-7129] Port auto_dmi_in_a_bits_data[18] in module TLDebugModuleOuter is either unconnected or has no load
WARNING: [Synth 8-7129] Port auto_dmi_in_a_bits_data[17] in module TLDebugModuleOuter is either unconnected or has no load
WARNING: [Synth 8-7129] Port auto_dmi_in_a_bits_data[16] in module TLDebugModuleOuter is either unconnected or has no load
WARNING: [Synth 8-7129] Port auto_dmi_in_a_bits_data[15] in module TLDebugModuleOuter is either unconnected or has no load
WARNING: [Synth 8-7129] Port auto_dmi_in_a_bits_data[14] in module TLDebugModuleOuter is either unconnected or has no load
WARNING: [Synth 8-7129] Port auto_dmi_in_a_bits_data[13] in module TLDebugModuleOuter is either unconnected or has no load
WARNING: [Synth 8-7129] Port auto_dmi_in_a_bits_data[12] in module TLDebugModuleOuter is either unconnected or has no load
WARNING: [Synth 8-7129] Port auto_dmi_in_a_bits_data[11] in module TLDebugModuleOuter is either unconnected or has no load
WARNING: [Synth 8-7129] Port auto_dmi_in_a_bits_data[10] in module TLDebugModuleOuter is either unconnected or has no load
WARNING: [Synth 8-7129] Port auto_dmi_in_a_bits_data[9] in module TLDebugModuleOuter is either unconnected or has no load
WARNING: [Synth 8-7129] Port auto_dmi_in_a_bits_data[8] in module TLDebugModuleOuter is either unconnected or has no load
WARNING: [Synth 8-7129] Port auto_dmi_in_a_bits_data[7] in module TLDebugModuleOuter is either unconnected or has no load
WARNING: [Synth 8-7129] Port auto_dmi_in_a_bits_data[6] in module TLDebugModuleOuter is either unconnected or has no load
WARNING: [Synth 8-7129] Port auto_dmi_in_a_bits_data[5] in module TLDebugModuleOuter is either unconnected or has no load
WARNING: [Synth 8-7129] Port auto_dmi_in_a_bits_data[4] in module TLDebugModuleOuter is either unconnected or has no load
WARNING: [Synth 8-7129] Port auto_in_a_bits_address[27] in module TLPLIC is either unconnected or has no load
WARNING: [Synth 8-7129] Port auto_in_a_bits_address[26] in module TLPLIC is either unconnected or has no load
WARNING: [Synth 8-7129] Port auto_in_a_bits_address[2] in module TLPLIC is either unconnected or has no load
WARNING: [Synth 8-7129] Port auto_in_a_bits_address[1] in module TLPLIC is either unconnected or has no load
WARNING: [Synth 8-7129] Port auto_in_a_bits_address[0] in module TLPLIC is either unconnected or has no load
WARNING: [Synth 8-7129] Port auto_in_a_bits_address[25] in module CLINT is either unconnected or has no load
WARNING: [Synth 8-7129] Port auto_in_a_bits_address[24] in module CLINT is either unconnected or has no load
WARNING: [Synth 8-7129] Port auto_in_a_bits_address[23] in module CLINT is either unconnected or has no load
WARNING: [Synth 8-7129] Port auto_in_a_bits_address[22] in module CLINT is either unconnected or has no load
WARNING: [Synth 8-7129] Port auto_in_a_bits_address[21] in module CLINT is either unconnected or has no load
WARNING: [Synth 8-7129] Port auto_in_a_bits_address[20] in module CLINT is either unconnected or has no load
WARNING: [Synth 8-7129] Port auto_in_a_bits_address[19] in module CLINT is either unconnected or has no load
WARNING: [Synth 8-7129] Port auto_in_a_bits_address[18] in module CLINT is either unconnected or has no load
WARNING: [Synth 8-7129] Port auto_in_a_bits_address[17] in module CLINT is either unconnected or has no load
WARNING: [Synth 8-7129] Port auto_in_a_bits_address[16] in module CLINT is either unconnected or has no load
WARNING: [Synth 8-7129] Port auto_in_a_bits_address[2] in module CLINT is either unconnected or has no load
WARNING: [Synth 8-7129] Port auto_in_a_bits_address[1] in module CLINT is either unconnected or has no load
WARNING: [Synth 8-7129] Port auto_in_a_bits_address[0] in module CLINT is either unconnected or has no load
WARNING: [Synth 8-7129] Port R0_en in module ram_2x46 is either unconnected or has no load
WARNING: [Synth 8-7129] Port R0_clk in module ram_2x46 is either unconnected or has no load
WARNING: [Synth 8-7129] Port R0_en in module ram_2x80 is either unconnected or has no load
WARNING: [Synth 8-7129] Port R0_clk in module ram_2x80 is either unconnected or has no load
WARNING: [Synth 8-7129] Port io_enq_bits_corrupt in module Queue2_TLBundleA_a32d32s3k1z3u is either unconnected or has no load
WARNING: [Synth 8-7129] Port R0_en in module ram_2x77 is either unconnected or has no load
WARNING: [Synth 8-7129] Port R0_clk in module ram_2x77 is either unconnected or has no load
WARNING: [Synth 8-7129] Port R0_en in module ram_2x116 is either unconnected or has no load
WARNING: [Synth 8-7129] Port R0_clk in module ram_2x116 is either unconnected or has no load
WARNING: [Synth 8-7129] Port clock in module PlusArgTimeout is either unconnected or has no load
WARNING: [Synth 8-7129] Port reset in module PlusArgTimeout is either unconnected or has no load
WARNING: [Synth 8-7129] Port io_count[31] in module PlusArgTimeout is either unconnected or has no load
WARNING: [Synth 8-7129] Port io_count[30] in module PlusArgTimeout is either unconnected or has no load
WARNING: [Synth 8-7129] Port io_count[29] in module PlusArgTimeout is either unconnected or has no load
WARNING: [Synth 8-7129] Port io_count[28] in module PlusArgTimeout is either unconnected or has no load
WARNING: [Synth 8-7129] Port io_count[27] in module PlusArgTimeout is either unconnected or has no load
WARNING: [Synth 8-7129] Port io_count[26] in module PlusArgTimeout is either unconnected or has no load
WARNING: [Synth 8-7129] Port io_count[25] in module PlusArgTimeout is either unconnected or has no load
WARNING: [Synth 8-7129] Port io_count[24] in module PlusArgTimeout is either unconnected or has no load
WARNING: [Synth 8-7129] Port io_count[23] in module PlusArgTimeout is either unconnected or has no load
WARNING: [Synth 8-7129] Port io_count[22] in module PlusArgTimeout is either unconnected or has no load
WARNING: [Synth 8-7129] Port io_count[21] in module PlusArgTimeout is either unconnected or has no load
WARNING: [Synth 8-7129] Port io_count[20] in module PlusArgTimeout is either unconnected or has no load
WARNING: [Synth 8-7129] Port io_count[19] in module PlusArgTimeout is either unconnected or has no load
WARNING: [Synth 8-7129] Port io_count[18] in module PlusArgTimeout is either unconnected or has no load
WARNING: [Synth 8-7129] Port io_count[17] in module PlusArgTimeout is either unconnected or has no load
WARNING: [Synth 8-7129] Port io_count[16] in module PlusArgTimeout is either unconnected or has no load
WARNING: [Synth 8-7129] Port io_count[15] in module PlusArgTimeout is either unconnected or has no load
WARNING: [Synth 8-7129] Port io_count[14] in module PlusArgTimeout is either unconnected or has no load
WARNING: [Synth 8-7129] Port io_count[13] in module PlusArgTimeout is either unconnected or has no load
WARNING: [Synth 8-7129] Port io_count[12] in module PlusArgTimeout is either unconnected or has no load
WARNING: [Synth 8-7129] Port io_count[11] in module PlusArgTimeout is either unconnected or has no load
WARNING: [Synth 8-7129] Port io_count[10] in module PlusArgTimeout is either unconnected or has no load
WARNING: [Synth 8-7129] Port io_count[9] in module PlusArgTimeout is either unconnected or has no load
WARNING: [Synth 8-7129] Port io_count[8] in module PlusArgTimeout is either unconnected or has no load
WARNING: [Synth 8-7129] Port io_count[7] in module PlusArgTimeout is either unconnected or has no load
WARNING: [Synth 8-7129] Port io_count[6] in module PlusArgTimeout is either unconnected or has no load
WARNING: [Synth 8-7129] Port io_count[5] in module PlusArgTimeout is either unconnected or has no load
WARNING: [Synth 8-7129] Port io_count[4] in module PlusArgTimeout is either unconnected or has no load
WARNING: [Synth 8-7129] Port io_count[3] in module PlusArgTimeout is either unconnected or has no load
WARNING: [Synth 8-7129] Port io_count[2] in module PlusArgTimeout is either unconnected or has no load
WARNING: [Synth 8-7129] Port io_count[1] in module PlusArgTimeout is either unconnected or has no load
WARNING: [Synth 8-7129] Port io_count[0] in module PlusArgTimeout is either unconnected or has no load
WARNING: [Synth 8-7129] Port io_req_bits_fn[4] in module MulDiv is either unconnected or has no load
WARNING: [Synth 8-7129] Port io_req_bits_fn[3] in module MulDiv is either unconnected or has no load
WARNING: [Synth 8-7129] Port io_decode_0_inst[19] in module CSRFile is either unconnected or has no load
WARNING: [Synth 8-7129] Port io_decode_0_inst[18] in module CSRFile is either unconnected or has no load
WARNING: [Synth 8-7129] Port io_decode_0_inst[17] in module CSRFile is either unconnected or has no load
WARNING: [Synth 8-7129] Port io_decode_0_inst[16] in module CSRFile is either unconnected or has no load
WARNING: [Synth 8-7129] Port io_decode_0_inst[15] in module CSRFile is either unconnected or has no load
WARNING: [Synth 8-7129] Port io_decode_0_inst[14] in module CSRFile is either unconnected or has no load
WARNING: [Synth 8-7129] Port io_decode_0_inst[13] in module CSRFile is either unconnected or has no load
WARNING: [Synth 8-7129] Port io_decode_0_inst[12] in module CSRFile is either unconnected or has no load
WARNING: [Synth 8-7129] Port io_decode_0_inst[11] in module CSRFile is either unconnected or has no load
WARNING: [Synth 8-7129] Port io_decode_0_inst[10] in module CSRFile is either unconnected or has no load
WARNING: [Synth 8-7129] Port io_decode_0_inst[9] in module CSRFile is either unconnected or has no load
WARNING: [Synth 8-7129] Port io_decode_0_inst[8] in module CSRFile is either unconnected or has no load
WARNING: [Synth 8-7129] Port io_decode_0_inst[7] in module CSRFile is either unconnected or has no load
WARNING: [Synth 8-7129] Port io_decode_0_inst[6] in module CSRFile is either unconnected or has no load
WARNING: [Synth 8-7129] Port io_decode_0_inst[5] in module CSRFile is either unconnected or has no load
WARNING: [Synth 8-7129] Port io_decode_0_inst[4] in module CSRFile is either unconnected or has no load
WARNING: [Synth 8-7129] Port io_decode_0_inst[3] in module CSRFile is either unconnected or has no load
WARNING: [Synth 8-7129] Port io_decode_0_inst[2] in module CSRFile is either unconnected or has no load
WARNING: [Synth 8-7129] Port io_decode_0_inst[1] in module CSRFile is either unconnected or has no load
WARNING: [Synth 8-7129] Port io_decode_0_inst[0] in module CSRFile is either unconnected or has no load
WARNING: [Synth 8-7129] Port io_gva in module CSRFile is either unconnected or has no load
WARNING: [Synth 8-7129] Port R0_en in module rf_31x32 is either unconnected or has no load
WARNING: [Synth 8-7129] Port R0_clk in module rf_31x32 is either unconnected or has no load
WARNING: [Synth 8-7129] Port R1_en in module rf_31x32 is either unconnected or has no load
WARNING: [Synth 8-7129] Port R1_clk in module rf_31x32 is either unconnected or has no load
WARNING: [Synth 8-7129] Port io_dmem_resp_bits_tag[6] in module Rocket is either unconnected or has no load
WARNING: [Synth 8-7129] Port io_in_0_bits_bits_need_gpa in module Arbiter2_Valid_PTWReq is either unconnected or has no load
WARNING: [Synth 8-7129] Port io_in_0_bits_bits_stage2 in module Arbiter2_Valid_PTWReq is either unconnected or has no load
WARNING: [Synth 8-7129] Port clock in module PTW is either unconnected or has no load
WARNING: [Synth 8-7129] Port io_requestor_0_req_bits_tag[6] in module HellaCacheArbiter is either unconnected or has no load
WARNING: [Synth 8-7129] Port io_paddr[11] in module PMAChecker is either unconnected or has no load
WARNING: [Synth 8-7129] Port io_paddr[10] in module PMAChecker is either unconnected or has no load
WARNING: [Synth 8-7129] Port io_paddr[9] in module PMAChecker is either unconnected or has no load
WARNING: [Synth 8-7129] Port io_paddr[8] in module PMAChecker is either unconnected or has no load
WARNING: [Synth 8-7129] Port io_paddr[7] in module PMAChecker is either unconnected or has no load
WARNING: [Synth 8-7129] Port io_paddr[6] in module PMAChecker is either unconnected or has no load
WARNING: [Synth 8-7129] Port io_paddr[5] in module PMAChecker is either unconnected or has no load
WARNING: [Synth 8-7129] Port io_paddr[4] in module PMAChecker is either unconnected or has no load
WARNING: [Synth 8-7129] Port io_paddr[3] in module PMAChecker is either unconnected or has no load
WARNING: [Synth 8-7129] Port io_paddr[2] in module PMAChecker is either unconnected or has no load
WARNING: [Synth 8-7129] Port io_paddr[1] in module PMAChecker is either unconnected or has no load
WARNING: [Synth 8-7129] Port io_paddr[0] in module PMAChecker is either unconnected or has no load
WARNING: [Synth 8-7129] Port io_prv[0] in module PMPChecker_s2 is either unconnected or has no load
WARNING: [Synth 8-7129] Port auto_master_out_d_bits_opcode[2] in module ICache is either unconnected or has no load
WARNING: [Synth 8-7129] Port auto_master_out_d_bits_opcode[1] in module ICache is either unconnected or has no load
WARNING: [Synth 8-7129] Port io_req_bits_addr[31] in module ICache is either unconnected or has no load
WARNING: [Synth 8-7129] Port io_req_bits_addr[30] in module ICache is either unconnected or has no load
WARNING: [Synth 8-7129] Port io_req_bits_addr[29] in module ICache is either unconnected or has no load
WARNING: [Synth 8-7129] Port io_req_bits_addr[28] in module ICache is either unconnected or has no load
WARNING: [Synth 8-7129] Port io_req_bits_addr[27] in module ICache is either unconnected or has no load
WARNING: [Synth 8-7129] Port io_req_bits_addr[26] in module ICache is either unconnected or has no load
WARNING: [Synth 8-7129] Port io_req_bits_addr[25] in module ICache is either unconnected or has no load
WARNING: [Synth 8-7129] Port io_req_bits_addr[24] in module ICache is either unconnected or has no load
WARNING: [Synth 8-7129] Port io_req_bits_addr[23] in module ICache is either unconnected or has no load
WARNING: [Synth 8-7129] Port io_req_bits_addr[22] in module ICache is either unconnected or has no load
WARNING: [Synth 8-7129] Port io_req_bits_addr[21] in module ICache is either unconnected or has no load
WARNING: [Synth 8-7129] Port io_req_bits_addr[20] in module ICache is either unconnected or has no load
WARNING: [Synth 8-7129] Port io_req_bits_addr[19] in module ICache is either unconnected or has no load
WARNING: [Synth 8-7129] Port io_req_bits_addr[18] in module ICache is either unconnected or has no load
WARNING: [Synth 8-7129] Port io_req_bits_addr[17] in module ICache is either unconnected or has no load
WARNING: [Synth 8-7129] Port io_req_bits_addr[16] in module ICache is either unconnected or has no load
WARNING: [Synth 8-7129] Port io_req_bits_addr[15] in module ICache is either unconnected or has no load
WARNING: [Synth 8-7129] Port io_req_bits_addr[14] in module ICache is either unconnected or has no load
WARNING: [Synth 8-7129] Port io_req_bits_addr[13] in module ICache is either unconnected or has no load
WARNING: [Synth 8-7129] Port io_req_bits_addr[12] in module ICache is either unconnected or has no load
WARNING: [Synth 8-7129] Port io_req_bits_addr[1] in module ICache is either unconnected or has no load
WARNING: [Synth 8-7129] Port io_req_bits_addr[0] in module ICache is either unconnected or has no load
WARNING: [Synth 8-7129] Port io_cpu_might_request in module Frontend is either unconnected or has no load
WARNING: [Synth 8-7129] Port io_cpu_req_bits_pc[0] in module Frontend is either unconnected or has no load
WARNING: [Synth 8-7129] Port io_cpu_btb_update_valid in module Frontend is either unconnected or has no load
WARNING: [Synth 8-7129] Port io_cpu_bht_update_valid in module Frontend is either unconnected or has no load
WARNING: [Synth 8-7129] Port io_ptw_customCSRs_csrs_0_value[31] in module Frontend is either unconnected or has no load
WARNING: [Synth 8-7129] Port io_ptw_customCSRs_csrs_0_value[30] in module Frontend is either unconnected or has no load
WARNING: [Synth 8-7129] Port io_ptw_customCSRs_csrs_0_value[29] in module Frontend is either unconnected or has no load
WARNING: [Synth 8-7129] Port io_ptw_customCSRs_csrs_0_value[28] in module Frontend is either unconnected or has no load
WARNING: [Synth 8-7129] Port io_ptw_customCSRs_csrs_0_value[27] in module Frontend is either unconnected or has no load
WARNING: [Synth 8-7129] Port io_ptw_customCSRs_csrs_0_value[26] in module Frontend is either unconnected or has no load
WARNING: [Synth 8-7129] Port io_ptw_customCSRs_csrs_0_value[25] in module Frontend is either unconnected or has no load
WARNING: [Synth 8-7129] Port io_ptw_customCSRs_csrs_0_value[24] in module Frontend is either unconnected or has no load
WARNING: [Synth 8-7129] Port io_ptw_customCSRs_csrs_0_value[23] in module Frontend is either unconnected or has no load
WARNING: [Synth 8-7129] Port io_ptw_customCSRs_csrs_0_value[22] in module Frontend is either unconnected or has no load
WARNING: [Synth 8-7129] Port io_ptw_customCSRs_csrs_0_value[21] in module Frontend is either unconnected or has no load
WARNING: [Synth 8-7129] Port io_ptw_customCSRs_csrs_0_value[20] in module Frontend is either unconnected or has no load
WARNING: [Synth 8-7129] Port io_ptw_customCSRs_csrs_0_value[19] in module Frontend is either unconnected or has no load
WARNING: [Synth 8-7129] Port io_ptw_customCSRs_csrs_0_value[18] in module Frontend is either unconnected or has no load
WARNING: [Synth 8-7129] Port io_ptw_customCSRs_csrs_0_value[17] in module Frontend is either unconnected or has no load
WARNING: [Synth 8-7129] Port io_ptw_customCSRs_csrs_0_value[16] in module Frontend is either unconnected or has no load
WARNING: [Synth 8-7129] Port io_ptw_customCSRs_csrs_0_value[15] in module Frontend is either unconnected or has no load
WARNING: [Synth 8-7129] Port io_ptw_customCSRs_csrs_0_value[14] in module Frontend is either unconnected or has no load
WARNING: [Synth 8-7129] Port io_ptw_customCSRs_csrs_0_value[13] in module Frontend is either unconnected or has no load
WARNING: [Synth 8-7129] Port io_ptw_customCSRs_csrs_0_value[12] in module Frontend is either unconnected or has no load
WARNING: [Synth 8-7129] Port io_ptw_customCSRs_csrs_0_value[11] in module Frontend is either unconnected or has no load
WARNING: [Synth 8-7129] Port io_ptw_customCSRs_csrs_0_value[10] in module Frontend is either unconnected or has no load
WARNING: [Synth 8-7129] Port io_ptw_customCSRs_csrs_0_value[9] in module Frontend is either unconnected or has no load
WARNING: [Synth 8-7129] Port io_ptw_customCSRs_csrs_0_value[8] in module Frontend is either unconnected or has no load
WARNING: [Synth 8-7129] Port io_ptw_customCSRs_csrs_0_value[7] in module Frontend is either unconnected or has no load
WARNING: [Synth 8-7129] Port io_ptw_customCSRs_csrs_0_value[6] in module Frontend is either unconnected or has no load
WARNING: [Synth 8-7129] Port io_ptw_customCSRs_csrs_0_value[5] in module Frontend is either unconnected or has no load
WARNING: [Synth 8-7129] Port io_ptw_customCSRs_csrs_0_value[4] in module Frontend is either unconnected or has no load
WARNING: [Synth 8-7129] Port io_ptw_customCSRs_csrs_0_value[2] in module Frontend is either unconnected or has no load
WARNING: [Synth 8-7129] Port io_ptw_customCSRs_csrs_0_value[1] in module Frontend is either unconnected or has no load
WARNING: [Synth 8-7129] Port io_ptw_customCSRs_csrs_0_value[0] in module Frontend is either unconnected or has no load
WARNING: [Synth 8-7129] Port io_req_bits_addr[2] in module DCacheDataArray is either unconnected or has no load
WARNING: [Synth 8-7129] Port io_req_bits_addr[1] in module DCacheDataArray is either unconnected or has no load
WARNING: [Synth 8-7129] Port io_req_bits_addr[0] in module DCacheDataArray is either unconnected or has no load
WARNING: [Synth 8-7129] Port auto_out_d_bits_opcode[2] in module DCache is either unconnected or has no load
WARNING: [Synth 8-7129] Port auto_out_d_bits_denied in module DCache is either unconnected or has no load
WARNING: [Synth 8-7129] Port R0_en in module ram_2x78 is either unconnected or has no load
WARNING: [Synth 8-7129] Port R0_clk in module ram_2x78 is either unconnected or has no load
WARNING: [Synth 8-7129] Port R0_en in module ram_2x102 is either unconnected or has no load
WARNING: [Synth 8-7129] Port R0_clk in module ram_2x102 is either unconnected or has no load
WARNING: [Synth 8-7129] Port io_enq_bits_param[2] in module Queue2_TLBundleA_a21d64s3k1z3u is either unconnected or has no load
WARNING: [Synth 8-7129] Port io_enq_bits_param[1] in module Queue2_TLBundleA_a21d64s3k1z3u is either unconnected or has no load
WARNING: [Synth 8-7129] Port io_enq_bits_param[0] in module Queue2_TLBundleA_a21d64s3k1z3u is either unconnected or has no load
WARNING: [Synth 8-7129] Port io_enq_bits_corrupt in module Queue2_TLBundleA_a21d64s3k1z3u is either unconnected or has no load
WARNING: [Synth 8-7129] Port R0_en in module ram_2x79 is either unconnected or has no load
WARNING: [Synth 8-7129] Port R0_clk in module ram_2x79 is either unconnected or has no load
WARNING: [Synth 8-7129] Port R0_en in module ram_2x100 is either unconnected or has no load
WARNING: [Synth 8-7129] Port R0_clk in module ram_2x100 is either unconnected or has no load
WARNING: [Synth 8-7129] Port R0_en in module ram_2x118 is either unconnected or has no load
WARNING: [Synth 8-7129] Port R0_clk in module ram_2x118 is either unconnected or has no load
WARNING: [Synth 8-7129] Port sdio_spi_dat_1 in module ZCU104FPGATestHarness is either unconnected or has no load
WARNING: [Synth 8-7129] Port sdio_spi_dat_2 in module ZCU104FPGATestHarness is either unconnected or has no load
---------------------------------------------------------------------------------
Finished RTL Elaboration : Time (s): cpu = 00:00:09 ; elapsed = 00:00:09 . Memory (MB): peak = 4137.285 ; gain = 473.703 ; free physical = 43269 ; free virtual = 88165
---------------------------------------------------------------------------------
---------------------------------------------------------------------------------
Start Handling Custom Attributes
---------------------------------------------------------------------------------
---------------------------------------------------------------------------------
Finished Handling Custom Attributes : Time (s): cpu = 00:00:13 ; elapsed = 00:00:14 . Memory (MB): peak = 4149.160 ; gain = 485.578 ; free physical = 43300 ; free virtual = 88196
---------------------------------------------------------------------------------
---------------------------------------------------------------------------------
Finished RTL Optimization Phase 1 : Time (s): cpu = 00:00:13 ; elapsed = 00:00:14 . Memory (MB): peak = 4149.160 ; gain = 485.578 ; free physical = 43300 ; free virtual = 88196
---------------------------------------------------------------------------------
Netlist sorting complete. Time (s): cpu = 00:00:00.34 ; elapsed = 00:00:00.35 . Memory (MB): peak = 4164.098 ; gain = 0.000 ; free physical = 43270 ; free virtual = 88166
INFO: [Netlist 29-17] Analyzing 4 Unisim elements for replacement
INFO: [Netlist 29-28] Unisim Transformation completed in 0 CPU seconds
INFO: [Project 1-570] Preparing netlist for logic optimization

Processing XDC Constraints
Initializing timing engine
Parsing XDC File [/home/user007/project/chipyard/fpga/generated-src/chipyard.fpga.zcu104.ZCU104FPGATestHarness.RocketZCU104NoDDRConfig/obj/ip/harnessSysPLL/harnessSysPLL_board.xdc] for cell 'harnessSysPLL/inst'
Finished Parsing XDC File [/home/user007/project/chipyard/fpga/generated-src/chipyard.fpga.zcu104.ZCU104FPGATestHarness.RocketZCU104NoDDRConfig/obj/ip/harnessSysPLL/harnessSysPLL_board.xdc] for cell 'harnessSysPLL/inst'
Parsing XDC File [/home/user007/project/chipyard/fpga/generated-src/chipyard.fpga.zcu104.ZCU104FPGATestHarness.RocketZCU104NoDDRConfig/obj/ip/harnessSysPLL/harnessSysPLL.xdc] for cell 'harnessSysPLL/inst'
Finished Parsing XDC File [/home/user007/project/chipyard/fpga/generated-src/chipyard.fpga.zcu104.ZCU104FPGATestHarness.RocketZCU104NoDDRConfig/obj/ip/harnessSysPLL/harnessSysPLL.xdc] for cell 'harnessSysPLL/inst'
Parsing XDC File [/home/user007/project/chipyard/fpga/fpga-shells/xilinx/zcu104/constraints/zcu104-master.xdc]
WARNING: [Vivado 12-584] No ports matched 'sys_diff_clock_clk_p'. [/home/user007/project/chipyard/fpga/fpga-shells/xilinx/zcu104/constraints/zcu104-master.xdc:10]
CRITICAL WARNING: [Common 17-55] 'set_property' expects at least one object. [/home/user007/project/chipyard/fpga/fpga-shells/xilinx/zcu104/constraints/zcu104-master.xdc:10]
Resolution: If [get_<value>] was used to populate the object, check to make sure this command returns at least one valid object.
WARNING: [Vivado 12-584] No ports matched 'sys_diff_clock_clk_p'. [/home/user007/project/chipyard/fpga/fpga-shells/xilinx/zcu104/constraints/zcu104-master.xdc:11]
CRITICAL WARNING: [Common 17-55] 'set_property' expects at least one object. [/home/user007/project/chipyard/fpga/fpga-shells/xilinx/zcu104/constraints/zcu104-master.xdc:11]
Resolution: If [get_<value>] was used to populate the object, check to make sure this command returns at least one valid object.
WARNING: [Vivado 12-584] No ports matched 'sys_diff_clock_clk_n'. [/home/user007/project/chipyard/fpga/fpga-shells/xilinx/zcu104/constraints/zcu104-master.xdc:12]
CRITICAL WARNING: [Common 17-55] 'set_property' expects at least one object. [/home/user007/project/chipyard/fpga/fpga-shells/xilinx/zcu104/constraints/zcu104-master.xdc:12]
Resolution: If [get_<value>] was used to populate the object, check to make sure this command returns at least one valid object.
WARNING: [Vivado 12-584] No ports matched 'sys_diff_clock_clk_n'. [/home/user007/project/chipyard/fpga/fpga-shells/xilinx/zcu104/constraints/zcu104-master.xdc:13]
CRITICAL WARNING: [Common 17-55] 'set_property' expects at least one object. [/home/user007/project/chipyard/fpga/fpga-shells/xilinx/zcu104/constraints/zcu104-master.xdc:13]
Resolution: If [get_<value>] was used to populate the object, check to make sure this command returns at least one valid object.
WARNING: [Vivado 12-584] No ports matched 'sys_diff_clock_clk_p'. [/home/user007/project/chipyard/fpga/fpga-shells/xilinx/zcu104/constraints/zcu104-master.xdc:14]
CRITICAL WARNING: [Vivado 12-4739] create_clock:No valid object(s) found for '-objects [get_ports sys_diff_clock_clk_p]'. [/home/user007/project/chipyard/fpga/fpga-shells/xilinx/zcu104/constraints/zcu104-master.xdc:14]
Resolution: Check if the specified object(s) exists in the current design. If it does, ensure that the correct design hierarchy was specified for the object. If you are working with clocks, make sure create_clock was used to create the clock object before it is referenced.
WARNING: [Vivado 12-584] No ports matched 'jtag_TCK'. [/home/user007/project/chipyard/fpga/fpga-shells/xilinx/zcu104/constraints/zcu104-master.xdc:31]
CRITICAL WARNING: [Common 17-55] 'set_property' expects at least one object. [/home/user007/project/chipyard/fpga/fpga-shells/xilinx/zcu104/constraints/zcu104-master.xdc:31]
Resolution: If [get_<value>] was used to populate the object, check to make sure this command returns at least one valid object.
WARNING: [Vivado 12-584] No ports matched 'jtag_TCK'. [/home/user007/project/chipyard/fpga/fpga-shells/xilinx/zcu104/constraints/zcu104-master.xdc:32]
CRITICAL WARNING: [Common 17-55] 'set_property' expects at least one object. [/home/user007/project/chipyard/fpga/fpga-shells/xilinx/zcu104/constraints/zcu104-master.xdc:32]
Resolution: If [get_<value>] was used to populate the object, check to make sure this command returns at least one valid object.
WARNING: [Vivado 12-584] No ports matched 'jtag_TMS'. [/home/user007/project/chipyard/fpga/fpga-shells/xilinx/zcu104/constraints/zcu104-master.xdc:33]
CRITICAL WARNING: [Common 17-55] 'set_property' expects at least one object. [/home/user007/project/chipyard/fpga/fpga-shells/xilinx/zcu104/constraints/zcu104-master.xdc:33]
Resolution: If [get_<value>] was used to populate the object, check to make sure this command returns at least one valid object.
WARNING: [Vivado 12-584] No ports matched 'jtag_TMS'. [/home/user007/project/chipyard/fpga/fpga-shells/xilinx/zcu104/constraints/zcu104-master.xdc:34]
CRITICAL WARNING: [Common 17-55] 'set_property' expects at least one object. [/home/user007/project/chipyard/fpga/fpga-shells/xilinx/zcu104/constraints/zcu104-master.xdc:34]
Resolution: If [get_<value>] was used to populate the object, check to make sure this command returns at least one valid object.
WARNING: [Vivado 12-584] No ports matched 'jtag_TDO'. [/home/user007/project/chipyard/fpga/fpga-shells/xilinx/zcu104/constraints/zcu104-master.xdc:35]
CRITICAL WARNING: [Common 17-55] 'set_property' expects at least one object. [/home/user007/project/chipyard/fpga/fpga-shells/xilinx/zcu104/constraints/zcu104-master.xdc:35]
Resolution: If [get_<value>] was used to populate the object, check to make sure this command returns at least one valid object.
WARNING: [Vivado 12-584] No ports matched 'jtag_TDO'. [/home/user007/project/chipyard/fpga/fpga-shells/xilinx/zcu104/constraints/zcu104-master.xdc:36]
CRITICAL WARNING: [Common 17-55] 'set_property' expects at least one object. [/home/user007/project/chipyard/fpga/fpga-shells/xilinx/zcu104/constraints/zcu104-master.xdc:36]
Resolution: If [get_<value>] was used to populate the object, check to make sure this command returns at least one valid object.
WARNING: [Vivado 12-584] No ports matched 'jtag_TDI'. [/home/user007/project/chipyard/fpga/fpga-shells/xilinx/zcu104/constraints/zcu104-master.xdc:37]
CRITICAL WARNING: [Common 17-55] 'set_property' expects at least one object. [/home/user007/project/chipyard/fpga/fpga-shells/xilinx/zcu104/constraints/zcu104-master.xdc:37]
Resolution: If [get_<value>] was used to populate the object, check to make sure this command returns at least one valid object.
WARNING: [Vivado 12-584] No ports matched 'jtag_TDI'. [/home/user007/project/chipyard/fpga/fpga-shells/xilinx/zcu104/constraints/zcu104-master.xdc:38]
CRITICAL WARNING: [Common 17-55] 'set_property' expects at least one object. [/home/user007/project/chipyard/fpga/fpga-shells/xilinx/zcu104/constraints/zcu104-master.xdc:38]
Resolution: If [get_<value>] was used to populate the object, check to make sure this command returns at least one valid object.
WARNING: [Vivado 12-584] No ports matched 'spi_cs'. [/home/user007/project/chipyard/fpga/fpga-shells/xilinx/zcu104/constraints/zcu104-master.xdc:42]
CRITICAL WARNING: [Common 17-55] 'set_property' expects at least one object. [/home/user007/project/chipyard/fpga/fpga-shells/xilinx/zcu104/constraints/zcu104-master.xdc:42]
Resolution: If [get_<value>] was used to populate the object, check to make sure this command returns at least one valid object.
WARNING: [Vivado 12-584] No ports matched 'spi_cs'. [/home/user007/project/chipyard/fpga/fpga-shells/xilinx/zcu104/constraints/zcu104-master.xdc:43]
CRITICAL WARNING: [Common 17-55] 'set_property' expects at least one object. [/home/user007/project/chipyard/fpga/fpga-shells/xilinx/zcu104/constraints/zcu104-master.xdc:43]
Resolution: If [get_<value>] was used to populate the object, check to make sure this command returns at least one valid object.
WARNING: [Vivado 12-584] No ports matched 'spi_sck'. [/home/user007/project/chipyard/fpga/fpga-shells/xilinx/zcu104/constraints/zcu104-master.xdc:44]
CRITICAL WARNING: [Common 17-55] 'set_property' expects at least one object. [/home/user007/project/chipyard/fpga/fpga-shells/xilinx/zcu104/constraints/zcu104-master.xdc:44]
Resolution: If [get_<value>] was used to populate the object, check to make sure this command returns at least one valid object.
WARNING: [Vivado 12-584] No ports matched 'spi_sck'. [/home/user007/project/chipyard/fpga/fpga-shells/xilinx/zcu104/constraints/zcu104-master.xdc:45]
CRITICAL WARNING: [Common 17-55] 'set_property' expects at least one object. [/home/user007/project/chipyard/fpga/fpga-shells/xilinx/zcu104/constraints/zcu104-master.xdc:45]
Resolution: If [get_<value>] was used to populate the object, check to make sure this command returns at least one valid object.
WARNING: [Vivado 12-584] No ports matched 'spi_dq[0]'. [/home/user007/project/chipyard/fpga/fpga-shells/xilinx/zcu104/constraints/zcu104-master.xdc:46]
CRITICAL WARNING: [Common 17-55] 'set_property' expects at least one object. [/home/user007/project/chipyard/fpga/fpga-shells/xilinx/zcu104/constraints/zcu104-master.xdc:46]
Resolution: If [get_<value>] was used to populate the object, check to make sure this command returns at least one valid object.
WARNING: [Vivado 12-584] No ports matched 'spi_dq[0]'. [/home/user007/project/chipyard/fpga/fpga-shells/xilinx/zcu104/constraints/zcu104-master.xdc:47]
CRITICAL WARNING: [Common 17-55] 'set_property' expects at least one object. [/home/user007/project/chipyard/fpga/fpga-shells/xilinx/zcu104/constraints/zcu104-master.xdc:47]
Resolution: If [get_<value>] was used to populate the object, check to make sure this command returns at least one valid object.
WARNING: [Vivado 12-584] No ports matched 'spi_dq[1]'. [/home/user007/project/chipyard/fpga/fpga-shells/xilinx/zcu104/constraints/zcu104-master.xdc:48]
CRITICAL WARNING: [Common 17-55] 'set_property' expects at least one object. [/home/user007/project/chipyard/fpga/fpga-shells/xilinx/zcu104/constraints/zcu104-master.xdc:48]
Resolution: If [get_<value>] was used to populate the object, check to make sure this command returns at least one valid object.
WARNING: [Vivado 12-584] No ports matched 'spi_dq[1]'. [/home/user007/project/chipyard/fpga/fpga-shells/xilinx/zcu104/constraints/zcu104-master.xdc:49]
CRITICAL WARNING: [Common 17-55] 'set_property' expects at least one object. [/home/user007/project/chipyard/fpga/fpga-shells/xilinx/zcu104/constraints/zcu104-master.xdc:49]
Resolution: If [get_<value>] was used to populate the object, check to make sure this command returns at least one valid object.
WARNING: [Vivado 12-5460] The attribute CONFIG_VOLTAGE is not supported in the xczu7ev-ffvc1156-2-e device [/home/user007/project/chipyard/fpga/fpga-shells/xilinx/zcu104/constraints/zcu104-master.xdc:53]
Finished Parsing XDC File [/home/user007/project/chipyard/fpga/fpga-shells/xilinx/zcu104/constraints/zcu104-master.xdc]
INFO: [Project 1-236] Implementation specific constraints were found while reading constraint file [/home/user007/project/chipyard/fpga/fpga-shells/xilinx/zcu104/constraints/zcu104-master.xdc]. These constraints will be ignored for synthesis but will be used in implementation. Impacted constraints are listed in the file [.Xil/ZCU104FPGATestHarness_propImpl.xdc].
Resolution: To avoid this warning, move constraints listed in [.Xil/ZCU104FPGATestHarness_propImpl.xdc] to another XDC file and exclude this new file from synthesis with the used_in_synthesis property (File Properties dialog in GUI) and re-run elaboration/synthesis.
Parsing XDC File [/home/user007/project/chipyard/fpga/generated-src/chipyard.fpga.zcu104.ZCU104FPGATestHarness.RocketZCU104NoDDRConfig/chipyard.fpga.zcu104.ZCU104FPGATestHarness.RocketZCU104NoDDRConfig.shell.sdc]
WARNING: [Vivado 12-2489] -period contains time 3.333333 which will be rounded to 3.333 to ensure it is an integer multiple of 1 picosecond [/home/user007/project/chipyard/fpga/generated-src/chipyard.fpga.zcu104.ZCU104FPGATestHarness.RocketZCU104NoDDRConfig/chipyard.fpga.zcu104.ZCU104FPGATestHarness.RocketZCU104NoDDRConfig.shell.sdc:2]
INFO: [Timing 38-2] Deriving generated clocks [/home/user007/project/chipyard/fpga/generated-src/chipyard.fpga.zcu104.ZCU104FPGATestHarness.RocketZCU104NoDDRConfig/chipyard.fpga.zcu104.ZCU104FPGATestHarness.RocketZCU104NoDDRConfig.shell.sdc:5]
Finished Parsing XDC File [/home/user007/project/chipyard/fpga/generated-src/chipyard.fpga.zcu104.ZCU104FPGATestHarness.RocketZCU104NoDDRConfig/chipyard.fpga.zcu104.ZCU104FPGATestHarness.RocketZCU104NoDDRConfig.shell.sdc]
INFO: [Project 1-236] Implementation specific constraints were found while reading constraint file [/home/user007/project/chipyard/fpga/generated-src/chipyard.fpga.zcu104.ZCU104FPGATestHarness.RocketZCU104NoDDRConfig/chipyard.fpga.zcu104.ZCU104FPGATestHarness.RocketZCU104NoDDRConfig.shell.sdc]. These constraints will be ignored for synthesis but will be used in implementation. Impacted constraints are listed in the file [.Xil/ZCU104FPGATestHarness_propImpl.xdc].
Resolution: To avoid this warning, move constraints listed in [.Xil/ZCU104FPGATestHarness_propImpl.xdc] to another XDC file and exclude this new file from synthesis with the used_in_synthesis property (File Properties dialog in GUI) and re-run elaboration/synthesis.
Parsing XDC File [/home/user007/project/chipyard/fpga/generated-src/chipyard.fpga.zcu104.ZCU104FPGATestHarness.RocketZCU104NoDDRConfig/chipyard.fpga.zcu104.ZCU104FPGATestHarness.RocketZCU104NoDDRConfig.shell.xdc]
CRITICAL WARNING: [Common 17-679] Invalid object type, 'port', used with '-of_objects' switch. Supported types are: 'net, pblock, pin, timing path, constant path, bel, site, slr'. [/home/user007/project/chipyard/fpga/generated-src/chipyard.fpga.zcu104.ZCU104FPGATestHarness.RocketZCU104NoDDRConfig/chipyard.fpga.zcu104.ZCU104FPGATestHarness.RocketZCU104NoDDRConfig.shell.xdc:24]
WARNING: [Vivado 12-180] No cells matched 'get_cells -of_objects [all_fanin -flat -startpoints_only [get_ports sdio_spi_dat_0]]'. [/home/user007/project/chipyard/fpga/generated-src/chipyard.fpga.zcu104.ZCU104FPGATestHarness.RocketZCU104NoDDRConfig/chipyard.fpga.zcu104.ZCU104FPGATestHarness.RocketZCU104NoDDRConfig.shell.xdc:24]
CRITICAL WARNING: [Common 17-55] 'set_property' expects at least one object. [/home/user007/project/chipyard/fpga/generated-src/chipyard.fpga.zcu104.ZCU104FPGATestHarness.RocketZCU104NoDDRConfig/chipyard.fpga.zcu104.ZCU104FPGATestHarness.RocketZCU104NoDDRConfig.shell.xdc:24]
Resolution: If [get_<value>] was used to populate the object, check to make sure this command returns at least one valid object.
CRITICAL WARNING: [Common 17-679] Invalid object type, 'port', used with '-of_objects' switch. Supported types are: 'net, pblock, pin, timing path, constant path, bel, site, slr'. [/home/user007/project/chipyard/fpga/generated-src/chipyard.fpga.zcu104.ZCU104FPGATestHarness.RocketZCU104NoDDRConfig/chipyard.fpga.zcu104.ZCU104FPGATestHarness.RocketZCU104NoDDRConfig.shell.xdc:26]
WARNING: [Vivado 12-180] No cells matched 'get_cells -of_objects [all_fanin -flat -startpoints_only [get_ports sdio_spi_dat_1]]'. [/home/user007/project/chipyard/fpga/generated-src/chipyard.fpga.zcu104.ZCU104FPGATestHarness.RocketZCU104NoDDRConfig/chipyard.fpga.zcu104.ZCU104FPGATestHarness.RocketZCU104NoDDRConfig.shell.xdc:26]
CRITICAL WARNING: [Common 17-55] 'set_property' expects at least one object. [/home/user007/project/chipyard/fpga/generated-src/chipyard.fpga.zcu104.ZCU104FPGATestHarness.RocketZCU104NoDDRConfig/chipyard.fpga.zcu104.ZCU104FPGATestHarness.RocketZCU104NoDDRConfig.shell.xdc:26]
Resolution: If [get_<value>] was used to populate the object, check to make sure this command returns at least one valid object.
CRITICAL WARNING: [Common 17-679] Invalid object type, 'port', used with '-of_objects' switch. Supported types are: 'net, pblock, pin, timing path, constant path, bel, site, slr'. [/home/user007/project/chipyard/fpga/generated-src/chipyard.fpga.zcu104.ZCU104FPGATestHarness.RocketZCU104NoDDRConfig/chipyard.fpga.zcu104.ZCU104FPGATestHarness.RocketZCU104NoDDRConfig.shell.xdc:28]
WARNING: [Vivado 12-180] No cells matched 'get_cells -of_objects [all_fanin -flat -startpoints_only [get_ports sdio_spi_dat_2]]'. [/home/user007/project/chipyard/fpga/generated-src/chipyard.fpga.zcu104.ZCU104FPGATestHarness.RocketZCU104NoDDRConfig/chipyard.fpga.zcu104.ZCU104FPGATestHarness.RocketZCU104NoDDRConfig.shell.xdc:28]
CRITICAL WARNING: [Common 17-55] 'set_property' expects at least one object. [/home/user007/project/chipyard/fpga/generated-src/chipyard.fpga.zcu104.ZCU104FPGATestHarness.RocketZCU104NoDDRConfig/chipyard.fpga.zcu104.ZCU104FPGATestHarness.RocketZCU104NoDDRConfig.shell.xdc:28]
Resolution: If [get_<value>] was used to populate the object, check to make sure this command returns at least one valid object.
Finished Parsing XDC File [/home/user007/project/chipyard/fpga/generated-src/chipyard.fpga.zcu104.ZCU104FPGATestHarness.RocketZCU104NoDDRConfig/chipyard.fpga.zcu104.ZCU104FPGATestHarness.RocketZCU104NoDDRConfig.shell.xdc]
INFO: [Project 1-236] Implementation specific constraints were found while reading constraint file [/home/user007/project/chipyard/fpga/generated-src/chipyard.fpga.zcu104.ZCU104FPGATestHarness.RocketZCU104NoDDRConfig/chipyard.fpga.zcu104.ZCU104FPGATestHarness.RocketZCU104NoDDRConfig.shell.xdc]. These constraints will be ignored for synthesis but will be used in implementation. Impacted constraints are listed in the file [.Xil/ZCU104FPGATestHarness_propImpl.xdc].
Resolution: To avoid this warning, move constraints listed in [.Xil/ZCU104FPGATestHarness_propImpl.xdc] to another XDC file and exclude this new file from synthesis with the used_in_synthesis property (File Properties dialog in GUI) and re-run elaboration/synthesis.
Parsing XDC File [/home/user007/project/chipyard/fpga/generated-src/chipyard.fpga.zcu104.ZCU104FPGATestHarness.RocketZCU104NoDDRConfig/obj/ip/harnessSysPLL/harnessSysPLL_late.xdc] for cell 'harnessSysPLL/inst'
Finished Parsing XDC File [/home/user007/project/chipyard/fpga/generated-src/chipyard.fpga.zcu104.ZCU104FPGATestHarness.RocketZCU104NoDDRConfig/obj/ip/harnessSysPLL/harnessSysPLL_late.xdc] for cell 'harnessSysPLL/inst'
Completed Processing XDC Constraints

Netlist sorting complete. Time (s): cpu = 00:00:00.01 ; elapsed = 00:00:00 . Memory (MB): peak = 4319.875 ; gain = 0.000 ; free physical = 43123 ; free virtual = 88020
INFO: [Project 1-111] Unisim Transformation Summary:
  A total of 3 instances were transformed.
  BUFG => BUFGCE: 1 instance 
  IBUF => IBUF (IBUFCTRL, INBUF): 1 instance 
  IBUFDS => IBUFDS (DIFFINBUF, IBUFCTRL): 1 instance 

Constraint Validation Runtime : Time (s): cpu = 00:00:00.04 ; elapsed = 00:00:00.04 . Memory (MB): peak = 4319.875 ; gain = 0.000 ; free physical = 43123 ; free virtual = 88020
---------------------------------------------------------------------------------
Finished Constraint Validation : Time (s): cpu = 00:00:27 ; elapsed = 00:00:27 . Memory (MB): peak = 4319.875 ; gain = 656.293 ; free physical = 43278 ; free virtual = 88175
---------------------------------------------------------------------------------
---------------------------------------------------------------------------------
Start Loading Part and Timing Information
---------------------------------------------------------------------------------
Loading part: xczu7ev-ffvc1156-2-e
INFO: [Synth 8-6742] Reading net delay rules and data
---------------------------------------------------------------------------------
Finished Loading Part and Timing Information : Time (s): cpu = 00:00:27 ; elapsed = 00:00:27 . Memory (MB): peak = 4319.875 ; gain = 656.293 ; free physical = 43277 ; free virtual = 88174
---------------------------------------------------------------------------------
---------------------------------------------------------------------------------
Start Applying 'set_property' XDC Constraints
---------------------------------------------------------------------------------
Applied set_property IOB = TRUE for chiptop0/system/spiClockDomainWrapper/spi_0/mac/phy/txd_reg. (constraint file  /home/user007/project/chipyard/fpga/generated-src/chipyard.fpga.zcu104.ZCU104FPGATestHarness.RocketZCU104NoDDRConfig/chipyard.fpga.zcu104.ZCU104FPGATestHarness.RocketZCU104NoDDRConfig.shell.xdc, line 22).
Applied set_property IOB = TRUE for chiptop0/system/spiClockDomainWrapper/spi_0/mac/cs_dflt_0_reg. (constraint file  /home/user007/project/chipyard/fpga/generated-src/chipyard.fpga.zcu104.ZCU104FPGATestHarness.RocketZCU104NoDDRConfig/chipyard.fpga.zcu104.ZCU104FPGATestHarness.RocketZCU104NoDDRConfig.shell.xdc, line 30).
Applied set_property KEEP_HIERARCHY = SOFT for harnessSysPLL. (constraint file  auto generated constraint).
Applied set_property KEEP_HIERARCHY = SOFT for harnessSysPLL/inst. (constraint file  auto generated constraint).
---------------------------------------------------------------------------------
Finished applying 'set_property' XDC Constraints : Time (s): cpu = 00:00:27 ; elapsed = 00:00:27 . Memory (MB): peak = 4319.875 ; gain = 656.293 ; free physical = 43276 ; free virtual = 88173
---------------------------------------------------------------------------------
WARNING: [Synth 8-3936] Found unconnected internal register 'cam_a_0_bits_opcode_reg' and it is trimmed from '3' to '1' bits. [/home/user007/project/chipyard/fpga/generated-src/chipyard.fpga.zcu104.ZCU104FPGATestHarness.RocketZCU104NoDDRConfig/gen-collateral/TLAtomicAutomata_pbus.sv:281]
WARNING: [Synth 8-3936] Found unconnected internal register 'cam_a_0_bits_opcode_reg' and it is trimmed from '3' to '1' bits. [/home/user007/project/chipyard/fpga/generated-src/chipyard.fpga.zcu104.ZCU104FPGATestHarness.RocketZCU104NoDDRConfig/gen-collateral/TLAtomicAutomata_cbus.sv:287]
WARNING: [Synth 8-3936] Found unconnected internal register 'ram_reg' and it is trimmed from '100' to '13' bits. [/home/user007/project/chipyard/fpga/generated-src/chipyard.fpga.zcu104.ZCU104FPGATestHarness.RocketZCU104NoDDRConfig/gen-collateral/Queue1_TLBundleA_a14d64s3k1z4u.sv:71]
INFO: [Synth 8-802] inferred FSM for state register 'state_reg' in module 'PeripheryBus_cbus'
WARNING: [Synth 8-3936] Found unconnected internal register 'pstore2_addr_reg' and it is trimmed from '32' to '14' bits. [/home/user007/project/chipyard/fpga/generated-src/chipyard.fpga.zcu104.ZCU104FPGATestHarness.RocketZCU104NoDDRConfig/gen-collateral/DCache.sv:349]
WARNING: [Synth 8-3936] Found unconnected internal register 'wb_reg_raw_inst_reg' and it is trimmed from '32' to '16' bits. [/home/user007/project/chipyard/fpga/generated-src/chipyard.fpga.zcu104.ZCU104FPGATestHarness.RocketZCU104NoDDRConfig/gen-collateral/Rocket.sv:678]
WARNING: [Synth 8-3936] Found unconnected internal register 'mem_reg_raw_inst_reg' and it is trimmed from '32' to '16' bits. [/home/user007/project/chipyard/fpga/generated-src/chipyard.fpga.zcu104.ZCU104FPGATestHarness.RocketZCU104NoDDRConfig/gen-collateral/Rocket.sv:678]
WARNING: [Synth 8-3936] Found unconnected internal register 'ex_reg_raw_inst_reg' and it is trimmed from '32' to '16' bits. [/home/user007/project/chipyard/fpga/generated-src/chipyard.fpga.zcu104.ZCU104FPGATestHarness.RocketZCU104NoDDRConfig/gen-collateral/Rocket.sv:688]
---------------------------------------------------------------------------------------------------
                   State |                     New Encoding |                Previous Encoding 
---------------------------------------------------------------------------------------------------
                 iSTATE6 |                           000001 |                              000
                 iSTATE5 |                           000010 |                              001
                 iSTATE4 |                           000100 |                              010
                 iSTATE3 |                           001000 |                              011
                 iSTATE2 |                           010000 |                              100
                 iSTATE1 |                           100000 |                              101
---------------------------------------------------------------------------------------------------
INFO: [Synth 8-3354] encoded FSM with state register 'state_reg' using encoding 'one-hot' in module 'PeripheryBus_cbus'
INFO: [Synth 8-7030] Implemented Non-Cascaded Block Ram (cascade_height = 1) of width 8 for RAM "split_rockettile_dcache_data_arrays_0_ext:/ram_reg"
INFO: [Synth 8-6904] The RAM "split_rockettile_icache_tag_array_0_ext:/ram_reg" of size (depth=64 x width=21) is automatically implemented using LUTRAM. BRAM implementation would be inefficient 
WARNING: [Synth 8-327] inferring latch for variable 'en_latched_reg' [/home/user007/project/chipyard/fpga/generated-src/chipyard.fpga.zcu104.ZCU104FPGATestHarness.RocketZCU104NoDDRConfig/gen-collateral/EICG_wrapper.v:14]
---------------------------------------------------------------------------------
Finished RTL Optimization Phase 2 : Time (s): cpu = 00:00:34 ; elapsed = 00:00:34 . Memory (MB): peak = 4319.875 ; gain = 656.293 ; free physical = 43257 ; free virtual = 88158
---------------------------------------------------------------------------------
INFO: [Synth 8-223] decloning instance 'chiptop0/system/tile_prci_domain/element_reset_domain_rockettile/dcache/tlb_entries_barrier' (OptimizationBarrier_TLBEntryData) to 'chiptop0/system/tile_prci_domain/element_reset_domain_rockettile/dcache/tlb_entries_barrier_1'
INFO: [Synth 8-223] decloning instance 'chiptop0/system/tile_prci_domain/element_reset_domain_rockettile/dcache/tlb_entries_barrier' (OptimizationBarrier_TLBEntryData) to 'chiptop0/system/tile_prci_domain/element_reset_domain_rockettile/dcache/tlb_entries_barrier_2'
INFO: [Synth 8-223] decloning instance 'chiptop0/system/tile_prci_domain/element_reset_domain_rockettile/dcache/tlb_entries_barrier' (OptimizationBarrier_TLBEntryData) to 'chiptop0/system/tile_prci_domain/element_reset_domain_rockettile/dcache/tlb_entries_barrier_3'
INFO: [Synth 8-223] decloning instance 'chiptop0/system/tile_prci_domain/element_reset_domain_rockettile/dcache/tlb_entries_barrier' (OptimizationBarrier_TLBEntryData) to 'chiptop0/system/tile_prci_domain/element_reset_domain_rockettile/dcache/tlb_entries_barrier_4'
INFO: [Synth 8-223] decloning instance 'chiptop0/system/tile_prci_domain/element_reset_domain_rockettile/dcache/tlb_entries_barrier' (OptimizationBarrier_TLBEntryData) to 'chiptop0/system/tile_prci_domain/element_reset_domain_rockettile/dcache/tlb_entries_barrier_5'
INFO: [Synth 8-223] decloning instance 'chiptop0/system/tile_prci_domain/element_reset_domain_rockettile/dcache/tlb_entries_barrier' (OptimizationBarrier_TLBEntryData) to 'chiptop0/system/tile_prci_domain/element_reset_domain_rockettile/dcache/pma_checker_entries_barrier'
INFO: [Synth 8-223] decloning instance 'chiptop0/system/tile_prci_domain/element_reset_domain_rockettile/dcache/tlb_entries_barrier' (OptimizationBarrier_TLBEntryData) to 'chiptop0/system/tile_prci_domain/element_reset_domain_rockettile/dcache/pma_checker_entries_barrier_1'
INFO: [Synth 8-223] decloning instance 'chiptop0/system/tile_prci_domain/element_reset_domain_rockettile/dcache/tlb_entries_barrier' (OptimizationBarrier_TLBEntryData) to 'chiptop0/system/tile_prci_domain/element_reset_domain_rockettile/dcache/pma_checker_entries_barrier_2'
INFO: [Synth 8-223] decloning instance 'chiptop0/system/tile_prci_domain/element_reset_domain_rockettile/dcache/tlb_entries_barrier' (OptimizationBarrier_TLBEntryData) to 'chiptop0/system/tile_prci_domain/element_reset_domain_rockettile/dcache/pma_checker_entries_barrier_3'
INFO: [Synth 8-223] decloning instance 'chiptop0/system/tile_prci_domain/element_reset_domain_rockettile/dcache/tlb_entries_barrier' (OptimizationBarrier_TLBEntryData) to 'chiptop0/system/tile_prci_domain/element_reset_domain_rockettile/dcache/pma_checker_entries_barrier_4'
INFO: [Synth 8-223] decloning instance 'chiptop0/system/tile_prci_domain/element_reset_domain_rockettile/frontend/tlb/entries_barrier' (OptimizationBarrier_TLBEntryData) to 'chiptop0/system/tile_prci_domain/element_reset_domain_rockettile/frontend/tlb/entries_barrier_1'
INFO: [Synth 8-223] decloning instance 'chiptop0/system/tile_prci_domain/element_reset_domain_rockettile/frontend/tlb/entries_barrier' (OptimizationBarrier_TLBEntryData) to 'chiptop0/system/tile_prci_domain/element_reset_domain_rockettile/frontend/tlb/entries_barrier_2'
INFO: [Synth 8-223] decloning instance 'chiptop0/system/tile_prci_domain/element_reset_domain_rockettile/frontend/tlb/entries_barrier' (OptimizationBarrier_TLBEntryData) to 'chiptop0/system/tile_prci_domain/element_reset_domain_rockettile/frontend/tlb/entries_barrier_3'
INFO: [Synth 8-223] decloning instance 'chiptop0/system/tile_prci_domain/element_reset_domain_rockettile/frontend/tlb/entries_barrier' (OptimizationBarrier_TLBEntryData) to 'chiptop0/system/tile_prci_domain/element_reset_domain_rockettile/frontend/tlb/entries_barrier_4'
INFO: [Synth 8-223] decloning instance 'chiptop0/system/tile_prci_domain/element_reset_domain_rockettile/frontend/tlb/entries_barrier' (OptimizationBarrier_TLBEntryData) to 'chiptop0/system/tile_prci_domain/element_reset_domain_rockettile/frontend/tlb/entries_barrier_5'
INFO: [Synth 8-223] decloning instance 'chiptop0/system/tile_prci_domain/intsource' (IntSyncCrossingSource_n1x1) to 'chiptop0/system/tile_prci_domain/intsource_2'
RAM Pipeline Warning: Read Address Register Found For RAM ram_reg. We will not be able to pipeline it. This may degrade performance. 
RAM Pipeline Warning: Read Address Register Found For RAM ram_reg. We will not be able to pipeline it. This may degrade performance. 
RAM Pipeline Warning: Read Address Register Found For RAM ram_reg. We will not be able to pipeline it. This may degrade performance. 
RAM Pipeline Warning: Read Address Register Found For RAM ram_reg. We will not be able to pipeline it. This may degrade performance. 
RAM Pipeline Warning: Read Address Register Found For RAM ram_reg. We will not be able to pipeline it. This may degrade performance. 
RAM Pipeline Warning: Read Address Register Found For RAM ram_reg. We will not be able to pipeline it. This may degrade performance. 
RAM Pipeline Warning: Read Address Register Found For RAM ram_reg. We will not be able to pipeline it. This may degrade performance. 
RAM Pipeline Warning: Read Address Register Found For RAM ram_reg. We will not be able to pipeline it. This may degrade performance. 
RAM Pipeline Warning: Read Address Register Found For RAM ram_reg. We will not be able to pipeline it. This may degrade performance. 
RAM Pipeline Warning: Read Address Register Found For RAM ram_reg. We will not be able to pipeline it. This may degrade performance. 
---------------------------------------------------------------------------------
Start RTL Component Statistics 
---------------------------------------------------------------------------------
Detailed RTL Component Info : 
+---Adders : 
	   2 Input   64 Bit       Adders := 3     
	   2 Input   58 Bit       Adders := 2     
	   2 Input   41 Bit       Adders := 1     
	   3 Input   33 Bit       Adders := 1     
	   2 Input   32 Bit       Adders := 5     
	   3 Input   32 Bit       Adders := 1     
	   2 Input   30 Bit       Adders := 8     
	   2 Input   16 Bit       Adders := 1     
	   2 Input   13 Bit       Adders := 3     
	   2 Input   12 Bit       Adders := 5     
	   2 Input   10 Bit       Adders := 1     
	   3 Input    9 Bit       Adders := 5     
	   2 Input    9 Bit       Adders := 5     
	   2 Input    8 Bit       Adders := 2     
	   2 Input    7 Bit       Adders := 2     
	   2 Input    6 Bit       Adders := 1     
	   2 Input    4 Bit       Adders := 6     
	   3 Input    4 Bit       Adders := 1     
	   3 Input    3 Bit       Adders := 15    
	   2 Input    3 Bit       Adders := 21    
	   2 Input    2 Bit       Adders := 5     
	   3 Input    2 Bit       Adders := 4     
	   4 Input    2 Bit       Adders := 1     
	   5 Input    2 Bit       Adders := 1     
	   3 Input    1 Bit       Adders := 3     
	   2 Input    1 Bit       Adders := 45    
+---XORs : 
	   2 Input     64 Bit         XORs := 2     
	   2 Input     32 Bit         XORs := 19    
	   2 Input     19 Bit         XORs := 5     
	   2 Input     18 Bit         XORs := 2     
	   2 Input     10 Bit         XORs := 3     
	   2 Input      9 Bit         XORs := 4     
	   2 Input      6 Bit         XORs := 2     
	   2 Input      5 Bit         XORs := 1     
	   2 Input      4 Bit         XORs := 3     
	   2 Input      3 Bit         XORs := 4     
	   2 Input      2 Bit         XORs := 3     
	   2 Input      1 Bit         XORs := 9     
+---Registers : 
	              105 Bit    Registers := 1     
	               66 Bit    Registers := 1     
	               64 Bit    Registers := 10    
	               58 Bit    Registers := 2     
	               55 Bit    Registers := 1     
	               43 Bit    Registers := 1     
	               33 Bit    Registers := 1     
	               32 Bit    Registers := 59    
	               31 Bit    Registers := 3     
	               30 Bit    Registers := 10    
	               28 Bit    Registers := 1     
	               26 Bit    Registers := 1     
	               24 Bit    Registers := 1     
	               21 Bit    Registers := 2     
	               17 Bit    Registers := 1     
	               16 Bit    Registers := 8     
	               15 Bit    Registers := 1     
	               14 Bit    Registers := 1     
	               13 Bit    Registers := 4     
	               12 Bit    Registers := 7     
	               11 Bit    Registers := 8     
	               10 Bit    Registers := 3     
	                9 Bit    Registers := 15    
	                8 Bit    Registers := 137   
	                7 Bit    Registers := 4     
	                6 Bit    Registers := 4     
	                5 Bit    Registers := 8     
	                4 Bit    Registers := 21    
	                3 Bit    Registers := 102   
	                2 Bit    Registers := 47    
	                1 Bit    Registers := 650   
+---Multipliers : 
	              41x41  Multipliers := 1     
+---RAMs : 
	              16K Bit	(2048 X 8 bit)          RAMs := 8     
	              16K Bit	(512 X 32 bit)          RAMs := 2     
	               1K Bit	(64 X 21 bit)          RAMs := 1     
+---Muxes : 
	   2 Input   66 Bit        Muxes := 3     
	   2 Input   64 Bit        Muxes := 40    
	   4 Input   64 Bit        Muxes := 2     
	 256 Input   64 Bit        Muxes := 1     
	   2 Input   58 Bit        Muxes := 12    
	   2 Input   32 Bit        Muxes := 125   
	   4 Input   32 Bit        Muxes := 4     
	   2 Input   31 Bit        Muxes := 6     
	   2 Input   30 Bit        Muxes := 10    
	   2 Input   29 Bit        Muxes := 1     
	   2 Input   28 Bit        Muxes := 1     
	   2 Input   26 Bit        Muxes := 3     
	   2 Input   25 Bit        Muxes := 3     
	   2 Input   24 Bit        Muxes := 2     
	   2 Input   22 Bit        Muxes := 2     
	   2 Input   21 Bit        Muxes := 2     
	   2 Input   20 Bit        Muxes := 1     
	   2 Input   17 Bit        Muxes := 1     
	   2 Input   16 Bit        Muxes := 9     
	   2 Input   14 Bit        Muxes := 2     
	   2 Input   13 Bit        Muxes := 2     
	   2 Input   12 Bit        Muxes := 7     
	   2 Input   11 Bit        Muxes := 1     
	   2 Input    9 Bit        Muxes := 18    
	   2 Input    8 Bit        Muxes := 259   
	  10 Input    8 Bit        Muxes := 1     
	   4 Input    8 Bit        Muxes := 1     
	   2 Input    7 Bit        Muxes := 5     
	   2 Input    6 Bit        Muxes := 7     
	   2 Input    5 Bit        Muxes := 18    
	   4 Input    5 Bit        Muxes := 1     
	   6 Input    5 Bit        Muxes := 2     
	   3 Input    5 Bit        Muxes := 1     
	   2 Input    4 Bit        Muxes := 42    
	   4 Input    4 Bit        Muxes := 3     
	   8 Input    4 Bit        Muxes := 1     
	   2 Input    3 Bit        Muxes := 161   
	  10 Input    3 Bit        Muxes := 1     
	   7 Input    3 Bit        Muxes := 2     
	   6 Input    3 Bit        Muxes := 3     
	   8 Input    3 Bit        Muxes := 3     
	  32 Input    3 Bit        Muxes := 2     
	   5 Input    3 Bit        Muxes := 3     
	   4 Input    3 Bit        Muxes := 2     
	   3 Input    3 Bit        Muxes := 1     
	  16 Input    2 Bit        Muxes := 1     
	   2 Input    2 Bit        Muxes := 74    
	   3 Input    2 Bit        Muxes := 5     
	   4 Input    2 Bit        Muxes := 2     
	   2 Input    1 Bit        Muxes := 527   
	   6 Input    1 Bit        Muxes := 1     
---------------------------------------------------------------------------------
Finished RTL Component Statistics 
---------------------------------------------------------------------------------
---------------------------------------------------------------------------------
Start Part Resource Summary
---------------------------------------------------------------------------------
Part Resources:
DSPs: 1728 (col length:144)
BRAMs: 624 (col length: RAMB18 144 RAMB36 72)
---------------------------------------------------------------------------------
Finished Part Resource Summary
---------------------------------------------------------------------------------
---------------------------------------------------------------------------------
Start Cross Boundary and Area Optimization
---------------------------------------------------------------------------------
WARNING: [Synth 8-7080] Parallel synthesis criteria is not met
WARNING: [Synth 8-3936] Found unconnected internal register 'pstore1_addr_reg' and it is trimmed from '32' to '14' bits. [/home/user007/project/chipyard/fpga/generated-src/chipyard.fpga.zcu104.ZCU104FPGATestHarness.RocketZCU104NoDDRConfig/gen-collateral/DCache.sv:349]
INFO: [Synth 8-6904] The RAM "systemi_1/\tile_prci_domain/element_reset_domain_rockettile /frontend/icache/rockettile_icache_tag_array_0/rockettile_icache_tag_array_0_ext/mem_0_0/ram_reg" of size (depth=64 x width=21) is automatically implemented using LUTRAM. BRAM implementation would be inefficient 
DSP Report: Generating DSP _prod_T_40, operation Mode is: A2*B2.
DSP Report: register _prod_T_40 is absorbed into DSP _prod_T_40.
DSP Report: register _prod_T_40 is absorbed into DSP _prod_T_40.
DSP Report: operator _prod_T_40 is absorbed into DSP _prod_T_40.
DSP Report: operator _prod_T_40 is absorbed into DSP _prod_T_40.
DSP Report: Generating DSP _prod_T_40, operation Mode is: A2*B2.
DSP Report: register _prod_T_40 is absorbed into DSP _prod_T_40.
DSP Report: register _prod_T_40 is absorbed into DSP _prod_T_40.
DSP Report: operator _prod_T_40 is absorbed into DSP _prod_T_40.
DSP Report: operator _prod_T_40 is absorbed into DSP _prod_T_40.
DSP Report: Generating DSP _prod_T_40, operation Mode is: (PCIN>>17)+A2*B2.
DSP Report: register _prod_T_40 is absorbed into DSP _prod_T_40.
DSP Report: register _prod_T_40 is absorbed into DSP _prod_T_40.
DSP Report: operator _prod_T_40 is absorbed into DSP _prod_T_40.
DSP Report: operator _prod_T_40 is absorbed into DSP _prod_T_40.
DSP Report: Generating DSP _prod_T_40, operation Mode is: A2*B2.
DSP Report: register _prod_T_40 is absorbed into DSP _prod_T_40.
DSP Report: register _prod_T_40 is absorbed into DSP _prod_T_40.
DSP Report: operator _prod_T_40 is absorbed into DSP _prod_T_40.
DSP Report: operator _prod_T_40 is absorbed into DSP _prod_T_40.
DSP Report: Generating DSP _prod_T_40, operation Mode is: (PCIN>>17)+A2*B2.
DSP Report: register _prod_T_40 is absorbed into DSP _prod_T_40.
DSP Report: register _prod_T_40 is absorbed into DSP _prod_T_40.
DSP Report: operator _prod_T_40 is absorbed into DSP _prod_T_40.
DSP Report: operator _prod_T_40 is absorbed into DSP _prod_T_40.
INFO: [Synth 8-6904] The RAM "systemi_2/pbus/buffer/nodeOut_a_q/ram_ext/Memory_reg" of size (depth=2 x width=116) is automatically implemented using LUTRAM. BRAM implementation would be inefficient 
INFO: [Synth 8-6904] The RAM "systemi_2/cbus/wrapped_error_device/buffer/nodeOut_a_q/ram_ext/Memory_reg" of size (depth=2 x width=100) is automatically implemented using LUTRAM. BRAM implementation would be inefficient 
INFO: [Synth 8-6904] The RAM "systemi_2/uartClockDomainWrapper/uart_0/txq/ram_ext/Memory_reg" of size (depth=8 x width=8) is automatically implemented using LUTRAM. BRAM implementation would be inefficient 
WARNING: [Synth 8-7129] Port sdio_spi_dat_1 in module ZCU104FPGATestHarness is either unconnected or has no load
WARNING: [Synth 8-7129] Port sdio_spi_dat_2 in module ZCU104FPGATestHarness is either unconnected or has no load
RAM Pipeline Warning: Read Address Register Found For RAM rockettile_dcache_data_arrays_0/rockettile_dcache_data_arrays_0_ext/mem_0_0/ram_reg. We will not be able to pipeline it. This may degrade performance. 
RAM Pipeline Warning: Read Address Register Found For RAM rockettile_dcache_data_arrays_0/rockettile_dcache_data_arrays_0_ext/mem_0_0/ram_reg. We will not be able to pipeline it. This may degrade performance. 
INFO: [Synth 8-7124] RAM ("systemi_1/\tile_prci_domain/element_reset_domain_rockettile/dcache /data/rockettile_dcache_data_arrays_0/rockettile_dcache_data_arrays_0_ext/mem_0_0/ram_reg") is implemented using BRAM instead of URAM. Memory would be severely underutilized if URAMs are used
INFO: [Synth 8-7030] Implemented Non-Cascaded Block Ram (cascade_height = 1) of width 8 for RAM "systemi_1/\tile_prci_domain/element_reset_domain_rockettile/dcache /data/rockettile_dcache_data_arrays_0/rockettile_dcache_data_arrays_0_ext/mem_0_0/ram_reg"
RAM Pipeline Warning: Read Address Register Found For RAM rockettile_dcache_data_arrays_0/rockettile_dcache_data_arrays_0_ext/mem_0_1/ram_reg. We will not be able to pipeline it. This may degrade performance. 
RAM Pipeline Warning: Read Address Register Found For RAM rockettile_dcache_data_arrays_0/rockettile_dcache_data_arrays_0_ext/mem_0_1/ram_reg. We will not be able to pipeline it. This may degrade performance. 
INFO: [Synth 8-7124] RAM ("systemi_1/\tile_prci_domain/element_reset_domain_rockettile/dcache /data/rockettile_dcache_data_arrays_0/rockettile_dcache_data_arrays_0_ext/mem_0_1/ram_reg") is implemented using BRAM instead of URAM. Memory would be severely underutilized if URAMs are used
INFO: [Synth 8-7030] Implemented Non-Cascaded Block Ram (cascade_height = 1) of width 8 for RAM "systemi_1/\tile_prci_domain/element_reset_domain_rockettile/dcache /data/rockettile_dcache_data_arrays_0/rockettile_dcache_data_arrays_0_ext/mem_0_1/ram_reg"
RAM Pipeline Warning: Read Address Register Found For RAM rockettile_dcache_data_arrays_0/rockettile_dcache_data_arrays_0_ext/mem_0_2/ram_reg. We will not be able to pipeline it. This may degrade performance. 
RAM Pipeline Warning: Read Address Register Found For RAM rockettile_dcache_data_arrays_0/rockettile_dcache_data_arrays_0_ext/mem_0_2/ram_reg. We will not be able to pipeline it. This may degrade performance. 
INFO: [Synth 8-7124] RAM ("systemi_1/\tile_prci_domain/element_reset_domain_rockettile/dcache /data/rockettile_dcache_data_arrays_0/rockettile_dcache_data_arrays_0_ext/mem_0_2/ram_reg") is implemented using BRAM instead of URAM. Memory would be severely underutilized if URAMs are used
INFO: [Synth 8-7030] Implemented Non-Cascaded Block Ram (cascade_height = 1) of width 8 for RAM "systemi_1/\tile_prci_domain/element_reset_domain_rockettile/dcache /data/rockettile_dcache_data_arrays_0/rockettile_dcache_data_arrays_0_ext/mem_0_2/ram_reg"
RAM Pipeline Warning: Read Address Register Found For RAM rockettile_dcache_data_arrays_0/rockettile_dcache_data_arrays_0_ext/mem_0_3/ram_reg. We will not be able to pipeline it. This may degrade performance. 
RAM Pipeline Warning: Read Address Register Found For RAM rockettile_dcache_data_arrays_0/rockettile_dcache_data_arrays_0_ext/mem_0_3/ram_reg. We will not be able to pipeline it. This may degrade performance. 
INFO: [Synth 8-7124] RAM ("systemi_1/\tile_prci_domain/element_reset_domain_rockettile/dcache /data/rockettile_dcache_data_arrays_0/rockettile_dcache_data_arrays_0_ext/mem_0_3/ram_reg") is implemented using BRAM instead of URAM. Memory would be severely underutilized if URAMs are used
INFO: [Synth 8-7030] Implemented Non-Cascaded Block Ram (cascade_height = 1) of width 8 for RAM "systemi_1/\tile_prci_domain/element_reset_domain_rockettile/dcache /data/rockettile_dcache_data_arrays_0/rockettile_dcache_data_arrays_0_ext/mem_0_3/ram_reg"
RAM Pipeline Warning: Read Address Register Found For RAM rockettile_dcache_data_arrays_1/rockettile_dcache_data_arrays_0_ext/mem_0_0/ram_reg. We will not be able to pipeline it. This may degrade performance. 
RAM Pipeline Warning: Read Address Register Found For RAM rockettile_dcache_data_arrays_1/rockettile_dcache_data_arrays_0_ext/mem_0_0/ram_reg. We will not be able to pipeline it. This may degrade performance. 
INFO: [Synth 8-7124] RAM ("systemi_1/\tile_prci_domain/element_reset_domain_rockettile/dcache /data/rockettile_dcache_data_arrays_1/rockettile_dcache_data_arrays_0_ext/mem_0_0/ram_reg") is implemented using BRAM instead of URAM. Memory would be severely underutilized if URAMs are used
INFO: [Synth 8-7030] Implemented Non-Cascaded Block Ram (cascade_height = 1) of width 8 for RAM "systemi_1/\tile_prci_domain/element_reset_domain_rockettile/dcache /data/rockettile_dcache_data_arrays_1/rockettile_dcache_data_arrays_0_ext/mem_0_0/ram_reg"
RAM Pipeline Warning: Read Address Register Found For RAM rockettile_dcache_data_arrays_1/rockettile_dcache_data_arrays_0_ext/mem_0_1/ram_reg. We will not be able to pipeline it. This may degrade performance. 
RAM Pipeline Warning: Read Address Register Found For RAM rockettile_dcache_data_arrays_1/rockettile_dcache_data_arrays_0_ext/mem_0_1/ram_reg. We will not be able to pipeline it. This may degrade performance. 
INFO: [Synth 8-7124] RAM ("systemi_1/\tile_prci_domain/element_reset_domain_rockettile/dcache /data/rockettile_dcache_data_arrays_1/rockettile_dcache_data_arrays_0_ext/mem_0_1/ram_reg") is implemented using BRAM instead of URAM. Memory would be severely underutilized if URAMs are used
INFO: [Synth 8-7030] Implemented Non-Cascaded Block Ram (cascade_height = 1) of width 8 for RAM "systemi_1/\tile_prci_domain/element_reset_domain_rockettile/dcache /data/rockettile_dcache_data_arrays_1/rockettile_dcache_data_arrays_0_ext/mem_0_1/ram_reg"
RAM Pipeline Warning: Read Address Register Found For RAM rockettile_dcache_data_arrays_1/rockettile_dcache_data_arrays_0_ext/mem_0_2/ram_reg. We will not be able to pipeline it. This may degrade performance. 
RAM Pipeline Warning: Read Address Register Found For RAM rockettile_dcache_data_arrays_1/rockettile_dcache_data_arrays_0_ext/mem_0_2/ram_reg. We will not be able to pipeline it. This may degrade performance. 
INFO: [Synth 8-7124] RAM ("systemi_1/\tile_prci_domain/element_reset_domain_rockettile/dcache /data/rockettile_dcache_data_arrays_1/rockettile_dcache_data_arrays_0_ext/mem_0_2/ram_reg") is implemented using BRAM instead of URAM. Memory would be severely underutilized if URAMs are used
INFO: [Synth 8-7030] Implemented Non-Cascaded Block Ram (cascade_height = 1) of width 8 for RAM "systemi_1/\tile_prci_domain/element_reset_domain_rockettile/dcache /data/rockettile_dcache_data_arrays_1/rockettile_dcache_data_arrays_0_ext/mem_0_2/ram_reg"
RAM Pipeline Warning: Read Address Register Found For RAM rockettile_dcache_data_arrays_1/rockettile_dcache_data_arrays_0_ext/mem_0_3/ram_reg. We will not be able to pipeline it. This may degrade performance. 
RAM Pipeline Warning: Read Address Register Found For RAM rockettile_dcache_data_arrays_1/rockettile_dcache_data_arrays_0_ext/mem_0_3/ram_reg. We will not be able to pipeline it. This may degrade performance. 
INFO: [Synth 8-7124] RAM ("systemi_1/\tile_prci_domain/element_reset_domain_rockettile/dcache /data/rockettile_dcache_data_arrays_1/rockettile_dcache_data_arrays_0_ext/mem_0_3/ram_reg") is implemented using BRAM instead of URAM. Memory would be severely underutilized if URAMs are used
INFO: [Synth 8-7030] Implemented Non-Cascaded Block Ram (cascade_height = 1) of width 8 for RAM "systemi_1/\tile_prci_domain/element_reset_domain_rockettile/dcache /data/rockettile_dcache_data_arrays_1/rockettile_dcache_data_arrays_0_ext/mem_0_3/ram_reg"
RAM Pipeline Warning: Read Address Register Found For RAM icache/rockettile_icache_data_arrays_0_0/rockettile_icache_data_arrays_0_0_ext/mem_0_0/ram_reg. We will not be able to pipeline it. This may degrade performance. 
RAM Pipeline Warning: Read Address Register Found For RAM icache/rockettile_icache_data_arrays_0_0/rockettile_icache_data_arrays_0_0_ext/mem_0_0/ram_reg. We will not be able to pipeline it. This may degrade performance. 
RAM ("systemi_1/\tile_prci_domain/element_reset_domain_rockettile/frontend /icache/rockettile_icache_data_arrays_0_0/rockettile_icache_data_arrays_0_0_ext/mem_0_0/ram_reg") is too shallow (depth = 512) to use URAM. Choosing BRAM instead of URAM 
RAM Pipeline Warning: Read Address Register Found For RAM icache/rockettile_icache_data_arrays_1_0/rockettile_icache_data_arrays_0_0_ext/mem_0_0/ram_reg. We will not be able to pipeline it. This may degrade performance. 
RAM Pipeline Warning: Read Address Register Found For RAM icache/rockettile_icache_data_arrays_1_0/rockettile_icache_data_arrays_0_0_ext/mem_0_0/ram_reg. We will not be able to pipeline it. This may degrade performance. 
RAM ("systemi_1/\tile_prci_domain/element_reset_domain_rockettile/frontend /icache/rockettile_icache_data_arrays_1_0/rockettile_icache_data_arrays_0_0_ext/mem_0_0/ram_reg") is too shallow (depth = 512) to use URAM. Choosing BRAM instead of URAM 
RAM Pipeline Warning: Read Address Register Found For RAM icache/rockettile_icache_tag_array_0/rockettile_icache_tag_array_0_ext/mem_0_0/ram_reg. We will not be able to pipeline it. This may degrade performance. 
RAM Pipeline Warning: Read Address Register Found For RAM icache/rockettile_icache_tag_array_0/rockettile_icache_tag_array_0_ext/mem_0_0/ram_reg. We will not be able to pipeline it. This may degrade performance. 
INFO: [Synth 8-6904] The RAM "systemi_1/\tile_prci_domain/element_reset_domain_rockettile/frontend /icache/rockettile_icache_tag_array_0/rockettile_icache_tag_array_0_ext/mem_0_0/ram_reg" of size (depth=64 x width=21) is automatically implemented using LUTRAM. BRAM implementation would be inefficient 
INFO: [Synth 8-6904] The RAM "systemi_2/pbus/buffer/nodeOut_a_q/ram_ext/Memory_reg" of size (depth=2 x width=115) is automatically implemented using LUTRAM. BRAM implementation would be inefficient 
INFO: [Synth 8-6904] The RAM "systemi_2/cbus/wrapped_error_device/buffer/nodeOut_a_q/ram_ext/Memory_reg" of size (depth=2 x width=100) is automatically implemented using LUTRAM. BRAM implementation would be inefficient 
INFO: [Synth 8-6904] The RAM "systemi_2/uartClockDomainWrapper/uart_0/txq/ram_ext/Memory_reg" of size (depth=8 x width=8) is automatically implemented using LUTRAM. BRAM implementation would be inefficient 
RAM Pipeline Warning: Read Address Register Found For RAM rockettile_dcache_data_arrays_0/rockettile_dcache_data_arrays_0_ext/mem_0_0/ram_reg. We will not be able to pipeline it. This may degrade performance. 
RAM Pipeline Warning: Read Address Register Found For RAM rockettile_dcache_data_arrays_0/rockettile_dcache_data_arrays_0_ext/mem_0_1/ram_reg. We will not be able to pipeline it. This may degrade performance. 
RAM Pipeline Warning: Read Address Register Found For RAM rockettile_dcache_data_arrays_0/rockettile_dcache_data_arrays_0_ext/mem_0_2/ram_reg. We will not be able to pipeline it. This may degrade performance. 
RAM Pipeline Warning: Read Address Register Found For RAM rockettile_dcache_data_arrays_0/rockettile_dcache_data_arrays_0_ext/mem_0_3/ram_reg. We will not be able to pipeline it. This may degrade performance. 
RAM Pipeline Warning: Read Address Register Found For RAM rockettile_dcache_data_arrays_1/rockettile_dcache_data_arrays_0_ext/mem_0_0/ram_reg. We will not be able to pipeline it. This may degrade performance. 
RAM Pipeline Warning: Read Address Register Found For RAM rockettile_dcache_data_arrays_1/rockettile_dcache_data_arrays_0_ext/mem_0_1/ram_reg. We will not be able to pipeline it. This may degrade performance. 
RAM Pipeline Warning: Read Address Register Found For RAM rockettile_dcache_data_arrays_1/rockettile_dcache_data_arrays_0_ext/mem_0_2/ram_reg. We will not be able to pipeline it. This may degrade performance. 
RAM Pipeline Warning: Read Address Register Found For RAM rockettile_dcache_data_arrays_1/rockettile_dcache_data_arrays_0_ext/mem_0_3/ram_reg. We will not be able to pipeline it. This may degrade performance. 
RAM Pipeline Warning: Read Address Register Found For RAM icache/rockettile_icache_data_arrays_0_0/rockettile_icache_data_arrays_0_0_ext/mem_0_0/ram_reg. We will not be able to pipeline it. This may degrade performance. 
RAM Pipeline Warning: Read Address Register Found For RAM icache/rockettile_icache_data_arrays_1_0/rockettile_icache_data_arrays_0_0_ext/mem_0_0/ram_reg. We will not be able to pipeline it. This may degrade performance. 
RAM Pipeline Warning: Read Address Register Found For RAM icache/rockettile_icache_tag_array_0/rockettile_icache_tag_array_0_ext/mem_0_0/ram_reg. We will not be able to pipeline it. This may degrade performance. 
---------------------------------------------------------------------------------
Finished Cross Boundary and Area Optimization : Time (s): cpu = 00:02:02 ; elapsed = 00:02:05 . Memory (MB): peak = 4422.859 ; gain = 759.277 ; free physical = 43139 ; free virtual = 88071
---------------------------------------------------------------------------------
---------------------------------------------------------------------------------
Start ROM, RAM, DSP, Shift Register and Retiming Reporting
---------------------------------------------------------------------------------

ROM: Preliminary Mapping Report
+-----------------------+--------------+---------------+----------------+
|Module Name            | RTL Object   | Depth x Width | Implemented As | 
+-----------------------+--------------+---------------+----------------+
|TLROM                  | _GEN         | 1024x64       | LUT            | 
|bootromClockSinkDomain | bootrom/_GEN | 1024x64       | LUT            | 
+-----------------------+--------------+---------------+----------------+


Block RAM: Preliminary Mapping Report (see note below)
+-------------------------------------------------------------------------+------------------------------------------------------------------------------------------------+------------------------+---+---+------------------------+---+---+------------------+--------+--------+-----------------+
|Module Name                                                              | RTL Object                                                                                     | PORT A (Depth x Width) | W | R | PORT B (Depth x Width) | W | R | Ports driving FF | RAMB18 | RAMB36 | Cascade Heights | 
+-------------------------------------------------------------------------+------------------------------------------------------------------------------------------------+------------------------+---+---+------------------------+---+---+------------------+--------+--------+-----------------+
|systemi_1/\tile_prci_domain/element_reset_domain_rockettile/dcache /data | rockettile_dcache_data_arrays_0/rockettile_dcache_data_arrays_0_ext/mem_0_0/ram_reg            | 2 K x 8(READ_FIRST)    | W |   | 2 K x 8(WRITE_FIRST)   |   | R | Port A and B     | 1      | 0      | 1               | 
|systemi_1/\tile_prci_domain/element_reset_domain_rockettile/dcache /data | rockettile_dcache_data_arrays_0/rockettile_dcache_data_arrays_0_ext/mem_0_1/ram_reg            | 2 K x 8(READ_FIRST)    | W |   | 2 K x 8(WRITE_FIRST)   |   | R | Port A and B     | 1      | 0      | 1               | 
|systemi_1/\tile_prci_domain/element_reset_domain_rockettile/dcache /data | rockettile_dcache_data_arrays_0/rockettile_dcache_data_arrays_0_ext/mem_0_2/ram_reg            | 2 K x 8(READ_FIRST)    | W |   | 2 K x 8(WRITE_FIRST)   |   | R | Port A and B     | 1      | 0      | 1               | 
|systemi_1/\tile_prci_domain/element_reset_domain_rockettile/dcache /data | rockettile_dcache_data_arrays_0/rockettile_dcache_data_arrays_0_ext/mem_0_3/ram_reg            | 2 K x 8(READ_FIRST)    | W |   | 2 K x 8(WRITE_FIRST)   |   | R | Port A and B     | 1      | 0      | 1               | 
|systemi_1/\tile_prci_domain/element_reset_domain_rockettile/dcache /data | rockettile_dcache_data_arrays_1/rockettile_dcache_data_arrays_0_ext/mem_0_0/ram_reg            | 2 K x 8(READ_FIRST)    | W |   | 2 K x 8(WRITE_FIRST)   |   | R | Port A and B     | 1      | 0      | 1               | 
|systemi_1/\tile_prci_domain/element_reset_domain_rockettile/dcache /data | rockettile_dcache_data_arrays_1/rockettile_dcache_data_arrays_0_ext/mem_0_1/ram_reg            | 2 K x 8(READ_FIRST)    | W |   | 2 K x 8(WRITE_FIRST)   |   | R | Port A and B     | 1      | 0      | 1               | 
|systemi_1/\tile_prci_domain/element_reset_domain_rockettile/dcache /data | rockettile_dcache_data_arrays_1/rockettile_dcache_data_arrays_0_ext/mem_0_2/ram_reg            | 2 K x 8(READ_FIRST)    | W |   | 2 K x 8(WRITE_FIRST)   |   | R | Port A and B     | 1      | 0      | 1               | 
|systemi_1/\tile_prci_domain/element_reset_domain_rockettile/dcache /data | rockettile_dcache_data_arrays_1/rockettile_dcache_data_arrays_0_ext/mem_0_3/ram_reg            | 2 K x 8(READ_FIRST)    | W |   | 2 K x 8(WRITE_FIRST)   |   | R | Port A and B     | 1      | 0      | 1               | 
|systemi_1/\tile_prci_domain/element_reset_domain_rockettile/frontend     | icache/rockettile_icache_data_arrays_0_0/rockettile_icache_data_arrays_0_0_ext/mem_0_0/ram_reg | 512 x 32(READ_FIRST)   | W |   | 512 x 32(WRITE_FIRST)  |   | R | Port A and B     | 1      | 0      |                 | 
|systemi_1/\tile_prci_domain/element_reset_domain_rockettile/frontend     | icache/rockettile_icache_data_arrays_1_0/rockettile_icache_data_arrays_0_0_ext/mem_0_0/ram_reg | 512 x 32(READ_FIRST)   | W |   | 512 x 32(WRITE_FIRST)  |   | R | Port A and B     | 1      | 0      |                 | 
+-------------------------------------------------------------------------+------------------------------------------------------------------------------------------------+------------------------+---+---+------------------------+---+---+------------------+--------+--------+-----------------+

Note: The table above is a preliminary report that shows the Block RAMs at the current stage of the synthesis flow. Some Block RAMs may be reimplemented as non Block RAM primitives later in the synthesis flow. Multiple instantiated Block RAMs are reported only once. 

Distributed RAM: Preliminary Mapping Report (see note below)
+----------------------------------------------------------------------+----------------------------------------------------------------------------------------+-----------+----------------------+---------------+
|Module Name                                                           | RTL Object                                                                             | Inference | Size (Depth x Width) | Primitives    | 
+----------------------------------------------------------------------+----------------------------------------------------------------------------------------+-----------+----------------------+---------------+
|systemi_1/\tile_prci_domain/element_reset_domain_rockettile/frontend  | icache/rockettile_icache_tag_array_0/rockettile_icache_tag_array_0_ext/mem_0_0/ram_reg | Implied   | 64 x 21              | RAM64M8 x 3   | 
|systemi_1/\tile_prci_domain/element_reset_domain_rockettile/core      | rf_ext/Memory_reg                                                                      | Implied   | 32 x 32              | RAM32M16 x 6  | 
|ZCU104FPGATestHarness                                                 | tile_prci_domain/buffer/nodeOut_a_q/ram_ext/Memory_reg                                 | Implied   | 2 x 115              | RAM32M16 x 9  | 
|ZCU104FPGATestHarness                                                 | tile_prci_domain/buffer/nodeIn_d_q/ram_ext/Memory_reg                                  | Implied   | 2 x 77               | RAM32M16 x 6  | 
|ZCU104FPGATestHarness                                                 | tile_prci_domain/buffer_1/nodeOut_a_q/ram_ext/Memory_reg                               | Implied   | 2 x 80               | RAM32M16 x 6  | 
|ZCU104FPGATestHarness                                                 | tile_prci_domain/buffer_1/nodeIn_d_q/ram_ext/Memory_reg                                | Implied   | 2 x 46               | RAM32M16 x 4  | 
|systemi_2/pbus                                                        | buffer/nodeOut_a_q/ram_ext/Memory_reg                                                  | Implied   | 2 x 115              | RAM32M16 x 9  | 
|systemi_2/pbus                                                        | buffer/nodeIn_d_q/ram_ext/Memory_reg                                                   | Implied   | 2 x 78               | RAM32M16 x 6  | 
|systemi_2/pbus                                                        | buffer_1/nodeOut_a_q/ram_ext/Memory_reg                                                | Implied   | 2 x 116              | RAM32M16 x 9  | 
|systemi_2/pbus                                                        | buffer_1/nodeIn_d_q/ram_ext/Memory_reg                                                 | Implied   | 2 x 78               | RAM32M16 x 6  | 
|systemi_2/cbus/wrapped_error_device                                   | buffer/nodeOut_a_q/ram_ext/Memory_reg                                                  | Implied   | 2 x 100              | RAM32M16 x 8  | 
|systemi_2/cbus/wrapped_error_device                                   | buffer/nodeIn_d_q/ram_ext/Memory_reg                                                   | Implied   | 2 x 79               | RAM32M16 x 6  | 
|systemi_2/cbus                                                        | buffer/nodeOut_a_q/ram_ext/Memory_reg                                                  | Implied   | 2 x 118              | RAM32M16 x 9  | 
|systemi_2/cbus                                                        | buffer/nodeIn_d_q/ram_ext/Memory_reg                                                   | Implied   | 2 x 79               | RAM32M16 x 6  | 
|systemi_2/cbus                                                        | coupler_to_prci_ctrl/buffer/nodeOut_a_q/ram_ext/Memory_reg                             | Implied   | 2 x 102              | RAM32M16 x 8  | 
|systemi_2/cbus                                                        | coupler_to_prci_ctrl/buffer/nodeIn_d_q/ram_ext/Memory_reg                              | Implied   | 2 x 78               | RAM32M16 x 6  | 
|systemi_2/tlDM/\dmInner/dmInner /sb2tlOpt                             | d_q/ram_ext/Memory_reg                                                                 | Implied   | 2 x 10               | RAM32M16 x 1  | 
|systemi_2/uartClockDomainWrapper                                      | uart_0/txq/ram_ext/Memory_reg                                                          | Implied   | 8 x 8                | RAM32M16 x 1  | 
|systemi_2/uartClockDomainWrapper                                      | uart_0/rxq/ram_ext/Memory_reg                                                          | Implied   | 8 x 8                | RAM32M16 x 1  | 
|systemi_2/spiClockDomainWrapper                                       | spi_0/fifo/txq/ram_ext/Memory_reg                                                      | Implied   | 8 x 8                | RAM32M16 x 1  | 
|systemi_2/spiClockDomainWrapper                                       | spi_0/fifo/rxq/ram_ext/Memory_reg                                                      | Implied   | 8 x 8                | RAM32M16 x 1  | 
|ZCU104FPGATestHarness                                                 | fbus_buffer/nodeOut_a_q/ram_ext/Memory_reg                                             | Implied   | 2 x 116              | RAM32M16 x 9  | 
|ZCU104FPGATestHarness                                                 | fbus_buffer/nodeIn_d_q/ram_ext/Memory_reg                                              | Implied   | 2 x 77               | RAM32M16 x 6  | 
+----------------------------------------------------------------------+----------------------------------------------------------------------------------------+-----------+----------------------+---------------+

Note: The table above is a preliminary report that shows the Distributed RAMs at the current stage of the synthesis flow. Some Distributed RAMs may be reimplemented as non Distributed RAM primitives later in the synthesis flow. Multiple instantiated RAMs are reported only once.

DSP: Preliminary Mapping Report (see note below. The ' indicates corresponding REG is set)
+------------+------------------+--------+--------+--------+--------+--------+------+------+------+------+-------+------+------+
|Module Name | DSP Mapping      | A Size | B Size | C Size | D Size | P Size | AREG | BREG | CREG | DREG | ADREG | MREG | PREG | 
+------------+------------------+--------+--------+--------+--------+--------+------+------+------+------+-------+------+------+
|MulDiv      | A2*B2            | 25     | 8      | -      | -      | 48     | 1    | 1    | -    | -    | -     | 0    | 0    | 
|MulDiv      | A2*B2            | 25     | 18     | -      | -      | 48     | 1    | 1    | -    | -    | -     | 0    | 0    | 
|MulDiv      | (PCIN>>17)+A2*B2 | 25     | 18     | -      | -      | 48     | 1    | 1    | -    | -    | -     | 0    | 0    | 
|MulDiv      | A2*B2            | 18     | 18     | -      | -      | 48     | 1    | 1    | -    | -    | -     | 0    | 0    | 
|MulDiv      | (PCIN>>17)+A2*B2 | 25     | 18     | -      | -      | 48     | 1    | 1    | -    | -    | -     | 0    | 0    | 
+------------+------------------+--------+--------+--------+--------+--------+------+------+------+------+-------+------+------+

Note: The table above is a preliminary report that shows the DSPs inferred at the current stage of the synthesis flow. Some DSP may be reimplemented as non DSP primitives later in the synthesis flow. Multiple instantiated DSPs are reported only once.
---------------------------------------------------------------------------------
Finished ROM, RAM, DSP, Shift Register and Retiming Reporting
---------------------------------------------------------------------------------
---------------------------------------------------------------------------------
Start Applying XDC Timing Constraints
---------------------------------------------------------------------------------
INFO: [Synth 8-5578] Moved timing constraint from pin 'fpga_power_on/power_on_reset' to pin 'fpga_power_on/power_on_reset_reg/Q'
INFO: [Synth 8-5819] Moved 1 constraints on hierarchical pins to their respective driving/loading pins
---------------------------------------------------------------------------------
Finished Applying XDC Timing Constraints : Time (s): cpu = 00:02:05 ; elapsed = 00:02:08 . Memory (MB): peak = 4422.859 ; gain = 759.277 ; free physical = 42991 ; free virtual = 87923
---------------------------------------------------------------------------------
---------------------------------------------------------------------------------
Start Timing Optimization
---------------------------------------------------------------------------------
WARNING: [Synth 8-6779] Delay data for wire-load model not found, using default value
WARNING: [Synth 8-6779] Delay data for wire-load model not found, using default value
WARNING: [Synth 8-6779] Delay data for wire-load model not found, using default value
WARNING: [Synth 8-6779] Delay data for wire-load model not found, using default value
WARNING: [Synth 8-6779] Delay data for wire-load model not found, using default value
WARNING: [Synth 8-6779] Delay data for wire-load model not found, using default value
WARNING: [Synth 8-6779] Delay data for wire-load model not found, using default value
WARNING: [Synth 8-6779] Delay data for wire-load model not found, using default value
WARNING: [Synth 8-6779] Delay data for wire-load model not found, using default value
WARNING: [Synth 8-6779] Delay data for wire-load model not found, using default value
WARNING: [Synth 8-6779] Delay data for wire-load model not found, using default value
WARNING: [Synth 8-6779] Delay data for wire-load model not found, using default value
WARNING: [Synth 8-6779] Delay data for wire-load model not found, using default value
WARNING: [Synth 8-6779] Delay data for wire-load model not found, using default value
WARNING: [Synth 8-6779] Delay data for wire-load model not found, using default value
WARNING: [Synth 8-6779] Delay data for wire-load model not found, using default value
WARNING: [Synth 8-6779] Delay data for wire-load model not found, using default value
WARNING: [Synth 8-6779] Delay data for wire-load model not found, using default value
WARNING: [Synth 8-6779] Delay data for wire-load model not found, using default value
WARNING: [Synth 8-6779] Delay data for wire-load model not found, using default value
WARNING: [Synth 8-6779] Delay data for wire-load model not found, using default value
WARNING: [Synth 8-6779] Delay data for wire-load model not found, using default value
WARNING: [Synth 8-6779] Delay data for wire-load model not found, using default value
WARNING: [Synth 8-6779] Delay data for wire-load model not found, using default value
WARNING: [Synth 8-6779] Delay data for wire-load model not found, using default value
WARNING: [Synth 8-6779] Delay data for wire-load model not found, using default value
WARNING: [Synth 8-6779] Delay data for wire-load model not found, using default value
WARNING: [Synth 8-6779] Delay data for wire-load model not found, using default value
WARNING: [Synth 8-6779] Delay data for wire-load model not found, using default value
WARNING: [Synth 8-6779] Delay data for wire-load model not found, using default value
WARNING: [Synth 8-6779] Delay data for wire-load model not found, using default value
WARNING: [Synth 8-6779] Delay data for wire-load model not found, using default value
WARNING: [Synth 8-6779] Delay data for wire-load model not found, using default value
WARNING: [Synth 8-6779] Delay data for wire-load model not found, using default value
WARNING: [Synth 8-6779] Delay data for wire-load model not found, using default value
WARNING: [Synth 8-6779] Delay data for wire-load model not found, using default value
WARNING: [Synth 8-6779] Delay data for wire-load model not found, using default value
WARNING: [Synth 8-6779] Delay data for wire-load model not found, using default value
WARNING: [Synth 8-6779] Delay data for wire-load model not found, using default value
WARNING: [Synth 8-6779] Delay data for wire-load model not found, using default value
WARNING: [Synth 8-6779] Delay data for wire-load model not found, using default value
WARNING: [Synth 8-6779] Delay data for wire-load model not found, using default value
WARNING: [Synth 8-6779] Delay data for wire-load model not found, using default value
WARNING: [Synth 8-6779] Delay data for wire-load model not found, using default value
WARNING: [Synth 8-6779] Delay data for wire-load model not found, using default value
WARNING: [Synth 8-6779] Delay data for wire-load model not found, using default value
WARNING: [Synth 8-6779] Delay data for wire-load model not found, using default value
WARNING: [Synth 8-6779] Delay data for wire-load model not found, using default value
WARNING: [Synth 8-6779] Delay data for wire-load model not found, using default value
WARNING: [Synth 8-6779] Delay data for wire-load model not found, using default value
WARNING: [Synth 8-6779] Delay data for wire-load model not found, using default value
WARNING: [Synth 8-6779] Delay data for wire-load model not found, using default value
WARNING: [Synth 8-6779] Delay data for wire-load model not found, using default value
WARNING: [Synth 8-6779] Delay data for wire-load model not found, using default value
WARNING: [Synth 8-6779] Delay data for wire-load model not found, using default value
WARNING: [Synth 8-6779] Delay data for wire-load model not found, using default value
WARNING: [Synth 8-6779] Delay data for wire-load model not found, using default value
WARNING: [Synth 8-6779] Delay data for wire-load model not found, using default value
WARNING: [Synth 8-6779] Delay data for wire-load model not found, using default value
WARNING: [Synth 8-6779] Delay data for wire-load model not found, using default value
WARNING: [Synth 8-6779] Delay data for wire-load model not found, using default value
WARNING: [Synth 8-6779] Delay data for wire-load model not found, using default value
WARNING: [Synth 8-6779] Delay data for wire-load model not found, using default value
WARNING: [Synth 8-6779] Delay data for wire-load model not found, using default value
WARNING: [Synth 8-6779] Delay data for wire-load model not found, using default value
WARNING: [Synth 8-6779] Delay data for wire-load model not found, using default value
WARNING: [Synth 8-6779] Delay data for wire-load model not found, using default value
WARNING: [Synth 8-6779] Delay data for wire-load model not found, using default value
WARNING: [Synth 8-6779] Delay data for wire-load model not found, using default value
WARNING: [Synth 8-6779] Delay data for wire-load model not found, using default value
WARNING: [Synth 8-6779] Delay data for wire-load model not found, using default value
WARNING: [Synth 8-6779] Delay data for wire-load model not found, using default value
WARNING: [Synth 8-6779] Delay data for wire-load model not found, using default value
WARNING: [Synth 8-6779] Delay data for wire-load model not found, using default value
WARNING: [Synth 8-6779] Delay data for wire-load model not found, using default value
WARNING: [Synth 8-6779] Delay data for wire-load model not found, using default value
WARNING: [Synth 8-6779] Delay data for wire-load model not found, using default value
WARNING: [Synth 8-6779] Delay data for wire-load model not found, using default value
WARNING: [Synth 8-6779] Delay data for wire-load model not found, using default value
WARNING: [Synth 8-6779] Delay data for wire-load model not found, using default value
WARNING: [Synth 8-6779] Delay data for wire-load model not found, using default value
WARNING: [Synth 8-6779] Delay data for wire-load model not found, using default value
WARNING: [Synth 8-6779] Delay data for wire-load model not found, using default value
WARNING: [Synth 8-6779] Delay data for wire-load model not found, using default value
WARNING: [Synth 8-6779] Delay data for wire-load model not found, using default value
WARNING: [Synth 8-6779] Delay data for wire-load model not found, using default value
WARNING: [Synth 8-6779] Delay data for wire-load model not found, using default value
WARNING: [Synth 8-6779] Delay data for wire-load model not found, using default value
WARNING: [Synth 8-6779] Delay data for wire-load model not found, using default value
WARNING: [Synth 8-6779] Delay data for wire-load model not found, using default value
WARNING: [Synth 8-6779] Delay data for wire-load model not found, using default value
WARNING: [Synth 8-6779] Delay data for wire-load model not found, using default value
WARNING: [Synth 8-6779] Delay data for wire-load model not found, using default value
WARNING: [Synth 8-6779] Delay data for wire-load model not found, using default value
WARNING: [Synth 8-6779] Delay data for wire-load model not found, using default value
WARNING: [Synth 8-6779] Delay data for wire-load model not found, using default value
WARNING: [Synth 8-6779] Delay data for wire-load model not found, using default value
WARNING: [Synth 8-6779] Delay data for wire-load model not found, using default value
WARNING: [Synth 8-6779] Delay data for wire-load model not found, using default value
WARNING: [Synth 8-6779] Delay data for wire-load model not found, using default value
WARNING: [Synth 8-6779] Delay data for wire-load model not found, using default value
WARNING: [Synth 8-6779] Delay data for wire-load model not found, using default value
WARNING: [Synth 8-6779] Delay data for wire-load model not found, using default value
WARNING: [Synth 8-6779] Delay data for wire-load model not found, using default value
WARNING: [Synth 8-6779] Delay data for wire-load model not found, using default value
WARNING: [Synth 8-6779] Delay data for wire-load model not found, using default value
WARNING: [Synth 8-6779] Delay data for wire-load model not found, using default value
WARNING: [Synth 8-6779] Delay data for wire-load model not found, using default value
WARNING: [Synth 8-6779] Delay data for wire-load model not found, using default value
WARNING: [Synth 8-6779] Delay data for wire-load model not found, using default value
WARNING: [Synth 8-6779] Delay data for wire-load model not found, using default value
WARNING: [Synth 8-6779] Delay data for wire-load model not found, using default value
WARNING: [Synth 8-6779] Delay data for wire-load model not found, using default value
WARNING: [Synth 8-6779] Delay data for wire-load model not found, using default value
WARNING: [Synth 8-6779] Delay data for wire-load model not found, using default value
WARNING: [Synth 8-6779] Delay data for wire-load model not found, using default value
WARNING: [Synth 8-6779] Delay data for wire-load model not found, using default value
WARNING: [Synth 8-6779] Delay data for wire-load model not found, using default value
WARNING: [Synth 8-6779] Delay data for wire-load model not found, using default value
WARNING: [Synth 8-6779] Delay data for wire-load model not found, using default value
WARNING: [Synth 8-6779] Delay data for wire-load model not found, using default value
WARNING: [Synth 8-6779] Delay data for wire-load model not found, using default value
---------------------------------------------------------------------------------
Finished Timing Optimization : Time (s): cpu = 00:02:17 ; elapsed = 00:02:21 . Memory (MB): peak = 4422.859 ; gain = 759.277 ; free physical = 42899 ; free virtual = 87832
---------------------------------------------------------------------------------
---------------------------------------------------------------------------------
Start ROM, RAM, DSP, Shift Register and Retiming Reporting
---------------------------------------------------------------------------------

Block RAM: Final Mapping Report
+-------------------------------------------------------------------------+------------------------------------------------------------------------------------------------+------------------------+---+---+------------------------+---+---+------------------+--------+--------+-----------------+
|Module Name                                                              | RTL Object                                                                                     | PORT A (Depth x Width) | W | R | PORT B (Depth x Width) | W | R | Ports driving FF | RAMB18 | RAMB36 | Cascade Heights | 
+-------------------------------------------------------------------------+------------------------------------------------------------------------------------------------+------------------------+---+---+------------------------+---+---+------------------+--------+--------+-----------------+
|systemi_1/\tile_prci_domain/element_reset_domain_rockettile/dcache /data | rockettile_dcache_data_arrays_0/rockettile_dcache_data_arrays_0_ext/mem_0_0/ram_reg            | 2 K x 8(READ_FIRST)    | W |   | 2 K x 8(WRITE_FIRST)   |   | R | Port A and B     | 1      | 0      | 1               | 
|systemi_1/\tile_prci_domain/element_reset_domain_rockettile/dcache /data | rockettile_dcache_data_arrays_0/rockettile_dcache_data_arrays_0_ext/mem_0_1/ram_reg            | 2 K x 8(READ_FIRST)    | W |   | 2 K x 8(WRITE_FIRST)   |   | R | Port A and B     | 1      | 0      | 1               | 
|systemi_1/\tile_prci_domain/element_reset_domain_rockettile/dcache /data | rockettile_dcache_data_arrays_0/rockettile_dcache_data_arrays_0_ext/mem_0_2/ram_reg            | 2 K x 8(READ_FIRST)    | W |   | 2 K x 8(WRITE_FIRST)   |   | R | Port A and B     | 1      | 0      | 1               | 
|systemi_1/\tile_prci_domain/element_reset_domain_rockettile/dcache /data | rockettile_dcache_data_arrays_0/rockettile_dcache_data_arrays_0_ext/mem_0_3/ram_reg            | 2 K x 8(READ_FIRST)    | W |   | 2 K x 8(WRITE_FIRST)   |   | R | Port A and B     | 1      | 0      | 1               | 
|systemi_1/\tile_prci_domain/element_reset_domain_rockettile/dcache /data | rockettile_dcache_data_arrays_1/rockettile_dcache_data_arrays_0_ext/mem_0_0/ram_reg            | 2 K x 8(READ_FIRST)    | W |   | 2 K x 8(WRITE_FIRST)   |   | R | Port A and B     | 1      | 0      | 1               | 
|systemi_1/\tile_prci_domain/element_reset_domain_rockettile/dcache /data | rockettile_dcache_data_arrays_1/rockettile_dcache_data_arrays_0_ext/mem_0_1/ram_reg            | 2 K x 8(READ_FIRST)    | W |   | 2 K x 8(WRITE_FIRST)   |   | R | Port A and B     | 1      | 0      | 1               | 
|systemi_1/\tile_prci_domain/element_reset_domain_rockettile/dcache /data | rockettile_dcache_data_arrays_1/rockettile_dcache_data_arrays_0_ext/mem_0_2/ram_reg            | 2 K x 8(READ_FIRST)    | W |   | 2 K x 8(WRITE_FIRST)   |   | R | Port A and B     | 1      | 0      | 1               | 
|systemi_1/\tile_prci_domain/element_reset_domain_rockettile/dcache /data | rockettile_dcache_data_arrays_1/rockettile_dcache_data_arrays_0_ext/mem_0_3/ram_reg            | 2 K x 8(READ_FIRST)    | W |   | 2 K x 8(WRITE_FIRST)   |   | R | Port A and B     | 1      | 0      | 1               | 
|systemi_1/\tile_prci_domain/element_reset_domain_rockettile/frontend     | icache/rockettile_icache_data_arrays_0_0/rockettile_icache_data_arrays_0_0_ext/mem_0_0/ram_reg | 512 x 32(READ_FIRST)   | W |   | 512 x 32(WRITE_FIRST)  |   | R | Port A and B     | 1      | 0      |                 | 
|systemi_1/\tile_prci_domain/element_reset_domain_rockettile/frontend     | icache/rockettile_icache_data_arrays_1_0/rockettile_icache_data_arrays_0_0_ext/mem_0_0/ram_reg | 512 x 32(READ_FIRST)   | W |   | 512 x 32(WRITE_FIRST)  |   | R | Port A and B     | 1      | 0      |                 | 
+-------------------------------------------------------------------------+------------------------------------------------------------------------------------------------+------------------------+---+---+------------------------+---+---+------------------+--------+--------+-----------------+


Distributed RAM: Final Mapping Report
+----------------------------------------------------------------------+----------------------------------------------------------------------------------------+-----------+----------------------+---------------+
|Module Name                                                           | RTL Object                                                                             | Inference | Size (Depth x Width) | Primitives    | 
+----------------------------------------------------------------------+----------------------------------------------------------------------------------------+-----------+----------------------+---------------+
|systemi_1/\tile_prci_domain/element_reset_domain_rockettile/frontend  | icache/rockettile_icache_tag_array_0/rockettile_icache_tag_array_0_ext/mem_0_0/ram_reg | Implied   | 64 x 21              | RAM64M8 x 3   | 
|systemi_1/\tile_prci_domain/element_reset_domain_rockettile/core      | rf_ext/Memory_reg                                                                      | Implied   | 32 x 32              | RAM32M16 x 6  | 
|ZCU104FPGATestHarness                                                 | tile_prci_domain/buffer/nodeOut_a_q/ram_ext/Memory_reg                                 | Implied   | 2 x 115              | RAM32M16 x 9  | 
|ZCU104FPGATestHarness                                                 | tile_prci_domain/buffer/nodeIn_d_q/ram_ext/Memory_reg                                  | Implied   | 2 x 77               | RAM32M16 x 6  | 
|ZCU104FPGATestHarness                                                 | tile_prci_domain/buffer_1/nodeOut_a_q/ram_ext/Memory_reg                               | Implied   | 2 x 80               | RAM32M16 x 6  | 
|ZCU104FPGATestHarness                                                 | tile_prci_domain/buffer_1/nodeIn_d_q/ram_ext/Memory_reg                                | Implied   | 2 x 46               | RAM32M16 x 4  | 
|systemi_2/pbus                                                        | buffer/nodeOut_a_q/ram_ext/Memory_reg                                                  | Implied   | 2 x 115              | RAM32M16 x 9  | 
|systemi_2/pbus                                                        | buffer/nodeIn_d_q/ram_ext/Memory_reg                                                   | Implied   | 2 x 78               | RAM32M16 x 6  | 
|systemi_2/pbus                                                        | buffer_1/nodeOut_a_q/ram_ext/Memory_reg                                                | Implied   | 2 x 116              | RAM32M16 x 9  | 
|systemi_2/pbus                                                        | buffer_1/nodeIn_d_q/ram_ext/Memory_reg                                                 | Implied   | 2 x 78               | RAM32M16 x 6  | 
|systemi_2/cbus/wrapped_error_device                                   | buffer/nodeOut_a_q/ram_ext/Memory_reg                                                  | Implied   | 2 x 100              | RAM32M16 x 8  | 
|systemi_2/cbus/wrapped_error_device                                   | buffer/nodeIn_d_q/ram_ext/Memory_reg                                                   | Implied   | 2 x 79               | RAM32M16 x 6  | 
|systemi_2/cbus                                                        | buffer/nodeOut_a_q/ram_ext/Memory_reg                                                  | Implied   | 2 x 118              | RAM32M16 x 9  | 
|systemi_2/cbus                                                        | buffer/nodeIn_d_q/ram_ext/Memory_reg                                                   | Implied   | 2 x 79               | RAM32M16 x 6  | 
|systemi_2/cbus                                                        | coupler_to_prci_ctrl/buffer/nodeOut_a_q/ram_ext/Memory_reg                             | Implied   | 2 x 102              | RAM32M16 x 8  | 
|systemi_2/cbus                                                        | coupler_to_prci_ctrl/buffer/nodeIn_d_q/ram_ext/Memory_reg                              | Implied   | 2 x 78               | RAM32M16 x 6  | 
|systemi_2/tlDM/\dmInner/dmInner /sb2tlOpt                             | d_q/ram_ext/Memory_reg                                                                 | Implied   | 2 x 10               | RAM32M16 x 1  | 
|systemi_2/uartClockDomainWrapper                                      | uart_0/txq/ram_ext/Memory_reg                                                          | Implied   | 8 x 8                | RAM32M16 x 1  | 
|systemi_2/uartClockDomainWrapper                                      | uart_0/rxq/ram_ext/Memory_reg                                                          | Implied   | 8 x 8                | RAM32M16 x 1  | 
|systemi_2/spiClockDomainWrapper                                       | spi_0/fifo/txq/ram_ext/Memory_reg                                                      | Implied   | 8 x 8                | RAM32M16 x 1  | 
|systemi_2/spiClockDomainWrapper                                       | spi_0/fifo/rxq/ram_ext/Memory_reg                                                      | Implied   | 8 x 8                | RAM32M16 x 1  | 
|ZCU104FPGATestHarness                                                 | fbus_buffer/nodeOut_a_q/ram_ext/Memory_reg                                             | Implied   | 2 x 116              | RAM32M16 x 9  | 
|ZCU104FPGATestHarness                                                 | fbus_buffer/nodeIn_d_q/ram_ext/Memory_reg                                              | Implied   | 2 x 77               | RAM32M16 x 6  | 
+----------------------------------------------------------------------+----------------------------------------------------------------------------------------+-----------+----------------------+---------------+

---------------------------------------------------------------------------------
Finished ROM, RAM, DSP, Shift Register and Retiming Reporting
---------------------------------------------------------------------------------
---------------------------------------------------------------------------------
Start Technology Mapping
---------------------------------------------------------------------------------
WARNING: [Synth 8-6779] Delay data for wire-load model not found, using default value
WARNING: [Synth 8-6779] Delay data for wire-load model not found, using default value
WARNING: [Synth 8-6779] Delay data for wire-load model not found, using default value
WARNING: [Synth 8-6779] Delay data for wire-load model not found, using default value
WARNING: [Synth 8-6779] Delay data for wire-load model not found, using default value
WARNING: [Synth 8-6779] Delay data for wire-load model not found, using default value
WARNING: [Synth 8-6779] Delay data for wire-load model not found, using default value
WARNING: [Synth 8-6779] Delay data for wire-load model not found, using default value
WARNING: [Synth 8-6779] Delay data for wire-load model not found, using default value
WARNING: [Synth 8-6779] Delay data for wire-load model not found, using default value
WARNING: [Synth 8-6779] Delay data for wire-load model not found, using default value
WARNING: [Synth 8-6779] Delay data for wire-load model not found, using default value
WARNING: [Synth 8-6779] Delay data for wire-load model not found, using default value
WARNING: [Synth 8-6779] Delay data for wire-load model not found, using default value
WARNING: [Synth 8-6779] Delay data for wire-load model not found, using default value
WARNING: [Synth 8-6779] Delay data for wire-load model not found, using default value
WARNING: [Synth 8-6779] Delay data for wire-load model not found, using default value
WARNING: [Synth 8-6779] Delay data for wire-load model not found, using default value
WARNING: [Synth 8-6779] Delay data for wire-load model not found, using default value
WARNING: [Synth 8-6779] Delay data for wire-load model not found, using default value
WARNING: [Synth 8-6779] Delay data for wire-load model not found, using default value
WARNING: [Synth 8-6779] Delay data for wire-load model not found, using default value
WARNING: [Synth 8-6779] Delay data for wire-load model not found, using default value
WARNING: [Synth 8-6779] Delay data for wire-load model not found, using default value
WARNING: [Synth 8-6779] Delay data for wire-load model not found, using default value
WARNING: [Synth 8-6779] Delay data for wire-load model not found, using default value
WARNING: [Synth 8-6779] Delay data for wire-load model not found, using default value
WARNING: [Synth 8-6779] Delay data for wire-load model not found, using default value
WARNING: [Synth 8-6779] Delay data for wire-load model not found, using default value
WARNING: [Synth 8-6779] Delay data for wire-load model not found, using default value
WARNING: [Synth 8-6779] Delay data for wire-load model not found, using default value
WARNING: [Synth 8-6779] Delay data for wire-load model not found, using default value
WARNING: [Synth 8-6779] Delay data for wire-load model not found, using default value
WARNING: [Synth 8-6779] Delay data for wire-load model not found, using default value
WARNING: [Synth 8-6779] Delay data for wire-load model not found, using default value
WARNING: [Synth 8-6779] Delay data for wire-load model not found, using default value
WARNING: [Synth 8-6779] Delay data for wire-load model not found, using default value
WARNING: [Synth 8-6779] Delay data for wire-load model not found, using default value
WARNING: [Synth 8-6779] Delay data for wire-load model not found, using default value
WARNING: [Synth 8-6779] Delay data for wire-load model not found, using default value
WARNING: [Synth 8-6779] Delay data for wire-load model not found, using default value
WARNING: [Synth 8-6779] Delay data for wire-load model not found, using default value
WARNING: [Synth 8-6779] Delay data for wire-load model not found, using default value
WARNING: [Synth 8-6779] Delay data for wire-load model not found, using default value
WARNING: [Synth 8-6779] Delay data for wire-load model not found, using default value
WARNING: [Synth 8-6779] Delay data for wire-load model not found, using default value
WARNING: [Synth 8-6779] Delay data for wire-load model not found, using default value
WARNING: [Synth 8-6779] Delay data for wire-load model not found, using default value
WARNING: [Synth 8-6779] Delay data for wire-load model not found, using default value
WARNING: [Synth 8-6779] Delay data for wire-load model not found, using default value
WARNING: [Synth 8-6779] Delay data for wire-load model not found, using default value
WARNING: [Synth 8-6779] Delay data for wire-load model not found, using default value
WARNING: [Synth 8-6779] Delay data for wire-load model not found, using default value
WARNING: [Synth 8-6779] Delay data for wire-load model not found, using default value
WARNING: [Synth 8-6779] Delay data for wire-load model not found, using default value
WARNING: [Synth 8-6779] Delay data for wire-load model not found, using default value
WARNING: [Synth 8-6779] Delay data for wire-load model not found, using default value
WARNING: [Synth 8-6779] Delay data for wire-load model not found, using default value
WARNING: [Synth 8-6779] Delay data for wire-load model not found, using default value
WARNING: [Synth 8-6779] Delay data for wire-load model not found, using default value
WARNING: [Synth 8-6779] Delay data for wire-load model not found, using default value
WARNING: [Synth 8-6779] Delay data for wire-load model not found, using default value
WARNING: [Synth 8-6779] Delay data for wire-load model not found, using default value
WARNING: [Synth 8-6779] Delay data for wire-load model not found, using default value
WARNING: [Synth 8-6779] Delay data for wire-load model not found, using default value
WARNING: [Synth 8-6779] Delay data for wire-load model not found, using default value
WARNING: [Synth 8-6779] Delay data for wire-load model not found, using default value
WARNING: [Synth 8-6779] Delay data for wire-load model not found, using default value
WARNING: [Synth 8-6779] Delay data for wire-load model not found, using default value
WARNING: [Synth 8-6779] Delay data for wire-load model not found, using default value
WARNING: [Synth 8-6779] Delay data for wire-load model not found, using default value
WARNING: [Synth 8-6779] Delay data for wire-load model not found, using default value
WARNING: [Synth 8-6779] Delay data for wire-load model not found, using default value
WARNING: [Synth 8-6779] Delay data for wire-load model not found, using default value
WARNING: [Synth 8-6779] Delay data for wire-load model not found, using default value
WARNING: [Synth 8-6779] Delay data for wire-load model not found, using default value
WARNING: [Synth 8-6779] Delay data for wire-load model not found, using default value
WARNING: [Synth 8-6779] Delay data for wire-load model not found, using default value
WARNING: [Synth 8-6779] Delay data for wire-load model not found, using default value
WARNING: [Synth 8-6779] Delay data for wire-load model not found, using default value
WARNING: [Synth 8-6779] Delay data for wire-load model not found, using default value
WARNING: [Synth 8-6779] Delay data for wire-load model not found, using default value
WARNING: [Synth 8-6779] Delay data for wire-load model not found, using default value
WARNING: [Synth 8-6779] Delay data for wire-load model not found, using default value
WARNING: [Synth 8-6779] Delay data for wire-load model not found, using default value
WARNING: [Synth 8-6779] Delay data for wire-load model not found, using default value
WARNING: [Synth 8-6779] Delay data for wire-load model not found, using default value
WARNING: [Synth 8-6779] Delay data for wire-load model not found, using default value
WARNING: [Synth 8-6779] Delay data for wire-load model not found, using default value
WARNING: [Synth 8-6779] Delay data for wire-load model not found, using default value
WARNING: [Synth 8-6779] Delay data for wire-load model not found, using default value
WARNING: [Synth 8-6779] Delay data for wire-load model not found, using default value
WARNING: [Synth 8-6779] Delay data for wire-load model not found, using default value
WARNING: [Synth 8-6779] Delay data for wire-load model not found, using default value
WARNING: [Synth 8-6779] Delay data for wire-load model not found, using default value
WARNING: [Synth 8-6779] Delay data for wire-load model not found, using default value
WARNING: [Synth 8-6779] Delay data for wire-load model not found, using default value
WARNING: [Synth 8-6779] Delay data for wire-load model not found, using default value
WARNING: [Synth 8-6779] Delay data for wire-load model not found, using default value
WARNING: [Synth 8-6779] Delay data for wire-load model not found, using default value
WARNING: [Synth 8-6779] Delay data for wire-load model not found, using default value
WARNING: [Synth 8-6779] Delay data for wire-load model not found, using default value
WARNING: [Synth 8-6779] Delay data for wire-load model not found, using default value
WARNING: [Synth 8-6779] Delay data for wire-load model not found, using default value
WARNING: [Synth 8-6779] Delay data for wire-load model not found, using default value
WARNING: [Synth 8-6779] Delay data for wire-load model not found, using default value
WARNING: [Synth 8-6779] Delay data for wire-load model not found, using default value
WARNING: [Synth 8-6779] Delay data for wire-load model not found, using default value
WARNING: [Synth 8-6779] Delay data for wire-load model not found, using default value
WARNING: [Synth 8-6779] Delay data for wire-load model not found, using default value
WARNING: [Synth 8-6779] Delay data for wire-load model not found, using default value
WARNING: [Synth 8-6779] Delay data for wire-load model not found, using default value
WARNING: [Synth 8-6779] Delay data for wire-load model not found, using default value
WARNING: [Synth 8-6779] Delay data for wire-load model not found, using default value
WARNING: [Synth 8-6779] Delay data for wire-load model not found, using default value
WARNING: [Synth 8-6779] Delay data for wire-load model not found, using default value
WARNING: [Synth 8-6779] Delay data for wire-load model not found, using default value
WARNING: [Synth 8-6779] Delay data for wire-load model not found, using default value
WARNING: [Synth 8-6779] Delay data for wire-load model not found, using default value
WARNING: [Synth 8-6779] Delay data for wire-load model not found, using default value
WARNING: [Synth 8-6779] Delay data for wire-load model not found, using default value
WARNING: [Synth 8-6779] Delay data for wire-load model not found, using default value
WARNING: [Synth 8-6779] Delay data for wire-load model not found, using default value
WARNING: [Synth 8-6779] Delay data for wire-load model not found, using default value
WARNING: [Synth 8-6779] Delay data for wire-load model not found, using default value
WARNING: [Synth 8-6779] Delay data for wire-load model not found, using default value
WARNING: [Synth 8-6779] Delay data for wire-load model not found, using default value
WARNING: [Synth 8-6779] Delay data for wire-load model not found, using default value
WARNING: [Synth 8-6779] Delay data for wire-load model not found, using default value
WARNING: [Synth 8-6779] Delay data for wire-load model not found, using default value
WARNING: [Synth 8-6779] Delay data for wire-load model not found, using default value
WARNING: [Synth 8-6779] Delay data for wire-load model not found, using default value
WARNING: [Synth 8-6779] Delay data for wire-load model not found, using default value
WARNING: [Synth 8-6779] Delay data for wire-load model not found, using default value
WARNING: [Synth 8-6779] Delay data for wire-load model not found, using default value
WARNING: [Synth 8-6779] Delay data for wire-load model not found, using default value
WARNING: [Synth 8-6779] Delay data for wire-load model not found, using default value
WARNING: [Synth 8-6779] Delay data for wire-load model not found, using default value
WARNING: [Synth 8-6779] Delay data for wire-load model not found, using default value
WARNING: [Synth 8-6779] Delay data for wire-load model not found, using default value
WARNING: [Synth 8-6779] Delay data for wire-load model not found, using default value
WARNING: [Synth 8-6779] Delay data for wire-load model not found, using default value
WARNING: [Synth 8-6779] Delay data for wire-load model not found, using default value
WARNING: [Synth 8-6779] Delay data for wire-load model not found, using default value
WARNING: [Synth 8-6779] Delay data for wire-load model not found, using default value
WARNING: [Synth 8-6779] Delay data for wire-load model not found, using default value
WARNING: [Synth 8-6779] Delay data for wire-load model not found, using default value
WARNING: [Synth 8-6779] Delay data for wire-load model not found, using default value
WARNING: [Synth 8-6779] Delay data for wire-load model not found, using default value
WARNING: [Synth 8-6779] Delay data for wire-load model not found, using default value
WARNING: [Synth 8-6779] Delay data for wire-load model not found, using default value
WARNING: [Synth 8-6779] Delay data for wire-load model not found, using default value
WARNING: [Synth 8-6779] Delay data for wire-load model not found, using default value
WARNING: [Synth 8-6779] Delay data for wire-load model not found, using default value
WARNING: [Synth 8-6779] Delay data for wire-load model not found, using default value
WARNING: [Synth 8-6779] Delay data for wire-load model not found, using default value
WARNING: [Synth 8-6779] Delay data for wire-load model not found, using default value
WARNING: [Synth 8-6779] Delay data for wire-load model not found, using default value
WARNING: [Synth 8-6779] Delay data for wire-load model not found, using default value
WARNING: [Synth 8-6779] Delay data for wire-load model not found, using default value
WARNING: [Synth 8-6779] Delay data for wire-load model not found, using default value
WARNING: [Synth 8-6779] Delay data for wire-load model not found, using default value
WARNING: [Synth 8-6779] Delay data for wire-load model not found, using default value
WARNING: [Synth 8-6779] Delay data for wire-load model not found, using default value
WARNING: [Synth 8-6779] Delay data for wire-load model not found, using default value
WARNING: [Synth 8-6779] Delay data for wire-load model not found, using default value
WARNING: [Synth 8-6779] Delay data for wire-load model not found, using default value
WARNING: [Synth 8-6779] Delay data for wire-load model not found, using default value
WARNING: [Synth 8-6779] Delay data for wire-load model not found, using default value
WARNING: [Synth 8-6779] Delay data for wire-load model not found, using default value
WARNING: [Synth 8-6779] Delay data for wire-load model not found, using default value
WARNING: [Synth 8-6779] Delay data for wire-load model not found, using default value
WARNING: [Synth 8-6779] Delay data for wire-load model not found, using default value
WARNING: [Synth 8-6779] Delay data for wire-load model not found, using default value
WARNING: [Synth 8-6779] Delay data for wire-load model not found, using default value
WARNING: [Synth 8-6779] Delay data for wire-load model not found, using default value
WARNING: [Synth 8-6779] Delay data for wire-load model not found, using default value
WARNING: [Synth 8-6779] Delay data for wire-load model not found, using default value
WARNING: [Synth 8-6779] Delay data for wire-load model not found, using default value
WARNING: [Synth 8-6779] Delay data for wire-load model not found, using default value
WARNING: [Synth 8-6779] Delay data for wire-load model not found, using default value
WARNING: [Synth 8-6779] Delay data for wire-load model not found, using default value
WARNING: [Synth 8-6779] Delay data for wire-load model not found, using default value
WARNING: [Synth 8-6779] Delay data for wire-load model not found, using default value
WARNING: [Synth 8-6779] Delay data for wire-load model not found, using default value
WARNING: [Synth 8-6779] Delay data for wire-load model not found, using default value
WARNING: [Synth 8-6779] Delay data for wire-load model not found, using default value
WARNING: [Synth 8-6779] Delay data for wire-load model not found, using default value
WARNING: [Synth 8-6779] Delay data for wire-load model not found, using default value
WARNING: [Synth 8-6779] Delay data for wire-load model not found, using default value
WARNING: [Synth 8-6779] Delay data for wire-load model not found, using default value
WARNING: [Synth 8-6779] Delay data for wire-load model not found, using default value
WARNING: [Synth 8-6779] Delay data for wire-load model not found, using default value
WARNING: [Synth 8-6779] Delay data for wire-load model not found, using default value
WARNING: [Synth 8-6779] Delay data for wire-load model not found, using default value
WARNING: [Synth 8-6779] Delay data for wire-load model not found, using default value
WARNING: [Synth 8-6779] Delay data for wire-load model not found, using default value
WARNING: [Synth 8-6779] Delay data for wire-load model not found, using default value
WARNING: [Synth 8-6779] Delay data for wire-load model not found, using default value
WARNING: [Synth 8-6779] Delay data for wire-load model not found, using default value
WARNING: [Synth 8-6779] Delay data for wire-load model not found, using default value
WARNING: [Synth 8-6779] Delay data for wire-load model not found, using default value
WARNING: [Synth 8-6779] Delay data for wire-load model not found, using default value
WARNING: [Synth 8-6779] Delay data for wire-load model not found, using default value
WARNING: [Synth 8-6779] Delay data for wire-load model not found, using default value
WARNING: [Synth 8-6779] Delay data for wire-load model not found, using default value
WARNING: [Synth 8-6779] Delay data for wire-load model not found, using default value
WARNING: [Synth 8-6779] Delay data for wire-load model not found, using default value
WARNING: [Synth 8-6779] Delay data for wire-load model not found, using default value
WARNING: [Synth 8-6779] Delay data for wire-load model not found, using default value
WARNING: [Synth 8-6779] Delay data for wire-load model not found, using default value
WARNING: [Synth 8-6779] Delay data for wire-load model not found, using default value
WARNING: [Synth 8-6779] Delay data for wire-load model not found, using default value
WARNING: [Synth 8-6779] Delay data for wire-load model not found, using default value
WARNING: [Synth 8-6779] Delay data for wire-load model not found, using default value
WARNING: [Synth 8-6779] Delay data for wire-load model not found, using default value
WARNING: [Synth 8-6779] Delay data for wire-load model not found, using default value
WARNING: [Synth 8-6779] Delay data for wire-load model not found, using default value
WARNING: [Synth 8-6779] Delay data for wire-load model not found, using default value
WARNING: [Synth 8-6779] Delay data for wire-load model not found, using default value
WARNING: [Synth 8-6779] Delay data for wire-load model not found, using default value
WARNING: [Synth 8-6779] Delay data for wire-load model not found, using default value
WARNING: [Synth 8-6779] Delay data for wire-load model not found, using default value
WARNING: [Synth 8-6779] Delay data for wire-load model not found, using default value
WARNING: [Synth 8-6779] Delay data for wire-load model not found, using default value
WARNING: [Synth 8-6779] Delay data for wire-load model not found, using default value
WARNING: [Synth 8-6779] Delay data for wire-load model not found, using default value
WARNING: [Synth 8-6779] Delay data for wire-load model not found, using default value
WARNING: [Synth 8-6779] Delay data for wire-load model not found, using default value
WARNING: [Synth 8-6779] Delay data for wire-load model not found, using default value
WARNING: [Synth 8-6779] Delay data for wire-load model not found, using default value
WARNING: [Synth 8-6779] Delay data for wire-load model not found, using default value
WARNING: [Synth 8-6779] Delay data for wire-load model not found, using default value
WARNING: [Synth 8-6779] Delay data for wire-load model not found, using default value
WARNING: [Synth 8-6779] Delay data for wire-load model not found, using default value
WARNING: [Synth 8-6779] Delay data for wire-load model not found, using default value
WARNING: [Synth 8-6779] Delay data for wire-load model not found, using default value
WARNING: [Synth 8-6779] Delay data for wire-load model not found, using default value
WARNING: [Synth 8-6779] Delay data for wire-load model not found, using default value
WARNING: [Synth 8-6779] Delay data for wire-load model not found, using default value
WARNING: [Synth 8-6779] Delay data for wire-load model not found, using default value
WARNING: [Synth 8-6779] Delay data for wire-load model not found, using default value
WARNING: [Synth 8-6779] Delay data for wire-load model not found, using default value
WARNING: [Synth 8-6779] Delay data for wire-load model not found, using default value
WARNING: [Synth 8-6779] Delay data for wire-load model not found, using default value
WARNING: [Synth 8-6779] Delay data for wire-load model not found, using default value
WARNING: [Synth 8-6779] Delay data for wire-load model not found, using default value
WARNING: [Synth 8-6779] Delay data for wire-load model not found, using default value
WARNING: [Synth 8-6779] Delay data for wire-load model not found, using default value
WARNING: [Synth 8-6779] Delay data for wire-load model not found, using default value
WARNING: [Synth 8-6779] Delay data for wire-load model not found, using default value
WARNING: [Synth 8-6779] Delay data for wire-load model not found, using default value
WARNING: [Synth 8-6779] Delay data for wire-load model not found, using default value
WARNING: [Synth 8-6779] Delay data for wire-load model not found, using default value
WARNING: [Synth 8-6779] Delay data for wire-load model not found, using default value
WARNING: [Synth 8-6779] Delay data for wire-load model not found, using default value
WARNING: [Synth 8-6779] Delay data for wire-load model not found, using default value
WARNING: [Synth 8-6779] Delay data for wire-load model not found, using default value
WARNING: [Synth 8-6779] Delay data for wire-load model not found, using default value
WARNING: [Synth 8-6779] Delay data for wire-load model not found, using default value
WARNING: [Synth 8-6779] Delay data for wire-load model not found, using default value
WARNING: [Synth 8-6779] Delay data for wire-load model not found, using default value
WARNING: [Synth 8-6779] Delay data for wire-load model not found, using default value
WARNING: [Synth 8-6779] Delay data for wire-load model not found, using default value
WARNING: [Synth 8-6779] Delay data for wire-load model not found, using default value
WARNING: [Synth 8-6779] Delay data for wire-load model not found, using default value
WARNING: [Synth 8-6779] Delay data for wire-load model not found, using default value
WARNING: [Synth 8-6779] Delay data for wire-load model not found, using default value
WARNING: [Synth 8-6779] Delay data for wire-load model not found, using default value
WARNING: [Synth 8-6779] Delay data for wire-load model not found, using default value
WARNING: [Synth 8-6779] Delay data for wire-load model not found, using default value
WARNING: [Synth 8-6779] Delay data for wire-load model not found, using default value
WARNING: [Synth 8-6779] Delay data for wire-load model not found, using default value
WARNING: [Synth 8-6779] Delay data for wire-load model not found, using default value
WARNING: [Synth 8-6779] Delay data for wire-load model not found, using default value
WARNING: [Synth 8-6779] Delay data for wire-load model not found, using default value
WARNING: [Synth 8-6779] Delay data for wire-load model not found, using default value
WARNING: [Synth 8-6779] Delay data for wire-load model not found, using default value
WARNING: [Synth 8-6779] Delay data for wire-load model not found, using default value
WARNING: [Synth 8-6779] Delay data for wire-load model not found, using default value
WARNING: [Synth 8-6779] Delay data for wire-load model not found, using default value
WARNING: [Synth 8-6779] Delay data for wire-load model not found, using default value
WARNING: [Synth 8-6779] Delay data for wire-load model not found, using default value
WARNING: [Synth 8-6779] Delay data for wire-load model not found, using default value
WARNING: [Synth 8-6779] Delay data for wire-load model not found, using default value
WARNING: [Synth 8-6779] Delay data for wire-load model not found, using default value
WARNING: [Synth 8-6779] Delay data for wire-load model not found, using default value
WARNING: [Synth 8-6779] Delay data for wire-load model not found, using default value
WARNING: [Synth 8-6779] Delay data for wire-load model not found, using default value
WARNING: [Synth 8-6779] Delay data for wire-load model not found, using default value
WARNING: [Synth 8-6779] Delay data for wire-load model not found, using default value
WARNING: [Synth 8-6779] Delay data for wire-load model not found, using default value
WARNING: [Synth 8-6779] Delay data for wire-load model not found, using default value
WARNING: [Synth 8-6779] Delay data for wire-load model not found, using default value
WARNING: [Synth 8-6779] Delay data for wire-load model not found, using default value
WARNING: [Synth 8-6779] Delay data for wire-load model not found, using default value
WARNING: [Synth 8-6779] Delay data for wire-load model not found, using default value
WARNING: [Synth 8-6779] Delay data for wire-load model not found, using default value
WARNING: [Synth 8-6779] Delay data for wire-load model not found, using default value
WARNING: [Synth 8-6779] Delay data for wire-load model not found, using default value
WARNING: [Synth 8-6779] Delay data for wire-load model not found, using default value
WARNING: [Synth 8-6779] Delay data for wire-load model not found, using default value
WARNING: [Synth 8-6779] Delay data for wire-load model not found, using default value
WARNING: [Synth 8-6779] Delay data for wire-load model not found, using default value
WARNING: [Synth 8-6779] Delay data for wire-load model not found, using default value
WARNING: [Synth 8-6779] Delay data for wire-load model not found, using default value
WARNING: [Synth 8-6779] Delay data for wire-load model not found, using default value
WARNING: [Synth 8-6779] Delay data for wire-load model not found, using default value
WARNING: [Synth 8-6779] Delay data for wire-load model not found, using default value
WARNING: [Synth 8-6779] Delay data for wire-load model not found, using default value
WARNING: [Synth 8-6779] Delay data for wire-load model not found, using default value
WARNING: [Synth 8-6779] Delay data for wire-load model not found, using default value
WARNING: [Synth 8-6779] Delay data for wire-load model not found, using default value
WARNING: [Synth 8-6779] Delay data for wire-load model not found, using default value
WARNING: [Synth 8-6779] Delay data for wire-load model not found, using default value
WARNING: [Synth 8-6779] Delay data for wire-load model not found, using default value
WARNING: [Synth 8-6779] Delay data for wire-load model not found, using default value
WARNING: [Synth 8-6779] Delay data for wire-load model not found, using default value
WARNING: [Synth 8-6779] Delay data for wire-load model not found, using default value
WARNING: [Synth 8-6779] Delay data for wire-load model not found, using default value
WARNING: [Synth 8-6779] Delay data for wire-load model not found, using default value
WARNING: [Synth 8-6779] Delay data for wire-load model not found, using default value
WARNING: [Synth 8-6779] Delay data for wire-load model not found, using default value
WARNING: [Synth 8-6779] Delay data for wire-load model not found, using default value
WARNING: [Synth 8-6779] Delay data for wire-load model not found, using default value
WARNING: [Synth 8-6779] Delay data for wire-load model not found, using default value
WARNING: [Synth 8-6779] Delay data for wire-load model not found, using default value
WARNING: [Synth 8-6779] Delay data for wire-load model not found, using default value
WARNING: [Synth 8-6779] Delay data for wire-load model not found, using default value
WARNING: [Synth 8-6779] Delay data for wire-load model not found, using default value
WARNING: [Synth 8-6779] Delay data for wire-load model not found, using default value
WARNING: [Synth 8-6779] Delay data for wire-load model not found, using default value
WARNING: [Synth 8-6779] Delay data for wire-load model not found, using default value
WARNING: [Synth 8-6779] Delay data for wire-load model not found, using default value
WARNING: [Synth 8-6779] Delay data for wire-load model not found, using default value
WARNING: [Synth 8-6779] Delay data for wire-load model not found, using default value
WARNING: [Synth 8-6779] Delay data for wire-load model not found, using default value
WARNING: [Synth 8-6779] Delay data for wire-load model not found, using default value
WARNING: [Synth 8-6779] Delay data for wire-load model not found, using default value
WARNING: [Synth 8-6779] Delay data for wire-load model not found, using default value
WARNING: [Synth 8-6779] Delay data for wire-load model not found, using default value
WARNING: [Synth 8-6779] Delay data for wire-load model not found, using default value
WARNING: [Synth 8-6779] Delay data for wire-load model not found, using default value
WARNING: [Synth 8-6779] Delay data for wire-load model not found, using default value
WARNING: [Synth 8-6779] Delay data for wire-load model not found, using default value
WARNING: [Synth 8-6779] Delay data for wire-load model not found, using default value
WARNING: [Synth 8-6779] Delay data for wire-load model not found, using default value
WARNING: [Synth 8-6779] Delay data for wire-load model not found, using default value
WARNING: [Synth 8-6779] Delay data for wire-load model not found, using default value
WARNING: [Synth 8-6779] Delay data for wire-load model not found, using default value
WARNING: [Synth 8-6779] Delay data for wire-load model not found, using default value
WARNING: [Synth 8-6779] Delay data for wire-load model not found, using default value
WARNING: [Synth 8-6779] Delay data for wire-load model not found, using default value
WARNING: [Synth 8-6779] Delay data for wire-load model not found, using default value
WARNING: [Synth 8-6779] Delay data for wire-load model not found, using default value
WARNING: [Synth 8-6779] Delay data for wire-load model not found, using default value
WARNING: [Synth 8-6779] Delay data for wire-load model not found, using default value
WARNING: [Synth 8-6779] Delay data for wire-load model not found, using default value
WARNING: [Synth 8-6779] Delay data for wire-load model not found, using default value
WARNING: [Synth 8-6779] Delay data for wire-load model not found, using default value
WARNING: [Synth 8-6779] Delay data for wire-load model not found, using default value
WARNING: [Synth 8-6779] Delay data for wire-load model not found, using default value
WARNING: [Synth 8-6779] Delay data for wire-load model not found, using default value
WARNING: [Synth 8-6779] Delay data for wire-load model not found, using default value
WARNING: [Synth 8-6779] Delay data for wire-load model not found, using default value
WARNING: [Synth 8-6779] Delay data for wire-load model not found, using default value
WARNING: [Synth 8-6779] Delay data for wire-load model not found, using default value
WARNING: [Synth 8-6779] Delay data for wire-load model not found, using default value
WARNING: [Synth 8-6779] Delay data for wire-load model not found, using default value
WARNING: [Synth 8-6779] Delay data for wire-load model not found, using default value
WARNING: [Synth 8-6779] Delay data for wire-load model not found, using default value
WARNING: [Synth 8-6779] Delay data for wire-load model not found, using default value
WARNING: [Synth 8-6779] Delay data for wire-load model not found, using default value
WARNING: [Synth 8-6779] Delay data for wire-load model not found, using default value
WARNING: [Synth 8-6779] Delay data for wire-load model not found, using default value
WARNING: [Synth 8-6779] Delay data for wire-load model not found, using default value
WARNING: [Synth 8-6779] Delay data for wire-load model not found, using default value
WARNING: [Synth 8-6779] Delay data for wire-load model not found, using default value
WARNING: [Synth 8-6779] Delay data for wire-load model not found, using default value
WARNING: [Synth 8-6779] Delay data for wire-load model not found, using default value
WARNING: [Synth 8-6779] Delay data for wire-load model not found, using default value
WARNING: [Synth 8-6779] Delay data for wire-load model not found, using default value
WARNING: [Synth 8-6779] Delay data for wire-load model not found, using default value
WARNING: [Synth 8-6779] Delay data for wire-load model not found, using default value
WARNING: [Synth 8-6779] Delay data for wire-load model not found, using default value
WARNING: [Synth 8-6779] Delay data for wire-load model not found, using default value
WARNING: [Synth 8-6779] Delay data for wire-load model not found, using default value
WARNING: [Synth 8-6779] Delay data for wire-load model not found, using default value
WARNING: [Synth 8-6779] Delay data for wire-load model not found, using default value
WARNING: [Synth 8-6779] Delay data for wire-load model not found, using default value
WARNING: [Synth 8-6779] Delay data for wire-load model not found, using default value
WARNING: [Synth 8-6779] Delay data for wire-load model not found, using default value
WARNING: [Synth 8-6779] Delay data for wire-load model not found, using default value
WARNING: [Synth 8-6779] Delay data for wire-load model not found, using default value
WARNING: [Synth 8-6779] Delay data for wire-load model not found, using default value
WARNING: [Synth 8-6779] Delay data for wire-load model not found, using default value
WARNING: [Synth 8-6779] Delay data for wire-load model not found, using default value
WARNING: [Synth 8-6779] Delay data for wire-load model not found, using default value
WARNING: [Synth 8-6779] Delay data for wire-load model not found, using default value
WARNING: [Synth 8-6779] Delay data for wire-load model not found, using default value
WARNING: [Synth 8-6779] Delay data for wire-load model not found, using default value
WARNING: [Synth 8-6779] Delay data for wire-load model not found, using default value
WARNING: [Synth 8-6779] Delay data for wire-load model not found, using default value
WARNING: [Synth 8-6779] Delay data for wire-load model not found, using default value
WARNING: [Synth 8-6779] Delay data for wire-load model not found, using default value
WARNING: [Synth 8-6779] Delay data for wire-load model not found, using default value
WARNING: [Synth 8-6779] Delay data for wire-load model not found, using default value
WARNING: [Synth 8-6779] Delay data for wire-load model not found, using default value
WARNING: [Synth 8-6779] Delay data for wire-load model not found, using default value
WARNING: [Synth 8-6779] Delay data for wire-load model not found, using default value
WARNING: [Synth 8-6779] Delay data for wire-load model not found, using default value
WARNING: [Synth 8-6779] Delay data for wire-load model not found, using default value
WARNING: [Synth 8-6779] Delay data for wire-load model not found, using default value
WARNING: [Synth 8-6779] Delay data for wire-load model not found, using default value
WARNING: [Synth 8-6779] Delay data for wire-load model not found, using default value
WARNING: [Synth 8-6779] Delay data for wire-load model not found, using default value
WARNING: [Synth 8-6779] Delay data for wire-load model not found, using default value
WARNING: [Synth 8-6779] Delay data for wire-load model not found, using default value
WARNING: [Synth 8-6779] Delay data for wire-load model not found, using default value
WARNING: [Synth 8-6779] Delay data for wire-load model not found, using default value
WARNING: [Synth 8-6779] Delay data for wire-load model not found, using default value
WARNING: [Synth 8-6779] Delay data for wire-load model not found, using default value
WARNING: [Synth 8-6779] Delay data for wire-load model not found, using default value
WARNING: [Synth 8-6779] Delay data for wire-load model not found, using default value
WARNING: [Synth 8-6779] Delay data for wire-load model not found, using default value
WARNING: [Synth 8-6779] Delay data for wire-load model not found, using default value
WARNING: [Synth 8-6779] Delay data for wire-load model not found, using default value
WARNING: [Synth 8-6779] Delay data for wire-load model not found, using default value
WARNING: [Synth 8-6779] Delay data for wire-load model not found, using default value
WARNING: [Synth 8-6779] Delay data for wire-load model not found, using default value
INFO: [Synth 8-7052] The timing for the instance chiptop0/system/tile_prci_domain/element_reset_domain_rockettile/dcache/data/rockettile_dcache_data_arrays_0/rockettile_dcache_data_arrays_0_ext/mem_0_0/ram_reg_bram_0 (implemented as a Block RAM) might be sub-optimal as no optional output register could be merged into the ram block. Providing additional output register may help in improving timing.
INFO: [Synth 8-7052] The timing for the instance chiptop0/system/tile_prci_domain/element_reset_domain_rockettile/dcache/data/rockettile_dcache_data_arrays_0/rockettile_dcache_data_arrays_0_ext/mem_0_1/ram_reg_bram_0 (implemented as a Block RAM) might be sub-optimal as no optional output register could be merged into the ram block. Providing additional output register may help in improving timing.
INFO: [Synth 8-7052] The timing for the instance chiptop0/system/tile_prci_domain/element_reset_domain_rockettile/dcache/data/rockettile_dcache_data_arrays_0/rockettile_dcache_data_arrays_0_ext/mem_0_2/ram_reg_bram_0 (implemented as a Block RAM) might be sub-optimal as no optional output register could be merged into the ram block. Providing additional output register may help in improving timing.
INFO: [Synth 8-7052] The timing for the instance chiptop0/system/tile_prci_domain/element_reset_domain_rockettile/dcache/data/rockettile_dcache_data_arrays_0/rockettile_dcache_data_arrays_0_ext/mem_0_3/ram_reg_bram_0 (implemented as a Block RAM) might be sub-optimal as no optional output register could be merged into the ram block. Providing additional output register may help in improving timing.
INFO: [Synth 8-7052] The timing for the instance chiptop0/system/tile_prci_domain/element_reset_domain_rockettile/dcache/data/rockettile_dcache_data_arrays_1/rockettile_dcache_data_arrays_0_ext/mem_0_0/ram_reg_bram_0 (implemented as a Block RAM) might be sub-optimal as no optional output register could be merged into the ram block. Providing additional output register may help in improving timing.
INFO: [Synth 8-7052] The timing for the instance chiptop0/system/tile_prci_domain/element_reset_domain_rockettile/dcache/data/rockettile_dcache_data_arrays_1/rockettile_dcache_data_arrays_0_ext/mem_0_1/ram_reg_bram_0 (implemented as a Block RAM) might be sub-optimal as no optional output register could be merged into the ram block. Providing additional output register may help in improving timing.
INFO: [Synth 8-7052] The timing for the instance chiptop0/system/tile_prci_domain/element_reset_domain_rockettile/dcache/data/rockettile_dcache_data_arrays_1/rockettile_dcache_data_arrays_0_ext/mem_0_2/ram_reg_bram_0 (implemented as a Block RAM) might be sub-optimal as no optional output register could be merged into the ram block. Providing additional output register may help in improving timing.
INFO: [Synth 8-7052] The timing for the instance chiptop0/system/tile_prci_domain/element_reset_domain_rockettile/dcache/data/rockettile_dcache_data_arrays_1/rockettile_dcache_data_arrays_0_ext/mem_0_3/ram_reg_bram_0 (implemented as a Block RAM) might be sub-optimal as no optional output register could be merged into the ram block. Providing additional output register may help in improving timing.
INFO: [Synth 8-7052] The timing for the instance chiptop0/system/tile_prci_domain/element_reset_domain_rockettile/frontend/icache/rockettile_icache_data_arrays_0_0/rockettile_icache_data_arrays_0_0_ext/mem_0_0/ram_reg (implemented as a Block RAM) might be sub-optimal as no optional output register could be merged into the ram block. Providing additional output register may help in improving timing.
INFO: [Synth 8-7052] The timing for the instance chiptop0/system/tile_prci_domain/element_reset_domain_rockettile/frontend/icache/rockettile_icache_data_arrays_1_0/rockettile_icache_data_arrays_0_0_ext/mem_0_0/ram_reg (implemented as a Block RAM) might be sub-optimal as no optional output register could be merged into the ram block. Providing additional output register may help in improving timing.
---------------------------------------------------------------------------------
Finished Technology Mapping : Time (s): cpu = 00:02:25 ; elapsed = 00:02:29 . Memory (MB): peak = 4489.867 ; gain = 826.285 ; free physical = 42676 ; free virtual = 87619
---------------------------------------------------------------------------------
---------------------------------------------------------------------------------
Start IO Insertion
---------------------------------------------------------------------------------
---------------------------------------------------------------------------------
Start Flattening Before IO Insertion
---------------------------------------------------------------------------------
---------------------------------------------------------------------------------
Finished Flattening Before IO Insertion
---------------------------------------------------------------------------------
---------------------------------------------------------------------------------
Start Final Netlist Cleanup
---------------------------------------------------------------------------------
INFO: [Synth 8-4163] Replicating register \chiptop0/system/spiClockDomainWrapper/spi_0/mac/cs_dflt_0_reg  to handle IOB=TRUE attribute
INFO: [Synth 8-4163] Replicating register \chiptop0/system/spiClockDomainWrapper/spi_0/mac/phy/txd_reg[0]  to handle IOB=TRUE attribute
---------------------------------------------------------------------------------
Finished Final Netlist Cleanup
---------------------------------------------------------------------------------
---------------------------------------------------------------------------------
Finished IO Insertion : Time (s): cpu = 00:02:29 ; elapsed = 00:02:33 . Memory (MB): peak = 4492.836 ; gain = 829.254 ; free physical = 42745 ; free virtual = 87678
---------------------------------------------------------------------------------
---------------------------------------------------------------------------------
Start Renaming Generated Instances
---------------------------------------------------------------------------------
---------------------------------------------------------------------------------
Finished Renaming Generated Instances : Time (s): cpu = 00:02:30 ; elapsed = 00:02:33 . Memory (MB): peak = 4492.836 ; gain = 829.254 ; free physical = 42743 ; free virtual = 87676
---------------------------------------------------------------------------------
WARNING: [Synth 8-6779] Delay data for wire-load model not found, using default value
WARNING: [Synth 8-6779] Delay data for wire-load model not found, using default value
WARNING: [Synth 8-6779] Delay data for wire-load model not found, using default value
WARNING: [Synth 8-6779] Delay data for wire-load model not found, using default value
WARNING: [Synth 8-6779] Delay data for wire-load model not found, using default value
WARNING: [Synth 8-6779] Delay data for wire-load model not found, using default value
WARNING: [Synth 8-6779] Delay data for wire-load model not found, using default value
WARNING: [Synth 8-6779] Delay data for wire-load model not found, using default value
WARNING: [Synth 8-6779] Delay data for wire-load model not found, using default value
WARNING: [Synth 8-6779] Delay data for wire-load model not found, using default value
WARNING: [Synth 8-6779] Delay data for wire-load model not found, using default value
WARNING: [Synth 8-6779] Delay data for wire-load model not found, using default value
WARNING: [Synth 8-6779] Delay data for wire-load model not found, using default value
WARNING: [Synth 8-6779] Delay data for wire-load model not found, using default value
WARNING: [Synth 8-6779] Delay data for wire-load model not found, using default value
WARNING: [Synth 8-6779] Delay data for wire-load model not found, using default value
WARNING: [Synth 8-6779] Delay data for wire-load model not found, using default value
WARNING: [Synth 8-6779] Delay data for wire-load model not found, using default value
WARNING: [Synth 8-6779] Delay data for wire-load model not found, using default value
WARNING: [Synth 8-6779] Delay data for wire-load model not found, using default value
WARNING: [Synth 8-6779] Delay data for wire-load model not found, using default value
WARNING: [Synth 8-6779] Delay data for wire-load model not found, using default value
WARNING: [Synth 8-6779] Delay data for wire-load model not found, using default value
WARNING: [Synth 8-6779] Delay data for wire-load model not found, using default value
WARNING: [Synth 8-6779] Delay data for wire-load model not found, using default value
WARNING: [Synth 8-6779] Delay data for wire-load model not found, using default value
WARNING: [Synth 8-6779] Delay data for wire-load model not found, using default value
WARNING: [Synth 8-6779] Delay data for wire-load model not found, using default value
WARNING: [Synth 8-6779] Delay data for wire-load model not found, using default value
WARNING: [Synth 8-6779] Delay data for wire-load model not found, using default value
WARNING: [Synth 8-6779] Delay data for wire-load model not found, using default value
WARNING: [Synth 8-6779] Delay data for wire-load model not found, using default value
WARNING: [Synth 8-6779] Delay data for wire-load model not found, using default value
WARNING: [Synth 8-6779] Delay data for wire-load model not found, using default value
WARNING: [Synth 8-6779] Delay data for wire-load model not found, using default value
WARNING: [Synth 8-6779] Delay data for wire-load model not found, using default value
WARNING: [Synth 8-6779] Delay data for wire-load model not found, using default value
WARNING: [Synth 8-6779] Delay data for wire-load model not found, using default value
WARNING: [Synth 8-6779] Delay data for wire-load model not found, using default value
WARNING: [Synth 8-6779] Delay data for wire-load model not found, using default value
WARNING: [Synth 8-6779] Delay data for wire-load model not found, using default value
WARNING: [Synth 8-6779] Delay data for wire-load model not found, using default value
WARNING: [Synth 8-6779] Delay data for wire-load model not found, using default value
WARNING: [Synth 8-6779] Delay data for wire-load model not found, using default value
WARNING: [Synth 8-6779] Delay data for wire-load model not found, using default value
WARNING: [Synth 8-6779] Delay data for wire-load model not found, using default value
WARNING: [Synth 8-6779] Delay data for wire-load model not found, using default value
WARNING: [Synth 8-6779] Delay data for wire-load model not found, using default value
WARNING: [Synth 8-6779] Delay data for wire-load model not found, using default value
WARNING: [Synth 8-6779] Delay data for wire-load model not found, using default value
WARNING: [Synth 8-6779] Delay data for wire-load model not found, using default value
WARNING: [Synth 8-6779] Delay data for wire-load model not found, using default value
WARNING: [Synth 8-6779] Delay data for wire-load model not found, using default value
WARNING: [Synth 8-6779] Delay data for wire-load model not found, using default value
WARNING: [Synth 8-6779] Delay data for wire-load model not found, using default value
WARNING: [Synth 8-6779] Delay data for wire-load model not found, using default value
WARNING: [Synth 8-6779] Delay data for wire-load model not found, using default value
WARNING: [Synth 8-6779] Delay data for wire-load model not found, using default value
WARNING: [Synth 8-6779] Delay data for wire-load model not found, using default value
WARNING: [Synth 8-6779] Delay data for wire-load model not found, using default value
WARNING: [Synth 8-6779] Delay data for wire-load model not found, using default value
WARNING: [Synth 8-6779] Delay data for wire-load model not found, using default value
WARNING: [Synth 8-6779] Delay data for wire-load model not found, using default value
WARNING: [Synth 8-6779] Delay data for wire-load model not found, using default value
WARNING: [Synth 8-6779] Delay data for wire-load model not found, using default value
WARNING: [Synth 8-6779] Delay data for wire-load model not found, using default value
WARNING: [Synth 8-6779] Delay data for wire-load model not found, using default value
WARNING: [Synth 8-6779] Delay data for wire-load model not found, using default value
WARNING: [Synth 8-6779] Delay data for wire-load model not found, using default value
WARNING: [Synth 8-6779] Delay data for wire-load model not found, using default value
WARNING: [Synth 8-6779] Delay data for wire-load model not found, using default value
WARNING: [Synth 8-6779] Delay data for wire-load model not found, using default value
WARNING: [Synth 8-6779] Delay data for wire-load model not found, using default value
WARNING: [Synth 8-6779] Delay data for wire-load model not found, using default value
WARNING: [Synth 8-6779] Delay data for wire-load model not found, using default value
WARNING: [Synth 8-6779] Delay data for wire-load model not found, using default value
WARNING: [Synth 8-6779] Delay data for wire-load model not found, using default value
WARNING: [Synth 8-6779] Delay data for wire-load model not found, using default value
WARNING: [Synth 8-6779] Delay data for wire-load model not found, using default value
WARNING: [Synth 8-6779] Delay data for wire-load model not found, using default value
WARNING: [Synth 8-6779] Delay data for wire-load model not found, using default value
WARNING: [Synth 8-6779] Delay data for wire-load model not found, using default value
WARNING: [Synth 8-6779] Delay data for wire-load model not found, using default value
WARNING: [Synth 8-6779] Delay data for wire-load model not found, using default value
WARNING: [Synth 8-6779] Delay data for wire-load model not found, using default value
WARNING: [Synth 8-6779] Delay data for wire-load model not found, using default value
WARNING: [Synth 8-6779] Delay data for wire-load model not found, using default value
WARNING: [Synth 8-6779] Delay data for wire-load model not found, using default value
---------------------------------------------------------------------------------
Start Rebuilding User Hierarchy
---------------------------------------------------------------------------------
---------------------------------------------------------------------------------
Finished Rebuilding User Hierarchy : Time (s): cpu = 00:02:32 ; elapsed = 00:02:36 . Memory (MB): peak = 4492.836 ; gain = 829.254 ; free physical = 42728 ; free virtual = 87661
---------------------------------------------------------------------------------
---------------------------------------------------------------------------------
Start Renaming Generated Ports
---------------------------------------------------------------------------------
---------------------------------------------------------------------------------
Finished Renaming Generated Ports : Time (s): cpu = 00:02:32 ; elapsed = 00:02:36 . Memory (MB): peak = 4492.836 ; gain = 829.254 ; free physical = 42727 ; free virtual = 87660
---------------------------------------------------------------------------------
---------------------------------------------------------------------------------
Start Handling Custom Attributes
---------------------------------------------------------------------------------
---------------------------------------------------------------------------------
Finished Handling Custom Attributes : Time (s): cpu = 00:02:33 ; elapsed = 00:02:36 . Memory (MB): peak = 4492.836 ; gain = 829.254 ; free physical = 42726 ; free virtual = 87659
---------------------------------------------------------------------------------
---------------------------------------------------------------------------------
Start Renaming Generated Nets
---------------------------------------------------------------------------------
---------------------------------------------------------------------------------
Finished Renaming Generated Nets : Time (s): cpu = 00:02:33 ; elapsed = 00:02:37 . Memory (MB): peak = 4492.836 ; gain = 829.254 ; free physical = 42725 ; free virtual = 87658
---------------------------------------------------------------------------------
---------------------------------------------------------------------------------
Start ROM, RAM, DSP, Shift Register and Retiming Reporting
---------------------------------------------------------------------------------

Static Shift Register Report:
+----------------------+------------------------------------------------------------------------+--------+-------+--------------+--------------------+-------------------+--------+---------+
|Module Name           | RTL Name                                                               | Length | Width | Reset Signal | Pull out first Reg | Pull out last Reg | SRL16E | SRLC32E | 
+----------------------+------------------------------------------------------------------------+--------+-------+--------------+--------------------+-------------------+--------+---------+
|ZCU104FPGATestHarness | chiptop0/system/tile_prci_domain/intsink/chain/output_chain/sync_0_reg | 3      | 1     | NO           | NO                 | YES               | 1      | 0       | 
+----------------------+------------------------------------------------------------------------+--------+-------+--------------+--------------------+-------------------+--------+---------+

---------------------------------------------------------------------------------
Finished ROM, RAM, DSP, Shift Register and Retiming Reporting
---------------------------------------------------------------------------------
---------------------------------------------------------------------------------
Start Writing Synthesis Report
---------------------------------------------------------------------------------

Report BlackBoxes: 
+-+--------------+----------+
| |BlackBox name |Instances |
+-+--------------+----------+
+-+--------------+----------+

Report Cell Usage: 
+------+----------------+------+
|      |Cell            |Count |
+------+----------------+------+
|1     |BUFG            |     4|
|2     |CARRY8          |   198|
|3     |DSP_ALU         |     4|
|4     |DSP_A_B_DATA    |     4|
|5     |DSP_C_DATA      |     4|
|6     |DSP_MULTIPLIER  |     4|
|7     |DSP_M_DATA      |     4|
|8     |DSP_OUTPUT      |     4|
|9     |DSP_PREADD      |     4|
|10    |DSP_PREADD_DATA |     4|
|11    |LUT1            |    70|
|12    |LUT2            |   952|
|13    |LUT3            |  1755|
|14    |LUT4            |  2189|
|15    |LUT5            |  2204|
|16    |LUT6            |  5586|
|17    |MMCME4_ADV      |     1|
|18    |MUXF7           |   449|
|19    |MUXF8           |   152|
|20    |RAM32M          |     8|
|21    |RAM32M16        |    93|
|22    |RAM64M8         |     3|
|23    |RAMB18E2        |    10|
|25    |SRL16E          |     1|
|26    |FDCE            |   118|
|27    |FDPE            |     8|
|28    |FDRE            |  5171|
|29    |FDSE            |    72|
|30    |LD              |     1|
|31    |IBUF            |     6|
|32    |IBUFDS          |     1|
|33    |OBUFT           |     5|
+------+----------------+------+
---------------------------------------------------------------------------------
Finished Writing Synthesis Report : Time (s): cpu = 00:02:33 ; elapsed = 00:02:37 . Memory (MB): peak = 4492.836 ; gain = 829.254 ; free physical = 42721 ; free virtual = 87655
---------------------------------------------------------------------------------
Synthesis finished with 0 errors, 0 critical warnings and 652 warnings.
Synthesis Optimization Runtime : Time (s): cpu = 00:02:23 ; elapsed = 00:02:28 . Memory (MB): peak = 4492.836 ; gain = 658.539 ; free physical = 42756 ; free virtual = 87690
Synthesis Optimization Complete : Time (s): cpu = 00:02:33 ; elapsed = 00:02:37 . Memory (MB): peak = 4492.844 ; gain = 829.254 ; free physical = 42756 ; free virtual = 87690
INFO: [Project 1-571] Translating synthesized netlist
Netlist sorting complete. Time (s): cpu = 00:00:00.28 ; elapsed = 00:00:00.28 . Memory (MB): peak = 4492.844 ; gain = 0.000 ; free physical = 42911 ; free virtual = 87845
INFO: [Netlist 29-17] Analyzing 920 Unisim elements for replacement
INFO: [Netlist 29-28] Unisim Transformation completed in 0 CPU seconds
INFO: [Project 1-570] Preparing netlist for logic optimization
Parsing XDC File [/home/user007/project/chipyard/fpga/generated-src/chipyard.fpga.zcu104.ZCU104FPGATestHarness.RocketZCU104NoDDRConfig/obj/ip/harnessSysPLL/harnessSysPLL_board.xdc] for cell 'harnessSysPLL/inst'
Finished Parsing XDC File [/home/user007/project/chipyard/fpga/generated-src/chipyard.fpga.zcu104.ZCU104FPGATestHarness.RocketZCU104NoDDRConfig/obj/ip/harnessSysPLL/harnessSysPLL_board.xdc] for cell 'harnessSysPLL/inst'
Parsing XDC File [/home/user007/project/chipyard/fpga/generated-src/chipyard.fpga.zcu104.ZCU104FPGATestHarness.RocketZCU104NoDDRConfig/obj/ip/harnessSysPLL/harnessSysPLL.xdc] for cell 'harnessSysPLL/inst'
Finished Parsing XDC File [/home/user007/project/chipyard/fpga/generated-src/chipyard.fpga.zcu104.ZCU104FPGATestHarness.RocketZCU104NoDDRConfig/obj/ip/harnessSysPLL/harnessSysPLL.xdc] for cell 'harnessSysPLL/inst'
Parsing XDC File [/home/user007/project/chipyard/fpga/fpga-shells/xilinx/zcu104/constraints/zcu104-master.xdc]
WARNING: [Vivado 12-584] No ports matched 'sys_diff_clock_clk_p'. [/home/user007/project/chipyard/fpga/fpga-shells/xilinx/zcu104/constraints/zcu104-master.xdc:10]
CRITICAL WARNING: [Common 17-55] 'set_property' expects at least one object. [/home/user007/project/chipyard/fpga/fpga-shells/xilinx/zcu104/constraints/zcu104-master.xdc:10]
Resolution: If [get_<value>] was used to populate the object, check to make sure this command returns at least one valid object.
WARNING: [Vivado 12-584] No ports matched 'sys_diff_clock_clk_p'. [/home/user007/project/chipyard/fpga/fpga-shells/xilinx/zcu104/constraints/zcu104-master.xdc:11]
CRITICAL WARNING: [Common 17-55] 'set_property' expects at least one object. [/home/user007/project/chipyard/fpga/fpga-shells/xilinx/zcu104/constraints/zcu104-master.xdc:11]
Resolution: If [get_<value>] was used to populate the object, check to make sure this command returns at least one valid object.
WARNING: [Vivado 12-584] No ports matched 'sys_diff_clock_clk_n'. [/home/user007/project/chipyard/fpga/fpga-shells/xilinx/zcu104/constraints/zcu104-master.xdc:12]
CRITICAL WARNING: [Common 17-55] 'set_property' expects at least one object. [/home/user007/project/chipyard/fpga/fpga-shells/xilinx/zcu104/constraints/zcu104-master.xdc:12]
Resolution: If [get_<value>] was used to populate the object, check to make sure this command returns at least one valid object.
WARNING: [Vivado 12-584] No ports matched 'sys_diff_clock_clk_n'. [/home/user007/project/chipyard/fpga/fpga-shells/xilinx/zcu104/constraints/zcu104-master.xdc:13]
CRITICAL WARNING: [Common 17-55] 'set_property' expects at least one object. [/home/user007/project/chipyard/fpga/fpga-shells/xilinx/zcu104/constraints/zcu104-master.xdc:13]
Resolution: If [get_<value>] was used to populate the object, check to make sure this command returns at least one valid object.
WARNING: [Vivado 12-584] No ports matched 'sys_diff_clock_clk_p'. [/home/user007/project/chipyard/fpga/fpga-shells/xilinx/zcu104/constraints/zcu104-master.xdc:14]
CRITICAL WARNING: [Vivado 12-4739] create_clock:No valid object(s) found for '-objects [get_ports sys_diff_clock_clk_p]'. [/home/user007/project/chipyard/fpga/fpga-shells/xilinx/zcu104/constraints/zcu104-master.xdc:14]
Resolution: Check if the specified object(s) exists in the current design. If it does, ensure that the correct design hierarchy was specified for the object. If you are working with clocks, make sure create_clock was used to create the clock object before it is referenced.
CRITICAL WARNING: [Vivado 12-1411] Cannot set LOC property of ports, Could not find a valid bel for the shape with the following elements: 
IBUF/INBUF_INST
reset
IBUF/IBUFCTRL_INST
 [/home/user007/project/chipyard/fpga/fpga-shells/xilinx/zcu104/constraints/zcu104-master.xdc:17]
WARNING: [Vivado 12-584] No ports matched 'jtag_TCK'. [/home/user007/project/chipyard/fpga/fpga-shells/xilinx/zcu104/constraints/zcu104-master.xdc:31]
CRITICAL WARNING: [Common 17-55] 'set_property' expects at least one object. [/home/user007/project/chipyard/fpga/fpga-shells/xilinx/zcu104/constraints/zcu104-master.xdc:31]
Resolution: If [get_<value>] was used to populate the object, check to make sure this command returns at least one valid object.
WARNING: [Vivado 12-584] No ports matched 'jtag_TCK'. [/home/user007/project/chipyard/fpga/fpga-shells/xilinx/zcu104/constraints/zcu104-master.xdc:32]
CRITICAL WARNING: [Common 17-55] 'set_property' expects at least one object. [/home/user007/project/chipyard/fpga/fpga-shells/xilinx/zcu104/constraints/zcu104-master.xdc:32]
Resolution: If [get_<value>] was used to populate the object, check to make sure this command returns at least one valid object.
WARNING: [Vivado 12-584] No ports matched 'jtag_TMS'. [/home/user007/project/chipyard/fpga/fpga-shells/xilinx/zcu104/constraints/zcu104-master.xdc:33]
CRITICAL WARNING: [Common 17-55] 'set_property' expects at least one object. [/home/user007/project/chipyard/fpga/fpga-shells/xilinx/zcu104/constraints/zcu104-master.xdc:33]
Resolution: If [get_<value>] was used to populate the object, check to make sure this command returns at least one valid object.
WARNING: [Vivado 12-584] No ports matched 'jtag_TMS'. [/home/user007/project/chipyard/fpga/fpga-shells/xilinx/zcu104/constraints/zcu104-master.xdc:34]
CRITICAL WARNING: [Common 17-55] 'set_property' expects at least one object. [/home/user007/project/chipyard/fpga/fpga-shells/xilinx/zcu104/constraints/zcu104-master.xdc:34]
Resolution: If [get_<value>] was used to populate the object, check to make sure this command returns at least one valid object.
WARNING: [Vivado 12-584] No ports matched 'jtag_TDO'. [/home/user007/project/chipyard/fpga/fpga-shells/xilinx/zcu104/constraints/zcu104-master.xdc:35]
CRITICAL WARNING: [Common 17-55] 'set_property' expects at least one object. [/home/user007/project/chipyard/fpga/fpga-shells/xilinx/zcu104/constraints/zcu104-master.xdc:35]
Resolution: If [get_<value>] was used to populate the object, check to make sure this command returns at least one valid object.
WARNING: [Vivado 12-584] No ports matched 'jtag_TDO'. [/home/user007/project/chipyard/fpga/fpga-shells/xilinx/zcu104/constraints/zcu104-master.xdc:36]
CRITICAL WARNING: [Common 17-55] 'set_property' expects at least one object. [/home/user007/project/chipyard/fpga/fpga-shells/xilinx/zcu104/constraints/zcu104-master.xdc:36]
Resolution: If [get_<value>] was used to populate the object, check to make sure this command returns at least one valid object.
WARNING: [Vivado 12-584] No ports matched 'jtag_TDI'. [/home/user007/project/chipyard/fpga/fpga-shells/xilinx/zcu104/constraints/zcu104-master.xdc:37]
CRITICAL WARNING: [Common 17-55] 'set_property' expects at least one object. [/home/user007/project/chipyard/fpga/fpga-shells/xilinx/zcu104/constraints/zcu104-master.xdc:37]
Resolution: If [get_<value>] was used to populate the object, check to make sure this command returns at least one valid object.
WARNING: [Vivado 12-584] No ports matched 'jtag_TDI'. [/home/user007/project/chipyard/fpga/fpga-shells/xilinx/zcu104/constraints/zcu104-master.xdc:38]
CRITICAL WARNING: [Common 17-55] 'set_property' expects at least one object. [/home/user007/project/chipyard/fpga/fpga-shells/xilinx/zcu104/constraints/zcu104-master.xdc:38]
Resolution: If [get_<value>] was used to populate the object, check to make sure this command returns at least one valid object.
WARNING: [Vivado 12-584] No ports matched 'spi_cs'. [/home/user007/project/chipyard/fpga/fpga-shells/xilinx/zcu104/constraints/zcu104-master.xdc:42]
CRITICAL WARNING: [Common 17-55] 'set_property' expects at least one object. [/home/user007/project/chipyard/fpga/fpga-shells/xilinx/zcu104/constraints/zcu104-master.xdc:42]
Resolution: If [get_<value>] was used to populate the object, check to make sure this command returns at least one valid object.
WARNING: [Vivado 12-584] No ports matched 'spi_cs'. [/home/user007/project/chipyard/fpga/fpga-shells/xilinx/zcu104/constraints/zcu104-master.xdc:43]
CRITICAL WARNING: [Common 17-55] 'set_property' expects at least one object. [/home/user007/project/chipyard/fpga/fpga-shells/xilinx/zcu104/constraints/zcu104-master.xdc:43]
Resolution: If [get_<value>] was used to populate the object, check to make sure this command returns at least one valid object.
WARNING: [Vivado 12-584] No ports matched 'spi_sck'. [/home/user007/project/chipyard/fpga/fpga-shells/xilinx/zcu104/constraints/zcu104-master.xdc:44]
CRITICAL WARNING: [Common 17-55] 'set_property' expects at least one object. [/home/user007/project/chipyard/fpga/fpga-shells/xilinx/zcu104/constraints/zcu104-master.xdc:44]
Resolution: If [get_<value>] was used to populate the object, check to make sure this command returns at least one valid object.
WARNING: [Vivado 12-584] No ports matched 'spi_sck'. [/home/user007/project/chipyard/fpga/fpga-shells/xilinx/zcu104/constraints/zcu104-master.xdc:45]
CRITICAL WARNING: [Common 17-55] 'set_property' expects at least one object. [/home/user007/project/chipyard/fpga/fpga-shells/xilinx/zcu104/constraints/zcu104-master.xdc:45]
Resolution: If [get_<value>] was used to populate the object, check to make sure this command returns at least one valid object.
WARNING: [Vivado 12-584] No ports matched 'spi_dq[0]'. [/home/user007/project/chipyard/fpga/fpga-shells/xilinx/zcu104/constraints/zcu104-master.xdc:46]
CRITICAL WARNING: [Common 17-55] 'set_property' expects at least one object. [/home/user007/project/chipyard/fpga/fpga-shells/xilinx/zcu104/constraints/zcu104-master.xdc:46]
Resolution: If [get_<value>] was used to populate the object, check to make sure this command returns at least one valid object.
WARNING: [Vivado 12-584] No ports matched 'spi_dq[0]'. [/home/user007/project/chipyard/fpga/fpga-shells/xilinx/zcu104/constraints/zcu104-master.xdc:47]
CRITICAL WARNING: [Common 17-55] 'set_property' expects at least one object. [/home/user007/project/chipyard/fpga/fpga-shells/xilinx/zcu104/constraints/zcu104-master.xdc:47]
Resolution: If [get_<value>] was used to populate the object, check to make sure this command returns at least one valid object.
WARNING: [Vivado 12-584] No ports matched 'spi_dq[1]'. [/home/user007/project/chipyard/fpga/fpga-shells/xilinx/zcu104/constraints/zcu104-master.xdc:48]
CRITICAL WARNING: [Common 17-55] 'set_property' expects at least one object. [/home/user007/project/chipyard/fpga/fpga-shells/xilinx/zcu104/constraints/zcu104-master.xdc:48]
Resolution: If [get_<value>] was used to populate the object, check to make sure this command returns at least one valid object.
WARNING: [Vivado 12-584] No ports matched 'spi_dq[1]'. [/home/user007/project/chipyard/fpga/fpga-shells/xilinx/zcu104/constraints/zcu104-master.xdc:49]
CRITICAL WARNING: [Common 17-55] 'set_property' expects at least one object. [/home/user007/project/chipyard/fpga/fpga-shells/xilinx/zcu104/constraints/zcu104-master.xdc:49]
Resolution: If [get_<value>] was used to populate the object, check to make sure this command returns at least one valid object.
WARNING: [Vivado 12-5460] The attribute CONFIG_VOLTAGE is not supported in the xczu7ev-ffvc1156-2-e device [/home/user007/project/chipyard/fpga/fpga-shells/xilinx/zcu104/constraints/zcu104-master.xdc:53]
Finished Parsing XDC File [/home/user007/project/chipyard/fpga/fpga-shells/xilinx/zcu104/constraints/zcu104-master.xdc]
Parsing XDC File [/home/user007/project/chipyard/fpga/generated-src/chipyard.fpga.zcu104.ZCU104FPGATestHarness.RocketZCU104NoDDRConfig/chipyard.fpga.zcu104.ZCU104FPGATestHarness.RocketZCU104NoDDRConfig.shell.sdc]
WARNING: [Vivado 12-2489] -period contains time 3.333333 which will be rounded to 3.333 to ensure it is an integer multiple of 1 picosecond [/home/user007/project/chipyard/fpga/generated-src/chipyard.fpga.zcu104.ZCU104FPGATestHarness.RocketZCU104NoDDRConfig/chipyard.fpga.zcu104.ZCU104FPGATestHarness.RocketZCU104NoDDRConfig.shell.sdc:2]
INFO: [Timing 38-35] Done setting XDC timing constraints. [/home/user007/project/chipyard/fpga/generated-src/chipyard.fpga.zcu104.ZCU104FPGATestHarness.RocketZCU104NoDDRConfig/chipyard.fpga.zcu104.ZCU104FPGATestHarness.RocketZCU104NoDDRConfig.shell.sdc:5]
INFO: [Timing 38-2] Deriving generated clocks [/home/user007/project/chipyard/fpga/generated-src/chipyard.fpga.zcu104.ZCU104FPGATestHarness.RocketZCU104NoDDRConfig/chipyard.fpga.zcu104.ZCU104FPGATestHarness.RocketZCU104NoDDRConfig.shell.sdc:5]
Finished Parsing XDC File [/home/user007/project/chipyard/fpga/generated-src/chipyard.fpga.zcu104.ZCU104FPGATestHarness.RocketZCU104NoDDRConfig/chipyard.fpga.zcu104.ZCU104FPGATestHarness.RocketZCU104NoDDRConfig.shell.sdc]
Parsing XDC File [/home/user007/project/chipyard/fpga/generated-src/chipyard.fpga.zcu104.ZCU104FPGATestHarness.RocketZCU104NoDDRConfig/chipyard.fpga.zcu104.ZCU104FPGATestHarness.RocketZCU104NoDDRConfig.shell.xdc]
CRITICAL WARNING: [Common 17-69] Command failed: 'B12' is not a valid site or package pin name. [/home/user007/project/chipyard/fpga/generated-src/chipyard.fpga.zcu104.ZCU104FPGATestHarness.RocketZCU104NoDDRConfig/chipyard.fpga.zcu104.ZCU104FPGATestHarness.RocketZCU104NoDDRConfig.shell.xdc:17]
CRITICAL WARNING: [Common 17-679] Invalid object type, 'port', used with '-of_objects' switch. Supported types are: 'net, pblock, pin, timing path, constant path, bel, site, slr'. [/home/user007/project/chipyard/fpga/generated-src/chipyard.fpga.zcu104.ZCU104FPGATestHarness.RocketZCU104NoDDRConfig/chipyard.fpga.zcu104.ZCU104FPGATestHarness.RocketZCU104NoDDRConfig.shell.xdc:24]
WARNING: [Vivado 12-180] No cells matched 'get_cells -of_objects [all_fanin -flat -startpoints_only [get_ports sdio_spi_dat_0]]'. [/home/user007/project/chipyard/fpga/generated-src/chipyard.fpga.zcu104.ZCU104FPGATestHarness.RocketZCU104NoDDRConfig/chipyard.fpga.zcu104.ZCU104FPGATestHarness.RocketZCU104NoDDRConfig.shell.xdc:24]
CRITICAL WARNING: [Common 17-55] 'set_property' expects at least one object. [/home/user007/project/chipyard/fpga/generated-src/chipyard.fpga.zcu104.ZCU104FPGATestHarness.RocketZCU104NoDDRConfig/chipyard.fpga.zcu104.ZCU104FPGATestHarness.RocketZCU104NoDDRConfig.shell.xdc:24]
Resolution: If [get_<value>] was used to populate the object, check to make sure this command returns at least one valid object.
CRITICAL WARNING: [Common 17-679] Invalid object type, 'port', used with '-of_objects' switch. Supported types are: 'net, pblock, pin, timing path, constant path, bel, site, slr'. [/home/user007/project/chipyard/fpga/generated-src/chipyard.fpga.zcu104.ZCU104FPGATestHarness.RocketZCU104NoDDRConfig/chipyard.fpga.zcu104.ZCU104FPGATestHarness.RocketZCU104NoDDRConfig.shell.xdc:26]
WARNING: [Vivado 12-180] No cells matched 'get_cells -of_objects [all_fanin -flat -startpoints_only [get_ports sdio_spi_dat_1]]'. [/home/user007/project/chipyard/fpga/generated-src/chipyard.fpga.zcu104.ZCU104FPGATestHarness.RocketZCU104NoDDRConfig/chipyard.fpga.zcu104.ZCU104FPGATestHarness.RocketZCU104NoDDRConfig.shell.xdc:26]
CRITICAL WARNING: [Common 17-55] 'set_property' expects at least one object. [/home/user007/project/chipyard/fpga/generated-src/chipyard.fpga.zcu104.ZCU104FPGATestHarness.RocketZCU104NoDDRConfig/chipyard.fpga.zcu104.ZCU104FPGATestHarness.RocketZCU104NoDDRConfig.shell.xdc:26]
Resolution: If [get_<value>] was used to populate the object, check to make sure this command returns at least one valid object.
CRITICAL WARNING: [Common 17-679] Invalid object type, 'port', used with '-of_objects' switch. Supported types are: 'net, pblock, pin, timing path, constant path, bel, site, slr'. [/home/user007/project/chipyard/fpga/generated-src/chipyard.fpga.zcu104.ZCU104FPGATestHarness.RocketZCU104NoDDRConfig/chipyard.fpga.zcu104.ZCU104FPGATestHarness.RocketZCU104NoDDRConfig.shell.xdc:28]
WARNING: [Vivado 12-180] No cells matched 'get_cells -of_objects [all_fanin -flat -startpoints_only [get_ports sdio_spi_dat_2]]'. [/home/user007/project/chipyard/fpga/generated-src/chipyard.fpga.zcu104.ZCU104FPGATestHarness.RocketZCU104NoDDRConfig/chipyard.fpga.zcu104.ZCU104FPGATestHarness.RocketZCU104NoDDRConfig.shell.xdc:28]
CRITICAL WARNING: [Common 17-55] 'set_property' expects at least one object. [/home/user007/project/chipyard/fpga/generated-src/chipyard.fpga.zcu104.ZCU104FPGATestHarness.RocketZCU104NoDDRConfig/chipyard.fpga.zcu104.ZCU104FPGATestHarness.RocketZCU104NoDDRConfig.shell.xdc:28]
Resolution: If [get_<value>] was used to populate the object, check to make sure this command returns at least one valid object.
CRITICAL WARNING: [Vivado 12-1411] Cannot set LOC property of ports, Could not find a valid bel for the shape with the following elements: 
IBUF/INBUF_INST
reset
IBUF/IBUFCTRL_INST
 [/home/user007/project/chipyard/fpga/generated-src/chipyard.fpga.zcu104.ZCU104FPGATestHarness.RocketZCU104NoDDRConfig/chipyard.fpga.zcu104.ZCU104FPGATestHarness.RocketZCU104NoDDRConfig.shell.xdc:40]
Finished Parsing XDC File [/home/user007/project/chipyard/fpga/generated-src/chipyard.fpga.zcu104.ZCU104FPGATestHarness.RocketZCU104NoDDRConfig/chipyard.fpga.zcu104.ZCU104FPGATestHarness.RocketZCU104NoDDRConfig.shell.xdc]
Parsing XDC File [/home/user007/project/chipyard/fpga/generated-src/chipyard.fpga.zcu104.ZCU104FPGATestHarness.RocketZCU104NoDDRConfig/obj/ip/harnessSysPLL/harnessSysPLL_late.xdc] for cell 'harnessSysPLL/inst'
Finished Parsing XDC File [/home/user007/project/chipyard/fpga/generated-src/chipyard.fpga.zcu104.ZCU104FPGATestHarness.RocketZCU104NoDDRConfig/obj/ip/harnessSysPLL/harnessSysPLL_late.xdc] for cell 'harnessSysPLL/inst'
INFO: [Opt 31-138] Pushed 1 inverter(s) to 1 load pin(s).
INFO: [Opt 31-326] The CLKFBOUT to CLKFBIN net for instance harnessSysPLL/inst/mmcme4_adv_inst with COMPENSATION=INTERNAL is optimized away to aid design routability
Netlist sorting complete. Time (s): cpu = 00:00:00 ; elapsed = 00:00:00 . Memory (MB): peak = 4667.305 ; gain = 0.000 ; free physical = 42784 ; free virtual = 87717
INFO: [Project 1-111] Unisim Transformation Summary:
  A total of 120 instances were transformed.
  BUFG => BUFGCE: 4 instances
  DSP48E2 => DSP48E2 (DSP_ALU, DSP_A_B_DATA, DSP_C_DATA, DSP_MULTIPLIER, DSP_M_DATA, DSP_OUTPUT, DSP_PREADD, DSP_PREADD_DATA): 4 instances
  IBUF => IBUF (IBUFCTRL, INBUF): 6 instances
  IBUFDS => IBUFDS (DIFFINBUF, IBUFCTRL): 1 instance 
  LD => LDCE (inverted pins: G): 1 instance 
  RAM32M => RAM32M (RAMD32(x6), RAMS32(x2)): 8 instances
  RAM32M16 => RAM32M16 (RAMD32(x14), RAMS32(x2)): 93 instances
  RAM64M8 => RAM64M8 (RAMD64E(x8)): 3 instances

Synth Design complete, checksum: f52c7f9f
INFO: [Common 17-83] Releasing license: Synthesis
518 Infos, 1259 Warnings, 57 Critical Warnings and 0 Errors encountered.
synth_design completed successfully
synth_design: Time (s): cpu = 00:02:55 ; elapsed = 00:02:51 . Memory (MB): peak = 4667.305 ; gain = 1233.320 ; free physical = 43008 ; free virtual = 87942
## write_checkpoint -force [file join $wrkdir post_synth]
INFO: [Timing 38-480] Writing timing data to binary archive.
Writing placer database...
Writing XDEF routing.
Writing XDEF routing logical nets.
Writing XDEF routing special nets.
Write XDEF Complete: Time (s): cpu = 00:00:00.14 ; elapsed = 00:00:00.02 . Memory (MB): peak = 4707.324 ; gain = 0.000 ; free physical = 43008 ; free virtual = 87945
INFO: [Common 17-1381] The checkpoint '/home/user007/project/chipyard/fpga/generated-src/chipyard.fpga.zcu104.ZCU104FPGATestHarness.RocketZCU104NoDDRConfig/obj/post_synth.dcp' has been generated.
# if {[info exists pre_impl_debug_tcl]} {
#   source [file join $scriptdir $pre_impl_debug_tcl]
# }
# source [file join $scriptdir "opt.tcl"]
## opt_design -directive Explore
Command: opt_design -directive Explore
INFO: [Vivado_Tcl 4-136] Directive used for opt_design is: Explore
Attempting to get a license for feature 'Implementation' and/or device 'xczu7ev'
INFO: [Common 17-349] Got license for feature 'Implementation' and/or device 'xczu7ev'
Running DRC as a precondition to command opt_design

Starting DRC Task
INFO: [DRC 23-27] Running DRC with 8 threads
WARNING: [DRC RPBF-3] IO port buffering is incomplete: Device port jtag_jtag_TCK expects both input and output buffering but the buffers are incomplete.
WARNING: [DRC RPBF-3] IO port buffering is incomplete: Device port jtag_jtag_TDI expects both input and output buffering but the buffers are incomplete.
WARNING: [DRC RPBF-3] IO port buffering is incomplete: Device port jtag_jtag_TDO expects both input and output buffering but the buffers are incomplete.
WARNING: [DRC RPBF-3] IO port buffering is incomplete: Device port jtag_jtag_TMS expects both input and output buffering but the buffers are incomplete.
WARNING: [DRC RPBF-3] IO port buffering is incomplete: Device port sdio_spi_clk expects both input and output buffering but the buffers are incomplete.
WARNING: [DRC RPBF-3] IO port buffering is incomplete: Device port sdio_spi_cs expects both input and output buffering but the buffers are incomplete.
WARNING: [DRC RPBF-3] IO port buffering is incomplete: Device port sdio_spi_dat_0 expects both input and output buffering but the buffers are incomplete.
WARNING: [DRC RPBF-3] IO port buffering is incomplete: Device port sdio_spi_dat_3 expects both input and output buffering but the buffers are incomplete.
WARNING: [DRC RPBF-3] IO port buffering is incomplete: Device port uart_rxd expects both input and output buffering but the buffers are incomplete.
WARNING: [DRC RPBF-3] IO port buffering is incomplete: Device port uart_txd expects both input and output buffering but the buffers are incomplete.
INFO: [Project 1-461] DRC finished with 0 Errors, 10 Warnings
INFO: [Project 1-462] Please refer to the DRC report (report_drc) for more information.

Time (s): cpu = 00:00:03 ; elapsed = 00:00:02 . Memory (MB): peak = 4731.336 ; gain = 24.012 ; free physical = 43026 ; free virtual = 87965

Starting Logic Optimization Task

Phase 1 Retarget
INFO: [Opt 31-1287] Pulled Inverter chiptop0/system/cbus/buffer/nodeOut_a_q/ram_ext/Memory_reg_0_1_0_13_i_1__7 into driver instance chiptop0/system/cbus/buffer/nodeOut_a_q/ram_ext/Memory_reg_0_1_0_13_i_2__8, which resulted in an inversion of 3 pins
INFO: [Opt 31-1287] Pulled Inverter chiptop0/system/cbus/out_xbar/state_0_i_1__3 into driver instance chiptop0/system/cbus/out_xbar/state_0_i_2, which resulted in an inversion of 16 pins
INFO: [Opt 31-1287] Pulled Inverter chiptop0/system/cbus/out_xbar/state_1_i_1__3 into driver instance chiptop0/system/cbus/out_xbar/state_1_i_2__1, which resulted in an inversion of 77 pins
INFO: [Opt 31-1287] Pulled Inverter chiptop0/system/cbus/out_xbar/state_2_i_1__0 into driver instance chiptop0/system/cbus/out_xbar/state_2_i_2__0, which resulted in an inversion of 72 pins
INFO: [Opt 31-1287] Pulled Inverter chiptop0/system/cbus/out_xbar/state_3_i_1 into driver instance chiptop0/system/cbus/out_xbar/state_3_i_2, which resulted in an inversion of 13 pins
INFO: [Opt 31-1287] Pulled Inverter chiptop0/system/cbus/out_xbar/state_4_i_1 into driver instance chiptop0/system/cbus/out_xbar/state_4_i_2, which resulted in an inversion of 72 pins
INFO: [Opt 31-1287] Pulled Inverter chiptop0/system/cbus/out_xbar/state_5_i_1 into driver instance chiptop0/system/cbus/out_xbar/state_5_i_2, which resulted in an inversion of 77 pins
INFO: [Opt 31-1287] Pulled Inverter chiptop0/system/cbus/out_xbar/state_7_i_1 into driver instance chiptop0/system/cbus/out_xbar/state_7_i_2, which resulted in an inversion of 13 pins
INFO: [Opt 31-1287] Pulled Inverter chiptop0/system/chipyard_prcictrl_domain/fragmenter/repeater/dOrig[2]_i_2__7 into driver instance chiptop0/system/chipyard_prcictrl_domain/fragmenter/repeater/dOrig[2]_i_3, which resulted in an inversion of 6 pins
INFO: [Opt 31-1287] Pulled Inverter chiptop0/system/chipyard_prcictrl_domain/fragmenter_1/repeater/dOrig[2]_i_2__8 into driver instance chiptop0/system/chipyard_prcictrl_domain/fragmenter_1/repeater/dOrig[2]_i_4, which resulted in an inversion of 6 pins
INFO: [Opt 31-1287] Pulled Inverter chiptop0/system/chipyard_prcictrl_domain/xbar/state_0_i_1__5 into driver instance chiptop0/system/chipyard_prcictrl_domain/xbar/Memory_reg_0_1_0_13_i_12__6, which resulted in an inversion of 9 pins
INFO: [Opt 31-1287] Pulled Inverter chiptop0/system/pbus/atomics/Memory_reg_0_1_0_13_i_1__4 into driver instance chiptop0/system/pbus/atomics/beatsLeft[0]_i_2__0, which resulted in an inversion of 5 pins
INFO: [Opt 31-1287] Pulled Inverter chiptop0/system/plic_domain/plic/maxDevs_0[1]_i_1 into driver instance chiptop0/system/plic_domain/plic/maxDevs_0[1]_i_2, which resulted in an inversion of 4 pins
INFO: [Opt 31-1287] Pulled Inverter chiptop0/system/sbus/system_bus_xbar/cam_a_0_bits_source[1]_i_2 into driver instance chiptop0/system/sbus/system_bus_xbar/cam_a_0_bits_source[1]_i_3, which resulted in an inversion of 136 pins
INFO: [Opt 31-1287] Pulled Inverter chiptop0/system/sbus/system_bus_xbar/state_1_i_1__5 into driver instance chiptop0/system/sbus/system_bus_xbar/cam_a_0_bits_source[0]_i_2, which resulted in an inversion of 145 pins
INFO: [Opt 31-1287] Pulled Inverter chiptop0/system/spiClockDomainWrapper/spi_0/mac/phy/deq_ptr_value[2]_i_1__2 into driver instance chiptop0/system/spiClockDomainWrapper/spi_0/mac/phy/deq_ptr_value[2]_i_3__2, which resulted in an inversion of 9 pins
INFO: [Opt 31-1287] Pulled Inverter chiptop0/system/tile_prci_domain/element_reset_domain_rockettile/core/div/Memory_reg_r1_0_31_0_13_i_1 into driver instance chiptop0/system/tile_prci_domain/element_reset_domain_rockettile/core/div/Memory_reg_r1_0_31_0_13_i_26, which resulted in an inversion of 3 pins
INFO: [Opt 31-1287] Pulled Inverter chiptop0/system/tile_prci_domain/element_reset_domain_rockettile/frontend/fq/Memory_reg_r1_0_31_0_13_i_16 into driver instance chiptop0/system/tile_prci_domain/element_reset_domain_rockettile/frontend/fq/Memory_reg_r1_0_31_0_13_i_58, which resulted in an inversion of 15 pins
INFO: [Opt 31-1287] Pulled Inverter chiptop0/system/tile_prci_domain/element_reset_domain_rockettile/frontend/fq/Memory_reg_r1_0_31_0_13_i_17 into driver instance chiptop0/system/tile_prci_domain/element_reset_domain_rockettile/frontend/fq/Memory_reg_r1_0_31_0_13_i_59, which resulted in an inversion of 15 pins
INFO: [Opt 31-1287] Pulled Inverter chiptop0/system/tile_prci_domain/element_reset_domain_rockettile/frontend/fq/Memory_reg_r1_0_31_0_13_i_18 into driver instance chiptop0/system/tile_prci_domain/element_reset_domain_rockettile/frontend/fq/Memory_reg_r1_0_31_0_13_i_60, which resulted in an inversion of 9 pins
INFO: [Opt 31-1287] Pulled Inverter chiptop0/system/tile_prci_domain/element_reset_domain_rockettile/frontend/fq/Memory_reg_r1_0_31_0_13_i_19 into driver instance chiptop0/system/tile_prci_domain/element_reset_domain_rockettile/frontend/fq/Memory_reg_r1_0_31_0_13_i_61, which resulted in an inversion of 9 pins
INFO: [Opt 31-1287] Pulled Inverter chiptop0/system/tile_prci_domain/element_reset_domain_rockettile/frontend/fq/Memory_reg_r1_0_31_0_13_i_20 into driver instance chiptop0/system/tile_prci_domain/element_reset_domain_rockettile/frontend/fq/Memory_reg_r1_0_31_0_13_i_62, which resulted in an inversion of 8 pins
INFO: [Opt 31-1287] Pulled Inverter chiptop0/system/tile_prci_domain/element_reset_domain_rockettile/frontend/fq/Memory_reg_r2_0_31_0_13_i_1 into driver instance chiptop0/system/tile_prci_domain/element_reset_domain_rockettile/frontend/fq/Memory_reg_r2_0_31_0_13_i_6, which resulted in an inversion of 15 pins
INFO: [Opt 31-1287] Pulled Inverter chiptop0/system/tile_prci_domain/element_reset_domain_rockettile/frontend/fq/Memory_reg_r2_0_31_0_13_i_2 into driver instance chiptop0/system/tile_prci_domain/element_reset_domain_rockettile/frontend/fq/Memory_reg_r2_0_31_0_13_i_7, which resulted in an inversion of 15 pins
INFO: [Opt 31-1287] Pulled Inverter chiptop0/system/tile_prci_domain/element_reset_domain_rockettile/frontend/fq/Memory_reg_r2_0_31_0_13_i_3 into driver instance chiptop0/system/tile_prci_domain/element_reset_domain_rockettile/frontend/fq/Memory_reg_r2_0_31_0_13_i_8, which resulted in an inversion of 9 pins
INFO: [Opt 31-1287] Pulled Inverter chiptop0/system/tile_prci_domain/element_reset_domain_rockettile/frontend/fq/Memory_reg_r2_0_31_0_13_i_4 into driver instance chiptop0/system/tile_prci_domain/element_reset_domain_rockettile/frontend/fq/Memory_reg_r2_0_31_0_13_i_9, which resulted in an inversion of 9 pins
INFO: [Opt 31-1287] Pulled Inverter chiptop0/system/tile_prci_domain/element_reset_domain_rockettile/frontend/fq/ex_ctrl_rxs2_i_1 into driver instance chiptop0/system/tile_prci_domain/element_reset_domain_rockettile/frontend/fq/ex_ctrl_rxs2_i_2, which resulted in an inversion of 8 pins
INFO: [Opt 31-1287] Pulled Inverter chiptop0/system/tile_prci_domain/element_reset_domain_rockettile/frontend/fq/s2_pc[31]_i_1 into driver instance chiptop0/system/tile_prci_domain/element_reset_domain_rockettile/frontend/fq/s1_pc[31]_i_2, which resulted in an inversion of 39 pins
INFO: [Opt 31-138] Pushed 6 inverter(s) to 1006 load pin(s).
INFO: [Opt 31-49] Retargeted 0 cell(s).
Phase 1 Retarget | Checksum: 1e08ad74d

Time (s): cpu = 00:00:02 ; elapsed = 00:00:01 . Memory (MB): peak = 4731.336 ; gain = 0.000 ; free physical = 42856 ; free virtual = 87796
INFO: [Opt 31-389] Phase Retarget created 0 cells and removed 37 cells

Phase 2 Constant propagation
INFO: [Opt 31-138] Pushed 0 inverter(s) to 0 load pin(s).
Phase 2 Constant propagation | Checksum: 16e5f03bb

Time (s): cpu = 00:00:02 ; elapsed = 00:00:01 . Memory (MB): peak = 4731.336 ; gain = 0.000 ; free physical = 42856 ; free virtual = 87797
INFO: [Opt 31-389] Phase Constant propagation created 0 cells and removed 0 cells

Phase 3 Sweep
Phase 3 Sweep | Checksum: 1b2f06072

Time (s): cpu = 00:00:03 ; elapsed = 00:00:02 . Memory (MB): peak = 4731.336 ; gain = 0.000 ; free physical = 42857 ; free virtual = 87798
INFO: [Opt 31-389] Phase Sweep created 0 cells and removed 2 cells
INFO: [Opt 31-1021] In phase Sweep, 2 netlist objects are constrained preventing optimization. Please run opt_design with -debug_log to get more detail. 

Phase 4 BUFG optimization
INFO: [Opt 31-1077] Phase BUFG optimization inserted 0 global clock buffer(s) for CLOCK_LOW_FANOUT.
Phase 4 BUFG optimization | Checksum: 1b2f06072

Time (s): cpu = 00:00:03 ; elapsed = 00:00:02 . Memory (MB): peak = 4731.336 ; gain = 0.000 ; free physical = 42856 ; free virtual = 87797
INFO: [Opt 31-662] Phase BUFG optimization created 0 cells of which 0 are BUFGs and removed 0 cells.

Phase 5 Shift Register Optimization
INFO: [Opt 31-1064] SRL Remap converted 0 SRLs to 0 registers and converted 0 registers of register chains to 0 SRLs
Phase 5 Shift Register Optimization | Checksum: 1b2f06072

Time (s): cpu = 00:00:03 ; elapsed = 00:00:02 . Memory (MB): peak = 4731.336 ; gain = 0.000 ; free physical = 42856 ; free virtual = 87796
INFO: [Opt 31-389] Phase Shift Register Optimization created 0 cells and removed 0 cells

Phase 6 Post Processing Netlist
Phase 6 Post Processing Netlist | Checksum: 1b2f06072

Time (s): cpu = 00:00:03 ; elapsed = 00:00:02 . Memory (MB): peak = 4731.336 ; gain = 0.000 ; free physical = 42855 ; free virtual = 87796
INFO: [Opt 31-389] Phase Post Processing Netlist created 0 cells and removed 0 cells
Opt_design Change Summary
=========================


-------------------------------------------------------------------------------------------------------------------------
|  Phase                        |  #Cells created  |  #Cells Removed  |  #Constrained objects preventing optimizations  |
-------------------------------------------------------------------------------------------------------------------------
|  Retarget                     |               0  |              37  |                                              0  |
|  Constant propagation         |               0  |               0  |                                              0  |
|  Sweep                        |               0  |               2  |                                              2  |
|  BUFG optimization            |               0  |               0  |                                              0  |
|  Shift Register Optimization  |               0  |               0  |                                              0  |
|  Post Processing Netlist      |               0  |               0  |                                              0  |
-------------------------------------------------------------------------------------------------------------------------



Starting Connectivity Check Task

Time (s): cpu = 00:00:00.05 ; elapsed = 00:00:00.05 . Memory (MB): peak = 4731.336 ; gain = 0.000 ; free physical = 42863 ; free virtual = 87804
Ending Logic Optimization Task | Checksum: 14b182151

Time (s): cpu = 00:00:04 ; elapsed = 00:00:02 . Memory (MB): peak = 4731.336 ; gain = 0.000 ; free physical = 42863 ; free virtual = 87803

Starting Netlist Obfuscation Task
Netlist sorting complete. Time (s): cpu = 00:00:00 ; elapsed = 00:00:00.01 . Memory (MB): peak = 4731.336 ; gain = 0.000 ; free physical = 43043 ; free virtual = 87983
Ending Netlist Obfuscation Task | Checksum: 14b182151

Time (s): cpu = 00:00:00 ; elapsed = 00:00:00.01 . Memory (MB): peak = 4731.336 ; gain = 0.000 ; free physical = 43043 ; free virtual = 87983
INFO: [Common 17-83] Releasing license: Implementation
46 Infos, 10 Warnings, 0 Critical Warnings and 0 Errors encountered.
opt_design completed successfully
opt_design: Time (s): cpu = 00:00:09 ; elapsed = 00:00:06 . Memory (MB): peak = 4731.336 ; gain = 24.012 ; free physical = 43042 ; free virtual = 87983
## write_checkpoint -force [file join $wrkdir post_opt]
INFO: [Timing 38-480] Writing timing data to binary archive.
Writing placer database...
Writing XDEF routing.
Writing XDEF routing logical nets.
Writing XDEF routing special nets.
Write XDEF Complete: Time (s): cpu = 00:00:00.13 ; elapsed = 00:00:00.03 . Memory (MB): peak = 4731.336 ; gain = 0.000 ; free physical = 43028 ; free virtual = 87972
INFO: [Common 17-1381] The checkpoint '/home/user007/project/chipyard/fpga/generated-src/chipyard.fpga.zcu104.ZCU104FPGATestHarness.RocketZCU104NoDDRConfig/obj/post_opt.dcp' has been generated.
# if {[info exists post_opt_debug_tcl]} {
#   source [file join $scriptdir $post_opt_debug_tcl]
# }
# source [file join $scriptdir "place.tcl"]
## place_design -directive Explore
Command: place_design -directive Explore
Attempting to get a license for feature 'Implementation' and/or device 'xczu7ev'
INFO: [Common 17-349] Got license for feature 'Implementation' and/or device 'xczu7ev'
INFO: [DRC 23-27] Running DRC with 8 threads
INFO: [Vivado_Tcl 4-198] DRC finished with 0 Errors
INFO: [Vivado_Tcl 4-199] Please refer to the DRC report (report_drc) for more information.
Running DRC as a precondition to command place_design
INFO: [DRC 23-27] Running DRC with 8 threads
WARNING: [DRC RPBF-3] IO port buffering is incomplete: Device port jtag_jtag_TCK expects both input and output buffering but the buffers are incomplete.
WARNING: [DRC RPBF-3] IO port buffering is incomplete: Device port jtag_jtag_TDI expects both input and output buffering but the buffers are incomplete.
WARNING: [DRC RPBF-3] IO port buffering is incomplete: Device port jtag_jtag_TDO expects both input and output buffering but the buffers are incomplete.
WARNING: [DRC RPBF-3] IO port buffering is incomplete: Device port jtag_jtag_TMS expects both input and output buffering but the buffers are incomplete.
WARNING: [DRC RPBF-3] IO port buffering is incomplete: Device port sdio_spi_clk expects both input and output buffering but the buffers are incomplete.
WARNING: [DRC RPBF-3] IO port buffering is incomplete: Device port sdio_spi_cs expects both input and output buffering but the buffers are incomplete.
WARNING: [DRC RPBF-3] IO port buffering is incomplete: Device port sdio_spi_dat_0 expects both input and output buffering but the buffers are incomplete.
WARNING: [DRC RPBF-3] IO port buffering is incomplete: Device port sdio_spi_dat_3 expects both input and output buffering but the buffers are incomplete.
WARNING: [DRC RPBF-3] IO port buffering is incomplete: Device port uart_rxd expects both input and output buffering but the buffers are incomplete.
WARNING: [DRC RPBF-3] IO port buffering is incomplete: Device port uart_txd expects both input and output buffering but the buffers are incomplete.
INFO: [Vivado_Tcl 4-198] DRC finished with 0 Errors, 10 Warnings
INFO: [Vivado_Tcl 4-199] Please refer to the DRC report (report_drc) for more information.

Starting Placer Task
INFO: [Place 46-5] The placer was invoked with the 'Explore' directive.
INFO: [Place 30-611] Multithreading enabled for place_design using a maximum of 8 CPUs

Phase 1 Placer Initialization

Phase 1.1 Placer Initialization Netlist Sorting
Netlist sorting complete. Time (s): cpu = 00:00:00 ; elapsed = 00:00:00.01 . Memory (MB): peak = 5252.527 ; gain = 0.000 ; free physical = 42508 ; free virtual = 87455
Phase 1.1 Placer Initialization Netlist Sorting | Checksum: 1269d2259

Time (s): cpu = 00:00:00.03 ; elapsed = 00:00:00.04 . Memory (MB): peak = 5252.527 ; gain = 0.000 ; free physical = 42508 ; free virtual = 87455
Netlist sorting complete. Time (s): cpu = 00:00:00 ; elapsed = 00:00:00.01 . Memory (MB): peak = 5252.527 ; gain = 0.000 ; free physical = 42507 ; free virtual = 87454

Phase 1.2 IO Placement/ Clock Placement/ Build Placer Device
Phase 1.2 IO Placement/ Clock Placement/ Build Placer Device | Checksum: c29d4b54

Time (s): cpu = 00:00:02 ; elapsed = 00:00:01 . Memory (MB): peak = 5252.527 ; gain = 0.000 ; free physical = 42532 ; free virtual = 87479

Phase 1.3 Build Placer Netlist Model
Phase 1.3 Build Placer Netlist Model | Checksum: 1a72ff69a

Time (s): cpu = 00:00:10 ; elapsed = 00:00:05 . Memory (MB): peak = 5252.527 ; gain = 0.000 ; free physical = 42471 ; free virtual = 87418

Phase 1.4 Constrain Clocks/Macros
Phase 1.4 Constrain Clocks/Macros | Checksum: 1a72ff69a

Time (s): cpu = 00:00:10 ; elapsed = 00:00:05 . Memory (MB): peak = 5252.527 ; gain = 0.000 ; free physical = 42470 ; free virtual = 87417
Phase 1 Placer Initialization | Checksum: 1a72ff69a

Time (s): cpu = 00:00:10 ; elapsed = 00:00:05 . Memory (MB): peak = 5252.527 ; gain = 0.000 ; free physical = 42467 ; free virtual = 87414

Phase 2 Global Placement

Phase 2.1 Floorplanning

Phase 2.1.1 Partition Driven Placement

Phase 2.1.1.1 PBP: Partition Driven Placement
Phase 2.1.1.1 PBP: Partition Driven Placement | Checksum: 130ebe0c3

Time (s): cpu = 00:00:19 ; elapsed = 00:00:09 . Memory (MB): peak = 5252.527 ; gain = 0.000 ; free physical = 42204 ; free virtual = 87151

Phase 2.1.1.2 PBP: Clock Region Placement
Phase 2.1.1.2 PBP: Clock Region Placement | Checksum: 16602a6e5

Time (s): cpu = 00:00:20 ; elapsed = 00:00:09 . Memory (MB): peak = 5252.527 ; gain = 0.000 ; free physical = 42453 ; free virtual = 87401

Phase 2.1.1.3 PBP: Compute Congestion
Phase 2.1.1.3 PBP: Compute Congestion | Checksum: 16602a6e5

Time (s): cpu = 00:00:22 ; elapsed = 00:00:11 . Memory (MB): peak = 5296.891 ; gain = 44.363 ; free physical = 42295 ; free virtual = 87243

Phase 2.1.1.4 PBP: UpdateTiming
Phase 2.1.1.4 PBP: UpdateTiming | Checksum: 18b38ddbb

Time (s): cpu = 00:00:23 ; elapsed = 00:00:11 . Memory (MB): peak = 5328.906 ; gain = 76.379 ; free physical = 42247 ; free virtual = 87195

Phase 2.1.1.5 PBP: Add part constraints
Phase 2.1.1.5 PBP: Add part constraints | Checksum: 18b38ddbb

Time (s): cpu = 00:00:23 ; elapsed = 00:00:11 . Memory (MB): peak = 5328.906 ; gain = 76.379 ; free physical = 42248 ; free virtual = 87195
Phase 2.1.1 Partition Driven Placement | Checksum: 18b38ddbb

Time (s): cpu = 00:00:23 ; elapsed = 00:00:11 . Memory (MB): peak = 5328.906 ; gain = 76.379 ; free physical = 42251 ; free virtual = 87199
Phase 2.1 Floorplanning | Checksum: 1d2daa431

Time (s): cpu = 00:00:23 ; elapsed = 00:00:11 . Memory (MB): peak = 5328.906 ; gain = 76.379 ; free physical = 42250 ; free virtual = 87198

Phase 2.2 Update Timing before SLR Path Opt
Phase 2.2 Update Timing before SLR Path Opt | Checksum: 1d2daa431

Time (s): cpu = 00:00:23 ; elapsed = 00:00:11 . Memory (MB): peak = 5328.906 ; gain = 76.379 ; free physical = 42249 ; free virtual = 87197

Phase 2.3 Post-Processing in Floorplanning
Phase 2.3 Post-Processing in Floorplanning | Checksum: 1d2daa431

Time (s): cpu = 00:00:23 ; elapsed = 00:00:12 . Memory (MB): peak = 5328.906 ; gain = 76.379 ; free physical = 42240 ; free virtual = 87188

Phase 2.4 Global Placement Core

Phase 2.4.1 Physical Synthesis In Placer
INFO: [Physopt 32-1035] Found 0 LUTNM shape to break, 398 LUT instances to create LUTNM shape
INFO: [Physopt 32-1044] Break lutnm for timing: one critical 0, two critical 0, total 0, new lutff created 0
INFO: [Physopt 32-1138] End 1 Pass. Optimized 155 nets or LUTs. Breaked 0 LUT, combined 155 existing LUTs and moved 0 existing LUT
INFO: [Physopt 32-1030] Pass 1. Identified 10 candidate driver sets for equivalent driver rewiring.
INFO: [Physopt 32-661] Optimized 10 nets.  Re-placed 54 instances.
INFO: [Physopt 32-775] End 1 Pass. Optimized 10 nets or cells. Created 0 new cell, deleted 0 existing cell and moved 54 existing cells
Netlist sorting complete. Time (s): cpu = 00:00:00.07 ; elapsed = 00:00:00.07 . Memory (MB): peak = 5328.906 ; gain = 0.000 ; free physical = 42347 ; free virtual = 87295
INFO: [Physopt 32-65] No nets found for high-fanout optimization.
INFO: [Physopt 32-232] Optimized 0 net. Created 0 new instance.
INFO: [Physopt 32-775] End 1 Pass. Optimized 0 net or cell. Created 0 new cell, deleted 0 existing cell and moved 0 existing cell
INFO: [Physopt 32-670] No setup violation found.  DSP Register Optimization was not performed.
INFO: [Physopt 32-670] No setup violation found.  Shift Register to Pipeline Optimization was not performed.
INFO: [Physopt 32-670] No setup violation found.  Shift Register Optimization was not performed.
INFO: [Physopt 32-670] No setup violation found.  BRAM Register Optimization was not performed.
INFO: [Physopt 32-670] No setup violation found.  URAM Register Optimization was not performed.
INFO: [Physopt 32-949] No candidate nets found for dynamic/static region interface net replication
INFO: [Physopt 32-775] End 1 Pass. Optimized 0 net or cell. Created 0 new cell, deleted 0 existing cell and moved 0 existing cell
Netlist sorting complete. Time (s): cpu = 00:00:00 ; elapsed = 00:00:00 . Memory (MB): peak = 5328.906 ; gain = 0.000 ; free physical = 42342 ; free virtual = 87291

Summary of Physical Synthesis Optimizations
============================================


-----------------------------------------------------------------------------------------------------------------------------------------------------------
|  Optimization                                     |  Added Cells  |  Removed Cells  |  Optimized Cells/Nets  |  Dont Touch  |  Iterations  |  Elapsed   |
-----------------------------------------------------------------------------------------------------------------------------------------------------------
|  LUT Combining                                    |            0  |            155  |                   155  |           0  |           1  |  00:00:00  |
|  Retime                                           |            0  |              0  |                     0  |           0  |           1  |  00:00:00  |
|  Equivalent Driver Rewiring                       |            0  |              0  |                    10  |           0  |           1  |  00:00:01  |
|  Very High Fanout                                 |            0  |              0  |                     0  |           0  |           1  |  00:00:00  |
|  DSP Register                                     |            0  |              0  |                     0  |           0  |           0  |  00:00:00  |
|  Shift Register to Pipeline                       |            0  |              0  |                     0  |           0  |           0  |  00:00:00  |
|  Shift Register                                   |            0  |              0  |                     0  |           0  |           0  |  00:00:00  |
|  BRAM Register                                    |            0  |              0  |                     0  |           0  |           0  |  00:00:00  |
|  URAM Register                                    |            0  |              0  |                     0  |           0  |           0  |  00:00:00  |
|  Dynamic/Static Region Interface Net Replication  |            0  |              0  |                     0  |           0  |           1  |  00:00:00  |
|  Total                                            |            0  |            155  |                   165  |           0  |           5  |  00:00:01  |
-----------------------------------------------------------------------------------------------------------------------------------------------------------


Phase 2.4.1 Physical Synthesis In Placer | Checksum: c7bbd14b

Time (s): cpu = 00:01:02 ; elapsed = 00:00:27 . Memory (MB): peak = 5328.906 ; gain = 76.379 ; free physical = 42343 ; free virtual = 87292
Phase 2.4 Global Placement Core | Checksum: 1ac925669

Time (s): cpu = 00:01:06 ; elapsed = 00:00:30 . Memory (MB): peak = 5328.906 ; gain = 76.379 ; free physical = 42331 ; free virtual = 87280
Phase 2 Global Placement | Checksum: 1ac925669

Time (s): cpu = 00:01:06 ; elapsed = 00:00:30 . Memory (MB): peak = 5328.906 ; gain = 76.379 ; free physical = 42343 ; free virtual = 87291

Phase 3 Detail Placement

Phase 3.1 Commit Multi Column Macros
Phase 3.1 Commit Multi Column Macros | Checksum: 203571622

Time (s): cpu = 00:01:09 ; elapsed = 00:00:32 . Memory (MB): peak = 5328.906 ; gain = 76.379 ; free physical = 42325 ; free virtual = 87274

Phase 3.2 Commit Most Macros & LUTRAMs
Phase 3.2 Commit Most Macros & LUTRAMs | Checksum: 17315e54e

Time (s): cpu = 00:01:12 ; elapsed = 00:00:33 . Memory (MB): peak = 5328.906 ; gain = 76.379 ; free physical = 42320 ; free virtual = 87269

Phase 3.3 Small Shape DP

Phase 3.3.1 Small Shape Clustering
Phase 3.3.1 Small Shape Clustering | Checksum: 23e5cdae4

Time (s): cpu = 00:01:13 ; elapsed = 00:00:34 . Memory (MB): peak = 5328.906 ; gain = 76.379 ; free physical = 42304 ; free virtual = 87254

Phase 3.3.2 Flow Legalize Slice Clusters
Phase 3.3.2 Flow Legalize Slice Clusters | Checksum: 20f58ade3

Time (s): cpu = 00:01:13 ; elapsed = 00:00:34 . Memory (MB): peak = 5328.906 ; gain = 76.379 ; free physical = 42299 ; free virtual = 87249

Phase 3.3.3 Slice Area Swap
Phase 3.3.3 Slice Area Swap | Checksum: 1dca33742

Time (s): cpu = 00:01:15 ; elapsed = 00:00:35 . Memory (MB): peak = 5328.906 ; gain = 76.379 ; free physical = 42277 ; free virtual = 87227
Phase 3.3 Small Shape DP | Checksum: 23585334b

Time (s): cpu = 00:01:19 ; elapsed = 00:00:37 . Memory (MB): peak = 5328.906 ; gain = 76.379 ; free physical = 42298 ; free virtual = 87248

Phase 3.4 Re-assign LUT pins
Phase 3.4 Re-assign LUT pins | Checksum: 15fef6cb0

Time (s): cpu = 00:01:20 ; elapsed = 00:00:38 . Memory (MB): peak = 5328.906 ; gain = 76.379 ; free physical = 42368 ; free virtual = 87319

Phase 3.5 Pipeline Register Optimization
Phase 3.5 Pipeline Register Optimization | Checksum: 13bbe7860

Time (s): cpu = 00:01:20 ; elapsed = 00:00:38 . Memory (MB): peak = 5328.906 ; gain = 76.379 ; free physical = 42367 ; free virtual = 87318
Phase 3 Detail Placement | Checksum: 13bbe7860

Time (s): cpu = 00:01:20 ; elapsed = 00:00:38 . Memory (MB): peak = 5328.906 ; gain = 76.379 ; free physical = 42366 ; free virtual = 87317

Phase 4 Post Placement Optimization and Clean-Up

Phase 4.1 Post Commit Optimization
INFO: [Timing 38-35] Done setting XDC timing constraints.

Phase 4.1.1 Post Placement Optimization
Post Placement Optimization Initialization | Checksum: 15c79d5eb

Phase 4.1.1.1 BUFG Insertion

Starting Physical Synthesis Task

Phase 1 Physical Synthesis Initialization
INFO: [Physopt 32-721] Multithreading enabled for phys_opt_design using a maximum of 8 CPUs
INFO: [Physopt 32-619] Estimated Timing Summary | WNS=9.363 | TNS=0.000 |
Phase 1 Physical Synthesis Initialization | Checksum: 16d60a7a7

Time (s): cpu = 00:00:01 ; elapsed = 00:00:00.24 . Memory (MB): peak = 5328.906 ; gain = 0.000 ; free physical = 42449 ; free virtual = 87400
INFO: [Place 46-56] BUFG insertion identified 0 candidate nets. Inserted BUFG: 0, Replicated BUFG Driver: 0, Skipped due to Placement/Routing Conflicts: 0, Skipped due to Timing Degradation: 0, Skipped due to Illegal Netlist: 0.
Ending Physical Synthesis Task | Checksum: 1324a17da

Time (s): cpu = 00:00:01 ; elapsed = 00:00:00.31 . Memory (MB): peak = 5328.906 ; gain = 0.000 ; free physical = 42449 ; free virtual = 87400
Phase 4.1.1.1 BUFG Insertion | Checksum: 15c79d5eb

Time (s): cpu = 00:01:35 ; elapsed = 00:00:45 . Memory (MB): peak = 5328.906 ; gain = 76.379 ; free physical = 42450 ; free virtual = 87400

Phase 4.1.1.2 Post Placement Timing Optimization
INFO: [Place 30-746] Post Placement Timing Summary WNS=9.363. For the most accurate timing information please run report_timing.
Phase 4.1.1.2 Post Placement Timing Optimization | Checksum: 1c462b532

Time (s): cpu = 00:01:35 ; elapsed = 00:00:45 . Memory (MB): peak = 5328.906 ; gain = 76.379 ; free physical = 42451 ; free virtual = 87401

Time (s): cpu = 00:01:35 ; elapsed = 00:00:45 . Memory (MB): peak = 5328.906 ; gain = 76.379 ; free physical = 42450 ; free virtual = 87401
Phase 4.1 Post Commit Optimization | Checksum: 1c462b532

Time (s): cpu = 00:01:35 ; elapsed = 00:00:45 . Memory (MB): peak = 5328.906 ; gain = 76.379 ; free physical = 42450 ; free virtual = 87401
Netlist sorting complete. Time (s): cpu = 00:00:00 ; elapsed = 00:00:00 . Memory (MB): peak = 5367.906 ; gain = 0.000 ; free physical = 42443 ; free virtual = 87394

Phase 4.2 Post Placement Cleanup
Phase 4.2 Post Placement Cleanup | Checksum: 2945eb29f

Time (s): cpu = 00:01:43 ; elapsed = 00:00:52 . Memory (MB): peak = 5367.906 ; gain = 115.379 ; free physical = 42452 ; free virtual = 87405

Phase 4.3 Placer Reporting

Phase 4.3.1 Print Estimated Congestion
INFO: [Place 30-612] Post-Placement Estimated Congestion 
 ________________________________________________________________________
|           | Global Congestion | Long Congestion   | Short Congestion  |
| Direction | Region Size       | Region Size       | Region Size       |
|___________|___________________|___________________|___________________|
|      North|                1x1|                1x1|                2x2|
|___________|___________________|___________________|___________________|
|      South|                1x1|                1x1|                1x1|
|___________|___________________|___________________|___________________|
|       East|                1x1|                1x1|                2x2|
|___________|___________________|___________________|___________________|
|       West|                1x1|                1x1|                2x2|
|___________|___________________|___________________|___________________|

Phase 4.3.1 Print Estimated Congestion | Checksum: 2945eb29f

Time (s): cpu = 00:01:43 ; elapsed = 00:00:52 . Memory (MB): peak = 5367.906 ; gain = 115.379 ; free physical = 42450 ; free virtual = 87401
Phase 4.3 Placer Reporting | Checksum: 2945eb29f

Time (s): cpu = 00:01:43 ; elapsed = 00:00:52 . Memory (MB): peak = 5367.906 ; gain = 115.379 ; free physical = 42450 ; free virtual = 87401

Phase 4.4 Final Placement Cleanup
Netlist sorting complete. Time (s): cpu = 00:00:00 ; elapsed = 00:00:00 . Memory (MB): peak = 5367.906 ; gain = 0.000 ; free physical = 42450 ; free virtual = 87401

Time (s): cpu = 00:01:43 ; elapsed = 00:00:52 . Memory (MB): peak = 5367.906 ; gain = 115.379 ; free physical = 42450 ; free virtual = 87401
Phase 4 Post Placement Optimization and Clean-Up | Checksum: 26f816740

Time (s): cpu = 00:01:43 ; elapsed = 00:00:53 . Memory (MB): peak = 5367.906 ; gain = 115.379 ; free physical = 42448 ; free virtual = 87399
Ending Placer Task | Checksum: 177c19b89

Time (s): cpu = 00:01:43 ; elapsed = 00:00:53 . Memory (MB): peak = 5367.906 ; gain = 115.379 ; free physical = 42446 ; free virtual = 87397
INFO: [Common 17-83] Releasing license: Implementation
32 Infos, 10 Warnings, 0 Critical Warnings and 0 Errors encountered.
place_design completed successfully
place_design: Time (s): cpu = 00:02:05 ; elapsed = 00:01:12 . Memory (MB): peak = 5367.906 ; gain = 636.570 ; free physical = 42607 ; free virtual = 87558
## phys_opt_design -directive Explore
Command: phys_opt_design -directive Explore
Attempting to get a license for feature 'Implementation' and/or device 'xczu7ev'
INFO: [Common 17-349] Got license for feature 'Implementation' and/or device 'xczu7ev'
INFO: [Vivado_Tcl 4-137] Directive used for phys_opt_design is: Explore
INFO: [Vivado_Tcl 4-383] Design worst setup slack (WNS) is greater than or equal to 0.000 ns. Skipping all physical synthesis optimizations.
INFO: [Vivado_Tcl 4-232] No setup violation found. The netlist was not modified.
INFO: [Common 17-83] Releasing license: Implementation
5 Infos, 0 Warnings, 0 Critical Warnings and 0 Errors encountered.
phys_opt_design completed successfully
## power_opt_design
Command: power_opt_design
Attempting to get a license for feature 'Implementation' and/or device 'xczu7ev'
INFO: [Common 17-349] Got license for feature 'Implementation' and/or device 'xczu7ev'
Begin power optimizations | Checksum: 1dd68c9e8
INFO: [Pwropt 34-50] Optimizing power for module ZCU104FPGATestHarness ...
INFO: [Pwropt 34-207] Design is in post-place state. Running in post-place mode.
Pre-processing: Time (s): cpu = 00:00:02 ; elapsed = 00:00:00.70 . Memory (MB): peak = 5367.906 ; gain = 0.000 ; free physical = 42468 ; free virtual = 87419
INFO: [Pwropt 34-9] Applying IDT optimizations ...
INFO: [Physopt 32-619] Estimated Timing Summary | WNS=9.379 | TNS=0.000 |
PSMgr Creation: Time (s): cpu = 00:00:07 ; elapsed = 00:00:03 . Memory (MB): peak = 5448.938 ; gain = 81.031 ; free physical = 42386 ; free virtual = 87337
Running Vector-less Activity Propagation...

Finished Running Vector-less Activity Propagation
IDT: Time (s): cpu = 00:00:11 ; elapsed = 00:00:03 . Memory (MB): peak = 5560.992 ; gain = 193.086 ; free physical = 42359 ; free virtual = 87310
INFO: [Pwropt 34-10] Applying ODC optimizations ...
INFO: [Pwropt 34-215] Skipped ODC enables for 118 nets in BRAM flops in bus-based analysis.
INFO: [Pwropt 34-214] Skipped ODC enables for 202 nets in BRAM address flops in bus-based analysis.
ODC: Time (s): cpu = 00:00:02 ; elapsed = 00:00:01 . Memory (MB): peak = 5560.992 ; gain = 0.000 ; free physical = 42366 ; free virtual = 87318
Power optimization passes: Time (s): cpu = 00:00:16 ; elapsed = 00:00:05 . Memory (MB): peak = 5560.992 ; gain = 193.086 ; free physical = 42366 ; free virtual = 87317

INFO: [Pwropt 34-77] Creating clock enable groups ...
INFO: [Pwropt 34-96] Including small groups for filtering based on enable probabilities.
 Done
Grouping enables: Time (s): cpu = 00:00:01 ; elapsed = 00:00:05 . Memory (MB): peak = 5560.992 ; gain = 0.000 ; free physical = 42498 ; free virtual = 87450


Starting PowerOpt Patch Enables Task
INFO: [Pwropt 34-26] Patching clock gating enable signals for design ZCU104FPGATestHarness ...
INFO: [Pwropt 34-162] WRITE_MODE attribute of 0 BRAM(s) out of a total of 10 has been updated to save power. Run report_power_opt to get a complete listing of the BRAMs updated.
INFO: [Pwropt 34-201] Structural ODC has moved 0 WE to EN ports
INFO: [Pwropt 34-100] Patcher adaptive clustering : original ram clusters 10 accepted clusters 9
INFO: [Pwropt 34-100] Patcher adaptive clustering : original flop clusters 120 accepted clusters 3

Number of Slice Registers augmented: 0 newly gated: 2 Total: 5369
Number of SRLs augmented: 0  newly gated: 0 Total: 1
Number of BRAM Ports augmented: 9 newly gated: 0 Total Ports: 20
Number of Flops added for Enable Generation: 0

Flops dropped: 0/7 RAMS dropped: 0/9 Clusters dropped: 0/12 Enables dropped: 0

Number of LUTs created for enable logic : 
    LUT1 : 0
    LUT2 : 7
    LUT3 : 0
    LUT4 : 2
    LUT5 : 0
    LUT6 : 8

Patching clock gating enables finished successfully.
Ending PowerOpt Patch Enables Task | Checksum: 28d1f9c9d

Time (s): cpu = 00:00:03 ; elapsed = 00:00:00.98 . Memory (MB): peak = 5560.992 ; gain = 0.000 ; free physical = 42485 ; free virtual = 87436
INFO: [Pwropt 34-30] Power optimization finished successfully.
Netlist sorting complete. Time (s): cpu = 00:00:00.01 ; elapsed = 00:00:00.02 . Memory (MB): peak = 5560.992 ; gain = 0.000 ; free physical = 42484 ; free virtual = 87436
End power optimizations | Checksum: 253a10935
Power optimization: Time (s): cpu = 00:00:21 ; elapsed = 00:00:12 . Memory (MB): peak = 5560.992 ; gain = 193.086 ; free physical = 42565 ; free virtual = 87516
INFO: [Pwropt 34-198] Malloced memory gain at end of power optimization: -20781592 bytes

Starting Netlist Obfuscation Task
Netlist sorting complete. Time (s): cpu = 00:00:00 ; elapsed = 00:00:00 . Memory (MB): peak = 5560.992 ; gain = 0.000 ; free physical = 42564 ; free virtual = 87516
Ending Netlist Obfuscation Task | Checksum: 253a10935

Time (s): cpu = 00:00:00 ; elapsed = 00:00:00 . Memory (MB): peak = 5560.992 ; gain = 0.000 ; free physical = 42564 ; free virtual = 87515
INFO: [Common 17-83] Releasing license: Implementation
18 Infos, 0 Warnings, 0 Critical Warnings and 0 Errors encountered.
power_opt_design completed successfully
power_opt_design: Time (s): cpu = 00:00:25 ; elapsed = 00:00:13 . Memory (MB): peak = 5560.992 ; gain = 193.086 ; free physical = 42564 ; free virtual = 87515
## write_checkpoint -force [file join $wrkdir post_place]
INFO: [Timing 38-480] Writing timing data to binary archive.
Writing placer database...
Writing XDEF routing.
Writing XDEF routing logical nets.
Writing XDEF routing special nets.
Write XDEF Complete: Time (s): cpu = 00:00:03 ; elapsed = 00:00:00.95 . Memory (MB): peak = 5560.992 ; gain = 0.000 ; free physical = 42528 ; free virtual = 87504
INFO: [Common 17-1381] The checkpoint '/home/user007/project/chipyard/fpga/generated-src/chipyard.fpga.zcu104.ZCU104FPGATestHarness.RocketZCU104NoDDRConfig/obj/post_place.dcp' has been generated.
# source [file join $scriptdir "route.tcl"]
## route_design -directive Explore
Command: route_design -directive Explore
Attempting to get a license for feature 'Implementation' and/or device 'xczu7ev'
INFO: [Common 17-349] Got license for feature 'Implementation' and/or device 'xczu7ev'
INFO: [DRC 23-27] Running DRC with 8 threads
INFO: [Vivado_Tcl 4-198] DRC finished with 0 Errors
INFO: [Vivado_Tcl 4-199] Please refer to the DRC report (report_drc) for more information.
Running DRC as a precondition to command route_design
INFO: [DRC 23-27] Running DRC with 8 threads
WARNING: [DRC PLCK-58] Clock Placer Checks: Sub-optimal placement for a global clock-capable IO pin and BUFG pair.
Resolution: A dedicated routing path between the two can be used if: (a) The global clock-capable IO (GCIO) is placed on a GCIO capable site (b) The BUFG is placed in the same bank of the device as the GCIO pin. Both the above conditions must be met at the same time, else it may lead to longer and less predictable clock insertion delays.
 This is normally an ERROR but the CLOCK_DEDICATED_ROUTE constraint is set to FALSE allowing your design to continue. The use of this override is highly discouraged as it may lead to very poor timing results. It is recommended that this error condition be corrected in the design.

	jtag_jtag_TCK_IBUF_inst/IBUFCTRL_INST (IBUFCTRL.O) is locked to IOB_X2Y291
	jtag_jtag_TCK_IBUF_BUFG_inst (BUFGCE.I) is provisionally placed by clockplacer on BUFGCE_X1Y94
INFO: [Vivado_Tcl 4-198] DRC finished with 0 Errors, 1 Warnings
INFO: [Vivado_Tcl 4-199] Please refer to the DRC report (report_drc) for more information.


Starting Routing Task
INFO: [Route 35-270] Using Router directive 'Explore'.
INFO: [Route 35-254] Multithreading enabled for route_design using a maximum of 8 CPUs

Phase 1 Build RT Design
Checksum: PlaceDB: 9c3e1eb9 ConstDB: 0 ShapeSum: 362b6451 RouteDB: cffbfd6d
Nodegraph reading from file.  Time (s): cpu = 00:00:00.91 ; elapsed = 00:00:00.99 . Memory (MB): peak = 5560.992 ; gain = 0.000 ; free physical = 42385 ; free virtual = 87344
Post Restoration Checksum: NetGraph: 1c823084 NumContArr: 947a07b3 Constraints: 5d841620 Timing: 0
Phase 1 Build RT Design | Checksum: 10e804e57

Time (s): cpu = 00:00:14 ; elapsed = 00:00:07 . Memory (MB): peak = 5560.992 ; gain = 0.000 ; free physical = 42389 ; free virtual = 87348

Phase 2 Router Initialization

Phase 2.1 Fix Topology Constraints
Phase 2.1 Fix Topology Constraints | Checksum: 10e804e57

Time (s): cpu = 00:00:14 ; elapsed = 00:00:07 . Memory (MB): peak = 5560.992 ; gain = 0.000 ; free physical = 42332 ; free virtual = 87291

Phase 2.2 Pre Route Cleanup
Phase 2.2 Pre Route Cleanup | Checksum: 10e804e57

Time (s): cpu = 00:00:15 ; elapsed = 00:00:08 . Memory (MB): peak = 5560.992 ; gain = 0.000 ; free physical = 42329 ; free virtual = 87288

Phase 2.3 Global Clock Net Routing
 Number of Nodes with overlaps = 0
Phase 2.3 Global Clock Net Routing | Checksum: 179837354

Time (s): cpu = 00:00:17 ; elapsed = 00:00:09 . Memory (MB): peak = 5560.992 ; gain = 0.000 ; free physical = 42316 ; free virtual = 87275

Phase 2.4 Update Timing
Phase 2.4 Update Timing | Checksum: 2c7685f99

Time (s): cpu = 00:00:22 ; elapsed = 00:00:11 . Memory (MB): peak = 5560.992 ; gain = 0.000 ; free physical = 42321 ; free virtual = 87280
INFO: [Route 35-416] Intermediate Timing Summary | WNS=9.435  | TNS=0.000  | WHS=-0.846 | THS=-1225.612|


Router Utilization Summary
  Global Vertical Routing Utilization    = 0.000214277 %
  Global Horizontal Routing Utilization  = 0 %
  Routable Net Status*
  *Does not include unroutable nets such as driverless and loadless.
  Run report_route_status for detailed report.
  Number of Failed Nets               = 15891
    (Failed Nets is the sum of unrouted and partially routed nets)
  Number of Unrouted Nets             = 10733
  Number of Partially Routed Nets     = 5158
  Number of Node Overlaps             = 0

Phase 2 Router Initialization | Checksum: 2bf664732

Time (s): cpu = 00:00:34 ; elapsed = 00:00:14 . Memory (MB): peak = 5560.992 ; gain = 0.000 ; free physical = 42305 ; free virtual = 87264

Phase 3 Initial Routing

Phase 3.1 Global Routing
Phase 3.1 Global Routing | Checksum: 2bf664732

Time (s): cpu = 00:00:34 ; elapsed = 00:00:14 . Memory (MB): peak = 5560.992 ; gain = 0.000 ; free physical = 42305 ; free virtual = 87264
Phase 3 Initial Routing | Checksum: 19378227b

Time (s): cpu = 00:00:41 ; elapsed = 00:00:17 . Memory (MB): peak = 5560.992 ; gain = 0.000 ; free physical = 42274 ; free virtual = 87234

Phase 4 Rip-up And Reroute

Phase 4.1 Global Iteration 0
 Number of Nodes with overlaps = 5002
 Number of Nodes with overlaps = 324
 Number of Nodes with overlaps = 13
 Number of Nodes with overlaps = 0
INFO: [Route 35-416] Intermediate Timing Summary | WNS=9.437  | TNS=0.000  | WHS=-0.038 | THS=-0.348 |

Phase 4.1 Global Iteration 0 | Checksum: 29580856e

Time (s): cpu = 00:01:27 ; elapsed = 00:00:39 . Memory (MB): peak = 5598.414 ; gain = 37.422 ; free physical = 42216 ; free virtual = 87178

Phase 4.2 Global Iteration 1
 Number of Nodes with overlaps = 272
 Number of Nodes with overlaps = 12
 Number of Nodes with overlaps = 0
INFO: [Route 35-416] Intermediate Timing Summary | WNS=9.437  | TNS=0.000  | WHS=N/A    | THS=N/A    |

Phase 4.2 Global Iteration 1 | Checksum: 1cf31ebca

Time (s): cpu = 00:02:13 ; elapsed = 00:01:19 . Memory (MB): peak = 5713.398 ; gain = 152.406 ; free physical = 42270 ; free virtual = 87236
Phase 4 Rip-up And Reroute | Checksum: 1cf31ebca

Time (s): cpu = 00:02:14 ; elapsed = 00:01:19 . Memory (MB): peak = 5713.398 ; gain = 152.406 ; free physical = 42269 ; free virtual = 87235

Phase 5 Delay and Skew Optimization

Phase 5.1 Delay CleanUp

Phase 5.1.1 Update Timing
Phase 5.1.1 Update Timing | Checksum: 1ed72738d

Time (s): cpu = 00:02:19 ; elapsed = 00:01:21 . Memory (MB): peak = 5713.398 ; gain = 152.406 ; free physical = 42264 ; free virtual = 87231
INFO: [Route 35-416] Intermediate Timing Summary | WNS=9.437  | TNS=0.000  | WHS=0.010  | THS=0.000  |

Phase 5.1 Delay CleanUp | Checksum: 1ed72738d

Time (s): cpu = 00:02:19 ; elapsed = 00:01:22 . Memory (MB): peak = 5713.398 ; gain = 152.406 ; free physical = 42264 ; free virtual = 87230

Phase 5.2 Clock Skew Optimization
Phase 5.2 Clock Skew Optimization | Checksum: 1ed72738d

Time (s): cpu = 00:02:19 ; elapsed = 00:01:22 . Memory (MB): peak = 5713.398 ; gain = 152.406 ; free physical = 42264 ; free virtual = 87230
Phase 5 Delay and Skew Optimization | Checksum: 1ed72738d

Time (s): cpu = 00:02:19 ; elapsed = 00:01:22 . Memory (MB): peak = 5713.398 ; gain = 152.406 ; free physical = 42264 ; free virtual = 87230

Phase 6 Post Hold Fix

Phase 6.1 Hold Fix Iter

Phase 6.1.1 Update Timing
Phase 6.1.1 Update Timing | Checksum: 16eb012dd

Time (s): cpu = 00:02:23 ; elapsed = 00:01:23 . Memory (MB): peak = 5713.398 ; gain = 152.406 ; free physical = 42248 ; free virtual = 87214
INFO: [Route 35-416] Intermediate Timing Summary | WNS=9.437  | TNS=0.000  | WHS=0.010  | THS=0.000  |

Phase 6.1 Hold Fix Iter | Checksum: 1c2d64b3d

Time (s): cpu = 00:02:23 ; elapsed = 00:01:23 . Memory (MB): peak = 5713.398 ; gain = 152.406 ; free physical = 42248 ; free virtual = 87215
Phase 6 Post Hold Fix | Checksum: 1c2d64b3d

Time (s): cpu = 00:02:23 ; elapsed = 00:01:23 . Memory (MB): peak = 5713.398 ; gain = 152.406 ; free physical = 42247 ; free virtual = 87214

Phase 7 Route finalize

Router Utilization Summary
  Global Vertical Routing Utilization    = 1.2314 %
  Global Horizontal Routing Utilization  = 1.43531 %
  Routable Net Status*
  *Does not include unroutable nets such as driverless and loadless.
  Run report_route_status for detailed report.
  Number of Failed Nets               = 0
    (Failed Nets is the sum of unrouted and partially routed nets)
  Number of Unrouted Nets             = 0
  Number of Partially Routed Nets     = 0
  Number of Node Overlaps             = 0

Phase 7 Route finalize | Checksum: 123592435

Time (s): cpu = 00:02:24 ; elapsed = 00:01:24 . Memory (MB): peak = 5713.398 ; gain = 152.406 ; free physical = 42242 ; free virtual = 87209

Phase 8 Verifying routed nets

 Verification completed successfully
Phase 8 Verifying routed nets | Checksum: 123592435

Time (s): cpu = 00:02:24 ; elapsed = 00:01:24 . Memory (MB): peak = 5713.398 ; gain = 152.406 ; free physical = 42240 ; free virtual = 87207

Phase 9 Depositing Routes
Phase 9 Depositing Routes | Checksum: 123592435

Time (s): cpu = 00:02:26 ; elapsed = 00:01:25 . Memory (MB): peak = 5729.406 ; gain = 168.414 ; free physical = 42247 ; free virtual = 87213

Phase 10 Resolve XTalk
Phase 10 Resolve XTalk | Checksum: 123592435

Time (s): cpu = 00:02:26 ; elapsed = 00:01:26 . Memory (MB): peak = 5729.406 ; gain = 168.414 ; free physical = 42250 ; free virtual = 87217

Phase 11 Route finalize
Phase 11 Route finalize | Checksum: 123592435

Time (s): cpu = 00:02:27 ; elapsed = 00:01:26 . Memory (MB): peak = 5729.406 ; gain = 168.414 ; free physical = 42250 ; free virtual = 87216

Phase 12 Post Router Timing
INFO: [Route 35-20] Post Routing Timing Summary | WNS=9.397  | TNS=0.000  | WHS=0.010  | THS=0.000  |

Phase 12 Post Router Timing | Checksum: 207b892c5

Time (s): cpu = 00:02:36 ; elapsed = 00:01:28 . Memory (MB): peak = 5729.406 ; gain = 168.414 ; free physical = 42236 ; free virtual = 87203
INFO: [Route 35-61] The design met the timing requirement.
INFO: [Route 35-16] Router Completed Successfully

Time (s): cpu = 00:02:36 ; elapsed = 00:01:29 . Memory (MB): peak = 5729.406 ; gain = 168.414 ; free physical = 42543 ; free virtual = 87510

Routing Is Done.
INFO: [Common 17-83] Releasing license: Implementation
18 Infos, 1 Warnings, 0 Critical Warnings and 0 Errors encountered.
route_design completed successfully
route_design: Time (s): cpu = 00:02:43 ; elapsed = 00:01:31 . Memory (MB): peak = 5729.406 ; gain = 168.414 ; free physical = 42544 ; free virtual = 87510
## phys_opt_design -directive Explore
Command: phys_opt_design -directive Explore
Attempting to get a license for feature 'Implementation' and/or device 'xczu7ev'
INFO: [Common 17-349] Got license for feature 'Implementation' and/or device 'xczu7ev'
INFO: [Vivado_Tcl 4-241] Physical synthesis in post route mode ( 100.0% nets are fully routed)
INFO: [Vivado_Tcl 4-137] Directive used for phys_opt_design is: Explore
INFO: [Vivado_Tcl 4-383] Design worst setup slack (WNS) is greater than or equal to 0.000 ns. Skipping all physical synthesis optimizations.
INFO: [Vivado_Tcl 4-232] No setup violation found. The netlist was not modified.
INFO: [Common 17-83] Releasing license: Implementation
6 Infos, 0 Warnings, 0 Critical Warnings and 0 Errors encountered.
phys_opt_design completed successfully
## write_checkpoint -force [file join $wrkdir post_route]
INFO: [Timing 38-480] Writing timing data to binary archive.
Writing placer database...
Writing XDEF routing.
Writing XDEF routing logical nets.
Writing XDEF routing special nets.
Write XDEF Complete: Time (s): cpu = 00:00:04 ; elapsed = 00:00:01 . Memory (MB): peak = 5729.406 ; gain = 0.000 ; free physical = 42499 ; free virtual = 87497
INFO: [Common 17-1381] The checkpoint '/home/user007/project/chipyard/fpga/generated-src/chipyard.fpga.zcu104.ZCU104FPGATestHarness.RocketZCU104NoDDRConfig/obj/post_route.dcp' has been generated.
write_checkpoint: Time (s): cpu = 00:00:09 ; elapsed = 00:00:05 . Memory (MB): peak = 5729.406 ; gain = 0.000 ; free physical = 42533 ; free virtual = 87510
# source [file join $scriptdir "bitstream.tcl"]
## set_property SEVERITY {Warning} [get_drc_checks UCIO-1]
## write_bitstream -force [file join $wrkdir "${top}.bit"]
Command: write_bitstream -force /home/user007/project/chipyard/fpga/generated-src/chipyard.fpga.zcu104.ZCU104FPGATestHarness.RocketZCU104NoDDRConfig/obj/ZCU104FPGATestHarness.bit
Attempting to get a license for feature 'Implementation' and/or device 'xczu7ev'
INFO: [Common 17-349] Got license for feature 'Implementation' and/or device 'xczu7ev'
Running DRC as a precondition to command write_bitstream
INFO: [IP_Flow 19-1839] IP Catalog is up to date.
INFO: [DRC 23-27] Running DRC with 8 threads
WARNING: [DRC DPOP-3] PREG Output pipelining: DSP chiptop0/system/tile_prci_domain/element_reset_domain_rockettile/core/div/_prod_T_40 output chiptop0/system/tile_prci_domain/element_reset_domain_rockettile/core/div/_prod_T_40/P[47:0] is not pipelined (PREG=0). Pipelining the DSP48 output will improve performance and often saves power so it is suggested whenever possible to fully pipeline this function.  If this DSP48 function was inferred, it is suggested to describe an additional register stage after this function.  If the DSP48 was instantiated in the design, it is suggested to set the PREG attribute to 1.
WARNING: [DRC DPOP-3] PREG Output pipelining: DSP chiptop0/system/tile_prci_domain/element_reset_domain_rockettile/core/div/_prod_T_40__0 output chiptop0/system/tile_prci_domain/element_reset_domain_rockettile/core/div/_prod_T_40__0/P[47:0] is not pipelined (PREG=0). Pipelining the DSP48 output will improve performance and often saves power so it is suggested whenever possible to fully pipeline this function.  If this DSP48 function was inferred, it is suggested to describe an additional register stage after this function.  If the DSP48 was instantiated in the design, it is suggested to set the PREG attribute to 1.
WARNING: [DRC DPOP-3] PREG Output pipelining: DSP chiptop0/system/tile_prci_domain/element_reset_domain_rockettile/core/div/_prod_T_40__1 output chiptop0/system/tile_prci_domain/element_reset_domain_rockettile/core/div/_prod_T_40__1/P[47:0] is not pipelined (PREG=0). Pipelining the DSP48 output will improve performance and often saves power so it is suggested whenever possible to fully pipeline this function.  If this DSP48 function was inferred, it is suggested to describe an additional register stage after this function.  If the DSP48 was instantiated in the design, it is suggested to set the PREG attribute to 1.
WARNING: [DRC DPOP-3] PREG Output pipelining: DSP chiptop0/system/tile_prci_domain/element_reset_domain_rockettile/core/div/_prod_T_40__2 output chiptop0/system/tile_prci_domain/element_reset_domain_rockettile/core/div/_prod_T_40__2/P[47:0] is not pipelined (PREG=0). Pipelining the DSP48 output will improve performance and often saves power so it is suggested whenever possible to fully pipeline this function.  If this DSP48 function was inferred, it is suggested to describe an additional register stage after this function.  If the DSP48 was instantiated in the design, it is suggested to set the PREG attribute to 1.
WARNING: [DRC DPOP-4] MREG Output pipelining: DSP chiptop0/system/tile_prci_domain/element_reset_domain_rockettile/core/div/_prod_T_40 multiplier stage chiptop0/system/tile_prci_domain/element_reset_domain_rockettile/core/div/_prod_T_40/P[47:0] is not pipelined (MREG=0). Pipelining the multiplier function will improve performance and will save significant power so it is suggested whenever possible to fully pipeline this function.  If this multiplier was inferred, it is suggested to describe an additional register stage after this function.  If there is no registered adder/accumulator following the multiply function, two pipeline stages are suggested to allow both the MREG and PREG registers to be used.  If the DSP48 was instantiated in the design, it is suggested to set both the MREG and PREG attributes to 1 when performing multiply functions.
WARNING: [DRC DPOP-4] MREG Output pipelining: DSP chiptop0/system/tile_prci_domain/element_reset_domain_rockettile/core/div/_prod_T_40__0 multiplier stage chiptop0/system/tile_prci_domain/element_reset_domain_rockettile/core/div/_prod_T_40__0/P[47:0] is not pipelined (MREG=0). Pipelining the multiplier function will improve performance and will save significant power so it is suggested whenever possible to fully pipeline this function.  If this multiplier was inferred, it is suggested to describe an additional register stage after this function.  If there is no registered adder/accumulator following the multiply function, two pipeline stages are suggested to allow both the MREG and PREG registers to be used.  If the DSP48 was instantiated in the design, it is suggested to set both the MREG and PREG attributes to 1 when performing multiply functions.
WARNING: [DRC DPOP-4] MREG Output pipelining: DSP chiptop0/system/tile_prci_domain/element_reset_domain_rockettile/core/div/_prod_T_40__1 multiplier stage chiptop0/system/tile_prci_domain/element_reset_domain_rockettile/core/div/_prod_T_40__1/P[47:0] is not pipelined (MREG=0). Pipelining the multiplier function will improve performance and will save significant power so it is suggested whenever possible to fully pipeline this function.  If this multiplier was inferred, it is suggested to describe an additional register stage after this function.  If there is no registered adder/accumulator following the multiply function, two pipeline stages are suggested to allow both the MREG and PREG registers to be used.  If the DSP48 was instantiated in the design, it is suggested to set both the MREG and PREG attributes to 1 when performing multiply functions.
WARNING: [DRC DPOP-4] MREG Output pipelining: DSP chiptop0/system/tile_prci_domain/element_reset_domain_rockettile/core/div/_prod_T_40__2 multiplier stage chiptop0/system/tile_prci_domain/element_reset_domain_rockettile/core/div/_prod_T_40__2/P[47:0] is not pipelined (MREG=0). Pipelining the multiplier function will improve performance and will save significant power so it is suggested whenever possible to fully pipeline this function.  If this multiplier was inferred, it is suggested to describe an additional register stage after this function.  If there is no registered adder/accumulator following the multiply function, two pipeline stages are suggested to allow both the MREG and PREG registers to be used.  If the DSP48 was instantiated in the design, it is suggested to set both the MREG and PREG attributes to 1 when performing multiply functions.
WARNING: [DRC UCIO-1] Unconstrained Logical Port: 1 out of 13 logical ports have no user assigned specific location constraint (LOC). This may cause I/O contention or incompatibility with the board power or connectivity affecting performance, signal integrity or in extreme cases cause damage to the device or the components to which it is connected. To correct this violation, specify all pin locations. This design will fail to generate a bitstream unless all logical ports have a user specified site LOC constraint defined.  To allow bitstream creation with unspecified pin locations (not recommended), use this command: set_property SEVERITY {Warning} [get_drc_checks UCIO-1].  NOTE: When using the Vivado Runs infrastructure (e.g. launch_runs Tcl command), add this command to a .tcl file and add that file as a pre-hook for write_bitstream step for the implementation run.  Problem ports: reset.
INFO: [Vivado 12-3199] DRC finished with 0 Errors, 9 Warnings
INFO: [Vivado 12-3200] Please refer to the DRC report (report_drc) for more information.
INFO: [Designutils 20-2272] Running write_bitstream with 8 threads.
Loading data files...
Loading site data...
Loading route data...
Processing options...
Creating bitmap...
Creating bitstream...
Bitstream compression saved 108789472 bits.
Writing bitstream /home/user007/project/chipyard/fpga/generated-src/chipyard.fpga.zcu104.ZCU104FPGATestHarness.RocketZCU104NoDDRConfig/obj/ZCU104FPGATestHarness.bit...
INFO: [Vivado 12-1842] Bitgen Completed Successfully.
INFO: [Project 1-1876] WebTalk data collection is mandatory when using a ULT device. To see the specific WebTalk data collected for your design, open the usage_statistics_webtalk.html or usage_statistics_webtalk.xml file in the implementation directory.
INFO: [Common 17-83] Releasing license: Implementation
9 Infos, 9 Warnings, 0 Critical Warnings and 0 Errors encountered.
write_bitstream completed successfully
write_bitstream: Time (s): cpu = 00:00:36 ; elapsed = 00:00:35 . Memory (MB): peak = 5729.406 ; gain = 0.000 ; free physical = 42478 ; free virtual = 87462
## write_sdf -force [file join $wrkdir "${top}.sdf"]
## write_verilog -mode timesim -force [file join ${wrkdir} "${top}.v"]
# if {[info exists post_impl_debug_tcl]} {
#   source [file join $scriptdir $post_impl_debug_tcl]
# }
# source [file join $scriptdir "report.tcl"]
## set rptdir [file join $wrkdir report]
## file mkdir $rptdir
## report_datasheet -file [file join $rptdir datasheet.txt]
INFO: [Timing 38-91] UpdateTimingParams: Speed grade: -2, Delay Type: min_max.
INFO: [Timing 38-191] Multithreading enabled for timing update using a maximum of 8 CPUs
INFO: [Timing 38-91] UpdateTimingParams: Speed grade: -2, Delay Type: min_max.
INFO: [Timing 38-191] Multithreading enabled for timing update using a maximum of 8 CPUs
INFO: [Timing 38-91] UpdateTimingParams: Speed grade: -2, Delay Type: min_max.
INFO: [Timing 38-191] Multithreading enabled for timing update using a maximum of 8 CPUs
## set rptutil [file join $rptdir utilization.txt]
## report_utilization -hierarchical -file $rptutil
## report_clock_utilization -file $rptutil -append
## report_ram_utilization -file $rptutil -append -detail
WARNING: [Common 17-576] 'detail' is deprecated. The '-detail' option is no longer required because all the data is enabled by default. Support for -detail will be removed in a future release.
report_ram_utilization: Time (s): cpu = 00:00:00 ; elapsed = 00:00:00 . Memory (MB): peak = 5729.406 ; gain = 0.000 ; free physical = 42478 ; free virtual = 87509
## report_timing_summary -file [file join $rptdir timing.txt] -max_paths 10
INFO: [Timing 38-91] UpdateTimingParams: Speed grade: -2, Temperature grade: E, Delay Type: min_max.
INFO: [Timing 38-191] Multithreading enabled for timing update using a maximum of 8 CPUs
## report_high_fanout_nets -file [file join $rptdir fanout.txt] -timing -load_types -max_nets 25
INFO: [Timing 38-91] UpdateTimingParams: Speed grade: -2, Temperature grade: E, Delay Type: max.
INFO: [Timing 38-191] Multithreading enabled for timing update using a maximum of 8 CPUs
INFO: [Timing 38-78] ReportTimingParams: -max_paths 10 -nworst 1 -delay_type max -sort_by slack.
report_high_fanout_nets: Time (s): cpu = 00:00:04 ; elapsed = 00:00:02 . Memory (MB): peak = 5729.406 ; gain = 0.000 ; free physical = 42482 ; free virtual = 87516
## report_drc -file [file join $rptdir drc.txt]
Command: report_drc -file /home/user007/project/chipyard/fpga/generated-src/chipyard.fpga.zcu104.ZCU104FPGATestHarness.RocketZCU104NoDDRConfig/obj/report/drc.txt
INFO: [IP_Flow 19-1839] IP Catalog is up to date.
INFO: [DRC 23-27] Running DRC with 8 threads
INFO: [Vivado_Tcl 2-168] The results of DRC are in file /home/user007/project/chipyard/fpga/generated-src/chipyard.fpga.zcu104.ZCU104FPGATestHarness.RocketZCU104NoDDRConfig/obj/report/drc.txt.
report_drc completed successfully
## report_io -file [file join $rptdir io.txt]
report_io: Time (s): cpu = 00:00:00.28 ; elapsed = 00:00:00.44 . Memory (MB): peak = 5729.406 ; gain = 0.000 ; free physical = 42445 ; free virtual = 87479
## report_clocks -file [file join $rptdir clocks.txt]
## set timing_slack [get_property SLACK [get_timing_paths]]
## if {$timing_slack < 0} {
##   puts "WARNING: Failed to meet timing by $timing_slack, see [file join $rptdir timing.txt]. Continuing anyway..."
## }
INFO: [Common 17-206] Exiting Vivado at Sun Mar 15 13:12:06 2026...
