
/root/chipyard/fpga/linux-bringup/payload/linux-chain/build/linux_chain.elf:     file format elf64-littleriscv


Disassembly of section .text.init:

0000000088000000 <_prog_start>:
  .section .text.init
  .option norvc
  .globl _prog_start
  .extern _stack_top
_prog_start:
  la sp, _stack_top
    88000000:	00400117          	auipc	sp,0x400
    88000004:	00010113          	mv	sp,sp
  call main
    88000008:	7d0000ef          	jal	880007d8 <main>
1:
  j 1b
    8800000c:	0000006f          	j	8800000c <_prog_start+0xc>

Disassembly of section .text:

0000000088000010 <linux_chain_start_marker>:
};

static volatile const struct linux_chain_manifest * const linux_manifest =
  (volatile const struct linux_chain_manifest *)(uintptr_t)(LINUX_CHAIN_MANIFEST_ADDR);

__attribute__((noinline, used)) void linux_chain_start_marker(void) { __asm__ __volatile__("nop"); }
    88000010:	ff010113          	addi	sp,sp,-16 # 883ffff0 <_end+0x3feb50>
    88000014:	00113423          	sd	ra,8(sp)
    88000018:	00813023          	sd	s0,0(sp)
    8800001c:	01010413          	addi	s0,sp,16
    88000020:	00000013          	nop
    88000024:	00000013          	nop
    88000028:	00813083          	ld	ra,8(sp)
    8800002c:	00013403          	ld	s0,0(sp)
    88000030:	01010113          	addi	sp,sp,16
    88000034:	00008067          	ret

0000000088000038 <linux_payload_stage_marker>:
__attribute__((noinline, used)) void linux_payload_stage_marker(void) { __asm__ __volatile__("nop"); }
    88000038:	ff010113          	addi	sp,sp,-16
    8800003c:	00113423          	sd	ra,8(sp)
    88000040:	00813023          	sd	s0,0(sp)
    88000044:	01010413          	addi	s0,sp,16
    88000048:	00000013          	nop
    8800004c:	00000013          	nop
    88000050:	00813083          	ld	ra,8(sp)
    88000054:	00013403          	ld	s0,0(sp)
    88000058:	01010113          	addi	sp,sp,16
    8800005c:	00008067          	ret

0000000088000060 <linux_kernel_stage_marker>:
__attribute__((noinline, used)) void linux_kernel_stage_marker(void) { __asm__ __volatile__("nop"); }
    88000060:	ff010113          	addi	sp,sp,-16
    88000064:	00113423          	sd	ra,8(sp)
    88000068:	00813023          	sd	s0,0(sp)
    8800006c:	01010413          	addi	s0,sp,16
    88000070:	00000013          	nop
    88000074:	00000013          	nop
    88000078:	00813083          	ld	ra,8(sp)
    8800007c:	00013403          	ld	s0,0(sp)
    88000080:	01010113          	addi	sp,sp,16
    88000084:	00008067          	ret

0000000088000088 <linux_dtb_stage_marker>:
__attribute__((noinline, used)) void linux_dtb_stage_marker(void) { __asm__ __volatile__("nop"); }
    88000088:	ff010113          	addi	sp,sp,-16
    8800008c:	00113423          	sd	ra,8(sp)
    88000090:	00813023          	sd	s0,0(sp)
    88000094:	01010413          	addi	s0,sp,16
    88000098:	00000013          	nop
    8800009c:	00000013          	nop
    880000a0:	00813083          	ld	ra,8(sp)
    880000a4:	00013403          	ld	s0,0(sp)
    880000a8:	01010113          	addi	sp,sp,16
    880000ac:	00008067          	ret

00000000880000b0 <linux_jump_stage_marker>:
__attribute__((noinline, used)) void linux_jump_stage_marker(void) { __asm__ __volatile__("nop"); }
    880000b0:	ff010113          	addi	sp,sp,-16
    880000b4:	00113423          	sd	ra,8(sp)
    880000b8:	00813023          	sd	s0,0(sp)
    880000bc:	01010413          	addi	s0,sp,16
    880000c0:	00000013          	nop
    880000c4:	00000013          	nop
    880000c8:	00813083          	ld	ra,8(sp)
    880000cc:	00013403          	ld	s0,0(sp)
    880000d0:	01010113          	addi	sp,sp,16
    880000d4:	00008067          	ret

00000000880000d8 <linux_count_loop_marker>:
__attribute__((noinline, used)) void linux_count_loop_marker(void) { __asm__ __volatile__("nop"); }
    880000d8:	ff010113          	addi	sp,sp,-16
    880000dc:	00113423          	sd	ra,8(sp)
    880000e0:	00813023          	sd	s0,0(sp)
    880000e4:	01010413          	addi	s0,sp,16
    880000e8:	00000013          	nop
    880000ec:	00000013          	nop
    880000f0:	00813083          	ld	ra,8(sp)
    880000f4:	00013403          	ld	s0,0(sp)
    880000f8:	01010113          	addi	sp,sp,16
    880000fc:	00008067          	ret

0000000088000100 <firmware_load_done_marker>:
__attribute__((noinline, used)) void firmware_load_done_marker(void) { __asm__ __volatile__("nop"); }
    88000100:	ff010113          	addi	sp,sp,-16
    88000104:	00113423          	sd	ra,8(sp)
    88000108:	00813023          	sd	s0,0(sp)
    8800010c:	01010413          	addi	s0,sp,16
    88000110:	00000013          	nop
    88000114:	00000013          	nop
    88000118:	00813083          	ld	ra,8(sp)
    8800011c:	00013403          	ld	s0,0(sp)
    88000120:	01010113          	addi	sp,sp,16
    88000124:	00008067          	ret

0000000088000128 <payload_load_done_marker>:
__attribute__((noinline, used)) void payload_load_done_marker(void) { __asm__ __volatile__("nop"); }
    88000128:	ff010113          	addi	sp,sp,-16
    8800012c:	00113423          	sd	ra,8(sp)
    88000130:	00813023          	sd	s0,0(sp)
    88000134:	01010413          	addi	s0,sp,16
    88000138:	00000013          	nop
    8800013c:	00000013          	nop
    88000140:	00813083          	ld	ra,8(sp)
    88000144:	00013403          	ld	s0,0(sp)
    88000148:	01010113          	addi	sp,sp,16
    8800014c:	00008067          	ret

0000000088000150 <kernel_load_done_marker>:
__attribute__((noinline, used)) void kernel_load_done_marker(void) { __asm__ __volatile__("nop"); }
    88000150:	ff010113          	addi	sp,sp,-16
    88000154:	00113423          	sd	ra,8(sp)
    88000158:	00813023          	sd	s0,0(sp)
    8800015c:	01010413          	addi	s0,sp,16
    88000160:	00000013          	nop
    88000164:	00000013          	nop
    88000168:	00813083          	ld	ra,8(sp)
    8800016c:	00013403          	ld	s0,0(sp)
    88000170:	01010113          	addi	sp,sp,16
    88000174:	00008067          	ret

0000000088000178 <dtb_load_done_marker>:
__attribute__((noinline, used)) void dtb_load_done_marker(void) { __asm__ __volatile__("nop"); }
    88000178:	ff010113          	addi	sp,sp,-16
    8800017c:	00113423          	sd	ra,8(sp)
    88000180:	00813023          	sd	s0,0(sp)
    88000184:	01010413          	addi	s0,sp,16
    88000188:	00000013          	nop
    8800018c:	00000013          	nop
    88000190:	00813083          	ld	ra,8(sp)
    88000194:	00013403          	ld	s0,0(sp)
    88000198:	01010113          	addi	sp,sp,16
    8800019c:	00008067          	ret

00000000880001a0 <linux_ready_to_jump_marker>:
__attribute__((noinline, used)) void linux_ready_to_jump_marker(void) { __asm__ __volatile__("nop"); }
    880001a0:	ff010113          	addi	sp,sp,-16
    880001a4:	00113423          	sd	ra,8(sp)
    880001a8:	00813023          	sd	s0,0(sp)
    880001ac:	01010413          	addi	s0,sp,16
    880001b0:	00000013          	nop
    880001b4:	00000013          	nop
    880001b8:	00813083          	ld	ra,8(sp)
    880001bc:	00013403          	ld	s0,0(sp)
    880001c0:	01010113          	addi	sp,sp,16
    880001c4:	00008067          	ret

00000000880001c8 <linux_jump_taken_marker>:
__attribute__((noinline, used)) void linux_jump_taken_marker(void) { __asm__ __volatile__("nop"); }
    880001c8:	ff010113          	addi	sp,sp,-16
    880001cc:	00113423          	sd	ra,8(sp)
    880001d0:	00813023          	sd	s0,0(sp)
    880001d4:	01010413          	addi	s0,sp,16
    880001d8:	00000013          	nop
    880001dc:	00000013          	nop
    880001e0:	00813083          	ld	ra,8(sp)
    880001e4:	00013403          	ld	s0,0(sp)
    880001e8:	01010113          	addi	sp,sp,16
    880001ec:	00008067          	ret

00000000880001f0 <linux_jump_blocked_marker>:
__attribute__((noinline, used)) void linux_jump_blocked_marker(void) { __asm__ __volatile__("nop"); }
    880001f0:	ff010113          	addi	sp,sp,-16
    880001f4:	00113423          	sd	ra,8(sp)
    880001f8:	00813023          	sd	s0,0(sp)
    880001fc:	01010413          	addi	s0,sp,16
    88000200:	00000013          	nop
    88000204:	00000013          	nop
    88000208:	00813083          	ld	ra,8(sp)
    8800020c:	00013403          	ld	s0,0(sp)
    88000210:	01010113          	addi	sp,sp,16
    88000214:	00008067          	ret

0000000088000218 <uart_init>:

static inline void uart_init(void)
{
    88000218:	ff010113          	addi	sp,sp,-16
    8800021c:	00113423          	sd	ra,8(sp)
    88000220:	00813023          	sd	s0,0(sp)
    88000224:	01010413          	addi	s0,sp,16
  REG32(uart0, UART_REG_DIV) = UART_DIV;
    88000228:	640007b7          	lui	a5,0x64000
    8800022c:	01878793          	addi	a5,a5,24 # 64000018 <_prog_start-0x23ffffe8>
    88000230:	1b200713          	li	a4,434
    88000234:	00e7a023          	sw	a4,0(a5)
  REG32(uart0, UART_REG_RXCTRL) = 0;
    88000238:	640007b7          	lui	a5,0x64000
    8800023c:	00c78793          	addi	a5,a5,12 # 6400000c <_prog_start-0x23fffff4>
    88000240:	0007a023          	sw	zero,0(a5)
  REG32(uart0, UART_REG_TXCTRL) = UART_TXEN;
    88000244:	640007b7          	lui	a5,0x64000
    88000248:	00878793          	addi	a5,a5,8 # 64000008 <_prog_start-0x23fffff8>
    8800024c:	00100713          	li	a4,1
    88000250:	00e7a023          	sw	a4,0(a5)
}
    88000254:	00000013          	nop
    88000258:	00813083          	ld	ra,8(sp)
    8800025c:	00013403          	ld	s0,0(sp)
    88000260:	01010113          	addi	sp,sp,16
    88000264:	00008067          	ret

0000000088000268 <gpio_init>:

static inline void gpio_init(void)
{
    88000268:	ff010113          	addi	sp,sp,-16
    8800026c:	00113423          	sd	ra,8(sp)
    88000270:	00813023          	sd	s0,0(sp)
    88000274:	01010413          	addi	s0,sp,16
  led_state = 0;
    88000278:	00001797          	auipc	a5,0x1
    8800027c:	22078793          	addi	a5,a5,544 # 88001498 <led_state>
    88000280:	0007a023          	sw	zero,0(a5)
  REG32(gpio0, GPIO_INPUT_EN) = 0;
    88000284:	640027b7          	lui	a5,0x64002
    88000288:	00478793          	addi	a5,a5,4 # 64002004 <_prog_start-0x23ffdffc>
    8800028c:	0007a023          	sw	zero,0(a5)
  REG32(gpio0, GPIO_PULLUP_EN) = 0;
    88000290:	640027b7          	lui	a5,0x64002
    88000294:	01078793          	addi	a5,a5,16 # 64002010 <_prog_start-0x23ffdff0>
    88000298:	0007a023          	sw	zero,0(a5)
  REG32(gpio0, GPIO_IOF_EN) = 0;
    8800029c:	640027b7          	lui	a5,0x64002
    880002a0:	03878793          	addi	a5,a5,56 # 64002038 <_prog_start-0x23ffdfc8>
    880002a4:	0007a023          	sw	zero,0(a5)
  REG32(gpio0, GPIO_OUTPUT_XOR) = 0;
    880002a8:	640027b7          	lui	a5,0x64002
    880002ac:	04078793          	addi	a5,a5,64 # 64002040 <_prog_start-0x23ffdfc0>
    880002b0:	0007a023          	sw	zero,0(a5)
  REG32(gpio0, GPIO_OUTPUT_VAL) = led_state;
    880002b4:	640027b7          	lui	a5,0x64002
    880002b8:	00c78793          	addi	a5,a5,12 # 6400200c <_prog_start-0x23ffdff4>
    880002bc:	00001717          	auipc	a4,0x1
    880002c0:	1dc70713          	addi	a4,a4,476 # 88001498 <led_state>
    880002c4:	00072703          	lw	a4,0(a4)
    880002c8:	00e7a023          	sw	a4,0(a5)
  REG32(gpio0, GPIO_OUTPUT_EN) = 1;
    880002cc:	640027b7          	lui	a5,0x64002
    880002d0:	00878793          	addi	a5,a5,8 # 64002008 <_prog_start-0x23ffdff8>
    880002d4:	00100713          	li	a4,1
    880002d8:	00e7a023          	sw	a4,0(a5)
}
    880002dc:	00000013          	nop
    880002e0:	00813083          	ld	ra,8(sp)
    880002e4:	00013403          	ld	s0,0(sp)
    880002e8:	01010113          	addi	sp,sp,16
    880002ec:	00008067          	ret

00000000880002f0 <led_toggle>:

static inline void led_toggle(void)
{
    880002f0:	ff010113          	addi	sp,sp,-16
    880002f4:	00113423          	sd	ra,8(sp)
    880002f8:	00813023          	sd	s0,0(sp)
    880002fc:	01010413          	addi	s0,sp,16
  led_state ^= 1u;
    88000300:	00001797          	auipc	a5,0x1
    88000304:	19878793          	addi	a5,a5,408 # 88001498 <led_state>
    88000308:	0007a783          	lw	a5,0(a5)
    8800030c:	0017c793          	xori	a5,a5,1
    88000310:	0007871b          	sext.w	a4,a5
    88000314:	00001797          	auipc	a5,0x1
    88000318:	18478793          	addi	a5,a5,388 # 88001498 <led_state>
    8800031c:	00e7a023          	sw	a4,0(a5)
  REG32(gpio0, GPIO_OUTPUT_VAL) = led_state;
    88000320:	640027b7          	lui	a5,0x64002
    88000324:	00c78793          	addi	a5,a5,12 # 6400200c <_prog_start-0x23ffdff4>
    88000328:	00001717          	auipc	a4,0x1
    8800032c:	17070713          	addi	a4,a4,368 # 88001498 <led_state>
    88000330:	00072703          	lw	a4,0(a4)
    88000334:	00e7a023          	sw	a4,0(a5)
}
    88000338:	00000013          	nop
    8800033c:	00813083          	ld	ra,8(sp)
    88000340:	00013403          	ld	s0,0(sp)
    88000344:	01010113          	addi	sp,sp,16
    88000348:	00008067          	ret

000000008800034c <uart_putc>:

static void uart_putc(char c)
{
    8800034c:	fe010113          	addi	sp,sp,-32
    88000350:	00113c23          	sd	ra,24(sp)
    88000354:	00813823          	sd	s0,16(sp)
    88000358:	02010413          	addi	s0,sp,32
    8800035c:	00050793          	mv	a5,a0
    88000360:	fef407a3          	sb	a5,-17(s0)
  while ((int32_t)REG32(uart0, UART_REG_TXFIFO) < 0) {
    88000364:	00000013          	nop
    88000368:	640007b7          	lui	a5,0x64000
    8800036c:	0007a783          	lw	a5,0(a5) # 64000000 <_prog_start-0x24000000>
    88000370:	0007879b          	sext.w	a5,a5
    88000374:	fe07cae3          	bltz	a5,88000368 <uart_putc+0x1c>
  }
  REG32(uart0, UART_REG_TXFIFO) = (uint32_t)(uint8_t)c;
    88000378:	640007b7          	lui	a5,0x64000
    8800037c:	fef44703          	lbu	a4,-17(s0)
    88000380:	0007071b          	sext.w	a4,a4
    88000384:	00e7a023          	sw	a4,0(a5) # 64000000 <_prog_start-0x24000000>
}
    88000388:	00000013          	nop
    8800038c:	01813083          	ld	ra,24(sp)
    88000390:	01013403          	ld	s0,16(sp)
    88000394:	02010113          	addi	sp,sp,32
    88000398:	00008067          	ret

000000008800039c <uart_puts>:

static void uart_puts(const char *s)
{
    8800039c:	fe010113          	addi	sp,sp,-32
    880003a0:	00113c23          	sd	ra,24(sp)
    880003a4:	00813823          	sd	s0,16(sp)
    880003a8:	02010413          	addi	s0,sp,32
    880003ac:	fea43423          	sd	a0,-24(s0)
  while (*s != '\0') {
    880003b0:	0380006f          	j	880003e8 <uart_puts+0x4c>
    if (*s == '\n') {
    880003b4:	fe843783          	ld	a5,-24(s0)
    880003b8:	0007c783          	lbu	a5,0(a5)
    880003bc:	00078713          	mv	a4,a5
    880003c0:	00a00793          	li	a5,10
    880003c4:	00f71663          	bne	a4,a5,880003d0 <uart_puts+0x34>
      uart_putc('\r');
    880003c8:	00d00513          	li	a0,13
    880003cc:	f81ff0ef          	jal	8800034c <uart_putc>
    }
    uart_putc(*s++);
    880003d0:	fe843783          	ld	a5,-24(s0)
    880003d4:	00178713          	addi	a4,a5,1
    880003d8:	fee43423          	sd	a4,-24(s0)
    880003dc:	0007c783          	lbu	a5,0(a5)
    880003e0:	00078513          	mv	a0,a5
    880003e4:	f69ff0ef          	jal	8800034c <uart_putc>
  while (*s != '\0') {
    880003e8:	fe843783          	ld	a5,-24(s0)
    880003ec:	0007c783          	lbu	a5,0(a5)
    880003f0:	fc0792e3          	bnez	a5,880003b4 <uart_puts+0x18>
  }
}
    880003f4:	00000013          	nop
    880003f8:	00000013          	nop
    880003fc:	01813083          	ld	ra,24(sp)
    88000400:	01013403          	ld	s0,16(sp)
    88000404:	02010113          	addi	sp,sp,32
    88000408:	00008067          	ret

000000008800040c <print_hex64>:

static void print_hex64(uint64_t value)
{
    8800040c:	fd010113          	addi	sp,sp,-48
    88000410:	02113423          	sd	ra,40(sp)
    88000414:	02813023          	sd	s0,32(sp)
    88000418:	03010413          	addi	s0,sp,48
    8800041c:	fca43c23          	sd	a0,-40(s0)
  int shift;

  uart_puts("0x");
    88000420:	00001517          	auipc	a0,0x1
    88000424:	c8050513          	addi	a0,a0,-896 # 880010a0 <main+0x8c8>
    88000428:	f75ff0ef          	jal	8800039c <uart_puts>
  for (shift = 60; shift >= 0; shift -= 4) {
    8800042c:	03c00793          	li	a5,60
    88000430:	fef42623          	sw	a5,-20(s0)
    88000434:	0600006f          	j	88000494 <print_hex64+0x88>
    const uint64_t digit = (value >> shift) & 0xfu;
    88000438:	fec42783          	lw	a5,-20(s0)
    8800043c:	00078713          	mv	a4,a5
    88000440:	fd843783          	ld	a5,-40(s0)
    88000444:	00e7d7b3          	srl	a5,a5,a4
    88000448:	00f7f793          	andi	a5,a5,15
    8800044c:	fef43023          	sd	a5,-32(s0)
    uart_putc((digit < 10u) ? ('0' + digit) : ('a' + (digit - 10u)));
    88000450:	fe043703          	ld	a4,-32(s0)
    88000454:	00900793          	li	a5,9
    88000458:	00e7ec63          	bltu	a5,a4,88000470 <print_hex64+0x64>
    8800045c:	fe043783          	ld	a5,-32(s0)
    88000460:	0ff7f793          	zext.b	a5,a5
    88000464:	0307879b          	addiw	a5,a5,48
    88000468:	0ff7f793          	zext.b	a5,a5
    8800046c:	0140006f          	j	88000480 <print_hex64+0x74>
    88000470:	fe043783          	ld	a5,-32(s0)
    88000474:	0ff7f793          	zext.b	a5,a5
    88000478:	0577879b          	addiw	a5,a5,87
    8800047c:	0ff7f793          	zext.b	a5,a5
    88000480:	00078513          	mv	a0,a5
    88000484:	ec9ff0ef          	jal	8800034c <uart_putc>
  for (shift = 60; shift >= 0; shift -= 4) {
    88000488:	fec42783          	lw	a5,-20(s0)
    8800048c:	ffc7879b          	addiw	a5,a5,-4
    88000490:	fef42623          	sw	a5,-20(s0)
    88000494:	fec42783          	lw	a5,-20(s0)
    88000498:	0007879b          	sext.w	a5,a5
    8800049c:	f807dee3          	bgez	a5,88000438 <print_hex64+0x2c>
  }
}
    880004a0:	00000013          	nop
    880004a4:	00000013          	nop
    880004a8:	02813083          	ld	ra,40(sp)
    880004ac:	02013403          	ld	s0,32(sp)
    880004b0:	03010113          	addi	sp,sp,48
    880004b4:	00008067          	ret

00000000880004b8 <print_dec>:

static void print_dec(uint64_t value)
{
    880004b8:	fc010113          	addi	sp,sp,-64
    880004bc:	02113c23          	sd	ra,56(sp)
    880004c0:	02813823          	sd	s0,48(sp)
    880004c4:	04010413          	addi	s0,sp,64
    880004c8:	fca43423          	sd	a0,-56(s0)
  char buffer[21];
  int i = 0;
    880004cc:	fe042623          	sw	zero,-20(s0)

  if (value == 0) {
    880004d0:	fc843783          	ld	a5,-56(s0)
    880004d4:	06079e63          	bnez	a5,88000550 <print_dec+0x98>
    uart_putc('0');
    880004d8:	03000513          	li	a0,48
    880004dc:	e71ff0ef          	jal	8800034c <uart_putc>
    880004e0:	0ac0006f          	j	8800058c <print_dec+0xd4>
    return;
  }

  while (value != 0) {
    buffer[i++] = '0' + (value % 10);
    880004e4:	fc843683          	ld	a3,-56(s0)
    880004e8:	00001797          	auipc	a5,0x1
    880004ec:	f8878793          	addi	a5,a5,-120 # 88001470 <main+0xc98>
    880004f0:	0007b783          	ld	a5,0(a5)
    880004f4:	02f6b7b3          	mulhu	a5,a3,a5
    880004f8:	0037d713          	srli	a4,a5,0x3
    880004fc:	00070793          	mv	a5,a4
    88000500:	00279793          	slli	a5,a5,0x2
    88000504:	00e787b3          	add	a5,a5,a4
    88000508:	00179793          	slli	a5,a5,0x1
    8800050c:	40f68733          	sub	a4,a3,a5
    88000510:	0ff77713          	zext.b	a4,a4
    88000514:	fec42783          	lw	a5,-20(s0)
    88000518:	0017869b          	addiw	a3,a5,1
    8800051c:	fed42623          	sw	a3,-20(s0)
    88000520:	0307071b          	addiw	a4,a4,48
    88000524:	0ff77713          	zext.b	a4,a4
    88000528:	ff078793          	addi	a5,a5,-16
    8800052c:	008787b3          	add	a5,a5,s0
    88000530:	fee78023          	sb	a4,-32(a5)
    value /= 10;
    88000534:	fc843703          	ld	a4,-56(s0)
    88000538:	00001797          	auipc	a5,0x1
    8800053c:	f3878793          	addi	a5,a5,-200 # 88001470 <main+0xc98>
    88000540:	0007b783          	ld	a5,0(a5)
    88000544:	02f737b3          	mulhu	a5,a4,a5
    88000548:	0037d793          	srli	a5,a5,0x3
    8800054c:	fcf43423          	sd	a5,-56(s0)
  while (value != 0) {
    88000550:	fc843783          	ld	a5,-56(s0)
    88000554:	f80798e3          	bnez	a5,880004e4 <print_dec+0x2c>
  }

  while (i > 0) {
    88000558:	0280006f          	j	88000580 <print_dec+0xc8>
    uart_putc(buffer[--i]);
    8800055c:	fec42783          	lw	a5,-20(s0)
    88000560:	fff7879b          	addiw	a5,a5,-1
    88000564:	fef42623          	sw	a5,-20(s0)
    88000568:	fec42783          	lw	a5,-20(s0)
    8800056c:	ff078793          	addi	a5,a5,-16
    88000570:	008787b3          	add	a5,a5,s0
    88000574:	fe07c783          	lbu	a5,-32(a5)
    88000578:	00078513          	mv	a0,a5
    8800057c:	dd1ff0ef          	jal	8800034c <uart_putc>
  while (i > 0) {
    88000580:	fec42783          	lw	a5,-20(s0)
    88000584:	0007879b          	sext.w	a5,a5
    88000588:	fcf04ae3          	bgtz	a5,8800055c <print_dec+0xa4>
  }
}
    8800058c:	03813083          	ld	ra,56(sp)
    88000590:	03013403          	ld	s0,48(sp)
    88000594:	04010113          	addi	sp,sp,64
    88000598:	00008067          	ret

000000008800059c <delay_cycles>:

static void delay_cycles(volatile uint64_t cycles)
{
    8800059c:	fe010113          	addi	sp,sp,-32
    880005a0:	00113c23          	sd	ra,24(sp)
    880005a4:	00813823          	sd	s0,16(sp)
    880005a8:	02010413          	addi	s0,sp,32
    880005ac:	fea43423          	sd	a0,-24(s0)
  while (cycles-- > 0) {
    880005b0:	0080006f          	j	880005b8 <delay_cycles+0x1c>
    __asm__ __volatile__("nop");
    880005b4:	00000013          	nop
  while (cycles-- > 0) {
    880005b8:	fe843783          	ld	a5,-24(s0)
    880005bc:	fff78713          	addi	a4,a5,-1
    880005c0:	fee43423          	sd	a4,-24(s0)
    880005c4:	fe0798e3          	bnez	a5,880005b4 <delay_cycles+0x18>
  }
}
    880005c8:	00000013          	nop
    880005cc:	00000013          	nop
    880005d0:	01813083          	ld	ra,24(sp)
    880005d4:	01013403          	ld	s0,16(sp)
    880005d8:	02010113          	addi	sp,sp,32
    880005dc:	00008067          	ret

00000000880005e0 <print_region>:

static void print_region(const char *label, uint64_t addr, uint64_t size)
{
    880005e0:	fd010113          	addi	sp,sp,-48
    880005e4:	02113423          	sd	ra,40(sp)
    880005e8:	02813023          	sd	s0,32(sp)
    880005ec:	03010413          	addi	s0,sp,48
    880005f0:	fea43423          	sd	a0,-24(s0)
    880005f4:	feb43023          	sd	a1,-32(s0)
    880005f8:	fcc43c23          	sd	a2,-40(s0)
  uart_puts(label);
    880005fc:	fe843503          	ld	a0,-24(s0)
    88000600:	d9dff0ef          	jal	8800039c <uart_puts>
  uart_puts(" addr=");
    88000604:	00001517          	auipc	a0,0x1
    88000608:	aa450513          	addi	a0,a0,-1372 # 880010a8 <main+0x8d0>
    8800060c:	d91ff0ef          	jal	8800039c <uart_puts>
  print_hex64(addr);
    88000610:	fe043503          	ld	a0,-32(s0)
    88000614:	df9ff0ef          	jal	8800040c <print_hex64>
  uart_puts(" size=");
    88000618:	00001517          	auipc	a0,0x1
    8800061c:	a9850513          	addi	a0,a0,-1384 # 880010b0 <main+0x8d8>
    88000620:	d7dff0ef          	jal	8800039c <uart_puts>
  print_hex64(size);
    88000624:	fd843503          	ld	a0,-40(s0)
    88000628:	de5ff0ef          	jal	8800040c <print_hex64>
  uart_puts("\n");
    8800062c:	00001517          	auipc	a0,0x1
    88000630:	a8c50513          	addi	a0,a0,-1396 # 880010b8 <main+0x8e0>
    88000634:	d69ff0ef          	jal	8800039c <uart_puts>
}
    88000638:	00000013          	nop
    8800063c:	02813083          	ld	ra,40(sp)
    88000640:	02013403          	ld	s0,32(sp)
    88000644:	03010113          	addi	sp,sp,48
    88000648:	00008067          	ret

000000008800064c <peek64>:

static uint64_t peek64(uint64_t addr)
{
    8800064c:	fd010113          	addi	sp,sp,-48
    88000650:	02113423          	sd	ra,40(sp)
    88000654:	02813023          	sd	s0,32(sp)
    88000658:	03010413          	addi	s0,sp,48
    8800065c:	fca43c23          	sd	a0,-40(s0)
  volatile const uint64_t * const p = (volatile const uint64_t *)(uintptr_t)addr;
    88000660:	fd843783          	ld	a5,-40(s0)
    88000664:	fef43423          	sd	a5,-24(s0)
  return *p;
    88000668:	fe843783          	ld	a5,-24(s0)
    8800066c:	0007b783          	ld	a5,0(a5)
}
    88000670:	00078513          	mv	a0,a5
    88000674:	02813083          	ld	ra,40(sp)
    88000678:	02013403          	ld	s0,32(sp)
    8800067c:	03010113          	addi	sp,sp,48
    88000680:	00008067          	ret

0000000088000684 <print_yes_no>:

static void print_yes_no(const char *label, int yes)
{
    88000684:	fe010113          	addi	sp,sp,-32
    88000688:	00113c23          	sd	ra,24(sp)
    8800068c:	00813823          	sd	s0,16(sp)
    88000690:	02010413          	addi	s0,sp,32
    88000694:	fea43423          	sd	a0,-24(s0)
    88000698:	00058793          	mv	a5,a1
    8800069c:	fef42223          	sw	a5,-28(s0)
  uart_puts(label);
    880006a0:	fe843503          	ld	a0,-24(s0)
    880006a4:	cf9ff0ef          	jal	8800039c <uart_puts>
  uart_puts(yes ? " yes\n" : " no\n");
    880006a8:	fe442783          	lw	a5,-28(s0)
    880006ac:	0007879b          	sext.w	a5,a5
    880006b0:	00078863          	beqz	a5,880006c0 <print_yes_no+0x3c>
    880006b4:	00001797          	auipc	a5,0x1
    880006b8:	a0c78793          	addi	a5,a5,-1524 # 880010c0 <main+0x8e8>
    880006bc:	00c0006f          	j	880006c8 <print_yes_no+0x44>
    880006c0:	00001797          	auipc	a5,0x1
    880006c4:	a0878793          	addi	a5,a5,-1528 # 880010c8 <main+0x8f0>
    880006c8:	00078513          	mv	a0,a5
    880006cc:	cd1ff0ef          	jal	8800039c <uart_puts>
}
    880006d0:	00000013          	nop
    880006d4:	01813083          	ld	ra,24(sp)
    880006d8:	01013403          	ld	s0,16(sp)
    880006dc:	02010113          	addi	sp,sp,32
    880006e0:	00008067          	ret

00000000880006e4 <region_ok>:

static int region_ok(uint64_t addr, uint64_t size, uint64_t expected_base, uint64_t max_size)
{
    880006e4:	fd010113          	addi	sp,sp,-48
    880006e8:	02113423          	sd	ra,40(sp)
    880006ec:	02813023          	sd	s0,32(sp)
    880006f0:	03010413          	addi	s0,sp,48
    880006f4:	fea43423          	sd	a0,-24(s0)
    880006f8:	feb43023          	sd	a1,-32(s0)
    880006fc:	fcc43c23          	sd	a2,-40(s0)
    88000700:	fcd43823          	sd	a3,-48(s0)
  if (addr != expected_base) {
    88000704:	fe843703          	ld	a4,-24(s0)
    88000708:	fd843783          	ld	a5,-40(s0)
    8800070c:	00f70663          	beq	a4,a5,88000718 <region_ok+0x34>
    return 0;
    88000710:	00000793          	li	a5,0
    88000714:	0240006f          	j	88000738 <region_ok+0x54>
  }
  if (size == 0 || size > max_size) {
    88000718:	fe043783          	ld	a5,-32(s0)
    8800071c:	00078863          	beqz	a5,8800072c <region_ok+0x48>
    88000720:	fe043703          	ld	a4,-32(s0)
    88000724:	fd043783          	ld	a5,-48(s0)
    88000728:	00e7f663          	bgeu	a5,a4,88000734 <region_ok+0x50>
    return 0;
    8800072c:	00000793          	li	a5,0
    88000730:	0080006f          	j	88000738 <region_ok+0x54>
  }
  return 1;
    88000734:	00100793          	li	a5,1
}
    88000738:	00078513          	mv	a0,a5
    8800073c:	02813083          	ld	ra,40(sp)
    88000740:	02013403          	ld	s0,32(sp)
    88000744:	03010113          	addi	sp,sp,48
    88000748:	00008067          	ret

000000008800074c <print_status_line>:

static void print_status_line(const char *label, const char *value)
{
    8800074c:	fe010113          	addi	sp,sp,-32
    88000750:	00113c23          	sd	ra,24(sp)
    88000754:	00813823          	sd	s0,16(sp)
    88000758:	02010413          	addi	s0,sp,32
    8800075c:	fea43423          	sd	a0,-24(s0)
    88000760:	feb43023          	sd	a1,-32(s0)
  uart_puts(label);
    88000764:	fe843503          	ld	a0,-24(s0)
    88000768:	c35ff0ef          	jal	8800039c <uart_puts>
  uart_puts(value);
    8800076c:	fe043503          	ld	a0,-32(s0)
    88000770:	c2dff0ef          	jal	8800039c <uart_puts>
  uart_puts("\n");
    88000774:	00001517          	auipc	a0,0x1
    88000778:	94450513          	addi	a0,a0,-1724 # 880010b8 <main+0x8e0>
    8800077c:	c21ff0ef          	jal	8800039c <uart_puts>
}
    88000780:	00000013          	nop
    88000784:	01813083          	ld	ra,24(sp)
    88000788:	01013403          	ld	s0,16(sp)
    8800078c:	02010113          	addi	sp,sp,32
    88000790:	00008067          	ret

0000000088000794 <jump_to_linux>:

typedef void (*linux_entry_t)(uint64_t, uint64_t, uint64_t);

__attribute__((noreturn)) static void jump_to_linux(uint64_t entry, uint64_t hartid, uint64_t dtb_addr)
{
    88000794:	fc010113          	addi	sp,sp,-64
    88000798:	02113c23          	sd	ra,56(sp)
    8800079c:	02813823          	sd	s0,48(sp)
    880007a0:	04010413          	addi	s0,sp,64
    880007a4:	fca43c23          	sd	a0,-40(s0)
    880007a8:	fcb43823          	sd	a1,-48(s0)
    880007ac:	fcc43423          	sd	a2,-56(s0)
  linux_entry_t entry_fn = (linux_entry_t)(uintptr_t)entry;
    880007b0:	fd843783          	ld	a5,-40(s0)
    880007b4:	fef43423          	sd	a5,-24(s0)
  __asm__ __volatile__("fence.i" ::: "memory");
    880007b8:	0000100f          	fence.i
  entry_fn(hartid, dtb_addr, 0);
    880007bc:	fe843783          	ld	a5,-24(s0)
    880007c0:	00000613          	li	a2,0
    880007c4:	fc843583          	ld	a1,-56(s0)
    880007c8:	fd043503          	ld	a0,-48(s0)
    880007cc:	000780e7          	jalr	a5
  while (1) {
    880007d0:	00000013          	nop
    880007d4:	ffdff06f          	j	880007d0 <jump_to_linux+0x3c>

00000000880007d8 <main>:
  }
}

int main(void)
{
    880007d8:	f7010113          	addi	sp,sp,-144
    880007dc:	08113423          	sd	ra,136(sp)
    880007e0:	08813023          	sd	s0,128(sp)
    880007e4:	09010413          	addi	s0,sp,144
  uint64_t count = 0;
    880007e8:	fe043423          	sd	zero,-24(s0)
  uint64_t flags = 0;
    880007ec:	fe043023          	sd	zero,-32(s0)
  uint64_t firmware_addr = LINUX_OPENSBI_LOAD_ADDR;
    880007f0:	22100793          	li	a5,545
    880007f4:	01679793          	slli	a5,a5,0x16
    880007f8:	fcf43c23          	sd	a5,-40(s0)
  uint64_t firmware_size = 0;
    880007fc:	fc043823          	sd	zero,-48(s0)
  uint64_t kernel_addr = LINUX_KERNEL_LOAD_ADDR;
    88000800:	40100793          	li	a5,1025
    88000804:	01579793          	slli	a5,a5,0x15
    88000808:	fcf43423          	sd	a5,-56(s0)
  uint64_t kernel_size = 0;
    8800080c:	fc043023          	sd	zero,-64(s0)
  uint64_t dtb_addr = LINUX_DTB_LOAD_ADDR;
    88000810:	20900793          	li	a5,521
    88000814:	01679793          	slli	a5,a5,0x16
    88000818:	faf43c23          	sd	a5,-72(s0)
  uint64_t dtb_size = 0;
    8800081c:	fa043823          	sd	zero,-80(s0)
  uint64_t payload_addr = LINUX_PAYLOAD_BLOB_ADDR;
    88000820:	08300793          	li	a5,131
    88000824:	01879793          	slli	a5,a5,0x18
    88000828:	faf43423          	sd	a5,-88(s0)
  uint64_t payload_size = 0;
    8800082c:	fa043023          	sd	zero,-96(s0)
  uint64_t jump_addr = LINUX_JUMP_ENTRY_ADDR;
    88000830:	22100793          	li	a5,545
    88000834:	01679793          	slli	a5,a5,0x16
    88000838:	f8f43c23          	sd	a5,-104(s0)
  int manifest_ok = 0;
    8800083c:	f8042a23          	sw	zero,-108(s0)
  int ready_to_jump = 0;
    88000840:	f8042823          	sw	zero,-112(s0)
  int jump_enabled = 0;
    88000844:	f8042623          	sw	zero,-116(s0)
  int firmware_region_valid = 0;
    88000848:	f8042423          	sw	zero,-120(s0)
  int kernel_region_valid = 0;
    8800084c:	f8042223          	sw	zero,-124(s0)
  int dtb_region_valid = 0;
    88000850:	f8042023          	sw	zero,-128(s0)
  int payload_region_valid = 0;
    88000854:	f6042e23          	sw	zero,-132(s0)

  uart_init();
    88000858:	9c1ff0ef          	jal	88000218 <uart_init>
  gpio_init();
    8800085c:	a0dff0ef          	jal	88000268 <gpio_init>

  linux_chain_start_marker();
    88000860:	fb0ff0ef          	jal	88000010 <linux_chain_start_marker>
  uart_puts("linux chain start\n");
    88000864:	00001517          	auipc	a0,0x1
    88000868:	86c50513          	addi	a0,a0,-1940 # 880010d0 <main+0x8f8>
    8800086c:	b31ff0ef          	jal	8800039c <uart_puts>
  print_region("front payload", LINUX_CHAIN_PAYLOAD_ADDR, LINUX_CHAIN_PAYLOAD_SIZE);
    88000870:	00400637          	lui	a2,0x400
    88000874:	01100793          	li	a5,17
    88000878:	01b79593          	slli	a1,a5,0x1b
    8800087c:	00001517          	auipc	a0,0x1
    88000880:	86c50513          	addi	a0,a0,-1940 # 880010e8 <main+0x910>
    88000884:	d5dff0ef          	jal	880005e0 <print_region>
  print_region("manifest", LINUX_CHAIN_MANIFEST_ADDR, 0x1000);
    88000888:	00001637          	lui	a2,0x1
    8800088c:	000887b7          	lui	a5,0x88
    88000890:	3df78793          	addi	a5,a5,991 # 883df <_prog_start-0x87f77c21>
    88000894:	00c79593          	slli	a1,a5,0xc
    88000898:	00001517          	auipc	a0,0x1
    8800089c:	86050513          	addi	a0,a0,-1952 # 880010f8 <main+0x920>
    880008a0:	d41ff0ef          	jal	880005e0 <print_region>
  print_region("front stack", LINUX_CHAIN_STACK_BASE, LINUX_CHAIN_STACK_TOP - LINUX_CHAIN_STACK_BASE);
    880008a4:	00020637          	lui	a2,0x20
    880008a8:	0441f7b7          	lui	a5,0x441f
    880008ac:	00579593          	slli	a1,a5,0x5
    880008b0:	00001517          	auipc	a0,0x1
    880008b4:	85850513          	addi	a0,a0,-1960 # 88001108 <main+0x930>
    880008b8:	d29ff0ef          	jal	880005e0 <print_region>

  if (linux_manifest->magic == LINUX_CHAIN_MANIFEST_MAGIC &&
    880008bc:	000887b7          	lui	a5,0x88
    880008c0:	3df78793          	addi	a5,a5,991 # 883df <_prog_start-0x87f77c21>
    880008c4:	00c79793          	slli	a5,a5,0xc
    880008c8:	0007b703          	ld	a4,0(a5)
    880008cc:	00001797          	auipc	a5,0x1
    880008d0:	bac78793          	addi	a5,a5,-1108 # 88001478 <main+0xca0>
    880008d4:	0007b783          	ld	a5,0(a5)
    880008d8:	0ef71663          	bne	a4,a5,880009c4 <main+0x1ec>
      linux_manifest->version == LINUX_CHAIN_MANIFEST_VER) {
    880008dc:	000887b7          	lui	a5,0x88
    880008e0:	3df78793          	addi	a5,a5,991 # 883df <_prog_start-0x87f77c21>
    880008e4:	00c79793          	slli	a5,a5,0xc
    880008e8:	0087b703          	ld	a4,8(a5)
  if (linux_manifest->magic == LINUX_CHAIN_MANIFEST_MAGIC &&
    880008ec:	00200793          	li	a5,2
    880008f0:	0cf71a63          	bne	a4,a5,880009c4 <main+0x1ec>
    manifest_ok = 1;
    880008f4:	00100793          	li	a5,1
    880008f8:	f8f42a23          	sw	a5,-108(s0)
    flags = linux_manifest->flags;
    880008fc:	000887b7          	lui	a5,0x88
    88000900:	3df78793          	addi	a5,a5,991 # 883df <_prog_start-0x87f77c21>
    88000904:	00c79793          	slli	a5,a5,0xc
    88000908:	0107b783          	ld	a5,16(a5)
    8800090c:	fef43023          	sd	a5,-32(s0)
    firmware_addr = linux_manifest->firmware_addr;
    88000910:	000887b7          	lui	a5,0x88
    88000914:	3df78793          	addi	a5,a5,991 # 883df <_prog_start-0x87f77c21>
    88000918:	00c79793          	slli	a5,a5,0xc
    8800091c:	0187b783          	ld	a5,24(a5)
    88000920:	fcf43c23          	sd	a5,-40(s0)
    firmware_size = linux_manifest->firmware_size;
    88000924:	000887b7          	lui	a5,0x88
    88000928:	3df78793          	addi	a5,a5,991 # 883df <_prog_start-0x87f77c21>
    8800092c:	00c79793          	slli	a5,a5,0xc
    88000930:	0207b783          	ld	a5,32(a5)
    88000934:	fcf43823          	sd	a5,-48(s0)
    kernel_addr = linux_manifest->kernel_addr;
    88000938:	000887b7          	lui	a5,0x88
    8800093c:	3df78793          	addi	a5,a5,991 # 883df <_prog_start-0x87f77c21>
    88000940:	00c79793          	slli	a5,a5,0xc
    88000944:	0287b783          	ld	a5,40(a5)
    88000948:	fcf43423          	sd	a5,-56(s0)
    kernel_size = linux_manifest->kernel_size;
    8800094c:	000887b7          	lui	a5,0x88
    88000950:	3df78793          	addi	a5,a5,991 # 883df <_prog_start-0x87f77c21>
    88000954:	00c79793          	slli	a5,a5,0xc
    88000958:	0307b783          	ld	a5,48(a5)
    8800095c:	fcf43023          	sd	a5,-64(s0)
    dtb_addr = linux_manifest->dtb_addr;
    88000960:	000887b7          	lui	a5,0x88
    88000964:	3df78793          	addi	a5,a5,991 # 883df <_prog_start-0x87f77c21>
    88000968:	00c79793          	slli	a5,a5,0xc
    8800096c:	0387b783          	ld	a5,56(a5)
    88000970:	faf43c23          	sd	a5,-72(s0)
    dtb_size = linux_manifest->dtb_size;
    88000974:	000887b7          	lui	a5,0x88
    88000978:	3df78793          	addi	a5,a5,991 # 883df <_prog_start-0x87f77c21>
    8800097c:	00c79793          	slli	a5,a5,0xc
    88000980:	0407b783          	ld	a5,64(a5)
    88000984:	faf43823          	sd	a5,-80(s0)
    payload_addr = linux_manifest->payload_addr;
    88000988:	000887b7          	lui	a5,0x88
    8800098c:	3df78793          	addi	a5,a5,991 # 883df <_prog_start-0x87f77c21>
    88000990:	00c79793          	slli	a5,a5,0xc
    88000994:	0487b783          	ld	a5,72(a5)
    88000998:	faf43423          	sd	a5,-88(s0)
    payload_size = linux_manifest->payload_size;
    8800099c:	000887b7          	lui	a5,0x88
    880009a0:	3df78793          	addi	a5,a5,991 # 883df <_prog_start-0x87f77c21>
    880009a4:	00c79793          	slli	a5,a5,0xc
    880009a8:	0507b783          	ld	a5,80(a5)
    880009ac:	faf43023          	sd	a5,-96(s0)
    jump_addr = linux_manifest->jump_addr;
    880009b0:	000887b7          	lui	a5,0x88
    880009b4:	3df78793          	addi	a5,a5,991 # 883df <_prog_start-0x87f77c21>
    880009b8:	00c79793          	slli	a5,a5,0xc
    880009bc:	0587b783          	ld	a5,88(a5)
    880009c0:	f8f43c23          	sd	a5,-104(s0)
  }

  print_yes_no("manifest ready", manifest_ok);
    880009c4:	f9442783          	lw	a5,-108(s0)
    880009c8:	00078593          	mv	a1,a5
    880009cc:	00000517          	auipc	a0,0x0
    880009d0:	74c50513          	addi	a0,a0,1868 # 88001118 <main+0x940>
    880009d4:	cb1ff0ef          	jal	88000684 <print_yes_no>
  if (manifest_ok) {
    880009d8:	f9442783          	lw	a5,-108(s0)
    880009dc:	0007879b          	sext.w	a5,a5
    880009e0:	02078663          	beqz	a5,88000a0c <main+0x234>
    print_status_line("manifest flags=", "");
    880009e4:	00000597          	auipc	a1,0x0
    880009e8:	74458593          	addi	a1,a1,1860 # 88001128 <main+0x950>
    880009ec:	00000517          	auipc	a0,0x0
    880009f0:	74450513          	addi	a0,a0,1860 # 88001130 <main+0x958>
    880009f4:	d59ff0ef          	jal	8800074c <print_status_line>
    print_hex64(flags);
    880009f8:	fe043503          	ld	a0,-32(s0)
    880009fc:	a11ff0ef          	jal	8800040c <print_hex64>
    uart_puts("\n");
    88000a00:	00000517          	auipc	a0,0x0
    88000a04:	6b850513          	addi	a0,a0,1720 # 880010b8 <main+0x8e0>
    88000a08:	995ff0ef          	jal	8800039c <uart_puts>
  }

  linux_payload_stage_marker();
    88000a0c:	e2cff0ef          	jal	88000038 <linux_payload_stage_marker>
  uart_puts("load firmware start\n");
    88000a10:	00000517          	auipc	a0,0x0
    88000a14:	73050513          	addi	a0,a0,1840 # 88001140 <main+0x968>
    88000a18:	985ff0ef          	jal	8800039c <uart_puts>
  firmware_region_valid = region_ok(firmware_addr, firmware_size, LINUX_OPENSBI_LOAD_ADDR, LINUX_OPENSBI_MAX_SIZE);
    88000a1c:	004006b7          	lui	a3,0x400
    88000a20:	22100793          	li	a5,545
    88000a24:	01679613          	slli	a2,a5,0x16
    88000a28:	fd043583          	ld	a1,-48(s0)
    88000a2c:	fd843503          	ld	a0,-40(s0)
    88000a30:	cb5ff0ef          	jal	880006e4 <region_ok>
    88000a34:	00050793          	mv	a5,a0
    88000a38:	f8f42423          	sw	a5,-120(s0)
  if (manifest_ok && (flags & LINUX_FLAG_FIRMWARE_READY)) {
    88000a3c:	f9442783          	lw	a5,-108(s0)
    88000a40:	0007879b          	sext.w	a5,a5
    88000a44:	06078463          	beqz	a5,88000aac <main+0x2d4>
    88000a48:	fe043783          	ld	a5,-32(s0)
    88000a4c:	0017f793          	andi	a5,a5,1
    88000a50:	04078e63          	beqz	a5,88000aac <main+0x2d4>
    firmware_load_done_marker();
    88000a54:	eacff0ef          	jal	88000100 <firmware_load_done_marker>
    print_yes_no("firmware prepared", 1);
    88000a58:	00100593          	li	a1,1
    88000a5c:	00000517          	auipc	a0,0x0
    88000a60:	6fc50513          	addi	a0,a0,1788 # 88001158 <main+0x980>
    88000a64:	c21ff0ef          	jal	88000684 <print_yes_no>
    print_region("firmware", firmware_addr, firmware_size);
    88000a68:	fd043603          	ld	a2,-48(s0)
    88000a6c:	fd843583          	ld	a1,-40(s0)
    88000a70:	00000517          	auipc	a0,0x0
    88000a74:	70050513          	addi	a0,a0,1792 # 88001170 <main+0x998>
    88000a78:	b69ff0ef          	jal	880005e0 <print_region>
    uart_puts("firmware first64=");
    88000a7c:	00000517          	auipc	a0,0x0
    88000a80:	70450513          	addi	a0,a0,1796 # 88001180 <main+0x9a8>
    88000a84:	919ff0ef          	jal	8800039c <uart_puts>
    print_hex64(peek64(firmware_addr));
    88000a88:	fd843503          	ld	a0,-40(s0)
    88000a8c:	bc1ff0ef          	jal	8800064c <peek64>
    88000a90:	00050793          	mv	a5,a0
    88000a94:	00078513          	mv	a0,a5
    88000a98:	975ff0ef          	jal	8800040c <print_hex64>
    uart_puts("\n");
    88000a9c:	00000517          	auipc	a0,0x0
    88000aa0:	61c50513          	addi	a0,a0,1564 # 880010b8 <main+0x8e0>
    88000aa4:	8f9ff0ef          	jal	8800039c <uart_puts>
    88000aa8:	0280006f          	j	88000ad0 <main+0x2f8>
  } else {
    print_yes_no("firmware prepared", 0);
    88000aac:	00000593          	li	a1,0
    88000ab0:	00000517          	auipc	a0,0x0
    88000ab4:	6a850513          	addi	a0,a0,1704 # 88001158 <main+0x980>
    88000ab8:	bcdff0ef          	jal	88000684 <print_yes_no>
    print_region("firmware", firmware_addr, firmware_size);
    88000abc:	fd043603          	ld	a2,-48(s0)
    88000ac0:	fd843583          	ld	a1,-40(s0)
    88000ac4:	00000517          	auipc	a0,0x0
    88000ac8:	6ac50513          	addi	a0,a0,1708 # 88001170 <main+0x998>
    88000acc:	b15ff0ef          	jal	880005e0 <print_region>
  }
  print_yes_no("firmware range valid", firmware_region_valid);
    88000ad0:	f8842783          	lw	a5,-120(s0)
    88000ad4:	00078593          	mv	a1,a5
    88000ad8:	00000517          	auipc	a0,0x0
    88000adc:	6c050513          	addi	a0,a0,1728 # 88001198 <main+0x9c0>
    88000ae0:	ba5ff0ef          	jal	88000684 <print_yes_no>

  linux_payload_stage_marker();
    88000ae4:	d54ff0ef          	jal	88000038 <linux_payload_stage_marker>
  uart_puts("load payload start\n");
    88000ae8:	00000517          	auipc	a0,0x0
    88000aec:	6c850513          	addi	a0,a0,1736 # 880011b0 <main+0x9d8>
    88000af0:	8adff0ef          	jal	8800039c <uart_puts>
  payload_region_valid = (payload_size == 0) || region_ok(payload_addr, payload_size, LINUX_PAYLOAD_BLOB_ADDR, LINUX_PAYLOAD_BLOB_MAXSIZE);
    88000af4:	fa043783          	ld	a5,-96(s0)
    88000af8:	02078263          	beqz	a5,88000b1c <main+0x344>
    88000afc:	040006b7          	lui	a3,0x4000
    88000b00:	08300793          	li	a5,131
    88000b04:	01879613          	slli	a2,a5,0x18
    88000b08:	fa043583          	ld	a1,-96(s0)
    88000b0c:	fa843503          	ld	a0,-88(s0)
    88000b10:	bd5ff0ef          	jal	880006e4 <region_ok>
    88000b14:	00050793          	mv	a5,a0
    88000b18:	00078663          	beqz	a5,88000b24 <main+0x34c>
    88000b1c:	00100793          	li	a5,1
    88000b20:	0080006f          	j	88000b28 <main+0x350>
    88000b24:	00000793          	li	a5,0
    88000b28:	f6f42e23          	sw	a5,-132(s0)
  if (manifest_ok && (flags & LINUX_FLAG_PAYLOAD_READY)) {
    88000b2c:	f9442783          	lw	a5,-108(s0)
    88000b30:	0007879b          	sext.w	a5,a5
    88000b34:	06078463          	beqz	a5,88000b9c <main+0x3c4>
    88000b38:	fe043783          	ld	a5,-32(s0)
    88000b3c:	0087f793          	andi	a5,a5,8
    88000b40:	04078e63          	beqz	a5,88000b9c <main+0x3c4>
    payload_load_done_marker();
    88000b44:	de4ff0ef          	jal	88000128 <payload_load_done_marker>
    print_yes_no("payload prepared", 1);
    88000b48:	00100593          	li	a1,1
    88000b4c:	00000517          	auipc	a0,0x0
    88000b50:	67c50513          	addi	a0,a0,1660 # 880011c8 <main+0x9f0>
    88000b54:	b31ff0ef          	jal	88000684 <print_yes_no>
    print_region("payload blob", payload_addr, payload_size);
    88000b58:	fa043603          	ld	a2,-96(s0)
    88000b5c:	fa843583          	ld	a1,-88(s0)
    88000b60:	00000517          	auipc	a0,0x0
    88000b64:	68050513          	addi	a0,a0,1664 # 880011e0 <main+0xa08>
    88000b68:	a79ff0ef          	jal	880005e0 <print_region>
    uart_puts("payload first64=");
    88000b6c:	00000517          	auipc	a0,0x0
    88000b70:	68450513          	addi	a0,a0,1668 # 880011f0 <main+0xa18>
    88000b74:	829ff0ef          	jal	8800039c <uart_puts>
    print_hex64(peek64(payload_addr));
    88000b78:	fa843503          	ld	a0,-88(s0)
    88000b7c:	ad1ff0ef          	jal	8800064c <peek64>
    88000b80:	00050793          	mv	a5,a0
    88000b84:	00078513          	mv	a0,a5
    88000b88:	885ff0ef          	jal	8800040c <print_hex64>
    uart_puts("\n");
    88000b8c:	00000517          	auipc	a0,0x0
    88000b90:	52c50513          	addi	a0,a0,1324 # 880010b8 <main+0x8e0>
    88000b94:	809ff0ef          	jal	8800039c <uart_puts>
    88000b98:	0280006f          	j	88000bc0 <main+0x3e8>
  } else {
    print_yes_no("payload prepared", 0);
    88000b9c:	00000593          	li	a1,0
    88000ba0:	00000517          	auipc	a0,0x0
    88000ba4:	62850513          	addi	a0,a0,1576 # 880011c8 <main+0x9f0>
    88000ba8:	addff0ef          	jal	88000684 <print_yes_no>
    print_region("payload blob", payload_addr, payload_size);
    88000bac:	fa043603          	ld	a2,-96(s0)
    88000bb0:	fa843583          	ld	a1,-88(s0)
    88000bb4:	00000517          	auipc	a0,0x0
    88000bb8:	62c50513          	addi	a0,a0,1580 # 880011e0 <main+0xa08>
    88000bbc:	a25ff0ef          	jal	880005e0 <print_region>
  }
  print_yes_no("payload range valid", payload_region_valid);
    88000bc0:	f7c42783          	lw	a5,-132(s0)
    88000bc4:	00078593          	mv	a1,a5
    88000bc8:	00000517          	auipc	a0,0x0
    88000bcc:	64050513          	addi	a0,a0,1600 # 88001208 <main+0xa30>
    88000bd0:	ab5ff0ef          	jal	88000684 <print_yes_no>

  linux_kernel_stage_marker();
    88000bd4:	c8cff0ef          	jal	88000060 <linux_kernel_stage_marker>
  uart_puts("load kernel start\n");
    88000bd8:	00000517          	auipc	a0,0x0
    88000bdc:	64850513          	addi	a0,a0,1608 # 88001220 <main+0xa48>
    88000be0:	fbcff0ef          	jal	8800039c <uart_puts>
  kernel_region_valid = region_ok(kernel_addr, kernel_size, LINUX_KERNEL_LOAD_ADDR, LINUX_KERNEL_MAX_SIZE);
    88000be4:	020006b7          	lui	a3,0x2000
    88000be8:	40100793          	li	a5,1025
    88000bec:	01579613          	slli	a2,a5,0x15
    88000bf0:	fc043583          	ld	a1,-64(s0)
    88000bf4:	fc843503          	ld	a0,-56(s0)
    88000bf8:	aedff0ef          	jal	880006e4 <region_ok>
    88000bfc:	00050793          	mv	a5,a0
    88000c00:	f8f42223          	sw	a5,-124(s0)
  if (manifest_ok && (flags & LINUX_FLAG_KERNEL_READY)) {
    88000c04:	f9442783          	lw	a5,-108(s0)
    88000c08:	0007879b          	sext.w	a5,a5
    88000c0c:	06078463          	beqz	a5,88000c74 <main+0x49c>
    88000c10:	fe043783          	ld	a5,-32(s0)
    88000c14:	0027f793          	andi	a5,a5,2
    88000c18:	04078e63          	beqz	a5,88000c74 <main+0x49c>
    kernel_load_done_marker();
    88000c1c:	d34ff0ef          	jal	88000150 <kernel_load_done_marker>
    print_yes_no("kernel prepared", 1);
    88000c20:	00100593          	li	a1,1
    88000c24:	00000517          	auipc	a0,0x0
    88000c28:	61450513          	addi	a0,a0,1556 # 88001238 <main+0xa60>
    88000c2c:	a59ff0ef          	jal	88000684 <print_yes_no>
    print_region("kernel", kernel_addr, kernel_size);
    88000c30:	fc043603          	ld	a2,-64(s0)
    88000c34:	fc843583          	ld	a1,-56(s0)
    88000c38:	00000517          	auipc	a0,0x0
    88000c3c:	61050513          	addi	a0,a0,1552 # 88001248 <main+0xa70>
    88000c40:	9a1ff0ef          	jal	880005e0 <print_region>
    uart_puts("kernel first64=");
    88000c44:	00000517          	auipc	a0,0x0
    88000c48:	60c50513          	addi	a0,a0,1548 # 88001250 <main+0xa78>
    88000c4c:	f50ff0ef          	jal	8800039c <uart_puts>
    print_hex64(peek64(kernel_addr));
    88000c50:	fc843503          	ld	a0,-56(s0)
    88000c54:	9f9ff0ef          	jal	8800064c <peek64>
    88000c58:	00050793          	mv	a5,a0
    88000c5c:	00078513          	mv	a0,a5
    88000c60:	facff0ef          	jal	8800040c <print_hex64>
    uart_puts("\n");
    88000c64:	00000517          	auipc	a0,0x0
    88000c68:	45450513          	addi	a0,a0,1108 # 880010b8 <main+0x8e0>
    88000c6c:	f30ff0ef          	jal	8800039c <uart_puts>
    88000c70:	0280006f          	j	88000c98 <main+0x4c0>
  } else {
    print_yes_no("kernel prepared", 0);
    88000c74:	00000593          	li	a1,0
    88000c78:	00000517          	auipc	a0,0x0
    88000c7c:	5c050513          	addi	a0,a0,1472 # 88001238 <main+0xa60>
    88000c80:	a05ff0ef          	jal	88000684 <print_yes_no>
    print_region("kernel", kernel_addr, kernel_size);
    88000c84:	fc043603          	ld	a2,-64(s0)
    88000c88:	fc843583          	ld	a1,-56(s0)
    88000c8c:	00000517          	auipc	a0,0x0
    88000c90:	5bc50513          	addi	a0,a0,1468 # 88001248 <main+0xa70>
    88000c94:	94dff0ef          	jal	880005e0 <print_region>
  }
  print_yes_no("kernel range valid", kernel_region_valid);
    88000c98:	f8442783          	lw	a5,-124(s0)
    88000c9c:	00078593          	mv	a1,a5
    88000ca0:	00000517          	auipc	a0,0x0
    88000ca4:	5c050513          	addi	a0,a0,1472 # 88001260 <main+0xa88>
    88000ca8:	9ddff0ef          	jal	88000684 <print_yes_no>

  linux_dtb_stage_marker();
    88000cac:	bdcff0ef          	jal	88000088 <linux_dtb_stage_marker>
  uart_puts("load dtb start\n");
    88000cb0:	00000517          	auipc	a0,0x0
    88000cb4:	5c850513          	addi	a0,a0,1480 # 88001278 <main+0xaa0>
    88000cb8:	ee4ff0ef          	jal	8800039c <uart_puts>
  dtb_region_valid = region_ok(dtb_addr, dtb_size, LINUX_DTB_LOAD_ADDR, LINUX_DTB_MAX_SIZE);
    88000cbc:	000206b7          	lui	a3,0x20
    88000cc0:	20900793          	li	a5,521
    88000cc4:	01679613          	slli	a2,a5,0x16
    88000cc8:	fb043583          	ld	a1,-80(s0)
    88000ccc:	fb843503          	ld	a0,-72(s0)
    88000cd0:	a15ff0ef          	jal	880006e4 <region_ok>
    88000cd4:	00050793          	mv	a5,a0
    88000cd8:	f8f42023          	sw	a5,-128(s0)
  if (manifest_ok && (flags & LINUX_FLAG_DTB_READY)) {
    88000cdc:	f9442783          	lw	a5,-108(s0)
    88000ce0:	0007879b          	sext.w	a5,a5
    88000ce4:	06078463          	beqz	a5,88000d4c <main+0x574>
    88000ce8:	fe043783          	ld	a5,-32(s0)
    88000cec:	0047f793          	andi	a5,a5,4
    88000cf0:	04078e63          	beqz	a5,88000d4c <main+0x574>
    dtb_load_done_marker();
    88000cf4:	c84ff0ef          	jal	88000178 <dtb_load_done_marker>
    print_yes_no("dtb prepared", 1);
    88000cf8:	00100593          	li	a1,1
    88000cfc:	00000517          	auipc	a0,0x0
    88000d00:	58c50513          	addi	a0,a0,1420 # 88001288 <main+0xab0>
    88000d04:	981ff0ef          	jal	88000684 <print_yes_no>
    print_region("dtb", dtb_addr, dtb_size);
    88000d08:	fb043603          	ld	a2,-80(s0)
    88000d0c:	fb843583          	ld	a1,-72(s0)
    88000d10:	00000517          	auipc	a0,0x0
    88000d14:	58850513          	addi	a0,a0,1416 # 88001298 <main+0xac0>
    88000d18:	8c9ff0ef          	jal	880005e0 <print_region>
    uart_puts("dtb first64=");
    88000d1c:	00000517          	auipc	a0,0x0
    88000d20:	58450513          	addi	a0,a0,1412 # 880012a0 <main+0xac8>
    88000d24:	e78ff0ef          	jal	8800039c <uart_puts>
    print_hex64(peek64(dtb_addr));
    88000d28:	fb843503          	ld	a0,-72(s0)
    88000d2c:	921ff0ef          	jal	8800064c <peek64>
    88000d30:	00050793          	mv	a5,a0
    88000d34:	00078513          	mv	a0,a5
    88000d38:	ed4ff0ef          	jal	8800040c <print_hex64>
    uart_puts("\n");
    88000d3c:	00000517          	auipc	a0,0x0
    88000d40:	37c50513          	addi	a0,a0,892 # 880010b8 <main+0x8e0>
    88000d44:	e58ff0ef          	jal	8800039c <uart_puts>
    88000d48:	0280006f          	j	88000d70 <main+0x598>
  } else {
    print_yes_no("dtb prepared", 0);
    88000d4c:	00000593          	li	a1,0
    88000d50:	00000517          	auipc	a0,0x0
    88000d54:	53850513          	addi	a0,a0,1336 # 88001288 <main+0xab0>
    88000d58:	92dff0ef          	jal	88000684 <print_yes_no>
    print_region("dtb", dtb_addr, dtb_size);
    88000d5c:	fb043603          	ld	a2,-80(s0)
    88000d60:	fb843583          	ld	a1,-72(s0)
    88000d64:	00000517          	auipc	a0,0x0
    88000d68:	53450513          	addi	a0,a0,1332 # 88001298 <main+0xac0>
    88000d6c:	875ff0ef          	jal	880005e0 <print_region>
  }
  print_yes_no("dtb range valid", dtb_region_valid);
    88000d70:	f8042783          	lw	a5,-128(s0)
    88000d74:	00078593          	mv	a1,a5
    88000d78:	00000517          	auipc	a0,0x0
    88000d7c:	53850513          	addi	a0,a0,1336 # 880012b0 <main+0xad8>
    88000d80:	905ff0ef          	jal	88000684 <print_yes_no>

  linux_jump_stage_marker();
    88000d84:	b2cff0ef          	jal	880000b0 <linux_jump_stage_marker>
  jump_enabled = manifest_ok && ((flags & LINUX_FLAG_JUMP_ENABLED) != 0);
    88000d88:	f9442783          	lw	a5,-108(s0)
    88000d8c:	0007879b          	sext.w	a5,a5
    88000d90:	00078c63          	beqz	a5,88000da8 <main+0x5d0>
    88000d94:	fe043783          	ld	a5,-32(s0)
    88000d98:	0207f793          	andi	a5,a5,32
    88000d9c:	00078663          	beqz	a5,88000da8 <main+0x5d0>
    88000da0:	00100793          	li	a5,1
    88000da4:	0080006f          	j	88000dac <main+0x5d4>
    88000da8:	00000793          	li	a5,0
    88000dac:	f8f42623          	sw	a5,-116(s0)
                  ((flags & LINUX_FLAG_KERNEL_READY) != 0) &&
                  ((flags & LINUX_FLAG_DTB_READY) != 0) &&
                  firmware_region_valid &&
                  kernel_region_valid &&
                  dtb_region_valid &&
                  payload_region_valid &&
    88000db0:	f9442783          	lw	a5,-108(s0)
    88000db4:	0007879b          	sext.w	a5,a5
    88000db8:	06078663          	beqz	a5,88000e24 <main+0x64c>
                  ((flags & LINUX_FLAG_FIRMWARE_READY) != 0) &&
    88000dbc:	fe043783          	ld	a5,-32(s0)
    88000dc0:	0017f793          	andi	a5,a5,1
  ready_to_jump = manifest_ok &&
    88000dc4:	06078063          	beqz	a5,88000e24 <main+0x64c>
                  ((flags & LINUX_FLAG_KERNEL_READY) != 0) &&
    88000dc8:	fe043783          	ld	a5,-32(s0)
    88000dcc:	0027f793          	andi	a5,a5,2
                  ((flags & LINUX_FLAG_FIRMWARE_READY) != 0) &&
    88000dd0:	04078a63          	beqz	a5,88000e24 <main+0x64c>
                  ((flags & LINUX_FLAG_DTB_READY) != 0) &&
    88000dd4:	fe043783          	ld	a5,-32(s0)
    88000dd8:	0047f793          	andi	a5,a5,4
                  ((flags & LINUX_FLAG_KERNEL_READY) != 0) &&
    88000ddc:	04078463          	beqz	a5,88000e24 <main+0x64c>
                  ((flags & LINUX_FLAG_DTB_READY) != 0) &&
    88000de0:	f8842783          	lw	a5,-120(s0)
    88000de4:	0007879b          	sext.w	a5,a5
    88000de8:	02078e63          	beqz	a5,88000e24 <main+0x64c>
                  firmware_region_valid &&
    88000dec:	f8442783          	lw	a5,-124(s0)
    88000df0:	0007879b          	sext.w	a5,a5
    88000df4:	02078863          	beqz	a5,88000e24 <main+0x64c>
                  kernel_region_valid &&
    88000df8:	f8042783          	lw	a5,-128(s0)
    88000dfc:	0007879b          	sext.w	a5,a5
    88000e00:	02078263          	beqz	a5,88000e24 <main+0x64c>
                  dtb_region_valid &&
    88000e04:	f7c42783          	lw	a5,-132(s0)
    88000e08:	0007879b          	sext.w	a5,a5
    88000e0c:	00078c63          	beqz	a5,88000e24 <main+0x64c>
                  payload_region_valid &&
    88000e10:	f9843703          	ld	a4,-104(s0)
    88000e14:	fd843783          	ld	a5,-40(s0)
    88000e18:	00f71663          	bne	a4,a5,88000e24 <main+0x64c>
    88000e1c:	00100793          	li	a5,1
    88000e20:	0080006f          	j	88000e28 <main+0x650>
    88000e24:	00000793          	li	a5,0
  ready_to_jump = manifest_ok &&
    88000e28:	f8f42823          	sw	a5,-112(s0)
                  (jump_addr == firmware_addr);
  if (ready_to_jump) {
    88000e2c:	f9042783          	lw	a5,-112(s0)
    88000e30:	0007879b          	sext.w	a5,a5
    88000e34:	00078463          	beqz	a5,88000e3c <main+0x664>
    linux_ready_to_jump_marker();
    88000e38:	b68ff0ef          	jal	880001a0 <linux_ready_to_jump_marker>
  }
  uart_puts("jump linux entry\n");
    88000e3c:	00000517          	auipc	a0,0x0
    88000e40:	48450513          	addi	a0,a0,1156 # 880012c0 <main+0xae8>
    88000e44:	d58ff0ef          	jal	8800039c <uart_puts>
  uart_puts("linux entry addr=");
    88000e48:	00000517          	auipc	a0,0x0
    88000e4c:	49050513          	addi	a0,a0,1168 # 880012d8 <main+0xb00>
    88000e50:	d4cff0ef          	jal	8800039c <uart_puts>
  print_hex64(jump_addr);
    88000e54:	f9843503          	ld	a0,-104(s0)
    88000e58:	db4ff0ef          	jal	8800040c <print_hex64>
  uart_puts("\n");
    88000e5c:	00000517          	auipc	a0,0x0
    88000e60:	25c50513          	addi	a0,a0,604 # 880010b8 <main+0x8e0>
    88000e64:	d38ff0ef          	jal	8800039c <uart_puts>
  print_yes_no("ready to jump", ready_to_jump);
    88000e68:	f9042783          	lw	a5,-112(s0)
    88000e6c:	00078593          	mv	a1,a5
    88000e70:	00000517          	auipc	a0,0x0
    88000e74:	48050513          	addi	a0,a0,1152 # 880012f0 <main+0xb18>
    88000e78:	80dff0ef          	jal	88000684 <print_yes_no>
  print_yes_no("jump enabled", jump_enabled);
    88000e7c:	f8c42783          	lw	a5,-116(s0)
    88000e80:	00078593          	mv	a1,a5
    88000e84:	00000517          	auipc	a0,0x0
    88000e88:	47c50513          	addi	a0,a0,1148 # 88001300 <main+0xb28>
    88000e8c:	ff8ff0ef          	jal	88000684 <print_yes_no>
  if (!manifest_ok) {
    88000e90:	f9442783          	lw	a5,-108(s0)
    88000e94:	0007879b          	sext.w	a5,a5
    88000e98:	02079063          	bnez	a5,88000eb8 <main+0x6e0>
    linux_jump_blocked_marker();
    88000e9c:	b54ff0ef          	jal	880001f0 <linux_jump_blocked_marker>
    print_status_line("jump blocked:", " manifest invalid");
    88000ea0:	00000597          	auipc	a1,0x0
    88000ea4:	47058593          	addi	a1,a1,1136 # 88001310 <main+0xb38>
    88000ea8:	00000517          	auipc	a0,0x0
    88000eac:	48050513          	addi	a0,a0,1152 # 88001328 <main+0xb50>
    88000eb0:	89dff0ef          	jal	8800074c <print_status_line>
    88000eb4:	1940006f          	j	88001048 <main+0x870>
  } else if (!(flags & LINUX_FLAG_FIRMWARE_READY)) {
    88000eb8:	fe043783          	ld	a5,-32(s0)
    88000ebc:	0017f793          	andi	a5,a5,1
    88000ec0:	02079063          	bnez	a5,88000ee0 <main+0x708>
    linux_jump_blocked_marker();
    88000ec4:	b2cff0ef          	jal	880001f0 <linux_jump_blocked_marker>
    print_status_line("jump blocked:", " firmware not ready");
    88000ec8:	00000597          	auipc	a1,0x0
    88000ecc:	47058593          	addi	a1,a1,1136 # 88001338 <main+0xb60>
    88000ed0:	00000517          	auipc	a0,0x0
    88000ed4:	45850513          	addi	a0,a0,1112 # 88001328 <main+0xb50>
    88000ed8:	875ff0ef          	jal	8800074c <print_status_line>
    88000edc:	16c0006f          	j	88001048 <main+0x870>
  } else if (!(flags & LINUX_FLAG_KERNEL_READY)) {
    88000ee0:	fe043783          	ld	a5,-32(s0)
    88000ee4:	0027f793          	andi	a5,a5,2
    88000ee8:	02079063          	bnez	a5,88000f08 <main+0x730>
    linux_jump_blocked_marker();
    88000eec:	b04ff0ef          	jal	880001f0 <linux_jump_blocked_marker>
    print_status_line("jump blocked:", " kernel not ready");
    88000ef0:	00000597          	auipc	a1,0x0
    88000ef4:	46058593          	addi	a1,a1,1120 # 88001350 <main+0xb78>
    88000ef8:	00000517          	auipc	a0,0x0
    88000efc:	43050513          	addi	a0,a0,1072 # 88001328 <main+0xb50>
    88000f00:	84dff0ef          	jal	8800074c <print_status_line>
    88000f04:	1440006f          	j	88001048 <main+0x870>
  } else if (!(flags & LINUX_FLAG_DTB_READY)) {
    88000f08:	fe043783          	ld	a5,-32(s0)
    88000f0c:	0047f793          	andi	a5,a5,4
    88000f10:	02079063          	bnez	a5,88000f30 <main+0x758>
    linux_jump_blocked_marker();
    88000f14:	adcff0ef          	jal	880001f0 <linux_jump_blocked_marker>
    print_status_line("jump blocked:", " dtb not ready");
    88000f18:	00000597          	auipc	a1,0x0
    88000f1c:	45058593          	addi	a1,a1,1104 # 88001368 <main+0xb90>
    88000f20:	00000517          	auipc	a0,0x0
    88000f24:	40850513          	addi	a0,a0,1032 # 88001328 <main+0xb50>
    88000f28:	825ff0ef          	jal	8800074c <print_status_line>
    88000f2c:	11c0006f          	j	88001048 <main+0x870>
  } else if (!firmware_region_valid) {
    88000f30:	f8842783          	lw	a5,-120(s0)
    88000f34:	0007879b          	sext.w	a5,a5
    88000f38:	02079063          	bnez	a5,88000f58 <main+0x780>
    linux_jump_blocked_marker();
    88000f3c:	ab4ff0ef          	jal	880001f0 <linux_jump_blocked_marker>
    print_status_line("jump blocked:", " firmware region invalid");
    88000f40:	00000597          	auipc	a1,0x0
    88000f44:	43858593          	addi	a1,a1,1080 # 88001378 <main+0xba0>
    88000f48:	00000517          	auipc	a0,0x0
    88000f4c:	3e050513          	addi	a0,a0,992 # 88001328 <main+0xb50>
    88000f50:	ffcff0ef          	jal	8800074c <print_status_line>
    88000f54:	0f40006f          	j	88001048 <main+0x870>
  } else if (!kernel_region_valid) {
    88000f58:	f8442783          	lw	a5,-124(s0)
    88000f5c:	0007879b          	sext.w	a5,a5
    88000f60:	02079063          	bnez	a5,88000f80 <main+0x7a8>
    linux_jump_blocked_marker();
    88000f64:	a8cff0ef          	jal	880001f0 <linux_jump_blocked_marker>
    print_status_line("jump blocked:", " kernel region invalid");
    88000f68:	00000597          	auipc	a1,0x0
    88000f6c:	43058593          	addi	a1,a1,1072 # 88001398 <main+0xbc0>
    88000f70:	00000517          	auipc	a0,0x0
    88000f74:	3b850513          	addi	a0,a0,952 # 88001328 <main+0xb50>
    88000f78:	fd4ff0ef          	jal	8800074c <print_status_line>
    88000f7c:	0cc0006f          	j	88001048 <main+0x870>
  } else if (!dtb_region_valid) {
    88000f80:	f8042783          	lw	a5,-128(s0)
    88000f84:	0007879b          	sext.w	a5,a5
    88000f88:	02079063          	bnez	a5,88000fa8 <main+0x7d0>
    linux_jump_blocked_marker();
    88000f8c:	a64ff0ef          	jal	880001f0 <linux_jump_blocked_marker>
    print_status_line("jump blocked:", " dtb region invalid");
    88000f90:	00000597          	auipc	a1,0x0
    88000f94:	42058593          	addi	a1,a1,1056 # 880013b0 <main+0xbd8>
    88000f98:	00000517          	auipc	a0,0x0
    88000f9c:	39050513          	addi	a0,a0,912 # 88001328 <main+0xb50>
    88000fa0:	facff0ef          	jal	8800074c <print_status_line>
    88000fa4:	0a40006f          	j	88001048 <main+0x870>
  } else if (!payload_region_valid) {
    88000fa8:	f7c42783          	lw	a5,-132(s0)
    88000fac:	0007879b          	sext.w	a5,a5
    88000fb0:	02079063          	bnez	a5,88000fd0 <main+0x7f8>
    linux_jump_blocked_marker();
    88000fb4:	a3cff0ef          	jal	880001f0 <linux_jump_blocked_marker>
    print_status_line("jump blocked:", " payload region invalid");
    88000fb8:	00000597          	auipc	a1,0x0
    88000fbc:	41058593          	addi	a1,a1,1040 # 880013c8 <main+0xbf0>
    88000fc0:	00000517          	auipc	a0,0x0
    88000fc4:	36850513          	addi	a0,a0,872 # 88001328 <main+0xb50>
    88000fc8:	f84ff0ef          	jal	8800074c <print_status_line>
    88000fcc:	07c0006f          	j	88001048 <main+0x870>
  } else if (jump_addr != firmware_addr) {
    88000fd0:	f9843703          	ld	a4,-104(s0)
    88000fd4:	fd843783          	ld	a5,-40(s0)
    88000fd8:	02f70063          	beq	a4,a5,88000ff8 <main+0x820>
    linux_jump_blocked_marker();
    88000fdc:	a14ff0ef          	jal	880001f0 <linux_jump_blocked_marker>
    print_status_line("jump blocked:", " jump addr mismatch");
    88000fe0:	00000597          	auipc	a1,0x0
    88000fe4:	40058593          	addi	a1,a1,1024 # 880013e0 <main+0xc08>
    88000fe8:	00000517          	auipc	a0,0x0
    88000fec:	34050513          	addi	a0,a0,832 # 88001328 <main+0xb50>
    88000ff0:	f5cff0ef          	jal	8800074c <print_status_line>
    88000ff4:	0540006f          	j	88001048 <main+0x870>
  } else if (!jump_enabled) {
    88000ff8:	f8c42783          	lw	a5,-116(s0)
    88000ffc:	0007879b          	sext.w	a5,a5
    88001000:	02079063          	bnez	a5,88001020 <main+0x848>
    linux_jump_blocked_marker();
    88001004:	9ecff0ef          	jal	880001f0 <linux_jump_blocked_marker>
    print_status_line("jump blocked:", " jump disabled by manifest");
    88001008:	00000597          	auipc	a1,0x0
    8800100c:	3f058593          	addi	a1,a1,1008 # 880013f8 <main+0xc20>
    88001010:	00000517          	auipc	a0,0x0
    88001014:	31850513          	addi	a0,a0,792 # 88001328 <main+0xb50>
    88001018:	f34ff0ef          	jal	8800074c <print_status_line>
    8800101c:	02c0006f          	j	88001048 <main+0x870>
  } else {
    linux_jump_taken_marker();
    88001020:	9a8ff0ef          	jal	880001c8 <linux_jump_taken_marker>
    print_status_line("jump action:", " taking linux entry");
    88001024:	00000597          	auipc	a1,0x0
    88001028:	3f458593          	addi	a1,a1,1012 # 88001418 <main+0xc40>
    8800102c:	00000517          	auipc	a0,0x0
    88001030:	40450513          	addi	a0,a0,1028 # 88001430 <main+0xc58>
    88001034:	f18ff0ef          	jal	8800074c <print_status_line>
    jump_to_linux(jump_addr, 0, dtb_addr);
    88001038:	fb843603          	ld	a2,-72(s0)
    8800103c:	00000593          	li	a1,0
    88001040:	f9843503          	ld	a0,-104(s0)
    88001044:	f50ff0ef          	jal	88000794 <jump_to_linux>
  }
  uart_puts("jump not enabled yet\n");
    88001048:	00000517          	auipc	a0,0x0
    8800104c:	3f850513          	addi	a0,a0,1016 # 88001440 <main+0xc68>
    88001050:	b4cff0ef          	jal	8800039c <uart_puts>

  while (1) {
    linux_count_loop_marker();
    88001054:	884ff0ef          	jal	880000d8 <linux_count_loop_marker>
    uart_puts("linux chain idle count=");
    88001058:	00000517          	auipc	a0,0x0
    8800105c:	40050513          	addi	a0,a0,1024 # 88001458 <main+0xc80>
    88001060:	b3cff0ef          	jal	8800039c <uart_puts>
    print_dec(count++);
    88001064:	fe843783          	ld	a5,-24(s0)
    88001068:	00178713          	addi	a4,a5,1
    8800106c:	fee43423          	sd	a4,-24(s0)
    88001070:	00078513          	mv	a0,a5
    88001074:	c44ff0ef          	jal	880004b8 <print_dec>
    uart_puts("\n");
    88001078:	00000517          	auipc	a0,0x0
    8800107c:	04050513          	addi	a0,a0,64 # 880010b8 <main+0x8e0>
    88001080:	b1cff0ef          	jal	8800039c <uart_puts>
    led_toggle();
    88001084:	a6cff0ef          	jal	880002f0 <led_toggle>
    delay_cycles(TL_CLK * 50000UL);
    88001088:	002627b7          	lui	a5,0x262
    8800108c:	5a078513          	addi	a0,a5,1440 # 2625a0 <_prog_start-0x87d9da60>
    88001090:	d0cff0ef          	jal	8800059c <delay_cycles>
    linux_count_loop_marker();
    88001094:	00000013          	nop
    88001098:	fbdff06f          	j	88001054 <main+0x87c>

Disassembly of section .rodata:

00000000880010a0 <.rodata>:
    880010a0:	7830                	.insn	2, 0x7830
    880010a2:	0000                	.insn	2, 0x
    880010a4:	0000                	.insn	2, 0x
    880010a6:	0000                	.insn	2, 0x
    880010a8:	6120                	.insn	2, 0x6120
    880010aa:	6464                	.insn	2, 0x6464
    880010ac:	3d72                	.insn	2, 0x3d72
    880010ae:	0000                	.insn	2, 0x
    880010b0:	7320                	.insn	2, 0x7320
    880010b2:	7a69                	.insn	2, 0x7a69
    880010b4:	3d65                	.insn	2, 0x3d65
    880010b6:	0000                	.insn	2, 0x
    880010b8:	000a                	.insn	2, 0x000a
    880010ba:	0000                	.insn	2, 0x
    880010bc:	0000                	.insn	2, 0x
    880010be:	0000                	.insn	2, 0x
    880010c0:	7920                	.insn	2, 0x7920
    880010c2:	7365                	.insn	2, 0x7365
    880010c4:	000a                	.insn	2, 0x000a
    880010c6:	0000                	.insn	2, 0x
    880010c8:	6e20                	.insn	2, 0x6e20
    880010ca:	00000a6f          	jal	s4,880010ca <main+0x8f2>
    880010ce:	0000                	.insn	2, 0x
    880010d0:	696c                	.insn	2, 0x696c
    880010d2:	756e                	.insn	2, 0x756e
    880010d4:	2078                	.insn	2, 0x2078
    880010d6:	69616863          	bltu	sp,s6,88001766 <_end+0x2c6>
    880010da:	206e                	.insn	2, 0x206e
    880010dc:	72617473          	csrrci	s0,mhpmevent6h,2
    880010e0:	0a74                	.insn	2, 0x0a74
    880010e2:	0000                	.insn	2, 0x
    880010e4:	0000                	.insn	2, 0x
    880010e6:	0000                	.insn	2, 0x
    880010e8:	7266                	.insn	2, 0x7266
    880010ea:	20746e6f          	jal	t3,88047af0 <_end+0x46650>
    880010ee:	6170                	.insn	2, 0x6170
    880010f0:	6c79                	.insn	2, 0x6c79
    880010f2:	0064616f          	jal	sp,880470f8 <_end+0x45c58>
    880010f6:	0000                	.insn	2, 0x
    880010f8:	616d                	.insn	2, 0x616d
    880010fa:	696e                	.insn	2, 0x696e
    880010fc:	6566                	.insn	2, 0x6566
    880010fe:	00007473          	csrrci	s0,0x0,0
    88001102:	0000                	.insn	2, 0x
    88001104:	0000                	.insn	2, 0x
    88001106:	0000                	.insn	2, 0x
    88001108:	7266                	.insn	2, 0x7266
    8800110a:	20746e6f          	jal	t3,88047b10 <_end+0x46670>
    8800110e:	63617473          	csrrci	s0,0x636,2
    88001112:	0000006b          	.insn	4, 0x006b
    88001116:	0000                	.insn	2, 0x
    88001118:	616d                	.insn	2, 0x616d
    8800111a:	696e                	.insn	2, 0x696e
    8800111c:	6566                	.insn	2, 0x6566
    8800111e:	72207473          	csrrci	s0,minstretcfgh,0
    88001122:	6165                	.insn	2, 0x6165
    88001124:	7964                	.insn	2, 0x7964
	...
    8800112e:	0000                	.insn	2, 0x
    88001130:	616d                	.insn	2, 0x616d
    88001132:	696e                	.insn	2, 0x696e
    88001134:	6566                	.insn	2, 0x6566
    88001136:	66207473          	csrrci	s0,0x662,0
    8800113a:	616c                	.insn	2, 0x616c
    8800113c:	003d7367          	.insn	4, 0x003d7367
    88001140:	6f6c                	.insn	2, 0x6f6c
    88001142:	6461                	.insn	2, 0x6461
    88001144:	6620                	.insn	2, 0x6620
    88001146:	7269                	.insn	2, 0x7269
    88001148:	776d                	.insn	2, 0x776d
    8800114a:	7261                	.insn	2, 0x7261
    8800114c:	2065                	.insn	2, 0x2065
    8800114e:	72617473          	csrrci	s0,mhpmevent6h,2
    88001152:	0a74                	.insn	2, 0x0a74
    88001154:	0000                	.insn	2, 0x
    88001156:	0000                	.insn	2, 0x
    88001158:	6966                	.insn	2, 0x6966
    8800115a:	6d72                	.insn	2, 0x6d72
    8800115c:	65726177          	.insn	4, 0x65726177
    88001160:	7020                	.insn	2, 0x7020
    88001162:	6572                	.insn	2, 0x6572
    88001164:	6170                	.insn	2, 0x6170
    88001166:	6572                	.insn	2, 0x6572
    88001168:	0064                	.insn	2, 0x0064
    8800116a:	0000                	.insn	2, 0x
    8800116c:	0000                	.insn	2, 0x
    8800116e:	0000                	.insn	2, 0x
    88001170:	6966                	.insn	2, 0x6966
    88001172:	6d72                	.insn	2, 0x6d72
    88001174:	65726177          	.insn	4, 0x65726177
	...
    88001180:	6966                	.insn	2, 0x6966
    88001182:	6d72                	.insn	2, 0x6d72
    88001184:	65726177          	.insn	4, 0x65726177
    88001188:	6620                	.insn	2, 0x6620
    8800118a:	7269                	.insn	2, 0x7269
    8800118c:	34367473          	csrrci	s0,mtval,12
    88001190:	003d                	.insn	2, 0x003d
    88001192:	0000                	.insn	2, 0x
    88001194:	0000                	.insn	2, 0x
    88001196:	0000                	.insn	2, 0x
    88001198:	6966                	.insn	2, 0x6966
    8800119a:	6d72                	.insn	2, 0x6d72
    8800119c:	65726177          	.insn	4, 0x65726177
    880011a0:	7220                	.insn	2, 0x7220
    880011a2:	6e61                	.insn	2, 0x6e61
    880011a4:	76206567          	.insn	4, 0x76206567
    880011a8:	6c61                	.insn	2, 0x6c61
    880011aa:	6469                	.insn	2, 0x6469
    880011ac:	0000                	.insn	2, 0x
    880011ae:	0000                	.insn	2, 0x
    880011b0:	6f6c                	.insn	2, 0x6f6c
    880011b2:	6461                	.insn	2, 0x6461
    880011b4:	7020                	.insn	2, 0x7020
    880011b6:	7961                	.insn	2, 0x7961
    880011b8:	6f6c                	.insn	2, 0x6f6c
    880011ba:	6461                	.insn	2, 0x6461
    880011bc:	7320                	.insn	2, 0x7320
    880011be:	6174                	.insn	2, 0x6174
    880011c0:	7472                	.insn	2, 0x7472
    880011c2:	000a                	.insn	2, 0x000a
    880011c4:	0000                	.insn	2, 0x
    880011c6:	0000                	.insn	2, 0x
    880011c8:	6170                	.insn	2, 0x6170
    880011ca:	6c79                	.insn	2, 0x6c79
    880011cc:	2064616f          	jal	sp,880473d2 <_end+0x45f32>
    880011d0:	7270                	.insn	2, 0x7270
    880011d2:	7065                	.insn	2, 0x7065
    880011d4:	7261                	.insn	2, 0x7261
    880011d6:	6465                	.insn	2, 0x6465
	...
    880011e0:	6170                	.insn	2, 0x6170
    880011e2:	6c79                	.insn	2, 0x6c79
    880011e4:	2064616f          	jal	sp,880473ea <_end+0x45f4a>
    880011e8:	6c62                	.insn	2, 0x6c62
    880011ea:	0000626f          	jal	tp,880071ea <_end+0x5d4a>
    880011ee:	0000                	.insn	2, 0x
    880011f0:	6170                	.insn	2, 0x6170
    880011f2:	6c79                	.insn	2, 0x6c79
    880011f4:	2064616f          	jal	sp,880473fa <_end+0x45f5a>
    880011f8:	6966                	.insn	2, 0x6966
    880011fa:	7372                	.insn	2, 0x7372
    880011fc:	3674                	.insn	2, 0x3674
    880011fe:	3d34                	.insn	2, 0x3d34
	...
    88001208:	6170                	.insn	2, 0x6170
    8800120a:	6c79                	.insn	2, 0x6c79
    8800120c:	2064616f          	jal	sp,88047412 <_end+0x45f72>
    88001210:	6172                	.insn	2, 0x6172
    88001212:	676e                	.insn	2, 0x676e
    88001214:	2065                	.insn	2, 0x2065
    88001216:	6176                	.insn	2, 0x6176
    88001218:	696c                	.insn	2, 0x696c
    8800121a:	0064                	.insn	2, 0x0064
    8800121c:	0000                	.insn	2, 0x
    8800121e:	0000                	.insn	2, 0x
    88001220:	6f6c                	.insn	2, 0x6f6c
    88001222:	6461                	.insn	2, 0x6461
    88001224:	6b20                	.insn	2, 0x6b20
    88001226:	7265                	.insn	2, 0x7265
    88001228:	656e                	.insn	2, 0x656e
    8800122a:	206c                	.insn	2, 0x206c
    8800122c:	72617473          	csrrci	s0,mhpmevent6h,2
    88001230:	0a74                	.insn	2, 0x0a74
    88001232:	0000                	.insn	2, 0x
    88001234:	0000                	.insn	2, 0x
    88001236:	0000                	.insn	2, 0x
    88001238:	6e72656b          	.insn	4, 0x6e72656b
    8800123c:	6c65                	.insn	2, 0x6c65
    8800123e:	7020                	.insn	2, 0x7020
    88001240:	6572                	.insn	2, 0x6572
    88001242:	6170                	.insn	2, 0x6170
    88001244:	6572                	.insn	2, 0x6572
    88001246:	0064                	.insn	2, 0x0064
    88001248:	6e72656b          	.insn	4, 0x6e72656b
    8800124c:	6c65                	.insn	2, 0x6c65
    8800124e:	0000                	.insn	2, 0x
    88001250:	6e72656b          	.insn	4, 0x6e72656b
    88001254:	6c65                	.insn	2, 0x6c65
    88001256:	6620                	.insn	2, 0x6620
    88001258:	7269                	.insn	2, 0x7269
    8800125a:	34367473          	csrrci	s0,mtval,12
    8800125e:	003d                	.insn	2, 0x003d
    88001260:	6e72656b          	.insn	4, 0x6e72656b
    88001264:	6c65                	.insn	2, 0x6c65
    88001266:	7220                	.insn	2, 0x7220
    88001268:	6e61                	.insn	2, 0x6e61
    8800126a:	76206567          	.insn	4, 0x76206567
    8800126e:	6c61                	.insn	2, 0x6c61
    88001270:	6469                	.insn	2, 0x6469
    88001272:	0000                	.insn	2, 0x
    88001274:	0000                	.insn	2, 0x
    88001276:	0000                	.insn	2, 0x
    88001278:	6f6c                	.insn	2, 0x6f6c
    8800127a:	6461                	.insn	2, 0x6461
    8800127c:	6420                	.insn	2, 0x6420
    8800127e:	6274                	.insn	2, 0x6274
    88001280:	7320                	.insn	2, 0x7320
    88001282:	6174                	.insn	2, 0x6174
    88001284:	7472                	.insn	2, 0x7472
    88001286:	000a                	.insn	2, 0x000a
    88001288:	7464                	.insn	2, 0x7464
    8800128a:	2062                	.insn	2, 0x2062
    8800128c:	7270                	.insn	2, 0x7270
    8800128e:	7065                	.insn	2, 0x7065
    88001290:	7261                	.insn	2, 0x7261
    88001292:	6465                	.insn	2, 0x6465
    88001294:	0000                	.insn	2, 0x
    88001296:	0000                	.insn	2, 0x
    88001298:	7464                	.insn	2, 0x7464
    8800129a:	0062                	.insn	2, 0x0062
    8800129c:	0000                	.insn	2, 0x
    8800129e:	0000                	.insn	2, 0x
    880012a0:	7464                	.insn	2, 0x7464
    880012a2:	2062                	.insn	2, 0x2062
    880012a4:	6966                	.insn	2, 0x6966
    880012a6:	7372                	.insn	2, 0x7372
    880012a8:	3674                	.insn	2, 0x3674
    880012aa:	3d34                	.insn	2, 0x3d34
    880012ac:	0000                	.insn	2, 0x
    880012ae:	0000                	.insn	2, 0x
    880012b0:	7464                	.insn	2, 0x7464
    880012b2:	2062                	.insn	2, 0x2062
    880012b4:	6172                	.insn	2, 0x6172
    880012b6:	676e                	.insn	2, 0x676e
    880012b8:	2065                	.insn	2, 0x2065
    880012ba:	6176                	.insn	2, 0x6176
    880012bc:	696c                	.insn	2, 0x696c
    880012be:	0064                	.insn	2, 0x0064
    880012c0:	756a                	.insn	2, 0x756a
    880012c2:	706d                	.insn	2, 0x706d
    880012c4:	6c20                	.insn	2, 0x6c20
    880012c6:	6e69                	.insn	2, 0x6e69
    880012c8:	7875                	.insn	2, 0x7875
    880012ca:	6520                	.insn	2, 0x6520
    880012cc:	746e                	.insn	2, 0x746e
    880012ce:	7972                	.insn	2, 0x7972
    880012d0:	000a                	.insn	2, 0x000a
    880012d2:	0000                	.insn	2, 0x
    880012d4:	0000                	.insn	2, 0x
    880012d6:	0000                	.insn	2, 0x
    880012d8:	696c                	.insn	2, 0x696c
    880012da:	756e                	.insn	2, 0x756e
    880012dc:	2078                	.insn	2, 0x2078
    880012de:	6e65                	.insn	2, 0x6e65
    880012e0:	7274                	.insn	2, 0x7274
    880012e2:	2079                	.insn	2, 0x2079
    880012e4:	6461                	.insn	2, 0x6461
    880012e6:	7264                	.insn	2, 0x7264
    880012e8:	003d                	.insn	2, 0x003d
    880012ea:	0000                	.insn	2, 0x
    880012ec:	0000                	.insn	2, 0x
    880012ee:	0000                	.insn	2, 0x
    880012f0:	6572                	.insn	2, 0x6572
    880012f2:	6461                	.insn	2, 0x6461
    880012f4:	2079                	.insn	2, 0x2079
    880012f6:	6f74                	.insn	2, 0x6f74
    880012f8:	6a20                	.insn	2, 0x6a20
    880012fa:	6d75                	.insn	2, 0x6d75
    880012fc:	0070                	.insn	2, 0x0070
    880012fe:	0000                	.insn	2, 0x
    88001300:	756a                	.insn	2, 0x756a
    88001302:	706d                	.insn	2, 0x706d
    88001304:	6520                	.insn	2, 0x6520
    88001306:	616e                	.insn	2, 0x616e
    88001308:	6c62                	.insn	2, 0x6c62
    8800130a:	6465                	.insn	2, 0x6465
    8800130c:	0000                	.insn	2, 0x
    8800130e:	0000                	.insn	2, 0x
    88001310:	6d20                	.insn	2, 0x6d20
    88001312:	6e61                	.insn	2, 0x6e61
    88001314:	6669                	.insn	2, 0x6669
    88001316:	7365                	.insn	2, 0x7365
    88001318:	2074                	.insn	2, 0x2074
    8800131a:	6e69                	.insn	2, 0x6e69
    8800131c:	6176                	.insn	2, 0x6176
    8800131e:	696c                	.insn	2, 0x696c
    88001320:	0064                	.insn	2, 0x0064
    88001322:	0000                	.insn	2, 0x
    88001324:	0000                	.insn	2, 0x
    88001326:	0000                	.insn	2, 0x
    88001328:	756a                	.insn	2, 0x756a
    8800132a:	706d                	.insn	2, 0x706d
    8800132c:	6220                	.insn	2, 0x6220
    8800132e:	6f6c                	.insn	2, 0x6f6c
    88001330:	64656b63          	bltu	a0,t1,88001986 <_end+0x4e6>
    88001334:	003a                	.insn	2, 0x003a
    88001336:	0000                	.insn	2, 0x
    88001338:	6620                	.insn	2, 0x6620
    8800133a:	7269                	.insn	2, 0x7269
    8800133c:	776d                	.insn	2, 0x776d
    8800133e:	7261                	.insn	2, 0x7261
    88001340:	2065                	.insn	2, 0x2065
    88001342:	6f6e                	.insn	2, 0x6f6e
    88001344:	2074                	.insn	2, 0x2074
    88001346:	6572                	.insn	2, 0x6572
    88001348:	6461                	.insn	2, 0x6461
    8800134a:	0079                	.insn	2, 0x0079
    8800134c:	0000                	.insn	2, 0x
    8800134e:	0000                	.insn	2, 0x
    88001350:	6b20                	.insn	2, 0x6b20
    88001352:	7265                	.insn	2, 0x7265
    88001354:	656e                	.insn	2, 0x656e
    88001356:	206c                	.insn	2, 0x206c
    88001358:	6f6e                	.insn	2, 0x6f6e
    8800135a:	2074                	.insn	2, 0x2074
    8800135c:	6572                	.insn	2, 0x6572
    8800135e:	6461                	.insn	2, 0x6461
    88001360:	0079                	.insn	2, 0x0079
    88001362:	0000                	.insn	2, 0x
    88001364:	0000                	.insn	2, 0x
    88001366:	0000                	.insn	2, 0x
    88001368:	6420                	.insn	2, 0x6420
    8800136a:	6274                	.insn	2, 0x6274
    8800136c:	6e20                	.insn	2, 0x6e20
    8800136e:	7220746f          	jal	s0,88008a90 <_end+0x75f0>
    88001372:	6165                	.insn	2, 0x6165
    88001374:	7964                	.insn	2, 0x7964
    88001376:	0000                	.insn	2, 0x
    88001378:	6620                	.insn	2, 0x6620
    8800137a:	7269                	.insn	2, 0x7269
    8800137c:	776d                	.insn	2, 0x776d
    8800137e:	7261                	.insn	2, 0x7261
    88001380:	2065                	.insn	2, 0x2065
    88001382:	6572                	.insn	2, 0x6572
    88001384:	6e6f6967          	.insn	4, 0x6e6f6967
    88001388:	6920                	.insn	2, 0x6920
    8800138a:	766e                	.insn	2, 0x766e
    8800138c:	6c61                	.insn	2, 0x6c61
    8800138e:	6469                	.insn	2, 0x6469
	...
    88001398:	6b20                	.insn	2, 0x6b20
    8800139a:	7265                	.insn	2, 0x7265
    8800139c:	656e                	.insn	2, 0x656e
    8800139e:	206c                	.insn	2, 0x206c
    880013a0:	6572                	.insn	2, 0x6572
    880013a2:	6e6f6967          	.insn	4, 0x6e6f6967
    880013a6:	6920                	.insn	2, 0x6920
    880013a8:	766e                	.insn	2, 0x766e
    880013aa:	6c61                	.insn	2, 0x6c61
    880013ac:	6469                	.insn	2, 0x6469
    880013ae:	0000                	.insn	2, 0x
    880013b0:	6420                	.insn	2, 0x6420
    880013b2:	6274                	.insn	2, 0x6274
    880013b4:	7220                	.insn	2, 0x7220
    880013b6:	6765                	.insn	2, 0x6765
    880013b8:	6f69                	.insn	2, 0x6f69
    880013ba:	206e                	.insn	2, 0x206e
    880013bc:	6e69                	.insn	2, 0x6e69
    880013be:	6176                	.insn	2, 0x6176
    880013c0:	696c                	.insn	2, 0x696c
    880013c2:	0064                	.insn	2, 0x0064
    880013c4:	0000                	.insn	2, 0x
    880013c6:	0000                	.insn	2, 0x
    880013c8:	7020                	.insn	2, 0x7020
    880013ca:	7961                	.insn	2, 0x7961
    880013cc:	6f6c                	.insn	2, 0x6f6c
    880013ce:	6461                	.insn	2, 0x6461
    880013d0:	7220                	.insn	2, 0x7220
    880013d2:	6765                	.insn	2, 0x6765
    880013d4:	6f69                	.insn	2, 0x6f69
    880013d6:	206e                	.insn	2, 0x206e
    880013d8:	6e69                	.insn	2, 0x6e69
    880013da:	6176                	.insn	2, 0x6176
    880013dc:	696c                	.insn	2, 0x696c
    880013de:	0064                	.insn	2, 0x0064
    880013e0:	6a20                	.insn	2, 0x6a20
    880013e2:	6d75                	.insn	2, 0x6d75
    880013e4:	2070                	.insn	2, 0x2070
    880013e6:	6461                	.insn	2, 0x6461
    880013e8:	7264                	.insn	2, 0x7264
    880013ea:	6d20                	.insn	2, 0x6d20
    880013ec:	7369                	.insn	2, 0x7369
    880013ee:	616d                	.insn	2, 0x616d
    880013f0:	6374                	.insn	2, 0x6374
    880013f2:	0068                	.insn	2, 0x0068
    880013f4:	0000                	.insn	2, 0x
    880013f6:	0000                	.insn	2, 0x
    880013f8:	6a20                	.insn	2, 0x6a20
    880013fa:	6d75                	.insn	2, 0x6d75
    880013fc:	2070                	.insn	2, 0x2070
    880013fe:	6964                	.insn	2, 0x6964
    88001400:	6c626173          	csrrsi	sp,0x6c6,4
    88001404:	6465                	.insn	2, 0x6465
    88001406:	6220                	.insn	2, 0x6220
    88001408:	2079                	.insn	2, 0x2079
    8800140a:	616d                	.insn	2, 0x616d
    8800140c:	696e                	.insn	2, 0x696e
    8800140e:	6566                	.insn	2, 0x6566
    88001410:	00007473          	csrrci	s0,0x0,0
    88001414:	0000                	.insn	2, 0x
    88001416:	0000                	.insn	2, 0x
    88001418:	7420                	.insn	2, 0x7420
    8800141a:	6b61                	.insn	2, 0x6b61
    8800141c:	6e69                	.insn	2, 0x6e69
    8800141e:	696c2067          	.insn	4, 0x696c2067
    88001422:	756e                	.insn	2, 0x756e
    88001424:	2078                	.insn	2, 0x2078
    88001426:	6e65                	.insn	2, 0x6e65
    88001428:	7274                	.insn	2, 0x7274
    8800142a:	0079                	.insn	2, 0x0079
    8800142c:	0000                	.insn	2, 0x
    8800142e:	0000                	.insn	2, 0x
    88001430:	756a                	.insn	2, 0x756a
    88001432:	706d                	.insn	2, 0x706d
    88001434:	6120                	.insn	2, 0x6120
    88001436:	6f697463          	bgeu	s2,s6,88001b1e <_end+0x67e>
    8800143a:	3a6e                	.insn	2, 0x3a6e
    8800143c:	0000                	.insn	2, 0x
    8800143e:	0000                	.insn	2, 0x
    88001440:	756a                	.insn	2, 0x756a
    88001442:	706d                	.insn	2, 0x706d
    88001444:	6e20                	.insn	2, 0x6e20
    88001446:	6520746f          	jal	s0,88008a98 <_end+0x75f8>
    8800144a:	616e                	.insn	2, 0x616e
    8800144c:	6c62                	.insn	2, 0x6c62
    8800144e:	6465                	.insn	2, 0x6465
    88001450:	7920                	.insn	2, 0x7920
    88001452:	7465                	.insn	2, 0x7465
    88001454:	000a                	.insn	2, 0x000a
    88001456:	0000                	.insn	2, 0x
    88001458:	696c                	.insn	2, 0x696c
    8800145a:	756e                	.insn	2, 0x756e
    8800145c:	2078                	.insn	2, 0x2078
    8800145e:	69616863          	bltu	sp,s6,88001aee <_end+0x64e>
    88001462:	206e                	.insn	2, 0x206e
    88001464:	6469                	.insn	2, 0x6469
    88001466:	656c                	.insn	2, 0x656c
    88001468:	6320                	.insn	2, 0x6320
    8800146a:	746e756f          	jal	a0,880e8bb0 <_end+0xe7710>
    8800146e:	003d                	.insn	2, 0x003d
    88001470:	cccd                	.insn	2, 0xcccd
    88001472:	cccc                	.insn	2, 0xcccc
    88001474:	cccc                	.insn	2, 0xcccc
    88001476:	cccc                	.insn	2, 0xcccc
    88001478:	5431                	.insn	2, 0x5431
    8800147a:	4e46                	.insn	2, 0x4e46
    8800147c:	484d                	.insn	2, 0x484d
    8800147e:	Address 0x8800147e is out of bounds.


Disassembly of section .srodata:

0000000088001480 <uart0>:
static volatile uint32_t * const uart0 = (void *)(UART_CTRL_ADDR);
    88001480:	0000                	.insn	2, 0x
    88001482:	6400                	.insn	2, 0x6400
    88001484:	0000                	.insn	2, 0x
	...

0000000088001488 <gpio0>:
static volatile uint32_t * const gpio0 = (void *)(GPIO_CTRL_ADDR);
    88001488:	2000                	.insn	2, 0x2000
    8800148a:	6400                	.insn	2, 0x6400
    8800148c:	0000                	.insn	2, 0x
	...

0000000088001490 <linux_manifest>:
static volatile const struct linux_chain_manifest * const linux_manifest =
    88001490:	f000                	.insn	2, 0xf000
    88001492:	883d                	.insn	2, 0x883d
    88001494:	0000                	.insn	2, 0x
	...

Disassembly of section .riscv.attributes:

0000000000000000 <.riscv.attributes>:
   0:	5641                	.insn	2, 0x5641
   2:	0000                	.insn	2, 0x
   4:	7200                	.insn	2, 0x7200
   6:	7369                	.insn	2, 0x7369
   8:	01007663          	bgeu	zero,a6,14 <_prog_start-0x87ffffec>
   c:	004c                	.insn	2, 0x004c
   e:	0000                	.insn	2, 0x
  10:	1004                	.insn	2, 0x1004
  12:	7205                	.insn	2, 0x7205
  14:	3676                	.insn	2, 0x3676
  16:	6934                	.insn	2, 0x6934
  18:	7032                	.insn	2, 0x7032
  1a:	5f31                	.insn	2, 0x5f31
  1c:	326d                	.insn	2, 0x326d
  1e:	3070                	.insn	2, 0x3070
  20:	615f 7032 5f31      	.insn	6, 0x5f317032615f
  26:	697a                	.insn	2, 0x697a
  28:	32727363          	bgeu	tp,t2,34e <_prog_start-0x87fffcb2>
  2c:	3070                	.insn	2, 0x3070
  2e:	7a5f 6669 6e65      	.insn	6, 0x6e6566697a5f
  34:	32696563          	bltu	s2,t1,35e <_prog_start-0x87fffca2>
  38:	3070                	.insn	2, 0x3070
  3a:	7a5f 6d6d 6c75      	.insn	6, 0x6c756d6d7a5f
  40:	7031                	.insn	2, 0x7031
  42:	5f30                	.insn	2, 0x5f30
  44:	617a                	.insn	2, 0x617a
  46:	6d61                	.insn	2, 0x6d61
  48:	3070316f          	jal	sp,3b4e <_prog_start-0x87ffc4b2>
  4c:	7a5f 6c61 7372      	.insn	6, 0x73726c617a5f
  52:	30703163          	.insn	4, 0x30703163
	...

Disassembly of section .comment:

0000000000000000 <.comment>:
   0:	3a434347          	.insn	4, 0x3a434347
   4:	2820                	.insn	2, 0x2820
   6:	36343067          	.insn	4, 0x36343067
   a:	3639                	.insn	2, 0x3639
   c:	6664                	.insn	2, 0x6664
   e:	3930                	.insn	2, 0x3930
  10:	3336                	.insn	2, 0x3336
  12:	2029                	.insn	2, 0x2029
  14:	3431                	.insn	2, 0x3431
  16:	322e                	.insn	2, 0x322e
  18:	302e                	.insn	2, 0x302e
	...

Disassembly of section .debug_line:

0000000000000000 <.debug_line>:
   0:	0054                	.insn	2, 0x0054
   2:	0000                	.insn	2, 0x
   4:	0005                	.insn	2, 0x0005
   6:	0008                	.insn	2, 0x0008
   8:	002e                	.insn	2, 0x002e
   a:	0000                	.insn	2, 0x
   c:	0101                	.insn	2, 0x0101
   e:	fb01                	.insn	2, 0xfb01
  10:	0d0e                	.insn	2, 0x0d0e
  12:	0100                	.insn	2, 0x0100
  14:	0101                	.insn	2, 0x0101
  16:	0001                	.insn	2, 0x0001
  18:	0000                	.insn	2, 0x
  1a:	0001                	.insn	2, 0x0001
  1c:	0100                	.insn	2, 0x0100
  1e:	0101                	.insn	2, 0x0101
  20:	021f 0000 0000      	.insn	6, 0x021f
  26:	0000                	.insn	2, 0x
  28:	0000                	.insn	2, 0x
  2a:	0102                	.insn	2, 0x0102
  2c:	021f 020f 0036      	.insn	6, 0x0036020f021f
  32:	0000                	.insn	2, 0x
  34:	3601                	.insn	2, 0x3601
  36:	0000                	.insn	2, 0x
  38:	0100                	.insn	2, 0x0100
  3a:	0900                	.insn	2, 0x0900
  3c:	0002                	.insn	2, 0x0002
  3e:	0000                	.insn	2, 0x
  40:	0088                	.insn	2, 0x0088
  42:	0000                	.insn	2, 0x
  44:	1a00                	.insn	2, 0x1a00
  46:	08090103          	lb	sp,128(s2)
  4a:	0100                	.insn	2, 0x0100
  4c:	04090203          	lb	tp,64(s2)
  50:	0100                	.insn	2, 0x0100
  52:	0409                	.insn	2, 0x0409
  54:	0000                	.insn	2, 0x
  56:	0101                	.insn	2, 0x0101
  58:	00000b47          	.insn	4, 0x0b47
  5c:	0005                	.insn	2, 0x0005
  5e:	0008                	.insn	2, 0x0008
  60:	00000037          	lui	zero,0x0
  64:	0101                	.insn	2, 0x0101
  66:	fb01                	.insn	2, 0xfb01
  68:	0d0e                	.insn	2, 0x0d0e
  6a:	0100                	.insn	2, 0x0100
  6c:	0101                	.insn	2, 0x0101
  6e:	0001                	.insn	2, 0x0001
  70:	0000                	.insn	2, 0x
  72:	0001                	.insn	2, 0x0001
  74:	0100                	.insn	2, 0x0100
  76:	0101                	.insn	2, 0x0101
  78:	031f 0000 0000      	.insn	6, 0x031f
  7e:	0000                	.insn	2, 0x
  80:	0000                	.insn	2, 0x
  82:	0081                	.insn	2, 0x0081
  84:	0000                	.insn	2, 0x
  86:	0102                	.insn	2, 0x0102
  88:	021f 030f 0073      	.insn	6, 0x0073030f021f
  8e:	0000                	.insn	2, 0x
  90:	7301                	.insn	2, 0x7301
  92:	0000                	.insn	2, 0x
  94:	0000                	.insn	2, 0x
  96:	00d2                	.insn	2, 0x00d2
  98:	0000                	.insn	2, 0x
  9a:	0502                	.insn	2, 0x0502
  9c:	0045                	.insn	2, 0x0045
  9e:	0209                	.insn	2, 0x0209
  a0:	0010                	.insn	2, 0x0010
  a2:	8800                	.insn	2, 0x8800
  a4:	0000                	.insn	2, 0x
  a6:	0000                	.insn	2, 0x
  a8:	05013c03          	ld	s8,80(sp)
  ac:	09000347          	.insn	4, 0x09000347
  b0:	0010                	.insn	2, 0x0010
  b2:	0501                	.insn	2, 0x0501
  b4:	0364                	.insn	2, 0x0364
  b6:	0900                	.insn	2, 0x0900
  b8:	0004                	.insn	2, 0x0004
  ba:	0501                	.insn	2, 0x0501
  bc:	09010347          	.insn	4, 0x09010347
  c0:	0014                	.insn	2, 0x0014
  c2:	0501                	.insn	2, 0x0501
  c4:	0349                	.insn	2, 0x0349
  c6:	0900                	.insn	2, 0x0900
  c8:	0010                	.insn	2, 0x0010
  ca:	0501                	.insn	2, 0x0501
  cc:	0366                	.insn	2, 0x0366
  ce:	0900                	.insn	2, 0x0900
  d0:	0004                	.insn	2, 0x0004
  d2:	0501                	.insn	2, 0x0501
  d4:	0346                	.insn	2, 0x0346
  d6:	0901                	.insn	2, 0x0901
  d8:	0014                	.insn	2, 0x0014
  da:	0501                	.insn	2, 0x0501
  dc:	0348                	.insn	2, 0x0348
  de:	0900                	.insn	2, 0x0900
  e0:	0010                	.insn	2, 0x0010
  e2:	0501                	.insn	2, 0x0501
  e4:	0365                	.insn	2, 0x0365
  e6:	0900                	.insn	2, 0x0900
  e8:	0004                	.insn	2, 0x0004
  ea:	0501                	.insn	2, 0x0501
  ec:	09010343          	.insn	4, 0x09010343
  f0:	0014                	.insn	2, 0x0014
  f2:	0501                	.insn	2, 0x0501
  f4:	0345                	.insn	2, 0x0345
  f6:	0900                	.insn	2, 0x0900
  f8:	0010                	.insn	2, 0x0010
  fa:	0501                	.insn	2, 0x0501
  fc:	0362                	.insn	2, 0x0362
  fe:	0900                	.insn	2, 0x0900
 100:	0004                	.insn	2, 0x0004
 102:	0501                	.insn	2, 0x0501
 104:	0344                	.insn	2, 0x0344
 106:	0901                	.insn	2, 0x0901
 108:	0014                	.insn	2, 0x0014
 10a:	0501                	.insn	2, 0x0501
 10c:	0346                	.insn	2, 0x0346
 10e:	0900                	.insn	2, 0x0900
 110:	0010                	.insn	2, 0x0010
 112:	0501                	.insn	2, 0x0501
 114:	09000363          	beq	zero,a6,19a <_prog_start-0x87fffe66>
 118:	0004                	.insn	2, 0x0004
 11a:	0501                	.insn	2, 0x0501
 11c:	0344                	.insn	2, 0x0344
 11e:	0901                	.insn	2, 0x0901
 120:	0014                	.insn	2, 0x0014
 122:	0501                	.insn	2, 0x0501
 124:	0346                	.insn	2, 0x0346
 126:	0900                	.insn	2, 0x0900
 128:	0010                	.insn	2, 0x0010
 12a:	0501                	.insn	2, 0x0501
 12c:	09000363          	beq	zero,a6,1b2 <_prog_start-0x87fffe4e>
 130:	0004                	.insn	2, 0x0004
 132:	0501                	.insn	2, 0x0501
 134:	0346                	.insn	2, 0x0346
 136:	0901                	.insn	2, 0x0901
 138:	0014                	.insn	2, 0x0014
 13a:	0501                	.insn	2, 0x0501
 13c:	0348                	.insn	2, 0x0348
 13e:	0900                	.insn	2, 0x0900
 140:	0010                	.insn	2, 0x0010
 142:	0501                	.insn	2, 0x0501
 144:	0365                	.insn	2, 0x0365
 146:	0900                	.insn	2, 0x0900
 148:	0004                	.insn	2, 0x0004
 14a:	0501                	.insn	2, 0x0501
 14c:	0345                	.insn	2, 0x0345
 14e:	0901                	.insn	2, 0x0901
 150:	0014                	.insn	2, 0x0014
 152:	0501                	.insn	2, 0x0501
 154:	09000347          	.insn	4, 0x09000347
 158:	0010                	.insn	2, 0x0010
 15a:	0501                	.insn	2, 0x0501
 15c:	0364                	.insn	2, 0x0364
 15e:	0900                	.insn	2, 0x0900
 160:	0004                	.insn	2, 0x0004
 162:	0501                	.insn	2, 0x0501
 164:	0344                	.insn	2, 0x0344
 166:	0901                	.insn	2, 0x0901
 168:	0014                	.insn	2, 0x0014
 16a:	0501                	.insn	2, 0x0501
 16c:	0346                	.insn	2, 0x0346
 16e:	0900                	.insn	2, 0x0900
 170:	0010                	.insn	2, 0x0010
 172:	0501                	.insn	2, 0x0501
 174:	09000363          	beq	zero,a6,1fa <_prog_start-0x87fffe06>
 178:	0004                	.insn	2, 0x0004
 17a:	0501                	.insn	2, 0x0501
 17c:	0341                	.insn	2, 0x0341
 17e:	0901                	.insn	2, 0x0901
 180:	0014                	.insn	2, 0x0014
 182:	0501                	.insn	2, 0x0501
 184:	09000343          	.insn	4, 0x09000343
 188:	0010                	.insn	2, 0x0010
 18a:	0501                	.insn	2, 0x0501
 18c:	0360                	.insn	2, 0x0360
 18e:	0900                	.insn	2, 0x0900
 190:	0004                	.insn	2, 0x0004
 192:	0501                	.insn	2, 0x0501
 194:	09010347          	.insn	4, 0x09010347
 198:	0014                	.insn	2, 0x0014
 19a:	0501                	.insn	2, 0x0501
 19c:	0349                	.insn	2, 0x0349
 19e:	0900                	.insn	2, 0x0900
 1a0:	0010                	.insn	2, 0x0010
 1a2:	0501                	.insn	2, 0x0501
 1a4:	0366                	.insn	2, 0x0366
 1a6:	0900                	.insn	2, 0x0900
 1a8:	0004                	.insn	2, 0x0004
 1aa:	0501                	.insn	2, 0x0501
 1ac:	0344                	.insn	2, 0x0344
 1ae:	0901                	.insn	2, 0x0901
 1b0:	0014                	.insn	2, 0x0014
 1b2:	0501                	.insn	2, 0x0501
 1b4:	0346                	.insn	2, 0x0346
 1b6:	0900                	.insn	2, 0x0900
 1b8:	0010                	.insn	2, 0x0010
 1ba:	0501                	.insn	2, 0x0501
 1bc:	09000363          	beq	zero,a6,242 <_prog_start-0x87fffdbe>
 1c0:	0004                	.insn	2, 0x0004
 1c2:	0501                	.insn	2, 0x0501
 1c4:	0346                	.insn	2, 0x0346
 1c6:	0901                	.insn	2, 0x0901
 1c8:	0014                	.insn	2, 0x0014
 1ca:	0501                	.insn	2, 0x0501
 1cc:	0348                	.insn	2, 0x0348
 1ce:	0900                	.insn	2, 0x0900
 1d0:	0010                	.insn	2, 0x0010
 1d2:	0501                	.insn	2, 0x0501
 1d4:	0365                	.insn	2, 0x0365
 1d6:	0900                	.insn	2, 0x0900
 1d8:	0004                	.insn	2, 0x0004
 1da:	0501                	.insn	2, 0x0501
 1dc:	0301                	.insn	2, 0x0301
 1de:	00140903          	lb	s2,1(s0)
 1e2:	0501                	.insn	2, 0x0501
 1e4:	09010303          	lb	t1,144(sp)
 1e8:	0010                	.insn	2, 0x0010
 1ea:	0501                	.insn	2, 0x0501
 1ec:	031e                	.insn	2, 0x031e
 1ee:	0900                	.insn	2, 0x0900
 1f0:	0008                	.insn	2, 0x0008
 1f2:	0501                	.insn	2, 0x0501
 1f4:	09010303          	lb	t1,144(sp)
 1f8:	0008                	.insn	2, 0x0008
 1fa:	0501                	.insn	2, 0x0501
 1fc:	0321                	.insn	2, 0x0321
 1fe:	0900                	.insn	2, 0x0900
 200:	0008                	.insn	2, 0x0008
 202:	0501                	.insn	2, 0x0501
 204:	09010303          	lb	t1,144(sp)
 208:	0004                	.insn	2, 0x0004
 20a:	0501                	.insn	2, 0x0501
 20c:	0321                	.insn	2, 0x0321
 20e:	0900                	.insn	2, 0x0900
 210:	0008                	.insn	2, 0x0008
 212:	0501                	.insn	2, 0x0501
 214:	0301                	.insn	2, 0x0301
 216:	0901                	.insn	2, 0x0901
 218:	0008                	.insn	2, 0x0008
 21a:	0301                	.insn	2, 0x0301
 21c:	00140903          	lb	s2,1(s0)
 220:	0501                	.insn	2, 0x0501
 222:	030d                	.insn	2, 0x030d
 224:	0901                	.insn	2, 0x0901
 226:	0010                	.insn	2, 0x0010
 228:	0501                	.insn	2, 0x0501
 22a:	09010303          	lb	t1,144(sp)
 22e:	000c                	.insn	2, 0x000c
 230:	0501                	.insn	2, 0x0501
 232:	031f 0900 0008      	.insn	6, 0x00080900031f
 238:	0501                	.insn	2, 0x0501
 23a:	09010303          	lb	t1,144(sp)
 23e:	0004                	.insn	2, 0x0004
 240:	0501                	.insn	2, 0x0501
 242:	0320                	.insn	2, 0x0320
 244:	0900                	.insn	2, 0x0900
 246:	0008                	.insn	2, 0x0008
 248:	0501                	.insn	2, 0x0501
 24a:	09010303          	lb	t1,144(sp)
 24e:	0004                	.insn	2, 0x0004
 250:	0501                	.insn	2, 0x0501
 252:	031d                	.insn	2, 0x031d
 254:	0900                	.insn	2, 0x0900
 256:	0008                	.insn	2, 0x0008
 258:	0501                	.insn	2, 0x0501
 25a:	09010303          	lb	t1,144(sp)
 25e:	0004                	.insn	2, 0x0004
 260:	0501                	.insn	2, 0x0501
 262:	0321                	.insn	2, 0x0321
 264:	0900                	.insn	2, 0x0900
 266:	0008                	.insn	2, 0x0008
 268:	0501                	.insn	2, 0x0501
 26a:	09010303          	lb	t1,144(sp)
 26e:	0004                	.insn	2, 0x0004
 270:	0501                	.insn	2, 0x0501
 272:	0321                	.insn	2, 0x0321
 274:	0900                	.insn	2, 0x0900
 276:	0008                	.insn	2, 0x0008
 278:	0501                	.insn	2, 0x0501
 27a:	09010303          	lb	t1,144(sp)
 27e:	0010                	.insn	2, 0x0010
 280:	0501                	.insn	2, 0x0501
 282:	0320                	.insn	2, 0x0320
 284:	0900                	.insn	2, 0x0900
 286:	0008                	.insn	2, 0x0008
 288:	0501                	.insn	2, 0x0501
 28a:	0301                	.insn	2, 0x0301
 28c:	0901                	.insn	2, 0x0901
 28e:	0008                	.insn	2, 0x0008
 290:	0301                	.insn	2, 0x0301
 292:	00140903          	lb	s2,1(s0)
 296:	0501                	.insn	2, 0x0501
 298:	030d                	.insn	2, 0x030d
 29a:	0901                	.insn	2, 0x0901
 29c:	0010                	.insn	2, 0x0010
 29e:	0501                	.insn	2, 0x0501
 2a0:	09010303          	lb	t1,144(sp)
 2a4:	0020                	.insn	2, 0x0020
 2a6:	0501                	.insn	2, 0x0501
 2a8:	0321                	.insn	2, 0x0321
 2aa:	0900                	.insn	2, 0x0900
 2ac:	0008                	.insn	2, 0x0008
 2ae:	0501                	.insn	2, 0x0501
 2b0:	0301                	.insn	2, 0x0301
 2b2:	0901                	.insn	2, 0x0901
 2b4:	0010                	.insn	2, 0x0010
 2b6:	0301                	.insn	2, 0x0301
 2b8:	00140903          	lb	s2,1(s0)
 2bc:	0501                	.insn	2, 0x0501
 2be:	0309                	.insn	2, 0x0309
 2c0:	0901                	.insn	2, 0x0901
 2c2:	0018                	.insn	2, 0x0018
 2c4:	0501                	.insn	2, 0x0501
 2c6:	04020013          	addi	zero,tp,64 # 40 <_prog_start-0x87ffffc0>
 2ca:	0301                	.insn	2, 0x0301
 2cc:	0900                	.insn	2, 0x0900
 2ce:	0004                	.insn	2, 0x0004
 2d0:	0501                	.insn	2, 0x0501
 2d2:	0031                	.insn	2, 0x0031
 2d4:	0402                	.insn	2, 0x0402
 2d6:	0301                	.insn	2, 0x0301
 2d8:	0900                	.insn	2, 0x0900
 2da:	000c                	.insn	2, 0x000c
 2dc:	0501                	.insn	2, 0x0501
 2de:	09020303          	lb	t1,144(tp) # 90 <_prog_start-0x87ffff70>
 2e2:	0004                	.insn	2, 0x0004
 2e4:	0501                	.insn	2, 0x0501
 2e6:	09000323          	sb	a6,134(zero) # 86 <_prog_start-0x87ffff7a>
 2ea:	0004                	.insn	2, 0x0004
 2ec:	0501                	.insn	2, 0x0501
 2ee:	0321                	.insn	2, 0x0321
 2f0:	0900                	.insn	2, 0x0900
 2f2:	0008                	.insn	2, 0x0008
 2f4:	0501                	.insn	2, 0x0501
 2f6:	0301                	.insn	2, 0x0301
 2f8:	0901                	.insn	2, 0x0901
 2fa:	0004                	.insn	2, 0x0004
 2fc:	0301                	.insn	2, 0x0301
 2fe:	00140903          	lb	s2,1(s0)
 302:	0501                	.insn	2, 0x0501
 304:	0309                	.insn	2, 0x0309
 306:	0901                	.insn	2, 0x0901
 308:	0014                	.insn	2, 0x0014
 30a:	0301                	.insn	2, 0x0301
 30c:	0901                	.insn	2, 0x0901
 30e:	0004                	.insn	2, 0x0004
 310:	0501                	.insn	2, 0x0501
 312:	0308                	.insn	2, 0x0308
 314:	0900                	.insn	2, 0x0900
 316:	0008                	.insn	2, 0x0008
 318:	0501                	.insn	2, 0x0501
 31a:	09010307          	.insn	4, 0x09010307
 31e:	000c                	.insn	2, 0x000c
 320:	0501                	.insn	2, 0x0501
 322:	0311                	.insn	2, 0x0311
 324:	0902                	.insn	2, 0x0902
 326:	0008                	.insn	2, 0x0008
 328:	0501                	.insn	2, 0x0501
 32a:	0305                	.insn	2, 0x0305
 32c:	0900                	.insn	2, 0x0900
 32e:	000c                	.insn	2, 0x000c
 330:	0501                	.insn	2, 0x0501
 332:	030a                	.insn	2, 0x030a
 334:	097c                	.insn	2, 0x097c
 336:	000c                	.insn	2, 0x000c
 338:	0501                	.insn	2, 0x0501
 33a:	030d                	.insn	2, 0x030d
 33c:	0900                	.insn	2, 0x0900
 33e:	0008                	.insn	2, 0x0008
 340:	0501                	.insn	2, 0x0501
 342:	0301                	.insn	2, 0x0301
 344:	0906                	.insn	2, 0x0906
 346:	0004                	.insn	2, 0x0004
 348:	0301                	.insn	2, 0x0301
 34a:	00180903          	lb	s2,1(a6)
 34e:	0501                	.insn	2, 0x0501
 350:	09030303          	lb	t1,144(t1)
 354:	0014                	.insn	2, 0x0014
 356:	0501                	.insn	2, 0x0501
 358:	030e                	.insn	2, 0x030e
 35a:	0901                	.insn	2, 0x0901
 35c:	000c                	.insn	2, 0x000c
 35e:	0501                	.insn	2, 0x0501
 360:	09000303          	lb	t1,144(zero) # 90 <_prog_start-0x87ffff70>
 364:	0008                	.insn	2, 0x0008
 366:	0501                	.insn	2, 0x0501
 368:	09010323          	sb	a6,134(sp)
 36c:	0004                	.insn	2, 0x0004
 36e:	0501                	.insn	2, 0x0501
 370:	0314                	.insn	2, 0x0314
 372:	0900                	.insn	2, 0x0900
 374:	0010                	.insn	2, 0x0010
 376:	0501                	.insn	2, 0x0501
 378:	0305                	.insn	2, 0x0305
 37a:	0901                	.insn	2, 0x0901
 37c:	0008                	.insn	2, 0x0008
 37e:	0501                	.insn	2, 0x0501
 380:	0024                	.insn	2, 0x0024
 382:	0402                	.insn	2, 0x0402
 384:	0301                	.insn	2, 0x0301
 386:	0900                	.insn	2, 0x0900
 388:	000c                	.insn	2, 0x000c
 38a:	0501                	.insn	2, 0x0501
 38c:	0005                	.insn	2, 0x0005
 38e:	0402                	.insn	2, 0x0402
 390:	0301                	.insn	2, 0x0301
 392:	0900                	.insn	2, 0x0900
 394:	0008                	.insn	2, 0x0008
 396:	0501                	.insn	2, 0x0501
 398:	0034                	.insn	2, 0x0034
 39a:	0402                	.insn	2, 0x0402
 39c:	0302                	.insn	2, 0x0302
 39e:	0900                	.insn	2, 0x0900
 3a0:	000c                	.insn	2, 0x000c
 3a2:	0501                	.insn	2, 0x0501
 3a4:	0005                	.insn	2, 0x0005
 3a6:	0402                	.insn	2, 0x0402
 3a8:	0302                	.insn	2, 0x0302
 3aa:	0900                	.insn	2, 0x0900
 3ac:	0008                	.insn	2, 0x0008
 3ae:	0001                	.insn	2, 0x0001
 3b0:	0402                	.insn	2, 0x0402
 3b2:	0604                	.insn	2, 0x0604
 3b4:	08090003          	lb	zero,128(s2)
 3b8:	0100                	.insn	2, 0x0100
 3ba:	2605                	.insn	2, 0x2605
 3bc:	0200                	.insn	2, 0x0200
 3be:	0204                	.insn	2, 0x0204
 3c0:	0306                	.insn	2, 0x0306
 3c2:	097e                	.insn	2, 0x097e
 3c4:	0008                	.insn	2, 0x0008
 3c6:	0501                	.insn	2, 0x0501
 3c8:	001a                	.insn	2, 0x001a
 3ca:	0402                	.insn	2, 0x0402
 3cc:	0301                	.insn	2, 0x0301
 3ce:	0900                	.insn	2, 0x0900
 3d0:	000c                	.insn	2, 0x000c
 3d2:	0501                	.insn	2, 0x0501
 3d4:	0301                	.insn	2, 0x0301
 3d6:	0904                	.insn	2, 0x0904
 3d8:	000c                	.insn	2, 0x000c
 3da:	0301                	.insn	2, 0x0301
 3dc:	00180903          	lb	s2,1(a6)
 3e0:	0501                	.insn	2, 0x0501
 3e2:	09020307          	.insn	4, 0x09020307
 3e6:	0014                	.insn	2, 0x0014
 3e8:	0501                	.insn	2, 0x0501
 3ea:	0306                	.insn	2, 0x0306
 3ec:	0902                	.insn	2, 0x0902
 3ee:	0004                	.insn	2, 0x0004
 3f0:	0501                	.insn	2, 0x0501
 3f2:	0305                	.insn	2, 0x0305
 3f4:	0901                	.insn	2, 0x0901
 3f6:	0008                	.insn	2, 0x0008
 3f8:	0501                	.insn	2, 0x0501
 3fa:	0320                	.insn	2, 0x0320
 3fc:	0905                	.insn	2, 0x0905
 3fe:	000c                	.insn	2, 0x000c
 400:	0501                	.insn	2, 0x0501
 402:	09000317          	auipc	t1,0x9000
 406:	002c                	.insn	2, 0x002c
 408:	0501                	.insn	2, 0x0501
 40a:	030d                	.insn	2, 0x030d
 40c:	0900                	.insn	2, 0x0900
 40e:	0004                	.insn	2, 0x0004
 410:	0501                	.insn	2, 0x0501
 412:	09000317          	auipc	t1,0x9000
 416:	000c                	.insn	2, 0x000c
 418:	0501                	.insn	2, 0x0501
 41a:	0311                	.insn	2, 0x0311
 41c:	0900                	.insn	2, 0x0900
 41e:	0008                	.insn	2, 0x0008
 420:	0501                	.insn	2, 0x0501
 422:	0901030b          	.insn	4, 0x0901030b
 426:	000c                	.insn	2, 0x000c
 428:	0501                	.insn	2, 0x0501
 42a:	0310                	.insn	2, 0x0310
 42c:	097e                	.insn	2, 0x097e
 42e:	001c                	.insn	2, 0x001c
 430:	0501                	.insn	2, 0x0501
 432:	0309                	.insn	2, 0x0309
 434:	0905                	.insn	2, 0x0905
 436:	0008                	.insn	2, 0x0008
 438:	0501                	.insn	2, 0x0501
 43a:	0305                	.insn	2, 0x0305
 43c:	0901                	.insn	2, 0x0901
 43e:	0004                	.insn	2, 0x0004
 440:	0501                	.insn	2, 0x0501
 442:	030c                	.insn	2, 0x030c
 444:	097f 0024 0501 0301 	.insn	10, 0x0903030105010024097f
 44c:	0903 
 44e:	000c                	.insn	2, 0x000c
 450:	0301                	.insn	2, 0x0301
 452:	00100903          	lb	s2,1(zero) # 1 <_prog_start-0x87ffffff>
 456:	0501                	.insn	2, 0x0501
 458:	0309                	.insn	2, 0x0309
 45a:	0901                	.insn	2, 0x0901
 45c:	0014                	.insn	2, 0x0014
 45e:	0501                	.insn	2, 0x0501
 460:	0305                	.insn	2, 0x0305
 462:	0901                	.insn	2, 0x0901
 464:	0004                	.insn	2, 0x0004
 466:	0501                	.insn	2, 0x0501
 468:	0310                	.insn	2, 0x0310
 46a:	097f 0004 0501 0313 	.insn	10, 0x0900031305010004097f
 472:	0900 
 474:	000c                	.insn	2, 0x000c
 476:	0501                	.insn	2, 0x0501
 478:	0301                	.insn	2, 0x0301
 47a:	00040903          	lb	s2,0(s0)
 47e:	0301                	.insn	2, 0x0301
 480:	00180903          	lb	s2,1(a6)
 484:	0501                	.insn	2, 0x0501
 486:	09010303          	lb	t1,144(sp)
 48a:	001c                	.insn	2, 0x001c
 48c:	0301                	.insn	2, 0x0301
 48e:	0901                	.insn	2, 0x0901
 490:	0008                	.insn	2, 0x0008
 492:	0301                	.insn	2, 0x0301
 494:	0901                	.insn	2, 0x0901
 496:	000c                	.insn	2, 0x000c
 498:	0301                	.insn	2, 0x0301
 49a:	0901                	.insn	2, 0x0901
 49c:	0008                	.insn	2, 0x0008
 49e:	0301                	.insn	2, 0x0301
 4a0:	0901                	.insn	2, 0x0901
 4a2:	000c                	.insn	2, 0x000c
 4a4:	0301                	.insn	2, 0x0301
 4a6:	0901                	.insn	2, 0x0901
 4a8:	0008                	.insn	2, 0x0008
 4aa:	0501                	.insn	2, 0x0501
 4ac:	0301                	.insn	2, 0x0301
 4ae:	0901                	.insn	2, 0x0901
 4b0:	000c                	.insn	2, 0x000c
 4b2:	0301                	.insn	2, 0x0301
 4b4:	00140903          	lb	s2,1(s0)
 4b8:	0501                	.insn	2, 0x0501
 4ba:	09010323          	sb	a6,134(sp)
 4be:	0014                	.insn	2, 0x0014
 4c0:	0501                	.insn	2, 0x0501
 4c2:	030a                	.insn	2, 0x030a
 4c4:	0901                	.insn	2, 0x0901
 4c6:	0008                	.insn	2, 0x0008
 4c8:	0501                	.insn	2, 0x0501
 4ca:	0301                	.insn	2, 0x0301
 4cc:	0901                	.insn	2, 0x0901
 4ce:	0008                	.insn	2, 0x0008
 4d0:	0301                	.insn	2, 0x0301
 4d2:	00140903          	lb	s2,1(s0)
 4d6:	0501                	.insn	2, 0x0501
 4d8:	09010303          	lb	t1,144(sp)
 4dc:	001c                	.insn	2, 0x001c
 4de:	0301                	.insn	2, 0x0301
 4e0:	0901                	.insn	2, 0x0901
 4e2:	0008                	.insn	2, 0x0008
 4e4:	0001                	.insn	2, 0x0001
 4e6:	0402                	.insn	2, 0x0402
 4e8:	0601                	.insn	2, 0x0601
 4ea:	0c090003          	lb	zero,192(s2)
 4ee:	0100                	.insn	2, 0x0100
 4f0:	0200                	.insn	2, 0x0200
 4f2:	0204                	.insn	2, 0x0204
 4f4:	0c090003          	lb	zero,192(s2)
 4f8:	0100                	.insn	2, 0x0100
 4fa:	0200                	.insn	2, 0x0200
 4fc:	0404                	.insn	2, 0x0404
 4fe:	08090003          	lb	zero,128(s2)
 502:	0100                	.insn	2, 0x0100
 504:	0105                	.insn	2, 0x0105
 506:	0306                	.insn	2, 0x0306
 508:	0901                	.insn	2, 0x0901
 50a:	0008                	.insn	2, 0x0008
 50c:	0301                	.insn	2, 0x0301
 50e:	00140903          	lb	s2,1(s0)
 512:	0501                	.insn	2, 0x0501
 514:	0306                	.insn	2, 0x0306
 516:	0901                	.insn	2, 0x0901
 518:	0020                	.insn	2, 0x0020
 51a:	0501                	.insn	2, 0x0501
 51c:	030c                	.insn	2, 0x030c
 51e:	0901                	.insn	2, 0x0901
 520:	000c                	.insn	2, 0x000c
 522:	0501                	.insn	2, 0x0501
 524:	0306                	.insn	2, 0x0306
 526:	0902                	.insn	2, 0x0902
 528:	0008                	.insn	2, 0x0008
 52a:	0501                	.insn	2, 0x0501
 52c:	0011                	.insn	2, 0x0011
 52e:	0402                	.insn	2, 0x0402
 530:	0301                	.insn	2, 0x0301
 532:	0900                	.insn	2, 0x0900
 534:	0008                	.insn	2, 0x0008
 536:	0501                	.insn	2, 0x0501
 538:	030c                	.insn	2, 0x030c
 53a:	0901                	.insn	2, 0x0901
 53c:	000c                	.insn	2, 0x000c
 53e:	0501                	.insn	2, 0x0501
 540:	030a                	.insn	2, 0x030a
 542:	0902                	.insn	2, 0x0902
 544:	0008                	.insn	2, 0x0008
 546:	0501                	.insn	2, 0x0501
 548:	0301                	.insn	2, 0x0301
 54a:	0901                	.insn	2, 0x0901
 54c:	0004                	.insn	2, 0x0004
 54e:	0301                	.insn	2, 0x0301
 550:	00140903          	lb	s2,1(s0)
 554:	0501                	.insn	2, 0x0501
 556:	09010303          	lb	t1,144(sp)
 55a:	0018                	.insn	2, 0x0018
 55c:	0301                	.insn	2, 0x0301
 55e:	0901                	.insn	2, 0x0901
 560:	0008                	.insn	2, 0x0008
 562:	0301                	.insn	2, 0x0301
 564:	0901                	.insn	2, 0x0901
 566:	0008                	.insn	2, 0x0008
 568:	0501                	.insn	2, 0x0501
 56a:	0301                	.insn	2, 0x0301
 56c:	0901                	.insn	2, 0x0901
 56e:	000c                	.insn	2, 0x000c
 570:	0301                	.insn	2, 0x0301
 572:	0905                	.insn	2, 0x0905
 574:	0014                	.insn	2, 0x0014
 576:	0501                	.insn	2, 0x0501
 578:	0311                	.insn	2, 0x0311
 57a:	0901                	.insn	2, 0x0901
 57c:	001c                	.insn	2, 0x001c
 57e:	0501                	.insn	2, 0x0501
 580:	09010303          	lb	t1,144(sp)
 584:	0008                	.insn	2, 0x0008
 586:	0301                	.insn	2, 0x0301
 588:	0901                	.insn	2, 0x0901
 58a:	0004                	.insn	2, 0x0004
 58c:	0501                	.insn	2, 0x0501
 58e:	0309                	.insn	2, 0x0309
 590:	0901                	.insn	2, 0x0901
 592:	0014                	.insn	2, 0x0014
 594:	0501                	.insn	2, 0x0501
 596:	0301                	.insn	2, 0x0301
 598:	0905                	.insn	2, 0x0905
 59a:	0008                	.insn	2, 0x0008
 59c:	0501                	.insn	2, 0x0501
 59e:	030c                	.insn	2, 0x030c
 5a0:	0901                	.insn	2, 0x0901
 5a2:	0010                	.insn	2, 0x0010
 5a4:	0301                	.insn	2, 0x0301
 5a6:	0901                	.insn	2, 0x0901
 5a8:	0004                	.insn	2, 0x0004
 5aa:	0301                	.insn	2, 0x0301
 5ac:	0901                	.insn	2, 0x0901
 5ae:	0004                	.insn	2, 0x0004
 5b0:	0301                	.insn	2, 0x0301
 5b2:	0901                	.insn	2, 0x0901
 5b4:	000c                	.insn	2, 0x000c
 5b6:	0301                	.insn	2, 0x0301
 5b8:	0901                	.insn	2, 0x0901
 5ba:	0004                	.insn	2, 0x0004
 5bc:	0301                	.insn	2, 0x0301
 5be:	0901                	.insn	2, 0x0901
 5c0:	000c                	.insn	2, 0x000c
 5c2:	0301                	.insn	2, 0x0301
 5c4:	0901                	.insn	2, 0x0901
 5c6:	0004                	.insn	2, 0x0004
 5c8:	0301                	.insn	2, 0x0301
 5ca:	0901                	.insn	2, 0x0901
 5cc:	000c                	.insn	2, 0x000c
 5ce:	0301                	.insn	2, 0x0301
 5d0:	0901                	.insn	2, 0x0901
 5d2:	0004                	.insn	2, 0x0004
 5d4:	0301                	.insn	2, 0x0301
 5d6:	0901                	.insn	2, 0x0901
 5d8:	000c                	.insn	2, 0x000c
 5da:	0301                	.insn	2, 0x0301
 5dc:	0901                	.insn	2, 0x0901
 5de:	0004                	.insn	2, 0x0004
 5e0:	0501                	.insn	2, 0x0501
 5e2:	09010307          	.insn	4, 0x09010307
 5e6:	000c                	.insn	2, 0x000c
 5e8:	0301                	.insn	2, 0x0301
 5ea:	0901                	.insn	2, 0x0901
 5ec:	0004                	.insn	2, 0x0004
 5ee:	0301                	.insn	2, 0x0301
 5f0:	0901                	.insn	2, 0x0901
 5f2:	0004                	.insn	2, 0x0004
 5f4:	0301                	.insn	2, 0x0301
 5f6:	0901                	.insn	2, 0x0901
 5f8:	0004                	.insn	2, 0x0004
 5fa:	0301                	.insn	2, 0x0301
 5fc:	0901                	.insn	2, 0x0901
 5fe:	0004                	.insn	2, 0x0004
 600:	0301                	.insn	2, 0x0301
 602:	0901                	.insn	2, 0x0901
 604:	0004                	.insn	2, 0x0004
 606:	0301                	.insn	2, 0x0301
 608:	0901                	.insn	2, 0x0901
 60a:	0004                	.insn	2, 0x0004
 60c:	0501                	.insn	2, 0x0501
 60e:	09020303          	lb	t1,144(tp) # 90 <_prog_start-0x87ffff70>
 612:	0004                	.insn	2, 0x0004
 614:	0301                	.insn	2, 0x0301
 616:	0901                	.insn	2, 0x0901
 618:	0004                	.insn	2, 0x0004
 61a:	0301                	.insn	2, 0x0301
 61c:	0902                	.insn	2, 0x0902
 61e:	0004                	.insn	2, 0x0004
 620:	0301                	.insn	2, 0x0301
 622:	0901                	.insn	2, 0x0901
 624:	0004                	.insn	2, 0x0004
 626:	0301                	.insn	2, 0x0301
 628:	0901                	.insn	2, 0x0901
 62a:	000c                	.insn	2, 0x000c
 62c:	0301                	.insn	2, 0x0301
 62e:	0901                	.insn	2, 0x0901
 630:	0018                	.insn	2, 0x0018
 632:	0301                	.insn	2, 0x0301
 634:	0901                	.insn	2, 0x0901
 636:	001c                	.insn	2, 0x001c
 638:	0501                	.insn	2, 0x0501
 63a:	0315                	.insn	2, 0x0315
 63c:	0902                	.insn	2, 0x0902
 63e:	0018                	.insn	2, 0x0018
 640:	0501                	.insn	2, 0x0501
 642:	0306                	.insn	2, 0x0306
 644:	0900                	.insn	2, 0x0900
 646:	0010                	.insn	2, 0x0010
 648:	0501                	.insn	2, 0x0501
 64a:	0315                	.insn	2, 0x0315
 64c:	0901                	.insn	2, 0x0901
 64e:	0010                	.insn	2, 0x0010
 650:	0501                	.insn	2, 0x0501
 652:	0402003b          	.insn	4, 0x0402003b
 656:	0301                	.insn	2, 0x0301
 658:	097f 0010 0501 0311 	.insn	10, 0x0902031105010010097f
 660:	0902 
 662:	0008                	.insn	2, 0x0008
 664:	0501                	.insn	2, 0x0501
 666:	0901031b          	addiw	t1,sp,144
 66a:	0008                	.insn	2, 0x0008
 66c:	0501                	.insn	2, 0x0501
 66e:	0900030b          	.insn	4, 0x0900030b
 672:	000c                	.insn	2, 0x000c
 674:	0501                	.insn	2, 0x0501
 676:	09010323          	sb	a6,134(sp)
 67a:	0008                	.insn	2, 0x0008
 67c:	0501                	.insn	2, 0x0501
 67e:	09000313          	li	t1,144
 682:	000c                	.insn	2, 0x000c
 684:	0501                	.insn	2, 0x0501
 686:	09010323          	sb	a6,134(sp)
 68a:	0008                	.insn	2, 0x0008
 68c:	0501                	.insn	2, 0x0501
 68e:	09000313          	li	t1,144
 692:	000c                	.insn	2, 0x000c
 694:	0501                	.insn	2, 0x0501
 696:	0321                	.insn	2, 0x0321
 698:	0901                	.insn	2, 0x0901
 69a:	0008                	.insn	2, 0x0008
 69c:	0501                	.insn	2, 0x0501
 69e:	0311                	.insn	2, 0x0311
 6a0:	0900                	.insn	2, 0x0900
 6a2:	000c                	.insn	2, 0x000c
 6a4:	0501                	.insn	2, 0x0501
 6a6:	0321                	.insn	2, 0x0321
 6a8:	0901                	.insn	2, 0x0901
 6aa:	0008                	.insn	2, 0x0008
 6ac:	0501                	.insn	2, 0x0501
 6ae:	0311                	.insn	2, 0x0311
 6b0:	0900                	.insn	2, 0x0900
 6b2:	000c                	.insn	2, 0x000c
 6b4:	0501                	.insn	2, 0x0501
 6b6:	031e                	.insn	2, 0x031e
 6b8:	0901                	.insn	2, 0x0901
 6ba:	0008                	.insn	2, 0x0008
 6bc:	0501                	.insn	2, 0x0501
 6be:	030e                	.insn	2, 0x030e
 6c0:	0900                	.insn	2, 0x0900
 6c2:	000c                	.insn	2, 0x000c
 6c4:	0501                	.insn	2, 0x0501
 6c6:	031e                	.insn	2, 0x031e
 6c8:	0901                	.insn	2, 0x0901
 6ca:	0008                	.insn	2, 0x0008
 6cc:	0501                	.insn	2, 0x0501
 6ce:	030e                	.insn	2, 0x030e
 6d0:	0900                	.insn	2, 0x0900
 6d2:	000c                	.insn	2, 0x000c
 6d4:	0501                	.insn	2, 0x0501
 6d6:	0322                	.insn	2, 0x0322
 6d8:	0901                	.insn	2, 0x0901
 6da:	0008                	.insn	2, 0x0008
 6dc:	0501                	.insn	2, 0x0501
 6de:	0312                	.insn	2, 0x0312
 6e0:	0900                	.insn	2, 0x0900
 6e2:	000c                	.insn	2, 0x000c
 6e4:	0501                	.insn	2, 0x0501
 6e6:	0322                	.insn	2, 0x0322
 6e8:	0901                	.insn	2, 0x0901
 6ea:	0008                	.insn	2, 0x0008
 6ec:	0501                	.insn	2, 0x0501
 6ee:	0312                	.insn	2, 0x0312
 6f0:	0900                	.insn	2, 0x0900
 6f2:	000c                	.insn	2, 0x000c
 6f4:	0501                	.insn	2, 0x0501
 6f6:	031f 0901 0008      	.insn	6, 0x00080901031f
 6fc:	0501                	.insn	2, 0x0501
 6fe:	0900030f          	.insn	4, 0x0900030f
 702:	000c                	.insn	2, 0x000c
 704:	0501                	.insn	2, 0x0501
 706:	09030303          	lb	t1,144(t1) # 90004a2 <_prog_start-0x7efffb5e>
 70a:	0008                	.insn	2, 0x0008
 70c:	0501                	.insn	2, 0x0501
 70e:	0306                	.insn	2, 0x0306
 710:	0901                	.insn	2, 0x0901
 712:	0014                	.insn	2, 0x0014
 714:	0501                	.insn	2, 0x0501
 716:	0305                	.insn	2, 0x0305
 718:	0901                	.insn	2, 0x0901
 71a:	000c                	.insn	2, 0x000c
 71c:	0301                	.insn	2, 0x0301
 71e:	0901                	.insn	2, 0x0901
 720:	0014                	.insn	2, 0x0014
 722:	0301                	.insn	2, 0x0301
 724:	0901                	.insn	2, 0x0901
 726:	0008                	.insn	2, 0x0008
 728:	0501                	.insn	2, 0x0501
 72a:	09030303          	lb	t1,144(t1)
 72e:	000c                	.insn	2, 0x000c
 730:	0301                	.insn	2, 0x0301
 732:	0901                	.insn	2, 0x0901
 734:	0004                	.insn	2, 0x0004
 736:	0501                	.insn	2, 0x0501
 738:	0901031b          	addiw	t1,sp,144
 73c:	000c                	.insn	2, 0x000c
 73e:	0501                	.insn	2, 0x0501
 740:	0306                	.insn	2, 0x0306
 742:	0901                	.insn	2, 0x0901
 744:	0020                	.insn	2, 0x0020
 746:	0501                	.insn	2, 0x0501
 748:	001d                	.insn	2, 0x001d
 74a:	0402                	.insn	2, 0x0402
 74c:	0301                	.insn	2, 0x0301
 74e:	0900                	.insn	2, 0x0900
 750:	000c                	.insn	2, 0x000c
 752:	0501                	.insn	2, 0x0501
 754:	04020013          	addi	zero,tp,64 # 40 <_prog_start-0x87ffffc0>
 758:	0301                	.insn	2, 0x0301
 75a:	0900                	.insn	2, 0x0900
 75c:	0008                	.insn	2, 0x0008
 75e:	0501                	.insn	2, 0x0501
 760:	0305                	.insn	2, 0x0305
 762:	0901                	.insn	2, 0x0901
 764:	0004                	.insn	2, 0x0004
 766:	0301                	.insn	2, 0x0301
 768:	0901                	.insn	2, 0x0901
 76a:	0004                	.insn	2, 0x0004
 76c:	0301                	.insn	2, 0x0301
 76e:	0901                	.insn	2, 0x0901
 770:	0010                	.insn	2, 0x0010
 772:	0301                	.insn	2, 0x0301
 774:	0901                	.insn	2, 0x0901
 776:	0014                	.insn	2, 0x0014
 778:	0301                	.insn	2, 0x0301
 77a:	0901                	.insn	2, 0x0901
 77c:	000c                	.insn	2, 0x000c
 77e:	0001                	.insn	2, 0x0001
 780:	0402                	.insn	2, 0x0402
 782:	0601                	.insn	2, 0x0601
 784:	0c090003          	lb	zero,192(s2)
 788:	0100                	.insn	2, 0x0100
 78a:	0306                	.insn	2, 0x0306
 78c:	0901                	.insn	2, 0x0901
 78e:	0008                	.insn	2, 0x0008
 790:	0301                	.insn	2, 0x0301
 792:	0902                	.insn	2, 0x0902
 794:	0010                	.insn	2, 0x0010
 796:	0301                	.insn	2, 0x0301
 798:	0901                	.insn	2, 0x0901
 79a:	0010                	.insn	2, 0x0010
 79c:	0501                	.insn	2, 0x0501
 79e:	09020303          	lb	t1,144(tp) # 90 <_prog_start-0x87ffff70>
 7a2:	0014                	.insn	2, 0x0014
 7a4:	0301                	.insn	2, 0x0301
 7a6:	0902                	.insn	2, 0x0902
 7a8:	0014                	.insn	2, 0x0014
 7aa:	0301                	.insn	2, 0x0301
 7ac:	0901                	.insn	2, 0x0901
 7ae:	0004                	.insn	2, 0x0004
 7b0:	0501                	.insn	2, 0x0501
 7b2:	032e                	.insn	2, 0x032e
 7b4:	0901                	.insn	2, 0x0901
 7b6:	000c                	.insn	2, 0x000c
 7b8:	0501                	.insn	2, 0x0501
 7ba:	0031                	.insn	2, 0x0031
 7bc:	0402                	.insn	2, 0x0402
 7be:	0302                	.insn	2, 0x0302
 7c0:	0900                	.insn	2, 0x0900
 7c2:	0008                	.insn	2, 0x0008
 7c4:	0501                	.insn	2, 0x0501
 7c6:	002e                	.insn	2, 0x002e
 7c8:	0402                	.insn	2, 0x0402
 7ca:	0301                	.insn	2, 0x0301
 7cc:	0900                	.insn	2, 0x0900
 7ce:	001c                	.insn	2, 0x001c
 7d0:	0001                	.insn	2, 0x0001
 7d2:	0402                	.insn	2, 0x0402
 7d4:	00030603          	lb	a2,0(t1)
 7d8:	0409                	.insn	2, 0x0409
 7da:	0100                	.insn	2, 0x0100
 7dc:	04090003          	lb	zero,64(s2)
 7e0:	0100                	.insn	2, 0x0100
 7e2:	0200                	.insn	2, 0x0200
 7e4:	0404                	.insn	2, 0x0404
 7e6:	04090003          	lb	zero,64(s2)
 7ea:	0100                	.insn	2, 0x0100
 7ec:	1805                	.insn	2, 0x1805
 7ee:	0200                	.insn	2, 0x0200
 7f0:	0604                	.insn	2, 0x0604
 7f2:	0306                	.insn	2, 0x0306
 7f4:	0900                	.insn	2, 0x0900
 7f6:	0004                	.insn	2, 0x0004
 7f8:	0501                	.insn	2, 0x0501
 7fa:	0306                	.insn	2, 0x0306
 7fc:	0901                	.insn	2, 0x0901
 7fe:	0004                	.insn	2, 0x0004
 800:	0501                	.insn	2, 0x0501
 802:	001d                	.insn	2, 0x001d
 804:	0402                	.insn	2, 0x0402
 806:	0301                	.insn	2, 0x0301
 808:	0900                	.insn	2, 0x0900
 80a:	000c                	.insn	2, 0x000c
 80c:	0501                	.insn	2, 0x0501
 80e:	04020013          	addi	zero,tp,64 # 40 <_prog_start-0x87ffffc0>
 812:	0301                	.insn	2, 0x0301
 814:	0900                	.insn	2, 0x0900
 816:	0008                	.insn	2, 0x0008
 818:	0501                	.insn	2, 0x0501
 81a:	0305                	.insn	2, 0x0305
 81c:	0901                	.insn	2, 0x0901
 81e:	0004                	.insn	2, 0x0004
 820:	0301                	.insn	2, 0x0301
 822:	0901                	.insn	2, 0x0901
 824:	0004                	.insn	2, 0x0004
 826:	0301                	.insn	2, 0x0301
 828:	0901                	.insn	2, 0x0901
 82a:	0010                	.insn	2, 0x0010
 82c:	0301                	.insn	2, 0x0301
 82e:	0901                	.insn	2, 0x0901
 830:	0014                	.insn	2, 0x0014
 832:	0301                	.insn	2, 0x0301
 834:	0901                	.insn	2, 0x0901
 836:	000c                	.insn	2, 0x000c
 838:	0001                	.insn	2, 0x0001
 83a:	0402                	.insn	2, 0x0402
 83c:	0601                	.insn	2, 0x0601
 83e:	0c090003          	lb	zero,192(s2)
 842:	0100                	.insn	2, 0x0100
 844:	0306                	.insn	2, 0x0306
 846:	0901                	.insn	2, 0x0901
 848:	0008                	.insn	2, 0x0008
 84a:	0301                	.insn	2, 0x0301
 84c:	0902                	.insn	2, 0x0902
 84e:	0010                	.insn	2, 0x0010
 850:	0301                	.insn	2, 0x0301
 852:	0901                	.insn	2, 0x0901
 854:	0010                	.insn	2, 0x0010
 856:	0501                	.insn	2, 0x0501
 858:	09020303          	lb	t1,144(tp) # 90 <_prog_start-0x87ffff70>
 85c:	0014                	.insn	2, 0x0014
 85e:	0301                	.insn	2, 0x0301
 860:	0902                	.insn	2, 0x0902
 862:	0014                	.insn	2, 0x0014
 864:	0301                	.insn	2, 0x0301
 866:	0901                	.insn	2, 0x0901
 868:	0004                	.insn	2, 0x0004
 86a:	0501                	.insn	2, 0x0501
 86c:	0319                	.insn	2, 0x0319
 86e:	0901                	.insn	2, 0x0901
 870:	000c                	.insn	2, 0x000c
 872:	0501                	.insn	2, 0x0501
 874:	0306                	.insn	2, 0x0306
 876:	0901                	.insn	2, 0x0901
 878:	0020                	.insn	2, 0x0020
 87a:	0501                	.insn	2, 0x0501
 87c:	001d                	.insn	2, 0x001d
 87e:	0402                	.insn	2, 0x0402
 880:	0301                	.insn	2, 0x0301
 882:	0900                	.insn	2, 0x0900
 884:	000c                	.insn	2, 0x000c
 886:	0501                	.insn	2, 0x0501
 888:	04020013          	addi	zero,tp,64 # 40 <_prog_start-0x87ffffc0>
 88c:	0301                	.insn	2, 0x0301
 88e:	0900                	.insn	2, 0x0900
 890:	0008                	.insn	2, 0x0008
 892:	0501                	.insn	2, 0x0501
 894:	0305                	.insn	2, 0x0305
 896:	0901                	.insn	2, 0x0901
 898:	0004                	.insn	2, 0x0004
 89a:	0301                	.insn	2, 0x0301
 89c:	0901                	.insn	2, 0x0901
 89e:	0004                	.insn	2, 0x0004
 8a0:	0301                	.insn	2, 0x0301
 8a2:	0901                	.insn	2, 0x0901
 8a4:	0010                	.insn	2, 0x0010
 8a6:	0301                	.insn	2, 0x0301
 8a8:	0901                	.insn	2, 0x0901
 8aa:	0014                	.insn	2, 0x0014
 8ac:	0301                	.insn	2, 0x0301
 8ae:	0901                	.insn	2, 0x0901
 8b0:	000c                	.insn	2, 0x000c
 8b2:	0001                	.insn	2, 0x0001
 8b4:	0402                	.insn	2, 0x0402
 8b6:	0601                	.insn	2, 0x0601
 8b8:	0c090003          	lb	zero,192(s2)
 8bc:	0100                	.insn	2, 0x0100
 8be:	0306                	.insn	2, 0x0306
 8c0:	0901                	.insn	2, 0x0901
 8c2:	0008                	.insn	2, 0x0008
 8c4:	0301                	.insn	2, 0x0301
 8c6:	0902                	.insn	2, 0x0902
 8c8:	0010                	.insn	2, 0x0010
 8ca:	0301                	.insn	2, 0x0301
 8cc:	0901                	.insn	2, 0x0901
 8ce:	0010                	.insn	2, 0x0010
 8d0:	0501                	.insn	2, 0x0501
 8d2:	09020303          	lb	t1,144(tp) # 90 <_prog_start-0x87ffff70>
 8d6:	0014                	.insn	2, 0x0014
 8d8:	0301                	.insn	2, 0x0301
 8da:	0902                	.insn	2, 0x0902
 8dc:	0014                	.insn	2, 0x0014
 8de:	0301                	.insn	2, 0x0301
 8e0:	0901                	.insn	2, 0x0901
 8e2:	0004                	.insn	2, 0x0004
 8e4:	0501                	.insn	2, 0x0501
 8e6:	0316                	.insn	2, 0x0316
 8e8:	0901                	.insn	2, 0x0901
 8ea:	000c                	.insn	2, 0x000c
 8ec:	0501                	.insn	2, 0x0501
 8ee:	0306                	.insn	2, 0x0306
 8f0:	0901                	.insn	2, 0x0901
 8f2:	0020                	.insn	2, 0x0020
 8f4:	0501                	.insn	2, 0x0501
 8f6:	001d                	.insn	2, 0x001d
 8f8:	0402                	.insn	2, 0x0402
 8fa:	0301                	.insn	2, 0x0301
 8fc:	0900                	.insn	2, 0x0900
 8fe:	000c                	.insn	2, 0x000c
 900:	0501                	.insn	2, 0x0501
 902:	04020013          	addi	zero,tp,64 # 40 <_prog_start-0x87ffffc0>
 906:	0301                	.insn	2, 0x0301
 908:	0900                	.insn	2, 0x0900
 90a:	0008                	.insn	2, 0x0008
 90c:	0501                	.insn	2, 0x0501
 90e:	0305                	.insn	2, 0x0305
 910:	0901                	.insn	2, 0x0901
 912:	0004                	.insn	2, 0x0004
 914:	0301                	.insn	2, 0x0301
 916:	0901                	.insn	2, 0x0901
 918:	0004                	.insn	2, 0x0004
 91a:	0301                	.insn	2, 0x0301
 91c:	0901                	.insn	2, 0x0901
 91e:	0010                	.insn	2, 0x0010
 920:	0301                	.insn	2, 0x0301
 922:	0901                	.insn	2, 0x0901
 924:	0014                	.insn	2, 0x0014
 926:	0301                	.insn	2, 0x0301
 928:	0901                	.insn	2, 0x0901
 92a:	000c                	.insn	2, 0x000c
 92c:	0001                	.insn	2, 0x0001
 92e:	0402                	.insn	2, 0x0402
 930:	0601                	.insn	2, 0x0601
 932:	0c090003          	lb	zero,192(s2)
 936:	0100                	.insn	2, 0x0100
 938:	0306                	.insn	2, 0x0306
 93a:	0901                	.insn	2, 0x0901
 93c:	0008                	.insn	2, 0x0008
 93e:	0301                	.insn	2, 0x0301
 940:	0902                	.insn	2, 0x0902
 942:	0010                	.insn	2, 0x0010
 944:	0301                	.insn	2, 0x0301
 946:	0901                	.insn	2, 0x0901
 948:	0010                	.insn	2, 0x0010
 94a:	0501                	.insn	2, 0x0501
 94c:	09020303          	lb	t1,144(tp) # 90 <_prog_start-0x87ffff70>
 950:	0014                	.insn	2, 0x0014
 952:	0301                	.insn	2, 0x0301
 954:	0902                	.insn	2, 0x0902
 956:	0014                	.insn	2, 0x0014
 958:	0501                	.insn	2, 0x0501
 95a:	031e                	.insn	2, 0x031e
 95c:	0901                	.insn	2, 0x0901
 95e:	0004                	.insn	2, 0x0004
 960:	0501                	.insn	2, 0x0501
 962:	0029                	.insn	2, 0x0029
 964:	0402                	.insn	2, 0x0402
 966:	0301                	.insn	2, 0x0301
 968:	0900                	.insn	2, 0x0900
 96a:	000c                	.insn	2, 0x000c
 96c:	0501                	.insn	2, 0x0501
 96e:	001e                	.insn	2, 0x001e
 970:	0402                	.insn	2, 0x0402
 972:	0301                	.insn	2, 0x0301
 974:	0900                	.insn	2, 0x0900
 976:	0008                	.insn	2, 0x0008
 978:	0001                	.insn	2, 0x0001
 97a:	0402                	.insn	2, 0x0402
 97c:	00030603          	lb	a2,0(t1)
 980:	0409                	.insn	2, 0x0409
 982:	0100                	.insn	2, 0x0100
 984:	04090003          	lb	zero,64(s2)
 988:	0100                	.insn	2, 0x0100
 98a:	0200                	.insn	2, 0x0200
 98c:	0404                	.insn	2, 0x0404
 98e:	04090003          	lb	zero,64(s2)
 992:	0100                	.insn	2, 0x0100
 994:	1005                	.insn	2, 0x1005
 996:	0200                	.insn	2, 0x0200
 998:	0604                	.insn	2, 0x0604
 99a:	0306                	.insn	2, 0x0306
 99c:	0900                	.insn	2, 0x0900
 99e:	0004                	.insn	2, 0x0004
 9a0:	0501                	.insn	2, 0x0501
 9a2:	0328                	.insn	2, 0x0328
 9a4:	0908                	.insn	2, 0x0908
 9a6:	0004                	.insn	2, 0x0004
 9a8:	0501                	.insn	2, 0x0501
 9aa:	097a031b          	addiw	t1,s4,151
 9ae:	000c                	.insn	2, 0x000c
 9b0:	0501                	.insn	2, 0x0501
 9b2:	031f 097f 0008      	.insn	6, 0x0008097f031f
 9b8:	0501                	.insn	2, 0x0501
 9ba:	0902031b          	addiw	t1,tp,144 # 90 <_prog_start-0x87ffff70>
 9be:	0004                	.insn	2, 0x0004
 9c0:	0501                	.insn	2, 0x0501
 9c2:	033e                	.insn	2, 0x033e
 9c4:	097f 0008 0501 031b 	.insn	10, 0x0902031b05010008097f
 9cc:	0902 
 9ce:	0004                	.insn	2, 0x0004
 9d0:	0501                	.insn	2, 0x0501
 9d2:	033c                	.insn	2, 0x033c
 9d4:	097f 0008 0501 0339 	.insn	10, 0x0901033905010008097f
 9dc:	0901 
 9de:	0004                	.insn	2, 0x0004
 9e0:	0501                	.insn	2, 0x0501
 9e2:	0329                	.insn	2, 0x0329
 9e4:	0901                	.insn	2, 0x0901
 9e6:	000c                	.insn	2, 0x000c
 9e8:	0501                	.insn	2, 0x0501
 9ea:	09010327          	.insn	4, 0x09010327
 9ee:	000c                	.insn	2, 0x000c
 9f0:	0501                	.insn	2, 0x0501
 9f2:	0324                	.insn	2, 0x0324
 9f4:	0901                	.insn	2, 0x0901
 9f6:	000c                	.insn	2, 0x000c
 9f8:	0501                	.insn	2, 0x0501
 9fa:	0028                	.insn	2, 0x0028
 9fc:	0402                	.insn	2, 0x0402
 9fe:	09010303          	lb	t1,144(sp)
 a02:	000c                	.insn	2, 0x000c
 a04:	0001                	.insn	2, 0x0001
 a06:	0402                	.insn	2, 0x0402
 a08:	0602                	.insn	2, 0x0602
 a0a:	0c090003          	lb	zero,192(s2)
 a0e:	0100                	.insn	2, 0x0100
 a10:	04090003          	lb	zero,64(s2)
 a14:	0100                	.insn	2, 0x0100
 a16:	0200                	.insn	2, 0x0200
 a18:	0104                	.insn	2, 0x0104
 a1a:	04090003          	lb	zero,64(s2)
 a1e:	0100                	.insn	2, 0x0100
 a20:	1105                	.insn	2, 0x1105
 a22:	0306                	.insn	2, 0x0306
 a24:	0979                	.insn	2, 0x0979
 a26:	0004                	.insn	2, 0x0004
 a28:	0501                	.insn	2, 0x0501
 a2a:	0306                	.insn	2, 0x0306
 a2c:	0909                	.insn	2, 0x0909
 a2e:	0004                	.insn	2, 0x0004
 a30:	0501                	.insn	2, 0x0501
 a32:	0305                	.insn	2, 0x0305
 a34:	0901                	.insn	2, 0x0901
 a36:	000c                	.insn	2, 0x000c
 a38:	0501                	.insn	2, 0x0501
 a3a:	09020303          	lb	t1,144(tp) # 90 <_prog_start-0x87ffff70>
 a3e:	0004                	.insn	2, 0x0004
 a40:	0301                	.insn	2, 0x0301
 a42:	0901                	.insn	2, 0x0901
 a44:	000c                	.insn	2, 0x000c
 a46:	0301                	.insn	2, 0x0301
 a48:	0901                	.insn	2, 0x0901
 a4a:	000c                	.insn	2, 0x000c
 a4c:	0301                	.insn	2, 0x0301
 a4e:	0901                	.insn	2, 0x0901
 a50:	0008                	.insn	2, 0x0008
 a52:	0301                	.insn	2, 0x0301
 a54:	0901                	.insn	2, 0x0901
 a56:	000c                	.insn	2, 0x000c
 a58:	0301                	.insn	2, 0x0301
 a5a:	0901                	.insn	2, 0x0901
 a5c:	0014                	.insn	2, 0x0014
 a5e:	0501                	.insn	2, 0x0501
 a60:	0306                	.insn	2, 0x0306
 a62:	0901                	.insn	2, 0x0901
 a64:	0014                	.insn	2, 0x0014
 a66:	0501                	.insn	2, 0x0501
 a68:	0305                	.insn	2, 0x0305
 a6a:	0901                	.insn	2, 0x0901
 a6c:	000c                	.insn	2, 0x000c
 a6e:	0301                	.insn	2, 0x0301
 a70:	0901                	.insn	2, 0x0901
 a72:	0004                	.insn	2, 0x0004
 a74:	0501                	.insn	2, 0x0501
 a76:	0316                	.insn	2, 0x0316
 a78:	0901                	.insn	2, 0x0901
 a7a:	0018                	.insn	2, 0x0018
 a7c:	0501                	.insn	2, 0x0501
 a7e:	030d                	.insn	2, 0x030d
 a80:	0900                	.insn	2, 0x0900
 a82:	0008                	.insn	2, 0x0008
 a84:	0501                	.insn	2, 0x0501
 a86:	0305                	.insn	2, 0x0305
 a88:	0901                	.insn	2, 0x0901
 a8a:	0004                	.insn	2, 0x0004
 a8c:	0301                	.insn	2, 0x0301
 a8e:	0901                	.insn	2, 0x0901
 a90:	0004                	.insn	2, 0x0004
 a92:	0501                	.insn	2, 0x0501
 a94:	0316                	.insn	2, 0x0316
 a96:	0901                	.insn	2, 0x0901
 a98:	0018                	.insn	2, 0x0018
 a9a:	0501                	.insn	2, 0x0501
 a9c:	030d                	.insn	2, 0x030d
 a9e:	0900                	.insn	2, 0x0900
 aa0:	0008                	.insn	2, 0x0008
 aa2:	0501                	.insn	2, 0x0501
 aa4:	0305                	.insn	2, 0x0305
 aa6:	0901                	.insn	2, 0x0901
 aa8:	0004                	.insn	2, 0x0004
 aaa:	0301                	.insn	2, 0x0301
 aac:	0901                	.insn	2, 0x0901
 aae:	0004                	.insn	2, 0x0004
 ab0:	0501                	.insn	2, 0x0501
 ab2:	0316                	.insn	2, 0x0316
 ab4:	0901                	.insn	2, 0x0901
 ab6:	0018                	.insn	2, 0x0018
 ab8:	0501                	.insn	2, 0x0501
 aba:	030d                	.insn	2, 0x030d
 abc:	0900                	.insn	2, 0x0900
 abe:	0008                	.insn	2, 0x0008
 ac0:	0501                	.insn	2, 0x0501
 ac2:	0305                	.insn	2, 0x0305
 ac4:	0901                	.insn	2, 0x0901
 ac6:	0004                	.insn	2, 0x0004
 ac8:	0301                	.insn	2, 0x0301
 aca:	0901                	.insn	2, 0x0901
 acc:	0004                	.insn	2, 0x0004
 ace:	0501                	.insn	2, 0x0501
 ad0:	030d                	.insn	2, 0x030d
 ad2:	0901                	.insn	2, 0x0901
 ad4:	0018                	.insn	2, 0x0018
 ad6:	0501                	.insn	2, 0x0501
 ad8:	0305                	.insn	2, 0x0305
 ada:	0901                	.insn	2, 0x0901
 adc:	000c                	.insn	2, 0x000c
 ade:	0301                	.insn	2, 0x0301
 ae0:	0901                	.insn	2, 0x0901
 ae2:	0004                	.insn	2, 0x0004
 ae4:	0501                	.insn	2, 0x0501
 ae6:	030d                	.insn	2, 0x030d
 ae8:	0901                	.insn	2, 0x0901
 aea:	0018                	.insn	2, 0x0018
 aec:	0501                	.insn	2, 0x0501
 aee:	0305                	.insn	2, 0x0305
 af0:	0901                	.insn	2, 0x0901
 af2:	000c                	.insn	2, 0x000c
 af4:	0301                	.insn	2, 0x0301
 af6:	0901                	.insn	2, 0x0901
 af8:	0004                	.insn	2, 0x0004
 afa:	0501                	.insn	2, 0x0501
 afc:	030d                	.insn	2, 0x030d
 afe:	0901                	.insn	2, 0x0901
 b00:	0018                	.insn	2, 0x0018
 b02:	0501                	.insn	2, 0x0501
 b04:	0305                	.insn	2, 0x0305
 b06:	0901                	.insn	2, 0x0901
 b08:	000c                	.insn	2, 0x000c
 b0a:	0301                	.insn	2, 0x0301
 b0c:	0901                	.insn	2, 0x0901
 b0e:	0004                	.insn	2, 0x0004
 b10:	0501                	.insn	2, 0x0501
 b12:	030d                	.insn	2, 0x030d
 b14:	0901                	.insn	2, 0x0901
 b16:	0018                	.insn	2, 0x0018
 b18:	0501                	.insn	2, 0x0501
 b1a:	0305                	.insn	2, 0x0305
 b1c:	0901                	.insn	2, 0x0901
 b1e:	000c                	.insn	2, 0x000c
 b20:	0301                	.insn	2, 0x0301
 b22:	0901                	.insn	2, 0x0901
 b24:	0004                	.insn	2, 0x0004
 b26:	0501                	.insn	2, 0x0501
 b28:	030d                	.insn	2, 0x030d
 b2a:	0901                	.insn	2, 0x0901
 b2c:	0018                	.insn	2, 0x0018
 b2e:	0501                	.insn	2, 0x0501
 b30:	0305                	.insn	2, 0x0305
 b32:	0901                	.insn	2, 0x0901
 b34:	000c                	.insn	2, 0x000c
 b36:	0301                	.insn	2, 0x0301
 b38:	0901                	.insn	2, 0x0901
 b3a:	0004                	.insn	2, 0x0004
 b3c:	0501                	.insn	2, 0x0501
 b3e:	030d                	.insn	2, 0x030d
 b40:	0901                	.insn	2, 0x0901
 b42:	0018                	.insn	2, 0x0018
 b44:	0501                	.insn	2, 0x0501
 b46:	0305                	.insn	2, 0x0305
 b48:	0901                	.insn	2, 0x0901
 b4a:	000c                	.insn	2, 0x000c
 b4c:	0301                	.insn	2, 0x0301
 b4e:	0901                	.insn	2, 0x0901
 b50:	0004                	.insn	2, 0x0004
 b52:	0301                	.insn	2, 0x0301
 b54:	0902                	.insn	2, 0x0902
 b56:	0018                	.insn	2, 0x0018
 b58:	0301                	.insn	2, 0x0301
 b5a:	0901                	.insn	2, 0x0901
 b5c:	0004                	.insn	2, 0x0004
 b5e:	0301                	.insn	2, 0x0301
 b60:	0901                	.insn	2, 0x0901
 b62:	0014                	.insn	2, 0x0014
 b64:	0501                	.insn	2, 0x0501
 b66:	09020303          	lb	t1,144(tp) # 90 <_prog_start-0x87ffff70>
 b6a:	0010                	.insn	2, 0x0010
 b6c:	0501                	.insn	2, 0x0501
 b6e:	0305                	.insn	2, 0x0305
 b70:	000c0903          	lb	s2,0(s8)
 b74:	0301                	.insn	2, 0x0301
 b76:	0901                	.insn	2, 0x0901
 b78:	0004                	.insn	2, 0x0004
 b7a:	0301                	.insn	2, 0x0301
 b7c:	0901                	.insn	2, 0x0901
 b7e:	000c                	.insn	2, 0x000c
 b80:	0301                	.insn	2, 0x0301
 b82:	0901                	.insn	2, 0x0901
 b84:	0014                	.insn	2, 0x0014
 b86:	0301                	.insn	2, 0x0301
 b88:	0901                	.insn	2, 0x0901
 b8a:	000c                	.insn	2, 0x000c
 b8c:	0001                	.insn	2, 0x0001
 b8e:	0402                	.insn	2, 0x0402
 b90:	0301                	.insn	2, 0x0301
 b92:	0901                	.insn	2, 0x0901
 b94:	0004                	.insn	2, 0x0004
 b96:	0301                	.insn	2, 0x0301
 b98:	000c097b          	.insn	4, 0x000c097b
 b9c:	0901                	.insn	2, 0x0901
 b9e:	0008                	.insn	2, 0x0008
 ba0:	0100                	.insn	2, 0x0100
 ba2:	Address 0xba2 is out of bounds.


Disassembly of section .debug_line_str:

0000000000000000 <.debug_line_str>:
   0:	6f6f722f          	.insn	4, 0x6f6f722f
   4:	2f74                	.insn	2, 0x2f74
   6:	70696863          	bltu	s2,t1,716 <_prog_start-0x87fff8ea>
   a:	6179                	.insn	2, 0x6179
   c:	6472                	.insn	2, 0x6472
   e:	6770662f          	.insn	4, 0x6770662f
  12:	2f61                	.insn	2, 0x2f61
  14:	696c                	.insn	2, 0x696c
  16:	756e                	.insn	2, 0x756e
  18:	2d78                	.insn	2, 0x2d78
  1a:	7262                	.insn	2, 0x7262
  1c:	6e69                	.insn	2, 0x6e69
  1e:	2f707567          	.insn	4, 0x2f707567
  22:	6170                	.insn	2, 0x6170
  24:	6c79                	.insn	2, 0x6c79
  26:	2f64616f          	jal	sp,4631c <_prog_start-0x87fb9ce4>
  2a:	696c                	.insn	2, 0x696c
  2c:	756e                	.insn	2, 0x756e
  2e:	2d78                	.insn	2, 0x2d78
  30:	69616863          	bltu	sp,s6,6c0 <_prog_start-0x87fff940>
  34:	006e                	.insn	2, 0x006e
  36:	6568                	.insn	2, 0x6568
  38:	6461                	.insn	2, 0x6461
  3a:	532e                	.insn	2, 0x532e
  3c:	2f00                	.insn	2, 0x2f00
  3e:	6f72                	.insn	2, 0x6f72
  40:	632f746f          	jal	s0,f7672 <_prog_start-0x87f0898e>
  44:	6968                	.insn	2, 0x6968
  46:	7970                	.insn	2, 0x7970
  48:	7261                	.insn	2, 0x7261
  4a:	2f64                	.insn	2, 0x2f64
  4c:	7066                	.insn	2, 0x7066
  4e:	6c2f6167          	.insn	4, 0x6c2f6167
  52:	6e69                	.insn	2, 0x6e69
  54:	7875                	.insn	2, 0x7875
  56:	622d                	.insn	2, 0x622d
  58:	6972                	.insn	2, 0x6972
  5a:	676e                	.insn	2, 0x676e
  5c:	7075                	.insn	2, 0x7075
  5e:	7961702f          	.insn	4, 0x7961702f
  62:	6f6c                	.insn	2, 0x6f6c
  64:	6461                	.insn	2, 0x6461
  66:	6e696c2f          	.insn	4, 0x6e696c2f
  6a:	7875                	.insn	2, 0x7875
  6c:	632d                	.insn	2, 0x632d
  6e:	6168                	.insn	2, 0x6168
  70:	6e69                	.insn	2, 0x6e69
  72:	6e696c2f          	.insn	4, 0x6e696c2f
  76:	7875                	.insn	2, 0x7875
  78:	635f 6168 6e69      	.insn	6, 0x6e696168635f
  7e:	632e                	.insn	2, 0x632e
  80:	2f00                	.insn	2, 0x2f00
  82:	6f72                	.insn	2, 0x6f72
  84:	632f746f          	jal	s0,f76b6 <_prog_start-0x87f0894a>
  88:	6968                	.insn	2, 0x6968
  8a:	7970                	.insn	2, 0x7970
  8c:	7261                	.insn	2, 0x7261
  8e:	2f64                	.insn	2, 0x2f64
  90:	6f2e                	.insn	2, 0x6f2e
  92:	77616c63          	bltu	sp,s6,80a <_prog_start-0x87fff7f6>
  96:	652d                	.insn	2, 0x652d
  98:	766e                	.insn	2, 0x766e
  9a:	7369722f          	.insn	4, 0x7369722f
  9e:	742d7663          	bgeu	s10,sp,7ea <_prog_start-0x87fff816>
  a2:	736c6f6f          	jal	t5,c67d8 <_prog_start-0x87f39828>
  a6:	62696c2f          	.insn	4, 0x62696c2f
  aa:	6363672f          	.insn	4, 0x6363672f
  ae:	7369722f          	.insn	4, 0x7369722f
  b2:	34367663          	bgeu	a2,gp,3fe <_prog_start-0x87fffc02>
  b6:	752d                	.insn	2, 0x752d
  b8:	6b6e                	.insn	2, 0x6b6e
  ba:	6f6e                	.insn	2, 0x6f6e
  bc:	652d6e77          	.insn	4, 0x652d6e77
  c0:	666c                	.insn	2, 0x666c
  c2:	2e34312f          	.insn	4, 0x2e34312f
  c6:	2e32                	.insn	2, 0x2e32
  c8:	2f30                	.insn	2, 0x2f30
  ca:	6e69                	.insn	2, 0x6e69
  cc:	64756c63          	bltu	a0,t2,724 <_prog_start-0x87fff8dc>
  d0:	0065                	.insn	2, 0x0065
  d2:	69647473          	csrrci	s0,0x696,8
  d6:	746e                	.insn	2, 0x746e
  d8:	672d                	.insn	2, 0x672d
  da:	682e6363          	bltu	t3,sp,760 <_prog_start-0x87fff8a0>
	...

Disassembly of section .debug_info:

0000000000000000 <.debug_info>:
   0:	0024                	.insn	2, 0x0024
   2:	0000                	.insn	2, 0x
   4:	0005                	.insn	2, 0x0005
   6:	0801                	.insn	2, 0x0801
   8:	0000                	.insn	2, 0x
   a:	0000                	.insn	2, 0x
   c:	0001                	.insn	2, 0x0001
   e:	0000                	.insn	2, 0x
  10:	0000                	.insn	2, 0x
  12:	0000                	.insn	2, 0x
  14:	0088                	.insn	2, 0x0088
  16:	0000                	.insn	2, 0x
  18:	1400                	.insn	2, 0x1400
  1a:	0000                	.insn	2, 0x
  1c:	0000                	.insn	2, 0x
  1e:	003d                	.insn	2, 0x003d
  20:	0000                	.insn	2, 0x
  22:	00000073          	ecall
  26:	8001                	.insn	2, 0x8001
  28:	0774                	.insn	2, 0x0774
  2a:	0000                	.insn	2, 0x
  2c:	0005                	.insn	2, 0x0005
  2e:	0801                	.insn	2, 0x0801
  30:	0014                	.insn	2, 0x0014
  32:	0000                	.insn	2, 0x
  34:	af11                	.insn	2, 0xaf11
  36:	0000                	.insn	2, 0x
  38:	1d00                	.insn	2, 0x1d00
  3a:	003d                	.insn	2, 0x003d
  3c:	0000                	.insn	2, 0x
  3e:	0000                	.insn	2, 0x
  40:	0000                	.insn	2, 0x
  42:	0010                	.insn	2, 0x0010
  44:	8800                	.insn	2, 0x8800
  46:	0000                	.insn	2, 0x
  48:	0000                	.insn	2, 0x
  4a:	108c                	.insn	2, 0x108c
  4c:	0000                	.insn	2, 0x
  4e:	0000                	.insn	2, 0x
  50:	0000                	.insn	2, 0x
  52:	0058                	.insn	2, 0x0058
  54:	0000                	.insn	2, 0x
  56:	0105                	.insn	2, 0x0105
  58:	2d06                	.insn	2, 0x2d06
  5a:	05000003          	lb	zero,80(zero) # 50 <_prog_start-0x87ffffb0>
  5e:	0502                	.insn	2, 0x0502
  60:	0159                	.insn	2, 0x0159
  62:	0000                	.insn	2, 0x
  64:	00035907          	.insn	4, 0x00035907
  68:	0200                	.insn	2, 0x0200
  6a:	1828                	.insn	2, 0x1828
  6c:	0048                	.insn	2, 0x0048
  6e:	0000                	.insn	2, 0x
  70:	0412                	.insn	2, 0x0412
  72:	6905                	.insn	2, 0x6905
  74:	746e                	.insn	2, 0x746e
  76:	0500                	.insn	2, 0x0500
  78:	0508                	.insn	2, 0x0508
  7a:	02f6                	.insn	2, 0x02f6
  7c:	0000                	.insn	2, 0x
  7e:	00021107          	.insn	4, 0x00021107
  82:	0200                	.insn	2, 0x0200
  84:	182e                	.insn	2, 0x182e
  86:	0062                	.insn	2, 0x0062
  88:	0000                	.insn	2, 0x
  8a:	0105                	.insn	2, 0x0105
  8c:	2b08                	.insn	2, 0x2b08
  8e:	05000003          	lb	zero,80(zero) # 50 <_prog_start-0x87ffffb0>
  92:	0702                	.insn	2, 0x0702
  94:	038e                	.insn	2, 0x038e
  96:	0000                	.insn	2, 0x
  98:	00035807          	.insn	4, 0x00035807
  9c:	0200                	.insn	2, 0x0200
  9e:	1934                	.insn	2, 0x1934
  a0:	0081                	.insn	2, 0x0081
  a2:	0000                	.insn	2, 0x
  a4:	700a                	.insn	2, 0x700a
  a6:	0000                	.insn	2, 0x
  a8:	0500                	.insn	2, 0x0500
  aa:	0704                	.insn	2, 0x0704
  ac:	0400                	.insn	2, 0x0400
  ae:	0000                	.insn	2, 0x
  b0:	00015007          	.insn	4, 0x00015007
  b4:	0200                	.insn	2, 0x0200
  b6:	00a31937          	lui	s2,0xa31
  ba:	0000                	.insn	2, 0x
  bc:	880a                	.insn	2, 0x880a
  be:	0000                	.insn	2, 0x
  c0:	0600                	.insn	2, 0x0600
  c2:	0094                	.insn	2, 0x0094
  c4:	0000                	.insn	2, 0x
  c6:	8806                	.insn	2, 0x8806
  c8:	0000                	.insn	2, 0x
  ca:	0500                	.insn	2, 0x0500
  cc:	0708                	.insn	2, 0x0708
  ce:	000003fb          	.insn	4, 0x03fb
  d2:	00021907          	.insn	4, 0x00021907
  d6:	0200                	.insn	2, 0x0200
  d8:	1a56                	.insn	2, 0x1a56
  da:	000000a3          	sb	zero,1(zero) # 1 <_prog_start-0x87ffffff>
  de:	ce01                	.insn	2, 0xce01
  e0:	27000003          	lb	zero,624(zero) # 270 <_prog_start-0x87fffd90>
  e4:	d022                	.insn	2, 0xd022
  e6:	0000                	.insn	2, 0x
  e8:	0900                	.insn	2, 0x0900
  ea:	00148003          	lb	zero,1(s1)
  ee:	0088                	.insn	2, 0x0088
  f0:	0000                	.insn	2, 0x
  f2:	0900                	.insn	2, 0x0900
  f4:	007c                	.insn	2, 0x007c
  f6:	0000                	.insn	2, 0x
  f8:	cb06                	.insn	2, 0xcb06
  fa:	0000                	.insn	2, 0x
  fc:	0100                	.insn	2, 0x0100
  fe:	0478                	.insn	2, 0x0478
 100:	0000                	.insn	2, 0x
 102:	2228                	.insn	2, 0x2228
 104:	00d0                	.insn	2, 0x00d0
 106:	0000                	.insn	2, 0x
 108:	0309                	.insn	2, 0x0309
 10a:	1488                	.insn	2, 0x1488
 10c:	8800                	.insn	2, 0x8800
 10e:	0000                	.insn	2, 0x
 110:	0000                	.insn	2, 0x
 112:	6e01                	.insn	2, 0x6e01
 114:	0004                	.insn	2, 0x0004
 116:	2900                	.insn	2, 0x2900
 118:	7011                	.insn	2, 0x7011
 11a:	0000                	.insn	2, 0x
 11c:	0900                	.insn	2, 0x0900
 11e:	00149803          	lh	a6,1(s1)
 122:	0088                	.insn	2, 0x0088
 124:	0000                	.insn	2, 0x
 126:	1300                	.insn	2, 0x1300
 128:	03a1                	.insn	2, 0x03a1
 12a:	0000                	.insn	2, 0x
 12c:	0160                	.insn	2, 0x0160
 12e:	0191082b          	.insn	4, 0x0191082b
 132:	0000                	.insn	2, 0x
 134:	9a04                	.insn	2, 0x9a04
 136:	0004                	.insn	2, 0x0004
 138:	2c00                	.insn	2, 0x2c00
 13a:	0088                	.insn	2, 0x0088
 13c:	0000                	.insn	2, 0x
 13e:	0400                	.insn	2, 0x0400
 140:	0099                	.insn	2, 0x0099
 142:	0000                	.insn	2, 0x
 144:	882d                	.insn	2, 0x882d
 146:	0000                	.insn	2, 0x
 148:	0800                	.insn	2, 0x0800
 14a:	4804                	.insn	2, 0x4804
 14c:	2e000003          	lb	zero,736(zero) # 2e0 <_prog_start-0x87fffd20>
 150:	0088                	.insn	2, 0x0088
 152:	0000                	.insn	2, 0x
 154:	0410                	.insn	2, 0x0410
 156:	0000008b          	.insn	4, 0x008b
 15a:	0000882f          	.insn	4, 0x882f
 15e:	1800                	.insn	2, 0x1800
 160:	a004                	.insn	2, 0xa004
 162:	0004                	.insn	2, 0x0004
 164:	3000                	.insn	2, 0x3000
 166:	0088                	.insn	2, 0x0088
 168:	0000                	.insn	2, 0x
 16a:	0420                	.insn	2, 0x0420
 16c:	04ed                	.insn	2, 0x04ed
 16e:	0000                	.insn	2, 0x
 170:	8831                	.insn	2, 0x8831
 172:	0000                	.insn	2, 0x
 174:	2800                	.insn	2, 0x2800
 176:	3104                	.insn	2, 0x3104
 178:	0002                	.insn	2, 0x0002
 17a:	3200                	.insn	2, 0x3200
 17c:	0088                	.insn	2, 0x0088
 17e:	0000                	.insn	2, 0x
 180:	0430                	.insn	2, 0x0430
 182:	0465                	.insn	2, 0x0465
 184:	0000                	.insn	2, 0x
 186:	00008833          	add	a6,ra,zero
 18a:	3800                	.insn	2, 0x3800
 18c:	e504                	.insn	2, 0xe504
 18e:	34000003          	lb	zero,832(zero) # 340 <_prog_start-0x87fffcc0>
 192:	0088                	.insn	2, 0x0088
 194:	0000                	.insn	2, 0x
 196:	0440                	.insn	2, 0x0440
 198:	0291                	.insn	2, 0x0291
 19a:	0000                	.insn	2, 0x
 19c:	8835                	.insn	2, 0x8835
 19e:	0000                	.insn	2, 0x
 1a0:	4800                	.insn	2, 0x4800
 1a2:	ee04                	.insn	2, 0xee04
 1a4:	36000003          	lb	zero,864(zero) # 360 <_prog_start-0x87fffca0>
 1a8:	0088                	.insn	2, 0x0088
 1aa:	0000                	.insn	2, 0x
 1ac:	0450                	.insn	2, 0x0450
 1ae:	034e                	.insn	2, 0x034e
 1b0:	0000                	.insn	2, 0x
 1b2:	00008837          	lui	a6,0x8
 1b6:	5800                	.insn	2, 0x5800
 1b8:	0600                	.insn	2, 0x0600
 1ba:	00ff 0000 910a 0001 	.insn	10, 0x01000001910a000000ff
 1c2:	0100 
 1c4:	0339                	.insn	2, 0x0339
 1c6:	0000                	.insn	2, 0x
 1c8:	3b3a                	.insn	2, 0x3b3a
 1ca:	01b5                	.insn	2, 0x01b5
 1cc:	0000                	.insn	2, 0x
 1ce:	0309                	.insn	2, 0x0309
 1d0:	1490                	.insn	2, 0x1490
 1d2:	8800                	.insn	2, 0x8800
 1d4:	0000                	.insn	2, 0x
 1d6:	0000                	.insn	2, 0x
 1d8:	9609                	.insn	2, 0x9609
 1da:	0001                	.insn	2, 0x0001
 1dc:	0600                	.insn	2, 0x0600
 1de:	01b0                	.insn	2, 0x01b0
 1e0:	0000                	.insn	2, 0x
 1e2:	0004df07          	.insn	4, 0x0004df07
 1e6:	0100                	.insn	2, 0x0100
 1e8:	10c2                	.insn	2, 0x10c2
 1ea:	01c6                	.insn	2, 0x01c6
 1ec:	0000                	.insn	2, 0x
 1ee:	cb09                	.insn	2, 0xcb09
 1f0:	0001                	.insn	2, 0x0001
 1f2:	1400                	.insn	2, 0x1400
 1f4:	01e0                	.insn	2, 0x01e0
 1f6:	0000                	.insn	2, 0x
 1f8:	0000880b          	.insn	4, 0x880b
 1fc:	0b00                	.insn	2, 0x0b00
 1fe:	0088                	.insn	2, 0x0088
 200:	0000                	.insn	2, 0x
 202:	0000880b          	.insn	4, 0x880b
 206:	0000                	.insn	2, 0x
 208:	8e15                	.insn	2, 0x8e15
 20a:	0001                	.insn	2, 0x0001
 20c:	0100                	.insn	2, 0x0100
 20e:	05cd                	.insn	2, 0x05cd
 210:	0048                	.insn	2, 0x0048
 212:	0000                	.insn	2, 0x
 214:	07d8                	.insn	2, 0x07d8
 216:	8800                	.insn	2, 0x8800
 218:	0000                	.insn	2, 0x
 21a:	0000                	.insn	2, 0x
 21c:	08c4                	.insn	2, 0x08c4
 21e:	0000                	.insn	2, 0x
 220:	0000                	.insn	2, 0x
 222:	0000                	.insn	2, 0x
 224:	9c01                	.insn	2, 0x9c01
 226:	0000030b          	.insn	4, 0x030b
 22a:	4501                	.insn	2, 0x4501
 22c:	0004                	.insn	2, 0x0004
 22e:	cf00                	.insn	2, 0xcf00
 230:	880c                	.insn	2, 0x880c
 232:	0000                	.insn	2, 0x
 234:	0200                	.insn	2, 0x0200
 236:	6891                	.insn	2, 0x6891
 238:	4801                	.insn	2, 0x4801
 23a:	d0000003          	lb	zero,-768(zero) # fffffffffffffd00 <_stack_top+0xffffffff77bffd00>
 23e:	880c                	.insn	2, 0x880c
 240:	0000                	.insn	2, 0x
 242:	0200                	.insn	2, 0x0200
 244:	6091                	.insn	2, 0x6091
 246:	8b01                	.insn	2, 0x8b01
 248:	0000                	.insn	2, 0x
 24a:	d100                	.insn	2, 0xd100
 24c:	880c                	.insn	2, 0x880c
 24e:	0000                	.insn	2, 0x
 250:	0200                	.insn	2, 0x0200
 252:	5891                	.insn	2, 0x5891
 254:	a001                	.insn	2, 0xa001
 256:	0004                	.insn	2, 0x0004
 258:	d200                	.insn	2, 0xd200
 25a:	880c                	.insn	2, 0x880c
 25c:	0000                	.insn	2, 0x
 25e:	0200                	.insn	2, 0x0200
 260:	5091                	.insn	2, 0x5091
 262:	ed01                	.insn	2, 0xed01
 264:	0004                	.insn	2, 0x0004
 266:	d300                	.insn	2, 0xd300
 268:	880c                	.insn	2, 0x880c
 26a:	0000                	.insn	2, 0x
 26c:	0200                	.insn	2, 0x0200
 26e:	4891                	.insn	2, 0x4891
 270:	3101                	.insn	2, 0x3101
 272:	0002                	.insn	2, 0x0002
 274:	d400                	.insn	2, 0xd400
 276:	880c                	.insn	2, 0x880c
 278:	0000                	.insn	2, 0x
 27a:	0200                	.insn	2, 0x0200
 27c:	4091                	.insn	2, 0x4091
 27e:	6501                	.insn	2, 0x6501
 280:	0004                	.insn	2, 0x0004
 282:	d500                	.insn	2, 0xd500
 284:	880c                	.insn	2, 0x880c
 286:	0000                	.insn	2, 0x
 288:	0300                	.insn	2, 0x0300
 28a:	b891                	.insn	2, 0xb891
 28c:	017f 03e5 0000 0cd6 	.insn	10, 0x00880cd6000003e5017f
 294:	0088 
 296:	0000                	.insn	2, 0x
 298:	7fb09103          	lh	sp,2043(ra)
 29c:	9101                	.insn	2, 0x9101
 29e:	0002                	.insn	2, 0x0002
 2a0:	d700                	.insn	2, 0xd700
 2a2:	880c                	.insn	2, 0x880c
 2a4:	0000                	.insn	2, 0x
 2a6:	0300                	.insn	2, 0x0300
 2a8:	a891                	.insn	2, 0xa891
 2aa:	017f 03ee 0000 0cd8 	.insn	10, 0x00880cd8000003ee017f
 2b2:	0088 
 2b4:	0000                	.insn	2, 0x
 2b6:	7fa09103          	lh	sp,2042(ra)
 2ba:	4e01                	.insn	2, 0x4e01
 2bc:	d9000003          	lb	zero,-624(zero) # fffffffffffffd90 <_stack_top+0xffffffff77bffd90>
 2c0:	880c                	.insn	2, 0x880c
 2c2:	0000                	.insn	2, 0x
 2c4:	0300                	.insn	2, 0x0300
 2c6:	9891                	.insn	2, 0x9891
 2c8:	017f 01f3 0000 07da 	.insn	10, 0x004807da000001f3017f
 2d0:	0048 
 2d2:	0000                	.insn	2, 0x
 2d4:	7f949103          	lh	sp,2041(s1)
 2d8:	2301                	.insn	2, 0x2301
 2da:	0002                	.insn	2, 0x0002
 2dc:	db00                	.insn	2, 0xdb00
 2de:	00004807          	.insn	4, 0x4807
 2e2:	0300                	.insn	2, 0x0300
 2e4:	9091                	.insn	2, 0x9091
 2e6:	017f 0487 0000 07dc 	.insn	10, 0x004807dc00000487017f
 2ee:	0048 
 2f0:	0000                	.insn	2, 0x
 2f2:	7f8c9103          	lh	sp,2040(s9)
 2f6:	7801                	.insn	2, 0x7801
 2f8:	dd000003          	lb	zero,-560(zero) # fffffffffffffdd0 <_stack_top+0xffffffff77bffdd0>
 2fc:	00004807          	.insn	4, 0x4807
 300:	0300                	.insn	2, 0x0300
 302:	8891                	.insn	2, 0x8891
 304:	017f 0255 0000 07de 	.insn	10, 0x004807de00000255017f
 30c:	0048 
 30e:	0000                	.insn	2, 0x
 310:	7f849103          	lh	sp,2040(s1)
 314:	9301                	.insn	2, 0x9301
 316:	0001                	.insn	2, 0x0001
 318:	df00                	.insn	2, 0xdf00
 31a:	00004807          	.insn	4, 0x4807
 31e:	0300                	.insn	2, 0x0300
 320:	8091                	.insn	2, 0x8091
 322:	017f 01d8 0000 07e0 	.insn	10, 0x004807e0000001d8017f
 32a:	0048 
 32c:	0000                	.insn	2, 0x
 32e:	7efc9103          	lh	sp,2031(s9)
 332:	1600                	.insn	2, 0x1600
 334:	00000283          	lb	t0,0(zero) # 0 <_prog_start-0x88000000>
 338:	c401                	.insn	2, 0xc401
 33a:	00079427          	.insn	4, 0x00079427
 33e:	0088                	.insn	2, 0x0088
 340:	0000                	.insn	2, 0x
 342:	4400                	.insn	2, 0x4400
 344:	0000                	.insn	2, 0x
 346:	0000                	.insn	2, 0x
 348:	0000                	.insn	2, 0x
 34a:	0100                	.insn	2, 0x0100
 34c:	629c                	.insn	2, 0x629c
 34e:	02000003          	lb	zero,32(zero) # 20 <_prog_start-0x87ffffe0>
 352:	030c                	.insn	2, 0x030c
 354:	0000                	.insn	2, 0x
 356:	3ec4                	.insn	2, 0x3ec4
 358:	0088                	.insn	2, 0x0088
 35a:	0000                	.insn	2, 0x
 35c:	9102                	.insn	2, 0x9102
 35e:	0258                	.insn	2, 0x0258
 360:	01a4                	.insn	2, 0x01a4
 362:	0000                	.insn	2, 0x
 364:	4ec4                	.insn	2, 0x4ec4
 366:	0088                	.insn	2, 0x0088
 368:	0000                	.insn	2, 0x
 36a:	9102                	.insn	2, 0x9102
 36c:	0250                	.insn	2, 0x0250
 36e:	0465                	.insn	2, 0x0465
 370:	0000                	.insn	2, 0x
 372:	5fc4                	.insn	2, 0x5fc4
 374:	0088                	.insn	2, 0x0088
 376:	0000                	.insn	2, 0x
 378:	9102                	.insn	2, 0x9102
 37a:	0148                	.insn	2, 0x0148
 37c:	041a                	.insn	2, 0x041a
 37e:	0000                	.insn	2, 0x
 380:	11c6                	.insn	2, 0x11c6
 382:	01ba                	.insn	2, 0x01ba
 384:	0000                	.insn	2, 0x
 386:	9102                	.insn	2, 0x9102
 388:	0068                	.insn	2, 0x0068
 38a:	ff08                	.insn	2, 0xff08
 38c:	0001                	.insn	2, 0x0001
 38e:	bb00                	.insn	2, 0xbb00
 390:	074c                	.insn	2, 0x074c
 392:	8800                	.insn	2, 0x8800
 394:	0000                	.insn	2, 0x
 396:	0000                	.insn	2, 0x
 398:	0048                	.insn	2, 0x0048
 39a:	0000                	.insn	2, 0x
 39c:	0000                	.insn	2, 0x
 39e:	0000                	.insn	2, 0x
 3a0:	9c01                	.insn	2, 0x9c01
 3a2:	0000039b          	sext.w	t2,zero
 3a6:	6302                	.insn	2, 0x6302
 3a8:	0001                	.insn	2, 0x0001
 3aa:	bb00                	.insn	2, 0xbb00
 3ac:	00039b2b          	.insn	4, 0x00039b2b
 3b0:	0200                	.insn	2, 0x0200
 3b2:	6891                	.insn	2, 0x6891
 3b4:	ed02                	.insn	2, 0xed02
 3b6:	0001                	.insn	2, 0x0001
 3b8:	bb00                	.insn	2, 0xbb00
 3ba:	9b3e                	.insn	2, 0x9b3e
 3bc:	02000003          	lb	zero,32(zero) # 20 <_prog_start-0x87ffffe0>
 3c0:	6091                	.insn	2, 0x6091
 3c2:	0900                	.insn	2, 0x0900
 3c4:	000003a7          	.insn	4, 0x03a7
 3c8:	0105                	.insn	2, 0x0105
 3ca:	3408                	.insn	2, 0x3408
 3cc:	06000003          	lb	zero,96(zero) # 60 <_prog_start-0x87ffffa0>
 3d0:	03a0                	.insn	2, 0x03a0
 3d2:	0000                	.insn	2, 0x
 3d4:	460e                	.insn	2, 0x460e
 3d6:	0001                	.insn	2, 0x0001
 3d8:	b000                	.insn	2, 0xb000
 3da:	480c                	.insn	2, 0x480c
 3dc:	0000                	.insn	2, 0x
 3de:	e400                	.insn	2, 0xe400
 3e0:	0006                	.insn	2, 0x0006
 3e2:	0088                	.insn	2, 0x0088
 3e4:	0000                	.insn	2, 0x
 3e6:	6800                	.insn	2, 0x6800
 3e8:	0000                	.insn	2, 0x
 3ea:	0000                	.insn	2, 0x
 3ec:	0000                	.insn	2, 0x
 3ee:	0100                	.insn	2, 0x0100
 3f0:	069c                	.insn	2, 0x069c
 3f2:	0004                	.insn	2, 0x0004
 3f4:	0200                	.insn	2, 0x0200
 3f6:	0469                	.insn	2, 0x0469
 3f8:	0000                	.insn	2, 0x
 3fa:	1fb0                	.insn	2, 0x1fb0
 3fc:	0088                	.insn	2, 0x0088
 3fe:	0000                	.insn	2, 0x
 400:	9102                	.insn	2, 0x9102
 402:	0268                	.insn	2, 0x0268
 404:	03e9                	.insn	2, 0x03e9
 406:	0000                	.insn	2, 0x
 408:	2eb0                	.insn	2, 0x2eb0
 40a:	0088                	.insn	2, 0x0088
 40c:	0000                	.insn	2, 0x
 40e:	9102                	.insn	2, 0x9102
 410:	0260                	.insn	2, 0x0260
 412:	00a1                	.insn	2, 0x00a1
 414:	0000                	.insn	2, 0x
 416:	3db0                	.insn	2, 0x3db0
 418:	0088                	.insn	2, 0x0088
 41a:	0000                	.insn	2, 0x
 41c:	9102                	.insn	2, 0x9102
 41e:	0258                	.insn	2, 0x0258
 420:	047e                	.insn	2, 0x047e
 422:	0000                	.insn	2, 0x
 424:	55b0                	.insn	2, 0x55b0
 426:	0088                	.insn	2, 0x0088
 428:	0000                	.insn	2, 0x
 42a:	9102                	.insn	2, 0x9102
 42c:	0050                	.insn	2, 0x0050
 42e:	d208                	.insn	2, 0xd208
 430:	0002                	.insn	2, 0x0002
 432:	aa00                	.insn	2, 0xaa00
 434:	0684                	.insn	2, 0x0684
 436:	8800                	.insn	2, 0x8800
 438:	0000                	.insn	2, 0x
 43a:	0000                	.insn	2, 0x
 43c:	0060                	.insn	2, 0x0060
 43e:	0000                	.insn	2, 0x
 440:	0000                	.insn	2, 0x
 442:	0000                	.insn	2, 0x
 444:	9c01                	.insn	2, 0x9c01
 446:	0000043f 00016302 	.insn	8, 0x000163020000043f
 44e:	aa00                	.insn	2, 0xaa00
 450:	9b26                	.insn	2, 0x9b26
 452:	02000003          	lb	zero,32(zero) # 20 <_prog_start-0x87ffffe0>
 456:	6891                	.insn	2, 0x6891
 458:	790c                	.insn	2, 0x790c
 45a:	7365                	.insn	2, 0x7365
 45c:	aa00                	.insn	2, 0xaa00
 45e:	4831                	.insn	2, 0x4831
 460:	0000                	.insn	2, 0x
 462:	0200                	.insn	2, 0x0200
 464:	6491                	.insn	2, 0x6491
 466:	0e00                	.insn	2, 0x0e00
 468:	0305                	.insn	2, 0x0305
 46a:	0000                	.insn	2, 0x
 46c:	11a4                	.insn	2, 0x11a4
 46e:	0088                	.insn	2, 0x0088
 470:	0000                	.insn	2, 0x
 472:	064c                	.insn	2, 0x064c
 474:	8800                	.insn	2, 0x8800
 476:	0000                	.insn	2, 0x
 478:	0000                	.insn	2, 0x
 47a:	0038                	.insn	2, 0x0038
 47c:	0000                	.insn	2, 0x
 47e:	0000                	.insn	2, 0x
 480:	0000                	.insn	2, 0x
 482:	9c01                	.insn	2, 0x9c01
 484:	0000047b          	.insn	4, 0x047b
 488:	6902                	.insn	2, 0x6902
 48a:	0004                	.insn	2, 0x0004
 48c:	a400                	.insn	2, 0xa400
 48e:	8821                	.insn	2, 0x8821
 490:	0000                	.insn	2, 0x
 492:	0200                	.insn	2, 0x0200
 494:	5891                	.insn	2, 0x5891
 496:	a600700f          	.insn	4, 0xa600700f
 49a:	00048023          	sb	zero,0(s1)
 49e:	0200                	.insn	2, 0x0200
 4a0:	6891                	.insn	2, 0x6891
 4a2:	0900                	.insn	2, 0x0900
 4a4:	0099                	.insn	2, 0x0099
 4a6:	0000                	.insn	2, 0x
 4a8:	7b06                	.insn	2, 0x7b06
 4aa:	0004                	.insn	2, 0x0004
 4ac:	0800                	.insn	2, 0x0800
 4ae:	04c8                	.insn	2, 0x04c8
 4b0:	0000                	.insn	2, 0x
 4b2:	e09a                	.insn	2, 0xe09a
 4b4:	0005                	.insn	2, 0x0005
 4b6:	0088                	.insn	2, 0x0088
 4b8:	0000                	.insn	2, 0x
 4ba:	6c00                	.insn	2, 0x6c00
 4bc:	0000                	.insn	2, 0x
 4be:	0000                	.insn	2, 0x
 4c0:	0000                	.insn	2, 0x
 4c2:	0100                	.insn	2, 0x0100
 4c4:	cc9c                	.insn	2, 0xcc9c
 4c6:	0004                	.insn	2, 0x0004
 4c8:	0200                	.insn	2, 0x0200
 4ca:	00000163          	beqz	zero,4cc <_prog_start-0x87fffb34>
 4ce:	269a                	.insn	2, 0x269a
 4d0:	0000039b          	sext.w	t2,zero
 4d4:	9102                	.insn	2, 0x9102
 4d6:	0268                	.insn	2, 0x0268
 4d8:	0469                	.insn	2, 0x0469
 4da:	0000                	.insn	2, 0x
 4dc:	369a                	.insn	2, 0x369a
 4de:	0088                	.insn	2, 0x0088
 4e0:	0000                	.insn	2, 0x
 4e2:	9102                	.insn	2, 0x9102
 4e4:	0260                	.insn	2, 0x0260
 4e6:	03e9                	.insn	2, 0x03e9
 4e8:	0000                	.insn	2, 0x
 4ea:	459a                	.insn	2, 0x459a
 4ec:	0088                	.insn	2, 0x0088
 4ee:	0000                	.insn	2, 0x
 4f0:	9102                	.insn	2, 0x9102
 4f2:	0058                	.insn	2, 0x0058
 4f4:	0d10                	.insn	2, 0x0d10
 4f6:	0004                	.insn	2, 0x0004
 4f8:	9300                	.insn	2, 0x9300
 4fa:	059c                	.insn	2, 0x059c
 4fc:	8800                	.insn	2, 0x8800
 4fe:	0000                	.insn	2, 0x
 500:	0000                	.insn	2, 0x
 502:	0044                	.insn	2, 0x0044
 504:	0000                	.insn	2, 0x
 506:	0000                	.insn	2, 0x
 508:	0000                	.insn	2, 0x
 50a:	9c01                	.insn	2, 0x9c01
 50c:	000004f7          	.insn	4, 0x04f7
 510:	1302                	.insn	2, 0x1302
 512:	0004                	.insn	2, 0x0004
 514:	9300                	.insn	2, 0x9300
 516:	942c                	.insn	2, 0x942c
 518:	0000                	.insn	2, 0x
 51a:	0200                	.insn	2, 0x0200
 51c:	6891                	.insn	2, 0x6891
 51e:	0800                	.insn	2, 0x0800
 520:	0169                	.insn	2, 0x0169
 522:	0000                	.insn	2, 0x
 524:	0004b87f 00000088 	.insn	16, 0xe400000000880004b87f
 52c:	0000e400 00000000 
 534:	0100                	.insn	2, 0x0100
 536:	3c9c                	.insn	2, 0x3c9c
 538:	0005                	.insn	2, 0x0005
 53a:	0200                	.insn	2, 0x0200
 53c:	01ed                	.insn	2, 0x01ed
 53e:	0000                	.insn	2, 0x
 540:	207f 0088 0000 9102 	.insn	14, 0x03de0148910200000088207f
 548:	0148 03de 0000 
 54e:	0881                	.insn	2, 0x0881
 550:	053c                	.insn	2, 0x053c
 552:	0000                	.insn	2, 0x
 554:	9102                	.insn	2, 0x9102
 556:	0f50                	.insn	2, 0x0f50
 558:	0069                	.insn	2, 0x0069
 55a:	0782                	.insn	2, 0x0782
 55c:	0048                	.insn	2, 0x0048
 55e:	0000                	.insn	2, 0x
 560:	9102                	.insn	2, 0x9102
 562:	006c                	.insn	2, 0x006c
 564:	0003a017          	auipc	zero,0x3a
 568:	4c00                	.insn	2, 0x4c00
 56a:	0005                	.insn	2, 0x0005
 56c:	1800                	.insn	2, 0x1800
 56e:	000000a3          	sb	zero,1(zero) # 1 <_prog_start-0x87ffffff>
 572:	0014                	.insn	2, 0x0014
 574:	ea08                	.insn	2, 0xea08
 576:	0002                	.insn	2, 0x0002
 578:	7400                	.insn	2, 0x7400
 57a:	040c                	.insn	2, 0x040c
 57c:	8800                	.insn	2, 0x8800
 57e:	0000                	.insn	2, 0x
 580:	0000                	.insn	2, 0x
 582:	00ac                	.insn	2, 0x00ac
 584:	0000                	.insn	2, 0x
 586:	0000                	.insn	2, 0x
 588:	0000                	.insn	2, 0x
 58a:	9c01                	.insn	2, 0x9c01
 58c:	05a5                	.insn	2, 0x05a5
 58e:	0000                	.insn	2, 0x
 590:	ed02                	.insn	2, 0xed02
 592:	0001                	.insn	2, 0x0001
 594:	7400                	.insn	2, 0x7400
 596:	8822                	.insn	2, 0x8822
 598:	0000                	.insn	2, 0x
 59a:	0200                	.insn	2, 0x0200
 59c:	5891                	.insn	2, 0x5891
 59e:	ff01                	.insn	2, 0xff01
 5a0:	0002                	.insn	2, 0x0002
 5a2:	7600                	.insn	2, 0x7600
 5a4:	00004807          	.insn	4, 0x4807
 5a8:	0200                	.insn	2, 0x0200
 5aa:	6c91                	.insn	2, 0x6c91
 5ac:	3819                	.insn	2, 0x3819
 5ae:	0004                	.insn	2, 0x0004
 5b0:	0088                	.insn	2, 0x0088
 5b2:	0000                	.insn	2, 0x
 5b4:	5000                	.insn	2, 0x5000
 5b6:	0000                	.insn	2, 0x
 5b8:	0000                	.insn	2, 0x
 5ba:	0000                	.insn	2, 0x
 5bc:	0100                	.insn	2, 0x0100
 5be:	0494                	.insn	2, 0x0494
 5c0:	0000                	.insn	2, 0x
 5c2:	147a                	.insn	2, 0x147a
 5c4:	009e                	.insn	2, 0x009e
 5c6:	0000                	.insn	2, 0x
 5c8:	9102                	.insn	2, 0x9102
 5ca:	0060                	.insn	2, 0x0060
 5cc:	0800                	.insn	2, 0x0800
 5ce:	04d5                	.insn	2, 0x04d5
 5d0:	0000                	.insn	2, 0x
 5d2:	9c6a                	.insn	2, 0x9c6a
 5d4:	00880003          	lb	zero,8(a6) # 8008 <_prog_start-0x87ff7ff8>
 5d8:	0000                	.insn	2, 0x
 5da:	7000                	.insn	2, 0x7000
 5dc:	0000                	.insn	2, 0x
 5de:	0000                	.insn	2, 0x
 5e0:	0000                	.insn	2, 0x
 5e2:	0100                	.insn	2, 0x0100
 5e4:	ce9c                	.insn	2, 0xce9c
 5e6:	0005                	.insn	2, 0x0005
 5e8:	0c00                	.insn	2, 0x0c00
 5ea:	236a0073          	.insn	4, 0x236a0073
 5ee:	0000039b          	sext.w	t2,zero
 5f2:	9102                	.insn	2, 0x9102
 5f4:	0068                	.insn	2, 0x0068
 5f6:	d410                	.insn	2, 0xd410
 5f8:	63000003          	lb	zero,1584(zero) # 630 <_prog_start-0x87fff9d0>
 5fc:	034c                	.insn	2, 0x034c
 5fe:	8800                	.insn	2, 0x8800
 600:	0000                	.insn	2, 0x
 602:	0000                	.insn	2, 0x
 604:	0050                	.insn	2, 0x0050
 606:	0000                	.insn	2, 0x
 608:	0000                	.insn	2, 0x
 60a:	0000                	.insn	2, 0x
 60c:	9c01                	.insn	2, 0x9c01
 60e:	000005f7          	.insn	4, 0x05f7
 612:	630c                	.insn	2, 0x630c
 614:	6300                	.insn	2, 0x6300
 616:	a01c                	.insn	2, 0xa01c
 618:	02000003          	lb	zero,32(zero) # 20 <_prog_start-0x87ffffe0>
 61c:	6f91                	.insn	2, 0x6f91
 61e:	0d00                	.insn	2, 0x0d00
 620:	02df 0000 f05d      	.insn	6, 0xf05d000002df
 626:	0002                	.insn	2, 0x0002
 628:	0088                	.insn	2, 0x0088
 62a:	0000                	.insn	2, 0x
 62c:	5c00                	.insn	2, 0x5c00
 62e:	0000                	.insn	2, 0x
 630:	0000                	.insn	2, 0x
 632:	0000                	.insn	2, 0x
 634:	0100                	.insn	2, 0x0100
 636:	0d9c                	.insn	2, 0x0d9c
 638:	0000043b          	addw	s0,zero,zero
 63c:	6852                	.insn	2, 0x6852
 63e:	0002                	.insn	2, 0x0002
 640:	0088                	.insn	2, 0x0088
 642:	0000                	.insn	2, 0x
 644:	8800                	.insn	2, 0x8800
 646:	0000                	.insn	2, 0x
 648:	0000                	.insn	2, 0x
 64a:	0000                	.insn	2, 0x
 64c:	0100                	.insn	2, 0x0100
 64e:	0d9c                	.insn	2, 0x0d9c
 650:	0081                	.insn	2, 0x0081
 652:	0000                	.insn	2, 0x
 654:	0002184b          	.insn	4, 0x0002184b
 658:	0088                	.insn	2, 0x0088
 65a:	0000                	.insn	2, 0x
 65c:	5000                	.insn	2, 0x5000
 65e:	0000                	.insn	2, 0x
 660:	0000                	.insn	2, 0x
 662:	0000                	.insn	2, 0x
 664:	0100                	.insn	2, 0x0100
 666:	039c                	.insn	2, 0x039c
 668:	0000044b          	.insn	4, 0x044b
 66c:	f049                	.insn	2, 0xf049
 66e:	0001                	.insn	2, 0x0001
 670:	0088                	.insn	2, 0x0088
 672:	0000                	.insn	2, 0x
 674:	2800                	.insn	2, 0x2800
 676:	0000                	.insn	2, 0x
 678:	0000                	.insn	2, 0x
 67a:	0000                	.insn	2, 0x
 67c:	0100                	.insn	2, 0x0100
 67e:	039c                	.insn	2, 0x039c
 680:	000001ab          	.insn	4, 0x01ab
 684:	c848                	.insn	2, 0xc848
 686:	0001                	.insn	2, 0x0001
 688:	0088                	.insn	2, 0x0088
 68a:	0000                	.insn	2, 0x
 68c:	2800                	.insn	2, 0x2800
 68e:	0000                	.insn	2, 0x
 690:	0000                	.insn	2, 0x
 692:	0000                	.insn	2, 0x
 694:	0100                	.insn	2, 0x0100
 696:	039c                	.insn	2, 0x039c
 698:	00000173          	.insn	4, 0x0173
 69c:	0001a047          	.insn	4, 0x0001a047
 6a0:	0088                	.insn	2, 0x0088
 6a2:	0000                	.insn	2, 0x
 6a4:	2800                	.insn	2, 0x2800
 6a6:	0000                	.insn	2, 0x
 6a8:	0000                	.insn	2, 0x
 6aa:	0000                	.insn	2, 0x
 6ac:	0100                	.insn	2, 0x0100
 6ae:	039c                	.insn	2, 0x039c
 6b0:	000001c3          	.insn	4, 0x01c3
 6b4:	7846                	.insn	2, 0x7846
 6b6:	0001                	.insn	2, 0x0001
 6b8:	0088                	.insn	2, 0x0088
 6ba:	0000                	.insn	2, 0x
 6bc:	2800                	.insn	2, 0x2800
 6be:	0000                	.insn	2, 0x
 6c0:	0000                	.insn	2, 0x
 6c2:	0000                	.insn	2, 0x
 6c4:	0100                	.insn	2, 0x0100
 6c6:	039c                	.insn	2, 0x039c
 6c8:	00000423          	sb	zero,8(zero) # 8 <_prog_start-0x87fffff8>
 6cc:	5045                	.insn	2, 0x5045
 6ce:	0001                	.insn	2, 0x0001
 6d0:	0088                	.insn	2, 0x0088
 6d2:	0000                	.insn	2, 0x
 6d4:	2800                	.insn	2, 0x2800
 6d6:	0000                	.insn	2, 0x
 6d8:	0000                	.insn	2, 0x
 6da:	0000                	.insn	2, 0x
 6dc:	0100                	.insn	2, 0x0100
 6de:	039c                	.insn	2, 0x039c
 6e0:	029e                	.insn	2, 0x029e
 6e2:	0000                	.insn	2, 0x
 6e4:	2844                	.insn	2, 0x2844
 6e6:	0001                	.insn	2, 0x0001
 6e8:	0088                	.insn	2, 0x0088
 6ea:	0000                	.insn	2, 0x
 6ec:	2800                	.insn	2, 0x2800
 6ee:	0000                	.insn	2, 0x
 6f0:	0000                	.insn	2, 0x
 6f2:	0000                	.insn	2, 0x
 6f4:	0100                	.insn	2, 0x0100
 6f6:	039c                	.insn	2, 0x039c
 6f8:	04ae                	.insn	2, 0x04ae
 6fa:	0000                	.insn	2, 0x
 6fc:	00010043          	.insn	4, 0x00010043
 700:	0088                	.insn	2, 0x0088
 702:	0000                	.insn	2, 0x
 704:	2800                	.insn	2, 0x2800
 706:	0000                	.insn	2, 0x
 708:	0000                	.insn	2, 0x
 70a:	0000                	.insn	2, 0x
 70c:	0100                	.insn	2, 0x0100
 70e:	039c                	.insn	2, 0x039c
 710:	03b6                	.insn	2, 0x03b6
 712:	0000                	.insn	2, 0x
 714:	d842                	.insn	2, 0xd842
 716:	0000                	.insn	2, 0x
 718:	0088                	.insn	2, 0x0088
 71a:	0000                	.insn	2, 0x
 71c:	2800                	.insn	2, 0x2800
 71e:	0000                	.insn	2, 0x
 720:	0000                	.insn	2, 0x
 722:	0000                	.insn	2, 0x
 724:	0100                	.insn	2, 0x0100
 726:	039c                	.insn	2, 0x039c
 728:	023d                	.insn	2, 0x023d
 72a:	0000                	.insn	2, 0x
 72c:	b041                	.insn	2, 0xb041
 72e:	0000                	.insn	2, 0x
 730:	0088                	.insn	2, 0x0088
 732:	0000                	.insn	2, 0x
 734:	2800                	.insn	2, 0x2800
 736:	0000                	.insn	2, 0x
 738:	0000                	.insn	2, 0x
 73a:	0000                	.insn	2, 0x
 73c:	0100                	.insn	2, 0x0100
 73e:	039c                	.insn	2, 0x039c
 740:	0361                	.insn	2, 0x0361
 742:	0000                	.insn	2, 0x
 744:	8840                	.insn	2, 0x8840
 746:	0000                	.insn	2, 0x
 748:	0088                	.insn	2, 0x0088
 74a:	0000                	.insn	2, 0x
 74c:	2800                	.insn	2, 0x2800
 74e:	0000                	.insn	2, 0x
 750:	0000                	.insn	2, 0x
 752:	0000                	.insn	2, 0x
 754:	0100                	.insn	2, 0x0100
 756:	039c                	.insn	2, 0x039c
 758:	0269                	.insn	2, 0x0269
 75a:	0000                	.insn	2, 0x
 75c:	0000603f 00000088 	.insn	8, 0x00880000603f
 764:	2800                	.insn	2, 0x2800
 766:	0000                	.insn	2, 0x
 768:	0000                	.insn	2, 0x
 76a:	0000                	.insn	2, 0x
 76c:	0100                	.insn	2, 0x0100
 76e:	039c                	.insn	2, 0x039c
 770:	000002b7          	lui	t0,0x0
 774:	383e                	.insn	2, 0x383e
 776:	0000                	.insn	2, 0x
 778:	0088                	.insn	2, 0x0088
 77a:	0000                	.insn	2, 0x
 77c:	2800                	.insn	2, 0x2800
 77e:	0000                	.insn	2, 0x
 780:	0000                	.insn	2, 0x
 782:	0000                	.insn	2, 0x
 784:	0100                	.insn	2, 0x0100
 786:	039c                	.insn	2, 0x039c
 788:	0312                	.insn	2, 0x0312
 78a:	0000                	.insn	2, 0x
 78c:	103d                	.insn	2, 0x103d
 78e:	0000                	.insn	2, 0x
 790:	0088                	.insn	2, 0x0088
 792:	0000                	.insn	2, 0x
 794:	2800                	.insn	2, 0x2800
 796:	0000                	.insn	2, 0x
 798:	0000                	.insn	2, 0x
 79a:	0000                	.insn	2, 0x
 79c:	0100                	.insn	2, 0x0100
 79e:	009c                	.insn	2, 0x009c

Disassembly of section .debug_abbrev:

0000000000000000 <.debug_abbrev>:
   0:	1101                	.insn	2, 0x1101
   2:	1000                	.insn	2, 0x1000
   4:	12011117          	auipc	sp,0x12011
   8:	1b0e030f          	.insn	4, 0x1b0e030f
   c:	250e                	.insn	2, 0x250e
   e:	130e                	.insn	2, 0x130e
  10:	0005                	.insn	2, 0x0005
  12:	0000                	.insn	2, 0x
  14:	3401                	.insn	2, 0x3401
  16:	0300                	.insn	2, 0x0300
  18:	3a0e                	.insn	2, 0x3a0e
  1a:	0121                	.insn	2, 0x0121
  1c:	0b390b3b          	.insn	4, 0x0b390b3b
  20:	1349                	.insn	2, 0x1349
  22:	1802                	.insn	2, 0x1802
  24:	0000                	.insn	2, 0x
  26:	0502                	.insn	2, 0x0502
  28:	0300                	.insn	2, 0x0300
  2a:	3a0e                	.insn	2, 0x3a0e
  2c:	0121                	.insn	2, 0x0121
  2e:	0b390b3b          	.insn	4, 0x0b390b3b
  32:	1349                	.insn	2, 0x1349
  34:	1802                	.insn	2, 0x1802
  36:	0000                	.insn	2, 0x
  38:	3f002e03          	lw	t3,1008(zero) # 3f0 <_prog_start-0x87fffc10>
  3c:	0319                	.insn	2, 0x0319
  3e:	3a0e                	.insn	2, 0x3a0e
  40:	0121                	.insn	2, 0x0121
  42:	21390b3b          	.insn	4, 0x21390b3b
  46:	2726                	.insn	2, 0x2726
  48:	1119                	.insn	2, 0x1119
  4a:	1201                	.insn	2, 0x1201
  4c:	7a184007          	.insn	4, 0x7a184007
  50:	0019                	.insn	2, 0x0019
  52:	0400                	.insn	2, 0x0400
  54:	000d                	.insn	2, 0x000d
  56:	213a0e03          	lb	t3,531(s4)
  5a:	3b01                	.insn	2, 0x3b01
  5c:	0c21390b          	.insn	4, 0x0c21390b
  60:	1349                	.insn	2, 0x1349
  62:	0b38                	.insn	2, 0x0b38
  64:	0000                	.insn	2, 0x
  66:	2405                	.insn	2, 0x2405
  68:	0b00                	.insn	2, 0x0b00
  6a:	030b3e0b          	.insn	4, 0x030b3e0b
  6e:	000e                	.insn	2, 0x000e
  70:	0600                	.insn	2, 0x0600
  72:	0026                	.insn	2, 0x0026
  74:	1349                	.insn	2, 0x1349
  76:	0000                	.insn	2, 0x
  78:	03001607          	.insn	4, 0x03001607
  7c:	3a0e                	.insn	2, 0x3a0e
  7e:	390b3b0b          	.insn	4, 0x390b3b0b
  82:	0013490b          	.insn	4, 0x0013490b
  86:	0800                	.insn	2, 0x0800
  88:	012e                	.insn	2, 0x012e
  8a:	213a0e03          	lb	t3,531(s4)
  8e:	3b01                	.insn	2, 0x3b01
  90:	0d21390b          	.insn	4, 0x0d21390b
  94:	01111927          	.insn	4, 0x01111927
  98:	0712                	.insn	2, 0x0712
  9a:	1840                	.insn	2, 0x1840
  9c:	197c                	.insn	2, 0x197c
  9e:	1301                	.insn	2, 0x1301
  a0:	0000                	.insn	2, 0x
  a2:	0f09                	.insn	2, 0x0f09
  a4:	0b00                	.insn	2, 0x0b00
  a6:	0821                	.insn	2, 0x0821
  a8:	1349                	.insn	2, 0x1349
  aa:	0000                	.insn	2, 0x
  ac:	350a                	.insn	2, 0x350a
  ae:	4900                	.insn	2, 0x4900
  b0:	0b000013          	li	zero,176
  b4:	0005                	.insn	2, 0x0005
  b6:	1349                	.insn	2, 0x1349
  b8:	0000                	.insn	2, 0x
  ba:	050c                	.insn	2, 0x050c
  bc:	0300                	.insn	2, 0x0300
  be:	3a08                	.insn	2, 0x3a08
  c0:	0121                	.insn	2, 0x0121
  c2:	0b390b3b          	.insn	4, 0x0b390b3b
  c6:	1349                	.insn	2, 0x1349
  c8:	1802                	.insn	2, 0x1802
  ca:	0000                	.insn	2, 0x
  cc:	2e0d                	.insn	2, 0x2e0d
  ce:	0300                	.insn	2, 0x0300
  d0:	3a0e                	.insn	2, 0x3a0e
  d2:	0121                	.insn	2, 0x0121
  d4:	21390b3b          	.insn	4, 0x21390b3b
  d8:	2714                	.insn	2, 0x2714
  da:	1119                	.insn	2, 0x1119
  dc:	1201                	.insn	2, 0x1201
  de:	7a184007          	.insn	4, 0x7a184007
  e2:	0019                	.insn	2, 0x0019
  e4:	0e00                	.insn	2, 0x0e00
  e6:	012e                	.insn	2, 0x012e
  e8:	213a0e03          	lb	t3,531(s4)
  ec:	3b01                	.insn	2, 0x3b01
  ee:	270b390b          	.insn	4, 0x270b390b
  f2:	4919                	.insn	2, 0x4919
  f4:	12011113          	.insn	4, 0x12011113
  f8:	7a184007          	.insn	4, 0x7a184007
  fc:	0119                	.insn	2, 0x0119
  fe:	0f000013          	li	zero,240
 102:	0034                	.insn	2, 0x0034
 104:	213a0803          	lb	a6,531(s4)
 108:	3b01                	.insn	2, 0x3b01
 10a:	490b390b          	.insn	4, 0x490b390b
 10e:	00180213          	addi	tp,a6,1
 112:	1000                	.insn	2, 0x1000
 114:	012e                	.insn	2, 0x012e
 116:	213a0e03          	lb	t3,531(s4)
 11a:	3b01                	.insn	2, 0x3b01
 11c:	0d21390b          	.insn	4, 0x0d21390b
 120:	01111927          	.insn	4, 0x01111927
 124:	0712                	.insn	2, 0x0712
 126:	1840                	.insn	2, 0x1840
 128:	197a                	.insn	2, 0x197a
 12a:	1301                	.insn	2, 0x1301
 12c:	0000                	.insn	2, 0x
 12e:	1111                	.insn	2, 0x1111
 130:	2501                	.insn	2, 0x2501
 132:	130e                	.insn	2, 0x130e
 134:	1b1f030b          	.insn	4, 0x1b1f030b
 138:	111f 1201 1007      	.insn	6, 0x10071201111f
 13e:	12000017          	auipc	zero,0x12000
 142:	0024                	.insn	2, 0x0024
 144:	0b3e0b0b          	.insn	4, 0x0b3e0b0b
 148:	00000803          	lb	a6,0(zero) # 0 <_prog_start-0x88000000>
 14c:	03011313          	slli	t1,sp,0x30
 150:	0b0e                	.insn	2, 0x0b0e
 152:	3b0b3a0b          	.insn	4, 0x3b0b3a0b
 156:	010b390b          	.insn	4, 0x010b390b
 15a:	14000013          	li	zero,320
 15e:	0115                	.insn	2, 0x0115
 160:	13011927          	.insn	4, 0x13011927
 164:	0000                	.insn	2, 0x
 166:	2e15                	.insn	2, 0x2e15
 168:	3f01                	.insn	2, 0x3f01
 16a:	0319                	.insn	2, 0x0319
 16c:	3a0e                	.insn	2, 0x3a0e
 16e:	390b3b0b          	.insn	4, 0x390b3b0b
 172:	4919270b          	.insn	4, 0x4919270b
 176:	12011113          	.insn	4, 0x12011113
 17a:	7c184007          	.insn	4, 0x7c184007
 17e:	0119                	.insn	2, 0x0119
 180:	16000013          	li	zero,352
 184:	012e                	.insn	2, 0x012e
 186:	0b3a0e03          	lb	t3,179(s4)
 18a:	0b390b3b          	.insn	4, 0x0b390b3b
 18e:	01871927          	.insn	4, 0x01871927
 192:	1119                	.insn	2, 0x1119
 194:	1201                	.insn	2, 0x1201
 196:	7c184007          	.insn	4, 0x7c184007
 19a:	0119                	.insn	2, 0x0119
 19c:	17000013          	li	zero,368
 1a0:	0101                	.insn	2, 0x0101
 1a2:	1349                	.insn	2, 0x1349
 1a4:	1301                	.insn	2, 0x1301
 1a6:	0000                	.insn	2, 0x
 1a8:	2118                	.insn	2, 0x2118
 1aa:	4900                	.insn	2, 0x4900
 1ac:	000b2f13          	slti	t5,s6,0
 1b0:	1900                	.insn	2, 0x1900
 1b2:	0111010b          	.insn	4, 0x0111010b
 1b6:	0712                	.insn	2, 0x0712
 1b8:	0000                	.insn	2, 0x
	...

Disassembly of section .debug_aranges:

0000000000000000 <.debug_aranges>:
   0:	002c                	.insn	2, 0x002c
   2:	0000                	.insn	2, 0x
   4:	0002                	.insn	2, 0x0002
   6:	0000                	.insn	2, 0x
   8:	0000                	.insn	2, 0x
   a:	0008                	.insn	2, 0x0008
   c:	0000                	.insn	2, 0x
   e:	0000                	.insn	2, 0x
  10:	0000                	.insn	2, 0x
  12:	8800                	.insn	2, 0x8800
  14:	0000                	.insn	2, 0x
  16:	0000                	.insn	2, 0x
  18:	0010                	.insn	2, 0x0010
	...
  2e:	0000                	.insn	2, 0x
  30:	002c                	.insn	2, 0x002c
  32:	0000                	.insn	2, 0x
  34:	0002                	.insn	2, 0x0002
  36:	0028                	.insn	2, 0x0028
  38:	0000                	.insn	2, 0x
  3a:	0008                	.insn	2, 0x0008
  3c:	0000                	.insn	2, 0x
  3e:	0000                	.insn	2, 0x
  40:	0010                	.insn	2, 0x0010
  42:	8800                	.insn	2, 0x8800
  44:	0000                	.insn	2, 0x
  46:	0000                	.insn	2, 0x
  48:	108c                	.insn	2, 0x108c
	...

Disassembly of section .debug_str:

0000000000000000 <.debug_str>:
   0:	6f6f722f          	.insn	4, 0x6f6f722f
   4:	2f74                	.insn	2, 0x2f74
   6:	70696863          	bltu	s2,t1,716 <_prog_start-0x87fff8ea>
   a:	6179                	.insn	2, 0x6179
   c:	6472                	.insn	2, 0x6472
   e:	6770662f          	.insn	4, 0x6770662f
  12:	2f61                	.insn	2, 0x2f61
  14:	696c                	.insn	2, 0x696c
  16:	756e                	.insn	2, 0x756e
  18:	2d78                	.insn	2, 0x2d78
  1a:	7262                	.insn	2, 0x7262
  1c:	6e69                	.insn	2, 0x6e69
  1e:	2f707567          	.insn	4, 0x2f707567
  22:	6170                	.insn	2, 0x6170
  24:	6c79                	.insn	2, 0x6c79
  26:	2f64616f          	jal	sp,4631c <_prog_start-0x87fb9ce4>
  2a:	696c                	.insn	2, 0x696c
  2c:	756e                	.insn	2, 0x756e
  2e:	2d78                	.insn	2, 0x2d78
  30:	69616863          	bltu	sp,s6,6c0 <_prog_start-0x87fff940>
  34:	2f6e                	.insn	2, 0x2f6e
  36:	6568                	.insn	2, 0x6568
  38:	6461                	.insn	2, 0x6461
  3a:	532e                	.insn	2, 0x532e
  3c:	2f00                	.insn	2, 0x2f00
  3e:	6f72                	.insn	2, 0x6f72
  40:	632f746f          	jal	s0,f7672 <_prog_start-0x87f0898e>
  44:	6968                	.insn	2, 0x6968
  46:	7970                	.insn	2, 0x7970
  48:	7261                	.insn	2, 0x7261
  4a:	2f64                	.insn	2, 0x2f64
  4c:	7066                	.insn	2, 0x7066
  4e:	6c2f6167          	.insn	4, 0x6c2f6167
  52:	6e69                	.insn	2, 0x6e69
  54:	7875                	.insn	2, 0x7875
  56:	622d                	.insn	2, 0x622d
  58:	6972                	.insn	2, 0x6972
  5a:	676e                	.insn	2, 0x676e
  5c:	7075                	.insn	2, 0x7075
  5e:	7961702f          	.insn	4, 0x7961702f
  62:	6f6c                	.insn	2, 0x6f6c
  64:	6461                	.insn	2, 0x6461
  66:	6e696c2f          	.insn	4, 0x6e696c2f
  6a:	7875                	.insn	2, 0x7875
  6c:	632d                	.insn	2, 0x632d
  6e:	6168                	.insn	2, 0x6168
  70:	6e69                	.insn	2, 0x6e69
  72:	4700                	.insn	2, 0x4700
  74:	554e                	.insn	2, 0x554e
  76:	4120                	.insn	2, 0x4120
  78:	2e322053          	.insn	4, 0x2e322053
  7c:	3334                	.insn	2, 0x3334
  7e:	312e                	.insn	2, 0x312e
  80:	7500                	.insn	2, 0x7500
  82:	7261                	.insn	2, 0x7261
  84:	5f74                	.insn	2, 0x5f74
  86:	6e69                	.insn	2, 0x6e69
  88:	7469                	.insn	2, 0x7469
  8a:	6600                	.insn	2, 0x6600
  8c:	7269                	.insn	2, 0x7269
  8e:	776d                	.insn	2, 0x776d
  90:	7261                	.insn	2, 0x7261
  92:	5f65                	.insn	2, 0x5f65
  94:	6461                	.insn	2, 0x6461
  96:	7264                	.insn	2, 0x7264
  98:	7600                	.insn	2, 0x7600
  9a:	7265                	.insn	2, 0x7265
  9c:	6e6f6973          	csrrsi	s2,0x6e6,30
  a0:	6500                	.insn	2, 0x6500
  a2:	7078                	.insn	2, 0x7078
  a4:	6365                	.insn	2, 0x6365
  a6:	6574                	.insn	2, 0x6574
  a8:	5f64                	.insn	2, 0x5f64
  aa:	6162                	.insn	2, 0x6162
  ac:	47006573          	csrrsi	a0,0x470,0
  b0:	554e                	.insn	2, 0x554e
  b2:	4320                	.insn	2, 0x4320
  b4:	3131                	.insn	2, 0x3131
  b6:	3120                	.insn	2, 0x3120
  b8:	2e34                	.insn	2, 0x2e34
  ba:	2e32                	.insn	2, 0x2e32
  bc:	2030                	.insn	2, 0x2030
  be:	6d2d                	.insn	2, 0x6d2d
  c0:	646f6d63          	bltu	t5,t1,71a <_prog_start-0x87fff8e6>
  c4:	6c65                	.insn	2, 0x6c65
  c6:	6d3d                	.insn	2, 0x6d3d
  c8:	6465                	.insn	2, 0x6465
  ca:	6e61                	.insn	2, 0x6e61
  cc:	2079                	.insn	2, 0x2079
  ce:	6d2d                	.insn	2, 0x6d2d
  d0:	6261                	.insn	2, 0x6261
  d2:	3d69                	.insn	2, 0x3d69
  d4:	706c                	.insn	2, 0x706c
  d6:	3436                	.insn	2, 0x3436
  d8:	2d20                	.insn	2, 0x2d20
  da:	746d                	.insn	2, 0x746d
  dc:	6e75                	.insn	2, 0x6e75
  de:	3d65                	.insn	2, 0x3d65
  e0:	6f72                	.insn	2, 0x6f72
  e2:	74656b63          	bltu	a0,t1,838 <_prog_start-0x87fff7c8>
  e6:	2d20                	.insn	2, 0x2d20
  e8:	696d                	.insn	2, 0x696d
  ea:	732d6173          	csrrsi	sp,mhpmevent18h,26
  ee:	6570                	.insn	2, 0x6570
  f0:	30323d63          	.insn	4, 0x30323d63
  f4:	3931                	.insn	2, 0x3931
  f6:	3231                	.insn	2, 0x3231
  f8:	3331                	.insn	2, 0x3331
  fa:	2d20                	.insn	2, 0x2d20
  fc:	616d                	.insn	2, 0x616d
  fe:	6372                	.insn	2, 0x6372
 100:	3d68                	.insn	2, 0x3d68
 102:	7672                	.insn	2, 0x7672
 104:	3436                	.insn	2, 0x3436
 106:	6d69                	.insn	2, 0x6d69
 108:	5f61                	.insn	2, 0x5f61
 10a:	697a                	.insn	2, 0x697a
 10c:	5f727363          	bgeu	tp,s7,6f2 <_prog_start-0x87fff90e>
 110:	697a                	.insn	2, 0x697a
 112:	6566                	.insn	2, 0x6566
 114:	636e                	.insn	2, 0x636e
 116:	6965                	.insn	2, 0x6965
 118:	2d20                	.insn	2, 0x2d20
 11a:	4f2d2067          	.insn	4, 0x4f2d2067
 11e:	2030                	.insn	2, 0x2030
 120:	732d                	.insn	2, 0x732d
 122:	6474                	.insn	2, 0x6474
 124:	673d                	.insn	2, 0x673d
 126:	756e                	.insn	2, 0x756e
 128:	3131                	.insn	2, 0x3131
 12a:	2d20                	.insn	2, 0x2d20
 12c:	6e66                	.insn	2, 0x6e66
 12e:	6f632d6f          	jal	s10,32824 <_prog_start-0x87fcd7dc>
 132:	6d6d                	.insn	2, 0x6d6d
 134:	2d206e6f          	jal	t3,6406 <_prog_start-0x87ff9bfa>
 138:	6666                	.insn	2, 0x6666
 13a:	6572                	.insn	2, 0x6572
 13c:	7365                	.insn	2, 0x7365
 13e:	6174                	.insn	2, 0x6174
 140:	646e                	.insn	2, 0x646e
 142:	6e69                	.insn	2, 0x6e69
 144:	65720067          	jr	1623(tp) # 657 <_prog_start-0x87fff9a9>
 148:	6e6f6967          	.insn	4, 0x6e6f6967
 14c:	6f5f 006b 6975      	.insn	6, 0x6975006b6f5f
 152:	746e                	.insn	2, 0x746e
 154:	3436                	.insn	2, 0x3436
 156:	745f 7300 6f68      	.insn	6, 0x6f687300745f
 15c:	7472                	.insn	2, 0x7472
 15e:	6920                	.insn	2, 0x6920
 160:	746e                	.insn	2, 0x746e
 162:	6c00                	.insn	2, 0x6c00
 164:	6261                	.insn	2, 0x6261
 166:	6c65                	.insn	2, 0x6c65
 168:	7000                	.insn	2, 0x7000
 16a:	6972                	.insn	2, 0x6972
 16c:	746e                	.insn	2, 0x746e
 16e:	645f 6365 6c00      	.insn	6, 0x6c006365645f
 174:	6e69                	.insn	2, 0x6e69
 176:	7875                	.insn	2, 0x7875
 178:	725f 6165 7964      	.insn	6, 0x79646165725f
 17e:	745f 5f6f 756a      	.insn	6, 0x756a5f6f745f
 184:	706d                	.insn	2, 0x706d
 186:	6d5f 7261 656b      	.insn	6, 0x656b72616d5f
 18c:	0072                	.insn	2, 0x0072
 18e:	616d                	.insn	2, 0x616d
 190:	6e69                	.insn	2, 0x6e69
 192:	6400                	.insn	2, 0x6400
 194:	6274                	.insn	2, 0x6274
 196:	725f 6765 6f69      	.insn	6, 0x6f696765725f
 19c:	5f6e                	.insn	2, 0x5f6e
 19e:	6176                	.insn	2, 0x6176
 1a0:	696c                	.insn	2, 0x696c
 1a2:	0064                	.insn	2, 0x0064
 1a4:	6168                	.insn	2, 0x6168
 1a6:	7472                	.insn	2, 0x7472
 1a8:	6469                	.insn	2, 0x6469
 1aa:	6c00                	.insn	2, 0x6c00
 1ac:	6e69                	.insn	2, 0x6e69
 1ae:	7875                	.insn	2, 0x7875
 1b0:	6a5f 6d75 5f70      	.insn	6, 0x5f706d756a5f
 1b6:	6174                	.insn	2, 0x6174
 1b8:	5f6e656b          	.insn	4, 0x5f6e656b
 1bc:	616d                	.insn	2, 0x616d
 1be:	6b72                	.insn	2, 0x6b72
 1c0:	7265                	.insn	2, 0x7265
 1c2:	6400                	.insn	2, 0x6400
 1c4:	6274                	.insn	2, 0x6274
 1c6:	6c5f 616f 5f64      	.insn	6, 0x5f64616f6c5f
 1cc:	6f64                	.insn	2, 0x6f64
 1ce:	656e                	.insn	2, 0x656e
 1d0:	6d5f 7261 656b      	.insn	6, 0x656b72616d5f
 1d6:	0072                	.insn	2, 0x0072
 1d8:	6170                	.insn	2, 0x6170
 1da:	6c79                	.insn	2, 0x6c79
 1dc:	5f64616f          	jal	sp,467d2 <_prog_start-0x87fb982e>
 1e0:	6572                	.insn	2, 0x6572
 1e2:	6e6f6967          	.insn	4, 0x6e6f6967
 1e6:	765f 6c61 6469      	.insn	6, 0x64696c61765f
 1ec:	7600                	.insn	2, 0x7600
 1ee:	6c61                	.insn	2, 0x6c61
 1f0:	6575                	.insn	2, 0x6575
 1f2:	6d00                	.insn	2, 0x6d00
 1f4:	6e61                	.insn	2, 0x6e61
 1f6:	6669                	.insn	2, 0x6669
 1f8:	7365                	.insn	2, 0x7365
 1fa:	5f74                	.insn	2, 0x5f74
 1fc:	70006b6f          	jal	s6,68fc <_prog_start-0x87ff9704>
 200:	6972                	.insn	2, 0x6972
 202:	746e                	.insn	2, 0x746e
 204:	735f 6174 7574      	.insn	6, 0x75746174735f
 20a:	696c5f73          	csrrwi	t5,0x696,24
 20e:	656e                	.insn	2, 0x656e
 210:	7500                	.insn	2, 0x7500
 212:	6e69                	.insn	2, 0x6e69
 214:	3874                	.insn	2, 0x3874
 216:	745f 7500 6e69      	.insn	6, 0x6e697500745f
 21c:	7074                	.insn	2, 0x7074
 21e:	7274                	.insn	2, 0x7274
 220:	745f 7200 6165      	.insn	6, 0x61657200745f
 226:	7964                	.insn	2, 0x7964
 228:	745f 5f6f 756a      	.insn	6, 0x756a5f6f745f
 22e:	706d                	.insn	2, 0x706d
 230:	6b00                	.insn	2, 0x6b00
 232:	7265                	.insn	2, 0x7265
 234:	656e                	.insn	2, 0x656e
 236:	5f6c                	.insn	2, 0x5f6c
 238:	657a6973          	csrrsi	s2,hviprio2h,20
 23c:	6c00                	.insn	2, 0x6c00
 23e:	6e69                	.insn	2, 0x6e69
 240:	7875                	.insn	2, 0x7875
 242:	6a5f 6d75 5f70      	.insn	6, 0x5f706d756a5f
 248:	67617473          	csrrci	s0,0x676,2
 24c:	5f65                	.insn	2, 0x5f65
 24e:	616d                	.insn	2, 0x616d
 250:	6b72                	.insn	2, 0x6b72
 252:	7265                	.insn	2, 0x7265
 254:	6b00                	.insn	2, 0x6b00
 256:	7265                	.insn	2, 0x7265
 258:	656e                	.insn	2, 0x656e
 25a:	5f6c                	.insn	2, 0x5f6c
 25c:	6572                	.insn	2, 0x6572
 25e:	6e6f6967          	.insn	4, 0x6e6f6967
 262:	765f 6c61 6469      	.insn	6, 0x64696c61765f
 268:	6c00                	.insn	2, 0x6c00
 26a:	6e69                	.insn	2, 0x6e69
 26c:	7875                	.insn	2, 0x7875
 26e:	6b5f 7265 656e      	.insn	6, 0x656e72656b5f
 274:	5f6c                	.insn	2, 0x5f6c
 276:	67617473          	csrrci	s0,0x676,2
 27a:	5f65                	.insn	2, 0x5f65
 27c:	616d                	.insn	2, 0x616d
 27e:	6b72                	.insn	2, 0x6b72
 280:	7265                	.insn	2, 0x7265
 282:	6a00                	.insn	2, 0x6a00
 284:	6d75                	.insn	2, 0x6d75
 286:	5f70                	.insn	2, 0x5f70
 288:	6f74                	.insn	2, 0x6f74
 28a:	6c5f 6e69 7875      	.insn	6, 0x78756e696c5f
 290:	7000                	.insn	2, 0x7000
 292:	7961                	.insn	2, 0x7961
 294:	6f6c                	.insn	2, 0x6f6c
 296:	6461                	.insn	2, 0x6461
 298:	615f 6464 0072      	.insn	6, 0x00726464615f
 29e:	6170                	.insn	2, 0x6170
 2a0:	6c79                	.insn	2, 0x6c79
 2a2:	5f64616f          	jal	sp,46898 <_prog_start-0x87fb9768>
 2a6:	6f6c                	.insn	2, 0x6f6c
 2a8:	6461                	.insn	2, 0x6461
 2aa:	645f 6e6f 5f65      	.insn	6, 0x5f656e6f645f
 2b0:	616d                	.insn	2, 0x616d
 2b2:	6b72                	.insn	2, 0x6b72
 2b4:	7265                	.insn	2, 0x7265
 2b6:	6c00                	.insn	2, 0x6c00
 2b8:	6e69                	.insn	2, 0x6e69
 2ba:	7875                	.insn	2, 0x7875
 2bc:	705f 7961 6f6c      	.insn	6, 0x6f6c7961705f
 2c2:	6461                	.insn	2, 0x6461
 2c4:	735f 6174 6567      	.insn	6, 0x65676174735f
 2ca:	6d5f 7261 656b      	.insn	6, 0x656b72616d5f
 2d0:	0072                	.insn	2, 0x0072
 2d2:	7270                	.insn	2, 0x7270
 2d4:	6e69                	.insn	2, 0x6e69
 2d6:	5f74                	.insn	2, 0x5f74
 2d8:	6579                	.insn	2, 0x6579
 2da:	6f6e5f73          	csrrwi	t5,0x6f6,28
 2de:	6c00                	.insn	2, 0x6c00
 2e0:	6465                	.insn	2, 0x6465
 2e2:	745f 676f 6c67      	.insn	6, 0x6c67676f745f
 2e8:	0065                	.insn	2, 0x0065
 2ea:	7270                	.insn	2, 0x7270
 2ec:	6e69                	.insn	2, 0x6e69
 2ee:	5f74                	.insn	2, 0x5f74
 2f0:	6568                	.insn	2, 0x6568
 2f2:	3678                	.insn	2, 0x3678
 2f4:	0034                	.insn	2, 0x0034
 2f6:	6f6c                	.insn	2, 0x6f6c
 2f8:	676e                	.insn	2, 0x676e
 2fa:	6920                	.insn	2, 0x6920
 2fc:	746e                	.insn	2, 0x746e
 2fe:	7300                	.insn	2, 0x7300
 300:	6968                	.insn	2, 0x6968
 302:	7466                	.insn	2, 0x7466
 304:	7000                	.insn	2, 0x7000
 306:	6565                	.insn	2, 0x6565
 308:	0034366b          	.insn	4, 0x0034366b
 30c:	6e65                	.insn	2, 0x6e65
 30e:	7274                	.insn	2, 0x7274
 310:	0079                	.insn	2, 0x0079
 312:	696c                	.insn	2, 0x696c
 314:	756e                	.insn	2, 0x756e
 316:	5f78                	.insn	2, 0x5f78
 318:	69616863          	bltu	sp,s6,9a8 <_prog_start-0x87fff658>
 31c:	5f6e                	.insn	2, 0x5f6e
 31e:	72617473          	csrrci	s0,mhpmevent6h,2
 322:	5f74                	.insn	2, 0x5f74
 324:	616d                	.insn	2, 0x616d
 326:	6b72                	.insn	2, 0x6b72
 328:	7265                	.insn	2, 0x7265
 32a:	7500                	.insn	2, 0x7500
 32c:	736e                	.insn	2, 0x736e
 32e:	6769                	.insn	2, 0x6769
 330:	656e                	.insn	2, 0x656e
 332:	2064                	.insn	2, 0x2064
 334:	72616863          	bltu	sp,t1,a64 <_prog_start-0x87fff59c>
 338:	6c00                	.insn	2, 0x6c00
 33a:	6e69                	.insn	2, 0x6e69
 33c:	7875                	.insn	2, 0x7875
 33e:	6d5f 6e61 6669      	.insn	6, 0x66696e616d5f
 344:	7365                	.insn	2, 0x7365
 346:	0074                	.insn	2, 0x0074
 348:	6c66                	.insn	2, 0x6c66
 34a:	6761                	.insn	2, 0x6761
 34c:	756a0073          	.insn	4, 0x756a0073
 350:	706d                	.insn	2, 0x706d
 352:	615f 6464 0072      	.insn	6, 0x00726464615f
 358:	6975                	.insn	2, 0x6975
 35a:	746e                	.insn	2, 0x746e
 35c:	745f3233          	.insn	4, 0x745f3233
 360:	6c00                	.insn	2, 0x6c00
 362:	6e69                	.insn	2, 0x6e69
 364:	7875                	.insn	2, 0x7875
 366:	645f 6274 735f      	.insn	6, 0x735f6274645f
 36c:	6174                	.insn	2, 0x6174
 36e:	6d5f6567          	.insn	4, 0x6d5f6567
 372:	7261                	.insn	2, 0x7261
 374:	0072656b          	.insn	4, 0x0072656b
 378:	6966                	.insn	2, 0x6966
 37a:	6d72                	.insn	2, 0x6d72
 37c:	65726177          	.insn	4, 0x65726177
 380:	725f 6765 6f69      	.insn	6, 0x6f696765725f
 386:	5f6e                	.insn	2, 0x5f6e
 388:	6176                	.insn	2, 0x6176
 38a:	696c                	.insn	2, 0x696c
 38c:	0064                	.insn	2, 0x0064
 38e:	726f6873          	csrrsi	a6,mhpmevent6h,30
 392:	2074                	.insn	2, 0x2074
 394:	6e75                	.insn	2, 0x6e75
 396:	6e676973          	csrrsi	s2,0x6e6,14
 39a:	6465                	.insn	2, 0x6465
 39c:	6920                	.insn	2, 0x6920
 39e:	746e                	.insn	2, 0x746e
 3a0:	6c00                	.insn	2, 0x6c00
 3a2:	6e69                	.insn	2, 0x6e69
 3a4:	7875                	.insn	2, 0x7875
 3a6:	635f 6168 6e69      	.insn	6, 0x6e696168635f
 3ac:	6d5f 6e61 6669      	.insn	6, 0x66696e616d5f
 3b2:	7365                	.insn	2, 0x7365
 3b4:	0074                	.insn	2, 0x0074
 3b6:	696c                	.insn	2, 0x696c
 3b8:	756e                	.insn	2, 0x756e
 3ba:	5f78                	.insn	2, 0x5f78
 3bc:	6e756f63          	bltu	a0,t2,aba <_prog_start-0x87fff546>
 3c0:	5f74                	.insn	2, 0x5f74
 3c2:	6f6c                	.insn	2, 0x6f6c
 3c4:	6d5f706f          	j	f8298 <_prog_start-0x87f07d68>
 3c8:	7261                	.insn	2, 0x7261
 3ca:	0072656b          	.insn	4, 0x0072656b
 3ce:	6175                	.insn	2, 0x6175
 3d0:	7472                	.insn	2, 0x7472
 3d2:	0030                	.insn	2, 0x0030
 3d4:	6175                	.insn	2, 0x6175
 3d6:	7472                	.insn	2, 0x7472
 3d8:	705f 7475 0063      	.insn	6, 0x00637475705f
 3de:	7562                	.insn	2, 0x7562
 3e0:	6666                	.insn	2, 0x6666
 3e2:	7265                	.insn	2, 0x7265
 3e4:	6400                	.insn	2, 0x6400
 3e6:	6274                	.insn	2, 0x6274
 3e8:	735f 7a69 0065      	.insn	6, 0x00657a69735f
 3ee:	6170                	.insn	2, 0x6170
 3f0:	6c79                	.insn	2, 0x6c79
 3f2:	5f64616f          	jal	sp,469e8 <_prog_start-0x87fb9618>
 3f6:	657a6973          	csrrsi	s2,hviprio2h,20
 3fa:	6c00                	.insn	2, 0x6c00
 3fc:	20676e6f          	jal	t3,76602 <_prog_start-0x87f899fe>
 400:	6e75                	.insn	2, 0x6e75
 402:	6e676973          	csrrsi	s2,0x6e6,14
 406:	6465                	.insn	2, 0x6465
 408:	6920                	.insn	2, 0x6920
 40a:	746e                	.insn	2, 0x746e
 40c:	6400                	.insn	2, 0x6400
 40e:	6c65                	.insn	2, 0x6c65
 410:	7961                	.insn	2, 0x7961
 412:	635f 6379 656c      	.insn	6, 0x656c6379635f
 418:	6e650073          	.insn	4, 0x6e650073
 41c:	7274                	.insn	2, 0x7274
 41e:	5f79                	.insn	2, 0x5f79
 420:	6e66                	.insn	2, 0x6e66
 422:	6b00                	.insn	2, 0x6b00
 424:	7265                	.insn	2, 0x7265
 426:	656e                	.insn	2, 0x656e
 428:	5f6c                	.insn	2, 0x5f6c
 42a:	6f6c                	.insn	2, 0x6f6c
 42c:	6461                	.insn	2, 0x6461
 42e:	645f 6e6f 5f65      	.insn	6, 0x5f656e6f645f
 434:	616d                	.insn	2, 0x616d
 436:	6b72                	.insn	2, 0x6b72
 438:	7265                	.insn	2, 0x7265
 43a:	6700                	.insn	2, 0x6700
 43c:	6970                	.insn	2, 0x6970
 43e:	6e695f6f          	jal	t5,95b24 <_prog_start-0x87f6a4dc>
 442:	7469                	.insn	2, 0x7469
 444:	6300                	.insn	2, 0x6300
 446:	746e756f          	jal	a0,e7b8c <_prog_start-0x87f18474>
 44a:	6c00                	.insn	2, 0x6c00
 44c:	6e69                	.insn	2, 0x6e69
 44e:	7875                	.insn	2, 0x7875
 450:	6a5f 6d75 5f70      	.insn	6, 0x5f706d756a5f
 456:	6c62                	.insn	2, 0x6c62
 458:	656b636f          	jal	t1,b6aae <_prog_start-0x87f49552>
 45c:	5f64                	.insn	2, 0x5f64
 45e:	616d                	.insn	2, 0x616d
 460:	6b72                	.insn	2, 0x6b72
 462:	7265                	.insn	2, 0x7265
 464:	6400                	.insn	2, 0x6400
 466:	6274                	.insn	2, 0x6274
 468:	615f 6464 0072      	.insn	6, 0x00726464615f
 46e:	656c                	.insn	2, 0x656c
 470:	5f64                	.insn	2, 0x5f64
 472:	74617473          	csrrci	s0,0x746,2
 476:	0065                	.insn	2, 0x0065
 478:	6f697067          	.insn	4, 0x6f697067
 47c:	0030                	.insn	2, 0x0030
 47e:	616d                	.insn	2, 0x616d
 480:	5f78                	.insn	2, 0x5f78
 482:	657a6973          	csrrsi	s2,hviprio2h,20
 486:	6a00                	.insn	2, 0x6a00
 488:	6d75                	.insn	2, 0x6d75
 48a:	5f70                	.insn	2, 0x5f70
 48c:	6e65                	.insn	2, 0x6e65
 48e:	6261                	.insn	2, 0x6261
 490:	656c                	.insn	2, 0x656c
 492:	0064                	.insn	2, 0x0064
 494:	6964                	.insn	2, 0x6964
 496:	00746967          	.insn	4, 0x00746967
 49a:	616d                	.insn	2, 0x616d
 49c:	00636967          	.insn	4, 0x00636967
 4a0:	6966                	.insn	2, 0x6966
 4a2:	6d72                	.insn	2, 0x6d72
 4a4:	65726177          	.insn	4, 0x65726177
 4a8:	735f 7a69 0065      	.insn	6, 0x00657a69735f
 4ae:	6966                	.insn	2, 0x6966
 4b0:	6d72                	.insn	2, 0x6d72
 4b2:	65726177          	.insn	4, 0x65726177
 4b6:	6c5f 616f 5f64      	.insn	6, 0x5f64616f6c5f
 4bc:	6f64                	.insn	2, 0x6f64
 4be:	656e                	.insn	2, 0x656e
 4c0:	6d5f 7261 656b      	.insn	6, 0x656b72616d5f
 4c6:	0072                	.insn	2, 0x0072
 4c8:	7270                	.insn	2, 0x7270
 4ca:	6e69                	.insn	2, 0x6e69
 4cc:	5f74                	.insn	2, 0x5f74
 4ce:	6572                	.insn	2, 0x6572
 4d0:	6e6f6967          	.insn	4, 0x6e6f6967
 4d4:	7500                	.insn	2, 0x7500
 4d6:	7261                	.insn	2, 0x7261
 4d8:	5f74                	.insn	2, 0x5f74
 4da:	7570                	.insn	2, 0x7570
 4dc:	7374                	.insn	2, 0x7374
 4de:	6c00                	.insn	2, 0x6c00
 4e0:	6e69                	.insn	2, 0x6e69
 4e2:	7875                	.insn	2, 0x7875
 4e4:	655f 746e 7972      	.insn	6, 0x7972746e655f
 4ea:	745f 6b00 7265      	.insn	6, 0x72656b00745f
 4f0:	656e                	.insn	2, 0x656e
 4f2:	5f6c                	.insn	2, 0x5f6c
 4f4:	6461                	.insn	2, 0x6461
 4f6:	7264                	.insn	2, 0x7264
	...

Disassembly of section .debug_frame:

0000000000000000 <.debug_frame>:
   0:	000c                	.insn	2, 0x000c
   2:	0000                	.insn	2, 0x
   4:	ffff                	.insn	2, 0xffff
   6:	ffff                	.insn	2, 0xffff
   8:	7c010003          	lb	zero,1984(sp) # 120117c4 <_prog_start-0x75fee83c>
   c:	0c01                	.insn	2, 0x0c01
   e:	0002                	.insn	2, 0x0002
  10:	002c                	.insn	2, 0x002c
  12:	0000                	.insn	2, 0x
  14:	0000                	.insn	2, 0x
  16:	0000                	.insn	2, 0x
  18:	0010                	.insn	2, 0x0010
  1a:	8800                	.insn	2, 0x8800
  1c:	0000                	.insn	2, 0x
  1e:	0000                	.insn	2, 0x
  20:	0028                	.insn	2, 0x0028
  22:	0000                	.insn	2, 0x
  24:	0000                	.insn	2, 0x
  26:	0000                	.insn	2, 0x
  28:	0e44                	.insn	2, 0x0e44
  2a:	4810                	.insn	2, 0x4810
  2c:	0281                	.insn	2, 0x0281
  2e:	0488                	.insn	2, 0x0488
  30:	0c44                	.insn	2, 0x0c44
  32:	0008                	.insn	2, 0x0008
  34:	c14c                	.insn	2, 0xc14c
  36:	c844                	.insn	2, 0xc844
  38:	020c                	.insn	2, 0x020c
  3a:	4410                	.insn	2, 0x4410
  3c:	000e                	.insn	2, 0x000e
  3e:	0000                	.insn	2, 0x
  40:	002c                	.insn	2, 0x002c
  42:	0000                	.insn	2, 0x
  44:	0000                	.insn	2, 0x
  46:	0000                	.insn	2, 0x
  48:	0038                	.insn	2, 0x0038
  4a:	8800                	.insn	2, 0x8800
  4c:	0000                	.insn	2, 0x
  4e:	0000                	.insn	2, 0x
  50:	0028                	.insn	2, 0x0028
  52:	0000                	.insn	2, 0x
  54:	0000                	.insn	2, 0x
  56:	0000                	.insn	2, 0x
  58:	0e44                	.insn	2, 0x0e44
  5a:	4810                	.insn	2, 0x4810
  5c:	0281                	.insn	2, 0x0281
  5e:	0488                	.insn	2, 0x0488
  60:	0c44                	.insn	2, 0x0c44
  62:	0008                	.insn	2, 0x0008
  64:	c14c                	.insn	2, 0xc14c
  66:	c844                	.insn	2, 0xc844
  68:	020c                	.insn	2, 0x020c
  6a:	4410                	.insn	2, 0x4410
  6c:	000e                	.insn	2, 0x000e
  6e:	0000                	.insn	2, 0x
  70:	002c                	.insn	2, 0x002c
  72:	0000                	.insn	2, 0x
  74:	0000                	.insn	2, 0x
  76:	0000                	.insn	2, 0x
  78:	0060                	.insn	2, 0x0060
  7a:	8800                	.insn	2, 0x8800
  7c:	0000                	.insn	2, 0x
  7e:	0000                	.insn	2, 0x
  80:	0028                	.insn	2, 0x0028
  82:	0000                	.insn	2, 0x
  84:	0000                	.insn	2, 0x
  86:	0000                	.insn	2, 0x
  88:	0e44                	.insn	2, 0x0e44
  8a:	4810                	.insn	2, 0x4810
  8c:	0281                	.insn	2, 0x0281
  8e:	0488                	.insn	2, 0x0488
  90:	0c44                	.insn	2, 0x0c44
  92:	0008                	.insn	2, 0x0008
  94:	c14c                	.insn	2, 0xc14c
  96:	c844                	.insn	2, 0xc844
  98:	020c                	.insn	2, 0x020c
  9a:	4410                	.insn	2, 0x4410
  9c:	000e                	.insn	2, 0x000e
  9e:	0000                	.insn	2, 0x
  a0:	002c                	.insn	2, 0x002c
  a2:	0000                	.insn	2, 0x
  a4:	0000                	.insn	2, 0x
  a6:	0000                	.insn	2, 0x
  a8:	0088                	.insn	2, 0x0088
  aa:	8800                	.insn	2, 0x8800
  ac:	0000                	.insn	2, 0x
  ae:	0000                	.insn	2, 0x
  b0:	0028                	.insn	2, 0x0028
  b2:	0000                	.insn	2, 0x
  b4:	0000                	.insn	2, 0x
  b6:	0000                	.insn	2, 0x
  b8:	0e44                	.insn	2, 0x0e44
  ba:	4810                	.insn	2, 0x4810
  bc:	0281                	.insn	2, 0x0281
  be:	0488                	.insn	2, 0x0488
  c0:	0c44                	.insn	2, 0x0c44
  c2:	0008                	.insn	2, 0x0008
  c4:	c14c                	.insn	2, 0xc14c
  c6:	c844                	.insn	2, 0xc844
  c8:	020c                	.insn	2, 0x020c
  ca:	4410                	.insn	2, 0x4410
  cc:	000e                	.insn	2, 0x000e
  ce:	0000                	.insn	2, 0x
  d0:	002c                	.insn	2, 0x002c
  d2:	0000                	.insn	2, 0x
  d4:	0000                	.insn	2, 0x
  d6:	0000                	.insn	2, 0x
  d8:	00b0                	.insn	2, 0x00b0
  da:	8800                	.insn	2, 0x8800
  dc:	0000                	.insn	2, 0x
  de:	0000                	.insn	2, 0x
  e0:	0028                	.insn	2, 0x0028
  e2:	0000                	.insn	2, 0x
  e4:	0000                	.insn	2, 0x
  e6:	0000                	.insn	2, 0x
  e8:	0e44                	.insn	2, 0x0e44
  ea:	4810                	.insn	2, 0x4810
  ec:	0281                	.insn	2, 0x0281
  ee:	0488                	.insn	2, 0x0488
  f0:	0c44                	.insn	2, 0x0c44
  f2:	0008                	.insn	2, 0x0008
  f4:	c14c                	.insn	2, 0xc14c
  f6:	c844                	.insn	2, 0xc844
  f8:	020c                	.insn	2, 0x020c
  fa:	4410                	.insn	2, 0x4410
  fc:	000e                	.insn	2, 0x000e
  fe:	0000                	.insn	2, 0x
 100:	002c                	.insn	2, 0x002c
 102:	0000                	.insn	2, 0x
 104:	0000                	.insn	2, 0x
 106:	0000                	.insn	2, 0x
 108:	00d8                	.insn	2, 0x00d8
 10a:	8800                	.insn	2, 0x8800
 10c:	0000                	.insn	2, 0x
 10e:	0000                	.insn	2, 0x
 110:	0028                	.insn	2, 0x0028
 112:	0000                	.insn	2, 0x
 114:	0000                	.insn	2, 0x
 116:	0000                	.insn	2, 0x
 118:	0e44                	.insn	2, 0x0e44
 11a:	4810                	.insn	2, 0x4810
 11c:	0281                	.insn	2, 0x0281
 11e:	0488                	.insn	2, 0x0488
 120:	0c44                	.insn	2, 0x0c44
 122:	0008                	.insn	2, 0x0008
 124:	c14c                	.insn	2, 0xc14c
 126:	c844                	.insn	2, 0xc844
 128:	020c                	.insn	2, 0x020c
 12a:	4410                	.insn	2, 0x4410
 12c:	000e                	.insn	2, 0x000e
 12e:	0000                	.insn	2, 0x
 130:	002c                	.insn	2, 0x002c
 132:	0000                	.insn	2, 0x
 134:	0000                	.insn	2, 0x
 136:	0000                	.insn	2, 0x
 138:	0100                	.insn	2, 0x0100
 13a:	8800                	.insn	2, 0x8800
 13c:	0000                	.insn	2, 0x
 13e:	0000                	.insn	2, 0x
 140:	0028                	.insn	2, 0x0028
 142:	0000                	.insn	2, 0x
 144:	0000                	.insn	2, 0x
 146:	0000                	.insn	2, 0x
 148:	0e44                	.insn	2, 0x0e44
 14a:	4810                	.insn	2, 0x4810
 14c:	0281                	.insn	2, 0x0281
 14e:	0488                	.insn	2, 0x0488
 150:	0c44                	.insn	2, 0x0c44
 152:	0008                	.insn	2, 0x0008
 154:	c14c                	.insn	2, 0xc14c
 156:	c844                	.insn	2, 0xc844
 158:	020c                	.insn	2, 0x020c
 15a:	4410                	.insn	2, 0x4410
 15c:	000e                	.insn	2, 0x000e
 15e:	0000                	.insn	2, 0x
 160:	002c                	.insn	2, 0x002c
 162:	0000                	.insn	2, 0x
 164:	0000                	.insn	2, 0x
 166:	0000                	.insn	2, 0x
 168:	0128                	.insn	2, 0x0128
 16a:	8800                	.insn	2, 0x8800
 16c:	0000                	.insn	2, 0x
 16e:	0000                	.insn	2, 0x
 170:	0028                	.insn	2, 0x0028
 172:	0000                	.insn	2, 0x
 174:	0000                	.insn	2, 0x
 176:	0000                	.insn	2, 0x
 178:	0e44                	.insn	2, 0x0e44
 17a:	4810                	.insn	2, 0x4810
 17c:	0281                	.insn	2, 0x0281
 17e:	0488                	.insn	2, 0x0488
 180:	0c44                	.insn	2, 0x0c44
 182:	0008                	.insn	2, 0x0008
 184:	c14c                	.insn	2, 0xc14c
 186:	c844                	.insn	2, 0xc844
 188:	020c                	.insn	2, 0x020c
 18a:	4410                	.insn	2, 0x4410
 18c:	000e                	.insn	2, 0x000e
 18e:	0000                	.insn	2, 0x
 190:	002c                	.insn	2, 0x002c
 192:	0000                	.insn	2, 0x
 194:	0000                	.insn	2, 0x
 196:	0000                	.insn	2, 0x
 198:	0150                	.insn	2, 0x0150
 19a:	8800                	.insn	2, 0x8800
 19c:	0000                	.insn	2, 0x
 19e:	0000                	.insn	2, 0x
 1a0:	0028                	.insn	2, 0x0028
 1a2:	0000                	.insn	2, 0x
 1a4:	0000                	.insn	2, 0x
 1a6:	0000                	.insn	2, 0x
 1a8:	0e44                	.insn	2, 0x0e44
 1aa:	4810                	.insn	2, 0x4810
 1ac:	0281                	.insn	2, 0x0281
 1ae:	0488                	.insn	2, 0x0488
 1b0:	0c44                	.insn	2, 0x0c44
 1b2:	0008                	.insn	2, 0x0008
 1b4:	c14c                	.insn	2, 0xc14c
 1b6:	c844                	.insn	2, 0xc844
 1b8:	020c                	.insn	2, 0x020c
 1ba:	4410                	.insn	2, 0x4410
 1bc:	000e                	.insn	2, 0x000e
 1be:	0000                	.insn	2, 0x
 1c0:	002c                	.insn	2, 0x002c
 1c2:	0000                	.insn	2, 0x
 1c4:	0000                	.insn	2, 0x
 1c6:	0000                	.insn	2, 0x
 1c8:	0178                	.insn	2, 0x0178
 1ca:	8800                	.insn	2, 0x8800
 1cc:	0000                	.insn	2, 0x
 1ce:	0000                	.insn	2, 0x
 1d0:	0028                	.insn	2, 0x0028
 1d2:	0000                	.insn	2, 0x
 1d4:	0000                	.insn	2, 0x
 1d6:	0000                	.insn	2, 0x
 1d8:	0e44                	.insn	2, 0x0e44
 1da:	4810                	.insn	2, 0x4810
 1dc:	0281                	.insn	2, 0x0281
 1de:	0488                	.insn	2, 0x0488
 1e0:	0c44                	.insn	2, 0x0c44
 1e2:	0008                	.insn	2, 0x0008
 1e4:	c14c                	.insn	2, 0xc14c
 1e6:	c844                	.insn	2, 0xc844
 1e8:	020c                	.insn	2, 0x020c
 1ea:	4410                	.insn	2, 0x4410
 1ec:	000e                	.insn	2, 0x000e
 1ee:	0000                	.insn	2, 0x
 1f0:	002c                	.insn	2, 0x002c
 1f2:	0000                	.insn	2, 0x
 1f4:	0000                	.insn	2, 0x
 1f6:	0000                	.insn	2, 0x
 1f8:	01a0                	.insn	2, 0x01a0
 1fa:	8800                	.insn	2, 0x8800
 1fc:	0000                	.insn	2, 0x
 1fe:	0000                	.insn	2, 0x
 200:	0028                	.insn	2, 0x0028
 202:	0000                	.insn	2, 0x
 204:	0000                	.insn	2, 0x
 206:	0000                	.insn	2, 0x
 208:	0e44                	.insn	2, 0x0e44
 20a:	4810                	.insn	2, 0x4810
 20c:	0281                	.insn	2, 0x0281
 20e:	0488                	.insn	2, 0x0488
 210:	0c44                	.insn	2, 0x0c44
 212:	0008                	.insn	2, 0x0008
 214:	c14c                	.insn	2, 0xc14c
 216:	c844                	.insn	2, 0xc844
 218:	020c                	.insn	2, 0x020c
 21a:	4410                	.insn	2, 0x4410
 21c:	000e                	.insn	2, 0x000e
 21e:	0000                	.insn	2, 0x
 220:	002c                	.insn	2, 0x002c
 222:	0000                	.insn	2, 0x
 224:	0000                	.insn	2, 0x
 226:	0000                	.insn	2, 0x
 228:	01c8                	.insn	2, 0x01c8
 22a:	8800                	.insn	2, 0x8800
 22c:	0000                	.insn	2, 0x
 22e:	0000                	.insn	2, 0x
 230:	0028                	.insn	2, 0x0028
 232:	0000                	.insn	2, 0x
 234:	0000                	.insn	2, 0x
 236:	0000                	.insn	2, 0x
 238:	0e44                	.insn	2, 0x0e44
 23a:	4810                	.insn	2, 0x4810
 23c:	0281                	.insn	2, 0x0281
 23e:	0488                	.insn	2, 0x0488
 240:	0c44                	.insn	2, 0x0c44
 242:	0008                	.insn	2, 0x0008
 244:	c14c                	.insn	2, 0xc14c
 246:	c844                	.insn	2, 0xc844
 248:	020c                	.insn	2, 0x020c
 24a:	4410                	.insn	2, 0x4410
 24c:	000e                	.insn	2, 0x000e
 24e:	0000                	.insn	2, 0x
 250:	002c                	.insn	2, 0x002c
 252:	0000                	.insn	2, 0x
 254:	0000                	.insn	2, 0x
 256:	0000                	.insn	2, 0x
 258:	01f0                	.insn	2, 0x01f0
 25a:	8800                	.insn	2, 0x8800
 25c:	0000                	.insn	2, 0x
 25e:	0000                	.insn	2, 0x
 260:	0028                	.insn	2, 0x0028
 262:	0000                	.insn	2, 0x
 264:	0000                	.insn	2, 0x
 266:	0000                	.insn	2, 0x
 268:	0e44                	.insn	2, 0x0e44
 26a:	4810                	.insn	2, 0x4810
 26c:	0281                	.insn	2, 0x0281
 26e:	0488                	.insn	2, 0x0488
 270:	0c44                	.insn	2, 0x0c44
 272:	0008                	.insn	2, 0x0008
 274:	c14c                	.insn	2, 0xc14c
 276:	c844                	.insn	2, 0xc844
 278:	020c                	.insn	2, 0x020c
 27a:	4410                	.insn	2, 0x4410
 27c:	000e                	.insn	2, 0x000e
 27e:	0000                	.insn	2, 0x
 280:	002c                	.insn	2, 0x002c
 282:	0000                	.insn	2, 0x
 284:	0000                	.insn	2, 0x
 286:	0000                	.insn	2, 0x
 288:	0218                	.insn	2, 0x0218
 28a:	8800                	.insn	2, 0x8800
 28c:	0000                	.insn	2, 0x
 28e:	0000                	.insn	2, 0x
 290:	0050                	.insn	2, 0x0050
 292:	0000                	.insn	2, 0x
 294:	0000                	.insn	2, 0x
 296:	0000                	.insn	2, 0x
 298:	0e44                	.insn	2, 0x0e44
 29a:	4810                	.insn	2, 0x4810
 29c:	0281                	.insn	2, 0x0281
 29e:	0488                	.insn	2, 0x0488
 2a0:	0c44                	.insn	2, 0x0c44
 2a2:	0008                	.insn	2, 0x0008
 2a4:	c174                	.insn	2, 0xc174
 2a6:	c844                	.insn	2, 0xc844
 2a8:	020c                	.insn	2, 0x020c
 2aa:	4410                	.insn	2, 0x4410
 2ac:	000e                	.insn	2, 0x000e
 2ae:	0000                	.insn	2, 0x
 2b0:	002c                	.insn	2, 0x002c
 2b2:	0000                	.insn	2, 0x
 2b4:	0000                	.insn	2, 0x
 2b6:	0000                	.insn	2, 0x
 2b8:	0268                	.insn	2, 0x0268
 2ba:	8800                	.insn	2, 0x8800
 2bc:	0000                	.insn	2, 0x
 2be:	0000                	.insn	2, 0x
 2c0:	0088                	.insn	2, 0x0088
 2c2:	0000                	.insn	2, 0x
 2c4:	0000                	.insn	2, 0x
 2c6:	0000                	.insn	2, 0x
 2c8:	0e44                	.insn	2, 0x0e44
 2ca:	4810                	.insn	2, 0x4810
 2cc:	0281                	.insn	2, 0x0281
 2ce:	0488                	.insn	2, 0x0488
 2d0:	0c44                	.insn	2, 0x0c44
 2d2:	0008                	.insn	2, 0x0008
 2d4:	6c02                	.insn	2, 0x6c02
 2d6:	44c1                	.insn	2, 0x44c1
 2d8:	0cc8                	.insn	2, 0x0cc8
 2da:	1002                	.insn	2, 0x1002
 2dc:	0e44                	.insn	2, 0x0e44
 2de:	0000                	.insn	2, 0x
 2e0:	002c                	.insn	2, 0x002c
 2e2:	0000                	.insn	2, 0x
 2e4:	0000                	.insn	2, 0x
 2e6:	0000                	.insn	2, 0x
 2e8:	02f0                	.insn	2, 0x02f0
 2ea:	8800                	.insn	2, 0x8800
 2ec:	0000                	.insn	2, 0x
 2ee:	0000                	.insn	2, 0x
 2f0:	005c                	.insn	2, 0x005c
 2f2:	0000                	.insn	2, 0x
 2f4:	0000                	.insn	2, 0x
 2f6:	0000                	.insn	2, 0x
 2f8:	0e44                	.insn	2, 0x0e44
 2fa:	4810                	.insn	2, 0x4810
 2fc:	0281                	.insn	2, 0x0281
 2fe:	0488                	.insn	2, 0x0488
 300:	0c44                	.insn	2, 0x0c44
 302:	0008                	.insn	2, 0x0008
 304:	4002                	.insn	2, 0x4002
 306:	44c1                	.insn	2, 0x44c1
 308:	0cc8                	.insn	2, 0x0cc8
 30a:	1002                	.insn	2, 0x1002
 30c:	0e44                	.insn	2, 0x0e44
 30e:	0000                	.insn	2, 0x
 310:	002c                	.insn	2, 0x002c
 312:	0000                	.insn	2, 0x
 314:	0000                	.insn	2, 0x
 316:	0000                	.insn	2, 0x
 318:	034c                	.insn	2, 0x034c
 31a:	8800                	.insn	2, 0x8800
 31c:	0000                	.insn	2, 0x
 31e:	0000                	.insn	2, 0x
 320:	0050                	.insn	2, 0x0050
 322:	0000                	.insn	2, 0x
 324:	0000                	.insn	2, 0x
 326:	0000                	.insn	2, 0x
 328:	0e44                	.insn	2, 0x0e44
 32a:	4820                	.insn	2, 0x4820
 32c:	0281                	.insn	2, 0x0281
 32e:	0488                	.insn	2, 0x0488
 330:	0c44                	.insn	2, 0x0c44
 332:	0008                	.insn	2, 0x0008
 334:	c174                	.insn	2, 0xc174
 336:	c844                	.insn	2, 0xc844
 338:	020c                	.insn	2, 0x020c
 33a:	4420                	.insn	2, 0x4420
 33c:	000e                	.insn	2, 0x000e
 33e:	0000                	.insn	2, 0x
 340:	002c                	.insn	2, 0x002c
 342:	0000                	.insn	2, 0x
 344:	0000                	.insn	2, 0x
 346:	0000                	.insn	2, 0x
 348:	039c                	.insn	2, 0x039c
 34a:	8800                	.insn	2, 0x8800
 34c:	0000                	.insn	2, 0x
 34e:	0000                	.insn	2, 0x
 350:	0070                	.insn	2, 0x0070
 352:	0000                	.insn	2, 0x
 354:	0000                	.insn	2, 0x
 356:	0000                	.insn	2, 0x
 358:	0e44                	.insn	2, 0x0e44
 35a:	4820                	.insn	2, 0x4820
 35c:	0281                	.insn	2, 0x0281
 35e:	0488                	.insn	2, 0x0488
 360:	0c44                	.insn	2, 0x0c44
 362:	0008                	.insn	2, 0x0008
 364:	5402                	.insn	2, 0x5402
 366:	44c1                	.insn	2, 0x44c1
 368:	0cc8                	.insn	2, 0x0cc8
 36a:	2002                	.insn	2, 0x2002
 36c:	0e44                	.insn	2, 0x0e44
 36e:	0000                	.insn	2, 0x
 370:	002c                	.insn	2, 0x002c
 372:	0000                	.insn	2, 0x
 374:	0000                	.insn	2, 0x
 376:	0000                	.insn	2, 0x
 378:	040c                	.insn	2, 0x040c
 37a:	8800                	.insn	2, 0x8800
 37c:	0000                	.insn	2, 0x
 37e:	0000                	.insn	2, 0x
 380:	00ac                	.insn	2, 0x00ac
 382:	0000                	.insn	2, 0x
 384:	0000                	.insn	2, 0x
 386:	0000                	.insn	2, 0x
 388:	0e44                	.insn	2, 0x0e44
 38a:	4830                	.insn	2, 0x4830
 38c:	0281                	.insn	2, 0x0281
 38e:	0488                	.insn	2, 0x0488
 390:	0c44                	.insn	2, 0x0c44
 392:	0008                	.insn	2, 0x0008
 394:	9002                	.insn	2, 0x9002
 396:	44c1                	.insn	2, 0x44c1
 398:	0cc8                	.insn	2, 0x0cc8
 39a:	3002                	.insn	2, 0x3002
 39c:	0e44                	.insn	2, 0x0e44
 39e:	0000                	.insn	2, 0x
 3a0:	002c                	.insn	2, 0x002c
 3a2:	0000                	.insn	2, 0x
 3a4:	0000                	.insn	2, 0x
 3a6:	0000                	.insn	2, 0x
 3a8:	04b8                	.insn	2, 0x04b8
 3aa:	8800                	.insn	2, 0x8800
 3ac:	0000                	.insn	2, 0x
 3ae:	0000                	.insn	2, 0x
 3b0:	00e4                	.insn	2, 0x00e4
 3b2:	0000                	.insn	2, 0x
 3b4:	0000                	.insn	2, 0x
 3b6:	0000                	.insn	2, 0x
 3b8:	0e44                	.insn	2, 0x0e44
 3ba:	4840                	.insn	2, 0x4840
 3bc:	0281                	.insn	2, 0x0281
 3be:	0488                	.insn	2, 0x0488
 3c0:	0c44                	.insn	2, 0x0c44
 3c2:	0008                	.insn	2, 0x0008
 3c4:	c802                	.insn	2, 0xc802
 3c6:	44c1                	.insn	2, 0x44c1
 3c8:	0cc8                	.insn	2, 0x0cc8
 3ca:	4002                	.insn	2, 0x4002
 3cc:	0e44                	.insn	2, 0x0e44
 3ce:	0000                	.insn	2, 0x
 3d0:	002c                	.insn	2, 0x002c
 3d2:	0000                	.insn	2, 0x
 3d4:	0000                	.insn	2, 0x
 3d6:	0000                	.insn	2, 0x
 3d8:	059c                	.insn	2, 0x059c
 3da:	8800                	.insn	2, 0x8800
 3dc:	0000                	.insn	2, 0x
 3de:	0000                	.insn	2, 0x
 3e0:	0044                	.insn	2, 0x0044
 3e2:	0000                	.insn	2, 0x
 3e4:	0000                	.insn	2, 0x
 3e6:	0000                	.insn	2, 0x
 3e8:	0e44                	.insn	2, 0x0e44
 3ea:	4820                	.insn	2, 0x4820
 3ec:	0281                	.insn	2, 0x0281
 3ee:	0488                	.insn	2, 0x0488
 3f0:	0c44                	.insn	2, 0x0c44
 3f2:	0008                	.insn	2, 0x0008
 3f4:	c168                	.insn	2, 0xc168
 3f6:	c844                	.insn	2, 0xc844
 3f8:	020c                	.insn	2, 0x020c
 3fa:	4420                	.insn	2, 0x4420
 3fc:	000e                	.insn	2, 0x000e
 3fe:	0000                	.insn	2, 0x
 400:	002c                	.insn	2, 0x002c
 402:	0000                	.insn	2, 0x
 404:	0000                	.insn	2, 0x
 406:	0000                	.insn	2, 0x
 408:	05e0                	.insn	2, 0x05e0
 40a:	8800                	.insn	2, 0x8800
 40c:	0000                	.insn	2, 0x
 40e:	0000                	.insn	2, 0x
 410:	006c                	.insn	2, 0x006c
 412:	0000                	.insn	2, 0x
 414:	0000                	.insn	2, 0x
 416:	0000                	.insn	2, 0x
 418:	0e44                	.insn	2, 0x0e44
 41a:	4830                	.insn	2, 0x4830
 41c:	0281                	.insn	2, 0x0281
 41e:	0488                	.insn	2, 0x0488
 420:	0c44                	.insn	2, 0x0c44
 422:	0008                	.insn	2, 0x0008
 424:	5002                	.insn	2, 0x5002
 426:	44c1                	.insn	2, 0x44c1
 428:	0cc8                	.insn	2, 0x0cc8
 42a:	3002                	.insn	2, 0x3002
 42c:	0e44                	.insn	2, 0x0e44
 42e:	0000                	.insn	2, 0x
 430:	002c                	.insn	2, 0x002c
 432:	0000                	.insn	2, 0x
 434:	0000                	.insn	2, 0x
 436:	0000                	.insn	2, 0x
 438:	064c                	.insn	2, 0x064c
 43a:	8800                	.insn	2, 0x8800
 43c:	0000                	.insn	2, 0x
 43e:	0000                	.insn	2, 0x
 440:	0038                	.insn	2, 0x0038
 442:	0000                	.insn	2, 0x
 444:	0000                	.insn	2, 0x
 446:	0000                	.insn	2, 0x
 448:	0e44                	.insn	2, 0x0e44
 44a:	4830                	.insn	2, 0x4830
 44c:	0281                	.insn	2, 0x0281
 44e:	0488                	.insn	2, 0x0488
 450:	0c44                	.insn	2, 0x0c44
 452:	0008                	.insn	2, 0x0008
 454:	c15c                	.insn	2, 0xc15c
 456:	c844                	.insn	2, 0xc844
 458:	020c                	.insn	2, 0x020c
 45a:	4430                	.insn	2, 0x4430
 45c:	000e                	.insn	2, 0x000e
 45e:	0000                	.insn	2, 0x
 460:	002c                	.insn	2, 0x002c
 462:	0000                	.insn	2, 0x
 464:	0000                	.insn	2, 0x
 466:	0000                	.insn	2, 0x
 468:	0684                	.insn	2, 0x0684
 46a:	8800                	.insn	2, 0x8800
 46c:	0000                	.insn	2, 0x
 46e:	0000                	.insn	2, 0x
 470:	0060                	.insn	2, 0x0060
 472:	0000                	.insn	2, 0x
 474:	0000                	.insn	2, 0x
 476:	0000                	.insn	2, 0x
 478:	0e44                	.insn	2, 0x0e44
 47a:	4820                	.insn	2, 0x4820
 47c:	0281                	.insn	2, 0x0281
 47e:	0488                	.insn	2, 0x0488
 480:	0c44                	.insn	2, 0x0c44
 482:	0008                	.insn	2, 0x0008
 484:	4402                	.insn	2, 0x4402
 486:	44c1                	.insn	2, 0x44c1
 488:	0cc8                	.insn	2, 0x0cc8
 48a:	2002                	.insn	2, 0x2002
 48c:	0e44                	.insn	2, 0x0e44
 48e:	0000                	.insn	2, 0x
 490:	002c                	.insn	2, 0x002c
 492:	0000                	.insn	2, 0x
 494:	0000                	.insn	2, 0x
 496:	0000                	.insn	2, 0x
 498:	06e4                	.insn	2, 0x06e4
 49a:	8800                	.insn	2, 0x8800
 49c:	0000                	.insn	2, 0x
 49e:	0000                	.insn	2, 0x
 4a0:	0068                	.insn	2, 0x0068
 4a2:	0000                	.insn	2, 0x
 4a4:	0000                	.insn	2, 0x
 4a6:	0000                	.insn	2, 0x
 4a8:	0e44                	.insn	2, 0x0e44
 4aa:	4830                	.insn	2, 0x4830
 4ac:	0281                	.insn	2, 0x0281
 4ae:	0488                	.insn	2, 0x0488
 4b0:	0c44                	.insn	2, 0x0c44
 4b2:	0008                	.insn	2, 0x0008
 4b4:	4c02                	.insn	2, 0x4c02
 4b6:	44c1                	.insn	2, 0x44c1
 4b8:	0cc8                	.insn	2, 0x0cc8
 4ba:	3002                	.insn	2, 0x3002
 4bc:	0e44                	.insn	2, 0x0e44
 4be:	0000                	.insn	2, 0x
 4c0:	002c                	.insn	2, 0x002c
 4c2:	0000                	.insn	2, 0x
 4c4:	0000                	.insn	2, 0x
 4c6:	0000                	.insn	2, 0x
 4c8:	074c                	.insn	2, 0x074c
 4ca:	8800                	.insn	2, 0x8800
 4cc:	0000                	.insn	2, 0x
 4ce:	0000                	.insn	2, 0x
 4d0:	0048                	.insn	2, 0x0048
 4d2:	0000                	.insn	2, 0x
 4d4:	0000                	.insn	2, 0x
 4d6:	0000                	.insn	2, 0x
 4d8:	0e44                	.insn	2, 0x0e44
 4da:	4820                	.insn	2, 0x4820
 4dc:	0281                	.insn	2, 0x0281
 4de:	0488                	.insn	2, 0x0488
 4e0:	0c44                	.insn	2, 0x0c44
 4e2:	0008                	.insn	2, 0x0008
 4e4:	c16c                	.insn	2, 0xc16c
 4e6:	c844                	.insn	2, 0xc844
 4e8:	020c                	.insn	2, 0x020c
 4ea:	4420                	.insn	2, 0x4420
 4ec:	000e                	.insn	2, 0x000e
 4ee:	0000                	.insn	2, 0x
 4f0:	0024                	.insn	2, 0x0024
 4f2:	0000                	.insn	2, 0x
 4f4:	0000                	.insn	2, 0x
 4f6:	0000                	.insn	2, 0x
 4f8:	0794                	.insn	2, 0x0794
 4fa:	8800                	.insn	2, 0x8800
 4fc:	0000                	.insn	2, 0x
 4fe:	0000                	.insn	2, 0x
 500:	0044                	.insn	2, 0x0044
 502:	0000                	.insn	2, 0x
 504:	0000                	.insn	2, 0x
 506:	0000                	.insn	2, 0x
 508:	0e44                	.insn	2, 0x0e44
 50a:	4840                	.insn	2, 0x4840
 50c:	0281                	.insn	2, 0x0281
 50e:	0488                	.insn	2, 0x0488
 510:	0c44                	.insn	2, 0x0c44
 512:	0008                	.insn	2, 0x0008
 514:	0000                	.insn	2, 0x
 516:	0000                	.insn	2, 0x
 518:	0024                	.insn	2, 0x0024
 51a:	0000                	.insn	2, 0x
 51c:	0000                	.insn	2, 0x
 51e:	0000                	.insn	2, 0x
 520:	07d8                	.insn	2, 0x07d8
 522:	8800                	.insn	2, 0x8800
 524:	0000                	.insn	2, 0x
 526:	0000                	.insn	2, 0x
 528:	08c4                	.insn	2, 0x08c4
 52a:	0000                	.insn	2, 0x
 52c:	0000                	.insn	2, 0x
 52e:	0000                	.insn	2, 0x
 530:	0e44                	.insn	2, 0x0e44
 532:	0190                	.insn	2, 0x0190
 534:	8148                	.insn	2, 0x8148
 536:	8802                	.insn	2, 0x8802
 538:	4404                	.insn	2, 0x4404
 53a:	080c                	.insn	2, 0x080c
 53c:	0000                	.insn	2, 0x
	...
