Sample in Buffer,Sample in Window,TRIGGER,inst_jtag_tunnel/_inst_jtag_tunnel_jtag_tck,u_ila_jtag__bscane2_SHIFT,_inst_jtag_tunnel_jtag_tdi,inst_jtag_tunnel/_inst_jtag_tunnel_jtag_tms,inst_jtag_tunnel/_system_debug_systemjtag_jtag_TDO_data,inst_jtag_tunnel/tdiRegister_reg_n_0,inst_jtag_tunnel/shiftCounter[6:0],inst_jtag_tunnel/posCounter_reg[7:0],inst_jtag_tunnel/negCounter_reg[7:0]
Radix - UNSIGNED,UNSIGNED,UNSIGNED,HEX,HEX,HEX,HEX,HEX,HEX,HEX,HEX,HEX
0,0,0,0,0,0,0,1,0,00,00,00
1,1,0,0,0,0,0,1,0,00,00,00
2,2,0,0,0,0,0,1,0,00,00,00
3,3,0,0,0,0,0,1,0,00,00,00
4,4,0,0,0,0,0,1,0,00,00,00
5,5,0,0,0,0,0,1,0,00,00,00
6,6,0,0,0,0,0,1,0,00,00,00
7,7,0,0,0,0,0,1,0,00,00,00
8,8,0,0,0,0,0,1,0,00,00,00
9,9,0,0,0,0,0,1,0,00,00,00
10,10,0,0,0,0,0,1,0,00,00,00
11,11,0,0,0,0,0,1,0,00,00,00
12,12,0,0,0,0,0,1,0,00,00,00
13,13,0,0,0,0,0,1,0,00,00,00
14,14,0,0,0,0,0,1,0,00,00,00
15,15,0,0,0,0,0,1,0,00,00,00
16,16,0,0,0,0,0,1,0,00,00,00
17,17,0,0,0,0,0,1,0,00,00,00
18,18,0,0,0,0,0,1,0,00,00,00
19,19,0,0,0,0,0,1,0,00,00,00
20,20,0,0,0,0,0,1,0,00,00,00
21,21,0,0,0,0,0,1,0,00,00,00
22,22,0,0,0,0,0,1,0,00,00,00
23,23,0,0,0,0,0,1,0,00,00,00
24,24,0,0,0,0,0,1,0,00,00,00
25,25,0,0,0,0,0,1,0,00,00,00
26,26,0,0,0,0,0,1,0,00,00,00
27,27,0,0,0,0,0,1,0,00,00,00
28,28,0,0,0,0,0,1,0,00,00,00
29,29,0,0,0,0,0,1,0,00,00,00
30,30,0,0,0,0,0,1,0,00,00,00
31,31,0,0,0,0,0,1,0,00,00,00
32,32,0,0,0,0,0,1,0,00,00,00
33,33,0,0,0,0,0,1,0,00,00,00
34,34,0,0,0,0,0,1,0,00,00,00
35,35,0,0,0,0,0,1,0,00,00,00
36,36,0,0,0,0,0,1,0,00,00,00
37,37,0,0,0,0,0,1,0,00,00,00
38,38,0,0,0,0,0,1,0,00,00,00
39,39,0,0,0,0,0,1,0,00,00,00
40,40,0,0,0,0,0,1,0,00,00,00
41,41,0,0,0,0,0,1,0,00,00,00
42,42,0,0,0,0,0,1,0,00,00,00
43,43,0,0,0,0,0,1,0,00,00,00
44,44,0,0,0,0,0,1,0,00,00,00
45,45,0,0,0,0,0,1,0,00,00,00
46,46,0,0,0,0,0,1,0,00,00,00
47,47,0,0,0,0,0,1,0,00,00,00
48,48,0,0,0,0,0,1,0,00,00,00
49,49,0,0,0,0,0,1,0,00,00,00
50,50,0,0,0,0,0,1,0,00,00,00
51,51,0,0,0,0,0,1,0,00,00,00
52,52,0,0,0,0,0,1,0,00,00,00
53,53,0,0,0,0,0,1,0,00,00,00
54,54,0,0,0,0,0,1,0,00,00,00
55,55,0,0,0,0,0,1,0,00,00,00
56,56,0,0,0,0,0,1,0,00,00,00
57,57,0,0,0,0,0,1,0,00,00,00
58,58,0,0,0,0,0,1,0,00,00,00
59,59,0,0,0,0,0,1,0,00,00,00
60,60,0,0,0,0,0,1,0,00,00,00
61,61,0,0,0,0,0,1,0,00,00,00
62,62,0,0,0,0,0,1,0,00,00,00
63,63,0,0,0,0,0,1,0,00,00,00
64,64,0,0,0,0,0,1,0,00,00,00
65,65,0,0,0,0,0,1,0,00,00,00
66,66,0,0,0,0,0,1,0,00,00,00
67,67,0,0,0,0,0,1,0,00,00,00
68,68,0,0,0,0,0,1,0,00,00,00
69,69,0,0,0,0,0,1,0,00,00,00
70,70,0,0,0,0,0,1,0,00,00,00
71,71,0,0,0,0,0,1,0,00,00,00
72,72,0,0,0,0,0,1,0,00,00,00
73,73,0,0,0,0,0,1,0,00,00,00
74,74,0,0,0,0,0,1,0,00,00,00
75,75,0,0,0,0,0,1,0,00,00,00
76,76,0,0,0,0,0,1,0,00,00,00
77,77,0,0,0,0,0,1,0,00,00,00
78,78,0,0,0,0,0,1,0,00,00,00
79,79,0,0,0,0,0,1,0,00,00,00
80,80,0,0,0,0,0,1,0,00,00,00
81,81,0,0,0,0,0,1,0,00,00,00
82,82,0,0,0,0,0,1,0,00,00,00
83,83,0,0,0,0,0,1,0,00,00,00
84,84,0,0,0,0,0,1,0,00,00,00
85,85,0,0,0,0,0,1,0,00,00,00
86,86,0,0,0,0,0,1,0,00,00,00
87,87,0,0,0,0,0,1,0,00,00,00
88,88,0,0,0,0,0,1,0,00,00,00
89,89,0,0,0,0,0,1,0,00,00,00
90,90,0,0,0,0,0,1,0,00,00,00
91,91,0,0,0,0,0,1,0,00,00,00
92,92,0,0,0,0,0,1,0,00,00,00
93,93,0,0,0,0,0,1,0,00,00,00
94,94,0,0,0,0,0,1,0,00,00,00
95,95,0,0,0,0,0,1,0,00,00,00
96,96,0,0,0,0,0,1,0,00,00,00
97,97,0,0,0,0,0,1,0,00,00,00
98,98,0,0,0,0,0,1,0,00,00,00
99,99,0,0,0,0,0,1,0,00,00,00
100,100,0,0,0,0,0,1,0,00,00,00
101,101,0,0,0,0,0,1,0,00,00,00
102,102,0,0,0,0,0,1,0,00,00,00
103,103,0,0,0,0,0,1,0,00,00,00
104,104,0,0,0,0,0,1,0,00,00,00
105,105,0,0,0,0,0,1,0,00,00,00
106,106,0,0,0,0,0,1,0,00,00,00
107,107,0,0,0,0,0,1,0,00,00,00
108,108,0,0,0,0,0,1,0,00,00,00
109,109,0,0,0,0,0,1,0,00,00,00
110,110,0,0,0,0,0,1,0,00,00,00
111,111,0,0,0,0,0,1,0,00,00,00
112,112,0,0,0,0,0,1,0,00,00,00
113,113,0,0,0,0,0,1,0,00,00,00
114,114,0,0,0,0,0,1,0,00,00,00
115,115,0,0,0,0,0,1,0,00,00,00
116,116,0,0,0,0,0,1,0,00,00,00
117,117,0,0,0,0,0,1,0,00,00,00
118,118,0,0,0,0,0,1,0,00,00,00
119,119,0,0,0,0,0,1,0,00,00,00
120,120,0,0,0,0,0,1,0,00,00,00
121,121,0,0,0,0,0,1,0,00,00,00
122,122,0,0,0,0,0,1,0,00,00,00
123,123,0,0,0,0,0,1,0,00,00,00
124,124,0,0,0,0,0,1,0,00,00,00
125,125,0,0,0,0,0,1,0,00,00,00
126,126,0,0,0,0,0,1,0,00,00,00
127,127,0,0,0,0,0,1,0,00,00,00
128,128,0,0,0,0,0,1,0,00,00,00
129,129,0,0,0,0,0,1,0,00,00,00
130,130,0,0,0,0,0,1,0,00,00,00
131,131,0,0,0,0,0,1,0,00,00,00
132,132,0,0,0,0,0,1,0,00,00,00
133,133,0,0,0,0,0,1,0,00,00,00
134,134,0,0,0,0,0,1,0,00,00,00
135,135,0,0,0,0,0,1,0,00,00,00
136,136,0,0,0,0,0,1,0,00,00,00
137,137,0,0,0,0,0,1,0,00,00,00
138,138,0,0,0,0,0,1,0,00,00,00
139,139,0,0,0,0,0,1,0,00,00,00
140,140,0,0,0,0,0,1,0,00,00,00
141,141,0,0,0,0,0,1,0,00,00,00
142,142,0,0,0,0,0,1,0,00,00,00
143,143,0,0,0,0,0,1,0,00,00,00
144,144,0,0,0,0,0,1,0,00,00,00
145,145,0,0,0,0,0,1,0,00,00,00
146,146,0,0,0,0,0,1,0,00,00,00
147,147,0,0,0,0,0,1,0,00,00,00
148,148,0,0,0,0,0,1,0,00,00,00
149,149,0,0,0,0,0,1,0,00,00,00
150,150,0,0,0,0,0,1,0,00,00,00
151,151,0,0,0,0,0,1,0,00,00,00
152,152,0,0,0,0,0,1,0,00,00,00
153,153,0,0,0,0,0,1,0,00,00,00
154,154,0,0,0,0,0,1,0,00,00,00
155,155,0,0,0,0,0,1,0,00,00,00
156,156,0,0,0,0,0,1,0,00,00,00
157,157,0,0,0,0,0,1,0,00,00,00
158,158,0,0,0,0,0,1,0,00,00,00
159,159,0,0,0,0,0,1,0,00,00,00
160,160,0,0,0,0,0,1,0,00,00,00
161,161,0,0,0,0,0,1,0,00,00,00
162,162,0,0,0,0,0,1,0,00,00,00
163,163,0,0,0,0,0,1,0,00,00,00
164,164,0,0,0,0,0,1,0,00,00,00
165,165,0,0,0,0,0,1,0,00,00,00
166,166,0,0,0,0,0,1,0,00,00,00
167,167,0,0,0,0,0,1,0,00,00,00
168,168,0,0,0,0,0,1,0,00,00,00
169,169,0,0,0,0,0,1,0,00,00,00
170,170,0,0,0,0,0,1,0,00,00,00
171,171,0,0,0,0,0,1,0,00,00,00
172,172,0,0,0,0,0,1,0,00,00,00
173,173,0,0,0,0,0,1,0,00,00,00
174,174,0,0,0,0,0,1,0,00,00,00
175,175,0,0,0,0,0,1,0,00,00,00
176,176,0,0,0,0,0,1,0,00,00,00
177,177,0,0,0,0,0,1,0,00,00,00
178,178,0,0,0,0,0,1,0,00,00,00
179,179,0,0,0,0,0,1,0,00,00,00
180,180,0,0,0,0,0,1,0,00,00,00
181,181,0,0,0,0,0,1,0,00,00,00
182,182,0,0,0,0,0,1,0,00,00,00
183,183,0,0,0,0,0,1,0,00,00,00
184,184,0,0,0,0,0,1,0,00,00,00
185,185,0,0,0,0,0,1,0,00,00,00
186,186,0,0,0,0,0,1,0,00,00,00
187,187,0,0,0,0,0,1,0,00,00,00
188,188,0,0,0,0,0,1,0,00,00,00
189,189,0,0,0,0,0,1,0,00,00,00
190,190,0,0,0,0,0,1,0,00,00,00
191,191,0,0,0,0,0,1,0,00,00,00
192,192,0,0,0,0,0,1,0,00,00,00
193,193,0,0,0,0,0,1,0,00,00,00
194,194,0,0,0,0,0,1,0,00,00,00
195,195,0,0,0,0,0,1,0,00,00,00
196,196,0,0,0,0,0,1,0,00,00,00
197,197,0,0,0,0,0,1,0,00,00,00
198,198,0,0,0,0,0,1,0,00,00,00
199,199,0,0,0,0,0,1,0,00,00,00
200,200,0,0,0,0,0,1,0,00,00,00
201,201,0,0,0,0,0,1,0,00,00,00
202,202,0,0,0,0,0,1,0,00,00,00
203,203,0,0,0,0,0,1,0,00,00,00
204,204,0,0,0,0,0,1,0,00,00,00
205,205,0,0,0,0,0,1,0,00,00,00
206,206,0,0,0,0,0,1,0,00,00,00
207,207,0,0,0,0,0,1,0,00,00,00
208,208,0,0,0,0,0,1,0,00,00,00
209,209,0,0,0,0,0,1,0,00,00,00
210,210,0,0,0,0,0,1,0,00,00,00
211,211,0,0,0,0,0,1,0,00,00,00
212,212,0,0,0,0,0,1,0,00,00,00
213,213,0,0,0,0,0,1,0,00,00,00
214,214,0,0,0,0,0,1,0,00,00,00
215,215,0,0,0,0,0,1,0,00,00,00
216,216,0,0,0,0,0,1,0,00,00,00
217,217,0,0,0,0,0,1,0,00,00,00
218,218,0,0,0,0,0,1,0,00,00,00
219,219,0,0,0,0,0,1,0,00,00,00
220,220,0,0,0,0,0,1,0,00,00,00
221,221,0,0,0,0,0,1,0,00,00,00
222,222,0,0,0,0,0,1,0,00,00,00
223,223,0,0,0,0,0,1,0,00,00,00
224,224,0,0,0,0,0,1,0,00,00,00
225,225,0,0,0,0,0,1,0,00,00,00
226,226,0,0,0,0,0,1,0,00,00,00
227,227,0,0,0,0,0,1,0,00,00,00
228,228,0,0,0,0,0,1,0,00,00,00
229,229,0,0,0,0,0,1,0,00,00,00
230,230,0,0,0,0,0,1,0,00,00,00
231,231,0,0,0,0,0,1,0,00,00,00
232,232,0,0,0,0,0,1,0,00,00,00
233,233,0,0,0,0,0,1,0,00,00,00
234,234,0,0,0,0,0,1,0,00,00,00
235,235,0,0,0,0,0,1,0,00,00,00
236,236,0,0,0,0,0,1,0,00,00,00
237,237,0,0,0,0,0,1,0,00,00,00
238,238,0,0,0,0,0,1,0,00,00,00
239,239,0,0,0,0,0,1,0,00,00,00
240,240,0,0,0,0,0,1,0,00,00,00
241,241,0,0,0,0,0,1,0,00,00,00
242,242,0,0,0,0,0,1,0,00,00,00
243,243,0,0,0,0,0,1,0,00,00,00
244,244,0,0,0,0,0,1,0,00,00,00
245,245,0,0,0,0,0,1,0,00,00,00
246,246,0,0,0,0,0,1,0,00,00,00
247,247,0,0,0,0,0,1,0,00,00,00
248,248,0,0,0,0,0,1,0,00,00,00
249,249,0,0,0,0,0,1,0,00,00,00
250,250,0,0,0,0,0,1,0,00,00,00
251,251,0,0,0,0,0,1,0,00,00,00
252,252,0,0,0,0,0,1,0,00,00,00
253,253,0,0,0,0,0,1,0,00,00,00
254,254,0,0,0,0,0,1,0,00,00,00
255,255,0,0,0,0,0,1,0,00,00,00
256,256,0,0,0,0,0,1,0,00,00,00
257,257,0,0,0,0,0,1,0,00,00,00
258,258,0,0,0,0,0,1,0,00,00,00
259,259,0,0,0,0,0,1,0,00,00,00
260,260,0,0,0,0,0,1,0,00,00,00
261,261,0,0,0,0,0,1,0,00,00,00
262,262,0,0,0,0,0,1,0,00,00,00
263,263,0,0,0,0,0,1,0,00,00,00
264,264,0,0,0,0,0,1,0,00,00,00
265,265,0,0,0,0,0,1,0,00,00,00
266,266,0,0,0,0,0,1,0,00,00,00
267,267,0,0,0,0,0,1,0,00,00,00
268,268,0,0,0,0,0,1,0,00,00,00
269,269,0,0,0,0,0,1,0,00,00,00
270,270,0,0,0,0,0,1,0,00,00,00
271,271,0,0,0,0,0,1,0,00,00,00
272,272,0,0,0,0,0,1,0,00,00,00
273,273,0,0,0,0,0,1,0,00,00,00
274,274,0,0,0,0,0,1,0,00,00,00
275,275,0,0,0,0,0,1,0,00,00,00
276,276,0,0,0,0,0,1,0,00,00,00
277,277,0,0,0,0,0,1,0,00,00,00
278,278,0,0,0,0,0,1,0,00,00,00
279,279,0,0,0,0,0,1,0,00,00,00
280,280,0,0,0,0,0,1,0,00,00,00
281,281,0,0,0,0,0,1,0,00,00,00
282,282,0,0,0,0,0,1,0,00,00,00
283,283,0,0,0,0,0,1,0,00,00,00
284,284,0,0,0,0,0,1,0,00,00,00
285,285,0,0,0,0,0,1,0,00,00,00
286,286,0,0,0,0,0,1,0,00,00,00
287,287,0,0,0,0,0,1,0,00,00,00
288,288,0,0,0,0,0,1,0,00,00,00
289,289,0,0,0,0,0,1,0,00,00,00
290,290,0,0,0,0,0,1,0,00,00,00
291,291,0,0,0,0,0,1,0,00,00,00
292,292,0,0,0,0,0,1,0,00,00,00
293,293,0,0,0,0,0,1,0,00,00,00
294,294,0,0,0,0,0,1,0,00,00,00
295,295,0,0,0,0,0,1,0,00,00,00
296,296,0,0,0,0,0,1,0,00,00,00
297,297,0,0,0,0,0,1,0,00,00,00
298,298,0,0,0,0,0,1,0,00,00,00
299,299,0,0,0,0,0,1,0,00,00,00
300,300,0,0,0,0,0,1,0,00,00,00
301,301,0,0,0,0,0,1,0,00,00,00
302,302,0,0,0,0,0,1,0,00,00,00
303,303,0,0,0,0,0,1,0,00,00,00
304,304,0,0,0,0,0,1,0,00,00,00
305,305,0,0,0,0,0,1,0,00,00,00
306,306,0,0,0,0,0,1,0,00,00,00
307,307,0,0,0,0,0,1,0,00,00,00
308,308,0,0,0,0,0,1,0,00,00,00
309,309,0,0,0,0,0,1,0,00,00,00
310,310,0,0,0,0,0,1,0,00,00,00
311,311,0,0,0,0,0,1,0,00,00,00
312,312,0,0,0,0,0,1,0,00,00,00
313,313,0,0,0,0,0,1,0,00,00,00
314,314,0,0,0,0,0,1,0,00,00,00
315,315,0,0,0,0,0,1,0,00,00,00
316,316,0,0,0,0,0,1,0,00,00,00
317,317,0,0,0,0,0,1,0,00,00,00
318,318,0,0,0,0,0,1,0,00,00,00
319,319,0,0,0,0,0,1,0,00,00,00
320,320,0,0,0,0,0,1,0,00,00,00
321,321,0,0,0,0,0,1,0,00,00,00
322,322,0,0,0,0,0,1,0,00,00,00
323,323,0,0,0,0,0,1,0,00,00,00
324,324,0,0,0,0,0,1,0,00,00,00
325,325,0,0,0,0,0,1,0,00,00,00
326,326,0,0,0,0,0,1,0,00,00,00
327,327,0,0,0,0,0,1,0,00,00,00
328,328,0,0,0,0,0,1,0,00,00,00
329,329,0,0,0,0,0,1,0,00,00,00
330,330,0,0,0,0,0,1,0,00,00,00
331,331,0,0,0,0,0,1,0,00,00,00
332,332,0,0,0,0,0,1,0,00,00,00
333,333,0,0,0,0,0,1,0,00,00,00
334,334,0,0,0,0,0,1,0,00,00,00
335,335,0,0,0,0,0,1,0,00,00,00
336,336,0,0,0,0,0,1,0,00,00,00
337,337,0,0,0,0,0,1,0,00,00,00
338,338,0,0,0,0,0,1,0,00,00,00
339,339,0,0,0,0,0,1,0,00,00,00
340,340,0,0,0,0,0,1,0,00,00,00
341,341,0,0,0,0,0,1,0,00,00,00
342,342,0,0,0,0,0,1,0,00,00,00
343,343,0,0,0,0,0,1,0,00,00,00
344,344,0,0,0,0,0,1,0,00,00,00
345,345,0,0,0,0,0,1,0,00,00,00
346,346,0,0,0,0,0,1,0,00,00,00
347,347,0,0,0,0,0,1,0,00,00,00
348,348,0,0,0,0,0,1,0,00,00,00
349,349,0,0,0,0,0,1,0,00,00,00
350,350,0,0,0,0,0,1,0,00,00,00
351,351,0,0,0,0,0,1,0,00,00,00
352,352,0,0,0,0,0,1,0,00,00,00
353,353,0,0,0,0,0,1,0,00,00,00
354,354,0,0,0,0,0,1,0,00,00,00
355,355,0,0,0,0,0,1,0,00,00,00
356,356,0,0,0,0,0,1,0,00,00,00
357,357,0,0,0,0,0,1,0,00,00,00
358,358,0,0,0,0,0,1,0,00,00,00
359,359,0,0,0,0,0,1,0,00,00,00
360,360,0,0,0,0,0,1,0,00,00,00
361,361,0,0,0,0,0,1,0,00,00,00
362,362,0,0,0,0,0,1,0,00,00,00
363,363,0,0,0,0,0,1,0,00,00,00
364,364,0,0,0,0,0,1,0,00,00,00
365,365,0,0,0,0,0,1,0,00,00,00
366,366,0,0,0,0,0,1,0,00,00,00
367,367,0,0,0,0,0,1,0,00,00,00
368,368,0,0,0,0,0,1,0,00,00,00
369,369,0,0,0,0,0,1,0,00,00,00
370,370,0,0,0,0,0,1,0,00,00,00
371,371,0,0,0,0,0,1,0,00,00,00
372,372,0,0,0,0,0,1,0,00,00,00
373,373,0,0,0,0,0,1,0,00,00,00
374,374,0,0,0,0,0,1,0,00,00,00
375,375,0,0,0,0,0,1,0,00,00,00
376,376,0,0,0,0,0,1,0,00,00,00
377,377,0,0,0,0,0,1,0,00,00,00
378,378,0,0,0,0,0,1,0,00,00,00
379,379,0,0,0,0,0,1,0,00,00,00
380,380,0,0,0,0,0,1,0,00,00,00
381,381,0,0,0,0,0,1,0,00,00,00
382,382,0,0,0,0,0,1,0,00,00,00
383,383,0,0,0,0,0,1,0,00,00,00
384,384,0,0,0,0,0,1,0,00,00,00
385,385,0,0,0,0,0,1,0,00,00,00
386,386,0,0,0,0,0,1,0,00,00,00
387,387,0,0,0,0,0,1,0,00,00,00
388,388,0,0,0,0,0,1,0,00,00,00
389,389,0,0,0,0,0,1,0,00,00,00
390,390,0,0,0,0,0,1,0,00,00,00
391,391,0,0,0,0,0,1,0,00,00,00
392,392,0,0,0,0,0,1,0,00,00,00
393,393,0,0,0,0,0,1,0,00,00,00
394,394,0,0,0,0,0,1,0,00,00,00
395,395,0,0,0,0,0,1,0,00,00,00
396,396,0,0,0,0,0,1,0,00,00,00
397,397,0,0,0,0,0,1,0,00,00,00
398,398,0,0,0,0,0,1,0,00,00,00
399,399,0,0,0,0,0,1,0,00,00,00
400,400,0,0,0,0,0,1,0,00,00,00
401,401,0,0,0,0,0,1,0,00,00,00
402,402,0,0,0,0,0,1,0,00,00,00
403,403,0,0,0,0,0,1,0,00,00,00
404,404,0,0,0,0,0,1,0,00,00,00
405,405,0,0,0,0,0,1,0,00,00,00
406,406,0,0,0,0,0,1,0,00,00,00
407,407,0,0,0,0,0,1,0,00,00,00
408,408,0,0,0,0,0,1,0,00,00,00
409,409,0,0,0,0,0,1,0,00,00,00
410,410,0,0,0,0,0,1,0,00,00,00
411,411,0,0,0,0,0,1,0,00,00,00
412,412,0,0,0,0,0,1,0,00,00,00
413,413,0,0,0,0,0,1,0,00,00,00
414,414,0,0,0,0,0,1,0,00,00,00
415,415,0,0,0,0,0,1,0,00,00,00
416,416,0,0,0,0,0,1,0,00,00,00
417,417,0,0,0,0,0,1,0,00,00,00
418,418,0,0,0,0,0,1,0,00,00,00
419,419,0,0,0,0,0,1,0,00,00,00
420,420,0,0,0,0,0,1,0,00,00,00
421,421,0,0,0,0,0,1,0,00,00,00
422,422,0,0,0,0,0,1,0,00,00,00
423,423,0,0,0,0,0,1,0,00,00,00
424,424,0,0,0,0,0,1,0,00,00,00
425,425,0,0,0,0,0,1,0,00,00,00
426,426,0,0,0,0,0,1,0,00,00,00
427,427,0,0,0,0,0,1,0,00,00,00
428,428,0,0,0,0,0,1,0,00,00,00
429,429,0,0,0,0,0,1,0,00,00,00
430,430,0,0,0,0,0,1,0,00,00,00
431,431,0,0,0,0,0,1,0,00,00,00
432,432,0,0,0,0,0,1,0,00,00,00
433,433,0,0,0,0,0,1,0,00,00,00
434,434,0,0,0,0,0,1,0,00,00,00
435,435,0,0,0,0,0,1,0,00,00,00
436,436,0,0,0,0,0,1,0,00,00,00
437,437,0,0,0,0,0,1,0,00,00,00
438,438,0,0,0,0,0,1,0,00,00,00
439,439,0,0,0,0,0,1,0,00,00,00
440,440,0,0,0,0,0,1,0,00,00,00
441,441,0,0,0,0,0,1,0,00,00,00
442,442,0,0,0,0,0,1,0,00,00,00
443,443,0,0,0,0,0,1,0,00,00,00
444,444,0,0,0,0,0,1,0,00,00,00
445,445,0,0,0,0,0,1,0,00,00,00
446,446,0,0,0,0,0,1,0,00,00,00
447,447,0,0,0,0,0,1,0,00,00,00
448,448,0,0,0,0,0,1,0,00,00,00
449,449,0,0,0,0,0,1,0,00,00,00
450,450,0,0,0,0,0,1,0,00,00,00
451,451,0,0,0,0,0,1,0,00,00,00
452,452,0,0,0,0,0,1,0,00,00,00
453,453,0,0,0,0,0,1,0,00,00,00
454,454,0,0,0,0,0,1,0,00,00,00
455,455,0,0,0,0,0,1,0,00,00,00
456,456,0,0,0,0,0,1,0,00,00,00
457,457,0,0,0,0,0,1,0,00,00,00
458,458,0,0,0,0,0,1,0,00,00,00
459,459,0,0,0,0,0,1,0,00,00,00
460,460,0,0,0,0,0,1,0,00,00,00
461,461,0,0,0,0,0,1,0,00,00,00
462,462,0,0,0,0,0,1,0,00,00,00
463,463,0,0,0,0,0,1,0,00,00,00
464,464,0,0,0,0,0,1,0,00,00,00
465,465,0,0,0,0,0,1,0,00,00,00
466,466,0,0,0,0,0,1,0,00,00,00
467,467,0,0,0,0,0,1,0,00,00,00
468,468,0,0,0,0,0,1,0,00,00,00
469,469,0,0,0,0,0,1,0,00,00,00
470,470,0,0,0,0,0,1,0,00,00,00
471,471,0,0,0,0,0,1,0,00,00,00
472,472,0,0,0,0,0,1,0,00,00,00
473,473,0,0,0,0,0,1,0,00,00,00
474,474,0,0,0,0,0,1,0,00,00,00
475,475,0,0,0,0,0,1,0,00,00,00
476,476,0,0,0,0,0,1,0,00,00,00
477,477,0,0,0,0,0,1,0,00,00,00
478,478,0,0,0,0,0,1,0,00,00,00
479,479,0,0,0,0,0,1,0,00,00,00
480,480,0,0,0,0,0,1,0,00,00,00
481,481,0,0,0,0,0,1,0,00,00,00
482,482,0,0,0,0,0,1,0,00,00,00
483,483,0,0,0,0,0,1,0,00,00,00
484,484,0,0,0,0,0,1,0,00,00,00
485,485,0,0,0,0,0,1,0,00,00,00
486,486,0,0,0,0,0,1,0,00,00,00
487,487,0,0,0,0,0,1,0,00,00,00
488,488,0,0,0,0,0,1,0,00,00,00
489,489,0,0,0,0,0,1,0,00,00,00
490,490,0,0,0,0,0,1,0,00,00,00
491,491,0,0,0,0,0,1,0,00,00,00
492,492,0,0,0,0,0,1,0,00,00,00
493,493,0,0,0,0,0,1,0,00,00,00
494,494,0,0,0,0,0,1,0,00,00,00
495,495,0,0,0,0,0,1,0,00,00,00
496,496,0,0,0,0,0,1,0,00,00,00
497,497,0,0,0,0,0,1,0,00,00,00
498,498,0,0,0,0,0,1,0,00,00,00
499,499,0,0,0,0,0,1,0,00,00,00
500,500,0,0,0,0,0,1,0,00,00,00
501,501,0,0,0,0,0,1,0,00,00,00
502,502,0,0,0,0,0,1,0,00,00,00
503,503,0,0,0,0,0,1,0,00,00,00
504,504,0,0,0,0,0,1,0,00,00,00
505,505,0,0,0,0,0,1,0,00,00,00
506,506,0,0,0,0,0,1,0,00,00,00
507,507,0,0,0,0,0,1,0,00,00,00
508,508,0,0,0,0,0,1,0,00,00,00
509,509,0,0,0,0,0,1,0,00,00,00
510,510,0,0,0,0,0,1,0,00,00,00
511,511,0,0,0,0,0,1,0,00,00,00
512,512,0,0,0,0,0,1,0,00,00,00
513,513,0,0,0,0,0,1,0,00,00,00
514,514,0,0,0,0,0,1,0,00,00,00
515,515,0,0,0,0,0,1,0,00,00,00
516,516,0,0,0,0,0,1,0,00,00,00
517,517,0,0,0,0,0,1,0,00,00,00
518,518,0,0,0,0,0,1,0,00,00,00
519,519,0,0,0,0,0,1,0,00,00,00
520,520,0,0,0,0,0,1,0,00,00,00
521,521,0,0,0,0,0,1,0,00,00,00
522,522,0,0,0,0,0,1,0,00,00,00
523,523,0,0,0,0,0,1,0,00,00,00
524,524,0,0,0,0,0,1,0,00,00,00
525,525,0,0,0,0,0,1,0,00,00,00
526,526,0,0,0,0,0,1,0,00,00,00
527,527,0,0,0,0,0,1,0,00,00,00
528,528,0,0,0,0,0,1,0,00,00,00
529,529,0,0,0,0,0,1,0,00,00,00
530,530,0,0,0,0,0,1,0,00,00,00
531,531,0,0,0,0,0,1,0,00,00,00
532,532,0,0,0,0,0,1,0,00,00,00
533,533,0,0,0,0,0,1,0,00,00,00
534,534,0,0,0,0,0,1,0,00,00,00
535,535,0,0,0,0,0,1,0,00,00,00
536,536,0,0,0,0,0,1,0,00,00,00
537,537,0,0,0,0,0,1,0,00,00,00
538,538,0,0,0,0,0,1,0,00,00,00
539,539,0,0,0,0,0,1,0,00,00,00
540,540,0,0,0,0,0,1,0,00,00,00
541,541,0,0,0,0,0,1,0,00,00,00
542,542,0,0,0,0,0,1,0,00,00,00
543,543,0,0,0,0,0,1,0,00,00,00
544,544,0,0,0,0,0,1,0,00,00,00
545,545,0,0,0,0,0,1,0,00,00,00
546,546,0,0,0,0,0,1,0,00,00,00
547,547,0,0,0,0,0,1,0,00,00,00
548,548,0,0,0,0,0,1,0,00,00,00
549,549,0,0,0,0,0,1,0,00,00,00
550,550,0,0,0,0,0,1,0,00,00,00
551,551,0,0,0,0,0,1,0,00,00,00
552,552,0,0,0,0,0,1,0,00,00,00
553,553,0,0,0,0,0,1,0,00,00,00
554,554,0,0,0,0,0,1,0,00,00,00
555,555,0,0,0,0,0,1,0,00,00,00
556,556,0,0,0,0,0,1,0,00,00,00
557,557,0,0,0,0,0,1,0,00,00,00
558,558,0,0,0,0,0,1,0,00,00,00
559,559,0,0,0,0,0,1,0,00,00,00
560,560,0,0,0,0,0,1,0,00,00,00
561,561,0,0,0,0,0,1,0,00,00,00
562,562,0,0,0,0,0,1,0,00,00,00
563,563,0,0,0,0,0,1,0,00,00,00
564,564,0,0,0,0,0,1,0,00,00,00
565,565,0,0,0,0,0,1,0,00,00,00
566,566,0,0,0,0,0,1,0,00,00,00
567,567,0,0,0,0,0,1,0,00,00,00
568,568,0,0,0,0,0,1,0,00,00,00
569,569,0,0,0,0,0,1,0,00,00,00
570,570,0,0,0,0,0,1,0,00,00,00
571,571,0,0,0,0,0,1,0,00,00,00
572,572,0,0,0,0,0,1,0,00,00,00
573,573,0,0,0,0,0,1,0,00,00,00
574,574,0,0,0,0,0,1,0,00,00,00
575,575,0,0,0,0,0,1,0,00,00,00
576,576,0,0,0,0,0,1,0,00,00,00
577,577,0,0,0,0,0,1,0,00,00,00
578,578,0,0,0,0,0,1,0,00,00,00
579,579,0,0,0,0,0,1,0,00,00,00
580,580,0,0,0,0,0,1,0,00,00,00
581,581,0,0,0,0,0,1,0,00,00,00
582,582,0,0,0,0,0,1,0,00,00,00
583,583,0,0,0,0,0,1,0,00,00,00
584,584,0,0,0,0,0,1,0,00,00,00
585,585,0,0,0,0,0,1,0,00,00,00
586,586,0,0,0,0,0,1,0,00,00,00
587,587,0,0,0,0,0,1,0,00,00,00
588,588,0,0,0,0,0,1,0,00,00,00
589,589,0,0,0,0,0,1,0,00,00,00
590,590,0,0,0,0,0,1,0,00,00,00
591,591,0,0,0,0,0,1,0,00,00,00
592,592,0,0,0,0,0,1,0,00,00,00
593,593,0,0,0,0,0,1,0,00,00,00
594,594,0,0,0,0,0,1,0,00,00,00
595,595,0,0,0,0,0,1,0,00,00,00
596,596,0,0,0,0,0,1,0,00,00,00
597,597,0,0,0,0,0,1,0,00,00,00
598,598,0,0,0,0,0,1,0,00,00,00
599,599,0,0,0,0,0,1,0,00,00,00
600,600,0,0,0,0,0,1,0,00,00,00
601,601,0,0,0,0,0,1,0,00,00,00
602,602,0,0,0,0,0,1,0,00,00,00
603,603,0,0,0,0,0,1,0,00,00,00
604,604,0,0,0,0,0,1,0,00,00,00
605,605,0,0,0,0,0,1,0,00,00,00
606,606,0,0,0,0,0,1,0,00,00,00
607,607,0,0,0,0,0,1,0,00,00,00
608,608,0,0,0,0,0,1,0,00,00,00
609,609,0,0,0,0,0,1,0,00,00,00
610,610,0,0,0,0,0,1,0,00,00,00
611,611,0,0,0,0,0,1,0,00,00,00
612,612,0,0,0,0,0,1,0,00,00,00
613,613,0,0,0,0,0,1,0,00,00,00
614,614,0,0,0,0,0,1,0,00,00,00
615,615,0,0,0,0,0,1,0,00,00,00
616,616,0,0,0,0,0,1,0,00,00,00
617,617,0,0,0,0,0,1,0,00,00,00
618,618,0,0,0,0,0,1,0,00,00,00
619,619,0,0,0,0,0,1,0,00,00,00
620,620,0,0,0,0,0,1,0,00,00,00
621,621,0,0,0,0,0,1,0,00,00,00
622,622,0,0,0,0,0,1,0,00,00,00
623,623,0,0,0,0,0,1,0,00,00,00
624,624,0,0,0,0,0,1,0,00,00,00
625,625,0,0,0,0,0,1,0,00,00,00
626,626,0,0,0,0,0,1,0,00,00,00
627,627,0,0,0,0,0,1,0,00,00,00
628,628,0,0,0,0,0,1,0,00,00,00
629,629,0,0,0,0,0,1,0,00,00,00
630,630,0,0,0,0,0,1,0,00,00,00
631,631,0,0,0,0,0,1,0,00,00,00
632,632,0,0,0,0,0,1,0,00,00,00
633,633,0,0,0,0,0,1,0,00,00,00
634,634,0,0,0,0,0,1,0,00,00,00
635,635,0,0,0,0,0,1,0,00,00,00
636,636,0,0,0,0,0,1,0,00,00,00
637,637,0,0,0,0,0,1,0,00,00,00
638,638,0,0,0,0,0,1,0,00,00,00
639,639,0,0,0,0,0,1,0,00,00,00
640,640,0,0,0,0,0,1,0,00,00,00
641,641,0,0,0,0,0,1,0,00,00,00
642,642,0,0,0,0,0,1,0,00,00,00
643,643,0,0,0,0,0,1,0,00,00,00
644,644,0,0,0,0,0,1,0,00,00,00
645,645,0,0,0,0,0,1,0,00,00,00
646,646,0,0,0,0,0,1,0,00,00,00
647,647,0,0,0,0,0,1,0,00,00,00
648,648,0,0,0,0,0,1,0,00,00,00
649,649,0,0,0,0,0,1,0,00,00,00
650,650,0,0,0,0,0,1,0,00,00,00
651,651,0,0,0,0,0,1,0,00,00,00
652,652,0,0,0,0,0,1,0,00,00,00
653,653,0,0,0,0,0,1,0,00,00,00
654,654,0,0,0,0,0,1,0,00,00,00
655,655,0,0,0,0,0,1,0,00,00,00
656,656,0,0,0,0,0,1,0,00,00,00
657,657,0,0,0,0,0,1,0,00,00,00
658,658,0,0,0,0,0,1,0,00,00,00
659,659,0,0,0,0,0,1,0,00,00,00
660,660,0,0,0,0,0,1,0,00,00,00
661,661,0,0,0,0,0,1,0,00,00,00
662,662,0,0,0,0,0,1,0,00,00,00
663,663,0,0,0,0,0,1,0,00,00,00
664,664,0,0,0,0,0,1,0,00,00,00
665,665,0,0,0,0,0,1,0,00,00,00
666,666,0,0,0,0,0,1,0,00,00,00
667,667,0,0,0,0,0,1,0,00,00,00
668,668,0,0,0,0,0,1,0,00,00,00
669,669,0,0,0,0,0,1,0,00,00,00
670,670,0,0,0,0,0,1,0,00,00,00
671,671,0,0,0,0,0,1,0,00,00,00
672,672,0,0,0,0,0,1,0,00,00,00
673,673,0,0,0,0,0,1,0,00,00,00
674,674,0,0,0,0,0,1,0,00,00,00
675,675,0,0,0,0,0,1,0,00,00,00
676,676,0,0,0,0,0,1,0,00,00,00
677,677,0,0,0,0,0,1,0,00,00,00
678,678,0,0,0,0,0,1,0,00,00,00
679,679,0,0,0,0,0,1,0,00,00,00
680,680,0,0,0,0,0,1,0,00,00,00
681,681,0,0,0,0,0,1,0,00,00,00
682,682,0,0,0,0,0,1,0,00,00,00
683,683,0,0,0,0,0,1,0,00,00,00
684,684,0,0,0,0,0,1,0,00,00,00
685,685,0,0,0,0,0,1,0,00,00,00
686,686,0,0,0,0,0,1,0,00,00,00
687,687,0,0,0,0,0,1,0,00,00,00
688,688,0,0,0,0,0,1,0,00,00,00
689,689,0,0,0,0,0,1,0,00,00,00
690,690,0,0,0,0,0,1,0,00,00,00
691,691,0,0,0,0,0,1,0,00,00,00
692,692,0,0,0,0,0,1,0,00,00,00
693,693,0,0,0,0,0,1,0,00,00,00
694,694,0,0,0,0,0,1,0,00,00,00
695,695,0,0,0,0,0,1,0,00,00,00
696,696,0,0,0,0,0,1,0,00,00,00
697,697,0,0,0,0,0,1,0,00,00,00
698,698,0,0,0,0,0,1,0,00,00,00
699,699,0,0,0,0,0,1,0,00,00,00
700,700,0,0,0,0,0,1,0,00,00,00
701,701,0,0,0,0,0,1,0,00,00,00
702,702,0,0,0,0,0,1,0,00,00,00
703,703,0,0,0,0,0,1,0,00,00,00
704,704,0,0,0,0,0,1,0,00,00,00
705,705,0,0,0,0,0,1,0,00,00,00
706,706,0,0,0,0,0,1,0,00,00,00
707,707,0,0,0,0,0,1,0,00,00,00
708,708,0,0,0,0,0,1,0,00,00,00
709,709,0,0,0,0,0,1,0,00,00,00
710,710,0,0,0,0,0,1,0,00,00,00
711,711,0,0,0,0,0,1,0,00,00,00
712,712,0,0,0,0,0,1,0,00,00,00
713,713,0,0,0,0,0,1,0,00,00,00
714,714,0,0,0,0,0,1,0,00,00,00
715,715,0,0,0,0,0,1,0,00,00,00
716,716,0,0,0,0,0,1,0,00,00,00
717,717,0,0,0,0,0,1,0,00,00,00
718,718,0,0,0,0,0,1,0,00,00,00
719,719,0,0,0,0,0,1,0,00,00,00
720,720,0,0,0,0,0,1,0,00,00,00
721,721,0,0,0,0,0,1,0,00,00,00
722,722,0,0,0,0,0,1,0,00,00,00
723,723,0,0,0,0,0,1,0,00,00,00
724,724,0,0,0,0,0,1,0,00,00,00
725,725,0,0,0,0,0,1,0,00,00,00
726,726,0,0,0,0,0,1,0,00,00,00
727,727,0,0,0,0,0,1,0,00,00,00
728,728,0,0,0,0,0,1,0,00,00,00
729,729,0,0,0,0,0,1,0,00,00,00
730,730,0,0,0,0,0,1,0,00,00,00
731,731,0,0,0,0,0,1,0,00,00,00
732,732,0,0,0,0,0,1,0,00,00,00
733,733,0,0,0,0,0,1,0,00,00,00
734,734,0,0,0,0,0,1,0,00,00,00
735,735,0,0,0,0,0,1,0,00,00,00
736,736,0,0,0,0,0,1,0,00,00,00
737,737,0,0,0,0,0,1,0,00,00,00
738,738,0,0,0,0,0,1,0,00,00,00
739,739,0,0,0,0,0,1,0,00,00,00
740,740,0,0,0,0,0,1,0,00,00,00
741,741,0,0,0,0,0,1,0,00,00,00
742,742,0,0,0,0,0,1,0,00,00,00
743,743,0,0,0,0,0,1,0,00,00,00
744,744,0,0,0,0,0,1,0,00,00,00
745,745,0,0,0,0,0,1,0,00,00,00
746,746,0,0,0,0,0,1,0,00,00,00
747,747,0,0,0,0,0,1,0,00,00,00
748,748,0,0,0,0,0,1,0,00,00,00
749,749,0,0,0,0,0,1,0,00,00,00
750,750,0,0,0,0,0,1,0,00,00,00
751,751,0,0,0,0,0,1,0,00,00,00
752,752,0,0,0,0,0,1,0,00,00,00
753,753,0,0,0,0,0,1,0,00,00,00
754,754,0,0,0,0,0,1,0,00,00,00
755,755,0,0,0,0,0,1,0,00,00,00
756,756,0,0,0,0,0,1,0,00,00,00
757,757,0,0,0,0,0,1,0,00,00,00
758,758,0,0,0,0,0,1,0,00,00,00
759,759,0,0,0,0,0,1,0,00,00,00
760,760,0,0,0,0,0,1,0,00,00,00
761,761,0,0,0,0,0,1,0,00,00,00
762,762,0,0,0,0,0,1,0,00,00,00
763,763,0,0,0,0,0,1,0,00,00,00
764,764,0,0,0,0,0,1,0,00,00,00
765,765,0,0,0,0,0,1,0,00,00,00
766,766,0,0,0,0,0,1,0,00,00,00
767,767,0,0,0,0,0,1,0,00,00,00
768,768,0,0,0,0,0,1,0,00,00,00
769,769,0,0,0,0,0,1,0,00,00,00
770,770,0,0,0,0,0,1,0,00,00,00
771,771,0,0,0,0,0,1,0,00,00,00
772,772,0,0,0,0,0,1,0,00,00,00
773,773,0,0,0,0,0,1,0,00,00,00
774,774,0,0,0,0,0,1,0,00,00,00
775,775,0,0,0,0,0,1,0,00,00,00
776,776,0,0,0,0,0,1,0,00,00,00
777,777,0,0,0,0,0,1,0,00,00,00
778,778,0,0,0,0,0,1,0,00,00,00
779,779,0,0,0,0,0,1,0,00,00,00
780,780,0,0,0,0,0,1,0,00,00,00
781,781,0,0,0,0,0,1,0,00,00,00
782,782,0,0,0,0,0,1,0,00,00,00
783,783,0,0,0,0,0,1,0,00,00,00
784,784,0,0,0,0,0,1,0,00,00,00
785,785,0,0,0,0,0,1,0,00,00,00
786,786,0,0,0,0,0,1,0,00,00,00
787,787,0,0,0,0,0,1,0,00,00,00
788,788,0,0,0,0,0,1,0,00,00,00
789,789,0,0,0,0,0,1,0,00,00,00
790,790,0,0,0,0,0,1,0,00,00,00
791,791,0,0,0,0,0,1,0,00,00,00
792,792,0,0,0,0,0,1,0,00,00,00
793,793,0,0,0,0,0,1,0,00,00,00
794,794,0,0,0,0,0,1,0,00,00,00
795,795,0,0,0,0,0,1,0,00,00,00
796,796,0,0,0,0,0,1,0,00,00,00
797,797,0,0,0,0,0,1,0,00,00,00
798,798,0,0,0,0,0,1,0,00,00,00
799,799,0,0,0,0,0,1,0,00,00,00
800,800,0,0,0,0,0,1,0,00,00,00
801,801,0,0,0,0,0,1,0,00,00,00
802,802,0,0,0,0,0,1,0,00,00,00
803,803,0,0,0,0,0,1,0,00,00,00
804,804,0,0,0,0,0,1,0,00,00,00
805,805,0,0,0,0,0,1,0,00,00,00
806,806,0,0,0,0,0,1,0,00,00,00
807,807,0,0,0,0,0,1,0,00,00,00
808,808,0,0,0,0,0,1,0,00,00,00
809,809,0,0,0,0,0,1,0,00,00,00
810,810,0,0,0,0,0,1,0,00,00,00
811,811,0,0,0,0,0,1,0,00,00,00
812,812,0,0,0,0,0,1,0,00,00,00
813,813,0,0,0,0,0,1,0,00,00,00
814,814,0,0,0,0,0,1,0,00,00,00
815,815,0,0,0,0,0,1,0,00,00,00
816,816,0,0,0,0,0,1,0,00,00,00
817,817,0,0,0,0,0,1,0,00,00,00
818,818,0,0,0,0,0,1,0,00,00,00
819,819,0,0,0,0,0,1,0,00,00,00
820,820,0,0,0,0,0,1,0,00,00,00
821,821,0,0,0,0,0,1,0,00,00,00
822,822,0,0,0,0,0,1,0,00,00,00
823,823,0,0,0,0,0,1,0,00,00,00
824,824,0,0,0,0,0,1,0,00,00,00
825,825,0,0,0,0,0,1,0,00,00,00
826,826,0,0,0,0,0,1,0,00,00,00
827,827,0,0,0,0,0,1,0,00,00,00
828,828,0,0,0,0,0,1,0,00,00,00
829,829,0,0,0,0,0,1,0,00,00,00
830,830,0,0,0,0,0,1,0,00,00,00
831,831,0,0,0,0,0,1,0,00,00,00
832,832,0,0,0,0,0,1,0,00,00,00
833,833,0,0,0,0,0,1,0,00,00,00
834,834,0,0,0,0,0,1,0,00,00,00
835,835,0,0,0,0,0,1,0,00,00,00
836,836,0,0,0,0,0,1,0,00,00,00
837,837,0,0,0,0,0,1,0,00,00,00
838,838,0,0,0,0,0,1,0,00,00,00
839,839,0,0,0,0,0,1,0,00,00,00
840,840,0,0,0,0,0,1,0,00,00,00
841,841,0,0,0,0,0,1,0,00,00,00
842,842,0,0,0,0,0,1,0,00,00,00
843,843,0,0,0,0,0,1,0,00,00,00
844,844,0,0,0,0,0,1,0,00,00,00
845,845,0,0,0,0,0,1,0,00,00,00
846,846,0,0,0,0,0,1,0,00,00,00
847,847,0,0,0,0,0,1,0,00,00,00
848,848,0,0,0,0,0,1,0,00,00,00
849,849,0,0,0,0,0,1,0,00,00,00
850,850,0,0,0,0,0,1,0,00,00,00
851,851,0,0,0,0,0,1,0,00,00,00
852,852,0,0,0,0,0,1,0,00,00,00
853,853,0,0,0,0,0,1,0,00,00,00
854,854,0,0,0,0,0,1,0,00,00,00
855,855,0,0,0,0,0,1,0,00,00,00
856,856,0,0,0,0,0,1,0,00,00,00
857,857,0,0,0,0,0,1,0,00,00,00
858,858,0,0,0,0,0,1,0,00,00,00
859,859,0,0,0,0,0,1,0,00,00,00
860,860,0,0,0,0,0,1,0,00,00,00
861,861,0,0,0,0,0,1,0,00,00,00
862,862,0,0,0,0,0,1,0,00,00,00
863,863,0,0,0,0,0,1,0,00,00,00
864,864,0,0,0,0,0,1,0,00,00,00
865,865,0,0,0,0,0,1,0,00,00,00
866,866,0,0,0,0,0,1,0,00,00,00
867,867,0,0,0,0,0,1,0,00,00,00
868,868,0,0,0,0,0,1,0,00,00,00
869,869,0,0,0,0,0,1,0,00,00,00
870,870,0,0,0,0,0,1,0,00,00,00
871,871,0,0,0,0,0,1,0,00,00,00
872,872,0,0,0,0,0,1,0,00,00,00
873,873,0,0,0,0,0,1,0,00,00,00
874,874,0,0,0,0,0,1,0,00,00,00
875,875,0,0,0,0,0,1,0,00,00,00
876,876,0,0,0,0,0,1,0,00,00,00
877,877,0,0,0,0,0,1,0,00,00,00
878,878,0,0,0,0,0,1,0,00,00,00
879,879,0,0,0,0,0,1,0,00,00,00
880,880,0,0,0,0,0,1,0,00,00,00
881,881,0,0,0,0,0,1,0,00,00,00
882,882,0,0,0,0,0,1,0,00,00,00
883,883,0,0,0,0,0,1,0,00,00,00
884,884,0,0,0,0,0,1,0,00,00,00
885,885,0,0,0,0,0,1,0,00,00,00
886,886,0,0,0,0,0,1,0,00,00,00
887,887,0,0,0,0,0,1,0,00,00,00
888,888,0,0,0,0,0,1,0,00,00,00
889,889,0,0,0,0,0,1,0,00,00,00
890,890,0,0,0,0,0,1,0,00,00,00
891,891,0,0,0,0,0,1,0,00,00,00
892,892,0,0,0,0,0,1,0,00,00,00
893,893,0,0,0,0,0,1,0,00,00,00
894,894,0,0,0,0,0,1,0,00,00,00
895,895,0,0,0,0,0,1,0,00,00,00
896,896,0,0,0,0,0,1,0,00,00,00
897,897,0,0,0,0,0,1,0,00,00,00
898,898,0,0,0,0,0,1,0,00,00,00
899,899,0,0,0,0,0,1,0,00,00,00
900,900,0,0,0,0,0,1,0,00,00,00
901,901,0,0,0,0,0,1,0,00,00,00
902,902,0,0,0,0,0,1,0,00,00,00
903,903,0,0,0,0,0,1,0,00,00,00
904,904,0,0,0,0,0,1,0,00,00,00
905,905,0,0,0,0,0,1,0,00,00,00
906,906,0,0,0,0,0,1,0,00,00,00
907,907,0,0,0,0,0,1,0,00,00,00
908,908,0,0,0,0,0,1,0,00,00,00
909,909,0,0,0,0,0,1,0,00,00,00
910,910,0,0,0,0,0,1,0,00,00,00
911,911,0,0,0,0,0,1,0,00,00,00
912,912,0,0,0,0,0,1,0,00,00,00
913,913,0,0,0,0,0,1,0,00,00,00
914,914,0,0,0,0,0,1,0,00,00,00
915,915,0,0,0,0,0,1,0,00,00,00
916,916,0,0,0,0,0,1,0,00,00,00
917,917,0,0,0,0,0,1,0,00,00,00
918,918,0,0,0,0,0,1,0,00,00,00
919,919,0,0,0,0,0,1,0,00,00,00
920,920,0,0,0,0,0,1,0,00,00,00
921,921,0,0,0,0,0,1,0,00,00,00
922,922,0,0,0,0,0,1,0,00,00,00
923,923,0,0,0,0,0,1,0,00,00,00
924,924,0,0,0,0,0,1,0,00,00,00
925,925,0,0,0,0,0,1,0,00,00,00
926,926,0,0,0,0,0,1,0,00,00,00
927,927,0,0,0,0,0,1,0,00,00,00
928,928,0,0,0,0,0,1,0,00,00,00
929,929,0,0,0,0,0,1,0,00,00,00
930,930,0,0,0,0,0,1,0,00,00,00
931,931,0,0,0,0,0,1,0,00,00,00
932,932,0,0,0,0,0,1,0,00,00,00
933,933,0,0,0,0,0,1,0,00,00,00
934,934,0,0,0,0,0,1,0,00,00,00
935,935,0,0,0,0,0,1,0,00,00,00
936,936,0,0,0,0,0,1,0,00,00,00
937,937,0,0,0,0,0,1,0,00,00,00
938,938,0,0,0,0,0,1,0,00,00,00
939,939,0,0,0,0,0,1,0,00,00,00
940,940,0,0,0,0,0,1,0,00,00,00
941,941,0,0,0,0,0,1,0,00,00,00
942,942,0,0,0,0,0,1,0,00,00,00
943,943,0,0,0,0,0,1,0,00,00,00
944,944,0,0,0,0,0,1,0,00,00,00
945,945,0,0,0,0,0,1,0,00,00,00
946,946,0,0,0,0,0,1,0,00,00,00
947,947,0,0,0,0,0,1,0,00,00,00
948,948,0,0,0,0,0,1,0,00,00,00
949,949,0,0,0,0,0,1,0,00,00,00
950,950,0,0,0,0,0,1,0,00,00,00
951,951,0,0,0,0,0,1,0,00,00,00
952,952,0,0,0,0,0,1,0,00,00,00
953,953,0,0,0,0,0,1,0,00,00,00
954,954,0,0,0,0,0,1,0,00,00,00
955,955,0,0,0,0,0,1,0,00,00,00
956,956,0,0,0,0,0,1,0,00,00,00
957,957,0,0,0,0,0,1,0,00,00,00
958,958,0,0,0,0,0,1,0,00,00,00
959,959,0,0,0,0,0,1,0,00,00,00
960,960,0,0,0,0,0,1,0,00,00,00
961,961,0,0,0,0,0,1,0,00,00,00
962,962,0,0,0,0,0,1,0,00,00,00
963,963,0,0,0,0,0,1,0,00,00,00
964,964,0,0,0,0,0,1,0,00,00,00
965,965,0,0,0,0,0,1,0,00,00,00
966,966,0,0,0,0,0,1,0,00,00,00
967,967,0,0,0,0,0,1,0,00,00,00
968,968,0,0,0,0,0,1,0,00,00,00
969,969,0,0,0,0,0,1,0,00,00,00
970,970,0,0,0,0,0,1,0,00,00,00
971,971,0,0,0,0,0,1,0,00,00,00
972,972,0,0,0,0,0,1,0,00,00,00
973,973,0,0,0,0,0,1,0,00,00,00
974,974,0,0,0,0,0,1,0,00,00,00
975,975,0,0,0,0,0,1,0,00,00,00
976,976,0,0,0,0,0,1,0,00,00,00
977,977,0,0,0,0,0,1,0,00,00,00
978,978,0,0,0,0,0,1,0,00,00,00
979,979,0,0,0,0,0,1,0,00,00,00
980,980,0,0,0,0,0,1,0,00,00,00
981,981,0,0,0,0,0,1,0,00,00,00
982,982,0,0,0,0,0,1,0,00,00,00
983,983,0,0,0,0,0,1,0,00,00,00
984,984,0,0,0,0,0,1,0,00,00,00
985,985,0,0,0,0,0,1,0,00,00,00
986,986,0,0,0,0,0,1,0,00,00,00
987,987,0,0,0,0,0,1,0,00,00,00
988,988,0,0,0,0,0,1,0,00,00,00
989,989,0,0,0,0,0,1,0,00,00,00
990,990,0,0,0,0,0,1,0,00,00,00
991,991,0,0,0,0,0,1,0,00,00,00
992,992,0,0,0,0,0,1,0,00,00,00
993,993,0,0,0,0,0,1,0,00,00,00
994,994,0,0,0,0,0,1,0,00,00,00
995,995,0,0,0,0,0,1,0,00,00,00
996,996,0,0,0,0,0,1,0,00,00,00
997,997,0,0,0,0,0,1,0,00,00,00
998,998,0,0,0,0,0,1,0,00,00,00
999,999,0,0,0,0,0,1,0,00,00,00
1000,1000,0,0,0,0,0,1,0,00,00,00
1001,1001,0,0,0,0,0,1,0,00,00,00
1002,1002,0,0,0,0,0,1,0,00,00,00
1003,1003,0,0,0,0,0,1,0,00,00,00
1004,1004,0,0,0,0,0,1,0,00,00,00
1005,1005,0,0,0,0,0,1,0,00,00,00
1006,1006,0,0,0,0,0,1,0,00,00,00
1007,1007,0,0,0,0,0,1,0,00,00,00
1008,1008,0,0,0,0,0,1,0,00,00,00
1009,1009,0,0,0,0,0,1,0,00,00,00
1010,1010,0,0,0,0,0,1,0,00,00,00
1011,1011,0,0,0,0,0,1,0,00,00,00
1012,1012,0,0,0,0,0,1,0,00,00,00
1013,1013,0,0,0,0,0,1,0,00,00,00
1014,1014,0,0,0,0,0,1,0,00,00,00
1015,1015,0,0,0,0,0,1,0,00,00,00
1016,1016,0,0,0,0,0,1,0,00,00,00
1017,1017,0,0,0,0,0,1,0,00,00,00
1018,1018,0,0,0,0,0,1,0,00,00,00
1019,1019,0,0,0,0,0,1,0,00,00,00
1020,1020,0,0,0,0,0,1,0,00,00,00
1021,1021,0,0,0,0,0,1,0,00,00,00
1022,1022,0,0,0,0,0,1,0,00,00,00
1023,1023,0,0,0,0,0,1,0,00,00,00
1024,1024,0,0,0,0,0,1,0,00,00,00
1025,1025,0,0,0,0,0,1,0,00,00,00
1026,1026,0,0,0,0,0,1,0,00,00,00
1027,1027,0,0,0,0,0,1,0,00,00,00
1028,1028,0,0,0,0,0,1,0,00,00,00
1029,1029,0,0,0,0,0,1,0,00,00,00
1030,1030,0,0,0,0,0,1,0,00,00,00
1031,1031,0,0,0,0,0,1,0,00,00,00
1032,1032,0,0,0,0,0,1,0,00,00,00
1033,1033,0,0,0,0,0,1,0,00,00,00
1034,1034,0,0,0,0,0,1,0,00,00,00
1035,1035,0,0,0,0,0,1,0,00,00,00
1036,1036,0,0,0,0,0,1,0,00,00,00
1037,1037,0,0,0,0,0,1,0,00,00,00
1038,1038,0,0,0,0,0,1,0,00,00,00
1039,1039,0,0,0,0,0,1,0,00,00,00
1040,1040,0,0,0,0,0,1,0,00,00,00
1041,1041,0,0,0,0,0,1,0,00,00,00
1042,1042,0,0,0,0,0,1,0,00,00,00
1043,1043,0,0,0,0,0,1,0,00,00,00
1044,1044,0,0,0,0,0,1,0,00,00,00
1045,1045,0,0,0,0,0,1,0,00,00,00
1046,1046,0,0,0,0,0,1,0,00,00,00
1047,1047,0,0,0,0,0,1,0,00,00,00
1048,1048,0,0,0,0,0,1,0,00,00,00
1049,1049,0,0,0,0,0,1,0,00,00,00
1050,1050,0,0,0,0,0,1,0,00,00,00
1051,1051,0,0,0,0,0,1,0,00,00,00
1052,1052,0,0,0,0,0,1,0,00,00,00
1053,1053,0,0,0,0,0,1,0,00,00,00
1054,1054,0,0,0,0,0,1,0,00,00,00
1055,1055,0,0,0,0,0,1,0,00,00,00
1056,1056,0,0,0,0,0,1,0,00,00,00
1057,1057,0,0,0,0,0,1,0,00,00,00
1058,1058,0,0,0,0,0,1,0,00,00,00
1059,1059,0,0,0,0,0,1,0,00,00,00
1060,1060,0,0,0,0,0,1,0,00,00,00
1061,1061,0,0,0,0,0,1,0,00,00,00
1062,1062,0,0,0,0,0,1,0,00,00,00
1063,1063,0,0,0,0,0,1,0,00,00,00
1064,1064,0,0,0,0,0,1,0,00,00,00
1065,1065,0,0,0,0,0,1,0,00,00,00
1066,1066,0,0,0,0,0,1,0,00,00,00
1067,1067,0,0,0,0,0,1,0,00,00,00
1068,1068,0,0,0,0,0,1,0,00,00,00
1069,1069,0,0,0,0,0,1,0,00,00,00
1070,1070,0,0,0,0,0,1,0,00,00,00
1071,1071,0,0,0,0,0,1,0,00,00,00
1072,1072,0,0,0,0,0,1,0,00,00,00
1073,1073,0,0,0,0,0,1,0,00,00,00
1074,1074,0,0,0,0,0,1,0,00,00,00
1075,1075,0,0,0,0,0,1,0,00,00,00
1076,1076,0,0,0,0,0,1,0,00,00,00
1077,1077,0,0,0,0,0,1,0,00,00,00
1078,1078,0,0,0,0,0,1,0,00,00,00
1079,1079,0,0,0,0,0,1,0,00,00,00
1080,1080,0,0,0,0,0,1,0,00,00,00
1081,1081,0,0,0,0,0,1,0,00,00,00
1082,1082,0,0,0,0,0,1,0,00,00,00
1083,1083,0,0,0,0,0,1,0,00,00,00
1084,1084,0,0,0,0,0,1,0,00,00,00
1085,1085,0,0,0,0,0,1,0,00,00,00
1086,1086,0,0,0,0,0,1,0,00,00,00
1087,1087,0,0,0,0,0,1,0,00,00,00
1088,1088,0,0,0,0,0,1,0,00,00,00
1089,1089,0,0,0,0,0,1,0,00,00,00
1090,1090,0,0,0,0,0,1,0,00,00,00
1091,1091,0,0,0,0,0,1,0,00,00,00
1092,1092,0,0,0,0,0,1,0,00,00,00
1093,1093,0,0,0,0,0,1,0,00,00,00
1094,1094,0,0,0,0,0,1,0,00,00,00
1095,1095,0,0,0,0,0,1,0,00,00,00
1096,1096,0,0,0,0,0,1,0,00,00,00
1097,1097,0,0,0,0,0,1,0,00,00,00
1098,1098,0,0,0,0,0,1,0,00,00,00
1099,1099,0,0,0,0,0,1,0,00,00,00
1100,1100,0,0,0,0,0,1,0,00,00,00
1101,1101,0,0,0,0,0,1,0,00,00,00
1102,1102,0,0,0,0,0,1,0,00,00,00
1103,1103,0,0,0,0,0,1,0,00,00,00
1104,1104,0,0,0,0,0,1,0,00,00,00
1105,1105,0,0,0,0,0,1,0,00,00,00
1106,1106,0,0,0,0,0,1,0,00,00,00
1107,1107,0,0,0,0,0,1,0,00,00,00
1108,1108,0,0,0,0,0,1,0,00,00,00
1109,1109,0,0,0,0,0,1,0,00,00,00
1110,1110,0,0,0,0,0,1,0,00,00,00
1111,1111,0,0,0,0,0,1,0,00,00,00
1112,1112,0,0,0,0,0,1,0,00,00,00
1113,1113,0,0,0,0,0,1,0,00,00,00
1114,1114,0,0,0,0,0,1,0,00,00,00
1115,1115,0,0,0,0,0,1,0,00,00,00
1116,1116,0,0,0,0,0,1,0,00,00,00
1117,1117,0,0,0,0,0,1,0,00,00,00
1118,1118,0,0,0,0,0,1,0,00,00,00
1119,1119,0,0,0,0,0,1,0,00,00,00
1120,1120,0,0,0,0,0,1,0,00,00,00
1121,1121,0,0,0,0,0,1,0,00,00,00
1122,1122,0,0,0,0,0,1,0,00,00,00
1123,1123,0,0,0,0,0,1,0,00,00,00
1124,1124,0,0,0,0,0,1,0,00,00,00
1125,1125,0,0,0,0,0,1,0,00,00,00
1126,1126,0,0,0,0,0,1,0,00,00,00
1127,1127,0,0,0,0,0,1,0,00,00,00
1128,1128,0,0,0,0,0,1,0,00,00,00
1129,1129,0,0,0,0,0,1,0,00,00,00
1130,1130,0,0,0,0,0,1,0,00,00,00
1131,1131,0,0,0,0,0,1,0,00,00,00
1132,1132,0,0,0,0,0,1,0,00,00,00
1133,1133,0,0,0,0,0,1,0,00,00,00
1134,1134,0,0,0,0,0,1,0,00,00,00
1135,1135,0,0,0,0,0,1,0,00,00,00
1136,1136,0,0,0,0,0,1,0,00,00,00
1137,1137,0,0,0,0,0,1,0,00,00,00
1138,1138,0,0,0,0,0,1,0,00,00,00
1139,1139,0,0,0,0,0,1,0,00,00,00
1140,1140,0,0,0,0,0,1,0,00,00,00
1141,1141,0,0,0,0,0,1,0,00,00,00
1142,1142,0,0,0,0,0,1,0,00,00,00
1143,1143,0,0,0,0,0,1,0,00,00,00
1144,1144,0,0,0,0,0,1,0,00,00,00
1145,1145,0,0,0,0,0,1,0,00,00,00
1146,1146,0,0,0,0,0,1,0,00,00,00
1147,1147,0,0,0,0,0,1,0,00,00,00
1148,1148,0,0,0,0,0,1,0,00,00,00
1149,1149,0,0,0,0,0,1,0,00,00,00
1150,1150,0,0,0,0,0,1,0,00,00,00
1151,1151,0,0,0,0,0,1,0,00,00,00
1152,1152,0,0,0,0,0,1,0,00,00,00
1153,1153,0,0,0,0,0,1,0,00,00,00
1154,1154,0,0,0,0,0,1,0,00,00,00
1155,1155,0,0,0,0,0,1,0,00,00,00
1156,1156,0,0,0,0,0,1,0,00,00,00
1157,1157,0,0,0,0,0,1,0,00,00,00
1158,1158,0,0,0,0,0,1,0,00,00,00
1159,1159,0,0,0,0,0,1,0,00,00,00
1160,1160,0,0,0,0,0,1,0,00,00,00
1161,1161,0,0,0,0,0,1,0,00,00,00
1162,1162,0,0,0,0,0,1,0,00,00,00
1163,1163,0,0,0,0,0,1,0,00,00,00
1164,1164,0,0,0,0,0,1,0,00,00,00
1165,1165,0,0,0,0,0,1,0,00,00,00
1166,1166,0,0,0,0,0,1,0,00,00,00
1167,1167,0,0,0,0,0,1,0,00,00,00
1168,1168,0,0,0,0,0,1,0,00,00,00
1169,1169,0,0,0,0,0,1,0,00,00,00
1170,1170,0,0,0,0,0,1,0,00,00,00
1171,1171,0,0,0,0,0,1,0,00,00,00
1172,1172,0,0,0,0,0,1,0,00,00,00
1173,1173,0,0,0,0,0,1,0,00,00,00
1174,1174,0,0,0,0,0,1,0,00,00,00
1175,1175,0,0,0,0,0,1,0,00,00,00
1176,1176,0,0,0,0,0,1,0,00,00,00
1177,1177,0,0,0,0,0,1,0,00,00,00
1178,1178,0,0,0,0,0,1,0,00,00,00
1179,1179,0,0,0,0,0,1,0,00,00,00
1180,1180,0,0,0,0,0,1,0,00,00,00
1181,1181,0,0,0,0,0,1,0,00,00,00
1182,1182,0,0,0,0,0,1,0,00,00,00
1183,1183,0,0,0,0,0,1,0,00,00,00
1184,1184,0,0,0,0,0,1,0,00,00,00
1185,1185,0,0,0,0,0,1,0,00,00,00
1186,1186,0,0,0,0,0,1,0,00,00,00
1187,1187,0,0,0,0,0,1,0,00,00,00
1188,1188,0,0,0,0,0,1,0,00,00,00
1189,1189,0,0,0,0,0,1,0,00,00,00
1190,1190,0,0,0,0,0,1,0,00,00,00
1191,1191,0,0,0,0,0,1,0,00,00,00
1192,1192,0,0,0,0,0,1,0,00,00,00
1193,1193,0,0,0,0,0,1,0,00,00,00
1194,1194,0,0,0,0,0,1,0,00,00,00
1195,1195,0,0,0,0,0,1,0,00,00,00
1196,1196,0,0,0,0,0,1,0,00,00,00
1197,1197,0,0,0,0,0,1,0,00,00,00
1198,1198,0,0,0,0,0,1,0,00,00,00
1199,1199,0,0,0,0,0,1,0,00,00,00
1200,1200,0,0,0,0,0,1,0,00,00,00
1201,1201,0,0,0,0,0,1,0,00,00,00
1202,1202,0,0,0,0,0,1,0,00,00,00
1203,1203,0,0,0,0,0,1,0,00,00,00
1204,1204,0,0,0,0,0,1,0,00,00,00
1205,1205,0,0,0,0,0,1,0,00,00,00
1206,1206,0,0,0,0,0,1,0,00,00,00
1207,1207,0,0,0,0,0,1,0,00,00,00
1208,1208,0,0,0,0,0,1,0,00,00,00
1209,1209,0,0,0,0,0,1,0,00,00,00
1210,1210,0,0,0,0,0,1,0,00,00,00
1211,1211,0,0,0,0,0,1,0,00,00,00
1212,1212,0,0,0,0,0,1,0,00,00,00
1213,1213,0,0,0,0,0,1,0,00,00,00
1214,1214,0,0,0,0,0,1,0,00,00,00
1215,1215,0,0,0,0,0,1,0,00,00,00
1216,1216,0,0,0,0,0,1,0,00,00,00
1217,1217,0,0,0,0,0,1,0,00,00,00
1218,1218,0,0,0,0,0,1,0,00,00,00
1219,1219,0,0,0,0,0,1,0,00,00,00
1220,1220,0,0,0,0,0,1,0,00,00,00
1221,1221,0,0,0,0,0,1,0,00,00,00
1222,1222,0,0,0,0,0,1,0,00,00,00
1223,1223,0,0,0,0,0,1,0,00,00,00
1224,1224,0,0,0,0,0,1,0,00,00,00
1225,1225,0,0,0,0,0,1,0,00,00,00
1226,1226,0,0,0,0,0,1,0,00,00,00
1227,1227,0,0,0,0,0,1,0,00,00,00
1228,1228,0,0,0,0,0,1,0,00,00,00
1229,1229,0,0,0,0,0,1,0,00,00,00
1230,1230,0,0,0,0,0,1,0,00,00,00
1231,1231,0,0,0,0,0,1,0,00,00,00
1232,1232,0,0,0,0,0,1,0,00,00,00
1233,1233,0,0,0,0,0,1,0,00,00,00
1234,1234,0,0,0,0,0,1,0,00,00,00
1235,1235,0,0,0,0,0,1,0,00,00,00
1236,1236,0,0,0,0,0,1,0,00,00,00
1237,1237,0,0,0,0,0,1,0,00,00,00
1238,1238,0,0,0,0,0,1,0,00,00,00
1239,1239,0,0,0,0,0,1,0,00,00,00
1240,1240,0,0,0,0,0,1,0,00,00,00
1241,1241,0,0,0,0,0,1,0,00,00,00
1242,1242,0,0,0,0,0,1,0,00,00,00
1243,1243,0,0,0,0,0,1,0,00,00,00
1244,1244,0,0,0,0,0,1,0,00,00,00
1245,1245,0,0,0,0,0,1,0,00,00,00
1246,1246,0,0,0,0,0,1,0,00,00,00
1247,1247,0,0,0,0,0,1,0,00,00,00
1248,1248,0,0,0,0,0,1,0,00,00,00
1249,1249,0,0,0,0,0,1,0,00,00,00
1250,1250,0,0,0,0,0,1,0,00,00,00
1251,1251,0,0,0,0,0,1,0,00,00,00
1252,1252,0,0,0,0,0,1,0,00,00,00
1253,1253,0,0,0,0,0,1,0,00,00,00
1254,1254,0,0,0,0,0,1,0,00,00,00
1255,1255,0,0,0,0,0,1,0,00,00,00
1256,1256,0,0,0,0,0,1,0,00,00,00
1257,1257,0,0,0,0,0,1,0,00,00,00
1258,1258,0,0,0,0,0,1,0,00,00,00
1259,1259,0,0,0,0,0,1,0,00,00,00
1260,1260,0,0,0,0,0,1,0,00,00,00
1261,1261,0,0,0,0,0,1,0,00,00,00
1262,1262,0,0,0,0,0,1,0,00,00,00
1263,1263,0,0,0,0,0,1,0,00,00,00
1264,1264,0,0,0,0,0,1,0,00,00,00
1265,1265,0,0,0,0,0,1,0,00,00,00
1266,1266,0,0,0,0,0,1,0,00,00,00
1267,1267,0,0,0,0,0,1,0,00,00,00
1268,1268,0,0,0,0,0,1,0,00,00,00
1269,1269,0,0,0,0,0,1,0,00,00,00
1270,1270,0,0,0,0,0,1,0,00,00,00
1271,1271,0,0,0,0,0,1,0,00,00,00
1272,1272,0,0,0,0,0,1,0,00,00,00
1273,1273,0,0,0,0,0,1,0,00,00,00
1274,1274,0,0,0,0,0,1,0,00,00,00
1275,1275,0,0,0,0,0,1,0,00,00,00
1276,1276,0,0,0,0,0,1,0,00,00,00
1277,1277,0,0,0,0,0,1,0,00,00,00
1278,1278,0,0,0,0,0,1,0,00,00,00
1279,1279,0,0,0,0,0,1,0,00,00,00
1280,1280,0,0,0,0,0,1,0,00,00,00
1281,1281,0,0,0,0,0,1,0,00,00,00
1282,1282,0,0,0,0,0,1,0,00,00,00
1283,1283,0,0,0,0,0,1,0,00,00,00
1284,1284,0,0,0,0,0,1,0,00,00,00
1285,1285,0,0,0,0,0,1,0,00,00,00
1286,1286,0,0,0,0,0,1,0,00,00,00
1287,1287,0,0,0,0,0,1,0,00,00,00
1288,1288,0,0,0,0,0,1,0,00,00,00
1289,1289,0,0,0,0,0,1,0,00,00,00
1290,1290,0,0,0,0,0,1,0,00,00,00
1291,1291,0,0,0,0,0,1,0,00,00,00
1292,1292,0,0,0,0,0,1,0,00,00,00
1293,1293,0,0,0,0,0,1,0,00,00,00
1294,1294,0,0,0,0,0,1,0,00,00,00
1295,1295,0,0,0,0,0,1,0,00,00,00
1296,1296,0,0,0,0,0,1,0,00,00,00
1297,1297,0,0,0,0,0,1,0,00,00,00
1298,1298,0,0,0,0,0,1,0,00,00,00
1299,1299,0,0,0,0,0,1,0,00,00,00
1300,1300,0,0,0,0,0,1,0,00,00,00
1301,1301,0,0,0,0,0,1,0,00,00,00
1302,1302,0,0,0,0,0,1,0,00,00,00
1303,1303,0,0,0,0,0,1,0,00,00,00
1304,1304,0,0,0,0,0,1,0,00,00,00
1305,1305,0,0,0,0,0,1,0,00,00,00
1306,1306,0,0,0,0,0,1,0,00,00,00
1307,1307,0,0,0,0,0,1,0,00,00,00
1308,1308,0,0,0,0,0,1,0,00,00,00
1309,1309,0,0,0,0,0,1,0,00,00,00
1310,1310,0,0,0,0,0,1,0,00,00,00
1311,1311,0,0,0,0,0,1,0,00,00,00
1312,1312,0,0,0,0,0,1,0,00,00,00
1313,1313,0,0,0,0,0,1,0,00,00,00
1314,1314,0,0,0,0,0,1,0,00,00,00
1315,1315,0,0,0,0,0,1,0,00,00,00
1316,1316,0,0,0,0,0,1,0,00,00,00
1317,1317,0,0,0,0,0,1,0,00,00,00
1318,1318,0,0,0,0,0,1,0,00,00,00
1319,1319,0,0,0,0,0,1,0,00,00,00
1320,1320,0,0,0,0,0,1,0,00,00,00
1321,1321,0,0,0,0,0,1,0,00,00,00
1322,1322,0,0,0,0,0,1,0,00,00,00
1323,1323,0,0,0,0,0,1,0,00,00,00
1324,1324,0,0,0,0,0,1,0,00,00,00
1325,1325,0,0,0,0,0,1,0,00,00,00
1326,1326,0,0,0,0,0,1,0,00,00,00
1327,1327,0,0,0,0,0,1,0,00,00,00
1328,1328,0,0,0,0,0,1,0,00,00,00
1329,1329,0,0,0,0,0,1,0,00,00,00
1330,1330,0,0,0,0,0,1,0,00,00,00
1331,1331,0,0,0,0,0,1,0,00,00,00
1332,1332,0,0,0,0,0,1,0,00,00,00
1333,1333,0,0,0,0,0,1,0,00,00,00
1334,1334,0,0,0,0,0,1,0,00,00,00
1335,1335,0,0,0,0,0,1,0,00,00,00
1336,1336,0,0,0,0,0,1,0,00,00,00
1337,1337,0,0,0,0,0,1,0,00,00,00
1338,1338,0,0,0,0,0,1,0,00,00,00
1339,1339,0,0,0,0,0,1,0,00,00,00
1340,1340,0,0,0,0,0,1,0,00,00,00
1341,1341,0,0,0,0,0,1,0,00,00,00
1342,1342,0,0,0,0,0,1,0,00,00,00
1343,1343,0,0,0,0,0,1,0,00,00,00
1344,1344,0,0,0,0,0,1,0,00,00,00
1345,1345,0,0,0,0,0,1,0,00,00,00
1346,1346,0,0,0,0,0,1,0,00,00,00
1347,1347,0,0,0,0,0,1,0,00,00,00
1348,1348,0,0,0,0,0,1,0,00,00,00
1349,1349,0,0,0,0,0,1,0,00,00,00
1350,1350,0,0,0,0,0,1,0,00,00,00
1351,1351,0,0,0,0,0,1,0,00,00,00
1352,1352,0,0,0,0,0,1,0,00,00,00
1353,1353,0,0,0,0,0,1,0,00,00,00
1354,1354,0,0,0,0,0,1,0,00,00,00
1355,1355,0,0,0,0,0,1,0,00,00,00
1356,1356,0,0,0,0,0,1,0,00,00,00
1357,1357,0,0,0,0,0,1,0,00,00,00
1358,1358,0,0,0,0,0,1,0,00,00,00
1359,1359,0,0,0,0,0,1,0,00,00,00
1360,1360,0,0,0,0,0,1,0,00,00,00
1361,1361,0,0,0,0,0,1,0,00,00,00
1362,1362,0,0,0,0,0,1,0,00,00,00
1363,1363,0,0,0,0,0,1,0,00,00,00
1364,1364,0,0,0,0,0,1,0,00,00,00
1365,1365,0,0,0,0,0,1,0,00,00,00
1366,1366,0,0,0,0,0,1,0,00,00,00
1367,1367,0,0,0,0,0,1,0,00,00,00
1368,1368,0,0,0,0,0,1,0,00,00,00
1369,1369,0,0,0,0,0,1,0,00,00,00
1370,1370,0,0,0,0,0,1,0,00,00,00
1371,1371,0,0,0,0,0,1,0,00,00,00
1372,1372,0,0,0,0,0,1,0,00,00,00
1373,1373,0,0,0,0,0,1,0,00,00,00
1374,1374,0,0,0,0,0,1,0,00,00,00
1375,1375,0,0,0,0,0,1,0,00,00,00
1376,1376,0,0,0,0,0,1,0,00,00,00
1377,1377,0,0,0,0,0,1,0,00,00,00
1378,1378,0,0,0,0,0,1,0,00,00,00
1379,1379,0,0,0,0,0,1,0,00,00,00
1380,1380,0,0,0,0,0,1,0,00,00,00
1381,1381,0,0,0,0,0,1,0,00,00,00
1382,1382,0,0,0,0,0,1,0,00,00,00
1383,1383,0,0,0,0,0,1,0,00,00,00
1384,1384,0,0,0,0,0,1,0,00,00,00
1385,1385,0,0,0,0,0,1,0,00,00,00
1386,1386,0,0,0,0,0,1,0,00,00,00
1387,1387,0,0,0,0,0,1,0,00,00,00
1388,1388,0,0,0,0,0,1,0,00,00,00
1389,1389,0,0,0,0,0,1,0,00,00,00
1390,1390,0,0,0,0,0,1,0,00,00,00
1391,1391,0,0,0,0,0,1,0,00,00,00
1392,1392,0,0,0,0,0,1,0,00,00,00
1393,1393,0,0,0,0,0,1,0,00,00,00
1394,1394,0,0,0,0,0,1,0,00,00,00
1395,1395,0,0,0,0,0,1,0,00,00,00
1396,1396,0,0,0,0,0,1,0,00,00,00
1397,1397,0,0,0,0,0,1,0,00,00,00
1398,1398,0,0,0,0,0,1,0,00,00,00
1399,1399,0,0,0,0,0,1,0,00,00,00
1400,1400,0,0,0,0,0,1,0,00,00,00
1401,1401,0,0,0,0,0,1,0,00,00,00
1402,1402,0,0,0,0,0,1,0,00,00,00
1403,1403,0,0,0,0,0,1,0,00,00,00
1404,1404,0,0,0,0,0,1,0,00,00,00
1405,1405,0,0,0,0,0,1,0,00,00,00
1406,1406,0,0,0,0,0,1,0,00,00,00
1407,1407,0,0,0,0,0,1,0,00,00,00
1408,1408,0,0,0,0,0,1,0,00,00,00
1409,1409,0,0,0,0,0,1,0,00,00,00
1410,1410,0,0,0,0,0,1,0,00,00,00
1411,1411,0,0,0,0,0,1,0,00,00,00
1412,1412,0,0,0,0,0,1,0,00,00,00
1413,1413,0,0,0,0,0,1,0,00,00,00
1414,1414,0,0,0,0,0,1,0,00,00,00
1415,1415,0,0,0,0,0,1,0,00,00,00
1416,1416,0,0,0,0,0,1,0,00,00,00
1417,1417,0,0,0,0,0,1,0,00,00,00
1418,1418,0,0,0,0,0,1,0,00,00,00
1419,1419,0,0,0,0,0,1,0,00,00,00
1420,1420,0,0,0,0,0,1,0,00,00,00
1421,1421,0,0,0,0,0,1,0,00,00,00
1422,1422,0,0,0,0,0,1,0,00,00,00
1423,1423,0,0,0,0,0,1,0,00,00,00
1424,1424,0,0,0,0,0,1,0,00,00,00
1425,1425,0,0,0,0,0,1,0,00,00,00
1426,1426,0,0,0,0,0,1,0,00,00,00
1427,1427,0,0,0,0,0,1,0,00,00,00
1428,1428,0,0,0,0,0,1,0,00,00,00
1429,1429,0,0,0,0,0,1,0,00,00,00
1430,1430,0,0,0,0,0,1,0,00,00,00
1431,1431,0,0,0,0,0,1,0,00,00,00
1432,1432,0,0,0,0,0,1,0,00,00,00
1433,1433,0,0,0,0,0,1,0,00,00,00
1434,1434,0,0,0,0,0,1,0,00,00,00
1435,1435,0,0,0,0,0,1,0,00,00,00
1436,1436,0,0,0,0,0,1,0,00,00,00
1437,1437,0,0,0,0,0,1,0,00,00,00
1438,1438,0,0,0,0,0,1,0,00,00,00
1439,1439,0,0,0,0,0,1,0,00,00,00
1440,1440,0,0,0,0,0,1,0,00,00,00
1441,1441,0,0,0,0,0,1,0,00,00,00
1442,1442,0,0,0,0,0,1,0,00,00,00
1443,1443,0,0,0,0,0,1,0,00,00,00
1444,1444,0,0,0,0,0,1,0,00,00,00
1445,1445,0,0,0,0,0,1,0,00,00,00
1446,1446,0,0,0,0,0,1,0,00,00,00
1447,1447,0,0,0,0,0,1,0,00,00,00
1448,1448,0,0,0,0,0,1,0,00,00,00
1449,1449,0,0,0,0,0,1,0,00,00,00
1450,1450,0,0,0,0,0,1,0,00,00,00
1451,1451,0,0,0,0,0,1,0,00,00,00
1452,1452,0,0,0,0,0,1,0,00,00,00
1453,1453,0,0,0,0,0,1,0,00,00,00
1454,1454,0,0,0,0,0,1,0,00,00,00
1455,1455,0,0,0,0,0,1,0,00,00,00
1456,1456,0,0,0,0,0,1,0,00,00,00
1457,1457,0,0,0,0,0,1,0,00,00,00
1458,1458,0,0,0,0,0,1,0,00,00,00
1459,1459,0,0,0,0,0,1,0,00,00,00
1460,1460,0,0,0,0,0,1,0,00,00,00
1461,1461,0,0,0,0,0,1,0,00,00,00
1462,1462,0,0,0,0,0,1,0,00,00,00
1463,1463,0,0,0,0,0,1,0,00,00,00
1464,1464,0,0,0,0,0,1,0,00,00,00
1465,1465,0,0,0,0,0,1,0,00,00,00
1466,1466,0,0,0,0,0,1,0,00,00,00
1467,1467,0,0,0,0,0,1,0,00,00,00
1468,1468,0,0,0,0,0,1,0,00,00,00
1469,1469,0,0,0,0,0,1,0,00,00,00
1470,1470,0,0,0,0,0,1,0,00,00,00
1471,1471,0,0,0,0,0,1,0,00,00,00
1472,1472,0,0,0,0,0,1,0,00,00,00
1473,1473,0,0,0,0,0,1,0,00,00,00
1474,1474,0,0,0,0,0,1,0,00,00,00
1475,1475,0,0,0,0,0,1,0,00,00,00
1476,1476,0,0,0,0,0,1,0,00,00,00
1477,1477,0,0,0,0,0,1,0,00,00,00
1478,1478,0,0,0,0,0,1,0,00,00,00
1479,1479,0,0,0,0,0,1,0,00,00,00
1480,1480,0,0,0,0,0,1,0,00,00,00
1481,1481,0,0,0,0,0,1,0,00,00,00
1482,1482,0,0,0,0,0,1,0,00,00,00
1483,1483,0,0,0,0,0,1,0,00,00,00
1484,1484,0,0,0,0,0,1,0,00,00,00
1485,1485,0,0,0,0,0,1,0,00,00,00
1486,1486,0,0,0,0,0,1,0,00,00,00
1487,1487,0,0,0,0,0,1,0,00,00,00
1488,1488,0,0,0,0,0,1,0,00,00,00
1489,1489,0,0,0,0,0,1,0,00,00,00
1490,1490,0,0,0,0,0,1,0,00,00,00
1491,1491,0,0,0,0,0,1,0,00,00,00
1492,1492,0,0,0,0,0,1,0,00,00,00
1493,1493,0,0,0,0,0,1,0,00,00,00
1494,1494,0,0,0,0,0,1,0,00,00,00
1495,1495,0,0,0,0,0,1,0,00,00,00
1496,1496,0,0,0,0,0,1,0,00,00,00
1497,1497,0,0,0,0,0,1,0,00,00,00
1498,1498,0,0,0,0,0,1,0,00,00,00
1499,1499,0,0,0,0,0,1,0,00,00,00
1500,1500,0,0,0,0,0,1,0,00,00,00
1501,1501,0,0,0,0,0,1,0,00,00,00
1502,1502,0,0,0,0,0,1,0,00,00,00
1503,1503,0,0,0,0,0,1,0,00,00,00
1504,1504,0,0,0,0,0,1,0,00,00,00
1505,1505,0,0,0,0,0,1,0,00,00,00
1506,1506,0,0,0,0,0,1,0,00,00,00
1507,1507,0,0,0,0,0,1,0,00,00,00
1508,1508,0,0,0,0,0,1,0,00,00,00
1509,1509,0,0,0,0,0,1,0,00,00,00
1510,1510,0,0,0,0,0,1,0,00,00,00
1511,1511,0,0,0,0,0,1,0,00,00,00
1512,1512,0,0,0,0,0,1,0,00,00,00
1513,1513,0,0,0,0,0,1,0,00,00,00
1514,1514,0,0,0,0,0,1,0,00,00,00
1515,1515,0,0,0,0,0,1,0,00,00,00
1516,1516,0,0,0,0,0,1,0,00,00,00
1517,1517,0,0,0,0,0,1,0,00,00,00
1518,1518,0,0,0,0,0,1,0,00,00,00
1519,1519,0,0,0,0,0,1,0,00,00,00
1520,1520,0,0,0,0,0,1,0,00,00,00
1521,1521,0,0,0,0,0,1,0,00,00,00
1522,1522,0,0,0,0,0,1,0,00,00,00
1523,1523,0,0,0,0,0,1,0,00,00,00
1524,1524,0,0,0,0,0,1,0,00,00,00
1525,1525,0,0,0,0,0,1,0,00,00,00
1526,1526,0,0,0,0,0,1,0,00,00,00
1527,1527,0,0,0,0,0,1,0,00,00,00
1528,1528,0,0,0,0,0,1,0,00,00,00
1529,1529,0,0,0,0,0,1,0,00,00,00
1530,1530,0,0,0,0,0,1,0,00,00,00
1531,1531,0,0,0,0,0,1,0,00,00,00
1532,1532,0,0,0,0,0,1,0,00,00,00
1533,1533,0,0,0,0,0,1,0,00,00,00
1534,1534,0,0,0,0,0,1,0,00,00,00
1535,1535,0,0,0,0,0,1,0,00,00,00
1536,1536,0,0,0,0,0,1,0,00,00,00
1537,1537,0,0,0,0,0,1,0,00,00,00
1538,1538,0,0,0,0,0,1,0,00,00,00
1539,1539,0,0,0,0,0,1,0,00,00,00
1540,1540,0,0,0,0,0,1,0,00,00,00
1541,1541,0,0,0,0,0,1,0,00,00,00
1542,1542,0,0,0,0,0,1,0,00,00,00
1543,1543,0,0,0,0,0,1,0,00,00,00
1544,1544,0,0,0,0,0,1,0,00,00,00
1545,1545,0,0,0,0,0,1,0,00,00,00
1546,1546,0,0,0,0,0,1,0,00,00,00
1547,1547,0,0,0,0,0,1,0,00,00,00
1548,1548,0,0,0,0,0,1,0,00,00,00
1549,1549,0,0,0,0,0,1,0,00,00,00
1550,1550,0,0,0,0,0,1,0,00,00,00
1551,1551,0,0,0,0,0,1,0,00,00,00
1552,1552,0,0,0,0,0,1,0,00,00,00
1553,1553,0,0,0,0,0,1,0,00,00,00
1554,1554,0,0,0,0,0,1,0,00,00,00
1555,1555,0,0,0,0,0,1,0,00,00,00
1556,1556,0,0,0,0,0,1,0,00,00,00
1557,1557,0,0,0,0,0,1,0,00,00,00
1558,1558,0,0,0,0,0,1,0,00,00,00
1559,1559,0,0,0,0,0,1,0,00,00,00
1560,1560,0,0,0,0,0,1,0,00,00,00
1561,1561,0,0,0,0,0,1,0,00,00,00
1562,1562,0,0,0,0,0,1,0,00,00,00
1563,1563,0,0,0,0,0,1,0,00,00,00
1564,1564,0,0,0,0,0,1,0,00,00,00
1565,1565,0,0,0,0,0,1,0,00,00,00
1566,1566,0,0,0,0,0,1,0,00,00,00
1567,1567,0,0,0,0,0,1,0,00,00,00
1568,1568,0,0,0,0,0,1,0,00,00,00
1569,1569,0,0,0,0,0,1,0,00,00,00
1570,1570,0,0,0,0,0,1,0,00,00,00
1571,1571,0,0,0,0,0,1,0,00,00,00
1572,1572,0,0,0,0,0,1,0,00,00,00
1573,1573,0,0,0,0,0,1,0,00,00,00
1574,1574,0,0,0,0,0,1,0,00,00,00
1575,1575,0,0,0,0,0,1,0,00,00,00
1576,1576,0,0,0,0,0,1,0,00,00,00
1577,1577,0,0,0,0,0,1,0,00,00,00
1578,1578,0,0,0,0,0,1,0,00,00,00
1579,1579,0,0,0,0,0,1,0,00,00,00
1580,1580,0,0,0,0,0,1,0,00,00,00
1581,1581,0,0,0,0,0,1,0,00,00,00
1582,1582,0,0,0,0,0,1,0,00,00,00
1583,1583,0,0,0,0,0,1,0,00,00,00
1584,1584,0,0,0,0,0,1,0,00,00,00
1585,1585,0,0,0,0,0,1,0,00,00,00
1586,1586,0,0,0,0,0,1,0,00,00,00
1587,1587,0,0,0,0,0,1,0,00,00,00
1588,1588,0,0,0,0,0,1,0,00,00,00
1589,1589,0,0,0,0,0,1,0,00,00,00
1590,1590,0,0,0,0,0,1,0,00,00,00
1591,1591,0,0,0,0,0,1,0,00,00,00
1592,1592,0,0,0,0,0,1,0,00,00,00
1593,1593,0,0,0,0,0,1,0,00,00,00
1594,1594,0,0,0,0,0,1,0,00,00,00
1595,1595,0,0,0,0,0,1,0,00,00,00
1596,1596,0,0,0,0,0,1,0,00,00,00
1597,1597,0,0,0,0,0,1,0,00,00,00
1598,1598,0,0,0,0,0,1,0,00,00,00
1599,1599,0,0,0,0,0,1,0,00,00,00
1600,1600,0,0,0,0,0,1,0,00,00,00
1601,1601,0,0,0,0,0,1,0,00,00,00
1602,1602,0,0,0,0,0,1,0,00,00,00
1603,1603,0,0,0,0,0,1,0,00,00,00
1604,1604,0,0,0,0,0,1,0,00,00,00
1605,1605,0,0,0,0,0,1,0,00,00,00
1606,1606,0,0,0,0,0,1,0,00,00,00
1607,1607,0,0,0,0,0,1,0,00,00,00
1608,1608,0,0,0,0,0,1,0,00,00,00
1609,1609,0,0,0,0,0,1,0,00,00,00
1610,1610,0,0,0,0,0,1,0,00,00,00
1611,1611,0,0,0,0,0,1,0,00,00,00
1612,1612,0,0,0,0,0,1,0,00,00,00
1613,1613,0,0,0,0,0,1,0,00,00,00
1614,1614,0,0,0,0,0,1,0,00,00,00
1615,1615,0,0,0,0,0,1,0,00,00,00
1616,1616,0,0,0,0,0,1,0,00,00,00
1617,1617,0,0,0,0,0,1,0,00,00,00
1618,1618,0,0,0,0,0,1,0,00,00,00
1619,1619,0,0,0,0,0,1,0,00,00,00
1620,1620,0,0,0,0,0,1,0,00,00,00
1621,1621,0,0,0,0,0,1,0,00,00,00
1622,1622,0,0,0,0,0,1,0,00,00,00
1623,1623,0,0,0,0,0,1,0,00,00,00
1624,1624,0,0,0,0,0,1,0,00,00,00
1625,1625,0,0,0,0,0,1,0,00,00,00
1626,1626,0,0,0,0,0,1,0,00,00,00
1627,1627,0,0,0,0,0,1,0,00,00,00
1628,1628,0,0,0,0,0,1,0,00,00,00
1629,1629,0,0,0,0,0,1,0,00,00,00
1630,1630,0,0,0,0,0,1,0,00,00,00
1631,1631,0,0,0,0,0,1,0,00,00,00
1632,1632,0,0,0,0,0,1,0,00,00,00
1633,1633,0,0,0,0,0,1,0,00,00,00
1634,1634,0,0,0,0,0,1,0,00,00,00
1635,1635,0,0,0,0,0,1,0,00,00,00
1636,1636,0,0,0,0,0,1,0,00,00,00
1637,1637,0,0,0,0,0,1,0,00,00,00
1638,1638,0,0,0,0,0,1,0,00,00,00
1639,1639,0,0,0,0,0,1,0,00,00,00
1640,1640,0,0,0,0,0,1,0,00,00,00
1641,1641,0,0,0,0,0,1,0,00,00,00
1642,1642,0,0,0,0,0,1,0,00,00,00
1643,1643,0,0,0,0,0,1,0,00,00,00
1644,1644,0,0,0,0,0,1,0,00,00,00
1645,1645,0,0,0,0,0,1,0,00,00,00
1646,1646,0,0,0,0,0,1,0,00,00,00
1647,1647,0,0,0,0,0,1,0,00,00,00
1648,1648,0,0,0,0,0,1,0,00,00,00
1649,1649,0,0,0,0,0,1,0,00,00,00
1650,1650,0,0,0,0,0,1,0,00,00,00
1651,1651,0,0,0,0,0,1,0,00,00,00
1652,1652,0,0,0,0,0,1,0,00,00,00
1653,1653,0,0,0,0,0,1,0,00,00,00
1654,1654,0,0,0,0,0,1,0,00,00,00
1655,1655,0,0,0,0,0,1,0,00,00,00
1656,1656,0,0,0,0,0,1,0,00,00,00
1657,1657,0,0,0,0,0,1,0,00,00,00
1658,1658,0,0,0,0,0,1,0,00,00,00
1659,1659,0,0,0,0,0,1,0,00,00,00
1660,1660,0,0,0,0,0,1,0,00,00,00
1661,1661,0,0,0,0,0,1,0,00,00,00
1662,1662,0,0,0,0,0,1,0,00,00,00
1663,1663,0,0,0,0,0,1,0,00,00,00
1664,1664,0,0,0,0,0,1,0,00,00,00
1665,1665,0,0,0,0,0,1,0,00,00,00
1666,1666,0,0,0,0,0,1,0,00,00,00
1667,1667,0,0,0,0,0,1,0,00,00,00
1668,1668,0,0,0,0,0,1,0,00,00,00
1669,1669,0,0,0,0,0,1,0,00,00,00
1670,1670,0,0,0,0,0,1,0,00,00,00
1671,1671,0,0,0,0,0,1,0,00,00,00
1672,1672,0,0,0,0,0,1,0,00,00,00
1673,1673,0,0,0,0,0,1,0,00,00,00
1674,1674,0,0,0,0,0,1,0,00,00,00
1675,1675,0,0,0,0,0,1,0,00,00,00
1676,1676,0,0,0,0,0,1,0,00,00,00
1677,1677,0,0,0,0,0,1,0,00,00,00
1678,1678,0,0,0,0,0,1,0,00,00,00
1679,1679,0,0,0,0,0,1,0,00,00,00
1680,1680,0,0,0,0,0,1,0,00,00,00
1681,1681,0,0,0,0,0,1,0,00,00,00
1682,1682,0,0,0,0,0,1,0,00,00,00
1683,1683,0,0,0,0,0,1,0,00,00,00
1684,1684,0,0,0,0,0,1,0,00,00,00
1685,1685,0,0,0,0,0,1,0,00,00,00
1686,1686,0,0,0,0,0,1,0,00,00,00
1687,1687,0,0,0,0,0,1,0,00,00,00
1688,1688,0,0,0,0,0,1,0,00,00,00
1689,1689,0,0,0,0,0,1,0,00,00,00
1690,1690,0,0,0,0,0,1,0,00,00,00
1691,1691,0,0,0,0,0,1,0,00,00,00
1692,1692,0,0,0,0,0,1,0,00,00,00
1693,1693,0,0,0,0,0,1,0,00,00,00
1694,1694,0,0,0,0,0,1,0,00,00,00
1695,1695,0,0,0,0,0,1,0,00,00,00
1696,1696,0,0,0,0,0,1,0,00,00,00
1697,1697,0,0,0,0,0,1,0,00,00,00
1698,1698,0,0,0,0,0,1,0,00,00,00
1699,1699,0,0,0,0,0,1,0,00,00,00
1700,1700,0,0,0,0,0,1,0,00,00,00
1701,1701,0,0,0,0,0,1,0,00,00,00
1702,1702,0,0,0,0,0,1,0,00,00,00
1703,1703,0,0,0,0,0,1,0,00,00,00
1704,1704,0,0,0,0,0,1,0,00,00,00
1705,1705,0,0,0,0,0,1,0,00,00,00
1706,1706,0,0,0,0,0,1,0,00,00,00
1707,1707,0,0,0,0,0,1,0,00,00,00
1708,1708,0,0,0,0,0,1,0,00,00,00
1709,1709,0,0,0,0,0,1,0,00,00,00
1710,1710,0,0,0,0,0,1,0,00,00,00
1711,1711,0,0,0,0,0,1,0,00,00,00
1712,1712,0,0,0,0,0,1,0,00,00,00
1713,1713,0,0,0,0,0,1,0,00,00,00
1714,1714,0,0,0,0,0,1,0,00,00,00
1715,1715,0,0,0,0,0,1,0,00,00,00
1716,1716,0,0,0,0,0,1,0,00,00,00
1717,1717,0,0,0,0,0,1,0,00,00,00
1718,1718,0,0,0,0,0,1,0,00,00,00
1719,1719,0,0,0,0,0,1,0,00,00,00
1720,1720,0,0,0,0,0,1,0,00,00,00
1721,1721,0,0,0,0,0,1,0,00,00,00
1722,1722,0,0,0,0,0,1,0,00,00,00
1723,1723,0,0,0,0,0,1,0,00,00,00
1724,1724,0,0,0,0,0,1,0,00,00,00
1725,1725,0,0,0,0,0,1,0,00,00,00
1726,1726,0,0,0,0,0,1,0,00,00,00
1727,1727,0,0,0,0,0,1,0,00,00,00
1728,1728,0,0,0,0,0,1,0,00,00,00
1729,1729,0,0,0,0,0,1,0,00,00,00
1730,1730,0,0,0,0,0,1,0,00,00,00
1731,1731,0,0,0,0,0,1,0,00,00,00
1732,1732,0,0,0,0,0,1,0,00,00,00
1733,1733,0,0,0,0,0,1,0,00,00,00
1734,1734,0,0,0,0,0,1,0,00,00,00
1735,1735,0,0,0,0,0,1,0,00,00,00
1736,1736,0,0,0,0,0,1,0,00,00,00
1737,1737,0,0,0,0,0,1,0,00,00,00
1738,1738,0,0,0,0,0,1,0,00,00,00
1739,1739,0,0,0,0,0,1,0,00,00,00
1740,1740,0,0,0,0,0,1,0,00,00,00
1741,1741,0,0,0,0,0,1,0,00,00,00
1742,1742,0,0,0,0,0,1,0,00,00,00
1743,1743,0,0,0,0,0,1,0,00,00,00
1744,1744,0,0,0,0,0,1,0,00,00,00
1745,1745,0,0,0,0,0,1,0,00,00,00
1746,1746,0,0,0,0,0,1,0,00,00,00
1747,1747,0,0,0,0,0,1,0,00,00,00
1748,1748,0,0,0,0,0,1,0,00,00,00
1749,1749,0,0,0,0,0,1,0,00,00,00
1750,1750,0,0,0,0,0,1,0,00,00,00
1751,1751,0,0,0,0,0,1,0,00,00,00
1752,1752,0,0,0,0,0,1,0,00,00,00
1753,1753,0,0,0,0,0,1,0,00,00,00
1754,1754,0,0,0,0,0,1,0,00,00,00
1755,1755,0,0,0,0,0,1,0,00,00,00
1756,1756,0,0,0,0,0,1,0,00,00,00
1757,1757,0,0,0,0,0,1,0,00,00,00
1758,1758,0,0,0,0,0,1,0,00,00,00
1759,1759,0,0,0,0,0,1,0,00,00,00
1760,1760,0,0,0,0,0,1,0,00,00,00
1761,1761,0,0,0,0,0,1,0,00,00,00
1762,1762,0,0,0,0,0,1,0,00,00,00
1763,1763,0,0,0,0,0,1,0,00,00,00
1764,1764,0,0,0,0,0,1,0,00,00,00
1765,1765,0,0,0,0,0,1,0,00,00,00
1766,1766,0,0,0,0,0,1,0,00,00,00
1767,1767,0,0,0,0,0,1,0,00,00,00
1768,1768,0,0,0,0,0,1,0,00,00,00
1769,1769,0,0,0,0,0,1,0,00,00,00
1770,1770,0,0,0,0,0,1,0,00,00,00
1771,1771,0,0,0,0,0,1,0,00,00,00
1772,1772,0,0,0,0,0,1,0,00,00,00
1773,1773,0,0,0,0,0,1,0,00,00,00
1774,1774,0,0,0,0,0,1,0,00,00,00
1775,1775,0,0,0,0,0,1,0,00,00,00
1776,1776,0,0,0,0,0,1,0,00,00,00
1777,1777,0,0,0,0,0,1,0,00,00,00
1778,1778,0,0,0,0,0,1,0,00,00,00
1779,1779,0,0,0,0,0,1,0,00,00,00
1780,1780,0,0,0,0,0,1,0,00,00,00
1781,1781,0,0,0,0,0,1,0,00,00,00
1782,1782,0,0,0,0,0,1,0,00,00,00
1783,1783,0,0,0,0,0,1,0,00,00,00
1784,1784,0,0,0,0,0,1,0,00,00,00
1785,1785,0,0,0,1,0,1,0,00,00,00
1786,1786,0,0,0,1,0,1,0,00,00,00
1787,1787,0,0,0,1,0,1,0,00,00,00
1788,1788,0,0,0,1,0,1,0,00,00,00
1789,1789,0,0,0,1,0,1,0,00,00,00
1790,1790,0,0,0,1,0,1,0,00,00,00
1791,1791,0,0,0,1,0,1,0,00,00,00
1792,1792,0,0,0,1,0,1,0,00,00,00
1793,1793,0,0,0,1,0,1,0,00,00,00
1794,1794,0,0,0,1,0,1,0,00,00,00
1795,1795,0,0,0,1,0,1,0,00,00,00
1796,1796,0,0,0,1,0,1,0,00,00,00
1797,1797,0,0,0,1,0,1,0,00,00,00
1798,1798,0,0,0,1,0,1,0,00,00,00
1799,1799,0,0,0,1,0,1,0,00,00,00
1800,1800,0,0,0,0,0,1,0,00,00,00
1801,1801,0,0,0,0,0,1,0,00,00,00
1802,1802,0,0,0,0,0,1,0,00,00,00
1803,1803,0,0,0,0,0,1,0,00,00,00
1804,1804,0,0,0,0,0,1,0,00,00,00
1805,1805,0,0,0,0,0,1,0,00,00,00
1806,1806,0,0,0,0,0,1,0,00,00,00
1807,1807,0,0,0,0,0,1,0,00,00,00
1808,1808,0,0,0,0,0,1,0,00,00,00
1809,1809,0,0,0,0,0,1,0,00,00,00
1810,1810,0,0,0,0,0,1,0,00,00,00
1811,1811,0,0,0,0,0,1,0,00,00,00
1812,1812,0,0,0,0,0,1,0,00,00,00
1813,1813,0,0,0,0,0,1,0,00,00,00
1814,1814,0,0,0,0,0,1,0,00,00,00
1815,1815,0,0,0,0,0,1,0,00,00,00
1816,1816,0,0,0,0,0,1,0,00,00,00
1817,1817,0,0,0,0,0,1,0,00,00,00
1818,1818,0,0,0,0,0,1,0,00,00,00
1819,1819,0,0,0,0,0,1,0,00,00,00
1820,1820,0,0,0,0,0,1,0,00,00,00
1821,1821,0,0,0,0,0,1,0,00,00,00
1822,1822,0,0,0,0,0,1,0,00,00,00
1823,1823,0,0,0,0,0,1,0,00,00,00
1824,1824,0,0,0,0,0,1,0,00,00,00
1825,1825,0,0,0,0,0,1,0,00,00,00
1826,1826,0,0,0,0,0,1,0,00,00,00
1827,1827,0,0,0,0,0,1,0,00,00,00
1828,1828,0,0,0,0,0,1,0,00,00,00
1829,1829,0,0,0,0,0,1,0,00,00,00
1830,1830,0,0,0,0,0,1,0,00,00,00
1831,1831,0,0,0,0,0,1,0,00,00,00
1832,1832,0,0,0,0,0,1,0,00,00,00
1833,1833,0,0,0,1,0,1,0,00,00,00
1834,1834,0,0,0,1,0,1,0,00,00,00
1835,1835,0,0,0,1,0,1,0,00,00,00
1836,1836,0,0,0,1,0,1,0,00,00,00
1837,1837,0,0,0,1,0,1,0,00,00,00
1838,1838,0,0,0,1,0,1,0,00,00,00
1839,1839,0,0,0,1,0,1,0,00,00,00
1840,1840,0,0,0,1,0,1,0,00,00,00
1841,1841,0,0,0,1,0,1,0,00,00,00
1842,1842,0,0,0,1,0,1,0,00,00,00
1843,1843,0,0,0,1,0,1,0,00,00,00
1844,1844,0,0,0,1,0,1,0,00,00,00
1845,1845,0,0,0,1,0,1,0,00,00,00
1846,1846,0,0,0,1,0,1,0,00,00,00
1847,1847,0,0,0,1,0,1,0,00,00,00
1848,1848,0,0,0,1,0,1,0,00,00,00
1849,1849,0,0,0,1,0,1,0,00,00,00
1850,1850,0,0,0,1,0,1,0,00,00,00
1851,1851,0,0,0,1,0,1,0,00,00,00
1852,1852,0,0,0,1,0,1,0,00,00,00
1853,1853,0,0,0,1,0,1,0,00,00,00
1854,1854,0,0,0,1,0,1,0,00,00,00
1855,1855,0,0,0,1,0,1,0,00,00,00
1856,1856,0,0,0,1,0,1,0,00,00,00
1857,1857,0,0,0,1,0,1,0,00,00,00
1858,1858,0,0,0,1,0,1,0,00,00,00
1859,1859,0,0,0,1,0,1,0,00,00,00
1860,1860,0,0,0,1,0,1,0,00,00,00
1861,1861,0,0,0,1,0,1,0,00,00,00
1862,1862,0,0,0,1,0,1,0,00,00,00
1863,1863,0,0,0,1,0,1,0,00,00,00
1864,1864,0,0,0,1,0,1,0,00,00,00
1865,1865,0,0,0,1,0,1,0,00,00,00
1866,1866,0,0,0,1,0,1,0,00,00,00
1867,1867,0,0,0,1,0,1,0,00,00,00
1868,1868,0,0,0,1,0,1,0,00,00,00
1869,1869,0,0,0,1,0,1,0,00,00,00
1870,1870,0,0,0,1,0,1,0,00,00,00
1871,1871,0,0,0,1,0,1,0,00,00,00
1872,1872,0,0,0,1,0,1,0,00,00,00
1873,1873,0,0,0,1,0,1,0,00,00,00
1874,1874,0,0,0,1,0,1,0,00,00,00
1875,1875,0,0,0,1,0,1,0,00,00,00
1876,1876,0,0,0,1,0,1,0,00,00,00
1877,1877,0,0,0,1,0,1,0,00,00,00
1878,1878,0,0,0,1,0,1,0,00,00,00
1879,1879,0,0,0,1,0,1,0,00,00,00
1880,1880,0,0,0,1,0,1,0,00,00,00
1881,1881,0,0,0,1,0,1,0,00,00,00
1882,1882,0,0,0,1,0,1,0,00,00,00
1883,1883,0,0,0,1,0,1,0,00,00,00
1884,1884,0,0,0,1,0,1,0,00,00,00
1885,1885,0,0,0,1,0,1,0,00,00,00
1886,1886,0,0,0,1,0,1,0,00,00,00
1887,1887,0,0,0,1,0,1,0,00,00,00
1888,1888,0,0,0,1,0,1,0,00,00,00
1889,1889,0,0,0,1,0,1,0,00,00,00
1890,1890,0,0,0,0,0,1,0,00,00,00
1891,1891,0,0,0,0,0,1,0,00,00,00
1892,1892,0,0,0,0,0,1,0,00,00,00
1893,1893,0,0,0,0,0,1,0,00,00,00
1894,1894,0,0,0,0,0,1,0,00,00,00
1895,1895,0,0,0,0,0,1,0,00,00,00
1896,1896,0,0,0,0,0,1,0,00,00,00
1897,1897,0,0,0,0,0,1,0,00,00,00
1898,1898,0,0,0,0,0,1,0,00,00,00
1899,1899,0,0,0,0,0,1,0,00,00,00
1900,1900,0,0,0,0,0,1,0,00,00,00
1901,1901,0,0,0,0,0,1,0,00,00,00
1902,1902,0,0,0,0,0,1,0,00,00,00
1903,1903,0,0,0,0,0,1,0,00,00,00
1904,1904,0,0,0,0,0,1,0,00,00,00
1905,1905,0,0,0,0,0,1,0,00,00,00
1906,1906,0,0,0,0,0,1,0,00,00,00
1907,1907,0,0,0,0,0,1,0,00,00,00
1908,1908,0,0,0,0,0,1,0,00,00,00
1909,1909,0,0,0,0,0,1,0,00,00,00
1910,1910,0,0,0,0,0,1,0,00,00,00
1911,1911,0,0,0,0,0,1,0,00,00,00
1912,1912,0,0,0,0,0,1,0,00,00,00
1913,1913,0,0,0,0,0,1,0,00,00,00
1914,1914,0,0,0,0,0,1,0,00,00,00
1915,1915,0,0,0,0,0,1,0,00,00,00
1916,1916,0,0,0,0,0,1,0,00,00,00
1917,1917,0,0,0,0,0,1,0,00,00,00
1918,1918,0,0,0,1,0,1,0,00,00,00
1919,1919,0,0,0,1,0,1,0,00,00,00
1920,1920,0,0,0,1,0,1,0,00,00,00
1921,1921,0,0,0,1,0,1,0,00,00,00
1922,1922,0,0,0,1,0,1,0,00,00,00
1923,1923,0,0,0,1,0,1,0,00,00,00
1924,1924,0,0,0,1,0,1,0,00,00,00
1925,1925,0,0,0,1,0,1,0,00,00,00
1926,1926,0,0,0,1,0,1,0,00,00,00
1927,1927,0,0,0,1,0,1,0,00,00,00
1928,1928,0,0,0,1,0,1,0,00,00,00
1929,1929,0,0,0,1,0,1,0,00,00,00
1930,1930,0,0,0,1,0,1,0,00,00,00
1931,1931,0,0,0,1,0,1,0,00,00,00
1932,1932,0,0,0,1,0,1,0,00,00,00
1933,1933,0,0,0,0,0,1,0,00,00,00
1934,1934,0,0,0,0,0,1,0,00,00,00
1935,1935,0,0,0,0,0,1,0,00,00,00
1936,1936,0,0,0,0,0,1,0,00,00,00
1937,1937,0,0,0,0,0,1,0,00,00,00
1938,1938,0,0,0,0,0,1,0,00,00,00
1939,1939,0,0,0,0,0,1,0,00,00,00
1940,1940,0,0,0,0,0,1,0,00,00,00
1941,1941,0,0,0,0,0,1,0,00,00,00
1942,1942,0,0,0,0,0,1,0,00,00,00
1943,1943,0,0,0,0,0,1,0,00,00,00
1944,1944,0,0,0,0,0,1,0,00,00,00
1945,1945,0,0,0,0,0,1,0,00,00,00
1946,1946,0,0,0,0,0,1,0,00,00,00
1947,1947,0,0,0,0,0,1,0,00,00,00
1948,1948,0,0,0,0,0,1,0,00,00,00
1949,1949,0,0,0,0,0,1,0,00,00,00
1950,1950,0,0,0,0,0,1,0,00,00,00
1951,1951,0,0,0,0,0,1,0,00,00,00
1952,1952,0,0,0,0,0,1,0,00,00,00
1953,1953,0,0,0,0,0,1,0,00,00,00
1954,1954,0,0,0,0,0,1,0,00,00,00
1955,1955,0,0,0,0,0,1,0,00,00,00
1956,1956,0,0,0,0,0,1,0,00,00,00
1957,1957,0,0,0,0,0,1,0,00,00,00
1958,1958,0,0,0,0,0,1,0,00,00,00
1959,1959,0,0,0,0,0,1,0,00,00,00
1960,1960,0,0,0,0,0,1,0,00,00,00
1961,1961,0,0,0,0,0,1,0,00,00,00
1962,1962,0,0,0,0,0,1,0,00,00,00
1963,1963,0,0,0,0,0,1,0,00,00,00
1964,1964,0,0,0,0,0,1,0,00,00,00
1965,1965,0,0,0,0,0,1,0,00,00,00
1966,1966,0,0,0,1,0,1,0,00,00,00
1967,1967,0,0,0,1,0,1,0,00,00,00
1968,1968,0,0,0,1,0,1,0,00,00,00
1969,1969,0,0,0,1,0,1,0,00,00,00
1970,1970,0,0,0,1,0,1,0,00,00,00
1971,1971,0,0,0,1,0,1,0,00,00,00
1972,1972,0,0,0,1,0,1,0,00,00,00
1973,1973,0,0,0,1,0,1,0,00,00,00
1974,1974,0,0,0,1,0,1,0,00,00,00
1975,1975,0,0,0,1,0,1,0,00,00,00
1976,1976,0,0,0,1,0,1,0,00,00,00
1977,1977,0,0,0,1,0,1,0,00,00,00
1978,1978,0,0,0,1,0,1,0,00,00,00
1979,1979,0,0,0,1,0,1,0,00,00,00
1980,1980,0,0,0,0,0,1,0,00,00,00
1981,1981,0,0,0,0,0,1,0,00,00,00
1982,1982,0,0,0,0,0,1,0,00,00,00
1983,1983,0,0,0,1,0,1,0,00,00,00
1984,1984,0,0,0,1,0,1,0,00,00,00
1985,1985,0,0,0,1,0,1,0,00,00,00
1986,1986,0,0,0,0,0,1,0,00,00,00
1987,1987,0,0,0,0,0,1,0,00,00,00
1988,1988,0,0,0,0,0,1,0,00,00,00
1989,1989,0,0,0,0,0,1,0,00,00,00
1990,1990,0,0,0,0,0,1,0,00,00,00
1991,1991,0,0,0,0,0,1,0,00,00,00
1992,1992,0,0,0,0,0,1,0,00,00,00
1993,1993,0,0,0,0,0,1,0,00,00,00
1994,1994,0,0,0,0,0,1,0,00,00,00
1995,1995,0,0,0,0,0,1,0,00,00,00
1996,1996,0,0,0,0,0,1,0,00,00,00
1997,1997,0,0,0,0,0,1,0,00,00,00
1998,1998,0,0,0,0,0,1,0,00,00,00
1999,1999,0,0,0,0,0,1,0,00,00,00
2000,2000,0,0,0,0,0,1,0,00,00,00
2001,2001,0,0,0,0,0,1,0,00,00,00
2002,2002,0,0,0,0,0,1,0,00,00,00
2003,2003,0,0,0,0,0,1,0,00,00,00
2004,2004,0,0,0,0,0,1,0,00,00,00
2005,2005,0,0,0,0,0,1,0,00,00,00
2006,2006,0,0,0,0,0,1,0,00,00,00
2007,2007,0,0,0,0,0,1,0,00,00,00
2008,2008,0,0,0,0,0,1,0,00,00,00
2009,2009,0,0,0,0,0,1,0,00,00,00
2010,2010,0,0,0,0,0,1,0,00,00,00
2011,2011,0,0,0,0,0,1,0,00,00,00
2012,2012,0,0,0,0,0,1,0,00,00,00
2013,2013,0,0,0,0,0,1,0,00,00,00
2014,2014,0,0,0,0,0,1,0,00,00,00
2015,2015,0,0,0,0,0,1,0,00,00,00
2016,2016,0,0,0,0,0,1,0,00,00,00
2017,2017,0,0,0,0,0,1,0,00,00,00
2018,2018,0,0,0,0,0,1,0,00,00,00
2019,2019,0,0,0,0,0,1,0,00,00,00
2020,2020,0,0,0,0,0,1,0,00,00,00
2021,2021,0,0,0,0,0,1,0,00,00,00
2022,2022,0,0,0,0,0,1,0,00,00,00
2023,2023,0,0,0,0,0,1,0,00,00,00
2024,2024,0,0,0,0,0,1,0,00,00,00
2025,2025,0,0,0,0,0,1,0,00,00,00
2026,2026,0,0,0,0,0,1,0,00,00,00
2027,2027,0,0,0,0,0,1,0,00,00,00
2028,2028,0,0,0,0,0,1,0,00,00,00
2029,2029,0,0,0,0,0,1,0,00,00,00
2030,2030,0,0,0,0,0,1,0,00,00,00
2031,2031,0,0,0,0,0,1,0,00,00,00
2032,2032,0,0,0,0,0,1,0,00,00,00
2033,2033,0,0,0,0,0,1,0,00,00,00
2034,2034,0,0,0,0,0,1,0,00,00,00
2035,2035,0,0,0,0,0,1,0,00,00,00
2036,2036,0,0,0,0,0,1,0,00,00,00
2037,2037,0,0,0,0,0,1,0,00,00,00
2038,2038,0,0,0,0,0,1,0,00,00,00
2039,2039,0,0,0,0,0,1,0,00,00,00
2040,2040,0,0,0,0,0,1,0,00,00,00
2041,2041,0,0,0,0,0,1,0,00,00,00
2042,2042,0,0,0,0,0,1,0,00,00,00
2043,2043,0,0,0,0,0,1,0,00,00,00
2044,2044,0,0,0,0,0,1,0,00,00,00
2045,2045,0,0,0,0,0,1,0,00,00,00
2046,2046,0,0,0,0,0,1,0,00,00,00
2047,2047,0,0,0,0,0,1,0,00,00,00
2048,2048,1,0,1,1,0,1,0,00,00,00
2049,2049,0,0,1,1,0,1,0,00,00,00
2050,2050,0,0,1,1,0,1,0,00,00,00
2051,2051,0,0,1,1,0,1,0,00,00,00
2052,2052,0,0,1,1,0,1,0,00,00,00
2053,2053,0,0,1,1,0,1,0,00,00,00
2054,2054,0,0,1,1,0,1,0,00,00,00
2055,2055,0,0,1,1,0,1,0,00,00,00
2056,2056,0,0,1,1,0,1,0,00,00,00
2057,2057,0,0,1,1,0,1,0,00,00,00
2058,2058,0,0,1,1,0,1,0,00,00,00
2059,2059,0,0,1,0,0,1,0,00,00,00
2060,2060,0,0,1,0,0,1,0,00,00,00
2061,2061,0,0,1,0,0,1,1,00,01,00
2062,2062,0,0,1,0,0,1,1,00,01,00
2063,2063,0,0,1,0,0,1,1,00,01,01
2064,2064,0,0,1,0,0,1,1,00,01,01
2065,2065,0,0,1,0,0,1,1,00,01,01
2066,2066,0,0,1,0,0,1,1,00,01,01
2067,2067,0,0,1,0,0,1,1,00,01,01
2068,2068,0,0,1,0,0,1,1,00,01,01
2069,2069,0,0,1,0,0,1,1,00,01,01
2070,2070,0,0,1,0,0,1,1,00,01,01
2071,2071,0,0,1,0,0,1,1,00,01,01
2072,2072,0,0,1,0,0,1,1,00,01,01
2073,2073,0,0,1,0,0,1,1,00,01,01
2074,2074,0,0,1,0,0,1,1,00,01,01
2075,2075,0,0,1,0,0,1,1,00,01,01
2076,2076,0,0,1,0,0,1,1,00,01,01
2077,2077,0,0,1,0,0,1,1,00,01,01
2078,2078,0,0,1,0,0,1,1,00,01,01
2079,2079,0,0,1,0,0,1,1,00,01,01
2080,2080,0,0,1,0,0,1,1,00,01,01
2081,2081,0,0,1,0,0,1,1,00,02,01
2082,2082,0,0,1,0,0,1,1,00,02,01
2083,2083,0,0,1,0,0,1,1,00,02,02
2084,2084,0,0,1,0,0,1,1,00,03,02
2085,2085,0,0,1,0,0,1,1,00,03,02
2086,2086,0,0,1,0,0,1,1,00,03,03
2087,2087,0,0,1,0,0,1,1,00,03,03
2088,2088,0,0,1,0,0,1,1,00,04,03
2089,2089,0,0,1,0,1,1,1,00,04,04
2090,2090,0,0,1,0,1,1,1,00,04,04
2091,2091,0,0,1,0,1,1,1,00,05,04
2092,2092,0,0,1,0,1,1,1,00,05,04
2093,2093,0,0,1,0,1,1,1,00,05,05
2094,2094,0,0,1,0,1,1,1,00,06,05
2095,2095,0,0,1,0,1,1,1,00,06,05
2096,2096,0,0,1,0,0,1,1,00,06,06
2097,2097,0,0,1,0,0,1,1,00,06,06
2098,2098,0,0,1,0,0,1,1,00,07,06
2099,2099,0,0,1,0,1,1,1,00,07,07
2100,2100,0,0,1,0,1,1,1,00,07,07
2101,2101,0,0,1,0,1,1,1,00,08,07
2102,2102,0,0,1,0,1,1,1,00,08,07
2103,2103,0,0,1,1,1,1,1,00,08,08
2104,2104,0,0,1,1,0,1,1,40,09,08
2105,2105,0,0,1,1,0,1,1,40,09,08
2106,2106,0,0,1,1,0,1,1,40,09,09
2107,2107,0,0,1,1,0,1,1,40,09,09
2108,2108,0,0,1,1,0,1,1,40,09,09
2109,2109,0,0,1,1,0,1,1,60,0a,09
2110,2110,0,0,1,1,0,1,1,60,0a,09
2111,2111,0,0,1,0,0,1,1,60,0a,0a
2112,2112,0,0,1,0,0,1,1,60,0a,0a
2113,2113,0,0,1,0,0,1,1,30,0b,0a
2114,2114,0,0,1,0,0,1,1,30,0b,0b
2115,2115,0,0,1,0,0,1,1,30,0b,0b
2116,2116,0,0,1,0,0,1,1,18,0c,0b
2117,2117,0,0,1,0,0,1,1,18,0c,0b
2118,2118,0,0,1,0,0,1,1,18,0c,0c
2119,2119,0,0,1,0,0,1,1,0c,0d,0c
2120,2120,0,0,1,0,0,1,1,0c,0d,0c
2121,2121,0,0,1,0,0,1,1,0c,0d,0d
2122,2122,0,0,1,0,0,1,1,0c,0d,0d
2123,2123,0,0,1,0,1,1,1,06,0e,0d
2124,2124,0,0,1,0,1,1,1,06,0e,0e
2125,2125,0,0,1,0,1,1,1,06,0e,0e
2126,2126,0,0,1,0,0,1,1,03,0f,0e
2127,2127,0,0,1,0,0,1,1,03,0f,0e
2128,2128,0,0,1,0,0,1,1,03,0f,0f
2129,2129,0,0,1,0,0,1,1,03,10,0f
2130,2130,0,0,1,0,0,1,1,03,10,0f
2131,2131,0,0,1,0,0,1,1,03,10,10
2132,2132,0,0,1,0,0,1,1,03,10,10
2133,2133,0,0,1,0,0,1,1,03,11,10
2134,2134,0,0,1,0,0,1,1,03,11,11
2135,2135,0,0,1,0,0,1,1,03,11,11
2136,2136,0,0,1,0,0,1,1,03,11,11
2137,2137,0,0,1,0,0,1,1,03,11,11
2138,2138,0,0,1,0,0,1,1,03,12,11
2139,2139,0,0,1,0,0,1,1,03,12,12
2140,2140,0,0,1,0,0,1,1,03,12,12
2141,2141,0,0,1,0,0,1,1,03,13,12
2142,2142,0,0,1,0,0,1,1,03,13,12
2143,2143,0,0,1,0,0,1,1,03,13,13
2144,2144,0,0,1,0,0,1,1,03,14,13
2145,2145,0,0,1,0,0,1,1,03,14,13
2146,2146,0,0,1,0,0,1,1,03,14,14
2147,2147,0,0,1,0,0,1,1,03,14,14
2148,2148,0,0,1,0,0,1,1,03,15,14
2149,2149,0,0,1,1,0,1,1,03,15,15
2150,2150,0,0,1,1,0,1,1,03,15,15
2151,2151,0,0,1,1,0,1,1,03,16,15
2152,2152,0,0,1,1,0,1,1,03,16,15
2153,2153,0,0,1,0,0,1,1,03,16,16
2154,2154,0,0,1,0,0,1,1,03,17,16
2155,2155,0,0,1,0,0,1,1,03,17,16
2156,2156,0,0,1,0,0,1,1,03,17,17
2157,2157,0,0,1,0,0,1,1,03,17,17
2158,2158,0,0,1,0,0,1,1,03,18,17
2159,2159,0,0,1,1,0,1,1,03,18,18
2160,2160,0,0,1,1,0,1,1,03,18,18
2161,2161,0,0,1,1,0,1,1,03,19,18
2162,2162,0,0,1,1,0,1,1,03,19,18
2163,2163,0,0,1,1,0,1,1,03,19,19
2164,2164,0,0,1,1,0,1,1,03,19,19
2165,2165,0,0,1,1,0,1,1,03,19,19
2166,2166,0,0,1,1,0,1,1,03,19,19
2167,2167,0,0,1,1,0,1,1,03,19,19
2168,2168,0,0,1,1,0,1,1,03,19,19
2169,2169,0,0,1,1,0,1,1,03,19,19
2170,2170,0,0,1,1,0,1,1,03,19,19
2171,2171,0,0,1,1,0,1,1,03,19,19
2172,2172,0,0,1,1,0,1,1,03,19,19
2173,2173,0,0,1,1,0,1,1,03,19,19
2174,2174,0,0,1,0,0,1,1,03,19,19
2175,2175,0,0,1,0,0,1,1,03,19,19
2176,2176,0,0,1,0,0,1,1,03,1a,19
2177,2177,0,0,1,0,0,1,1,03,1a,19
2178,2178,0,0,1,0,0,1,1,03,1a,1a
2179,2179,0,0,1,0,0,1,1,03,1b,1a
2180,2180,0,0,1,0,0,1,1,03,1b,1a
2181,2181,0,0,1,1,0,1,1,03,1b,1b
2182,2182,0,0,1,1,0,1,1,03,1b,1b
2183,2183,0,0,1,1,0,1,1,03,1c,1b
2184,2184,0,0,1,0,0,1,1,03,1c,1c
2185,2185,0,0,1,0,0,1,1,03,1c,1c
2186,2186,0,0,1,0,0,1,1,03,1d,1c
2187,2187,0,0,1,0,0,1,1,03,1d,1c
2188,2188,0,0,1,0,0,1,1,03,1d,1d
2189,2189,0,0,1,0,0,1,1,03,1e,1d
2190,2190,0,0,1,0,0,1,1,03,1e,1d
2191,2191,0,0,1,0,0,1,1,03,1e,1e
2192,2192,0,0,1,0,0,1,1,03,1e,1e
2193,2193,0,0,1,0,0,1,1,03,1f,1e
2194,2194,0,0,1,0,0,1,1,03,1f,1f
2195,2195,0,0,1,0,0,1,1,03,1f,1f
2196,2196,0,0,1,0,0,1,1,03,20,1f
2197,2197,0,0,1,0,0,1,1,03,20,1f
2198,2198,0,0,1,0,0,1,1,03,20,20
2199,2199,0,0,1,0,0,1,1,03,20,20
2200,2200,0,0,1,0,0,1,1,03,20,20
2201,2201,0,0,1,0,0,1,1,03,20,20
2202,2202,0,0,1,0,0,1,1,03,20,20
2203,2203,0,0,1,0,0,1,1,03,20,20
2204,2204,0,0,1,0,0,1,1,03,20,20
2205,2205,0,0,1,0,0,1,1,03,20,20
2206,2206,0,0,1,0,0,1,1,03,20,20
2207,2207,0,0,1,0,0,1,1,03,20,20
2208,2208,0,0,1,0,0,1,1,03,20,20
2209,2209,0,0,1,0,0,1,1,03,20,20
2210,2210,0,0,1,0,0,1,1,03,20,20
2211,2211,0,0,1,0,0,1,1,03,21,20
2212,2212,0,0,1,0,0,1,1,03,21,20
2213,2213,0,0,0,0,0,1,1,03,21,21
2214,2214,0,0,0,0,0,1,0,00,00,21
2215,2215,0,0,0,0,0,1,0,00,00,21
2216,2216,0,0,0,0,0,1,0,00,00,00
2217,2217,0,0,0,0,0,1,0,00,00,00
2218,2218,0,0,0,0,0,1,0,00,00,00
2219,2219,0,0,0,0,0,1,0,00,00,00
2220,2220,0,0,0,0,0,1,0,00,00,00
2221,2221,0,0,0,0,0,1,0,00,00,00
2222,2222,0,0,0,0,0,1,0,00,00,00
2223,2223,0,0,0,0,0,1,0,00,00,00
2224,2224,0,0,0,0,0,1,0,00,00,00
2225,2225,0,0,0,0,0,1,0,00,00,00
2226,2226,0,0,0,0,0,1,0,00,00,00
2227,2227,0,0,0,0,0,1,0,00,00,00
2228,2228,0,0,0,0,0,1,0,00,00,00
2229,2229,0,0,0,0,0,1,0,00,00,00
2230,2230,0,0,0,0,0,1,0,00,00,00
2231,2231,0,0,0,0,0,1,0,00,00,00
2232,2232,0,0,0,0,0,1,0,00,00,00
2233,2233,0,0,0,0,0,1,0,00,00,00
2234,2234,0,0,0,0,0,1,0,00,00,00
2235,2235,0,0,0,0,0,1,0,00,00,00
2236,2236,0,0,0,0,0,1,0,00,00,00
2237,2237,0,0,0,0,0,1,0,00,00,00
2238,2238,0,0,0,0,0,1,0,00,00,00
2239,2239,0,0,0,0,0,1,0,00,00,00
2240,2240,0,0,0,0,0,1,0,00,00,00
2241,2241,0,0,1,0,0,1,0,00,00,00
2242,2242,0,0,1,0,0,1,0,00,00,00
2243,2243,0,0,1,0,0,1,0,00,00,00
2244,2244,0,0,1,0,0,1,0,00,00,00
2245,2245,0,0,1,0,0,1,0,00,00,00
2246,2246,0,0,1,0,0,1,0,00,00,00
2247,2247,0,0,1,0,0,1,0,00,00,00
2248,2248,0,0,1,0,0,1,0,00,00,00
2249,2249,0,0,1,0,0,1,0,00,00,00
2250,2250,0,0,1,0,0,1,0,00,00,00
2251,2251,0,0,1,0,0,1,0,00,00,00
2252,2252,0,0,1,0,0,1,0,00,00,00
2253,2253,0,0,1,0,0,1,0,00,00,00
2254,2254,0,0,1,0,0,1,1,00,01,00
2255,2255,0,0,1,0,0,1,1,00,01,00
2256,2256,0,0,1,0,0,1,1,00,01,01
2257,2257,0,0,1,0,0,1,1,00,01,01
2258,2258,0,0,1,0,0,1,1,00,01,01
2259,2259,0,0,1,0,0,1,1,00,01,01
2260,2260,0,0,1,0,0,1,1,00,01,01
2261,2261,0,0,1,0,0,1,1,00,01,01
2262,2262,0,0,1,0,0,1,1,00,01,01
2263,2263,0,0,1,0,0,1,1,00,01,01
2264,2264,0,0,1,0,0,1,1,00,01,01
2265,2265,0,0,1,0,0,1,1,00,01,01
2266,2266,0,0,1,0,0,1,1,00,01,01
2267,2267,0,0,1,0,0,1,1,00,01,01
2268,2268,0,0,1,0,0,1,1,00,01,01
2269,2269,0,0,1,0,0,1,1,00,01,01
2270,2270,0,0,1,0,0,1,1,00,01,01
2271,2271,0,0,1,0,0,1,1,00,01,01
2272,2272,0,0,1,0,0,1,1,00,01,01
2273,2273,0,0,1,0,0,1,1,00,01,01
2274,2274,0,0,1,0,0,1,1,00,02,01
2275,2275,0,0,1,0,0,1,1,00,02,01
2276,2276,0,0,1,0,0,1,1,00,02,02
2277,2277,0,0,1,0,0,1,1,00,02,02
2278,2278,0,0,1,0,0,1,1,00,03,02
2279,2279,0,0,1,0,0,1,1,00,03,03
2280,2280,0,0,1,0,0,1,1,00,03,03
2281,2281,0,0,1,0,0,1,1,00,04,03
2282,2282,0,0,1,0,0,1,1,00,04,03
2283,2283,0,0,1,0,1,1,1,00,04,04
2284,2284,0,0,1,0,1,1,1,00,05,04
2285,2285,0,0,1,0,1,1,1,00,05,04
2286,2286,0,0,1,0,1,1,1,00,05,05
2287,2287,0,0,1,0,1,1,1,00,05,05
2288,2288,0,0,1,0,1,1,1,00,06,05
2289,2289,0,0,1,0,0,1,1,00,06,06
2290,2290,0,0,1,0,0,1,1,00,06,06
2291,2291,0,0,1,0,0,1,1,00,07,06
2292,2292,0,0,1,0,0,1,1,00,07,06
2293,2293,0,0,1,0,1,1,1,00,07,07
2294,2294,0,0,1,0,1,1,1,00,08,07
2295,2295,0,0,1,0,1,1,1,00,08,07
2296,2296,0,0,1,0,1,1,1,00,08,08
2297,2297,0,0,1,0,1,1,1,00,08,08
2298,2298,0,0,1,0,1,1,1,00,09,08
2299,2299,0,0,1,0,0,1,1,00,09,09
2300,2300,0,0,1,0,0,1,1,00,09,09
2301,2301,0,0,1,0,0,1,1,00,09,09
2302,2302,0,0,1,0,0,1,1,00,09,09
2303,2303,0,0,1,0,0,1,1,00,0a,09
2304,2304,0,0,1,0,0,1,1,00,0a,0a
2305,2305,0,0,1,0,0,1,1,00,0a,0a
2306,2306,0,0,1,0,0,1,1,00,0b,0a
2307,2307,0,0,1,0,0,1,1,00,0b,0a
2308,2308,0,0,1,1,0,1,1,00,0b,0b
2309,2309,0,0,1,1,0,1,1,40,0c,0b
2310,2310,0,0,1,1,0,1,1,40,0c,0b
2311,2311,0,0,1,0,0,1,1,40,0c,0c
2312,2312,0,0,1,0,0,1,1,40,0c,0c
2313,2313,0,0,1,0,0,1,1,20,0d,0c
2314,2314,0,0,1,0,0,1,1,20,0d,0d
2315,2315,0,0,1,0,0,1,1,20,0d,0d
2316,2316,0,0,1,0,0,1,1,10,0e,0d
2317,2317,0,0,1,0,0,1,1,10,0e,0d
2318,2318,0,0,1,0,0,1,1,10,0e,0e
2319,2319,0,0,1,0,0,1,1,08,0f,0e
2320,2320,0,0,1,0,0,1,1,08,0f,0e
2321,2321,0,0,1,0,1,1,1,08,0f,0f
2322,2322,0,0,1,0,1,1,1,08,0f,0f
2323,2323,0,0,1,0,1,1,1,08,10,0f
2324,2324,0,0,1,0,1,1,1,08,10,10
2325,2325,0,0,1,0,1,1,1,08,10,10
2326,2326,0,0,1,0,1,1,1,08,11,10
2327,2327,0,0,1,0,1,1,1,08,11,10
2328,2328,0,0,1,0,0,1,1,08,11,11
2329,2329,0,0,1,0,0,1,1,08,11,11
2330,2330,0,0,1,0,0,1,1,08,11,11
2331,2331,0,0,1,0,0,1,1,08,11,11
2332,2332,0,0,1,0,0,1,1,08,11,11
2333,2333,0,0,1,0,0,1,1,08,11,11
2334,2334,0,0,1,0,0,1,1,08,11,11
2335,2335,0,0,1,0,0,1,1,08,11,11
2336,2336,0,0,1,0,0,1,1,08,11,11
2337,2337,0,0,1,0,0,1,1,08,11,11
2338,2338,0,0,1,0,0,1,1,08,11,11
2339,2339,0,0,1,0,0,1,1,08,11,11
2340,2340,0,0,1,0,0,1,1,08,11,11
2341,2341,0,0,1,0,0,1,1,08,12,11
2342,2342,0,0,1,0,0,1,1,08,12,11
2343,2343,0,0,0,0,0,1,1,08,12,12
2344,2344,0,0,0,0,0,1,0,00,00,12
2345,2345,0,0,0,0,0,1,0,00,00,12
2346,2346,0,0,0,0,0,1,0,00,00,00
2347,2347,0,0,0,0,0,1,0,00,00,00
2348,2348,0,0,0,0,0,1,0,00,00,00
2349,2349,0,0,0,0,0,1,0,00,00,00
2350,2350,0,0,0,0,0,1,0,00,00,00
2351,2351,0,0,0,0,0,1,0,00,00,00
2352,2352,0,0,0,0,0,1,0,00,00,00
2353,2353,0,0,0,0,0,1,0,00,00,00
2354,2354,0,0,0,0,0,1,0,00,00,00
2355,2355,0,0,0,0,0,1,0,00,00,00
2356,2356,0,0,0,0,0,1,0,00,00,00
2357,2357,0,0,0,0,0,1,0,00,00,00
2358,2358,0,0,0,0,0,1,0,00,00,00
2359,2359,0,0,0,0,0,1,0,00,00,00
2360,2360,0,0,0,0,0,1,0,00,00,00
2361,2361,0,0,0,0,0,1,0,00,00,00
2362,2362,0,0,0,0,0,1,0,00,00,00
2363,2363,0,0,0,0,0,1,0,00,00,00
2364,2364,0,0,0,0,0,1,0,00,00,00
2365,2365,0,0,0,0,0,1,0,00,00,00
2366,2366,0,0,0,0,0,1,0,00,00,00
2367,2367,0,0,0,0,0,1,0,00,00,00
2368,2368,0,0,0,0,0,1,0,00,00,00
2369,2369,0,0,0,0,0,1,0,00,00,00
2370,2370,0,0,0,0,0,1,0,00,00,00
2371,2371,0,0,1,0,0,1,0,00,00,00
2372,2372,0,0,1,0,0,1,0,00,00,00
2373,2373,0,0,1,0,0,1,0,00,00,00
2374,2374,0,0,1,0,0,1,0,00,00,00
2375,2375,0,0,1,0,0,1,0,00,00,00
2376,2376,0,0,1,0,0,1,0,00,00,00
2377,2377,0,0,1,0,0,1,0,00,00,00
2378,2378,0,0,1,0,0,1,0,00,00,00
2379,2379,0,0,1,0,0,1,0,00,00,00
2380,2380,0,0,1,0,0,1,0,00,00,00
2381,2381,0,0,1,0,0,1,0,00,00,00
2382,2382,0,0,1,0,0,1,0,00,00,00
2383,2383,0,0,1,0,0,1,0,00,00,00
2384,2384,0,0,1,0,0,1,1,00,01,00
2385,2385,0,0,1,0,0,1,1,00,01,00
2386,2386,0,0,1,0,0,1,1,00,01,01
2387,2387,0,0,1,0,0,1,1,00,01,01
2388,2388,0,0,1,0,0,1,1,00,01,01
2389,2389,0,0,1,0,0,1,1,00,01,01
2390,2390,0,0,1,0,0,1,1,00,01,01
2391,2391,0,0,1,0,0,1,1,00,01,01
2392,2392,0,0,1,0,0,1,1,00,01,01
2393,2393,0,0,1,0,0,1,1,00,01,01
2394,2394,0,0,1,0,0,1,1,00,01,01
2395,2395,0,0,1,0,0,1,1,00,01,01
2396,2396,0,0,1,0,0,1,1,00,01,01
2397,2397,0,0,1,0,0,1,1,00,01,01
2398,2398,0,0,1,0,0,1,1,00,01,01
2399,2399,0,0,1,0,0,1,1,00,01,01
2400,2400,0,0,1,0,0,1,1,00,01,01
2401,2401,0,0,1,0,0,1,1,00,01,01
2402,2402,0,0,1,0,0,1,1,00,01,01
2403,2403,0,0,1,1,0,1,1,00,01,01
2404,2404,0,0,1,1,0,1,1,00,02,01
2405,2405,0,0,1,1,0,1,1,00,02,01
2406,2406,0,0,1,0,0,1,1,00,02,02
2407,2407,0,0,1,0,0,1,1,00,02,02
2408,2408,0,0,1,0,0,1,1,00,03,02
2409,2409,0,0,1,0,0,1,1,00,03,03
2410,2410,0,0,1,0,0,1,1,00,03,03
2411,2411,0,0,1,0,0,1,1,00,04,03
2412,2412,0,0,1,0,0,1,1,00,04,03
2413,2413,0,0,1,1,1,1,1,00,04,04
2414,2414,0,0,1,1,1,1,1,00,05,04
2415,2415,0,0,1,1,1,1,1,00,05,04
2416,2416,0,0,1,0,1,1,1,00,05,05
2417,2417,0,0,1,0,1,1,1,00,05,05
2418,2418,0,0,1,0,1,1,1,00,06,05
2419,2419,0,0,1,1,0,1,1,00,06,06
2420,2420,0,0,1,1,0,1,1,00,06,06
2421,2421,0,0,1,1,0,1,1,00,07,06
2422,2422,0,0,1,1,0,1,1,00,07,06
2423,2423,0,0,1,0,1,1,1,00,07,07
2424,2424,0,0,1,0,1,1,1,00,08,07
2425,2425,0,0,1,0,1,1,1,00,08,07
2426,2426,0,0,1,1,1,1,1,00,08,08
2427,2427,0,0,1,1,1,1,1,00,08,08
2428,2428,0,0,1,1,0,1,1,40,09,08
2429,2429,0,0,1,1,0,1,1,40,09,09
2430,2430,0,0,1,1,0,1,1,40,09,09
2431,2431,0,0,1,1,0,1,1,40,09,09
2432,2432,0,0,1,1,0,1,1,40,09,09
2433,2433,0,0,1,1,0,1,1,60,0a,09
2434,2434,0,0,1,0,0,1,1,60,0a,0a
2435,2435,0,0,1,0,0,1,1,60,0a,0a
2436,2436,0,0,1,0,0,1,1,30,0b,0a
2437,2437,0,0,1,0,0,1,1,30,0b,0a
2438,2438,0,0,1,0,0,1,1,30,0b,0b
2439,2439,0,0,1,0,0,1,1,18,0c,0b
2440,2440,0,0,1,0,0,1,1,18,0c,0b
2441,2441,0,0,1,0,0,1,1,18,0c,0c
2442,2442,0,0,1,0,0,1,1,18,0c,0c
2443,2443,0,0,1,0,0,1,1,0c,0d,0c
2444,2444,0,0,1,0,0,1,1,0c,0d,0d
2445,2445,0,0,1,0,0,1,1,0c,0d,0d
2446,2446,0,0,1,0,1,1,1,06,0e,0d
2447,2447,0,0,1,0,1,1,1,06,0e,0d
2448,2448,0,0,1,0,1,1,1,06,0e,0e
2449,2449,0,0,1,0,0,1,1,03,0f,0e
2450,2450,0,0,1,0,0,1,1,03,0f,0e
2451,2451,0,0,1,0,0,1,1,03,0f,0f
2452,2452,0,0,1,0,0,1,1,03,0f,0f
2453,2453,0,0,1,0,0,1,1,03,10,0f
2454,2454,0,0,1,0,0,1,1,03,10,10
2455,2455,0,0,1,0,0,1,1,03,10,10
2456,2456,0,0,1,0,0,1,1,03,11,10
2457,2457,0,0,1,0,0,1,1,03,11,10
2458,2458,0,0,1,0,0,1,1,03,11,11
2459,2459,0,0,1,0,0,1,1,03,11,11
2460,2460,0,0,1,0,0,1,1,03,11,11
2461,2461,0,0,1,0,0,1,1,03,12,11
2462,2462,0,0,1,0,0,1,1,03,12,11
2463,2463,0,0,1,0,0,1,1,03,12,12
2464,2464,0,0,1,0,0,1,1,03,13,12
2465,2465,0,0,1,0,0,1,1,03,13,12
2466,2466,0,0,1,0,0,1,1,03,13,13
2467,2467,0,0,1,0,0,1,1,03,13,13
2468,2468,0,0,1,0,0,1,1,03,14,13
2469,2469,0,0,1,0,0,1,1,03,14,14
2470,2470,0,0,1,0,0,1,1,03,14,14
2471,2471,0,0,1,0,0,1,1,03,15,14
2472,2472,0,0,1,0,0,1,1,03,15,14
2473,2473,0,0,1,0,0,1,1,03,15,15
2474,2474,0,0,1,0,0,1,1,03,16,15
2475,2475,0,0,1,0,0,1,1,03,16,15
2476,2476,0,0,1,0,0,1,1,03,16,16
2477,2477,0,0,1,0,0,1,1,03,16,16
2478,2478,0,0,1,0,0,1,1,03,17,16
2479,2479,0,0,1,0,0,1,1,03,17,17
2480,2480,0,0,1,0,0,1,1,03,17,17
2481,2481,0,0,1,0,0,1,1,03,18,17
2482,2482,0,0,1,0,0,1,1,03,18,17
2483,2483,0,0,1,0,0,1,1,03,18,18
2484,2484,0,0,1,0,0,1,1,03,19,18
2485,2485,0,0,1,0,0,1,1,03,19,18
2486,2486,0,0,1,0,0,1,1,03,19,19
2487,2487,0,0,1,0,0,1,1,03,19,19
2488,2488,0,0,1,0,0,1,1,03,19,19
2489,2489,0,0,1,0,0,1,1,03,1a,19
2490,2490,0,0,1,0,0,1,1,03,1a,19
2491,2491,0,0,1,0,0,1,1,03,1a,1a
2492,2492,0,0,1,0,0,1,1,03,1a,1a
2493,2493,0,0,1,0,0,1,1,03,1b,1a
2494,2494,0,0,1,0,0,1,1,03,1b,1b
2495,2495,0,0,1,0,0,1,1,03,1b,1b
2496,2496,0,0,1,0,0,1,1,03,1c,1b
2497,2497,0,0,1,0,0,1,1,03,1c,1b
2498,2498,0,0,1,0,0,1,1,03,1c,1c
2499,2499,0,0,1,0,0,1,1,03,1d,1c
2500,2500,0,0,1,0,0,1,1,03,1d,1c
2501,2501,0,0,1,0,0,1,1,03,1d,1d
2502,2502,0,0,1,0,0,1,1,03,1d,1d
2503,2503,0,0,1,0,0,1,1,03,1e,1d
2504,2504,0,0,1,0,0,1,1,03,1e,1e
2505,2505,0,0,1,0,0,1,1,03,1e,1e
2506,2506,0,0,1,0,0,1,1,03,1f,1e
2507,2507,0,0,1,0,0,1,1,03,1f,1e
2508,2508,0,0,1,0,0,1,1,03,1f,1f
2509,2509,0,0,1,0,0,1,1,03,20,1f
2510,2510,0,0,1,0,0,1,1,03,20,1f
2511,2511,0,0,1,0,0,1,1,03,20,20
2512,2512,0,0,1,0,0,1,1,03,20,20
2513,2513,0,0,1,0,0,1,1,03,21,20
2514,2514,0,0,1,0,0,1,1,03,21,21
2515,2515,0,0,1,0,0,1,1,03,21,21
2516,2516,0,0,1,0,0,1,1,03,21,21
2517,2517,0,0,1,0,0,1,1,03,21,21
2518,2518,0,0,1,0,0,1,1,03,21,21
2519,2519,0,0,1,0,0,1,1,03,21,21
2520,2520,0,0,1,0,0,1,1,03,21,21
2521,2521,0,0,1,0,0,1,1,03,21,21
2522,2522,0,0,1,0,0,1,1,03,21,21
2523,2523,0,0,1,0,0,1,1,03,21,21
2524,2524,0,0,1,0,0,1,1,03,21,21
2525,2525,0,0,1,0,0,1,1,03,21,21
2526,2526,0,0,1,0,0,1,1,03,21,21
2527,2527,0,0,1,0,0,1,1,03,21,21
2528,2528,0,0,1,0,0,1,1,03,22,21
2529,2529,0,0,1,0,0,1,1,03,22,22
2530,2530,0,0,1,0,0,1,1,03,22,22
2531,2531,0,0,1,0,0,1,1,03,23,22
2532,2532,0,0,1,0,0,1,1,03,23,22
2533,2533,0,0,1,0,0,1,1,03,23,23
2534,2534,0,0,1,0,0,1,1,03,24,23
2535,2535,0,0,1,0,0,1,1,03,24,23
2536,2536,0,0,1,0,0,1,1,03,24,24
2537,2537,0,0,1,0,0,1,1,03,24,24
2538,2538,0,0,1,0,0,1,1,03,25,24
2539,2539,0,0,1,0,0,1,1,03,25,25
2540,2540,0,0,1,0,0,1,1,03,25,25
2541,2541,0,0,1,0,0,1,1,03,25,25
2542,2542,0,0,1,0,0,1,1,03,25,25
2543,2543,0,0,1,0,0,1,1,03,25,25
2544,2544,0,0,1,0,0,1,1,03,25,25
2545,2545,0,0,1,0,0,1,1,03,25,25
2546,2546,0,0,1,0,0,1,1,03,25,25
2547,2547,0,0,1,0,0,1,1,03,25,25
2548,2548,0,0,1,0,0,1,1,03,25,25
2549,2549,0,0,1,0,0,1,1,03,25,25
2550,2550,0,0,1,0,0,1,1,03,25,25
2551,2551,0,0,1,0,0,1,1,03,25,25
2552,2552,0,0,1,0,0,1,1,03,25,25
2553,2553,0,0,1,0,0,1,1,03,26,25
2554,2554,0,0,0,0,0,1,1,03,26,26
2555,2555,0,0,0,0,0,1,1,03,26,26
2556,2556,0,0,0,0,0,1,0,00,00,26
2557,2557,0,0,0,0,0,1,0,00,00,26
2558,2558,0,0,0,0,0,1,0,00,00,00
2559,2559,0,0,0,0,0,1,0,00,00,00
2560,2560,0,0,0,0,0,1,0,00,00,00
2561,2561,0,0,0,0,0,1,0,00,00,00
2562,2562,0,0,0,0,0,1,0,00,00,00
2563,2563,0,0,0,0,0,1,0,00,00,00
2564,2564,0,0,0,0,0,1,0,00,00,00
2565,2565,0,0,0,0,0,1,0,00,00,00
2566,2566,0,0,0,0,0,1,0,00,00,00
2567,2567,0,0,0,0,0,1,0,00,00,00
2568,2568,0,0,0,0,0,1,0,00,00,00
2569,2569,0,0,0,0,0,1,0,00,00,00
2570,2570,0,0,0,0,0,1,0,00,00,00
2571,2571,0,0,0,0,0,1,0,00,00,00
2572,2572,0,0,0,0,0,1,0,00,00,00
2573,2573,0,0,0,0,0,1,0,00,00,00
2574,2574,0,0,0,0,0,1,0,00,00,00
2575,2575,0,0,0,0,0,1,0,00,00,00
2576,2576,0,0,0,0,0,1,0,00,00,00
2577,2577,0,0,0,0,0,1,0,00,00,00
2578,2578,0,0,0,0,0,1,0,00,00,00
2579,2579,0,0,0,0,0,1,0,00,00,00
2580,2580,0,0,0,0,0,1,0,00,00,00
2581,2581,0,0,0,0,0,1,0,00,00,00
2582,2582,0,0,0,0,0,1,0,00,00,00
2583,2583,0,0,0,0,0,1,0,00,00,00
2584,2584,0,0,0,0,0,1,0,00,00,00
2585,2585,0,0,0,0,0,1,0,00,00,00
2586,2586,0,0,0,1,0,1,0,00,00,00
2587,2587,0,0,0,1,0,1,0,00,00,00
2588,2588,0,0,0,1,0,1,0,00,00,00
2589,2589,0,0,0,1,0,1,0,00,00,00
2590,2590,0,0,0,1,0,1,0,00,00,00
2591,2591,0,0,0,1,0,1,0,00,00,00
2592,2592,0,0,0,1,0,1,0,00,00,00
2593,2593,0,0,0,1,0,1,0,00,00,00
2594,2594,0,0,0,1,0,1,0,00,00,00
2595,2595,0,0,0,1,0,1,0,00,00,00
2596,2596,0,0,0,1,0,1,0,00,00,00
2597,2597,0,0,0,1,0,1,0,00,00,00
2598,2598,0,0,0,1,0,1,0,00,00,00
2599,2599,0,0,0,1,0,1,0,00,00,00
2600,2600,0,0,0,1,0,1,0,00,00,00
2601,2601,0,0,0,0,0,1,0,00,00,00
2602,2602,0,0,0,0,0,1,0,00,00,00
2603,2603,0,0,0,0,0,1,0,00,00,00
2604,2604,0,0,0,0,0,1,0,00,00,00
2605,2605,0,0,0,0,0,1,0,00,00,00
2606,2606,0,0,0,0,0,1,0,00,00,00
2607,2607,0,0,0,0,0,1,0,00,00,00
2608,2608,0,0,0,0,0,1,0,00,00,00
2609,2609,0,0,0,0,0,1,0,00,00,00
2610,2610,0,0,0,0,0,1,0,00,00,00
2611,2611,0,0,0,0,0,1,0,00,00,00
2612,2612,0,0,0,0,0,1,0,00,00,00
2613,2613,0,0,0,0,0,1,0,00,00,00
2614,2614,0,0,0,0,0,1,0,00,00,00
2615,2615,0,0,0,0,0,1,0,00,00,00
2616,2616,0,0,0,0,0,1,0,00,00,00
2617,2617,0,0,0,0,0,1,0,00,00,00
2618,2618,0,0,0,0,0,1,0,00,00,00
2619,2619,0,0,0,0,0,1,0,00,00,00
2620,2620,0,0,0,0,0,1,0,00,00,00
2621,2621,0,0,0,0,0,1,0,00,00,00
2622,2622,0,0,0,0,0,1,0,00,00,00
2623,2623,0,0,0,0,0,1,0,00,00,00
2624,2624,0,0,0,0,0,1,0,00,00,00
2625,2625,0,0,0,0,0,1,0,00,00,00
2626,2626,0,0,0,0,0,1,0,00,00,00
2627,2627,0,0,0,0,0,1,0,00,00,00
2628,2628,0,0,0,0,0,1,0,00,00,00
2629,2629,0,0,0,0,0,1,0,00,00,00
2630,2630,0,0,0,0,0,1,0,00,00,00
2631,2631,0,0,0,0,0,1,0,00,00,00
2632,2632,0,0,0,0,0,1,0,00,00,00
2633,2633,0,0,0,0,0,1,0,00,00,00
2634,2634,0,0,0,0,0,1,0,00,00,00
2635,2635,0,0,0,1,0,1,0,00,00,00
2636,2636,0,0,0,1,0,1,0,00,00,00
2637,2637,0,0,0,1,0,1,0,00,00,00
2638,2638,0,0,0,1,0,1,0,00,00,00
2639,2639,0,0,0,1,0,1,0,00,00,00
2640,2640,0,0,0,1,0,1,0,00,00,00
2641,2641,0,0,0,1,0,1,0,00,00,00
2642,2642,0,0,0,1,0,1,0,00,00,00
2643,2643,0,0,0,1,0,1,0,00,00,00
2644,2644,0,0,0,1,0,1,0,00,00,00
2645,2645,0,0,0,1,0,1,0,00,00,00
2646,2646,0,0,0,1,0,1,0,00,00,00
2647,2647,0,0,0,1,0,1,0,00,00,00
2648,2648,0,0,0,1,0,1,0,00,00,00
2649,2649,0,0,0,1,0,1,0,00,00,00
2650,2650,0,0,0,1,0,1,0,00,00,00
2651,2651,0,0,0,1,0,1,0,00,00,00
2652,2652,0,0,0,1,0,1,0,00,00,00
2653,2653,0,0,0,1,0,1,0,00,00,00
2654,2654,0,0,0,1,0,1,0,00,00,00
2655,2655,0,0,0,1,0,1,0,00,00,00
2656,2656,0,0,0,1,0,1,0,00,00,00
2657,2657,0,0,0,1,0,1,0,00,00,00
2658,2658,0,0,0,1,0,1,0,00,00,00
2659,2659,0,0,0,1,0,1,0,00,00,00
2660,2660,0,0,0,1,0,1,0,00,00,00
2661,2661,0,0,0,1,0,1,0,00,00,00
2662,2662,0,0,0,1,0,1,0,00,00,00
2663,2663,0,0,0,1,0,1,0,00,00,00
2664,2664,0,0,0,1,0,1,0,00,00,00
2665,2665,0,0,0,1,0,1,0,00,00,00
2666,2666,0,0,0,1,0,1,0,00,00,00
2667,2667,0,0,0,1,0,1,0,00,00,00
2668,2668,0,0,0,1,0,1,0,00,00,00
2669,2669,0,0,0,1,0,1,0,00,00,00
2670,2670,0,0,0,1,0,1,0,00,00,00
2671,2671,0,0,0,1,0,1,0,00,00,00
2672,2672,0,0,0,1,0,1,0,00,00,00
2673,2673,0,0,0,1,0,1,0,00,00,00
2674,2674,0,0,0,1,0,1,0,00,00,00
2675,2675,0,0,0,1,0,1,0,00,00,00
2676,2676,0,0,0,1,0,1,0,00,00,00
2677,2677,0,0,0,1,0,1,0,00,00,00
2678,2678,0,0,0,1,0,1,0,00,00,00
2679,2679,0,0,0,1,0,1,0,00,00,00
2680,2680,0,0,0,1,0,1,0,00,00,00
2681,2681,0,0,0,1,0,1,0,00,00,00
2682,2682,0,0,0,1,0,1,0,00,00,00
2683,2683,0,0,0,1,0,1,0,00,00,00
2684,2684,0,0,0,1,0,1,0,00,00,00
2685,2685,0,0,0,1,0,1,0,00,00,00
2686,2686,0,0,0,1,0,1,0,00,00,00
2687,2687,0,0,0,1,0,1,0,00,00,00
2688,2688,0,0,0,1,0,1,0,00,00,00
2689,2689,0,0,0,1,0,1,0,00,00,00
2690,2690,0,0,0,1,0,1,0,00,00,00
2691,2691,0,0,0,0,0,1,0,00,00,00
2692,2692,0,0,0,0,0,1,0,00,00,00
2693,2693,0,0,0,0,0,1,0,00,00,00
2694,2694,0,0,0,0,0,1,0,00,00,00
2695,2695,0,0,0,0,0,1,0,00,00,00
2696,2696,0,0,0,0,0,1,0,00,00,00
2697,2697,0,0,0,0,0,1,0,00,00,00
2698,2698,0,0,0,0,0,1,0,00,00,00
2699,2699,0,0,0,0,0,1,0,00,00,00
2700,2700,0,0,0,0,0,1,0,00,00,00
2701,2701,0,0,0,0,0,1,0,00,00,00
2702,2702,0,0,0,0,0,1,0,00,00,00
2703,2703,0,0,0,0,0,1,0,00,00,00
2704,2704,0,0,0,0,0,1,0,00,00,00
2705,2705,0,0,0,0,0,1,0,00,00,00
2706,2706,0,0,0,0,0,1,0,00,00,00
2707,2707,0,0,0,0,0,1,0,00,00,00
2708,2708,0,0,0,0,0,1,0,00,00,00
2709,2709,0,0,0,0,0,1,0,00,00,00
2710,2710,0,0,0,0,0,1,0,00,00,00
2711,2711,0,0,0,0,0,1,0,00,00,00
2712,2712,0,0,0,0,0,1,0,00,00,00
2713,2713,0,0,0,0,0,1,0,00,00,00
2714,2714,0,0,0,0,0,1,0,00,00,00
2715,2715,0,0,0,0,0,1,0,00,00,00
2716,2716,0,0,0,0,0,1,0,00,00,00
2717,2717,0,0,0,0,0,1,0,00,00,00
2718,2718,0,0,0,0,0,1,0,00,00,00
2719,2719,0,0,0,0,0,1,0,00,00,00
2720,2720,0,0,0,1,0,1,0,00,00,00
2721,2721,0,0,0,1,0,1,0,00,00,00
2722,2722,0,0,0,1,0,1,0,00,00,00
2723,2723,0,0,0,1,0,1,0,00,00,00
2724,2724,0,0,0,1,0,1,0,00,00,00
2725,2725,0,0,0,1,0,1,0,00,00,00
2726,2726,0,0,0,1,0,1,0,00,00,00
2727,2727,0,0,0,1,0,1,0,00,00,00
2728,2728,0,0,0,1,0,1,0,00,00,00
2729,2729,0,0,0,1,0,1,0,00,00,00
2730,2730,0,0,0,1,0,1,0,00,00,00
2731,2731,0,0,0,1,0,1,0,00,00,00
2732,2732,0,0,0,1,0,1,0,00,00,00
2733,2733,0,0,0,1,0,1,0,00,00,00
2734,2734,0,0,0,1,0,1,0,00,00,00
2735,2735,0,0,0,0,0,1,0,00,00,00
2736,2736,0,0,0,0,0,1,0,00,00,00
2737,2737,0,0,0,0,0,1,0,00,00,00
2738,2738,0,0,0,0,0,1,0,00,00,00
2739,2739,0,0,0,0,0,1,0,00,00,00
2740,2740,0,0,0,0,0,1,0,00,00,00
2741,2741,0,0,0,0,0,1,0,00,00,00
2742,2742,0,0,0,0,0,1,0,00,00,00
2743,2743,0,0,0,0,0,1,0,00,00,00
2744,2744,0,0,0,0,0,1,0,00,00,00
2745,2745,0,0,0,0,0,1,0,00,00,00
2746,2746,0,0,0,0,0,1,0,00,00,00
2747,2747,0,0,0,0,0,1,0,00,00,00
2748,2748,0,0,0,0,0,1,0,00,00,00
2749,2749,0,0,0,0,0,1,0,00,00,00
2750,2750,0,0,0,0,0,1,0,00,00,00
2751,2751,0,0,0,0,0,1,0,00,00,00
2752,2752,0,0,0,0,0,1,0,00,00,00
2753,2753,0,0,0,0,0,1,0,00,00,00
2754,2754,0,0,0,0,0,1,0,00,00,00
2755,2755,0,0,0,0,0,1,0,00,00,00
2756,2756,0,0,0,0,0,1,0,00,00,00
2757,2757,0,0,0,0,0,1,0,00,00,00
2758,2758,0,0,0,0,0,1,0,00,00,00
2759,2759,0,0,0,0,0,1,0,00,00,00
2760,2760,0,0,0,0,0,1,0,00,00,00
2761,2761,0,0,0,0,0,1,0,00,00,00
2762,2762,0,0,0,0,0,1,0,00,00,00
2763,2763,0,0,0,0,0,1,0,00,00,00
2764,2764,0,0,0,0,0,1,0,00,00,00
2765,2765,0,0,0,0,0,1,0,00,00,00
2766,2766,0,0,0,0,0,1,0,00,00,00
2767,2767,0,0,0,0,0,1,0,00,00,00
2768,2768,0,0,0,1,0,1,0,00,00,00
2769,2769,0,0,0,1,0,1,0,00,00,00
2770,2770,0,0,0,1,0,1,0,00,00,00
2771,2771,0,0,0,1,0,1,0,00,00,00
2772,2772,0,0,0,1,0,1,0,00,00,00
2773,2773,0,0,0,1,0,1,0,00,00,00
2774,2774,0,0,0,1,0,1,0,00,00,00
2775,2775,0,0,0,1,0,1,0,00,00,00
2776,2776,0,0,0,1,0,1,0,00,00,00
2777,2777,0,0,0,1,0,1,0,00,00,00
2778,2778,0,0,0,1,0,1,0,00,00,00
2779,2779,0,0,0,1,0,1,0,00,00,00
2780,2780,0,0,0,1,0,1,0,00,00,00
2781,2781,0,0,0,0,0,1,0,00,00,00
2782,2782,0,0,0,0,0,1,0,00,00,00
2783,2783,0,0,0,0,0,1,0,00,00,00
2784,2784,0,0,0,0,0,1,0,00,00,00
2785,2785,0,0,0,1,0,1,0,00,00,00
2786,2786,0,0,0,1,0,1,0,00,00,00
2787,2787,0,0,0,1,0,1,0,00,00,00
2788,2788,0,0,0,0,0,1,0,00,00,00
2789,2789,0,0,0,0,0,1,0,00,00,00
2790,2790,0,0,0,0,0,1,0,00,00,00
2791,2791,0,0,0,0,0,1,0,00,00,00
2792,2792,0,0,0,0,0,1,0,00,00,00
2793,2793,0,0,0,0,0,1,0,00,00,00
2794,2794,0,0,0,0,0,1,0,00,00,00
2795,2795,0,0,0,0,0,1,0,00,00,00
2796,2796,0,0,0,0,0,1,0,00,00,00
2797,2797,0,0,0,0,0,1,0,00,00,00
2798,2798,0,0,0,0,0,1,0,00,00,00
2799,2799,0,0,0,0,0,1,0,00,00,00
2800,2800,0,0,0,0,0,1,0,00,00,00
2801,2801,0,0,0,0,0,1,0,00,00,00
2802,2802,0,0,0,0,0,1,0,00,00,00
2803,2803,0,0,0,0,0,1,0,00,00,00
2804,2804,0,0,0,0,0,1,0,00,00,00
2805,2805,0,0,0,0,0,1,0,00,00,00
2806,2806,0,0,0,0,0,1,0,00,00,00
2807,2807,0,0,0,0,0,1,0,00,00,00
2808,2808,0,0,0,0,0,1,0,00,00,00
2809,2809,0,0,0,0,0,1,0,00,00,00
2810,2810,0,0,0,0,0,1,0,00,00,00
2811,2811,0,0,0,0,0,1,0,00,00,00
2812,2812,0,0,0,0,0,1,0,00,00,00
2813,2813,0,0,0,0,0,1,0,00,00,00
2814,2814,0,0,0,0,0,1,0,00,00,00
2815,2815,0,0,0,0,0,1,0,00,00,00
2816,2816,0,0,0,0,0,1,0,00,00,00
2817,2817,0,0,0,0,0,1,0,00,00,00
2818,2818,0,0,0,0,0,1,0,00,00,00
2819,2819,0,0,0,0,0,1,0,00,00,00
2820,2820,0,0,0,0,0,1,0,00,00,00
2821,2821,0,0,0,0,0,1,0,00,00,00
2822,2822,0,0,0,0,0,1,0,00,00,00
2823,2823,0,0,0,0,0,1,0,00,00,00
2824,2824,0,0,0,0,0,1,0,00,00,00
2825,2825,0,0,0,0,0,1,0,00,00,00
2826,2826,0,0,0,0,0,1,0,00,00,00
2827,2827,0,0,0,0,0,1,0,00,00,00
2828,2828,0,0,0,0,0,1,0,00,00,00
2829,2829,0,0,0,0,0,1,0,00,00,00
2830,2830,0,0,0,0,0,1,0,00,00,00
2831,2831,0,0,0,0,0,1,0,00,00,00
2832,2832,0,0,0,0,0,1,0,00,00,00
2833,2833,0,0,0,0,0,1,0,00,00,00
2834,2834,0,0,0,0,0,1,0,00,00,00
2835,2835,0,0,0,0,0,1,0,00,00,00
2836,2836,0,0,0,0,0,1,0,00,00,00
2837,2837,0,0,0,0,0,1,0,00,00,00
2838,2838,0,0,0,0,0,1,0,00,00,00
2839,2839,0,0,0,0,0,1,0,00,00,00
2840,2840,0,0,0,0,0,1,0,00,00,00
2841,2841,0,0,0,0,0,1,0,00,00,00
2842,2842,0,0,0,0,0,1,0,00,00,00
2843,2843,0,0,0,0,0,1,0,00,00,00
2844,2844,0,0,0,0,0,1,0,00,00,00
2845,2845,0,0,0,0,0,1,0,00,00,00
2846,2846,0,0,0,0,0,1,0,00,00,00
2847,2847,0,0,0,0,0,1,0,00,00,00
2848,2848,0,0,0,0,0,1,0,00,00,00
2849,2849,0,0,1,0,0,1,0,00,00,00
2850,2850,0,0,1,1,0,1,0,00,00,00
2851,2851,0,0,1,1,0,1,0,00,00,00
2852,2852,0,0,1,1,0,1,0,00,00,00
2853,2853,0,0,1,1,0,1,0,00,00,00
2854,2854,0,0,1,1,0,1,0,00,00,00
2855,2855,0,0,1,1,0,1,0,00,00,00
2856,2856,0,0,1,1,0,1,0,00,00,00
2857,2857,0,0,1,1,0,1,0,00,00,00
2858,2858,0,0,1,1,0,1,0,00,00,00
2859,2859,0,0,1,1,0,1,0,00,00,00
2860,2860,0,0,1,1,0,1,0,00,00,00
2861,2861,0,0,1,0,0,1,0,00,00,00
2862,2862,0,0,1,0,0,1,0,00,00,00
2863,2863,0,0,1,0,0,1,1,00,01,00
2864,2864,0,0,1,0,0,1,1,00,01,01
2865,2865,0,0,1,0,0,1,1,00,01,01
2866,2866,0,0,1,0,0,1,1,00,01,01
2867,2867,0,0,1,0,0,1,1,00,01,01
2868,2868,0,0,1,0,0,1,1,00,01,01
2869,2869,0,0,1,0,0,1,1,00,01,01
2870,2870,0,0,1,0,0,1,1,00,01,01
2871,2871,0,0,1,0,0,1,1,00,01,01
2872,2872,0,0,1,0,0,1,1,00,01,01
2873,2873,0,0,1,0,0,1,1,00,01,01
2874,2874,0,0,1,0,0,1,1,00,01,01
2875,2875,0,0,1,0,0,1,1,00,01,01
2876,2876,0,0,1,0,0,1,1,00,01,01
2877,2877,0,0,1,0,0,1,1,00,01,01
2878,2878,0,0,1,0,0,1,1,00,01,01
2879,2879,0,0,1,0,0,1,1,00,01,01
2880,2880,0,0,1,0,0,1,1,00,01,01
2881,2881,0,0,1,0,0,1,1,00,01,01
2882,2882,0,0,1,0,0,1,1,00,01,01
2883,2883,0,0,1,0,0,1,1,00,02,01
2884,2884,0,0,1,0,0,1,1,00,02,02
2885,2885,0,0,1,0,0,1,1,00,02,02
2886,2886,0,0,1,0,0,1,1,00,03,02
2887,2887,0,0,1,0,0,1,1,00,03,02
2888,2888,0,0,1,0,0,1,1,00,03,03
2889,2889,0,0,1,0,0,1,1,00,04,03
2890,2890,0,0,1,0,0,1,1,00,04,03
2891,2891,0,0,1,0,1,1,1,00,04,04
2892,2892,0,0,1,0,1,1,1,00,04,04
2893,2893,0,0,1,0,1,1,1,00,05,04
2894,2894,0,0,1,0,1,1,1,00,05,05
2895,2895,0,0,1,0,1,1,1,00,05,05
2896,2896,0,0,1,0,1,1,1,00,06,05
2897,2897,0,0,1,0,1,1,1,00,06,05
2898,2898,0,0,1,0,0,1,1,00,06,06
2899,2899,0,0,1,0,0,1,1,00,07,06
2900,2900,0,0,1,0,0,1,1,00,07,06
2901,2901,0,0,1,0,1,1,1,00,07,07
2902,2902,0,0,1,0,1,1,1,00,07,07
2903,2903,0,0,1,0,1,1,1,00,08,07
2904,2904,0,0,1,1,1,1,1,00,08,08
2905,2905,0,0,1,1,1,1,1,00,08,08
2906,2906,0,0,1,1,0,1,1,40,09,08
2907,2907,0,0,1,1,0,1,1,40,09,08
2908,2908,0,0,1,1,0,1,1,40,09,09
2909,2909,0,0,1,1,0,1,1,40,09,09
2910,2910,0,0,1,1,0,1,1,40,09,09
2911,2911,0,0,1,1,0,1,1,60,0a,09
2912,2912,0,0,1,1,0,1,1,60,0a,09
2913,2913,0,0,1,0,0,1,1,60,0a,0a
2914,2914,0,0,1,0,0,1,1,30,0b,0a
2915,2915,0,0,1,0,0,1,1,30,0b,0a
2916,2916,0,0,1,0,0,1,1,30,0b,0b
2917,2917,0,0,1,0,0,1,1,30,0b,0b
2918,2918,0,0,1,0,0,1,1,18,0c,0b
2919,2919,0,0,1,0,0,1,1,18,0c,0c
2920,2920,0,0,1,0,0,1,1,18,0c,0c
2921,2921,0,0,1,0,0,1,1,0c,0d,0c
2922,2922,0,0,1,0,0,1,1,0c,0d,0c
2923,2923,0,0,1,0,0,1,1,0c,0d,0d
2924,2924,0,0,1,0,0,1,1,06,0e,0d
2925,2925,0,0,1,0,1,1,1,06,0e,0d
2926,2926,0,0,1,0,1,1,1,06,0e,0e
2927,2927,0,0,1,0,1,1,1,06,0e,0e
2928,2928,0,0,1,0,0,1,1,03,0f,0e
2929,2929,0,0,1,0,0,1,1,03,0f,0f
2930,2930,0,0,1,0,0,1,1,03,0f,0f
2931,2931,0,0,1,0,0,1,1,03,10,0f
2932,2932,0,0,1,0,0,1,1,03,10,0f
2933,2933,0,0,1,0,0,1,1,03,10,10
2934,2934,0,0,1,0,0,1,1,03,11,10
2935,2935,0,0,1,0,0,1,1,03,11,10
2936,2936,0,0,1,0,0,1,1,03,11,11
2937,2937,0,0,1,0,0,1,1,03,11,11
2938,2938,0,0,1,0,0,1,1,03,11,11
2939,2939,0,0,1,0,0,1,1,03,12,11
2940,2940,0,0,1,0,0,1,1,03,12,11
2941,2941,0,0,1,0,0,1,1,03,12,12
2942,2942,0,0,1,0,0,1,1,03,12,12
2943,2943,0,0,1,0,0,1,1,03,13,12
2944,2944,0,0,1,0,0,1,1,03,13,13
2945,2945,0,0,1,0,0,1,1,03,13,13
2946,2946,0,0,1,0,0,1,1,03,14,13
2947,2947,0,0,1,0,0,1,1,03,14,13
2948,2948,0,0,1,0,0,1,1,03,14,14
2949,2949,0,0,1,0,0,1,1,03,15,14
2950,2950,0,0,1,0,0,1,1,03,15,14
2951,2951,0,0,1,1,0,1,1,03,15,15
2952,2952,0,0,1,1,0,1,1,03,15,15
2953,2953,0,0,1,1,0,1,1,03,16,15
2954,2954,0,0,1,0,0,1,1,03,16,16
2955,2955,0,0,1,0,0,1,1,03,16,16
2956,2956,0,0,1,0,0,1,1,03,17,16
2957,2957,0,0,1,0,0,1,1,03,17,16
2958,2958,0,0,1,0,0,1,1,03,17,17
2959,2959,0,0,1,0,0,1,1,03,18,17
2960,2960,0,0,1,0,0,1,1,03,18,17
2961,2961,0,0,1,1,0,1,1,03,18,18
2962,2962,0,0,1,1,0,1,1,03,18,18
2963,2963,0,0,1,1,0,1,1,03,19,18
2964,2964,0,0,1,1,0,1,1,03,19,19
2965,2965,0,0,1,1,0,1,1,03,19,19
2966,2966,0,0,1,1,0,1,1,03,19,19
2967,2967,0,0,1,1,0,1,1,03,19,19
2968,2968,0,0,1,1,0,1,1,03,19,19
2969,2969,0,0,1,1,0,1,1,03,19,19
2970,2970,0,0,1,1,0,1,1,03,19,19
2971,2971,0,0,1,1,0,1,1,03,19,19
2972,2972,0,0,1,1,0,1,1,03,19,19
2973,2973,0,0,1,1,0,1,1,03,19,19
2974,2974,0,0,1,1,0,1,1,03,19,19
2975,2975,0,0,1,1,0,1,1,03,19,19
2976,2976,0,0,1,0,0,1,1,03,19,19
2977,2977,0,0,1,0,0,1,1,03,19,19
2978,2978,0,0,1,0,0,1,1,03,1a,19
2979,2979,0,0,1,0,0,1,1,03,1a,1a
2980,2980,0,0,1,0,0,1,1,03,1a,1a
2981,2981,0,0,1,0,0,1,1,03,1b,1a
2982,2982,0,0,1,0,0,1,1,03,1b,1a
2983,2983,0,0,1,1,0,1,1,03,1b,1b
2984,2984,0,0,1,1,0,1,1,03,1c,1b
2985,2985,0,0,1,1,0,1,1,03,1c,1b
2986,2986,0,0,1,0,0,1,1,03,1c,1c
2987,2987,0,0,1,0,0,1,1,03,1c,1c
2988,2988,0,0,1,0,0,1,1,03,1d,1c
2989,2989,0,0,1,0,0,1,1,03,1d,1d
2990,2990,0,0,1,0,0,1,1,03,1d,1d
2991,2991,0,0,1,0,0,1,1,03,1e,1d
2992,2992,0,0,1,0,0,1,1,03,1e,1d
2993,2993,0,0,1,0,0,1,1,03,1e,1e
2994,2994,0,0,1,0,0,1,1,03,1f,1e
2995,2995,0,0,1,0,0,1,1,03,1f,1e
2996,2996,0,0,1,0,0,1,1,03,1f,1f
2997,2997,0,0,1,0,0,1,1,03,1f,1f
2998,2998,0,0,1,0,0,1,1,03,20,1f
2999,2999,0,0,1,0,0,1,1,03,20,20
3000,3000,0,0,1,0,0,1,1,03,20,20
3001,3001,0,0,1,0,0,1,1,03,20,20
3002,3002,0,0,1,0,0,1,1,03,20,20
3003,3003,0,0,1,0,0,1,1,03,20,20
3004,3004,0,0,1,0,0,1,1,03,20,20
3005,3005,0,0,1,0,0,1,1,03,20,20
3006,3006,0,0,1,0,0,1,1,03,20,20
3007,3007,0,0,1,0,0,1,1,03,20,20
3008,3008,0,0,1,0,0,1,1,03,20,20
3009,3009,0,0,1,0,0,1,1,03,20,20
3010,3010,0,0,1,0,0,1,1,03,20,20
3011,3011,0,0,1,0,0,1,1,03,20,20
3012,3012,0,0,1,0,0,1,1,03,20,20
3013,3013,0,0,1,0,0,1,1,03,21,20
3014,3014,0,0,0,0,0,1,1,03,21,21
3015,3015,0,0,0,0,0,1,1,03,21,21
3016,3016,0,0,0,0,0,1,0,00,00,21
3017,3017,0,0,0,0,0,1,0,00,00,21
3018,3018,0,0,0,0,0,1,0,00,00,00
3019,3019,0,0,0,0,0,1,0,00,00,00
3020,3020,0,0,0,0,0,1,0,00,00,00
3021,3021,0,0,0,0,0,1,0,00,00,00
3022,3022,0,0,0,0,0,1,0,00,00,00
3023,3023,0,0,0,0,0,1,0,00,00,00
3024,3024,0,0,0,0,0,1,0,00,00,00
3025,3025,0,0,0,0,0,1,0,00,00,00
3026,3026,0,0,0,0,0,1,0,00,00,00
3027,3027,0,0,0,0,0,1,0,00,00,00
3028,3028,0,0,0,0,0,1,0,00,00,00
3029,3029,0,0,0,0,0,1,0,00,00,00
3030,3030,0,0,0,0,0,1,0,00,00,00
3031,3031,0,0,0,0,0,1,0,00,00,00
3032,3032,0,0,0,0,0,1,0,00,00,00
3033,3033,0,0,0,0,0,1,0,00,00,00
3034,3034,0,0,0,0,0,1,0,00,00,00
3035,3035,0,0,0,0,0,1,0,00,00,00
3036,3036,0,0,0,0,0,1,0,00,00,00
3037,3037,0,0,0,0,0,1,0,00,00,00
3038,3038,0,0,0,0,0,1,0,00,00,00
3039,3039,0,0,0,0,0,1,0,00,00,00
3040,3040,0,0,0,0,0,1,0,00,00,00
3041,3041,0,0,0,0,0,1,0,00,00,00
3042,3042,0,0,0,0,0,1,0,00,00,00
3043,3043,0,0,1,0,0,1,0,00,00,00
3044,3044,0,0,1,0,0,1,0,00,00,00
3045,3045,0,0,1,0,0,1,0,00,00,00
3046,3046,0,0,1,0,0,1,0,00,00,00
3047,3047,0,0,1,0,0,1,0,00,00,00
3048,3048,0,0,1,0,0,1,0,00,00,00
3049,3049,0,0,1,0,0,1,0,00,00,00
3050,3050,0,0,1,0,0,1,0,00,00,00
3051,3051,0,0,1,0,0,1,0,00,00,00
3052,3052,0,0,1,0,0,1,0,00,00,00
3053,3053,0,0,1,0,0,1,0,00,00,00
3054,3054,0,0,1,0,0,1,0,00,00,00
3055,3055,0,0,1,0,0,1,0,00,00,00
3056,3056,0,0,1,0,0,1,1,00,01,00
3057,3057,0,0,1,0,0,1,1,00,01,00
3058,3058,0,0,1,0,0,1,1,00,01,01
3059,3059,0,0,1,0,0,1,1,00,01,01
3060,3060,0,0,1,0,0,1,1,00,01,01
3061,3061,0,0,1,0,0,1,1,00,01,01
3062,3062,0,0,1,0,0,1,1,00,01,01
3063,3063,0,0,1,0,0,1,1,00,01,01
3064,3064,0,0,1,0,0,1,1,00,01,01
3065,3065,0,0,1,0,0,1,1,00,01,01
3066,3066,0,0,1,0,0,1,1,00,01,01
3067,3067,0,0,1,0,0,1,1,00,01,01
3068,3068,0,0,1,0,0,1,1,00,01,01
3069,3069,0,0,1,0,0,1,1,00,01,01
3070,3070,0,0,1,0,0,1,1,00,01,01
3071,3071,0,0,1,0,0,1,1,00,01,01
3072,3072,0,0,1,0,0,1,1,00,01,01
3073,3073,0,0,1,0,0,1,1,00,01,01
3074,3074,0,0,1,0,0,1,1,00,01,01
3075,3075,0,0,1,0,0,1,1,00,01,01
3076,3076,0,0,1,0,0,1,1,00,02,01
3077,3077,0,0,1,0,0,1,1,00,02,01
3078,3078,0,0,1,0,0,1,1,00,02,02
3079,3079,0,0,1,0,0,1,1,00,03,02
3080,3080,0,0,1,0,0,1,1,00,03,02
3081,3081,0,0,1,0,0,1,1,00,03,03
3082,3082,0,0,1,0,0,1,1,00,03,03
3083,3083,0,0,1,0,0,1,1,00,04,03
3084,3084,0,0,1,0,1,1,1,00,04,04
3085,3085,0,0,1,0,1,1,1,00,04,04
3086,3086,0,0,1,0,1,1,1,00,05,04
3087,3087,0,0,1,0,1,1,1,00,05,04
3088,3088,0,0,1,0,1,1,1,00,05,05
3089,3089,0,0,1,0,1,1,1,00,06,05
3090,3090,0,0,1,0,1,1,1,00,06,05
3091,3091,0,0,1,0,0,1,1,00,06,06
3092,3092,0,0,1,0,0,1,1,00,06,06
3093,3093,0,0,1,0,0,1,1,00,07,06
3094,3094,0,0,1,0,1,1,1,00,07,07
3095,3095,0,0,1,0,1,1,1,00,07,07
3096,3096,0,0,1,0,1,1,1,00,08,07
3097,3097,0,0,1,0,1,1,1,00,08,07
3098,3098,0,0,1,0,1,1,1,00,08,08
3099,3099,0,0,1,0,1,1,1,00,09,08
3100,3100,0,0,1,0,1,1,1,00,09,08
3101,3101,0,0,1,0,0,1,1,00,09,09
3102,3102,0,0,1,0,0,1,1,00,09,09
3103,3103,0,0,1,1,0,1,1,00,09,09
3104,3104,0,0,1,1,0,1,1,40,0a,09
3105,3105,0,0,1,1,0,1,1,40,0a,09
3106,3106,0,0,1,0,0,1,1,40,0a,0a
3107,3107,0,0,1,0,0,1,1,40,0a,0a
3108,3108,0,0,1,0,0,1,1,20,0b,0a
3109,3109,0,0,1,1,0,1,1,20,0b,0b
3110,3110,0,0,1,1,0,1,1,20,0b,0b
3111,3111,0,0,1,1,0,1,1,50,0c,0b
3112,3112,0,0,1,1,0,1,1,50,0c,0b
3113,3113,0,0,1,0,0,1,1,50,0c,0c
3114,3114,0,0,1,0,0,1,1,28,0d,0c
3115,3115,0,0,1,0,0,1,1,28,0d,0c
3116,3116,0,0,1,0,0,1,1,28,0d,0d
3117,3117,0,0,1,0,0,1,1,28,0d,0d
3118,3118,0,0,1,0,0,1,1,14,0e,0d
3119,3119,0,0,1,0,0,1,1,14,0e,0e
3120,3120,0,0,1,0,0,1,1,14,0e,0e
3121,3121,0,0,1,0,0,1,1,0a,0f,0e
3122,3122,0,0,1,0,0,1,1,0a,0f,0e
3123,3123,0,0,1,0,0,1,1,0a,0f,0f
3124,3124,0,0,1,0,0,1,1,0a,10,0f
3125,3125,0,0,1,0,0,1,1,0a,10,0f
3126,3126,0,0,1,0,0,1,1,0a,10,10
3127,3127,0,0,1,0,0,1,1,0a,10,10
3128,3128,0,0,1,0,0,1,1,0a,11,10
3129,3129,0,0,1,0,1,1,1,0a,11,11
3130,3130,0,0,1,0,1,1,1,0a,11,11
3131,3131,0,0,1,0,1,1,1,0a,11,11
3132,3132,0,0,1,0,1,1,1,0a,11,11
3133,3133,0,0,1,0,1,1,1,0a,11,11
3134,3134,0,0,1,0,1,1,1,0a,11,11
3135,3135,0,0,1,0,1,1,1,0a,11,11
3136,3136,0,0,1,0,1,1,1,0a,11,11
3137,3137,0,0,1,0,1,1,1,0a,11,11
3138,3138,0,0,1,0,1,1,1,0a,11,11
3139,3139,0,0,1,0,1,1,1,0a,11,11
3140,3140,0,0,1,0,1,1,1,0a,11,11
3141,3141,0,0,1,0,1,1,1,0a,11,11
3142,3142,0,0,1,0,1,1,1,0a,11,11
3143,3143,0,0,1,0,1,1,1,0a,12,11
3144,3144,0,0,0,0,1,1,1,0a,12,12
3145,3145,0,0,0,0,1,1,1,0a,12,12
3146,3146,0,0,0,0,0,1,0,00,00,12
3147,3147,0,0,0,0,0,1,0,00,00,12
3148,3148,0,0,0,0,0,1,0,00,00,00
3149,3149,0,0,0,0,0,1,0,00,00,00
3150,3150,0,0,0,0,0,1,0,00,00,00
3151,3151,0,0,0,0,0,1,0,00,00,00
3152,3152,0,0,0,0,0,1,0,00,00,00
3153,3153,0,0,0,0,0,1,0,00,00,00
3154,3154,0,0,0,0,0,1,0,00,00,00
3155,3155,0,0,0,0,0,1,0,00,00,00
3156,3156,0,0,0,0,0,1,0,00,00,00
3157,3157,0,0,0,0,0,1,0,00,00,00
3158,3158,0,0,0,0,0,1,0,00,00,00
3159,3159,0,0,0,0,0,1,0,00,00,00
3160,3160,0,0,0,0,0,1,0,00,00,00
3161,3161,0,0,0,0,0,1,0,00,00,00
3162,3162,0,0,0,0,0,1,0,00,00,00
3163,3163,0,0,0,0,0,1,0,00,00,00
3164,3164,0,0,0,0,0,1,0,00,00,00
3165,3165,0,0,0,0,0,1,0,00,00,00
3166,3166,0,0,0,0,0,1,0,00,00,00
3167,3167,0,0,0,0,0,1,0,00,00,00
3168,3168,0,0,0,0,0,1,0,00,00,00
3169,3169,0,0,0,0,0,1,0,00,00,00
3170,3170,0,0,0,0,0,1,0,00,00,00
3171,3171,0,0,0,0,0,1,0,00,00,00
3172,3172,0,0,0,0,0,1,0,00,00,00
3173,3173,0,0,1,0,0,1,0,00,00,00
3174,3174,0,0,1,0,0,1,0,00,00,00
3175,3175,0,0,1,0,0,1,0,00,00,00
3176,3176,0,0,1,0,0,1,0,00,00,00
3177,3177,0,0,1,0,0,1,0,00,00,00
3178,3178,0,0,1,0,0,1,0,00,00,00
3179,3179,0,0,1,0,0,1,0,00,00,00
3180,3180,0,0,1,0,0,1,0,00,00,00
3181,3181,0,0,1,0,0,1,0,00,00,00
3182,3182,0,0,1,0,0,1,0,00,00,00
3183,3183,0,0,1,0,0,1,0,00,00,00
3184,3184,0,0,1,0,0,1,0,00,00,00
3185,3185,0,0,1,0,0,1,0,00,00,00
3186,3186,0,0,1,0,0,1,1,00,01,00
3187,3187,0,0,1,0,0,1,1,00,01,00
3188,3188,0,0,1,0,0,1,1,00,01,01
3189,3189,0,0,1,0,0,1,1,00,01,01
3190,3190,0,0,1,0,0,1,1,00,01,01
3191,3191,0,0,1,0,0,1,1,00,01,01
3192,3192,0,0,1,0,0,1,1,00,01,01
3193,3193,0,0,1,0,0,1,1,00,01,01
3194,3194,0,0,1,0,0,1,1,00,01,01
3195,3195,0,0,1,0,0,1,1,00,01,01
3196,3196,0,0,1,0,0,1,1,00,01,01
3197,3197,0,0,1,0,0,1,1,00,01,01
3198,3198,0,0,1,0,0,1,1,00,01,01
3199,3199,0,0,1,0,0,1,1,00,01,01
3200,3200,0,0,1,0,0,1,1,00,01,01
3201,3201,0,0,1,0,0,1,1,00,01,01
3202,3202,0,0,1,0,0,1,1,00,01,01
3203,3203,0,0,1,0,0,1,1,00,01,01
3204,3204,0,0,1,1,0,1,1,00,01,01
3205,3205,0,0,1,1,0,1,1,00,01,01
3206,3206,0,0,1,1,0,1,1,00,02,01
3207,3207,0,0,1,1,0,1,1,00,02,01
3208,3208,0,0,1,0,0,1,1,00,02,02
3209,3209,0,0,1,0,0,1,1,00,03,02
3210,3210,0,0,1,0,0,1,1,00,03,02
3211,3211,0,0,1,0,0,1,1,00,03,03
3212,3212,0,0,1,0,0,1,1,00,03,03
3213,3213,0,0,1,0,0,1,1,00,04,03
3214,3214,0,0,1,1,1,1,1,00,04,04
3215,3215,0,0,1,1,1,1,1,00,04,04
3216,3216,0,0,1,1,1,1,1,00,05,04
3217,3217,0,0,1,1,1,1,1,00,05,04
3218,3218,0,0,1,0,1,1,1,00,05,05
3219,3219,0,0,1,0,1,1,1,00,06,05
3220,3220,0,0,1,0,1,1,1,00,06,05
3221,3221,0,0,1,1,0,1,1,00,06,06
3222,3222,0,0,1,1,0,1,1,00,06,06
3223,3223,0,0,1,1,0,1,1,00,07,06
3224,3224,0,0,1,0,1,1,1,00,07,07
3225,3225,0,0,1,0,1,1,1,00,07,07
3226,3226,0,0,1,0,1,1,1,00,08,07
3227,3227,0,0,1,0,1,1,1,00,08,07
3228,3228,0,0,1,1,1,1,1,00,08,08
3229,3229,0,0,1,1,0,1,1,40,09,08
3230,3230,0,0,1,1,0,1,1,40,09,08
3231,3231,0,0,1,1,0,1,1,40,09,09
3232,3232,0,0,1,1,0,1,1,40,09,09
3233,3233,0,0,1,0,0,1,1,40,09,09
3234,3234,0,0,1,0,0,1,1,20,0a,09
3235,3235,0,0,1,0,0,1,1,20,0a,09
3236,3236,0,0,1,0,0,1,1,20,0a,0a
3237,3237,0,0,1,0,0,1,1,20,0a,0a
3238,3238,0,0,1,0,0,1,1,10,0b,0a
3239,3239,0,0,1,0,0,1,1,10,0b,0b
3240,3240,0,0,1,0,0,1,1,10,0b,0b
3241,3241,0,0,1,0,0,1,1,08,0c,0b
3242,3242,0,0,1,0,0,1,1,08,0c,0b
3243,3243,0,0,1,1,0,1,1,08,0c,0c
3244,3244,0,0,1,1,0,1,1,44,0d,0c
3245,3245,0,0,1,1,0,1,1,44,0d,0c
3246,3246,0,0,1,0,0,1,1,44,0d,0d
3247,3247,0,0,1,0,0,1,1,44,0d,0d
3248,3248,0,0,1,0,0,1,1,22,0e,0d
3249,3249,0,0,1,0,0,1,1,22,0e,0e
3250,3250,0,0,1,0,0,1,1,22,0e,0e
3251,3251,0,0,1,0,0,1,1,11,0f,0e
3252,3252,0,0,1,0,0,1,1,11,0f,0e
3253,3253,0,0,1,0,0,1,1,11,0f,0f
3254,3254,0,0,1,0,0,1,1,11,10,0f
3255,3255,0,0,1,0,0,1,1,11,10,0f
3256,3256,0,0,1,0,0,1,1,11,10,10
3257,3257,0,0,1,0,0,1,1,11,10,10
3258,3258,0,0,1,0,0,1,1,11,11,10
3259,3259,0,0,1,0,0,1,1,11,11,11
3260,3260,0,0,1,0,0,1,1,11,11,11
3261,3261,0,0,1,0,0,1,1,11,11,11
3262,3262,0,0,1,0,0,1,1,11,11,11
3263,3263,0,0,1,0,0,1,1,11,12,11
3264,3264,0,0,1,0,0,1,1,11,12,12
3265,3265,0,0,1,0,0,1,1,11,12,12
3266,3266,0,0,1,0,0,1,1,11,13,12
3267,3267,0,0,1,0,0,1,1,11,13,12
3268,3268,0,0,1,0,0,1,1,11,13,13
3269,3269,0,0,1,0,0,1,1,11,14,13
3270,3270,0,0,1,0,0,1,1,11,14,13
3271,3271,0,0,1,0,0,1,1,11,14,14
3272,3272,0,0,1,0,0,1,1,11,14,14
3273,3273,0,0,1,0,0,1,1,11,15,14
3274,3274,0,0,1,0,0,1,1,11,15,15
3275,3275,0,0,1,0,0,1,1,11,15,15
3276,3276,0,0,1,0,0,1,1,11,16,15
3277,3277,0,0,1,0,0,1,1,11,16,15
3278,3278,0,0,1,0,0,1,1,11,16,16
3279,3279,0,0,1,0,0,1,1,11,17,16
3280,3280,0,0,1,0,0,1,1,11,17,16
3281,3281,0,0,1,0,0,1,1,11,17,17
3282,3282,0,0,1,0,0,1,1,11,17,17
3283,3283,0,0,1,0,0,1,1,11,18,17
3284,3284,0,0,1,0,1,1,1,11,18,18
3285,3285,0,0,1,0,1,1,1,11,18,18
3286,3286,0,0,1,0,1,1,1,11,19,18
3287,3287,0,0,1,0,1,1,1,11,19,18
3288,3288,0,0,1,0,1,1,1,11,19,19
3289,3289,0,0,1,0,1,1,1,11,19,19
3290,3290,0,0,1,0,1,1,1,11,19,19
3291,3291,0,0,1,0,1,1,1,11,19,19
3292,3292,0,0,1,0,1,1,1,11,19,19
3293,3293,0,0,1,0,1,1,1,11,19,19
3294,3294,0,0,1,0,1,1,1,11,19,19
3295,3295,0,0,1,0,1,1,1,11,19,19
3296,3296,0,0,1,0,1,1,1,11,19,19
3297,3297,0,0,1,0,1,1,1,11,19,19
3298,3298,0,0,1,0,1,1,1,11,19,19
3299,3299,0,0,1,0,1,1,1,11,19,19
3300,3300,0,0,1,0,1,1,1,11,19,19
3301,3301,0,0,1,0,1,1,1,11,1a,19
3302,3302,0,0,1,0,1,1,1,11,1a,19
3303,3303,0,0,1,0,0,1,1,11,1a,1a
3304,3304,0,0,1,0,0,1,1,11,1b,1a
3305,3305,0,0,1,0,0,1,1,11,1b,1a
3306,3306,0,0,1,0,0,1,1,11,1b,1b
3307,3307,0,0,1,0,0,1,1,11,1b,1b
3308,3308,0,0,1,0,0,1,1,11,1b,1b
3309,3309,0,0,1,0,0,1,1,11,1b,1b
3310,3310,0,0,1,0,0,1,1,11,1b,1b
3311,3311,0,0,1,0,0,1,1,11,1b,1b
3312,3312,0,0,1,0,0,1,1,11,1b,1b
3313,3313,0,0,1,0,0,1,1,11,1b,1b
3314,3314,0,0,1,0,0,1,1,11,1b,1b
3315,3315,0,0,1,0,0,1,1,11,1b,1b
3316,3316,0,0,1,0,0,1,1,11,1b,1b
3317,3317,0,0,1,0,0,1,1,11,1b,1b
3318,3318,0,0,1,0,0,1,1,11,1b,1b
3319,3319,0,0,1,0,0,1,1,11,1c,1b
3320,3320,0,0,1,0,0,1,1,11,1c,1b
3321,3321,0,0,0,0,0,1,1,11,1c,1c
3322,3322,0,0,0,0,0,1,1,11,1c,1c
3323,3323,0,0,0,0,0,1,0,00,00,1c
3324,3324,0,0,0,0,0,1,0,00,00,00
3325,3325,0,0,0,0,0,1,0,00,00,00
3326,3326,0,0,0,0,0,1,0,00,00,00
3327,3327,0,0,0,0,0,1,0,00,00,00
3328,3328,0,0,0,0,0,1,0,00,00,00
3329,3329,0,0,0,0,0,1,0,00,00,00
3330,3330,0,0,0,0,0,1,0,00,00,00
3331,3331,0,0,0,0,0,1,0,00,00,00
3332,3332,0,0,0,0,0,1,0,00,00,00
3333,3333,0,0,0,0,0,1,0,00,00,00
3334,3334,0,0,0,0,0,1,0,00,00,00
3335,3335,0,0,0,0,0,1,0,00,00,00
3336,3336,0,0,0,0,0,1,0,00,00,00
3337,3337,0,0,0,0,0,1,0,00,00,00
3338,3338,0,0,0,0,0,1,0,00,00,00
3339,3339,0,0,0,0,0,1,0,00,00,00
3340,3340,0,0,0,0,0,1,0,00,00,00
3341,3341,0,0,0,0,0,1,0,00,00,00
3342,3342,0,0,0,0,0,1,0,00,00,00
3343,3343,0,0,0,0,0,1,0,00,00,00
3344,3344,0,0,0,0,0,1,0,00,00,00
3345,3345,0,0,0,0,0,1,0,00,00,00
3346,3346,0,0,0,0,0,1,0,00,00,00
3347,3347,0,0,0,0,0,1,0,00,00,00
3348,3348,0,0,0,0,0,1,0,00,00,00
3349,3349,0,0,0,0,0,1,0,00,00,00
3350,3350,0,0,0,0,0,1,0,00,00,00
3351,3351,0,0,0,0,0,1,0,00,00,00
3352,3352,0,0,0,0,0,1,0,00,00,00
3353,3353,0,0,0,1,0,1,0,00,00,00
3354,3354,0,0,0,1,0,1,0,00,00,00
3355,3355,0,0,0,1,0,1,0,00,00,00
3356,3356,0,0,0,1,0,1,0,00,00,00
3357,3357,0,0,0,1,0,1,0,00,00,00
3358,3358,0,0,0,1,0,1,0,00,00,00
3359,3359,0,0,0,1,0,1,0,00,00,00
3360,3360,0,0,0,1,0,1,0,00,00,00
3361,3361,0,0,0,1,0,1,0,00,00,00
3362,3362,0,0,0,1,0,1,0,00,00,00
3363,3363,0,0,0,1,0,1,0,00,00,00
3364,3364,0,0,0,1,0,1,0,00,00,00
3365,3365,0,0,0,1,0,1,0,00,00,00
3366,3366,0,0,0,1,0,1,0,00,00,00
3367,3367,0,0,0,1,0,1,0,00,00,00
3368,3368,0,0,0,0,0,1,0,00,00,00
3369,3369,0,0,0,0,0,1,0,00,00,00
3370,3370,0,0,0,0,0,1,0,00,00,00
3371,3371,0,0,0,0,0,1,0,00,00,00
3372,3372,0,0,0,0,0,1,0,00,00,00
3373,3373,0,0,0,0,0,1,0,00,00,00
3374,3374,0,0,0,0,0,1,0,00,00,00
3375,3375,0,0,0,0,0,1,0,00,00,00
3376,3376,0,0,0,0,0,1,0,00,00,00
3377,3377,0,0,0,0,0,1,0,00,00,00
3378,3378,0,0,0,0,0,1,0,00,00,00
3379,3379,0,0,0,0,0,1,0,00,00,00
3380,3380,0,0,0,0,0,1,0,00,00,00
3381,3381,0,0,0,0,0,1,0,00,00,00
3382,3382,0,0,0,0,0,1,0,00,00,00
3383,3383,0,0,0,0,0,1,0,00,00,00
3384,3384,0,0,0,0,0,1,0,00,00,00
3385,3385,0,0,0,0,0,1,0,00,00,00
3386,3386,0,0,0,0,0,1,0,00,00,00
3387,3387,0,0,0,0,0,1,0,00,00,00
3388,3388,0,0,0,0,0,1,0,00,00,00
3389,3389,0,0,0,0,0,1,0,00,00,00
3390,3390,0,0,0,0,0,1,0,00,00,00
3391,3391,0,0,0,0,0,1,0,00,00,00
3392,3392,0,0,0,0,0,1,0,00,00,00
3393,3393,0,0,0,0,0,1,0,00,00,00
3394,3394,0,0,0,0,0,1,0,00,00,00
3395,3395,0,0,0,0,0,1,0,00,00,00
3396,3396,0,0,0,0,0,1,0,00,00,00
3397,3397,0,0,0,0,0,1,0,00,00,00
3398,3398,0,0,0,0,0,1,0,00,00,00
3399,3399,0,0,0,0,0,1,0,00,00,00
3400,3400,0,0,0,0,0,1,0,00,00,00
3401,3401,0,0,0,1,0,1,0,00,00,00
3402,3402,0,0,0,1,0,1,0,00,00,00
3403,3403,0,0,0,1,0,1,0,00,00,00
3404,3404,0,0,0,1,0,1,0,00,00,00
3405,3405,0,0,0,1,0,1,0,00,00,00
3406,3406,0,0,0,1,0,1,0,00,00,00
3407,3407,0,0,0,1,0,1,0,00,00,00
3408,3408,0,0,0,1,0,1,0,00,00,00
3409,3409,0,0,0,1,0,1,0,00,00,00
3410,3410,0,0,0,1,0,1,0,00,00,00
3411,3411,0,0,0,1,0,1,0,00,00,00
3412,3412,0,0,0,1,0,1,0,00,00,00
3413,3413,0,0,0,1,0,1,0,00,00,00
3414,3414,0,0,0,1,0,1,0,00,00,00
3415,3415,0,0,0,1,0,1,0,00,00,00
3416,3416,0,0,0,1,0,1,0,00,00,00
3417,3417,0,0,0,1,0,1,0,00,00,00
3418,3418,0,0,0,1,0,1,0,00,00,00
3419,3419,0,0,0,1,0,1,0,00,00,00
3420,3420,0,0,0,1,0,1,0,00,00,00
3421,3421,0,0,0,1,0,1,0,00,00,00
3422,3422,0,0,0,1,0,1,0,00,00,00
3423,3423,0,0,0,1,0,1,0,00,00,00
3424,3424,0,0,0,1,0,1,0,00,00,00
3425,3425,0,0,0,1,0,1,0,00,00,00
3426,3426,0,0,0,1,0,1,0,00,00,00
3427,3427,0,0,0,1,0,1,0,00,00,00
3428,3428,0,0,0,1,0,1,0,00,00,00
3429,3429,0,0,0,1,0,1,0,00,00,00
3430,3430,0,0,0,1,0,1,0,00,00,00
3431,3431,0,0,0,1,0,1,0,00,00,00
3432,3432,0,0,0,1,0,1,0,00,00,00
3433,3433,0,0,0,1,0,1,0,00,00,00
3434,3434,0,0,0,1,0,1,0,00,00,00
3435,3435,0,0,0,1,0,1,0,00,00,00
3436,3436,0,0,0,1,0,1,0,00,00,00
3437,3437,0,0,0,1,0,1,0,00,00,00
3438,3438,0,0,0,1,0,1,0,00,00,00
3439,3439,0,0,0,1,0,1,0,00,00,00
3440,3440,0,0,0,1,0,1,0,00,00,00
3441,3441,0,0,0,1,0,1,0,00,00,00
3442,3442,0,0,0,1,0,1,0,00,00,00
3443,3443,0,0,0,1,0,1,0,00,00,00
3444,3444,0,0,0,1,0,1,0,00,00,00
3445,3445,0,0,0,1,0,1,0,00,00,00
3446,3446,0,0,0,1,0,1,0,00,00,00
3447,3447,0,0,0,1,0,1,0,00,00,00
3448,3448,0,0,0,1,0,1,0,00,00,00
3449,3449,0,0,0,1,0,1,0,00,00,00
3450,3450,0,0,0,1,0,1,0,00,00,00
3451,3451,0,0,0,1,0,1,0,00,00,00
3452,3452,0,0,0,1,0,1,0,00,00,00
3453,3453,0,0,0,1,0,1,0,00,00,00
3454,3454,0,0,0,1,0,1,0,00,00,00
3455,3455,0,0,0,1,0,1,0,00,00,00
3456,3456,0,0,0,1,0,1,0,00,00,00
3457,3457,0,0,0,1,0,1,0,00,00,00
3458,3458,0,0,0,0,0,1,0,00,00,00
3459,3459,0,0,0,0,0,1,0,00,00,00
3460,3460,0,0,0,0,0,1,0,00,00,00
3461,3461,0,0,0,0,0,1,0,00,00,00
3462,3462,0,0,0,0,0,1,0,00,00,00
3463,3463,0,0,0,0,0,1,0,00,00,00
3464,3464,0,0,0,0,0,1,0,00,00,00
3465,3465,0,0,0,0,0,1,0,00,00,00
3466,3466,0,0,0,0,0,1,0,00,00,00
3467,3467,0,0,0,0,0,1,0,00,00,00
3468,3468,0,0,0,0,0,1,0,00,00,00
3469,3469,0,0,0,0,0,1,0,00,00,00
3470,3470,0,0,0,0,0,1,0,00,00,00
3471,3471,0,0,0,0,0,1,0,00,00,00
3472,3472,0,0,0,0,0,1,0,00,00,00
3473,3473,0,0,0,0,0,1,0,00,00,00
3474,3474,0,0,0,0,0,1,0,00,00,00
3475,3475,0,0,0,0,0,1,0,00,00,00
3476,3476,0,0,0,0,0,1,0,00,00,00
3477,3477,0,0,0,0,0,1,0,00,00,00
3478,3478,0,0,0,0,0,1,0,00,00,00
3479,3479,0,0,0,0,0,1,0,00,00,00
3480,3480,0,0,0,0,0,1,0,00,00,00
3481,3481,0,0,0,0,0,1,0,00,00,00
3482,3482,0,0,0,0,0,1,0,00,00,00
3483,3483,0,0,0,0,0,1,0,00,00,00
3484,3484,0,0,0,0,0,1,0,00,00,00
3485,3485,0,0,0,0,0,1,0,00,00,00
3486,3486,0,0,0,1,0,1,0,00,00,00
3487,3487,0,0,0,1,0,1,0,00,00,00
3488,3488,0,0,0,1,0,1,0,00,00,00
3489,3489,0,0,0,1,0,1,0,00,00,00
3490,3490,0,0,0,1,0,1,0,00,00,00
3491,3491,0,0,0,1,0,1,0,00,00,00
3492,3492,0,0,0,1,0,1,0,00,00,00
3493,3493,0,0,0,1,0,1,0,00,00,00
3494,3494,0,0,0,1,0,1,0,00,00,00
3495,3495,0,0,0,1,0,1,0,00,00,00
3496,3496,0,0,0,1,0,1,0,00,00,00
3497,3497,0,0,0,1,0,1,0,00,00,00
3498,3498,0,0,0,1,0,1,0,00,00,00
3499,3499,0,0,0,1,0,1,0,00,00,00
3500,3500,0,0,0,1,0,1,0,00,00,00
3501,3501,0,0,0,0,0,1,0,00,00,00
3502,3502,0,0,0,0,0,1,0,00,00,00
3503,3503,0,0,0,0,0,1,0,00,00,00
3504,3504,0,0,0,0,0,1,0,00,00,00
3505,3505,0,0,0,0,0,1,0,00,00,00
3506,3506,0,0,0,0,0,1,0,00,00,00
3507,3507,0,0,0,0,0,1,0,00,00,00
3508,3508,0,0,0,0,0,1,0,00,00,00
3509,3509,0,0,0,0,0,1,0,00,00,00
3510,3510,0,0,0,0,0,1,0,00,00,00
3511,3511,0,0,0,0,0,1,0,00,00,00
3512,3512,0,0,0,0,0,1,0,00,00,00
3513,3513,0,0,0,0,0,1,0,00,00,00
3514,3514,0,0,0,0,0,1,0,00,00,00
3515,3515,0,0,0,0,0,1,0,00,00,00
3516,3516,0,0,0,0,0,1,0,00,00,00
3517,3517,0,0,0,0,0,1,0,00,00,00
3518,3518,0,0,0,0,0,1,0,00,00,00
3519,3519,0,0,0,0,0,1,0,00,00,00
3520,3520,0,0,0,0,0,1,0,00,00,00
3521,3521,0,0,0,0,0,1,0,00,00,00
3522,3522,0,0,0,0,0,1,0,00,00,00
3523,3523,0,0,0,0,0,1,0,00,00,00
3524,3524,0,0,0,0,0,1,0,00,00,00
3525,3525,0,0,0,0,0,1,0,00,00,00
3526,3526,0,0,0,0,0,1,0,00,00,00
3527,3527,0,0,0,0,0,1,0,00,00,00
3528,3528,0,0,0,0,0,1,0,00,00,00
3529,3529,0,0,0,0,0,1,0,00,00,00
3530,3530,0,0,0,0,0,1,0,00,00,00
3531,3531,0,0,0,0,0,1,0,00,00,00
3532,3532,0,0,0,0,0,1,0,00,00,00
3533,3533,0,0,0,0,0,1,0,00,00,00
3534,3534,0,0,0,0,0,1,0,00,00,00
3535,3535,0,0,0,1,0,1,0,00,00,00
3536,3536,0,0,0,1,0,1,0,00,00,00
3537,3537,0,0,0,1,0,1,0,00,00,00
3538,3538,0,0,0,1,0,1,0,00,00,00
3539,3539,0,0,0,1,0,1,0,00,00,00
3540,3540,0,0,0,1,0,1,0,00,00,00
3541,3541,0,0,0,1,0,1,0,00,00,00
3542,3542,0,0,0,1,0,1,0,00,00,00
3543,3543,0,0,0,1,0,1,0,00,00,00
3544,3544,0,0,0,1,0,1,0,00,00,00
3545,3545,0,0,0,1,0,1,0,00,00,00
3546,3546,0,0,0,1,0,1,0,00,00,00
3547,3547,0,0,0,1,0,1,0,00,00,00
3548,3548,0,0,0,0,0,1,0,00,00,00
3549,3549,0,0,0,0,0,1,0,00,00,00
3550,3550,0,0,0,0,0,1,0,00,00,00
3551,3551,0,0,0,1,0,1,0,00,00,00
3552,3552,0,0,0,1,0,1,0,00,00,00
3553,3553,0,0,0,1,0,1,0,00,00,00
3554,3554,0,0,0,1,0,1,0,00,00,00
3555,3555,0,0,0,0,0,1,0,00,00,00
3556,3556,0,0,0,0,0,1,0,00,00,00
3557,3557,0,0,0,0,0,1,0,00,00,00
3558,3558,0,0,0,0,0,1,0,00,00,00
3559,3559,0,0,0,0,0,1,0,00,00,00
3560,3560,0,0,0,0,0,1,0,00,00,00
3561,3561,0,0,0,0,0,1,0,00,00,00
3562,3562,0,0,0,0,0,1,0,00,00,00
3563,3563,0,0,0,0,0,1,0,00,00,00
3564,3564,0,0,0,0,0,1,0,00,00,00
3565,3565,0,0,0,0,0,1,0,00,00,00
3566,3566,0,0,0,0,0,1,0,00,00,00
3567,3567,0,0,0,0,0,1,0,00,00,00
3568,3568,0,0,0,0,0,1,0,00,00,00
3569,3569,0,0,0,0,0,1,0,00,00,00
3570,3570,0,0,0,0,0,1,0,00,00,00
3571,3571,0,0,0,0,0,1,0,00,00,00
3572,3572,0,0,0,0,0,1,0,00,00,00
3573,3573,0,0,0,0,0,1,0,00,00,00
3574,3574,0,0,0,0,0,1,0,00,00,00
3575,3575,0,0,0,0,0,1,0,00,00,00
3576,3576,0,0,0,0,0,1,0,00,00,00
3577,3577,0,0,0,0,0,1,0,00,00,00
3578,3578,0,0,0,0,0,1,0,00,00,00
3579,3579,0,0,0,0,0,1,0,00,00,00
3580,3580,0,0,0,0,0,1,0,00,00,00
3581,3581,0,0,0,0,0,1,0,00,00,00
3582,3582,0,0,0,0,0,1,0,00,00,00
3583,3583,0,0,0,0,0,1,0,00,00,00
3584,3584,0,0,0,0,0,1,0,00,00,00
3585,3585,0,0,0,0,0,1,0,00,00,00
3586,3586,0,0,0,0,0,1,0,00,00,00
3587,3587,0,0,0,0,0,1,0,00,00,00
3588,3588,0,0,0,0,0,1,0,00,00,00
3589,3589,0,0,0,0,0,1,0,00,00,00
3590,3590,0,0,0,0,0,1,0,00,00,00
3591,3591,0,0,0,0,0,1,0,00,00,00
3592,3592,0,0,0,0,0,1,0,00,00,00
3593,3593,0,0,0,0,0,1,0,00,00,00
3594,3594,0,0,0,0,0,1,0,00,00,00
3595,3595,0,0,0,0,0,1,0,00,00,00
3596,3596,0,0,0,0,0,1,0,00,00,00
3597,3597,0,0,0,0,0,1,0,00,00,00
3598,3598,0,0,0,0,0,1,0,00,00,00
3599,3599,0,0,0,0,0,1,0,00,00,00
3600,3600,0,0,0,0,0,1,0,00,00,00
3601,3601,0,0,0,0,0,1,0,00,00,00
3602,3602,0,0,0,0,0,1,0,00,00,00
3603,3603,0,0,0,0,0,1,0,00,00,00
3604,3604,0,0,0,0,0,1,0,00,00,00
3605,3605,0,0,0,0,0,1,0,00,00,00
3606,3606,0,0,0,0,0,1,0,00,00,00
3607,3607,0,0,0,0,0,1,0,00,00,00
3608,3608,0,0,0,0,0,1,0,00,00,00
3609,3609,0,0,0,0,0,1,0,00,00,00
3610,3610,0,0,0,0,0,1,0,00,00,00
3611,3611,0,0,0,0,0,1,0,00,00,00
3612,3612,0,0,0,0,0,1,0,00,00,00
3613,3613,0,0,0,0,0,1,0,00,00,00
3614,3614,0,0,0,0,0,1,0,00,00,00
3615,3615,0,0,0,0,0,1,0,00,00,00
3616,3616,0,0,1,1,0,1,0,00,00,00
3617,3617,0,0,1,1,0,1,0,00,00,00
3618,3618,0,0,1,1,0,1,0,00,00,00
3619,3619,0,0,1,1,0,1,0,00,00,00
3620,3620,0,0,1,1,0,1,0,00,00,00
3621,3621,0,0,1,1,0,1,0,00,00,00
3622,3622,0,0,1,1,0,1,0,00,00,00
3623,3623,0,0,1,1,0,1,0,00,00,00
3624,3624,0,0,1,1,0,1,0,00,00,00
3625,3625,0,0,1,1,0,1,0,00,00,00
3626,3626,0,0,1,1,0,1,0,00,00,00
3627,3627,0,0,1,1,0,1,0,00,00,00
3628,3628,0,0,1,0,0,1,0,00,00,00
3629,3629,0,0,1,0,0,1,1,00,01,00
3630,3630,0,0,1,0,0,1,1,00,01,00
3631,3631,0,0,1,0,0,1,1,00,01,01
3632,3632,0,0,1,0,0,1,1,00,01,01
3633,3633,0,0,1,0,0,1,1,00,01,01
3634,3634,0,0,1,0,0,1,1,00,01,01
3635,3635,0,0,1,0,0,1,1,00,01,01
3636,3636,0,0,1,0,0,1,1,00,01,01
3637,3637,0,0,1,0,0,1,1,00,01,01
3638,3638,0,0,1,0,0,1,1,00,01,01
3639,3639,0,0,1,0,0,1,1,00,01,01
3640,3640,0,0,1,0,0,1,1,00,01,01
3641,3641,0,0,1,0,0,1,1,00,01,01
3642,3642,0,0,1,0,0,1,1,00,01,01
3643,3643,0,0,1,0,0,1,1,00,01,01
3644,3644,0,0,1,0,0,1,1,00,01,01
3645,3645,0,0,1,0,0,1,1,00,01,01
3646,3646,0,0,1,0,0,1,1,00,01,01
3647,3647,0,0,1,0,0,1,1,00,01,01
3648,3648,0,0,1,0,0,1,1,00,01,01
3649,3649,0,0,1,0,0,1,1,00,02,01
3650,3650,0,0,1,0,0,1,1,00,02,01
3651,3651,0,0,1,0,0,1,1,00,02,02
3652,3652,0,0,1,0,0,1,1,00,02,02
3653,3653,0,0,1,0,0,1,1,00,03,02
3654,3654,0,0,1,0,0,1,1,00,03,03
3655,3655,0,0,1,0,0,1,1,00,03,03
3656,3656,0,0,1,0,0,1,1,00,04,03
3657,3657,0,0,1,0,0,1,1,00,04,03
3658,3658,0,0,1,0,1,1,1,00,04,04
3659,3659,0,0,1,0,1,1,1,00,05,04
3660,3660,0,0,1,0,1,1,1,00,05,04
3661,3661,0,0,1,0,1,1,1,00,05,05
3662,3662,0,0,1,0,1,1,1,00,05,05
3663,3663,0,0,1,0,1,1,1,00,06,05
3664,3664,0,0,1,0,0,1,1,00,06,06
3665,3665,0,0,1,0,0,1,1,00,06,06
3666,3666,0,0,1,0,0,1,1,00,07,06
3667,3667,0,0,1,0,0,1,1,00,07,06
3668,3668,0,0,1,0,1,1,1,00,07,07
3669,3669,0,0,1,0,1,1,1,00,08,07
3670,3670,0,0,1,0,1,1,1,00,08,07
3671,3671,0,0,1,1,1,1,1,00,08,08
3672,3672,0,0,1,1,1,1,1,00,08,08
3673,3673,0,0,1,1,0,1,1,40,09,08
3674,3674,0,0,1,1,0,1,1,40,09,09
3675,3675,0,0,1,1,0,1,1,40,09,09
3676,3676,0,0,1,1,0,1,1,40,09,09
3677,3677,0,0,1,1,0,1,1,40,09,09
3678,3678,0,0,1,1,0,1,1,60,0a,09
3679,3679,0,0,1,0,0,1,1,60,0a,0a
3680,3680,0,0,1,0,0,1,1,60,0a,0a
3681,3681,0,0,1,0,0,1,1,30,0b,0a
3682,3682,0,0,1,0,0,1,1,30,0b,0a
3683,3683,0,0,1,0,0,1,1,30,0b,0b
3684,3684,0,0,1,0,0,1,1,18,0c,0b
3685,3685,0,0,1,0,0,1,1,18,0c,0b
3686,3686,0,0,1,0,0,1,1,18,0c,0c
3687,3687,0,0,1,0,0,1,1,18,0c,0c
3688,3688,0,0,1,0,0,1,1,0c,0d,0c
3689,3689,0,0,1,0,0,1,1,0c,0d,0d
3690,3690,0,0,1,0,0,1,1,0c,0d,0d
3691,3691,0,0,1,0,1,1,1,06,0e,0d
3692,3692,0,0,1,0,1,1,1,06,0e,0d
3693,3693,0,0,1,0,1,1,1,06,0e,0e
3694,3694,0,0,1,0,0,1,1,03,0f,0e
3695,3695,0,0,1,0,0,1,1,03,0f,0e
3696,3696,0,0,1,0,0,1,1,03,0f,0f
3697,3697,0,0,1,0,0,1,1,03,0f,0f
3698,3698,0,0,1,0,0,1,1,03,10,0f
3699,3699,0,0,1,0,0,1,1,03,10,10
3700,3700,0,0,1,0,0,1,1,03,10,10
3701,3701,0,0,1,0,0,1,1,03,11,10
3702,3702,0,0,1,0,0,1,1,03,11,10
3703,3703,0,0,1,0,0,1,1,03,11,11
3704,3704,0,0,1,0,0,1,1,03,11,11
3705,3705,0,0,1,0,0,1,1,03,11,11
3706,3706,0,0,1,0,0,1,1,03,12,11
3707,3707,0,0,1,0,0,1,1,03,12,11
3708,3708,0,0,1,0,0,1,1,03,12,12
3709,3709,0,0,1,0,0,1,1,03,13,12
3710,3710,0,0,1,0,0,1,1,03,13,12
3711,3711,0,0,1,0,0,1,1,03,13,13
3712,3712,0,0,1,0,0,1,1,03,13,13
3713,3713,0,0,1,0,0,1,1,03,14,13
3714,3714,0,0,1,0,0,1,1,03,14,14
3715,3715,0,0,1,0,0,1,1,03,14,14
3716,3716,0,0,1,0,0,1,1,03,15,14
3717,3717,0,0,1,0,0,1,1,03,15,14
3718,3718,0,0,1,1,0,1,1,03,15,15
3719,3719,0,0,1,1,0,1,1,03,16,15
3720,3720,0,0,1,1,0,1,1,03,16,15
3721,3721,0,0,1,0,0,1,1,03,16,16
3722,3722,0,0,1,0,0,1,1,03,16,16
3723,3723,0,0,1,0,0,1,1,03,17,16
3724,3724,0,0,1,0,0,1,1,03,17,17
3725,3725,0,0,1,0,0,1,1,03,17,17
3726,3726,0,0,1,0,0,1,1,03,18,17
3727,3727,0,0,1,0,0,1,1,03,18,17
3728,3728,0,0,1,1,0,1,1,03,18,18
3729,3729,0,0,1,1,0,1,1,03,19,18
3730,3730,0,0,1,1,0,1,1,03,19,18
3731,3731,0,0,1,1,0,1,1,03,19,19
3732,3732,0,0,1,1,0,1,1,03,19,19
3733,3733,0,0,1,1,0,1,1,03,19,19
3734,3734,0,0,1,1,0,1,1,03,19,19
3735,3735,0,0,1,1,0,1,1,03,19,19
3736,3736,0,0,1,1,0,1,1,03,19,19
3737,3737,0,0,1,1,0,1,1,03,19,19
3738,3738,0,0,1,1,0,1,1,03,19,19
3739,3739,0,0,1,1,0,1,1,03,19,19
3740,3740,0,0,1,1,0,1,1,03,19,19
3741,3741,0,0,1,1,0,1,1,03,19,19
3742,3742,0,0,1,1,0,1,1,03,19,19
3743,3743,0,0,1,0,0,1,1,03,19,19
3744,3744,0,0,1,0,0,1,1,03,1a,19
3745,3745,0,0,1,0,0,1,1,03,1a,19
3746,3746,0,0,1,0,0,1,1,03,1a,1a
3747,3747,0,0,1,0,0,1,1,03,1a,1a
3748,3748,0,0,1,0,0,1,1,03,1b,1a
3749,3749,0,0,1,1,0,1,1,03,1b,1b
3750,3750,0,0,1,1,0,1,1,03,1b,1b
3751,3751,0,0,1,1,0,1,1,03,1c,1b
3752,3752,0,0,1,1,0,1,1,03,1c,1b
3753,3753,0,0,1,0,0,1,1,03,1c,1c
3754,3754,0,0,1,0,0,1,1,03,1d,1c
3755,3755,0,0,1,0,0,1,1,03,1d,1c
3756,3756,0,0,1,0,0,1,1,03,1d,1d
3757,3757,0,0,1,0,0,1,1,03,1d,1d
3758,3758,0,0,1,0,0,1,1,03,1e,1d
3759,3759,0,0,1,0,0,1,1,03,1e,1e
3760,3760,0,0,1,0,0,1,1,03,1e,1e
3761,3761,0,0,1,0,0,1,1,03,1f,1e
3762,3762,0,0,1,0,0,1,1,03,1f,1e
3763,3763,0,0,1,0,0,1,1,03,1f,1f
3764,3764,0,0,1,0,0,1,1,03,20,1f
3765,3765,0,0,1,0,0,1,1,03,20,1f
3766,3766,0,0,1,0,0,1,1,03,20,20
3767,3767,0,0,1,0,0,1,1,03,20,20
3768,3768,0,0,1,0,0,1,1,03,20,20
3769,3769,0,0,1,0,0,1,1,03,20,20
3770,3770,0,0,1,0,0,1,1,03,20,20
3771,3771,0,0,1,0,0,1,1,03,20,20
3772,3772,0,0,1,0,0,1,1,03,20,20
3773,3773,0,0,1,0,0,1,1,03,20,20
3774,3774,0,0,1,0,0,1,1,03,20,20
3775,3775,0,0,1,0,0,1,1,03,20,20
3776,3776,0,0,1,0,0,1,1,03,20,20
3777,3777,0,0,1,0,0,1,1,03,20,20
3778,3778,0,0,1,0,0,1,1,03,20,20
3779,3779,0,0,1,0,0,1,1,03,21,20
3780,3780,0,0,1,0,0,1,1,03,21,20
3781,3781,0,0,0,0,0,1,1,03,21,21
3782,3782,0,0,0,0,0,1,1,03,21,21
3783,3783,0,0,0,0,0,1,0,00,00,21
3784,3784,0,0,0,0,0,1,0,00,00,00
3785,3785,0,0,0,0,0,1,0,00,00,00
3786,3786,0,0,0,0,0,1,0,00,00,00
3787,3787,0,0,0,0,0,1,0,00,00,00
3788,3788,0,0,0,0,0,1,0,00,00,00
3789,3789,0,0,0,0,0,1,0,00,00,00
3790,3790,0,0,0,0,0,1,0,00,00,00
3791,3791,0,0,0,0,0,1,0,00,00,00
3792,3792,0,0,0,0,0,1,0,00,00,00
3793,3793,0,0,0,0,0,1,0,00,00,00
3794,3794,0,0,0,0,0,1,0,00,00,00
3795,3795,0,0,0,0,0,1,0,00,00,00
3796,3796,0,0,0,0,0,1,0,00,00,00
3797,3797,0,0,0,0,0,1,0,00,00,00
3798,3798,0,0,0,0,0,1,0,00,00,00
3799,3799,0,0,0,0,0,1,0,00,00,00
3800,3800,0,0,0,0,0,1,0,00,00,00
3801,3801,0,0,0,0,0,1,0,00,00,00
3802,3802,0,0,0,0,0,1,0,00,00,00
3803,3803,0,0,0,0,0,1,0,00,00,00
3804,3804,0,0,0,0,0,1,0,00,00,00
3805,3805,0,0,0,0,0,1,0,00,00,00
3806,3806,0,0,0,0,0,1,0,00,00,00
3807,3807,0,0,0,0,0,1,0,00,00,00
3808,3808,0,0,0,0,0,1,0,00,00,00
3809,3809,0,0,1,0,0,1,0,00,00,00
3810,3810,0,0,1,0,0,1,0,00,00,00
3811,3811,0,0,1,0,0,1,0,00,00,00
3812,3812,0,0,1,0,0,1,0,00,00,00
3813,3813,0,0,1,0,0,1,0,00,00,00
3814,3814,0,0,1,0,0,1,0,00,00,00
3815,3815,0,0,1,0,0,1,0,00,00,00
3816,3816,0,0,1,0,0,1,0,00,00,00
3817,3817,0,0,1,0,0,1,0,00,00,00
3818,3818,0,0,1,0,0,1,0,00,00,00
3819,3819,0,0,1,0,0,1,0,00,00,00
3820,3820,0,0,1,0,0,1,0,00,00,00
3821,3821,0,0,1,0,0,1,0,00,00,00
3822,3822,0,0,1,0,0,1,0,00,00,00
3823,3823,0,0,1,0,0,1,1,00,01,00
3824,3824,0,0,1,0,0,1,1,00,01,01
3825,3825,0,0,1,0,0,1,1,00,01,01
3826,3826,0,0,1,0,0,1,1,00,01,01
3827,3827,0,0,1,0,0,1,1,00,01,01
3828,3828,0,0,1,0,0,1,1,00,01,01
3829,3829,0,0,1,0,0,1,1,00,01,01
3830,3830,0,0,1,0,0,1,1,00,01,01
3831,3831,0,0,1,0,0,1,1,00,01,01
3832,3832,0,0,1,0,0,1,1,00,01,01
3833,3833,0,0,1,0,0,1,1,00,01,01
3834,3834,0,0,1,0,0,1,1,00,01,01
3835,3835,0,0,1,0,0,1,1,00,01,01
3836,3836,0,0,1,0,0,1,1,00,01,01
3837,3837,0,0,1,0,0,1,1,00,01,01
3838,3838,0,0,1,0,0,1,1,00,01,01
3839,3839,0,0,1,0,0,1,1,00,01,01
3840,3840,0,0,1,0,0,1,1,00,01,01
3841,3841,0,0,1,0,0,1,1,00,01,01
3842,3842,0,0,1,0,0,1,1,00,01,01
3843,3843,0,0,1,0,0,1,1,00,02,01
3844,3844,0,0,1,0,0,1,1,00,02,02
3845,3845,0,0,1,0,0,1,1,00,02,02
3846,3846,0,0,1,0,0,1,1,00,03,02
3847,3847,0,0,1,0,0,1,1,00,03,02
3848,3848,0,0,1,0,0,1,1,00,03,03
3849,3849,0,0,1,0,0,1,1,00,04,03
3850,3850,0,0,1,0,0,1,1,00,04,03
3851,3851,0,0,1,0,1,1,1,00,04,04
3852,3852,0,0,1,0,1,1,1,00,04,04
3853,3853,0,0,1,0,1,1,1,00,05,04
3854,3854,0,0,1,0,1,1,1,00,05,05
3855,3855,0,0,1,0,1,1,1,00,05,05
3856,3856,0,0,1,0,1,1,1,00,06,05
3857,3857,0,0,1,0,1,1,1,00,06,05
3858,3858,0,0,1,0,0,1,1,00,06,06
3859,3859,0,0,1,0,0,1,1,00,07,06
3860,3860,0,0,1,0,0,1,1,00,07,06
3861,3861,0,0,1,0,1,1,1,00,07,07
3862,3862,0,0,1,0,1,1,1,00,07,07
3863,3863,0,0,1,0,1,1,1,00,08,07
3864,3864,0,0,1,0,1,1,1,00,08,08
3865,3865,0,0,1,0,1,1,1,00,08,08
3866,3866,0,0,1,0,1,1,1,00,09,08
3867,3867,0,0,1,0,1,1,1,00,09,08
3868,3868,0,0,1,0,0,1,1,00,09,09
3869,3869,0,0,1,0,0,1,1,00,09,09
3870,3870,0,0,1,0,0,1,1,00,09,09
3871,3871,0,0,1,0,0,1,1,00,0a,09
3872,3872,0,0,1,0,0,1,1,00,0a,09
3873,3873,0,0,1,1,0,1,1,00,0a,0a
3874,3874,0,0,1,1,0,1,1,40,0b,0a
3875,3875,0,0,1,1,0,1,1,40,0b,0a
3876,3876,0,0,1,1,0,1,1,40,0b,0b
3877,3877,0,0,1,1,0,1,1,40,0b,0b
3878,3878,0,0,1,1,0,1,1,60,0c,0b
3879,3879,0,0,1,0,0,1,1,60,0c,0c
3880,3880,0,0,1,0,0,1,1,60,0c,0c
3881,3881,0,0,1,0,0,1,1,30,0d,0c
3882,3882,0,0,1,0,0,1,1,30,0d,0c
3883,3883,0,0,1,0,0,1,1,30,0d,0d
3884,3884,0,0,1,0,0,1,1,18,0e,0d
3885,3885,0,0,1,0,0,1,1,18,0e,0d
3886,3886,0,0,1,0,0,1,1,18,0e,0e
3887,3887,0,0,1,0,0,1,1,18,0e,0e
3888,3888,0,0,1,0,0,1,1,0c,0f,0e
3889,3889,0,0,1,0,0,1,1,0c,0f,0f
3890,3890,0,0,1,0,0,1,1,0c,0f,0f
3891,3891,0,0,1,0,0,1,1,0c,10,0f
3892,3892,0,0,1,0,0,1,1,0c,10,0f
3893,3893,0,0,1,0,0,1,1,0c,10,10
3894,3894,0,0,1,0,0,1,1,0c,11,10
3895,3895,0,0,1,0,0,1,1,0c,11,10
3896,3896,0,0,1,0,0,1,1,0c,11,11
3897,3897,0,0,1,0,0,1,1,0c,11,11
3898,3898,0,0,1,0,0,1,1,0c,11,11
3899,3899,0,0,1,0,0,1,1,0c,11,11
3900,3900,0,0,1,0,0,1,1,0c,11,11
3901,3901,0,0,1,0,0,1,1,0c,11,11
3902,3902,0,0,1,0,0,1,1,0c,11,11
3903,3903,0,0,1,0,0,1,1,0c,11,11
3904,3904,0,0,1,0,0,1,1,0c,11,11
3905,3905,0,0,1,0,0,1,1,0c,11,11
3906,3906,0,0,1,0,0,1,1,0c,11,11
3907,3907,0,0,1,0,0,1,1,0c,11,11
3908,3908,0,0,1,0,0,1,1,0c,11,11
3909,3909,0,0,1,0,0,1,1,0c,12,11
3910,3910,0,0,1,0,0,1,1,0c,12,11
3911,3911,0,0,0,0,0,1,1,0c,12,12
3912,3912,0,0,0,0,0,1,1,0c,12,12
3913,3913,0,0,0,0,0,1,0,00,00,12
3914,3914,0,0,0,0,0,1,0,00,00,00
3915,3915,0,0,0,0,0,1,0,00,00,00
3916,3916,0,0,0,0,0,1,0,00,00,00
3917,3917,0,0,0,0,0,1,0,00,00,00
3918,3918,0,0,0,0,0,1,0,00,00,00
3919,3919,0,0,0,0,0,1,0,00,00,00
3920,3920,0,0,0,0,0,1,0,00,00,00
3921,3921,0,0,0,0,0,1,0,00,00,00
3922,3922,0,0,0,0,0,1,0,00,00,00
3923,3923,0,0,0,0,0,1,0,00,00,00
3924,3924,0,0,0,0,0,1,0,00,00,00
3925,3925,0,0,0,0,0,1,0,00,00,00
3926,3926,0,0,0,0,0,1,0,00,00,00
3927,3927,0,0,0,0,0,1,0,00,00,00
3928,3928,0,0,0,0,0,1,0,00,00,00
3929,3929,0,0,0,0,0,1,0,00,00,00
3930,3930,0,0,0,0,0,1,0,00,00,00
3931,3931,0,0,0,0,0,1,0,00,00,00
3932,3932,0,0,0,0,0,1,0,00,00,00
3933,3933,0,0,0,0,0,1,0,00,00,00
3934,3934,0,0,0,0,0,1,0,00,00,00
3935,3935,0,0,0,0,0,1,0,00,00,00
3936,3936,0,0,0,0,0,1,0,00,00,00
3937,3937,0,0,0,0,0,1,0,00,00,00
3938,3938,0,0,0,0,0,1,0,00,00,00
3939,3939,0,0,1,0,0,1,0,00,00,00
3940,3940,0,0,1,0,0,1,0,00,00,00
3941,3941,0,0,1,0,0,1,0,00,00,00
3942,3942,0,0,1,0,0,1,0,00,00,00
3943,3943,0,0,1,0,0,1,0,00,00,00
3944,3944,0,0,1,0,0,1,0,00,00,00
3945,3945,0,0,1,0,0,1,0,00,00,00
3946,3946,0,0,1,0,0,1,0,00,00,00
3947,3947,0,0,1,0,0,1,0,00,00,00
3948,3948,0,0,1,0,0,1,0,00,00,00
3949,3949,0,0,1,0,0,1,0,00,00,00
3950,3950,0,0,1,0,0,1,0,00,00,00
3951,3951,0,0,1,0,0,1,0,00,00,00
3952,3952,0,0,1,0,0,1,0,00,00,00
3953,3953,0,0,1,0,0,1,1,00,01,00
3954,3954,0,0,1,0,0,1,1,00,01,01
3955,3955,0,0,1,0,0,1,1,00,01,01
3956,3956,0,0,1,0,0,1,1,00,01,01
3957,3957,0,0,1,0,0,1,1,00,01,01
3958,3958,0,0,1,0,0,1,1,00,01,01
3959,3959,0,0,1,0,0,1,1,00,01,01
3960,3960,0,0,1,0,0,1,1,00,01,01
3961,3961,0,0,1,0,0,1,1,00,01,01
3962,3962,0,0,1,0,0,1,1,00,01,01
3963,3963,0,0,1,0,0,1,1,00,01,01
3964,3964,0,0,1,0,0,1,1,00,01,01
3965,3965,0,0,1,0,0,1,1,00,01,01
3966,3966,0,0,1,0,0,1,1,00,01,01
3967,3967,0,0,1,0,0,1,1,00,01,01
3968,3968,0,0,1,0,0,1,1,00,01,01
3969,3969,0,0,1,0,0,1,1,00,01,01
3970,3970,0,0,1,0,0,1,1,00,01,01
3971,3971,0,0,1,1,0,1,1,00,01,01
3972,3972,0,0,1,1,0,1,1,00,01,01
3973,3973,0,0,1,1,0,1,1,00,02,01
3974,3974,0,0,1,0,0,1,1,00,02,02
3975,3975,0,0,1,0,0,1,1,00,02,02
3976,3976,0,0,1,0,0,1,1,00,03,02
3977,3977,0,0,1,0,0,1,1,00,03,02
3978,3978,0,0,1,0,0,1,1,00,03,03
3979,3979,0,0,1,0,0,1,1,00,04,03
3980,3980,0,0,1,0,0,1,1,00,04,03
3981,3981,0,0,1,1,1,1,1,00,04,04
3982,3982,0,0,1,1,1,1,1,00,04,04
3983,3983,0,0,1,1,1,1,1,00,05,04
3984,3984,0,0,1,0,1,1,1,00,05,05
3985,3985,0,0,1,0,1,1,1,00,05,05
3986,3986,0,0,1,0,1,1,1,00,06,05
3987,3987,0,0,1,0,1,1,1,00,06,05
3988,3988,0,0,1,1,0,1,1,00,06,06
3989,3989,0,0,1,1,0,1,1,00,07,06
3990,3990,0,0,1,1,0,1,1,00,07,06
3991,3991,0,0,1,0,1,1,1,00,07,07
3992,3992,0,0,1,0,1,1,1,00,07,07
3993,3993,0,0,1,0,1,1,1,00,08,07
3994,3994,0,0,1,1,1,1,1,00,08,08
3995,3995,0,0,1,1,1,1,1,00,08,08
3996,3996,0,0,1,1,0,1,1,40,09,08
3997,3997,0,0,1,1,0,1,1,40,09,08
3998,3998,0,0,1,1,0,1,1,40,09,09
3999,3999,0,0,1,0,0,1,1,40,09,09
4000,4000,0,0,1,0,0,1,1,40,09,09
4001,4001,0,0,1,0,0,1,1,20,0a,09
4002,4002,0,0,1,0,0,1,1,20,0a,09
4003,4003,0,0,1,0,0,1,1,20,0a,0a
4004,4004,0,0,1,0,0,1,1,10,0b,0a
4005,4005,0,0,1,0,0,1,1,10,0b,0a
4006,4006,0,0,1,0,0,1,1,10,0b,0b
4007,4007,0,0,1,0,0,1,1,10,0b,0b
4008,4008,0,0,1,0,0,1,1,08,0c,0b
4009,4009,0,0,1,0,0,1,1,08,0c,0c
4010,4010,0,0,1,0,0,1,1,08,0c,0c
4011,4011,0,0,1,0,1,1,1,04,0d,0c
4012,4012,0,0,1,0,1,1,1,04,0d,0c
4013,4013,0,0,1,0,0,1,1,04,0d,0d
4014,4014,0,0,1,0,0,1,1,02,0e,0d
4015,4015,0,0,1,0,0,1,1,02,0e,0d
4016,4016,0,0,1,0,0,1,1,02,0e,0e
4017,4017,0,0,1,0,0,1,1,02,0e,0e
4018,4018,0,0,1,0,0,1,1,01,0f,0e
4019,4019,0,0,1,0,0,1,1,01,0f,0f
4020,4020,0,0,1,0,0,1,1,01,0f,0f
4021,4021,0,0,1,0,0,1,1,01,10,0f
4022,4022,0,0,1,0,0,1,1,01,10,0f
4023,4023,0,0,1,0,0,1,1,01,10,10
4024,4024,0,0,1,0,0,1,1,01,11,10
4025,4025,0,0,1,0,0,1,1,01,11,10
4026,4026,0,0,1,0,0,1,1,01,11,11
4027,4027,0,0,1,0,0,1,1,01,11,11
4028,4028,0,0,1,0,0,1,1,01,11,11
4029,4029,0,0,1,0,0,1,1,01,12,11
4030,4030,0,0,1,0,0,1,1,01,12,11
4031,4031,0,0,1,0,0,1,1,01,12,12
4032,4032,0,0,1,0,0,1,1,01,12,12
4033,4033,0,0,1,0,0,1,1,01,13,12
4034,4034,0,0,1,0,0,1,1,01,13,13
4035,4035,0,0,1,0,0,1,1,01,13,13
4036,4036,0,0,1,0,0,1,1,01,14,13
4037,4037,0,0,1,0,0,1,1,01,14,13
4038,4038,0,0,1,0,0,1,1,01,14,14
4039,4039,0,0,1,0,0,1,1,01,15,14
4040,4040,0,0,1,0,0,1,1,01,15,14
4041,4041,0,0,1,0,0,1,1,01,15,15
4042,4042,0,0,1,0,0,1,1,01,15,15
4043,4043,0,0,1,0,0,1,1,01,16,15
4044,4044,0,0,1,0,0,1,1,01,16,16
4045,4045,0,0,1,0,0,1,1,01,16,16
4046,4046,0,0,1,0,0,1,1,01,17,16
4047,4047,0,0,1,0,0,1,1,01,17,16
4048,4048,0,0,1,0,0,1,1,01,17,17
4049,4049,0,0,1,0,0,1,1,01,18,17
4050,4050,0,0,1,0,0,1,1,01,18,17
4051,4051,0,0,1,0,0,1,1,01,18,18
4052,4052,0,0,1,0,0,1,1,01,18,18
4053,4053,0,0,1,0,0,1,1,01,19,18
4054,4054,0,0,1,0,0,1,1,01,19,19
4055,4055,0,0,1,0,0,1,1,01,19,19
4056,4056,0,0,1,0,0,1,1,01,19,19
4057,4057,0,0,1,0,0,1,1,01,19,19
4058,4058,0,0,1,0,0,1,1,01,19,19
4059,4059,0,0,1,0,0,1,1,01,19,19
4060,4060,0,0,1,0,0,1,1,01,19,19
4061,4061,0,0,1,0,0,1,1,01,19,19
4062,4062,0,0,1,0,0,1,1,01,19,19
4063,4063,0,0,1,0,0,1,1,01,19,19
4064,4064,0,0,1,0,0,1,1,01,19,19
4065,4065,0,0,1,0,0,1,1,01,19,19
4066,4066,0,0,1,0,0,1,1,01,19,19
4067,4067,0,0,1,0,0,1,1,01,19,19
4068,4068,0,0,1,0,0,1,1,01,1a,19
4069,4069,0,0,1,0,0,1,1,01,1a,1a
4070,4070,0,0,1,0,0,1,1,01,1a,1a
4071,4071,0,0,1,0,0,1,1,01,1b,1a
4072,4072,0,0,1,0,0,1,1,01,1b,1a
4073,4073,0,0,1,0,0,1,1,01,1b,1b
4074,4074,0,0,1,0,0,1,1,01,1c,1b
4075,4075,0,0,1,0,0,1,1,01,1c,1b
4076,4076,0,0,1,0,0,1,1,01,1c,1c
4077,4077,0,0,1,0,0,1,1,01,1c,1c
4078,4078,0,0,1,0,0,1,1,01,1c,1c
4079,4079,0,0,1,0,0,1,1,01,1c,1c
4080,4080,0,0,1,0,0,1,1,01,1c,1c
4081,4081,0,0,1,0,0,1,1,01,1c,1c
4082,4082,0,0,1,0,0,1,1,01,1c,1c
4083,4083,0,0,1,0,0,1,1,01,1c,1c
4084,4084,0,0,1,0,0,1,1,01,1c,1c
4085,4085,0,0,1,0,0,1,1,01,1c,1c
4086,4086,0,0,1,0,0,1,1,01,1c,1c
4087,4087,0,0,1,0,0,1,1,01,1c,1c
4088,4088,0,0,1,0,0,1,1,01,1c,1c
4089,4089,0,0,1,0,0,1,1,01,1d,1c
4090,4090,0,0,1,0,0,1,1,01,1d,1c
4091,4091,0,0,0,0,0,1,1,01,1d,1d
4092,4092,0,0,0,0,0,1,1,01,1d,1d
4093,4093,0,0,0,0,0,1,0,00,00,1d
4094,4094,0,0,0,0,0,1,0,00,00,00
4095,4095,0,0,0,0,0,1,0,00,00,00
