'\\wsl.localhost\Ubuntu-22.04\root\chipyard\fpga'
用作为当前目录的以上路径启动了 CMD.EXE。
UNC 路径不受支持。默认值设为 Windows 目录。

****** Vivado v2021.2 (64-bit)
  **** SW Build 3367213 on Tue Oct 19 02:48:09 MDT 2021
  **** IP Build 3369179 on Thu Oct 21 08:25:16 MDT 2021
    ** Copyright 1986-2021 Xilinx, Inc. All Rights Reserved.

source {\\wsl.localhost\Ubuntu-22.04\root\chipyard\fpga\scripts\insert_ila_jtagtunnel_zcu104.tcl}
# if { $argc < 2 } {
#   puts "Usage: vivado -mode batch -source scripts/insert_ila_jtagtunnel_zcu104.tcl -tclargs <in_post_synth_dcp> <out_dir>"
#   exit 2
# }
# set in_dcp [lindex $argv 0]
# set out_dir [lindex $argv 1]
# file mkdir $out_dir
# open_checkpoint $in_dcp
Command: open_checkpoint {\\wsl.localhost\Ubuntu-22.04\root\chipyard\fpga\generated-src\chipyard.fpga.zcu104.ZCU104FPGATestHarness.RocketZCU104LinuxBringupDebugConfig\obj\post_synth.dcp}

Starting open_checkpoint Task

Time (s): cpu = 00:00:00 ; elapsed = 00:00:00.032 . Memory (MB): peak = 1604.641 ; gain = 0.000
INFO: [Device 21-403] Loading part xczu7ev-ffvc1156-2-e
Netlist sorting complete. Time (s): cpu = 00:00:01 ; elapsed = 00:00:00.969 . Memory (MB): peak = 1910.047 ; gain = 1.602
INFO: [Netlist 29-17] Analyzing 3600 Unisim elements for replacement
INFO: [Netlist 29-28] Unisim Transformation completed in 1 CPU seconds
INFO: [Project 1-479] Netlist was created with Vivado 2021.2
INFO: [Project 1-570] Preparing netlist for logic optimization
INFO: [Timing 38-478] Restoring timing data from binary archive.
INFO: [Timing 38-479] Binary timing data restore complete.
INFO: [Project 1-856] Restoring constraints from binary archive.
INFO: [Project 1-853] Binary constraint restore complete.
Reading XDEF placement.
Reading placer database...
Reading XDEF routing.
Read XDEF File: Time (s): cpu = 00:00:00 ; elapsed = 00:00:00.254 . Memory (MB): peak = 2599.363 ; gain = 0.000
Restored from archive | CPU: 0.000000 secs | Memory: 0.000000 MB |
Finished XDEF File Restore: Time (s): cpu = 00:00:00 ; elapsed = 00:00:00.256 . Memory (MB): peak = 2599.363 ; gain = 0.000
Netlist sorting complete. Time (s): cpu = 00:00:00 ; elapsed = 00:00:00.029 . Memory (MB): peak = 3037.492 ; gain = 0.000
INFO: [Project 1-111] Unisim Transformation Summary:
  A total of 526 instances were transformed.
  DSP48E2 => DSP48E2 (DSP_ALU, DSP_A_B_DATA, DSP_C_DATA, DSP_MULTIPLIER, DSP_M_DATA, DSP_OUTPUT, DSP_PREADD, DSP_PREADD_DATA): 25 instances
  IBUF => IBUF (IBUFCTRL, INBUF): 2 instances
  IBUFDS => IBUFDS (DIFFINBUF, IBUFCTRL): 1 instance 
  RAM16X1D => RAM32X1D (RAMD32(x2)): 22 instances
  RAM256X1D => RAM256X1D (MUXF7(x4), MUXF8(x2), RAMD64E(x8)): 2 instances
  RAM32M => RAM32M (RAMD32(x6), RAMS32(x2)): 28 instances
  RAM32M16 => RAM32M16 (RAMD32(x14), RAMS32(x2)): 362 instances
  RAM32X1D => RAM32X1D (RAMD32(x2)): 8 instances
  RAM64M => RAM64M (RAMD64E(x4)): 2 instances
  RAM64M8 => RAM64M8 (RAMD64E(x8)): 66 instances
  RAM64X1D => RAM64X1D (RAMD64E(x2)): 8 instances

INFO: [Project 1-604] Checkpoint was created with Vivado v2021.2 (64-bit) build 3367213
open_checkpoint: Time (s): cpu = 00:00:33 ; elapsed = 00:00:44 . Memory (MB): peak = 3037.492 ; gain = 1432.852
# proc qnet {cell_name} {
#   set pin [get_pins -quiet ${cell_name}/Q]
#   if { $pin eq "" } { return "" }
#   return [get_nets -quiet -of_objects $pin]
# }
# set clk_net         [get_nets -quiet _dutWrangler_auto_out_clock]
# if { $clk_net eq "" } {
#   set clk_net [get_nets -quiet _dutWrangler_auto_out_clock_BUFG]
# }
# if { $clk_net eq "" } {
#   set clk_net [get_nets -quiet chiptop0/clock]
# }
# set pos_clk_net     [get_nets -quiet inst_jtag_tunnel/_inst_jtag_tunnel_jtag_tck_BUFG]
# set neg_clk_net     [get_nets -quiet inst_jtag_tunnel/CLK]
# set shift_net       [get_nets -quiet inst_jtag_tunnel/_bscane2_SHIFT]
# set tdi_net         [get_nets -quiet _inst_jtag_tunnel_jtag_tdi]
# set tms_net         [get_nets -quiet inst_jtag_tunnel/_inst_jtag_tunnel_jtag_tms]
# set tdo_net         [get_nets -quiet inst_jtag_tunnel/_system_debug_systemjtag_jtag_TDO_data]
# set tdi_reg_net     [qnet inst_jtag_tunnel/tdiRegister_reg]
# set shift_counter_nets [list \
#   [qnet {inst_jtag_tunnel/shiftCounter_reg[0]}] \
#   [qnet {inst_jtag_tunnel/shiftCounter_reg[1]}] \
#   [qnet {inst_jtag_tunnel/shiftCounter_reg[2]}] \
#   [qnet {inst_jtag_tunnel/shiftCounter_reg[3]}] \
#   [qnet {inst_jtag_tunnel/shiftCounter_reg[4]}] \
#   [qnet {inst_jtag_tunnel/shiftCounter_reg[5]}] \
#   [qnet {inst_jtag_tunnel/shiftCounter_reg[6]}] \
# ]
# set pos_counter_nets [list \
#   [qnet {inst_jtag_tunnel/posCounter_reg[0]}] \
#   [qnet {inst_jtag_tunnel/posCounter_reg[1]}] \
#   [qnet {inst_jtag_tunnel/posCounter_reg[2]}] \
#   [qnet {inst_jtag_tunnel/posCounter_reg[3]}] \
#   [qnet {inst_jtag_tunnel/posCounter_reg[4]}] \
#   [qnet {inst_jtag_tunnel/posCounter_reg[5]}] \
#   [qnet {inst_jtag_tunnel/posCounter_reg[6]}] \
#   [qnet {inst_jtag_tunnel/posCounter_reg[7]}] \
# ]
# set neg_counter_nets [list \
#   [qnet {inst_jtag_tunnel/negCounter_reg[0]}] \
#   [qnet {inst_jtag_tunnel/negCounter_reg[1]}] \
#   [qnet {inst_jtag_tunnel/negCounter_reg[2]}] \
#   [qnet {inst_jtag_tunnel/negCounter_reg[3]}] \
#   [qnet {inst_jtag_tunnel/negCounter_reg[4]}] \
#   [qnet {inst_jtag_tunnel/negCounter_reg[5]}] \
#   [qnet {inst_jtag_tunnel/negCounter_reg[6]}] \
#   [qnet {inst_jtag_tunnel/negCounter_reg[7]}] \
# ]
# set missing {}
# foreach {name netobj} [list \
#   clk_net $clk_net \
#   pos_clk_net $pos_clk_net \
#   neg_clk_net $neg_clk_net \
#   shift_net $shift_net \
#   tdi_net $tdi_net \
#   tms_net $tms_net \
#   tdo_net $tdo_net \
#   tdi_reg_net $tdi_reg_net \
# ] {
#   if { $netobj eq "" } { lappend missing $name }
# }
# for {set i 0} {$i < 7} {incr i} {
#   if { [lindex $shift_counter_nets $i] eq "" } { lappend missing "shift_counter_$i" }
# }
# for {set i 0} {$i < 8} {incr i} {
#   if { [lindex $pos_counter_nets $i] eq "" } { lappend missing "pos_counter_$i" }
#   if { [lindex $neg_counter_nets $i] eq "" } { lappend missing "neg_counter_$i" }
# }
# if { [llength $missing] > 0 } {
#   puts "ERROR: missing required nets: $missing"
#   exit 3
# }
# create_debug_core u_ila_jtag ila
# set dbg [get_debug_cores u_ila_jtag]
# set_property C_DATA_DEPTH 4096 $dbg
# set_property C_INPUT_PIPE_STAGES 0 $dbg
# for {set i 0} {$i < 9} {incr i} {
#   create_debug_port u_ila_jtag probe
# }
# set_property port_width 1 [get_debug_ports u_ila_jtag/probe0]
# set_property port_width 1 [get_debug_ports u_ila_jtag/probe1]
# set_property port_width 1 [get_debug_ports u_ila_jtag/probe2]
# set_property port_width 1 [get_debug_ports u_ila_jtag/probe3]
# set_property port_width 1 [get_debug_ports u_ila_jtag/probe4]
# set_property port_width 1 [get_debug_ports u_ila_jtag/probe5]
# set_property port_width 1 [get_debug_ports u_ila_jtag/probe6]
# set_property port_width 7 [get_debug_ports u_ila_jtag/probe7]
# set_property port_width 8 [get_debug_ports u_ila_jtag/probe8]
# set_property port_width 8 [get_debug_ports u_ila_jtag/probe9]
# connect_debug_port u_ila_jtag/clk    $clk_net
# connect_debug_port u_ila_jtag/probe0 $pos_clk_net
# connect_debug_port u_ila_jtag/probe1 $neg_clk_net
# connect_debug_port u_ila_jtag/probe2 $shift_net
# connect_debug_port u_ila_jtag/probe3 $tdi_net
# connect_debug_port u_ila_jtag/probe4 $tms_net
# connect_debug_port u_ila_jtag/probe5 $tdo_net
# connect_debug_port u_ila_jtag/probe6 $tdi_reg_net
# connect_debug_port u_ila_jtag/probe7 $shift_counter_nets
# connect_debug_port u_ila_jtag/probe8 $pos_counter_nets
# connect_debug_port u_ila_jtag/probe9 $neg_counter_nets
# opt_design
Command: opt_design
Attempting to get a license for feature 'Implementation' and/or device 'xczu7ev'
INFO: [Common 17-349] Got license for feature 'Implementation' and/or device 'xczu7ev'
Running DRC as a precondition to command opt_design

Starting DRC Task
INFO: [DRC 23-27] Running DRC with 2 threads
WARNING: [DRC RPBF-3] IO port buffering is incomplete: Device port sdio_spi_clk expects both input and output buffering but the buffers are incomplete.
WARNING: [DRC RPBF-3] IO port buffering is incomplete: Device port sdio_spi_cs expects both input and output buffering but the buffers are incomplete.
WARNING: [DRC RPBF-3] IO port buffering is incomplete: Device port sdio_spi_dat_0 expects both input and output buffering but the buffers are incomplete.
WARNING: [DRC RPBF-3] IO port buffering is incomplete: Device port sdio_spi_dat_3 expects both input and output buffering but the buffers are incomplete.
WARNING: [DRC RPBF-3] IO port buffering is incomplete: Device port uart_rxd expects both input and output buffering but the buffers are incomplete.
WARNING: [DRC RPBF-3] IO port buffering is incomplete: Device port uart_txd expects both input and output buffering but the buffers are incomplete.
INFO: [Project 1-461] DRC finished with 0 Errors, 6 Warnings
INFO: [Project 1-462] Please refer to the DRC report (report_drc) for more information.

Time (s): cpu = 00:00:04 ; elapsed = 00:00:02 . Memory (MB): peak = 3051.402 ; gain = 13.910

Starting Cache Timing Information Task
Ending Cache Timing Information Task | Checksum: 1d3ff9e83

Time (s): cpu = 00:00:00 ; elapsed = 00:00:00.222 . Memory (MB): peak = 3051.402 ; gain = 0.000

Starting Logic Optimization Task

Phase 1 Generate And Synthesize Debug Cores
INFO: [Chipscope 16-329] Generating Script for core instance : dbg_hub 
INFO: [IP_Flow 19-234] Refreshing IP repositories
INFO: [IP_Flow 19-1704] No user IP repositories specified
INFO: [IP_Flow 19-2313] Loaded Vivado IP repository 'E:/PRO_APP/xilinx/Vivado/2021.2/data/ip'.
INFO: [IP_Flow 19-3806] Processing IP xilinx.com:ip:xsdbm:3.0 for cell dbg_hub_CV.
INFO: [Chipscope 16-329] Generating Script for core instance : u_ila_jtag 
INFO: [IP_Flow 19-3806] Processing IP xilinx.com:ip:ila:6.2 for cell u_ila_jtag_CV.
Netlist sorting complete. Time (s): cpu = 00:00:00 ; elapsed = 00:00:00.065 . Memory (MB): peak = 3389.566 ; gain = 0.000
Phase 1 Generate And Synthesize Debug Cores | Checksum: 1636321d8

Time (s): cpu = 00:00:09 ; elapsed = 00:02:37 . Memory (MB): peak = 3389.566 ; gain = 51.945

Phase 2 Retarget
INFO: [Opt 31-1287] Pulled Inverter chiptop0/system/cbus/out_xbar/state_0_i_1__5 into driver instance chiptop0/system/cbus/out_xbar/state_0_i_2__3, which resulted in an inversion of 18 pins
INFO: [Opt 31-1287] Pulled Inverter chiptop0/system/cbus/out_xbar/state_1_i_1__3 into driver instance chiptop0/system/cbus/out_xbar/state_1_i_2__2, which resulted in an inversion of 10 pins
INFO: [Opt 31-1287] Pulled Inverter chiptop0/system/cbus/out_xbar/state_2_i_1__0 into driver instance chiptop0/system/cbus/out_xbar/state_2_i_2__0, which resulted in an inversion of 75 pins
INFO: [Opt 31-1287] Pulled Inverter chiptop0/system/cbus/out_xbar/state_3_i_1__0 into driver instance chiptop0/system/cbus/out_xbar/state_3_i_2__0, which resulted in an inversion of 73 pins
INFO: [Opt 31-1287] Pulled Inverter chiptop0/system/cbus/out_xbar/state_4_i_1 into driver instance chiptop0/system/cbus/out_xbar/state_4_i_2, which resulted in an inversion of 15 pins
INFO: [Opt 31-1287] Pulled Inverter chiptop0/system/cbus/out_xbar/state_5_i_1 into driver instance chiptop0/system/cbus/out_xbar/state_5_i_2, which resulted in an inversion of 73 pins
INFO: [Opt 31-1287] Pulled Inverter chiptop0/system/cbus/out_xbar/state_7_i_1 into driver instance chiptop0/system/cbus/out_xbar/state_7_i_2, which resulted in an inversion of 13 pins
INFO: [Opt 31-1287] Pulled Inverter chiptop0/system/cbus/wrapped_error_device/buffer/nodeOut_a_q/ram_ext/Memory_reg_0_1_0_13_i_1__9 into driver instance chiptop0/system/cbus/wrapped_error_device/buffer/nodeOut_a_q/ram_ext/Memory_reg_0_1_0_13_i_2__8, which resulted in an inversion of 3 pins
INFO: [Opt 31-1287] Pulled Inverter chiptop0/system/chipyard_prcictrl_domain/fragmenter/repeater/dOrig[2]_i_2__9 into driver instance chiptop0/system/chipyard_prcictrl_domain/fragmenter/repeater/readys_mask[0]_i_3__2, which resulted in an inversion of 8 pins
INFO: [Opt 31-1287] Pulled Inverter chiptop0/system/chipyard_prcictrl_domain/fragmenter_1/repeater/dOrig[2]_i_2__10 into driver instance chiptop0/system/chipyard_prcictrl_domain/fragmenter_1/repeater/Memory_reg_0_1_14_27_i_18__3, which resulted in an inversion of 4 pins
INFO: [Opt 31-1287] Pulled Inverter chiptop0/system/chipyard_prcictrl_domain/xbar/state_0_i_1__8 into driver instance chiptop0/system/chipyard_prcictrl_domain/xbar/Memory_reg_0_1_14_27_i_13__8, which resulted in an inversion of 10 pins
INFO: [Opt 31-1287] Pulled Inverter chiptop0/system/coh_wrapper/d_first_counter[2]_i_2 into driver instance chiptop0/system/coh_wrapper/beatsLeft_1[2]_i_3, which resulted in an inversion of 5 pins
INFO: [Opt 31-1287] Pulled Inverter chiptop0/system/coh_wrapper/l2/inclusive_cache_bank_sched/mshrs_5/robin_filter[6]_i_2 into driver instance chiptop0/system/coh_wrapper/i___569_rep, which resulted in an inversion of 189 pins
INFO: [Opt 31-1287] Pulled Inverter chiptop0/system/coh_wrapper/l2/inclusive_cache_bank_sched/requests/data_ext/Memory_reg_0_15_0_0__1_i_1 into driver instance chiptop0/system/coh_wrapper/l2/inclusive_cache_bank_sched/requests/head_ext/i___329_i_1, which resulted in an inversion of 23 pins
INFO: [Opt 31-1287] Pulled Inverter chiptop0/system/coh_wrapper/l2/inclusive_cache_bank_sched/requests/data_ext/Memory_reg_0_15_0_0__3_i_1 into driver instance chiptop0/system/coh_wrapper/l2/inclusive_cache_bank_sched/requests/head_ext/i___328_i_1, which resulted in an inversion of 24 pins
INFO: [Opt 31-1287] Pulled Inverter chiptop0/system/coh_wrapper/l2/inclusive_cache_bank_sched/requests/data_ext/Memory_reg_0_15_0_0__5_i_1 into driver instance chiptop0/system/coh_wrapper/l2/inclusive_cache_bank_sched/requests/head_ext/i___323_i_1, which resulted in an inversion of 23 pins
INFO: [Opt 31-1287] Pulled Inverter chiptop0/system/coh_wrapper/l2/inclusive_cache_bank_sched/requests/data_ext/Memory_reg_0_15_0_0_i_1 into driver instance chiptop0/system/coh_wrapper/l2/inclusive_cache_bank_sched/requests/head_ext/i___330_i_1, which resulted in an inversion of 23 pins
INFO: [Opt 31-1287] Pulled Inverter chiptop0/system/coh_wrapper/l2/inclusive_cache_bank_sched/sourceD/s2_retires_i_1 into driver instance chiptop0/system/coh_wrapper/l2/inclusive_cache_bank_sched/sourceD/s2_retires_i_2, which resulted in an inversion of 3 pins
INFO: [Opt 31-1287] Pulled Inverter chiptop0/system/coh_wrapper/state_1_1_i_1 into driver instance chiptop0/system/coh_wrapper/Memory_reg_0_1_0_13_i_16, which resulted in an inversion of 15 pins
INFO: [Opt 31-1287] Pulled Inverter chiptop0/system/coh_wrapper/state_1_2_i_1 into driver instance chiptop0/system/coh_wrapper/Memory_reg_0_1_0_13_i_20, which resulted in an inversion of 12 pins
INFO: [Opt 31-1287] Pulled Inverter chiptop0/system/coh_wrapper/state_1_i_1 into driver instance chiptop0/system/coh_wrapper/i___0_i_1, which resulted in an inversion of 41 pins
INFO: [Opt 31-1287] Pulled Inverter chiptop0/system/mbus/mbus_xbar/state_0_i_1__7 into driver instance chiptop0/system/mbus/mbus_xbar/state_0_i_2__4, which resulted in an inversion of 76 pins
INFO: [Opt 31-1287] Pulled Inverter chiptop0/system/mbus/mbus_xbar/state_1_i_1__5 into driver instance chiptop0/system/mbus/mbus_xbar/state_1_i_2__5, which resulted in an inversion of 75 pins
INFO: [Opt 31-1287] Pulled Inverter chiptop0/system/pbus/atomics/Memory_reg_0_1_0_13_i_1__6 into driver instance chiptop0/system/pbus/atomics/beatsLeft[2]_i_5, which resulted in an inversion of 6 pins
INFO: [Opt 31-1287] Pulled Inverter chiptop0/system/pbus/buffer/nodeIn_d_q/ram_ext/Memory_reg_0_1_0_13_i_1__5 into driver instance chiptop0/system/pbus/buffer/nodeIn_d_q/ram_ext/beatsLeft[0]_i_4, which resulted in an inversion of 4 pins
INFO: [Opt 31-1287] Pulled Inverter chiptop0/system/pbus/buffer/nodeOut_a_q/ram_ext/acknum[2]_i_1__0 into driver instance chiptop0/system/pbus/buffer/nodeOut_a_q/ram_ext/acknum[2]_i_3, which resulted in an inversion of 2 pins
INFO: [Opt 31-1287] Pulled Inverter chiptop0/system/pbus/buffer_1/nodeIn_d_q/d_first_counter[2]_i_2 into driver instance chiptop0/system/pbus/buffer_1/nodeIn_d_q/d_first_counter[2]_i_4, which resulted in an inversion of 5 pins
INFO: [Opt 31-1287] Pulled Inverter chiptop0/system/pbus/coupler_to_bootaddressreg/fragmenter/repeater/dOrig[2]_i_2__2 into driver instance chiptop0/system/pbus/coupler_to_bootaddressreg/fragmenter/repeater/saved_opcode[2]_i_4__1, which resulted in an inversion of 8 pins
INFO: [Opt 31-1287] Pulled Inverter chiptop0/system/pbus/coupler_to_device_named_gpio_0/fragmenter/repeater/dOrig[2]_i_2__1 into driver instance chiptop0/system/pbus/coupler_to_device_named_gpio_0/fragmenter/repeater/saved_opcode[2]_i_3__2, which resulted in an inversion of 10 pins
INFO: [Opt 31-1287] Pulled Inverter chiptop0/system/pbus/coupler_to_device_named_spi_0/fragmenter/repeater/dOrig[0]_i_1 into driver instance chiptop0/system/pbus/coupler_to_device_named_spi_0/fragmenter/repeater/dOrig[0]_i_2__2, which resulted in an inversion of 2 pins
INFO: [Opt 31-1287] Pulled Inverter chiptop0/system/pbus/coupler_to_device_named_spi_0/fragmenter/repeater/dOrig[2]_i_2__0 into driver instance chiptop0/system/pbus/coupler_to_device_named_spi_0/fragmenter/repeater/dOrig[2]_i_3__0, which resulted in an inversion of 7 pins
INFO: [Opt 31-1287] Pulled Inverter chiptop0/system/pbus/coupler_to_device_named_uart_0/fragmenter/repeater/dOrig[2]_i_2 into driver instance chiptop0/system/pbus/coupler_to_device_named_uart_0/fragmenter/repeater/saved_opcode[2]_i_3__1, which resulted in an inversion of 8 pins
INFO: [Opt 31-1287] Pulled Inverter chiptop0/system/pbus/out_xbar/state_0_i_1__2 into driver instance chiptop0/system/pbus/out_xbar/state_0_i_2__2, which resulted in an inversion of 71 pins
INFO: [Opt 31-1287] Pulled Inverter chiptop0/system/pbus/out_xbar/state_1_i_1__0 into driver instance chiptop0/system/pbus/out_xbar/state_1_i_2__0, which resulted in an inversion of 39 pins
INFO: [Opt 31-1287] Pulled Inverter chiptop0/system/pbus/out_xbar/state_2_i_1 into driver instance chiptop0/system/pbus/out_xbar/state_2_i_2, which resulted in an inversion of 11 pins
INFO: [Opt 31-1287] Pulled Inverter chiptop0/system/pbus/out_xbar/state_3_i_1 into driver instance chiptop0/system/pbus/out_xbar/state_3_i_2, which resulted in an inversion of 43 pins
INFO: [Opt 31-1287] Pulled Inverter chiptop0/system/plic_domain/plic/maxDevs_0[1]_i_1 into driver instance chiptop0/system/plic_domain/plic/maxDevs_0[1]_i_2, which resulted in an inversion of 3 pins
INFO: [Opt 31-1287] Pulled Inverter chiptop0/system/plic_domain/plic/maxDevs_1[1]_i_1 into driver instance chiptop0/system/plic_domain/plic/maxDevs_1[1]_i_2, which resulted in an inversion of 3 pins
INFO: [Opt 31-1287] Pulled Inverter chiptop0/system/sbus/system_bus_xbar/state_3_1_i_1 into driver instance chiptop0/system/sbus/system_bus_xbar/Memory_reg_0_1_0_13_i_18__4, which resulted in an inversion of 79 pins
INFO: [Opt 31-1287] Pulled Inverter chiptop0/system/spiClockDomainWrapper/spi_0/mac/phy/deq_ptr_value[2]_i_1__2 into driver instance chiptop0/system/spiClockDomainWrapper/spi_0/mac/phy/deq_ptr_value[2]_i_3__2, which resulted in an inversion of 9 pins
INFO: [Opt 31-1287] Pulled Inverter chiptop0/system/tile_prci_domain/buffer/nodeIn_d_q/ram_ext/r_counter[8]_i_1 into driver instance chiptop0/system/tile_prci_domain/buffer/nodeIn_d_q/ram_ext/release_ack_wait_i_2, which resulted in an inversion of 7 pins
INFO: [Opt 31-1287] Pulled Inverter chiptop0/system/tile_prci_domain/element_reset_domain_rockettile/core/csr/reg_mstatus_prv[0]_i_1 into driver instance chiptop0/system/tile_prci_domain/element_reset_domain_rockettile/core/csr/reg_mstatus_prv[0]_i_2, which resulted in an inversion of 2 pins
INFO: [Opt 31-1287] Pulled Inverter chiptop0/system/tile_prci_domain/element_reset_domain_rockettile/core/csr/reg_pmp_2_cfg_r_i_2 into driver instance chiptop0/system/tile_prci_domain/element_reset_domain_rockettile/core/csr/reg_pmp_2_cfg_r_i_3, which resulted in an inversion of 9 pins
INFO: [Opt 31-1287] Pulled Inverter chiptop0/system/tile_prci_domain/element_reset_domain_rockettile/core/csr/reg_pmp_3_cfg_r_i_2 into driver instance chiptop0/system/tile_prci_domain/element_reset_domain_rockettile/core/csr/reg_pmp_3_cfg_r_i_3, which resulted in an inversion of 9 pins
INFO: [Opt 31-1287] Pulled Inverter chiptop0/system/tile_prci_domain/element_reset_domain_rockettile/dcache/probe_bits_size[3]_i_1 into driver instance chiptop0/system/tile_prci_domain/element_reset_domain_rockettile/dcache/probe_bits_address[31]_i_6, which resulted in an inversion of 29 pins
INFO: [Opt 31-1287] Pulled Inverter chiptop0/system/tile_prci_domain/element_reset_domain_rockettile/dcache/r_req_dest_i_1 into driver instance chiptop0/system/tile_prci_domain/element_reset_domain_rockettile/dcache/r_req_addr[26]_i_4, which resulted in an inversion of 32 pins
INFO: [Opt 31-1287] Pulled Inverter chiptop0/system/tile_prci_domain/element_reset_domain_rockettile/dcache/s2_req_addr[12]_i_1 into driver instance chiptop0/system/tile_prci_domain/element_reset_domain_rockettile/dcache/s2_req_addr[12]_i_2, which resulted in an inversion of 9 pins
INFO: [Opt 31-1287] Pulled Inverter chiptop0/system/tile_prci_domain/element_reset_domain_rockettile/dcache/s2_req_addr[13]_i_1 into driver instance chiptop0/system/tile_prci_domain/element_reset_domain_rockettile/dcache/s2_req_addr[13]_i_2, which resulted in an inversion of 9 pins
INFO: [Opt 31-1287] Pulled Inverter chiptop0/system/tile_prci_domain/element_reset_domain_rockettile/dcache/s2_req_addr[14]_i_1 into driver instance chiptop0/system/tile_prci_domain/element_reset_domain_rockettile/dcache/s2_req_addr[14]_i_2, which resulted in an inversion of 9 pins
INFO: [Opt 31-1287] Pulled Inverter chiptop0/system/tile_prci_domain/element_reset_domain_rockettile/dcache/s2_req_addr[15]_i_1 into driver instance chiptop0/system/tile_prci_domain/element_reset_domain_rockettile/dcache/s2_req_addr[15]_i_2, which resulted in an inversion of 9 pins
INFO: [Opt 31-1287] Pulled Inverter chiptop0/system/tile_prci_domain/element_reset_domain_rockettile/dcache/s2_req_addr[16]_i_1 into driver instance chiptop0/system/tile_prci_domain/element_reset_domain_rockettile/dcache/s2_req_addr[16]_i_2, which resulted in an inversion of 9 pins
INFO: [Opt 31-1287] Pulled Inverter chiptop0/system/tile_prci_domain/element_reset_domain_rockettile/dcache/s2_req_addr[17]_i_1 into driver instance chiptop0/system/tile_prci_domain/element_reset_domain_rockettile/dcache/s2_req_addr[17]_i_2, which resulted in an inversion of 9 pins
INFO: [Opt 31-1287] Pulled Inverter chiptop0/system/tile_prci_domain/element_reset_domain_rockettile/dcache/s2_req_addr[18]_i_1 into driver instance chiptop0/system/tile_prci_domain/element_reset_domain_rockettile/dcache/s2_req_addr[18]_i_2, which resulted in an inversion of 9 pins
INFO: [Opt 31-1287] Pulled Inverter chiptop0/system/tile_prci_domain/element_reset_domain_rockettile/dcache/s2_req_addr[19]_i_1 into driver instance chiptop0/system/tile_prci_domain/element_reset_domain_rockettile/dcache/s2_req_addr[19]_i_2, which resulted in an inversion of 9 pins
INFO: [Opt 31-1287] Pulled Inverter chiptop0/system/tile_prci_domain/element_reset_domain_rockettile/dcache/s2_req_addr[20]_i_1 into driver instance chiptop0/system/tile_prci_domain/element_reset_domain_rockettile/dcache/s2_req_addr[20]_i_2, which resulted in an inversion of 9 pins
INFO: [Opt 31-1287] Pulled Inverter chiptop0/system/tile_prci_domain/element_reset_domain_rockettile/dcache/s2_req_addr[21]_i_1 into driver instance chiptop0/system/tile_prci_domain/element_reset_domain_rockettile/dcache/s2_req_addr[21]_i_2, which resulted in an inversion of 9 pins
INFO: [Opt 31-1287] Pulled Inverter chiptop0/system/tile_prci_domain/element_reset_domain_rockettile/dcache/s2_req_addr[22]_i_1 into driver instance chiptop0/system/tile_prci_domain/element_reset_domain_rockettile/dcache/s2_req_addr[22]_i_2, which resulted in an inversion of 9 pins
INFO: [Opt 31-1287] Pulled Inverter chiptop0/system/tile_prci_domain/element_reset_domain_rockettile/dcache/s2_req_addr[23]_i_1 into driver instance chiptop0/system/tile_prci_domain/element_reset_domain_rockettile/dcache/s2_req_addr[23]_i_2, which resulted in an inversion of 9 pins
INFO: [Opt 31-1287] Pulled Inverter chiptop0/system/tile_prci_domain/element_reset_domain_rockettile/dcache/s2_req_addr[24]_i_1 into driver instance chiptop0/system/tile_prci_domain/element_reset_domain_rockettile/dcache/s2_req_addr[24]_i_2, which resulted in an inversion of 9 pins
INFO: [Opt 31-1287] Pulled Inverter chiptop0/system/tile_prci_domain/element_reset_domain_rockettile/dcache/s2_req_addr[25]_i_1 into driver instance chiptop0/system/tile_prci_domain/element_reset_domain_rockettile/dcache/s2_req_addr[25]_i_2, which resulted in an inversion of 9 pins
INFO: [Opt 31-1287] Pulled Inverter chiptop0/system/tile_prci_domain/element_reset_domain_rockettile/dcache/s2_req_addr[26]_i_1 into driver instance chiptop0/system/tile_prci_domain/element_reset_domain_rockettile/dcache/s2_req_addr[26]_i_2, which resulted in an inversion of 9 pins
INFO: [Opt 31-1287] Pulled Inverter chiptop0/system/tile_prci_domain/element_reset_domain_rockettile/dcache/s2_req_addr[27]_i_1 into driver instance chiptop0/system/tile_prci_domain/element_reset_domain_rockettile/dcache/s2_req_addr[27]_i_2, which resulted in an inversion of 9 pins
INFO: [Opt 31-1287] Pulled Inverter chiptop0/system/tile_prci_domain/element_reset_domain_rockettile/dcache/s2_req_addr[28]_i_1 into driver instance chiptop0/system/tile_prci_domain/element_reset_domain_rockettile/dcache/s2_req_addr[28]_i_2, which resulted in an inversion of 9 pins
INFO: [Opt 31-1287] Pulled Inverter chiptop0/system/tile_prci_domain/element_reset_domain_rockettile/dcache/s2_req_addr[29]_i_1 into driver instance chiptop0/system/tile_prci_domain/element_reset_domain_rockettile/dcache/s2_req_addr[29]_i_2, which resulted in an inversion of 9 pins
INFO: [Opt 31-1287] Pulled Inverter chiptop0/system/tile_prci_domain/element_reset_domain_rockettile/dcache/s2_req_addr[30]_i_1 into driver instance chiptop0/system/tile_prci_domain/element_reset_domain_rockettile/dcache/s2_req_addr[30]_i_2, which resulted in an inversion of 9 pins
INFO: [Opt 31-1287] Pulled Inverter chiptop0/system/tile_prci_domain/element_reset_domain_rockettile/dcache/s2_req_addr[31]_i_2 into driver instance chiptop0/system/tile_prci_domain/element_reset_domain_rockettile/dcache/s2_req_addr[31]_i_7, which resulted in an inversion of 9 pins
INFO: [Opt 31-1287] Pulled Inverter chiptop0/system/tile_prci_domain/element_reset_domain_rockettile/dcache/tlb_r_sectored_hit_bits[0]_i_1 into driver instance chiptop0/system/tile_prci_domain/element_reset_domain_rockettile/dcache/tlb_state_vec_0[4]_i_2, which resulted in an inversion of 6 pins
INFO: [Opt 31-1287] Pulled Inverter chiptop0/system/tile_prci_domain/element_reset_domain_rockettile/dcache/tlb_r_sectored_hit_bits[1]_i_1 into driver instance chiptop0/system/tile_prci_domain/element_reset_domain_rockettile/dcache/tlb_state_vec_0[5]_i_2, which resulted in an inversion of 7 pins
INFO: [Opt 31-1287] Pulled Inverter chiptop0/system/tile_prci_domain/element_reset_domain_rockettile/dcache/tlb_r_sectored_hit_bits[2]_i_1 into driver instance chiptop0/system/tile_prci_domain/element_reset_domain_rockettile/dcache/tlb_state_vec_0[6]_i_2, which resulted in an inversion of 4 pins
INFO: [Opt 31-1287] Pulled Inverter chiptop0/system/tile_prci_domain/element_reset_domain_rockettile/dcache/tlb_r_sectored_hit_valid_i_1 into driver instance chiptop0/system/tile_prci_domain/element_reset_domain_rockettile/dcache/tlb_r_sectored_hit_valid_i_2, which resulted in an inversion of 4 pins
INFO: [Opt 31-1287] Pulled Inverter chiptop0/system/tile_prci_domain/element_reset_domain_rockettile/fpuOpt/fpmu/common_totalUnderflow_carry_i_2__1 into driver instance chiptop0/system/tile_prci_domain/element_reset_domain_rockettile/fpuOpt/fpmu/common_totalUnderflow_carry_i_12__0, which resulted in an inversion of 3 pins
INFO: [Opt 31-1287] Pulled Inverter chiptop0/system/tile_prci_domain/element_reset_domain_rockettile/fpuOpt/fpmu/io_out_pipe_b_data[64]_i_1__0 into driver instance chiptop0/system/tile_prci_domain/element_reset_domain_rockettile/fpuOpt/fpmu/io_out_pipe_b_data[64]_i_2, which resulted in an inversion of 3 pins
INFO: [Opt 31-1287] Pulled Inverter chiptop0/system/tile_prci_domain/element_reset_domain_rockettile/fpuOpt/fpmu/narrower_1/roundAnyRawFNToRecFN/common_totalUnderflow_carry_i_4 into driver instance chiptop0/system/tile_prci_domain/element_reset_domain_rockettile/fpuOpt/fpmu/narrower_1/roundAnyRawFNToRecFN/io_out_pipe_b_data[26]_i_2__0, which resulted in an inversion of 2 pins
INFO: [Opt 31-1287] Pulled Inverter chiptop0/system/tile_prci_domain/element_reset_domain_rockettile/fpuOpt/sfma/fma/mulAddRecFNToRaw_preMul/mulAddRecFNToRaw_postMul_io_fromPreMul_pipe_b_CDom_CAlignDist[4]_i_1 into driver instance chiptop0/system/tile_prci_domain/element_reset_domain_rockettile/fpuOpt/sfma/fma/mulAddRecFNToRaw_preMul/mulAddRecFNToRaw_postMul_io_fromPreMul_pipe_b_CDom_CAlignDist[4]_i_2, which resulted in an inversion of 84 pins
INFO: [Opt 31-1287] Pulled Inverter chiptop0/system/tile_prci_domain/element_reset_domain_rockettile/frontend/btb/idxPages_1[0]_i_1 into driver instance chiptop0/system/tile_prci_domain/element_reset_domain_rockettile/frontend/btb/pages_0[24]_i_5, which resulted in an inversion of 59 pins
INFO: [Opt 31-1287] Pulled Inverter chiptop0/system/tile_prci_domain/element_reset_domain_rockettile/frontend/fq/Memory_reg_r1_0_31_0_13_i_16 into driver instance chiptop0/system/tile_prci_domain/element_reset_domain_rockettile/frontend/fq/Memory_reg_r1_0_31_0_13_i_57, which resulted in an inversion of 9 pins
INFO: [Opt 31-1287] Pulled Inverter chiptop0/system/tile_prci_domain/element_reset_domain_rockettile/frontend/fq/Memory_reg_r1_0_31_0_13_i_19 into driver instance chiptop0/system/tile_prci_domain/element_reset_domain_rockettile/frontend/fq/Memory_reg_r1_0_31_0_13_i_60, which resulted in an inversion of 23 pins
INFO: [Opt 31-1287] Pulled Inverter chiptop0/system/tile_prci_domain/element_reset_domain_rockettile/frontend/fq/Memory_reg_r1_0_31_0_13_i_20 into driver instance chiptop0/system/tile_prci_domain/element_reset_domain_rockettile/frontend/fq/Memory_reg_r1_0_31_0_13_i_61, which resulted in an inversion of 23 pins
INFO: [Opt 31-1287] Pulled Inverter chiptop0/system/tile_prci_domain/element_reset_domain_rockettile/frontend/fq/Memory_reg_r2_0_31_0_13_i_2 into driver instance chiptop0/system/tile_prci_domain/element_reset_domain_rockettile/frontend/fq/Memory_reg_r2_0_31_0_13_i_7, which resulted in an inversion of 10 pins
INFO: [Opt 31-1287] Pulled Inverter chiptop0/system/tile_prci_domain/element_reset_domain_rockettile/frontend/fq/Memory_reg_r2_0_31_0_13_i_4 into driver instance chiptop0/system/tile_prci_domain/element_reset_domain_rockettile/frontend/fq/Memory_reg_r2_0_31_0_13_i_9, which resulted in an inversion of 23 pins
INFO: [Opt 31-1287] Pulled Inverter chiptop0/system/tile_prci_domain/element_reset_domain_rockettile/frontend/fq/Memory_reg_r2_0_31_0_13_i_5 into driver instance chiptop0/system/tile_prci_domain/element_reset_domain_rockettile/frontend/fq/Memory_reg_r2_0_31_0_13_i_10, which resulted in an inversion of 23 pins
INFO: [Opt 31-1287] Pulled Inverter chiptop0/system/tile_prci_domain/element_reset_domain_rockettile/frontend/fq/ex_ctrl_branch_i_1 into driver instance chiptop0/system/tile_prci_domain/element_reset_domain_rockettile/frontend/fq/ex_ctrl_branch_i_2, which resulted in an inversion of 6 pins
INFO: [Opt 31-1287] Pulled Inverter chiptop0/system/tile_prci_domain/element_reset_domain_rockettile/frontend/fq/ex_ctrl_div_i_1 into driver instance chiptop0/system/tile_prci_domain/element_reset_domain_rockettile/frontend/fq/ex_ctrl_div_i_2, which resulted in an inversion of 2 pins
INFO: [Opt 31-1287] Pulled Inverter chiptop0/system/tile_prci_domain/element_reset_domain_rockettile/frontend/icache/s2_btb_resp_bits_bht_history[7]_i_1 into driver instance chiptop0/system/tile_prci_domain/element_reset_domain_rockettile/frontend/icache/rockettile_icache_data_arrays_1/rockettile_icache_data_arrays_0_ext/mem_0_0/s2_valid_i_5, which resulted in an inversion of 48 pins
INFO: [Opt 31-1287] Pulled Inverter chiptop0/system/tile_prci_domain/element_reset_domain_rockettile/frontend/tlb/r_sectored_hit_bits[0]_i_1 into driver instance chiptop0/system/tile_prci_domain/element_reset_domain_rockettile/frontend/tlb/state_vec_0[4]_i_2, which resulted in an inversion of 6 pins
INFO: [Opt 31-1287] Pulled Inverter chiptop0/system/tile_prci_domain/element_reset_domain_rockettile/frontend/tlb/r_sectored_hit_bits[1]_i_1 into driver instance chiptop0/system/tile_prci_domain/element_reset_domain_rockettile/frontend/tlb/state_vec_0[5]_i_2, which resulted in an inversion of 7 pins
INFO: [Opt 31-1287] Pulled Inverter chiptop0/system/tile_prci_domain/element_reset_domain_rockettile/frontend/tlb/r_sectored_hit_bits[2]_i_1 into driver instance chiptop0/system/tile_prci_domain/element_reset_domain_rockettile/frontend/tlb/state_vec_0[6]_i_2, which resulted in an inversion of 8 pins
INFO: [Opt 31-1287] Pulled Inverter chiptop0/system/tile_prci_domain/element_reset_domain_rockettile/frontend/tlb/r_sectored_hit_valid_i_1 into driver instance chiptop0/system/tile_prci_domain/element_reset_domain_rockettile/frontend/tlb/r_sectored_hit_valid_i_2, which resulted in an inversion of 2 pins
INFO: [Opt 31-1287] Pulled Inverter chiptop0/system/tile_prci_domain/element_reset_domain_rockettile/tlMasterXbar/state_0_i_1__0 into driver instance chiptop0/system/tile_prci_domain/element_reset_domain_rockettile/tlMasterXbar/state_0_i_2__0, which resulted in an inversion of 115 pins
INFO: [Opt 31-1287] Pulled Inverter chiptop0/system/tile_prci_domain/element_reset_domain_rockettile/tlMasterXbar/state_1_i_1 into driver instance chiptop0/system/tile_prci_domain/element_reset_domain_rockettile/tlMasterXbar/state_1_i_2, which resulted in an inversion of 38 pins
INFO: [Opt 31-1287] Pulled Inverter chiptop0/system/tlDM/dmInner/dmiXing/nodeOut_a_sink/io_deq_bits_deq_bits_reg/sbErrorReg_0_i_10 into driver instance chiptop0/system/tlDM/dmInner/dmiXing/nodeOut_a_sink/io_deq_bits_deq_bits_reg/sbState[1]_i_11, which resulted in an inversion of 2 pins
INFO: [Opt 31-1287] Pulled Inverter ps/axi4asource/nodeIn_b_sink/source_valid/io_out_sink_valid_0/output_chain/sync_2_reg_srl2_ps_island_axi4asink_nodeIn_b_source_source_valid_0_io_out_sink_valid_0_output_chain_sync_1_reg_c_i_1__8 into driver instance ps/axi4asource/nodeIn_b_sink/source_valid/io_out_sink_valid_0/output_chain/sync_2_reg_srl2_ps_island_axi4asink_nodeIn_b_source_source_valid_0_io_out_sink_valid_0_output_chain_sync_1_reg_c_i_2__0, which resulted in an inversion of 18 pins
INFO: [Opt 31-1287] Pulled Inverter ps/axi4asource/nodeIn_b_sink/source_valid/io_out_sink_valid_0/output_chain/sync_2_reg_srl2_ps_island_axi4asink_nodeIn_b_source_source_valid_0_io_out_sink_valid_0_output_chain_sync_1_reg_c_i_1__9 into driver instance ps/axi4asource/nodeIn_b_sink/source_valid/io_out_sink_valid_0/output_chain/cdc_reg[7]_i_3__0, which resulted in an inversion of 18 pins
INFO: [Opt 31-1287] Pulled Inverter ps/axi4asource/nodeIn_r_sink/io_deq_bits_deq_bits_reg/sync_2_reg_srl2_ps_island_axi4asink_nodeIn_b_source_source_valid_0_io_out_sink_valid_0_output_chain_sync_1_reg_c_i_1__11 into driver instance ps/axi4asource/nodeIn_r_sink/io_deq_bits_deq_bits_reg/sync_2_reg_srl2_ps_island_axi4asink_nodeIn_b_source_source_valid_0_io_out_sink_valid_0_output_chain_sync_1_reg_c_i_2__1, which resulted in an inversion of 5 pins
INFO: [Opt 31-1287] Pulled Inverter ps/axi4asource/nodeIn_r_sink/io_deq_bits_deq_bits_reg/sync_2_reg_srl2_ps_island_axi4asink_nodeIn_b_source_source_valid_0_io_out_sink_valid_0_output_chain_sync_1_reg_c_i_1__12 into driver instance ps/axi4asource/nodeIn_r_sink/io_deq_bits_deq_bits_reg/cdc_reg[136]_i_3__0, which resulted in an inversion of 139 pins
INFO: [Opt 31-1287] Pulled Inverter ps/axi4asource/nodeOut_w_source/widx_gray[0]_i_1__1 into driver instance ps/axi4asource/nodeOut_w_source/widx_gray[0]_i_2, which resulted in an inversion of 2 pins
INFO: [Opt 31-1287] Pulled Inverter ps/axi4asource/nodeOut_w_source/widx_gray[1]_i_1__1 into driver instance ps/axi4asource/nodeOut_w_source/ready_reg_i_2__3, which resulted in an inversion of 2 pins
INFO: [Opt 31-1287] Pulled Inverter ps/axi4asource/nodeOut_w_source/widx_gray[2]_i_1__1 into driver instance ps/axi4asource/nodeOut_w_source/ready_reg_i_3__3, which resulted in an inversion of 2 pins
INFO: [Opt 31-1287] Pulled Inverter ps/axi4asource/nodeOut_w_source/widx_widx_bin[3]_i_1__1 into driver instance ps/axi4asource/nodeOut_w_source/widx_widx_bin[3]_i_2, which resulted in an inversion of 2 pins
INFO: [Opt 31-1287] Pulled Inverter ps/island/axi4asink/nodeOut_w_sink/sync_2_reg_srl2_ps_island_axi4asink_nodeIn_b_source_source_valid_0_io_out_sink_valid_0_output_chain_sync_1_reg_c_i_1__6 into driver instance ps/island/axi4asink/nodeOut_w_sink/io_deq_bits_deq_bits_reg/sync_2_reg_srl2_ps_island_axi4asink_nodeIn_b_source_source_valid_0_io_out_sink_valid_0_output_chain_sync_1_reg_c_i_2, which resulted in an inversion of 98 pins
INFO: [Common 17-14] Message 'Opt 31-1287' appears 100 times and further instances of the messages will be disabled. Use the Tcl command set_msg_config to change the current settings.
INFO: [Opt 31-138] Pushed 9 inverter(s) to 2160 load pin(s).
INFO: [Opt 31-422] The CLOCK_DOMAINS attribute on the BRAM cell u_ila_jtag/inst/ila_core_inst/ila_trace_memory_inst/SUBCORE_RAM_BLK_MEM_1.trace_block_memory/inst_blk_mem_gen/gnbram.gnativebmg.native_blk_mem_gen/valid.cstr/ramloop[0].ram.r/prim_noinit.ram/DEVICE_8SERIES.NO_BMM_INFO.SDP.SIMPLE_PRIM18.ram has been changed from INDEPENDENT to COMMON to match the clocking topology used for the BRAM.
INFO: [Opt 31-422] The CLOCK_DOMAINS attribute on the BRAM cell u_ila_jtag/inst/ila_core_inst/ila_trace_memory_inst/SUBCORE_RAM_BLK_MEM_1.trace_block_memory/inst_blk_mem_gen/gnbram.gnativebmg.native_blk_mem_gen/valid.cstr/ramloop[1].ram.r/prim_noinit.ram/DEVICE_8SERIES.NO_BMM_INFO.SDP.SIMPLE_PRIM36.ram has been changed from INDEPENDENT to COMMON to match the clocking topology used for the BRAM.
INFO: [Opt 31-422] The CLOCK_DOMAINS attribute on the BRAM cell u_ila_jtag/inst/ila_core_inst/ila_trace_memory_inst/SUBCORE_RAM_BLK_MEM_1.trace_block_memory/inst_blk_mem_gen/gnbram.gnativebmg.native_blk_mem_gen/valid.cstr/ramloop[2].ram.r/prim_noinit.ram/DEVICE_8SERIES.NO_BMM_INFO.SDP.SIMPLE_PRIM36.ram has been changed from INDEPENDENT to COMMON to match the clocking topology used for the BRAM.
INFO: [Opt 31-422] The CLOCK_DOMAINS attribute on the BRAM cell u_ila_jtag/inst/ila_core_inst/ila_trace_memory_inst/SUBCORE_RAM_BLK_MEM_1.trace_block_memory/inst_blk_mem_gen/gnbram.gnativebmg.native_blk_mem_gen/valid.cstr/ramloop[3].ram.r/prim_noinit.ram/DEVICE_8SERIES.NO_BMM_INFO.SDP.SIMPLE_PRIM36.ram has been changed from INDEPENDENT to COMMON to match the clocking topology used for the BRAM.
INFO: [Opt 31-49] Retargeted 0 cell(s).
Phase 2 Retarget | Checksum: 1c14903e4

Time (s): cpu = 00:00:14 ; elapsed = 00:02:41 . Memory (MB): peak = 3389.566 ; gain = 51.945
INFO: [Opt 31-389] Phase Retarget created 14 cells and removed 397 cells
INFO: [Opt 31-1021] In phase Retarget, 66 netlist objects are constrained preventing optimization. Please run opt_design with -debug_log to get more detail. 

Phase 3 Constant propagation
INFO: [Opt 31-138] Pushed 0 inverter(s) to 0 load pin(s).
Phase 3 Constant propagation | Checksum: 16eeb247c

Time (s): cpu = 00:00:14 ; elapsed = 00:02:41 . Memory (MB): peak = 3389.566 ; gain = 51.945
INFO: [Opt 31-389] Phase Constant propagation created 9 cells and removed 65 cells
INFO: [Opt 31-1021] In phase Constant propagation, 50 netlist objects are constrained preventing optimization. Please run opt_design with -debug_log to get more detail. 

Phase 4 Sweep
Phase 4 Sweep | Checksum: 1a89fbb75

Time (s): cpu = 00:00:16 ; elapsed = 00:02:42 . Memory (MB): peak = 3389.566 ; gain = 51.945
INFO: [Opt 31-389] Phase Sweep created 0 cells and removed 45 cells
INFO: [Opt 31-1021] In phase Sweep, 896 netlist objects are constrained preventing optimization. Please run opt_design with -debug_log to get more detail. 

Phase 5 BUFG optimization
INFO: [Opt 31-1077] Phase BUFG optimization inserted 0 global clock buffer(s) for CLOCK_LOW_FANOUT.
Phase 5 BUFG optimization | Checksum: 1a89fbb75

Time (s): cpu = 00:00:17 ; elapsed = 00:02:44 . Memory (MB): peak = 3389.566 ; gain = 51.945
INFO: [Opt 31-662] Phase BUFG optimization created 0 cells of which 0 are BUFGs and removed 0 cells.
INFO: [Opt 31-1021] In phase BUFG optimization, 1 netlist objects are constrained preventing optimization. Please run opt_design with -debug_log to get more detail. 

Phase 6 Shift Register Optimization
INFO: [Opt 31-1064] SRL Remap converted 0 SRLs to 0 registers and converted 0 registers of register chains to 0 SRLs
Phase 6 Shift Register Optimization | Checksum: 1a89fbb75

Time (s): cpu = 00:00:17 ; elapsed = 00:02:44 . Memory (MB): peak = 3389.566 ; gain = 51.945
INFO: [Opt 31-389] Phase Shift Register Optimization created 0 cells and removed 0 cells

Phase 7 Post Processing Netlist
Phase 7 Post Processing Netlist | Checksum: 1a89fbb75

Time (s): cpu = 00:00:17 ; elapsed = 00:02:44 . Memory (MB): peak = 3389.566 ; gain = 51.945
INFO: [Opt 31-389] Phase Post Processing Netlist created 0 cells and removed 0 cells
INFO: [Opt 31-1021] In phase Post Processing Netlist, 58 netlist objects are constrained preventing optimization. Please run opt_design with -debug_log to get more detail. 
Opt_design Change Summary
=========================


-------------------------------------------------------------------------------------------------------------------------
|  Phase                        |  #Cells created  |  #Cells Removed  |  #Constrained objects preventing optimizations  |
-------------------------------------------------------------------------------------------------------------------------
|  Retarget                     |              14  |             397  |                                             66  |
|  Constant propagation         |               9  |              65  |                                             50  |
|  Sweep                        |               0  |              45  |                                            896  |
|  BUFG optimization            |               0  |               0  |                                              1  |
|  Shift Register Optimization  |               0  |               0  |                                              0  |
|  Post Processing Netlist      |               0  |               0  |                                             58  |
-------------------------------------------------------------------------------------------------------------------------



Starting Connectivity Check Task

Time (s): cpu = 00:00:00 ; elapsed = 00:00:00.167 . Memory (MB): peak = 3389.566 ; gain = 0.000
Ending Logic Optimization Task | Checksum: 1dd07f78f

Time (s): cpu = 00:00:18 ; elapsed = 00:02:45 . Memory (MB): peak = 3389.566 ; gain = 51.945

Starting Power Optimization Task
INFO: [Pwropt 34-132] Skipping clock gating for clocks with a period < 2.00 ns.
INFO: [Timing 38-35] Done setting XDC timing constraints.
Running Vector-less Activity Propagation...
INFO: [Pwropt 34-9] Applying IDT optimizations ...
INFO: [Pwropt 34-10] Applying ODC optimizations ...

Finished Running Vector-less Activity Propagation


Starting PowerOpt Patch Enables Task
INFO: [Pwropt 34-162] WRITE_MODE attribute of 0 BRAM(s) out of a total of 224 has been updated to save power. Run report_power_opt to get a complete listing of the BRAMs updated.
INFO: [Pwropt 34-201] Structural ODC has moved 0 WE to EN ports
Number of BRAM Ports augmented: 100 newly gated: 0 Total Ports: 448
Ending PowerOpt Patch Enables Task | Checksum: 205d36261

Time (s): cpu = 00:00:01 ; elapsed = 00:00:00.856 . Memory (MB): peak = 4236.695 ; gain = 0.000
Ending Power Optimization Task | Checksum: 205d36261

Time (s): cpu = 00:00:38 ; elapsed = 00:00:20 . Memory (MB): peak = 4236.695 ; gain = 847.129

Starting Final Cleanup Task
Ending Final Cleanup Task | Checksum: 205d36261

Time (s): cpu = 00:00:00 ; elapsed = 00:00:00.001 . Memory (MB): peak = 4236.695 ; gain = 0.000

Starting Netlist Obfuscation Task
Netlist sorting complete. Time (s): cpu = 00:00:00 ; elapsed = 00:00:00.047 . Memory (MB): peak = 4236.695 ; gain = 0.000
Ending Netlist Obfuscation Task | Checksum: 18f9ec7fb

Time (s): cpu = 00:00:00 ; elapsed = 00:00:00.049 . Memory (MB): peak = 4236.695 ; gain = 0.000
INFO: [Common 17-83] Releasing license: Implementation
145 Infos, 12 Warnings, 0 Critical Warnings and 0 Errors encountered.
opt_design completed successfully
opt_design: Time (s): cpu = 00:01:02 ; elapsed = 00:03:10 . Memory (MB): peak = 4236.695 ; gain = 1199.203
# place_design
Command: place_design
Attempting to get a license for feature 'Implementation' and/or device 'xczu7ev'
INFO: [Common 17-349] Got license for feature 'Implementation' and/or device 'xczu7ev'
INFO: [Timing 38-35] Done setting XDC timing constraints.
INFO: [DRC 23-27] Running DRC with 2 threads
INFO: [Vivado_Tcl 4-198] DRC finished with 0 Errors
INFO: [Vivado_Tcl 4-199] Please refer to the DRC report (report_drc) for more information.
Running DRC as a precondition to command place_design
INFO: [DRC 23-27] Running DRC with 2 threads
WARNING: [DRC RPBF-3] IO port buffering is incomplete: Device port sdio_spi_clk expects both input and output buffering but the buffers are incomplete.
WARNING: [DRC RPBF-3] IO port buffering is incomplete: Device port sdio_spi_cs expects both input and output buffering but the buffers are incomplete.
WARNING: [DRC RPBF-3] IO port buffering is incomplete: Device port sdio_spi_dat_0 expects both input and output buffering but the buffers are incomplete.
WARNING: [DRC RPBF-3] IO port buffering is incomplete: Device port sdio_spi_dat_3 expects both input and output buffering but the buffers are incomplete.
WARNING: [DRC RPBF-3] IO port buffering is incomplete: Device port uart_rxd expects both input and output buffering but the buffers are incomplete.
WARNING: [DRC RPBF-3] IO port buffering is incomplete: Device port uart_txd expects both input and output buffering but the buffers are incomplete.
INFO: [Vivado_Tcl 4-198] DRC finished with 0 Errors, 6 Warnings
INFO: [Vivado_Tcl 4-199] Please refer to the DRC report (report_drc) for more information.

Starting Placer Task
INFO: [Place 30-611] Multithreading enabled for place_design using a maximum of 2 CPUs

Phase 1 Placer Initialization

Phase 1.1 Placer Initialization Netlist Sorting
Netlist sorting complete. Time (s): cpu = 00:00:00 ; elapsed = 00:00:00.024 . Memory (MB): peak = 4567.844 ; gain = 0.000
Phase 1.1 Placer Initialization Netlist Sorting | Checksum: 120ef01e0

Time (s): cpu = 00:00:00 ; elapsed = 00:00:00.051 . Memory (MB): peak = 4567.844 ; gain = 0.000
Netlist sorting complete. Time (s): cpu = 00:00:00 ; elapsed = 00:00:00.018 . Memory (MB): peak = 4567.844 ; gain = 0.000

Phase 1.2 IO Placement/ Clock Placement/ Build Placer Device
Phase 1.2 IO Placement/ Clock Placement/ Build Placer Device | Checksum: 80e2d94e

Time (s): cpu = 00:00:04 ; elapsed = 00:00:03 . Memory (MB): peak = 4567.844 ; gain = 0.000

Phase 1.3 Build Placer Netlist Model
Phase 1.3 Build Placer Netlist Model | Checksum: 109e8e8eb

Time (s): cpu = 00:00:21 ; elapsed = 00:00:15 . Memory (MB): peak = 4567.844 ; gain = 0.000

Phase 1.4 Constrain Clocks/Macros
Phase 1.4 Constrain Clocks/Macros | Checksum: 109e8e8eb

Time (s): cpu = 00:00:21 ; elapsed = 00:00:15 . Memory (MB): peak = 4567.844 ; gain = 0.000
Phase 1 Placer Initialization | Checksum: 109e8e8eb

Time (s): cpu = 00:00:21 ; elapsed = 00:00:16 . Memory (MB): peak = 4567.844 ; gain = 0.000

Phase 2 Global Placement

Phase 2.1 Floorplanning

Phase 2.1.1 Partition Driven Placement

Phase 2.1.1.1 PBP: Partition Driven Placement
Phase 2.1.1.1 PBP: Partition Driven Placement | Checksum: ab30f416

Time (s): cpu = 00:01:02 ; elapsed = 00:00:41 . Memory (MB): peak = 4567.844 ; gain = 0.000

Phase 2.1.1.2 PBP: Clock Region Placement
Phase 2.1.1.2 PBP: Clock Region Placement | Checksum: 1d52fa3da

Time (s): cpu = 00:01:03 ; elapsed = 00:00:43 . Memory (MB): peak = 4567.844 ; gain = 0.000

Phase 2.1.1.3 PBP: Discrete Incremental
Phase 2.1.1.3 PBP: Discrete Incremental | Checksum: 1adaaeee4

Time (s): cpu = 00:01:03 ; elapsed = 00:00:43 . Memory (MB): peak = 4567.844 ; gain = 0.000

Phase 2.1.1.4 PBP: Compute Congestion
Phase 2.1.1.4 PBP: Compute Congestion | Checksum: 1adaaeee4

Time (s): cpu = 00:01:04 ; elapsed = 00:00:43 . Memory (MB): peak = 4567.844 ; gain = 0.000

Phase 2.1.1.5 PBP: Macro Placement
Phase 2.1.1.5 PBP: Macro Placement | Checksum: 56e04e43

Time (s): cpu = 00:01:04 ; elapsed = 00:00:44 . Memory (MB): peak = 4567.844 ; gain = 0.000

Phase 2.1.1.6 PBP: UpdateTiming
Phase 2.1.1.6 PBP: UpdateTiming | Checksum: 14eadaed2

Time (s): cpu = 00:01:09 ; elapsed = 00:00:47 . Memory (MB): peak = 4567.844 ; gain = 0.000

Phase 2.1.1.7 PBP: Add part constraints
Phase 2.1.1.7 PBP: Add part constraints | Checksum: 14eadaed2

Time (s): cpu = 00:01:09 ; elapsed = 00:00:47 . Memory (MB): peak = 4567.844 ; gain = 0.000
Phase 2.1.1 Partition Driven Placement | Checksum: 14eadaed2

Time (s): cpu = 00:01:09 ; elapsed = 00:00:47 . Memory (MB): peak = 4567.844 ; gain = 0.000
Phase 2.1 Floorplanning | Checksum: f68be47c

Time (s): cpu = 00:01:09 ; elapsed = 00:00:47 . Memory (MB): peak = 4567.844 ; gain = 0.000

Phase 2.2 Update Timing before SLR Path Opt
Phase 2.2 Update Timing before SLR Path Opt | Checksum: f68be47c

Time (s): cpu = 00:01:09 ; elapsed = 00:00:48 . Memory (MB): peak = 4567.844 ; gain = 0.000

Phase 2.3 Post-Processing in Floorplanning
Phase 2.3 Post-Processing in Floorplanning | Checksum: f68be47c

Time (s): cpu = 00:01:10 ; elapsed = 00:00:48 . Memory (MB): peak = 4567.844 ; gain = 0.000

Phase 2.4 Global Placement Core

Phase 2.4.1 Physical Synthesis In Placer
INFO: [Physopt 32-1035] Found 0 LUTNM shape to break, 1435 LUT instances to create LUTNM shape
INFO: [Physopt 32-1044] Break lutnm for timing: one critical 0, two critical 0, total 0, new lutff created 0
INFO: [Physopt 32-1138] End 1 Pass. Optimized 538 nets or LUTs. Breaked 0 LUT, combined 538 existing LUTs and moved 0 existing LUT
INFO: [Physopt 32-1030] Pass 1. Identified 43 candidate driver sets for equivalent driver rewiring.
INFO: [Physopt 32-661] Optimized 25 nets.  Re-placed 84 instances.
INFO: [Physopt 32-775] End 1 Pass. Optimized 25 nets or cells. Created 0 new cell, deleted 2 existing cells and moved 84 existing cells
Netlist sorting complete. Time (s): cpu = 00:00:00 ; elapsed = 00:00:00.160 . Memory (MB): peak = 4695.469 ; gain = 0.000
INFO: [Physopt 32-65] No nets found for high-fanout optimization.
INFO: [Physopt 32-232] Optimized 0 net. Created 0 new instance.
INFO: [Physopt 32-775] End 1 Pass. Optimized 0 net or cell. Created 0 new cell, deleted 0 existing cell and moved 0 existing cell
INFO: [Physopt 32-670] No setup violation found.  DSP Register Optimization was not performed.
INFO: [Physopt 32-670] No setup violation found.  Shift Register to Pipeline Optimization was not performed.
INFO: [Physopt 32-670] No setup violation found.  Shift Register Optimization was not performed.
INFO: [Physopt 32-670] No setup violation found.  BRAM Register Optimization was not performed.
INFO: [Physopt 32-670] No setup violation found.  URAM Register Optimization was not performed.
INFO: [Physopt 32-949] No candidate nets found for dynamic/static region interface net replication
INFO: [Physopt 32-775] End 1 Pass. Optimized 0 net or cell. Created 0 new cell, deleted 0 existing cell and moved 0 existing cell
Netlist sorting complete. Time (s): cpu = 00:00:00 ; elapsed = 00:00:00.017 . Memory (MB): peak = 4695.469 ; gain = 0.000

Summary of Physical Synthesis Optimizations
============================================


-----------------------------------------------------------------------------------------------------------------------------------------------------------
|  Optimization                                     |  Added Cells  |  Removed Cells  |  Optimized Cells/Nets  |  Dont Touch  |  Iterations  |  Elapsed   |
-----------------------------------------------------------------------------------------------------------------------------------------------------------
|  LUT Combining                                    |            0  |            538  |                   538  |           0  |           1  |  00:00:02  |
|  Retime                                           |            0  |              0  |                     0  |           0  |           1  |  00:00:00  |
|  Equivalent Driver Rewiring                       |            0  |              2  |                    25  |           0  |           1  |  00:00:01  |
|  Very High Fanout                                 |            0  |              0  |                     0  |           0  |           1  |  00:00:00  |
|  DSP Register                                     |            0  |              0  |                     0  |           0  |           0  |  00:00:00  |
|  Shift Register to Pipeline                       |            0  |              0  |                     0  |           0  |           0  |  00:00:00  |
|  Shift Register                                   |            0  |              0  |                     0  |           0  |           0  |  00:00:00  |
|  BRAM Register                                    |            0  |              0  |                     0  |           0  |           0  |  00:00:00  |
|  URAM Register                                    |            0  |              0  |                     0  |           0  |           0  |  00:00:00  |
|  Dynamic/Static Region Interface Net Replication  |            0  |              0  |                     0  |           0  |           1  |  00:00:00  |
|  Total                                            |            0  |            540  |                   563  |           0  |           5  |  00:00:03  |
-----------------------------------------------------------------------------------------------------------------------------------------------------------


Phase 2.4.1 Physical Synthesis In Placer | Checksum: 1a13e292c

Time (s): cpu = 00:02:20 ; elapsed = 00:01:37 . Memory (MB): peak = 4695.469 ; gain = 127.625
Phase 2.4 Global Placement Core | Checksum: 1e97ff39e

Time (s): cpu = 00:02:24 ; elapsed = 00:01:40 . Memory (MB): peak = 4695.469 ; gain = 127.625
Phase 2 Global Placement | Checksum: 1e97ff39e

Time (s): cpu = 00:02:24 ; elapsed = 00:01:40 . Memory (MB): peak = 4695.469 ; gain = 127.625

Phase 3 Detail Placement

Phase 3.1 Commit Multi Column Macros
Phase 3.1 Commit Multi Column Macros | Checksum: 20ad529a9

Time (s): cpu = 00:02:28 ; elapsed = 00:01:43 . Memory (MB): peak = 4695.469 ; gain = 127.625

Phase 3.2 Commit Most Macros & LUTRAMs
Phase 3.2 Commit Most Macros & LUTRAMs | Checksum: b793ec72

Time (s): cpu = 00:02:34 ; elapsed = 00:01:48 . Memory (MB): peak = 4695.469 ; gain = 127.625

Phase 3.3 Small Shape DP

Phase 3.3.1 Small Shape Clustering
Phase 3.3.1 Small Shape Clustering | Checksum: 18af0a9cd

Time (s): cpu = 00:02:38 ; elapsed = 00:01:51 . Memory (MB): peak = 4695.469 ; gain = 127.625

Phase 3.3.2 Flow Legalize Slice Clusters
Phase 3.3.2 Flow Legalize Slice Clusters | Checksum: d514be28

Time (s): cpu = 00:02:38 ; elapsed = 00:01:52 . Memory (MB): peak = 4695.469 ; gain = 127.625

Phase 3.3.3 Slice Area Swap
Phase 3.3.3 Slice Area Swap | Checksum: 165609986

Time (s): cpu = 00:02:46 ; elapsed = 00:02:00 . Memory (MB): peak = 4695.469 ; gain = 127.625
Phase 3.3 Small Shape DP | Checksum: 13fa6ba5a

Time (s): cpu = 00:02:56 ; elapsed = 00:02:06 . Memory (MB): peak = 4695.469 ; gain = 127.625

Phase 3.4 Re-assign LUT pins
Phase 3.4 Re-assign LUT pins | Checksum: 12f73f133

Time (s): cpu = 00:02:59 ; elapsed = 00:02:10 . Memory (MB): peak = 4695.469 ; gain = 127.625

Phase 3.5 Pipeline Register Optimization
Phase 3.5 Pipeline Register Optimization | Checksum: 1392bb57b

Time (s): cpu = 00:02:59 ; elapsed = 00:02:10 . Memory (MB): peak = 4695.469 ; gain = 127.625
Phase 3 Detail Placement | Checksum: 1392bb57b

Time (s): cpu = 00:03:00 ; elapsed = 00:02:11 . Memory (MB): peak = 4695.469 ; gain = 127.625

Phase 4 Post Placement Optimization and Clean-Up

Phase 4.1 Post Commit Optimization
INFO: [Timing 38-35] Done setting XDC timing constraints.

Phase 4.1.1 Post Placement Optimization
Post Placement Optimization Initialization | Checksum: 1fd351202

Phase 4.1.1.1 BUFG Insertion

Starting Physical Synthesis Task

Phase 1 Physical Synthesis Initialization
INFO: [Physopt 32-721] Multithreading enabled for phys_opt_design using a maximum of 2 CPUs
INFO: [Physopt 32-619] Estimated Timing Summary | WNS=9.304 | TNS=0.000 |
Phase 1 Physical Synthesis Initialization | Checksum: 1fc1fabd4

Time (s): cpu = 00:00:02 ; elapsed = 00:00:01 . Memory (MB): peak = 4728.383 ; gain = 0.000
INFO: [Place 46-35] Processed net chiptop0/system/chipyard_prcictrl_domain/resetSynchronizer/nodeOut_member_allClocks_uncore_reset_catcher/io_sync_reset_chain/output_chain/sync_0_reg_0, inserted BUFG to drive 1649 loads.
INFO: [Place 46-45] Replicated bufg driver chiptop0/system/chipyard_prcictrl_domain/resetSynchronizer/nodeOut_member_allClocks_uncore_reset_catcher/io_sync_reset_chain/output_chain/sync_0_reg_replica
INFO: [Place 46-56] BUFG insertion identified 1 candidate nets. Inserted BUFG: 1, Replicated BUFG Driver: 1, Skipped due to Placement/Routing Conflicts: 0, Skipped due to Timing Degradation: 0, Skipped due to Illegal Netlist: 0.
Ending Physical Synthesis Task | Checksum: 2004c4081

Time (s): cpu = 00:00:04 ; elapsed = 00:00:03 . Memory (MB): peak = 4728.383 ; gain = 0.000
Phase 4.1.1.1 BUFG Insertion | Checksum: 2054c2406

Time (s): cpu = 00:03:26 ; elapsed = 00:02:29 . Memory (MB): peak = 4728.383 ; gain = 160.539

Phase 4.1.1.2 Post Placement Timing Optimization
INFO: [Place 30-746] Post Placement Timing Summary WNS=9.304. For the most accurate timing information please run report_timing.
Phase 4.1.1.2 Post Placement Timing Optimization | Checksum: 1d2120867

Time (s): cpu = 00:03:26 ; elapsed = 00:02:29 . Memory (MB): peak = 4728.383 ; gain = 160.539

Time (s): cpu = 00:03:26 ; elapsed = 00:02:29 . Memory (MB): peak = 4728.383 ; gain = 160.539
Phase 4.1 Post Commit Optimization | Checksum: 1d2120867

Time (s): cpu = 00:03:26 ; elapsed = 00:02:30 . Memory (MB): peak = 4728.383 ; gain = 160.539
Netlist sorting complete. Time (s): cpu = 00:00:00 ; elapsed = 00:00:00.132 . Memory (MB): peak = 4741.441 ; gain = 0.000

Phase 4.2 Post Placement Cleanup
Phase 4.2 Post Placement Cleanup | Checksum: 28e5fc4a6

Time (s): cpu = 00:03:30 ; elapsed = 00:02:33 . Memory (MB): peak = 4741.441 ; gain = 173.598

Phase 4.3 Placer Reporting

Phase 4.3.1 Print Estimated Congestion
INFO: [Place 30-612] Post-Placement Estimated Congestion 
 ________________________________________________________________________
|           | Global Congestion | Long Congestion   | Short Congestion  |
| Direction | Region Size       | Region Size       | Region Size       |
|___________|___________________|___________________|___________________|
|      North|                1x1|                1x1|                4x4|
|___________|___________________|___________________|___________________|
|      South|                2x2|                2x2|                4x4|
|___________|___________________|___________________|___________________|
|       East|                2x2|                1x1|                8x8|
|___________|___________________|___________________|___________________|
|       West|                2x2|                1x1|                8x8|
|___________|___________________|___________________|___________________|

Phase 4.3.1 Print Estimated Congestion | Checksum: 28e5fc4a6

Time (s): cpu = 00:03:30 ; elapsed = 00:02:34 . Memory (MB): peak = 4741.441 ; gain = 173.598
Phase 4.3 Placer Reporting | Checksum: 28e5fc4a6

Time (s): cpu = 00:03:31 ; elapsed = 00:02:34 . Memory (MB): peak = 4741.441 ; gain = 173.598

Phase 4.4 Final Placement Cleanup
Netlist sorting complete. Time (s): cpu = 00:00:00 ; elapsed = 00:00:00.017 . Memory (MB): peak = 4741.441 ; gain = 0.000

Time (s): cpu = 00:03:31 ; elapsed = 00:02:34 . Memory (MB): peak = 4741.441 ; gain = 173.598
Phase 4 Post Placement Optimization and Clean-Up | Checksum: 285bd530e

Time (s): cpu = 00:03:31 ; elapsed = 00:02:34 . Memory (MB): peak = 4741.441 ; gain = 173.598
Ending Placer Task | Checksum: 20f62e21e

Time (s): cpu = 00:03:31 ; elapsed = 00:02:34 . Memory (MB): peak = 4741.441 ; gain = 173.598
INFO: [Common 17-83] Releasing license: Implementation
34 Infos, 6 Warnings, 0 Critical Warnings and 0 Errors encountered.
place_design completed successfully
place_design: Time (s): cpu = 00:03:57 ; elapsed = 00:02:55 . Memory (MB): peak = 4741.441 ; gain = 504.746
# route_design
Command: route_design
Attempting to get a license for feature 'Implementation' and/or device 'xczu7ev'
INFO: [Common 17-349] Got license for feature 'Implementation' and/or device 'xczu7ev'
Running DRC as a precondition to command route_design
INFO: [DRC 23-27] Running DRC with 2 threads
INFO: [Vivado_Tcl 4-198] DRC finished with 0 Errors
INFO: [Vivado_Tcl 4-199] Please refer to the DRC report (report_drc) for more information.


Starting Routing Task
INFO: [Route 35-254] Multithreading enabled for route_design using a maximum of 2 CPUs

Phase 1 Build RT Design
Checksum: PlaceDB: e1281d21 ConstDB: 0 ShapeSum: 71ed08be RouteDB: bc4dbc3f
Nodegraph reading from file.  Time (s): cpu = 00:00:02 ; elapsed = 00:00:01 . Memory (MB): peak = 4741.441 ; gain = 0.000
Post Restoration Checksum: NetGraph: 38feaf49 NumContArr: dd8db1fd Constraints: 5da31adc Timing: 0
Phase 1 Build RT Design | Checksum: 1742f7c22

Time (s): cpu = 00:00:14 ; elapsed = 00:00:12 . Memory (MB): peak = 4741.441 ; gain = 0.000

Phase 2 Router Initialization

Phase 2.1 Create Timer
Phase 2.1 Create Timer | Checksum: 1742f7c22

Time (s): cpu = 00:00:15 ; elapsed = 00:00:13 . Memory (MB): peak = 4741.441 ; gain = 0.000

Phase 2.2 Fix Topology Constraints
Phase 2.2 Fix Topology Constraints | Checksum: 1742f7c22

Time (s): cpu = 00:00:15 ; elapsed = 00:00:13 . Memory (MB): peak = 4744.965 ; gain = 3.523

Phase 2.3 Pre Route Cleanup
Phase 2.3 Pre Route Cleanup | Checksum: 1742f7c22

Time (s): cpu = 00:00:16 ; elapsed = 00:00:14 . Memory (MB): peak = 4744.965 ; gain = 3.523

Phase 2.4 Global Clock Net Routing
 Number of Nodes with overlaps = 0
Phase 2.4 Global Clock Net Routing | Checksum: 2560ec8b3

Time (s): cpu = 00:00:21 ; elapsed = 00:00:19 . Memory (MB): peak = 4896.914 ; gain = 155.473

Phase 2.5 Update Timing
Phase 2.5 Update Timing | Checksum: 2a9a154ed

Time (s): cpu = 00:00:52 ; elapsed = 00:00:37 . Memory (MB): peak = 4896.914 ; gain = 155.473
INFO: [Route 35-416] Intermediate Timing Summary | WNS=9.362  | TNS=0.000  | WHS=-0.774 | THS=-1018.545|


Phase 2.6 Update Timing for Bus Skew

Phase 2.6.1 Update Timing
Phase 2.6.1 Update Timing | Checksum: 286360729

Time (s): cpu = 00:01:38 ; elapsed = 00:01:06 . Memory (MB): peak = 4922.527 ; gain = 181.086
INFO: [Route 35-416] Intermediate Timing Summary | WNS=9.362  | TNS=0.000  | WHS=N/A    | THS=N/A    |

Phase 2.6 Update Timing for Bus Skew | Checksum: 2b6c9af3b

Time (s): cpu = 00:01:38 ; elapsed = 00:01:06 . Memory (MB): peak = 4922.527 ; gain = 181.086

Router Utilization Summary
  Global Vertical Routing Utilization    = 0.00171422 %
  Global Horizontal Routing Utilization  = 0.00215473 %
  Routable Net Status*
  *Does not include unroutable nets such as driverless and loadless.
  Run report_route_status for detailed report.
  Number of Failed Nets               = 76112
    (Failed Nets is the sum of unrouted and partially routed nets)
  Number of Unrouted Nets             = 52223
  Number of Partially Routed Nets     = 23889
  Number of Node Overlaps             = 0

Phase 2 Router Initialization | Checksum: 2877b8c94

Time (s): cpu = 00:01:41 ; elapsed = 00:01:08 . Memory (MB): peak = 4947.797 ; gain = 206.355

Phase 3 Initial Routing

Phase 3.1 Global Routing
Phase 3.1 Global Routing | Checksum: 2877b8c94

Time (s): cpu = 00:01:42 ; elapsed = 00:01:08 . Memory (MB): peak = 4947.797 ; gain = 206.355
Phase 3 Initial Routing | Checksum: 226e0a739

Time (s): cpu = 00:02:10 ; elapsed = 00:01:25 . Memory (MB): peak = 4990.164 ; gain = 248.723

Phase 4 Rip-up And Reroute

Phase 4.1 Global Iteration 0
INFO: [Route 35-443] CLB routing congestion detected. Several CLBs have high routing utilization, which can impact timing closure. Congested CLBs and Nets are dumped in: iter_3_CongestedCLBsAndNets.txt
 Number of Nodes with overlaps = 20024
 Number of Nodes with overlaps = 1480
 Number of Nodes with overlaps = 184
 Number of Nodes with overlaps = 10
 Number of Nodes with overlaps = 6
 Number of Nodes with overlaps = 3
 Number of Nodes with overlaps = 1
 Number of Nodes with overlaps = 1
 Number of Nodes with overlaps = 0
INFO: [Route 35-416] Intermediate Timing Summary | WNS=8.050  | TNS=0.000  | WHS=-0.036 | THS=-0.137 |

Phase 4.1 Global Iteration 0 | Checksum: ff11ab52

Time (s): cpu = 00:05:09 ; elapsed = 00:03:08 . Memory (MB): peak = 4990.164 ; gain = 248.723

Phase 4.2 Global Iteration 1
 Number of Nodes with overlaps = 1126
 Number of Nodes with overlaps = 2
 Number of Nodes with overlaps = 0
INFO: [Route 35-416] Intermediate Timing Summary | WNS=8.003  | TNS=0.000  | WHS=N/A    | THS=N/A    |

Phase 4.2 Global Iteration 1 | Checksum: 11c2047a5

Time (s): cpu = 00:05:30 ; elapsed = 00:03:23 . Memory (MB): peak = 4990.164 ; gain = 248.723
Phase 4 Rip-up And Reroute | Checksum: 11c2047a5

Time (s): cpu = 00:05:30 ; elapsed = 00:03:23 . Memory (MB): peak = 4990.164 ; gain = 248.723

Phase 5 Delay and Skew Optimization

Phase 5.1 Delay CleanUp

Phase 5.1.1 Update Timing
Phase 5.1.1 Update Timing | Checksum: 2307fb18c

Time (s): cpu = 00:05:45 ; elapsed = 00:03:33 . Memory (MB): peak = 4990.164 ; gain = 248.723
INFO: [Route 35-416] Intermediate Timing Summary | WNS=8.003  | TNS=0.000  | WHS=0.012  | THS=0.000  |

Phase 5.1 Delay CleanUp | Checksum: 2184a321a

Time (s): cpu = 00:05:46 ; elapsed = 00:03:34 . Memory (MB): peak = 4990.164 ; gain = 248.723

Phase 5.2 Clock Skew Optimization
Phase 5.2 Clock Skew Optimization | Checksum: 2184a321a

Time (s): cpu = 00:05:46 ; elapsed = 00:03:34 . Memory (MB): peak = 4990.164 ; gain = 248.723
Phase 5 Delay and Skew Optimization | Checksum: 2184a321a

Time (s): cpu = 00:05:46 ; elapsed = 00:03:34 . Memory (MB): peak = 4990.164 ; gain = 248.723

Phase 6 Post Hold Fix

Phase 6.1 Hold Fix Iter

Phase 6.1.1 Update Timing
Phase 6.1.1 Update Timing | Checksum: 224e990b9

Time (s): cpu = 00:05:57 ; elapsed = 00:03:42 . Memory (MB): peak = 4990.164 ; gain = 248.723
INFO: [Route 35-416] Intermediate Timing Summary | WNS=8.003  | TNS=0.000  | WHS=0.012  | THS=0.000  |

Phase 6.1 Hold Fix Iter | Checksum: 242d11a6a

Time (s): cpu = 00:05:58 ; elapsed = 00:03:42 . Memory (MB): peak = 4990.164 ; gain = 248.723
Phase 6 Post Hold Fix | Checksum: 242d11a6a

Time (s): cpu = 00:05:58 ; elapsed = 00:03:42 . Memory (MB): peak = 4990.164 ; gain = 248.723

Phase 7 Route finalize

Router Utilization Summary
  Global Vertical Routing Utilization    = 6.62655 %
  Global Horizontal Routing Utilization  = 6.39914 %
  Routable Net Status*
  *Does not include unroutable nets such as driverless and loadless.
  Run report_route_status for detailed report.
  Number of Failed Nets               = 0
    (Failed Nets is the sum of unrouted and partially routed nets)
  Number of Unrouted Nets             = 0
  Number of Partially Routed Nets     = 0
  Number of Node Overlaps             = 0

Phase 7 Route finalize | Checksum: 19c3dafbd

Time (s): cpu = 00:06:00 ; elapsed = 00:03:44 . Memory (MB): peak = 4990.164 ; gain = 248.723

Phase 8 Verifying routed nets

 Verification completed successfully
Phase 8 Verifying routed nets | Checksum: 19c3dafbd

Time (s): cpu = 00:06:00 ; elapsed = 00:03:44 . Memory (MB): peak = 4990.164 ; gain = 248.723

Phase 9 Depositing Routes
Phase 9 Depositing Routes | Checksum: 19c3dafbd

Time (s): cpu = 00:06:07 ; elapsed = 00:03:52 . Memory (MB): peak = 4990.164 ; gain = 248.723

Phase 10 Resolve XTalk
Phase 10 Resolve XTalk | Checksum: 19c3dafbd

Time (s): cpu = 00:06:08 ; elapsed = 00:03:53 . Memory (MB): peak = 4990.164 ; gain = 248.723

Phase 11 Post Router Timing
INFO: [Route 35-57] Estimated Timing Summary | WNS=8.003  | TNS=0.000  | WHS=0.012  | THS=0.000  |

INFO: [Route 35-327] The final timing numbers are based on the router estimated timing analysis. For a complete and accurate timing signoff, please run report_timing_summary.
Phase 11 Post Router Timing | Checksum: 19c3dafbd

Time (s): cpu = 00:06:14 ; elapsed = 00:03:56 . Memory (MB): peak = 4990.164 ; gain = 248.723
INFO: [Route 35-16] Router Completed Successfully

Time (s): cpu = 00:06:14 ; elapsed = 00:03:56 . Memory (MB): peak = 4990.164 ; gain = 248.723

Routing Is Done.
INFO: [Common 17-83] Releasing license: Implementation
16 Infos, 0 Warnings, 0 Critical Warnings and 0 Errors encountered.
route_design completed successfully
route_design: Time (s): cpu = 00:06:37 ; elapsed = 00:04:09 . Memory (MB): peak = 4990.164 ; gain = 248.723
# set out_dcp "$out_dir/post_route_ila.dcp"
# set out_ltx "$out_dir/jtagtunnel_ila.ltx"
# set out_bit "$out_dir/ZCU104FPGATestHarness_jtagtunnel_ila.bit"
# write_checkpoint -force $out_dcp
INFO: [Timing 38-480] Writing timing data to binary archive.
Writing placer database...
Writing XDEF routing.
Writing XDEF routing logical nets.
Writing XDEF routing special nets.
Write XDEF Complete: Time (s): cpu = 00:00:22 ; elapsed = 00:00:25 . Memory (MB): peak = 4990.164 ; gain = 0.000
report_design_analysis: Time (s): cpu = 00:00:10 ; elapsed = 00:00:10 . Memory (MB): peak = 4990.164 ; gain = 0.000
INFO: [Common 17-1381] The checkpoint '//wsl.localhost/Ubuntu-22.04/root/chipyard/fpga/generated-src/chipyard.fpga.zcu104.ZCU104FPGATestHarness.RocketZCU104LinuxBringupDebugConfig/debug_obj/jtagtunnel_ila_20260324_220238/post_route_ila.dcp' has been generated.
write_checkpoint: Time (s): cpu = 00:00:36 ; elapsed = 00:00:53 . Memory (MB): peak = 4990.164 ; gain = 0.000
# write_debug_probes -force $out_ltx
# write_bitstream -force $out_bit
Command: write_bitstream -force {\\wsl.localhost\Ubuntu-22.04\root\chipyard\fpga\generated-src\chipyard.fpga.zcu104.ZCU104FPGATestHarness.RocketZCU104LinuxBringupDebugConfig\debug_obj\jtagtunnel_ila_20260324_220238/ZCU104FPGATestHarness_jtagtunnel_ila.bit}
Attempting to get a license for feature 'Implementation' and/or device 'xczu7ev'
INFO: [Common 17-349] Got license for feature 'Implementation' and/or device 'xczu7ev'
Running DRC as a precondition to command write_bitstream
INFO: [IP_Flow 19-1839] IP Catalog is up to date.
INFO: [DRC 23-27] Running DRC with 2 threads
WARNING: [DRC DPIP-2] Input pipelining: DSP chiptop0/system/tile_prci_domain/element_reset_domain_rockettile/fpuOpt/dfma/fma/mulAddRecFNToRaw_postMul_io_mulAddResult_pipe_b1 input chiptop0/system/tile_prci_domain/element_reset_domain_rockettile/fpuOpt/dfma/fma/mulAddRecFNToRaw_postMul_io_mulAddResult_pipe_b1/A[29:0] is not pipelined. Pipelining DSP48 input will improve performance.
WARNING: [DRC DPIP-2] Input pipelining: DSP chiptop0/system/tile_prci_domain/element_reset_domain_rockettile/fpuOpt/dfma/fma/mulAddRecFNToRaw_postMul_io_mulAddResult_pipe_b1__0 input chiptop0/system/tile_prci_domain/element_reset_domain_rockettile/fpuOpt/dfma/fma/mulAddRecFNToRaw_postMul_io_mulAddResult_pipe_b1__0/A[29:0] is not pipelined. Pipelining DSP48 input will improve performance.
WARNING: [DRC DPIP-2] Input pipelining: DSP chiptop0/system/tile_prci_domain/element_reset_domain_rockettile/fpuOpt/dfma/fma/mulAddRecFNToRaw_postMul_io_mulAddResult_pipe_b1__1 input chiptop0/system/tile_prci_domain/element_reset_domain_rockettile/fpuOpt/dfma/fma/mulAddRecFNToRaw_postMul_io_mulAddResult_pipe_b1__1/A[29:0] is not pipelined. Pipelining DSP48 input will improve performance.
WARNING: [DRC DPIP-2] Input pipelining: DSP chiptop0/system/tile_prci_domain/element_reset_domain_rockettile/fpuOpt/dfma/fma/mulAddRecFNToRaw_postMul_io_mulAddResult_pipe_b1__2 input chiptop0/system/tile_prci_domain/element_reset_domain_rockettile/fpuOpt/dfma/fma/mulAddRecFNToRaw_postMul_io_mulAddResult_pipe_b1__2/A[29:0] is not pipelined. Pipelining DSP48 input will improve performance.
WARNING: [DRC DPIP-2] Input pipelining: DSP chiptop0/system/tile_prci_domain/element_reset_domain_rockettile/fpuOpt/dfma/fma/mulAddRecFNToRaw_postMul_io_mulAddResult_pipe_b1__4 input chiptop0/system/tile_prci_domain/element_reset_domain_rockettile/fpuOpt/dfma/fma/mulAddRecFNToRaw_postMul_io_mulAddResult_pipe_b1__4/A[29:0] is not pipelined. Pipelining DSP48 input will improve performance.
WARNING: [DRC DPIP-2] Input pipelining: DSP chiptop0/system/tile_prci_domain/element_reset_domain_rockettile/fpuOpt/hfma/fma/mulAddRecFNToRaw_postMul_io_mulAddResult_pipe_b_reg input chiptop0/system/tile_prci_domain/element_reset_domain_rockettile/fpuOpt/hfma/fma/mulAddRecFNToRaw_postMul_io_mulAddResult_pipe_b_reg/A[29:0] is not pipelined. Pipelining DSP48 input will improve performance.
WARNING: [DRC DPIP-2] Input pipelining: DSP chiptop0/system/tile_prci_domain/element_reset_domain_rockettile/fpuOpt/hfma/fma/mulAddRecFNToRaw_postMul_io_mulAddResult_pipe_b_reg input chiptop0/system/tile_prci_domain/element_reset_domain_rockettile/fpuOpt/hfma/fma/mulAddRecFNToRaw_postMul_io_mulAddResult_pipe_b_reg/B[17:0] is not pipelined. Pipelining DSP48 input will improve performance.
WARNING: [DRC DPIP-2] Input pipelining: DSP chiptop0/system/tile_prci_domain/element_reset_domain_rockettile/fpuOpt/hfma/fma/mulAddRecFNToRaw_postMul_io_mulAddResult_pipe_b_reg input chiptop0/system/tile_prci_domain/element_reset_domain_rockettile/fpuOpt/hfma/fma/mulAddRecFNToRaw_postMul_io_mulAddResult_pipe_b_reg/C[47:0] is not pipelined. Pipelining DSP48 input will improve performance.
WARNING: [DRC DPIP-2] Input pipelining: DSP chiptop0/system/tile_prci_domain/element_reset_domain_rockettile/fpuOpt/sfma/fma/mulAddRecFNToRaw_postMul_io_mulAddResult_pipe_b1 input chiptop0/system/tile_prci_domain/element_reset_domain_rockettile/fpuOpt/sfma/fma/mulAddRecFNToRaw_postMul_io_mulAddResult_pipe_b1/A[29:0] is not pipelined. Pipelining DSP48 input will improve performance.
WARNING: [DRC DPIP-2] Input pipelining: DSP chiptop0/system/tile_prci_domain/element_reset_domain_rockettile/fpuOpt/sfma/fma/mulAddRecFNToRaw_postMul_io_mulAddResult_pipe_b1__0 input chiptop0/system/tile_prci_domain/element_reset_domain_rockettile/fpuOpt/sfma/fma/mulAddRecFNToRaw_postMul_io_mulAddResult_pipe_b1__0/A[29:0] is not pipelined. Pipelining DSP48 input will improve performance.
WARNING: [DRC DPIP-2] Input pipelining: DSP chiptop0/system/tile_prci_domain/element_reset_domain_rockettile/fpuOpt/sfma/fma/mulAddRecFNToRaw_postMul_io_mulAddResult_pipe_b1__0 input chiptop0/system/tile_prci_domain/element_reset_domain_rockettile/fpuOpt/sfma/fma/mulAddRecFNToRaw_postMul_io_mulAddResult_pipe_b1__0/B[17:0] is not pipelined. Pipelining DSP48 input will improve performance.
WARNING: [DRC DPOP-3] PREG Output pipelining: DSP chiptop0/system/tile_prci_domain/element_reset_domain_rockettile/core/div/_prod_T_40 output chiptop0/system/tile_prci_domain/element_reset_domain_rockettile/core/div/_prod_T_40/P[47:0] is not pipelined (PREG=0). Pipelining the DSP48 output will improve performance and often saves power so it is suggested whenever possible to fully pipeline this function.  If this DSP48 function was inferred, it is suggested to describe an additional register stage after this function.  If the DSP48 was instantiated in the design, it is suggested to set the PREG attribute to 1.
WARNING: [DRC DPOP-3] PREG Output pipelining: DSP chiptop0/system/tile_prci_domain/element_reset_domain_rockettile/core/div/_prod_T_40__1 output chiptop0/system/tile_prci_domain/element_reset_domain_rockettile/core/div/_prod_T_40__1/P[47:0] is not pipelined (PREG=0). Pipelining the DSP48 output will improve performance and often saves power so it is suggested whenever possible to fully pipeline this function.  If this DSP48 function was inferred, it is suggested to describe an additional register stage after this function.  If the DSP48 was instantiated in the design, it is suggested to set the PREG attribute to 1.
WARNING: [DRC DPOP-3] PREG Output pipelining: DSP chiptop0/system/tile_prci_domain/element_reset_domain_rockettile/core/div/_prod_T_40__10 output chiptop0/system/tile_prci_domain/element_reset_domain_rockettile/core/div/_prod_T_40__10/P[47:0] is not pipelined (PREG=0). Pipelining the DSP48 output will improve performance and often saves power so it is suggested whenever possible to fully pipeline this function.  If this DSP48 function was inferred, it is suggested to describe an additional register stage after this function.  If the DSP48 was instantiated in the design, it is suggested to set the PREG attribute to 1.
WARNING: [DRC DPOP-3] PREG Output pipelining: DSP chiptop0/system/tile_prci_domain/element_reset_domain_rockettile/core/div/_prod_T_40__11 output chiptop0/system/tile_prci_domain/element_reset_domain_rockettile/core/div/_prod_T_40__11/P[47:0] is not pipelined (PREG=0). Pipelining the DSP48 output will improve performance and often saves power so it is suggested whenever possible to fully pipeline this function.  If this DSP48 function was inferred, it is suggested to describe an additional register stage after this function.  If the DSP48 was instantiated in the design, it is suggested to set the PREG attribute to 1.
WARNING: [DRC DPOP-3] PREG Output pipelining: DSP chiptop0/system/tile_prci_domain/element_reset_domain_rockettile/core/div/_prod_T_40__3 output chiptop0/system/tile_prci_domain/element_reset_domain_rockettile/core/div/_prod_T_40__3/P[47:0] is not pipelined (PREG=0). Pipelining the DSP48 output will improve performance and often saves power so it is suggested whenever possible to fully pipeline this function.  If this DSP48 function was inferred, it is suggested to describe an additional register stage after this function.  If the DSP48 was instantiated in the design, it is suggested to set the PREG attribute to 1.
WARNING: [DRC DPOP-3] PREG Output pipelining: DSP chiptop0/system/tile_prci_domain/element_reset_domain_rockettile/core/div/_prod_T_40__5 output chiptop0/system/tile_prci_domain/element_reset_domain_rockettile/core/div/_prod_T_40__5/P[47:0] is not pipelined (PREG=0). Pipelining the DSP48 output will improve performance and often saves power so it is suggested whenever possible to fully pipeline this function.  If this DSP48 function was inferred, it is suggested to describe an additional register stage after this function.  If the DSP48 was instantiated in the design, it is suggested to set the PREG attribute to 1.
WARNING: [DRC DPOP-3] PREG Output pipelining: DSP chiptop0/system/tile_prci_domain/element_reset_domain_rockettile/core/div/_prod_T_40__7 output chiptop0/system/tile_prci_domain/element_reset_domain_rockettile/core/div/_prod_T_40__7/P[47:0] is not pipelined (PREG=0). Pipelining the DSP48 output will improve performance and often saves power so it is suggested whenever possible to fully pipeline this function.  If this DSP48 function was inferred, it is suggested to describe an additional register stage after this function.  If the DSP48 was instantiated in the design, it is suggested to set the PREG attribute to 1.
WARNING: [DRC DPOP-3] PREG Output pipelining: DSP chiptop0/system/tile_prci_domain/element_reset_domain_rockettile/core/div/_prod_T_40__8 output chiptop0/system/tile_prci_domain/element_reset_domain_rockettile/core/div/_prod_T_40__8/P[47:0] is not pipelined (PREG=0). Pipelining the DSP48 output will improve performance and often saves power so it is suggested whenever possible to fully pipeline this function.  If this DSP48 function was inferred, it is suggested to describe an additional register stage after this function.  If the DSP48 was instantiated in the design, it is suggested to set the PREG attribute to 1.
WARNING: [DRC DPOP-3] PREG Output pipelining: DSP chiptop0/system/tile_prci_domain/element_reset_domain_rockettile/fpuOpt/dfma/fma/mulAddRecFNToRaw_postMul_io_mulAddResult_pipe_b1__0 output chiptop0/system/tile_prci_domain/element_reset_domain_rockettile/fpuOpt/dfma/fma/mulAddRecFNToRaw_postMul_io_mulAddResult_pipe_b1__0/P[47:0] is not pipelined (PREG=0). Pipelining the DSP48 output will improve performance and often saves power so it is suggested whenever possible to fully pipeline this function.  If this DSP48 function was inferred, it is suggested to describe an additional register stage after this function.  If the DSP48 was instantiated in the design, it is suggested to set the PREG attribute to 1.
WARNING: [DRC DPOP-3] PREG Output pipelining: DSP chiptop0/system/tile_prci_domain/element_reset_domain_rockettile/fpuOpt/dfma/fma/mulAddRecFNToRaw_postMul_io_mulAddResult_pipe_b1__1 output chiptop0/system/tile_prci_domain/element_reset_domain_rockettile/fpuOpt/dfma/fma/mulAddRecFNToRaw_postMul_io_mulAddResult_pipe_b1__1/P[47:0] is not pipelined (PREG=0). Pipelining the DSP48 output will improve performance and often saves power so it is suggested whenever possible to fully pipeline this function.  If this DSP48 function was inferred, it is suggested to describe an additional register stage after this function.  If the DSP48 was instantiated in the design, it is suggested to set the PREG attribute to 1.
WARNING: [DRC DPOP-3] PREG Output pipelining: DSP chiptop0/system/tile_prci_domain/element_reset_domain_rockettile/fpuOpt/dfma/fma/mulAddRecFNToRaw_postMul_io_mulAddResult_pipe_b1__4 output chiptop0/system/tile_prci_domain/element_reset_domain_rockettile/fpuOpt/dfma/fma/mulAddRecFNToRaw_postMul_io_mulAddResult_pipe_b1__4/P[47:0] is not pipelined (PREG=0). Pipelining the DSP48 output will improve performance and often saves power so it is suggested whenever possible to fully pipeline this function.  If this DSP48 function was inferred, it is suggested to describe an additional register stage after this function.  If the DSP48 was instantiated in the design, it is suggested to set the PREG attribute to 1.
WARNING: [DRC DPOP-3] PREG Output pipelining: DSP chiptop0/system/tile_prci_domain/element_reset_domain_rockettile/fpuOpt/dfma/fma/mulAddRecFNToRaw_postMul_io_mulAddResult_pipe_b1__5 output chiptop0/system/tile_prci_domain/element_reset_domain_rockettile/fpuOpt/dfma/fma/mulAddRecFNToRaw_postMul_io_mulAddResult_pipe_b1__5/P[47:0] is not pipelined (PREG=0). Pipelining the DSP48 output will improve performance and often saves power so it is suggested whenever possible to fully pipeline this function.  If this DSP48 function was inferred, it is suggested to describe an additional register stage after this function.  If the DSP48 was instantiated in the design, it is suggested to set the PREG attribute to 1.
WARNING: [DRC DPOP-3] PREG Output pipelining: DSP chiptop0/system/tile_prci_domain/element_reset_domain_rockettile/fpuOpt/dfma/fma/mulAddRecFNToRaw_postMul_io_mulAddResult_pipe_b1__7 output chiptop0/system/tile_prci_domain/element_reset_domain_rockettile/fpuOpt/dfma/fma/mulAddRecFNToRaw_postMul_io_mulAddResult_pipe_b1__7/P[47:0] is not pipelined (PREG=0). Pipelining the DSP48 output will improve performance and often saves power so it is suggested whenever possible to fully pipeline this function.  If this DSP48 function was inferred, it is suggested to describe an additional register stage after this function.  If the DSP48 was instantiated in the design, it is suggested to set the PREG attribute to 1.
WARNING: [DRC DPOP-3] PREG Output pipelining: DSP chiptop0/system/tile_prci_domain/element_reset_domain_rockettile/fpuOpt/sfma/fma/mulAddRecFNToRaw_postMul_io_mulAddResult_pipe_b1 output chiptop0/system/tile_prci_domain/element_reset_domain_rockettile/fpuOpt/sfma/fma/mulAddRecFNToRaw_postMul_io_mulAddResult_pipe_b1/P[47:0] is not pipelined (PREG=0). Pipelining the DSP48 output will improve performance and often saves power so it is suggested whenever possible to fully pipeline this function.  If this DSP48 function was inferred, it is suggested to describe an additional register stage after this function.  If the DSP48 was instantiated in the design, it is suggested to set the PREG attribute to 1.
WARNING: [DRC DPOP-3] PREG Output pipelining: DSP chiptop0/system/tile_prci_domain/element_reset_domain_rockettile/fpuOpt/sfma/fma/mulAddRecFNToRaw_postMul_io_mulAddResult_pipe_b1__0 output chiptop0/system/tile_prci_domain/element_reset_domain_rockettile/fpuOpt/sfma/fma/mulAddRecFNToRaw_postMul_io_mulAddResult_pipe_b1__0/P[47:0] is not pipelined (PREG=0). Pipelining the DSP48 output will improve performance and often saves power so it is suggested whenever possible to fully pipeline this function.  If this DSP48 function was inferred, it is suggested to describe an additional register stage after this function.  If the DSP48 was instantiated in the design, it is suggested to set the PREG attribute to 1.
WARNING: [DRC DPOP-4] MREG Output pipelining: DSP chiptop0/system/tile_prci_domain/element_reset_domain_rockettile/core/div/_prod_T_40 multiplier stage chiptop0/system/tile_prci_domain/element_reset_domain_rockettile/core/div/_prod_T_40/P[47:0] is not pipelined (MREG=0). Pipelining the multiplier function will improve performance and will save significant power so it is suggested whenever possible to fully pipeline this function.  If this multiplier was inferred, it is suggested to describe an additional register stage after this function.  If there is no registered adder/accumulator following the multiply function, two pipeline stages are suggested to allow both the MREG and PREG registers to be used.  If the DSP48 was instantiated in the design, it is suggested to set both the MREG and PREG attributes to 1 when performing multiply functions.
WARNING: [DRC DPOP-4] MREG Output pipelining: DSP chiptop0/system/tile_prci_domain/element_reset_domain_rockettile/core/div/_prod_T_40__1 multiplier stage chiptop0/system/tile_prci_domain/element_reset_domain_rockettile/core/div/_prod_T_40__1/P[47:0] is not pipelined (MREG=0). Pipelining the multiplier function will improve performance and will save significant power so it is suggested whenever possible to fully pipeline this function.  If this multiplier was inferred, it is suggested to describe an additional register stage after this function.  If there is no registered adder/accumulator following the multiply function, two pipeline stages are suggested to allow both the MREG and PREG registers to be used.  If the DSP48 was instantiated in the design, it is suggested to set both the MREG and PREG attributes to 1 when performing multiply functions.
WARNING: [DRC DPOP-4] MREG Output pipelining: DSP chiptop0/system/tile_prci_domain/element_reset_domain_rockettile/core/div/_prod_T_40__10 multiplier stage chiptop0/system/tile_prci_domain/element_reset_domain_rockettile/core/div/_prod_T_40__10/P[47:0] is not pipelined (MREG=0). Pipelining the multiplier function will improve performance and will save significant power so it is suggested whenever possible to fully pipeline this function.  If this multiplier was inferred, it is suggested to describe an additional register stage after this function.  If there is no registered adder/accumulator following the multiply function, two pipeline stages are suggested to allow both the MREG and PREG registers to be used.  If the DSP48 was instantiated in the design, it is suggested to set both the MREG and PREG attributes to 1 when performing multiply functions.
WARNING: [DRC DPOP-4] MREG Output pipelining: DSP chiptop0/system/tile_prci_domain/element_reset_domain_rockettile/core/div/_prod_T_40__11 multiplier stage chiptop0/system/tile_prci_domain/element_reset_domain_rockettile/core/div/_prod_T_40__11/P[47:0] is not pipelined (MREG=0). Pipelining the multiplier function will improve performance and will save significant power so it is suggested whenever possible to fully pipeline this function.  If this multiplier was inferred, it is suggested to describe an additional register stage after this function.  If there is no registered adder/accumulator following the multiply function, two pipeline stages are suggested to allow both the MREG and PREG registers to be used.  If the DSP48 was instantiated in the design, it is suggested to set both the MREG and PREG attributes to 1 when performing multiply functions.
WARNING: [DRC DPOP-4] MREG Output pipelining: DSP chiptop0/system/tile_prci_domain/element_reset_domain_rockettile/core/div/_prod_T_40__3 multiplier stage chiptop0/system/tile_prci_domain/element_reset_domain_rockettile/core/div/_prod_T_40__3/P[47:0] is not pipelined (MREG=0). Pipelining the multiplier function will improve performance and will save significant power so it is suggested whenever possible to fully pipeline this function.  If this multiplier was inferred, it is suggested to describe an additional register stage after this function.  If there is no registered adder/accumulator following the multiply function, two pipeline stages are suggested to allow both the MREG and PREG registers to be used.  If the DSP48 was instantiated in the design, it is suggested to set both the MREG and PREG attributes to 1 when performing multiply functions.
WARNING: [DRC DPOP-4] MREG Output pipelining: DSP chiptop0/system/tile_prci_domain/element_reset_domain_rockettile/core/div/_prod_T_40__5 multiplier stage chiptop0/system/tile_prci_domain/element_reset_domain_rockettile/core/div/_prod_T_40__5/P[47:0] is not pipelined (MREG=0). Pipelining the multiplier function will improve performance and will save significant power so it is suggested whenever possible to fully pipeline this function.  If this multiplier was inferred, it is suggested to describe an additional register stage after this function.  If there is no registered adder/accumulator following the multiply function, two pipeline stages are suggested to allow both the MREG and PREG registers to be used.  If the DSP48 was instantiated in the design, it is suggested to set both the MREG and PREG attributes to 1 when performing multiply functions.
WARNING: [DRC DPOP-4] MREG Output pipelining: DSP chiptop0/system/tile_prci_domain/element_reset_domain_rockettile/core/div/_prod_T_40__7 multiplier stage chiptop0/system/tile_prci_domain/element_reset_domain_rockettile/core/div/_prod_T_40__7/P[47:0] is not pipelined (MREG=0). Pipelining the multiplier function will improve performance and will save significant power so it is suggested whenever possible to fully pipeline this function.  If this multiplier was inferred, it is suggested to describe an additional register stage after this function.  If there is no registered adder/accumulator following the multiply function, two pipeline stages are suggested to allow both the MREG and PREG registers to be used.  If the DSP48 was instantiated in the design, it is suggested to set both the MREG and PREG attributes to 1 when performing multiply functions.
WARNING: [DRC DPOP-4] MREG Output pipelining: DSP chiptop0/system/tile_prci_domain/element_reset_domain_rockettile/core/div/_prod_T_40__8 multiplier stage chiptop0/system/tile_prci_domain/element_reset_domain_rockettile/core/div/_prod_T_40__8/P[47:0] is not pipelined (MREG=0). Pipelining the multiplier function will improve performance and will save significant power so it is suggested whenever possible to fully pipeline this function.  If this multiplier was inferred, it is suggested to describe an additional register stage after this function.  If there is no registered adder/accumulator following the multiply function, two pipeline stages are suggested to allow both the MREG and PREG registers to be used.  If the DSP48 was instantiated in the design, it is suggested to set both the MREG and PREG attributes to 1 when performing multiply functions.
WARNING: [DRC DPOP-4] MREG Output pipelining: DSP chiptop0/system/tile_prci_domain/element_reset_domain_rockettile/fpuOpt/dfma/fma/mulAddRecFNToRaw_postMul_io_mulAddResult_pipe_b1__0 multiplier stage chiptop0/system/tile_prci_domain/element_reset_domain_rockettile/fpuOpt/dfma/fma/mulAddRecFNToRaw_postMul_io_mulAddResult_pipe_b1__0/P[47:0] is not pipelined (MREG=0). Pipelining the multiplier function will improve performance and will save significant power so it is suggested whenever possible to fully pipeline this function.  If this multiplier was inferred, it is suggested to describe an additional register stage after this function.  If there is no registered adder/accumulator following the multiply function, two pipeline stages are suggested to allow both the MREG and PREG registers to be used.  If the DSP48 was instantiated in the design, it is suggested to set both the MREG and PREG attributes to 1 when performing multiply functions.
WARNING: [DRC DPOP-4] MREG Output pipelining: DSP chiptop0/system/tile_prci_domain/element_reset_domain_rockettile/fpuOpt/dfma/fma/mulAddRecFNToRaw_postMul_io_mulAddResult_pipe_b1__1 multiplier stage chiptop0/system/tile_prci_domain/element_reset_domain_rockettile/fpuOpt/dfma/fma/mulAddRecFNToRaw_postMul_io_mulAddResult_pipe_b1__1/P[47:0] is not pipelined (MREG=0). Pipelining the multiplier function will improve performance and will save significant power so it is suggested whenever possible to fully pipeline this function.  If this multiplier was inferred, it is suggested to describe an additional register stage after this function.  If there is no registered adder/accumulator following the multiply function, two pipeline stages are suggested to allow both the MREG and PREG registers to be used.  If the DSP48 was instantiated in the design, it is suggested to set both the MREG and PREG attributes to 1 when performing multiply functions.
WARNING: [DRC DPOP-4] MREG Output pipelining: DSP chiptop0/system/tile_prci_domain/element_reset_domain_rockettile/fpuOpt/dfma/fma/mulAddRecFNToRaw_postMul_io_mulAddResult_pipe_b1__4 multiplier stage chiptop0/system/tile_prci_domain/element_reset_domain_rockettile/fpuOpt/dfma/fma/mulAddRecFNToRaw_postMul_io_mulAddResult_pipe_b1__4/P[47:0] is not pipelined (MREG=0). Pipelining the multiplier function will improve performance and will save significant power so it is suggested whenever possible to fully pipeline this function.  If this multiplier was inferred, it is suggested to describe an additional register stage after this function.  If there is no registered adder/accumulator following the multiply function, two pipeline stages are suggested to allow both the MREG and PREG registers to be used.  If the DSP48 was instantiated in the design, it is suggested to set both the MREG and PREG attributes to 1 when performing multiply functions.
WARNING: [DRC DPOP-4] MREG Output pipelining: DSP chiptop0/system/tile_prci_domain/element_reset_domain_rockettile/fpuOpt/dfma/fma/mulAddRecFNToRaw_postMul_io_mulAddResult_pipe_b1__5 multiplier stage chiptop0/system/tile_prci_domain/element_reset_domain_rockettile/fpuOpt/dfma/fma/mulAddRecFNToRaw_postMul_io_mulAddResult_pipe_b1__5/P[47:0] is not pipelined (MREG=0). Pipelining the multiplier function will improve performance and will save significant power so it is suggested whenever possible to fully pipeline this function.  If this multiplier was inferred, it is suggested to describe an additional register stage after this function.  If there is no registered adder/accumulator following the multiply function, two pipeline stages are suggested to allow both the MREG and PREG registers to be used.  If the DSP48 was instantiated in the design, it is suggested to set both the MREG and PREG attributes to 1 when performing multiply functions.
WARNING: [DRC DPOP-4] MREG Output pipelining: DSP chiptop0/system/tile_prci_domain/element_reset_domain_rockettile/fpuOpt/dfma/fma/mulAddRecFNToRaw_postMul_io_mulAddResult_pipe_b1__7 multiplier stage chiptop0/system/tile_prci_domain/element_reset_domain_rockettile/fpuOpt/dfma/fma/mulAddRecFNToRaw_postMul_io_mulAddResult_pipe_b1__7/P[47:0] is not pipelined (MREG=0). Pipelining the multiplier function will improve performance and will save significant power so it is suggested whenever possible to fully pipeline this function.  If this multiplier was inferred, it is suggested to describe an additional register stage after this function.  If there is no registered adder/accumulator following the multiply function, two pipeline stages are suggested to allow both the MREG and PREG registers to be used.  If the DSP48 was instantiated in the design, it is suggested to set both the MREG and PREG attributes to 1 when performing multiply functions.
WARNING: [DRC DPOP-4] MREG Output pipelining: DSP chiptop0/system/tile_prci_domain/element_reset_domain_rockettile/fpuOpt/hfma/fma/mulAddRecFNToRaw_postMul_io_mulAddResult_pipe_b_reg multiplier stage chiptop0/system/tile_prci_domain/element_reset_domain_rockettile/fpuOpt/hfma/fma/mulAddRecFNToRaw_postMul_io_mulAddResult_pipe_b_reg/P[47:0] is not pipelined (MREG=0). Pipelining the multiplier function will improve performance and will save significant power so it is suggested whenever possible to fully pipeline this function.  If this multiplier was inferred, it is suggested to describe an additional register stage after this function.  If there is no registered adder/accumulator following the multiply function, two pipeline stages are suggested to allow both the MREG and PREG registers to be used.  If the DSP48 was instantiated in the design, it is suggested to set both the MREG and PREG attributes to 1 when performing multiply functions.
WARNING: [DRC DPOP-4] MREG Output pipelining: DSP chiptop0/system/tile_prci_domain/element_reset_domain_rockettile/fpuOpt/sfma/fma/mulAddRecFNToRaw_postMul_io_mulAddResult_pipe_b1 multiplier stage chiptop0/system/tile_prci_domain/element_reset_domain_rockettile/fpuOpt/sfma/fma/mulAddRecFNToRaw_postMul_io_mulAddResult_pipe_b1/P[47:0] is not pipelined (MREG=0). Pipelining the multiplier function will improve performance and will save significant power so it is suggested whenever possible to fully pipeline this function.  If this multiplier was inferred, it is suggested to describe an additional register stage after this function.  If there is no registered adder/accumulator following the multiply function, two pipeline stages are suggested to allow both the MREG and PREG registers to be used.  If the DSP48 was instantiated in the design, it is suggested to set both the MREG and PREG attributes to 1 when performing multiply functions.
WARNING: [DRC DPOP-4] MREG Output pipelining: DSP chiptop0/system/tile_prci_domain/element_reset_domain_rockettile/fpuOpt/sfma/fma/mulAddRecFNToRaw_postMul_io_mulAddResult_pipe_b1__0 multiplier stage chiptop0/system/tile_prci_domain/element_reset_domain_rockettile/fpuOpt/sfma/fma/mulAddRecFNToRaw_postMul_io_mulAddResult_pipe_b1__0/P[47:0] is not pipelined (MREG=0). Pipelining the multiplier function will improve performance and will save significant power so it is suggested whenever possible to fully pipeline this function.  If this multiplier was inferred, it is suggested to describe an additional register stage after this function.  If there is no registered adder/accumulator following the multiply function, two pipeline stages are suggested to allow both the MREG and PREG registers to be used.  If the DSP48 was instantiated in the design, it is suggested to set both the MREG and PREG attributes to 1 when performing multiply functions.
WARNING: [DRC PDCN-1569] LUT equation term check: Used physical LUT pin 'A2' of cell dbg_hub/inst/BSCANID.u_xsdbm_id/SWITCH_N_EXT_BSCAN.bscan_switch/temp_curid[31]_i_1 (pin dbg_hub/inst/BSCANID.u_xsdbm_id/SWITCH_N_EXT_BSCAN.bscan_switch/temp_curid[31]_i_1/I0) is not included in the LUT equation: 'O5=(A3*A4)+(A3*(~A4)*(~A1))+((~A3))'. If this cell is a user instantiated LUT in the design, please remove connectivity to the pin or change the equation and/or INIT string of the LUT to prevent this issue. If the cell is inferred or IP created LUT, please regenerate the IP and/or resynthesize the design to attempt to correct the issue.
WARNING: [DRC PDCN-1569] LUT equation term check: Used physical LUT pin 'A4' of cell dbg_hub/inst/BSCANID.u_xsdbm_id/SWITCH_N_EXT_BSCAN.id_state[0]_i_1 (pin dbg_hub/inst/BSCANID.u_xsdbm_id/SWITCH_N_EXT_BSCAN.id_state[0]_i_1/I0) is not included in the LUT equation: 'O6=(A6+~A6)*((A5))'. If this cell is a user instantiated LUT in the design, please remove connectivity to the pin or change the equation and/or INIT string of the LUT to prevent this issue. If the cell is inferred or IP created LUT, please regenerate the IP and/or resynthesize the design to attempt to correct the issue.
WARNING: [DRC PDCN-1569] LUT equation term check: Used physical LUT pin 'A5' of cell dbg_hub/inst/BSCANID.u_xsdbm_id/SWITCH_N_EXT_BSCAN.bscan_switch/temp_curid[31]_i_1 (pin dbg_hub/inst/BSCANID.u_xsdbm_id/SWITCH_N_EXT_BSCAN.bscan_switch/temp_curid[31]_i_1/I1) is not included in the LUT equation: 'O5=(A3*A4)+(A3*(~A4)*(~A1))+((~A3))'. If this cell is a user instantiated LUT in the design, please remove connectivity to the pin or change the equation and/or INIT string of the LUT to prevent this issue. If the cell is inferred or IP created LUT, please regenerate the IP and/or resynthesize the design to attempt to correct the issue.
WARNING: [DRC RTSTAT-10] No routable loads: 28 net(s) have no routable loads. The problem bus(es) and/or net(s) are dbg_hub/inst/BSCANID.u_xsdbm_id/CORE_XSDB.UUT_MASTER/U_ICON_INTERFACE/U_CMD6_RD/U_RD_FIFO/SUBCORE_FIFO.xsdbm_v3_0_0_rdfifo_inst/inst_fifo_gen/gconvfifo.rf/grf.rf/gntv_or_sync_fifo.gl0.rd/gr1.gr1_int.rfwft/aempty_fwft_i, dbg_hub/inst/BSCANID.u_xsdbm_id/CORE_XSDB.UUT_MASTER/U_ICON_INTERFACE/U_CMD7_CTL/ctl_reg[2:0], dbg_hub/inst/BSCANID.u_xsdbm_id/CORE_XSDB.UUT_MASTER/U_ICON_INTERFACE/U_CMD7_CTL/ctl_reg_en_2[1], dbg_hub/inst/BSCANID.u_xsdbm_id/CORE_XSDB.UUT_MASTER/U_ICON_INTERFACE/U_CMD1/ctl_reg_en_2[1], chiptop0/system/tile_prci_domain/element_reset_domain_rockettile/core/ex_ctrl_alu_fn[0], chiptop0/system/tile_prci_domain/element_reset_domain_rockettile/frontend/fq/ex_ctrl_alu_fn[0]_i_5_2, chiptop0/system/tile_prci_domain/element_reset_domain_rockettile/frontend/fq/ex_ctrl_alu_fn[3]_i_6_0, dbg_hub/inst/BSCANID.u_xsdbm_id/SWITCH_N_EXT_BSCAN.bscan_switch/m_bscan_capture[0], dbg_hub/inst/BSCANID.u_xsdbm_id/SWITCH_N_EXT_BSCAN.bscan_switch/m_bscan_drck[0], dbg_hub/inst/BSCANID.u_xsdbm_id/SWITCH_N_EXT_BSCAN.bscan_switch/m_bscan_runtest[0], dbg_hub/inst/BSCANID.u_xsdbm_id/CORE_XSDB.UUT_MASTER/U_ICON_INTERFACE/U_CMD6_WR/U_WR_FIFO/SUBCORE_FIFO.xsdbm_v3_0_0_wrfifo_inst/inst_fifo_gen/gconvfifo.rf/grf.rf/gntv_or_sync_fifo.gl0.wr/gwhf.whf/overflow, dbg_hub/inst/BSCANID.u_xsdbm_id/CORE_XSDB.UUT_MASTER/U_ICON_INTERFACE/U_CMD6_RD/U_RD_FIFO/SUBCORE_FIFO.xsdbm_v3_0_0_rdfifo_inst/inst_fifo_gen/gconvfifo.rf/grf.rf/gntv_or_sync_fifo.gl0.wr/gwhf.whf/overflow, dbg_hub/inst/BSCANID.u_xsdbm_id/CORE_XSDB.UUT_MASTER/U_ICON_INTERFACE/U_CMD6_RD/U_RD_FIFO/SUBCORE_FIFO.xsdbm_v3_0_0_rdfifo_inst/inst_fifo_gen/gconvfifo.rf/grf.rf/gntv_or_sync_fifo.gl0.rd/gras.rsts/ram_empty_i, dbg_hub/inst/BSCANID.u_xsdbm_id/CORE_XSDB.UUT_MASTER/U_ICON_INTERFACE/U_CMD6_WR/U_WR_FIFO/SUBCORE_FIFO.xsdbm_v3_0_0_wrfifo_inst/inst_fifo_gen/gconvfifo.rf/grf.rf/gntv_or_sync_fifo.gl0.wr/gwas.wsts/ram_full_i, dbg_hub/inst/BSCANID.u_xsdbm_id/CORE_XSDB.UUT_MASTER/U_ICON_INTERFACE/U_CMD6_WR/U_WR_FIFO/SUBCORE_FIFO.xsdbm_v3_0_0_wrfifo_inst/inst_fifo_gen/gconvfifo.rf/grf.rf/rstblk/rd_rst_reg[0]... and (the first 15 of 26 listed).
INFO: [Vivado 12-3199] DRC finished with 0 Errors, 46 Warnings
INFO: [Vivado 12-3200] Please refer to the DRC report (report_drc) for more information.
INFO: [Designutils 20-2272] Running write_bitstream with 2 threads.
Loading data files...
Loading site data...
Loading route data...
Processing options...
Creating bitmap...
Creating bitstream...
Bitstream compression saved 64516640 bits.
Writing bitstream \\wsl.localhost\Ubuntu-22.04\root\chipyard\fpga\generated-src\chipyard.fpga.zcu104.ZCU104FPGATestHarness.RocketZCU104LinuxBringupDebugConfig\debug_obj\jtagtunnel_ila_20260324_220238/ZCU104FPGATestHarness_jtagtunnel_ila.bit...
INFO: [Vivado 12-1842] Bitgen Completed Successfully.
INFO: [Project 1-1876] WebTalk data collection is mandatory when using a ULT device. To see the specific WebTalk data collected for your design, open the usage_statistics_webtalk.html or usage_statistics_webtalk.xml file in the implementation directory.
INFO: [Common 17-83] Releasing license: Implementation
9 Infos, 46 Warnings, 0 Critical Warnings and 0 Errors encountered.
write_bitstream completed successfully
write_bitstream: Time (s): cpu = 00:02:29 ; elapsed = 00:01:58 . Memory (MB): peak = 5384.207 ; gain = 394.043
# puts "ILA insertion complete"
ILA insertion complete
# puts "OUT_DCP=$out_dcp"
OUT_DCP=\\wsl.localhost\Ubuntu-22.04\root\chipyard\fpga\generated-src\chipyard.fpga.zcu104.ZCU104FPGATestHarness.RocketZCU104LinuxBringupDebugConfig\debug_obj\jtagtunnel_ila_20260324_220238/post_route_ila.dcp
# puts "OUT_LTX=$out_ltx"
OUT_LTX=\\wsl.localhost\Ubuntu-22.04\root\chipyard\fpga\generated-src\chipyard.fpga.zcu104.ZCU104FPGATestHarness.RocketZCU104LinuxBringupDebugConfig\debug_obj\jtagtunnel_ila_20260324_220238/jtagtunnel_ila.ltx
# puts "OUT_BIT=$out_bit"
OUT_BIT=\\wsl.localhost\Ubuntu-22.04\root\chipyard\fpga\generated-src\chipyard.fpga.zcu104.ZCU104FPGATestHarness.RocketZCU104LinuxBringupDebugConfig\debug_obj\jtagtunnel_ila_20260324_220238/ZCU104FPGATestHarness_jtagtunnel_ila.bit
# exit
INFO: [Common 17-206] Exiting Vivado at Tue Mar 24 22:16:32 2026...
