'\\wsl.localhost\Ubuntu-22.04\root\chipyard\fpga'
用作为当前目录的以上路径启动了 CMD.EXE。
UNC 路径不受支持。默认值设为 Windows 目录。

****** Vivado v2021.2 (64-bit)
  **** SW Build 3367213 on Tue Oct 19 02:48:09 MDT 2021
  **** IP Build 3369179 on Thu Oct 21 08:25:16 MDT 2021
    ** Copyright 1986-2021 Xilinx, Inc. All Rights Reserved.

source {\\wsl.localhost\Ubuntu-22.04\root\chipyard\fpga\scripts\insert_ila_uart_pbus_zcu104.tcl}
# if { $argc < 2 } {
#   puts "Usage: vivado -mode batch -source scripts/insert_ila_uart_pbus_zcu104.tcl -tclargs <in_post_synth_dcp> <out_dir>"
#   exit 2
# }
# set in_dcp [lindex $argv 0]
# set out_dir [lindex $argv 1]
# proc log_step {msg} {
#   puts "STEP=[clock format [clock seconds] -format {%Y-%m-%d %H:%M:%S}] $msg"
#   flush stdout
# }
# proc first_net {patterns} {
#   foreach pattern $patterns {
#     set nets [lsort [get_nets -hier -quiet -filter "NAME =~ $pattern"]]
#     if { [llength $nets] > 0 } {
#       return [lindex $nets 0]
#     }
#   }
#   return ""
# }
# file mkdir $out_dir
# log_step "OPEN_DCP $in_dcp"
STEP=2026-03-26 20:39:57 OPEN_DCP \\wsl.localhost\Ubuntu-22.04\root\chipyard\fpga\generated-src\chipyard.fpga.zcu104.ZCU104FPGATestHarness.RocketZCU104LinuxBringupConfig\obj\post_synth.dcp
# open_checkpoint $in_dcp
Command: open_checkpoint {\\wsl.localhost\Ubuntu-22.04\root\chipyard\fpga\generated-src\chipyard.fpga.zcu104.ZCU104FPGATestHarness.RocketZCU104LinuxBringupConfig\obj\post_synth.dcp}

Starting open_checkpoint Task

Time (s): cpu = 00:00:00 ; elapsed = 00:00:00.020 . Memory (MB): peak = 1603.598 ; gain = 0.000
INFO: [Device 21-403] Loading part xczu7ev-ffvc1156-2-e
Netlist sorting complete. Time (s): cpu = 00:00:01 ; elapsed = 00:00:00.484 . Memory (MB): peak = 1897.012 ; gain = 0.562
INFO: [Netlist 29-17] Analyzing 3530 Unisim elements for replacement
INFO: [Netlist 29-28] Unisim Transformation completed in 0 CPU seconds
INFO: [Project 1-479] Netlist was created with Vivado 2021.2
INFO: [Project 1-570] Preparing netlist for logic optimization
INFO: [Timing 38-478] Restoring timing data from binary archive.
INFO: [Timing 38-479] Binary timing data restore complete.
INFO: [Project 1-856] Restoring constraints from binary archive.
INFO: [Project 1-853] Binary constraint restore complete.
Reading XDEF placement.
Reading placer database...
Reading XDEF routing.
Read XDEF File: Time (s): cpu = 00:00:00 ; elapsed = 00:00:00.206 . Memory (MB): peak = 2572.793 ; gain = 0.000
Restored from archive | CPU: 0.000000 secs | Memory: 0.000000 MB |
Finished XDEF File Restore: Time (s): cpu = 00:00:00 ; elapsed = 00:00:00.208 . Memory (MB): peak = 2572.793 ; gain = 0.000
Netlist sorting complete. Time (s): cpu = 00:00:00 ; elapsed = 00:00:00.014 . Memory (MB): peak = 3014.328 ; gain = 0.000
INFO: [Project 1-111] Unisim Transformation Summary:
  A total of 510 instances were transformed.
  DSP48E2 => DSP48E2 (DSP_ALU, DSP_A_B_DATA, DSP_C_DATA, DSP_MULTIPLIER, DSP_M_DATA, DSP_OUTPUT, DSP_PREADD, DSP_PREADD_DATA): 25 instances
  IBUF => IBUF (IBUFCTRL, INBUF): 2 instances
  IBUFDS => IBUFDS (DIFFINBUF, IBUFCTRL): 1 instance 
  RAM16X1D => RAM32X1D (RAMD32(x2)): 22 instances
  RAM256X1D => RAM256X1D (MUXF7(x4), MUXF8(x2), RAMD64E(x8)): 2 instances
  RAM32M => RAM32M (RAMD32(x6), RAMS32(x2)): 27 instances
  RAM32M16 => RAM32M16 (RAMD32(x14), RAMS32(x2)): 347 instances
  RAM32X1D => RAM32X1D (RAMD32(x2)): 8 instances
  RAM64M => RAM64M (RAMD64E(x4)): 1 instance 
  RAM64M8 => RAM64M8 (RAMD64E(x8)): 66 instances
  RAM64X1D => RAM64X1D (RAMD64E(x2)): 9 instances

INFO: [Project 1-604] Checkpoint was created with Vivado v2021.2 (64-bit) build 3367213
open_checkpoint: Time (s): cpu = 00:00:21 ; elapsed = 00:00:29 . Memory (MB): peak = 3014.328 ; gain = 1410.730
# set clk_net [get_nets -quiet _dutWrangler_auto_out_clock]
# if { $clk_net eq "" } {
#   set clk_net [get_nets -quiet clk_out1]
# }
# set repeater_full_net [first_net [list \
#   {*pbus/coupler_to_device_named_uart_0/_repeater_io_full} \
#   {*pbus/coupler_to_device_named_uart_0/fragmenter/repeater/full0} \
# ]]
# set opcode2_net [first_net [list \
#   {*pbus/coupler_to_device_named_uart_0/fragmenter/repeater/_pbus_auto_coupler_to_device_named_uart_0_control_xing_out_a_bits_opcode[2]} \
#   {*_pbus_auto_coupler_to_device_named_uart_0_control_xing_out_a_bits_opcode[2]} \
# ]]
# set addr3_net [first_net [list \
#   {*pbus/coupler_to_device_named_uart_0/fragmenter/repeater/_pbus_auto_coupler_to_device_named_uart_0_control_xing_out_a_bits_address[3]} \
#   {*_pbus_auto_coupler_to_device_named_uart_0_control_xing_out_a_bits_address[3]} \
# ]]
# set addr4_net [first_net [list \
#   {*pbus/coupler_to_device_named_uart_0/fragmenter/repeater/_pbus_auto_coupler_to_device_named_uart_0_control_xing_out_a_bits_address[4]} \
#   {*_pbus_auto_coupler_to_device_named_uart_0_control_xing_out_a_bits_address[4]} \
# ]]
# set missing {}
# foreach {name netobj} [list \
#   clk_net $clk_net \
#   repeater_full_net $repeater_full_net \
#   opcode2_net $opcode2_net \
#   addr3_net $addr3_net \
#   addr4_net $addr4_net \
# ] {
#   if { $netobj eq "" } { lappend missing $name }
# }
# if { [llength $missing] > 0 } {
#   puts "ERROR: missing required nets: $missing"
#   exit 3
# }
# log_step "NETS clk=$clk_net repeater_full=$repeater_full_net opcode2=$opcode2_net addr3=$addr3_net addr4=$addr4_net"
STEP=2026-03-26 20:40:27 NETS clk=_dutWrangler_auto_out_clock repeater_full=chiptop0/system/pbus/coupler_to_device_named_uart_0/_repeater_io_full opcode2=chiptop0/system/pbus/coupler_to_device_named_uart_0/fragmenter/repeater/_pbus_auto_coupler_to_device_named_uart_0_control_xing_out_a_bits_opcode[2] addr3=chiptop0/system/pbus/coupler_to_device_named_uart_0/fragmenter/repeater/_pbus_auto_coupler_to_device_named_uart_0_control_xing_out_a_bits_address[3] addr4=chiptop0/system/pbus/coupler_to_device_named_uart_0/fragmenter/repeater/_pbus_auto_coupler_to_device_named_uart_0_control_xing_out_a_bits_address[4]
# log_step "CREATE_DEBUG_CORE"
STEP=2026-03-26 20:40:27 CREATE_DEBUG_CORE
# create_debug_core u_ila_uart_pbus ila
# set dbg [get_debug_cores u_ila_uart_pbus]
# set_property C_DATA_DEPTH 16384 $dbg
# set_property C_INPUT_PIPE_STAGES 0 $dbg
# create_debug_port u_ila_uart_pbus probe
# create_debug_port u_ila_uart_pbus probe
# create_debug_port u_ila_uart_pbus probe
# set_property port_width 1 [get_debug_ports u_ila_uart_pbus/probe0]
# set_property port_width 1 [get_debug_ports u_ila_uart_pbus/probe1]
# set_property port_width 1 [get_debug_ports u_ila_uart_pbus/probe2]
# set_property port_width 1 [get_debug_ports u_ila_uart_pbus/probe3]
# connect_debug_port u_ila_uart_pbus/clk    $clk_net
# connect_debug_port u_ila_uart_pbus/probe0 $repeater_full_net
# connect_debug_port u_ila_uart_pbus/probe1 $opcode2_net
# connect_debug_port u_ila_uart_pbus/probe2 $addr3_net
# connect_debug_port u_ila_uart_pbus/probe3 $addr4_net
# log_step "BEGIN_OPT_DESIGN"
STEP=2026-03-26 20:40:27 BEGIN_OPT_DESIGN
# opt_design
Command: opt_design
Attempting to get a license for feature 'Implementation' and/or device 'xczu7ev'
INFO: [Common 17-349] Got license for feature 'Implementation' and/or device 'xczu7ev'
Running DRC as a precondition to command opt_design

Starting DRC Task
INFO: [DRC 23-27] Running DRC with 2 threads
WARNING: [DRC RPBF-3] IO port buffering is incomplete: Device port sdio_spi_clk expects both input and output buffering but the buffers are incomplete.
WARNING: [DRC RPBF-3] IO port buffering is incomplete: Device port sdio_spi_cs expects both input and output buffering but the buffers are incomplete.
WARNING: [DRC RPBF-3] IO port buffering is incomplete: Device port sdio_spi_dat_0 expects both input and output buffering but the buffers are incomplete.
WARNING: [DRC RPBF-3] IO port buffering is incomplete: Device port sdio_spi_dat_3 expects both input and output buffering but the buffers are incomplete.
WARNING: [DRC RPBF-3] IO port buffering is incomplete: Device port uart_rxd expects both input and output buffering but the buffers are incomplete.
WARNING: [DRC RPBF-3] IO port buffering is incomplete: Device port uart_txd expects both input and output buffering but the buffers are incomplete.
INFO: [Project 1-461] DRC finished with 0 Errors, 6 Warnings
INFO: [Project 1-462] Please refer to the DRC report (report_drc) for more information.

Time (s): cpu = 00:00:02 ; elapsed = 00:00:01 . Memory (MB): peak = 3028.230 ; gain = 13.902

Starting Cache Timing Information Task
Ending Cache Timing Information Task | Checksum: 13814c619

Time (s): cpu = 00:00:00 ; elapsed = 00:00:00.134 . Memory (MB): peak = 3028.230 ; gain = 0.000

Starting Logic Optimization Task

Phase 1 Generate And Synthesize Debug Cores
INFO: [Chipscope 16-329] Generating Script for core instance : dbg_hub 
INFO: [IP_Flow 19-234] Refreshing IP repositories
INFO: [IP_Flow 19-1704] No user IP repositories specified
INFO: [IP_Flow 19-2313] Loaded Vivado IP repository 'E:/PRO_APP/xilinx/Vivado/2021.2/data/ip'.
INFO: [IP_Flow 19-3806] Processing IP xilinx.com:ip:xsdbm:3.0 for cell dbg_hub_CV.
INFO: [Chipscope 16-329] Generating Script for core instance : u_ila_uart_pbus 
INFO: [IP_Flow 19-3806] Processing IP xilinx.com:ip:ila:6.2 for cell u_ila_uart_pbus_CV.
Netlist sorting complete. Time (s): cpu = 00:00:01 ; elapsed = 00:00:00.061 . Memory (MB): peak = 3361.816 ; gain = 0.000
Phase 1 Generate And Synthesize Debug Cores | Checksum: 1ce60bd81

Time (s): cpu = 00:00:10 ; elapsed = 00:02:17 . Memory (MB): peak = 3361.816 ; gain = 48.906

Phase 2 Retarget
INFO: [Opt 31-1287] Pulled Inverter chiptop0/system/cbus/out_xbar/state_0_i_1__6 into driver instance chiptop0/system/cbus/out_xbar/state_0_i_2__3, which resulted in an inversion of 9 pins
INFO: [Opt 31-1287] Pulled Inverter chiptop0/system/cbus/out_xbar/state_1_i_1__3 into driver instance chiptop0/system/cbus/out_xbar/state_1_i_2__1, which resulted in an inversion of 3 pins
INFO: [Opt 31-1287] Pulled Inverter chiptop0/system/cbus/out_xbar/state_2_i_1 into driver instance chiptop0/system/cbus/out_xbar/state_2_i_2, which resulted in an inversion of 74 pins
INFO: [Opt 31-1287] Pulled Inverter chiptop0/system/cbus/out_xbar/state_3_i_1 into driver instance chiptop0/system/cbus/out_xbar/state_3_i_2, which resulted in an inversion of 72 pins
INFO: [Opt 31-1287] Pulled Inverter chiptop0/system/cbus/out_xbar/state_4_i_1 into driver instance chiptop0/system/cbus/out_xbar/state_4_i_2, which resulted in an inversion of 14 pins
INFO: [Opt 31-1287] Pulled Inverter chiptop0/system/cbus/out_xbar/state_5_i_1 into driver instance chiptop0/system/cbus/out_xbar/state_5_i_2, which resulted in an inversion of 72 pins
INFO: [Opt 31-1287] Pulled Inverter chiptop0/system/cbus/out_xbar/state_6_i_1 into driver instance chiptop0/system/cbus/out_xbar/state_6_i_2, which resulted in an inversion of 13 pins
INFO: [Opt 31-1287] Pulled Inverter chiptop0/system/cbus/wrapped_error_device/buffer/nodeIn_d_q/readys_mask[0]_i_1__2 into driver instance chiptop0/system/cbus/wrapped_error_device/buffer/nodeIn_d_q/ram_ext/readys_mask[1]_i_2__3, which resulted in an inversion of 14 pins
INFO: [Opt 31-1287] Pulled Inverter chiptop0/system/cbus/wrapped_error_device/buffer/nodeOut_a_q/ram_ext/Memory_reg_0_1_0_13_i_1__12 into driver instance chiptop0/system/cbus/wrapped_error_device/buffer/nodeOut_a_q/ram_ext/Memory_reg_0_1_0_13_i_2__10, which resulted in an inversion of 3 pins
INFO: [Opt 31-1287] Pulled Inverter chiptop0/system/chipyard_prcictrl_domain/fragmenter/repeater/dOrig[2]_i_2__8 into driver instance chiptop0/system/chipyard_prcictrl_domain/fragmenter/repeater/readys_mask[0]_i_3__1, which resulted in an inversion of 7 pins
INFO: [Opt 31-1287] Pulled Inverter chiptop0/system/chipyard_prcictrl_domain/fragmenter_1/repeater/dOrig[2]_i_2__9 into driver instance chiptop0/system/chipyard_prcictrl_domain/fragmenter_1/repeater/dOrig[2]_i_4__0, which resulted in an inversion of 6 pins
INFO: [Opt 31-1287] Pulled Inverter chiptop0/system/chipyard_prcictrl_domain/xbar/state_0_i_1__11 into driver instance chiptop0/system/chipyard_prcictrl_domain/xbar/Memory_reg_0_1_0_13_i_15__7, which resulted in an inversion of 9 pins
INFO: [Opt 31-1287] Pulled Inverter chiptop0/system/coh_wrapper/cork/q/state_1_1_i_1 into driver instance chiptop0/system/coh_wrapper/cork/q/Memory_reg_0_1_0_13_i_17__2, which resulted in an inversion of 14 pins
INFO: [Opt 31-1287] Pulled Inverter chiptop0/system/coh_wrapper/cork/q_1/ram_ext/Memory_reg_0_1_0_13_i_9__2 into driver instance chiptop0/system/coh_wrapper/cork/q_1/ram_ext/Memory_reg_0_1_0_13_i_26, which resulted in an inversion of 3 pins
INFO: [Opt 31-1287] Pulled Inverter chiptop0/system/coh_wrapper/cork/q_1/state_1_2_i_1 into driver instance chiptop0/system/coh_wrapper/cork/q_1/Memory_reg_0_1_0_13_i_21__1, which resulted in an inversion of 11 pins
INFO: [Opt 31-1287] Pulled Inverter chiptop0/system/coh_wrapper/cork/state_1_i_1__0 into driver instance chiptop0/system/coh_wrapper/cork/state_1_i_2__0, which resulted in an inversion of 42 pins
INFO: [Opt 31-1287] Pulled Inverter chiptop0/system/coh_wrapper/l2/inclusive_cache_bank_sched/mshrs_5/robin_filter[6]_i_2 into driver instance chiptop0/system/coh_wrapper/l2/inclusive_cache_bank_sched/mshrs_5/s2_req_source[1]_i_2, which resulted in an inversion of 185 pins
INFO: [Opt 31-1287] Pulled Inverter chiptop0/system/coh_wrapper/l2/inclusive_cache_bank_sched/requests/data_ext/Memory_reg_0_15_0_0__1_i_1 into driver instance chiptop0/system/coh_wrapper/l2/inclusive_cache_bank_sched/requests/head_ext/Memory[19][1]_i_2, which resulted in an inversion of 23 pins
INFO: [Opt 31-1287] Pulled Inverter chiptop0/system/coh_wrapper/l2/inclusive_cache_bank_sched/requests/data_ext/Memory_reg_0_15_0_0__3_i_1 into driver instance chiptop0/system/coh_wrapper/l2/inclusive_cache_bank_sched/requests/head_ext/Memory[19][2]_i_2, which resulted in an inversion of 24 pins
INFO: [Opt 31-1287] Pulled Inverter chiptop0/system/coh_wrapper/l2/inclusive_cache_bank_sched/requests/data_ext/Memory_reg_0_15_0_0__5_i_1 into driver instance chiptop0/system/coh_wrapper/l2/inclusive_cache_bank_sched/requests/head_ext/Memory[19][3]_i_2, which resulted in an inversion of 23 pins
INFO: [Opt 31-1287] Pulled Inverter chiptop0/system/coh_wrapper/l2/inclusive_cache_bank_sched/requests/data_ext/Memory_reg_0_15_0_0_i_1 into driver instance chiptop0/system/coh_wrapper/l2/inclusive_cache_bank_sched/requests/head_ext/Memory[19][0]_i_2, which resulted in an inversion of 23 pins
INFO: [Opt 31-1287] Pulled Inverter chiptop0/system/coh_wrapper/l2/inclusive_cache_bank_sched/sinkD/d_q/d_first_counter[2]_i_2 into driver instance chiptop0/system/coh_wrapper/l2/inclusive_cache_bank_sched/sinkD/d_q/beatsLeft_1[2]_i_5, which resulted in an inversion of 5 pins
INFO: [Opt 31-1287] Pulled Inverter chiptop0/system/coh_wrapper/l2/inclusive_cache_bank_sched/sourceD/s2_retires_i_1 into driver instance chiptop0/system/coh_wrapper/l2/inclusive_cache_bank_sched/sourceD/s2_retires_i_2, which resulted in an inversion of 3 pins
INFO: [Opt 31-1287] Pulled Inverter chiptop0/system/mbus/mbus_xbar/state_0_i_1__3 into driver instance chiptop0/system/mbus/mbus_xbar/Memory_reg_0_1_14_27_i_15__1, which resulted in an inversion of 81 pins
INFO: [Opt 31-1287] Pulled Inverter chiptop0/system/mbus/mbus_xbar/state_1_i_1__1 into driver instance chiptop0/system/mbus/mbus_xbar/Memory_reg_0_1_14_27_i_16__0, which resulted in an inversion of 80 pins
INFO: [Opt 31-1287] Pulled Inverter chiptop0/system/pbus/atomics/Memory_reg_0_1_0_13_i_1__17 into driver instance chiptop0/system/pbus/atomics/beatsLeft[2]_i_5__0, which resulted in an inversion of 6 pins
INFO: [Opt 31-1287] Pulled Inverter chiptop0/system/pbus/buffer/nodeIn_d_q/ram_ext/Memory_reg_0_1_0_13_i_1__16 into driver instance chiptop0/system/pbus/buffer/nodeIn_d_q/ram_ext/beatsLeft[0]_i_5__0, which resulted in an inversion of 4 pins
INFO: [Opt 31-1287] Pulled Inverter chiptop0/system/pbus/buffer/nodeOut_a_q/ram_ext/acknum[2]_i_1__4 into driver instance chiptop0/system/pbus/buffer/nodeOut_a_q/ram_ext/acknum[2]_i_3__3, which resulted in an inversion of 2 pins
INFO: [Opt 31-1287] Pulled Inverter chiptop0/system/pbus/buffer/nodeOut_a_q/ram_ext/acknum[2]_i_1__6 into driver instance chiptop0/system/pbus/buffer/nodeOut_a_q/ram_ext/acknum[2]_i_3__5, which resulted in an inversion of 2 pins
INFO: [Opt 31-1287] Pulled Inverter chiptop0/system/pbus/buffer/nodeOut_a_q/ram_ext/acknum[2]_i_1__7 into driver instance chiptop0/system/pbus/buffer/nodeOut_a_q/ram_ext/acknum[2]_i_3__6, which resulted in an inversion of 2 pins
INFO: [Opt 31-1287] Pulled Inverter chiptop0/system/pbus/buffer_1/nodeIn_d_q/d_first_counter[2]_i_2__0 into driver instance chiptop0/system/pbus/buffer_1/nodeIn_d_q/d_first_counter[2]_i_4__0, which resulted in an inversion of 5 pins
INFO: [Opt 31-1287] Pulled Inverter chiptop0/system/pbus/coupler_to_bootaddressreg/fragmenter/repeater/dOrig[2]_i_2__7 into driver instance chiptop0/system/pbus/coupler_to_bootaddressreg/fragmenter/repeater/dOrig[2]_i_3__2, which resulted in an inversion of 8 pins
INFO: [Opt 31-1287] Pulled Inverter chiptop0/system/pbus/coupler_to_device_named_gpio_0/fragmenter/repeater/dOrig[2]_i_2__6 into driver instance chiptop0/system/pbus/coupler_to_device_named_gpio_0/fragmenter/repeater/saved_opcode[2]_i_4, which resulted in an inversion of 11 pins
INFO: [Opt 31-1287] Pulled Inverter chiptop0/system/pbus/coupler_to_device_named_spi_0/fragmenter/repeater/dOrig[2]_i_2__5 into driver instance chiptop0/system/pbus/coupler_to_device_named_spi_0/fragmenter/repeater/dOrig[2]_i_3__1, which resulted in an inversion of 8 pins
INFO: [Opt 31-1287] Pulled Inverter chiptop0/system/pbus/coupler_to_device_named_uart_0/fragmenter/repeater/dOrig[2]_i_2__4 into driver instance chiptop0/system/pbus/coupler_to_device_named_uart_0/fragmenter/repeater/dOrig[2]_i_3__0, which resulted in an inversion of 9 pins
INFO: [Opt 31-1287] Pulled Inverter chiptop0/system/pbus/out_xbar/state_0_i_1__8 into driver instance chiptop0/system/pbus/out_xbar/state_0_i_2__4, which resulted in an inversion of 8 pins
INFO: [Opt 31-1287] Pulled Inverter chiptop0/system/pbus/out_xbar/state_1_i_1__5 into driver instance chiptop0/system/pbus/out_xbar/state_1_i_2__4, which resulted in an inversion of 42 pins
INFO: [Opt 31-1287] Pulled Inverter chiptop0/system/pbus/out_xbar/state_2_i_1__0 into driver instance chiptop0/system/pbus/out_xbar/state_2_i_2__0, which resulted in an inversion of 10 pins
INFO: [Opt 31-1287] Pulled Inverter chiptop0/system/pbus/out_xbar/state_3_i_1__0 into driver instance chiptop0/system/pbus/out_xbar/state_3_i_2__0, which resulted in an inversion of 46 pins
INFO: [Opt 31-1287] Pulled Inverter chiptop0/system/plic_domain/plic/maxDevs_0[1]_i_1 into driver instance chiptop0/system/plic_domain/plic/maxDevs_0[1]_i_2, which resulted in an inversion of 3 pins
INFO: [Opt 31-1287] Pulled Inverter chiptop0/system/plic_domain/plic/maxDevs_1[1]_i_1 into driver instance chiptop0/system/plic_domain/plic/maxDevs_1[1]_i_2, which resulted in an inversion of 3 pins
INFO: [Opt 31-1287] Pulled Inverter chiptop0/system/sbus/system_bus_xbar/state_0_i_1__10 into driver instance chiptop0/system/sbus/system_bus_xbar/Memory_reg_0_1_0_13_i_19__4, which resulted in an inversion of 79 pins
INFO: [Opt 31-1287] Pulled Inverter chiptop0/system/sbus/system_bus_xbar/state_1_i_1__7 into driver instance chiptop0/system/sbus/system_bus_xbar/Memory_reg_0_1_0_13_i_17__4, which resulted in an inversion of 79 pins
INFO: [Opt 31-1287] Pulled Inverter chiptop0/system/tile_prci_domain/buffer/nodeIn_d_q/ram_ext/r_counter[8]_i_1 into driver instance chiptop0/system/tile_prci_domain/buffer/nodeIn_d_q/ram_ext/state_0_i_2__0, which resulted in an inversion of 7 pins
INFO: [Opt 31-1287] Pulled Inverter chiptop0/system/tile_prci_domain/element_reset_domain_rockettile/core/csr/reg_mstatus_prv[0]_i_1 into driver instance chiptop0/system/tile_prci_domain/element_reset_domain_rockettile/core/csr/reg_mstatus_prv[0]_i_2, which resulted in an inversion of 2 pins
INFO: [Opt 31-1287] Pulled Inverter chiptop0/system/tile_prci_domain/element_reset_domain_rockettile/core/csr/reg_pmp_2_cfg_r_i_2 into driver instance chiptop0/system/tile_prci_domain/element_reset_domain_rockettile/core/csr/reg_pmp_2_cfg_r_i_3, which resulted in an inversion of 9 pins
INFO: [Opt 31-1287] Pulled Inverter chiptop0/system/tile_prci_domain/element_reset_domain_rockettile/core/csr/reg_pmp_3_cfg_r_i_2 into driver instance chiptop0/system/tile_prci_domain/element_reset_domain_rockettile/core/csr/reg_pmp_3_cfg_r_i_3, which resulted in an inversion of 9 pins
INFO: [Opt 31-1287] Pulled Inverter chiptop0/system/tile_prci_domain/element_reset_domain_rockettile/dcache/probe_bits_size[3]_i_1 into driver instance chiptop0/system/tile_prci_domain/element_reset_domain_rockettile/dcache/probe_bits_address[31]_i_3, which resulted in an inversion of 29 pins
INFO: [Opt 31-1287] Pulled Inverter chiptop0/system/tile_prci_domain/element_reset_domain_rockettile/dcache/r_req_dest_i_1 into driver instance chiptop0/system/tile_prci_domain/element_reset_domain_rockettile/dcache/r_req_addr[26]_i_4, which resulted in an inversion of 32 pins
INFO: [Opt 31-1287] Pulled Inverter chiptop0/system/tile_prci_domain/element_reset_domain_rockettile/dcache/s2_req_addr[12]_i_1 into driver instance chiptop0/system/tile_prci_domain/element_reset_domain_rockettile/dcache/s2_req_addr[12]_i_2, which resulted in an inversion of 9 pins
INFO: [Opt 31-1287] Pulled Inverter chiptop0/system/tile_prci_domain/element_reset_domain_rockettile/dcache/s2_req_addr[13]_i_1 into driver instance chiptop0/system/tile_prci_domain/element_reset_domain_rockettile/dcache/s2_req_addr[13]_i_2, which resulted in an inversion of 9 pins
INFO: [Opt 31-1287] Pulled Inverter chiptop0/system/tile_prci_domain/element_reset_domain_rockettile/dcache/s2_req_addr[14]_i_1 into driver instance chiptop0/system/tile_prci_domain/element_reset_domain_rockettile/dcache/s2_req_addr[14]_i_2, which resulted in an inversion of 9 pins
INFO: [Opt 31-1287] Pulled Inverter chiptop0/system/tile_prci_domain/element_reset_domain_rockettile/dcache/s2_req_addr[15]_i_1 into driver instance chiptop0/system/tile_prci_domain/element_reset_domain_rockettile/dcache/s2_req_addr[15]_i_2, which resulted in an inversion of 9 pins
INFO: [Opt 31-1287] Pulled Inverter chiptop0/system/tile_prci_domain/element_reset_domain_rockettile/dcache/s2_req_addr[16]_i_1 into driver instance chiptop0/system/tile_prci_domain/element_reset_domain_rockettile/dcache/s2_req_addr[16]_i_2, which resulted in an inversion of 9 pins
INFO: [Opt 31-1287] Pulled Inverter chiptop0/system/tile_prci_domain/element_reset_domain_rockettile/dcache/s2_req_addr[17]_i_1 into driver instance chiptop0/system/tile_prci_domain/element_reset_domain_rockettile/dcache/s2_req_addr[17]_i_2, which resulted in an inversion of 9 pins
INFO: [Opt 31-1287] Pulled Inverter chiptop0/system/tile_prci_domain/element_reset_domain_rockettile/dcache/s2_req_addr[18]_i_1 into driver instance chiptop0/system/tile_prci_domain/element_reset_domain_rockettile/dcache/s2_req_addr[18]_i_2, which resulted in an inversion of 9 pins
INFO: [Opt 31-1287] Pulled Inverter chiptop0/system/tile_prci_domain/element_reset_domain_rockettile/dcache/s2_req_addr[19]_i_1 into driver instance chiptop0/system/tile_prci_domain/element_reset_domain_rockettile/dcache/s2_req_addr[19]_i_2, which resulted in an inversion of 9 pins
INFO: [Opt 31-1287] Pulled Inverter chiptop0/system/tile_prci_domain/element_reset_domain_rockettile/dcache/s2_req_addr[20]_i_1 into driver instance chiptop0/system/tile_prci_domain/element_reset_domain_rockettile/dcache/s2_req_addr[20]_i_2, which resulted in an inversion of 9 pins
INFO: [Opt 31-1287] Pulled Inverter chiptop0/system/tile_prci_domain/element_reset_domain_rockettile/dcache/s2_req_addr[21]_i_1 into driver instance chiptop0/system/tile_prci_domain/element_reset_domain_rockettile/dcache/s2_req_addr[21]_i_2, which resulted in an inversion of 9 pins
INFO: [Opt 31-1287] Pulled Inverter chiptop0/system/tile_prci_domain/element_reset_domain_rockettile/dcache/s2_req_addr[22]_i_1 into driver instance chiptop0/system/tile_prci_domain/element_reset_domain_rockettile/dcache/s2_req_addr[22]_i_2, which resulted in an inversion of 9 pins
INFO: [Opt 31-1287] Pulled Inverter chiptop0/system/tile_prci_domain/element_reset_domain_rockettile/dcache/s2_req_addr[23]_i_1 into driver instance chiptop0/system/tile_prci_domain/element_reset_domain_rockettile/dcache/s2_req_addr[23]_i_2, which resulted in an inversion of 9 pins
INFO: [Opt 31-1287] Pulled Inverter chiptop0/system/tile_prci_domain/element_reset_domain_rockettile/dcache/s2_req_addr[24]_i_1 into driver instance chiptop0/system/tile_prci_domain/element_reset_domain_rockettile/dcache/s2_req_addr[24]_i_2, which resulted in an inversion of 9 pins
INFO: [Opt 31-1287] Pulled Inverter chiptop0/system/tile_prci_domain/element_reset_domain_rockettile/dcache/s2_req_addr[25]_i_1 into driver instance chiptop0/system/tile_prci_domain/element_reset_domain_rockettile/dcache/s2_req_addr[25]_i_2, which resulted in an inversion of 9 pins
INFO: [Opt 31-1287] Pulled Inverter chiptop0/system/tile_prci_domain/element_reset_domain_rockettile/dcache/s2_req_addr[26]_i_1 into driver instance chiptop0/system/tile_prci_domain/element_reset_domain_rockettile/dcache/s2_req_addr[26]_i_2, which resulted in an inversion of 9 pins
INFO: [Opt 31-1287] Pulled Inverter chiptop0/system/tile_prci_domain/element_reset_domain_rockettile/dcache/s2_req_addr[27]_i_1 into driver instance chiptop0/system/tile_prci_domain/element_reset_domain_rockettile/dcache/s2_req_addr[27]_i_2, which resulted in an inversion of 9 pins
INFO: [Opt 31-1287] Pulled Inverter chiptop0/system/tile_prci_domain/element_reset_domain_rockettile/dcache/s2_req_addr[28]_i_1 into driver instance chiptop0/system/tile_prci_domain/element_reset_domain_rockettile/dcache/s2_req_addr[28]_i_2, which resulted in an inversion of 9 pins
INFO: [Opt 31-1287] Pulled Inverter chiptop0/system/tile_prci_domain/element_reset_domain_rockettile/dcache/s2_req_addr[29]_i_1 into driver instance chiptop0/system/tile_prci_domain/element_reset_domain_rockettile/dcache/s2_req_addr[29]_i_2, which resulted in an inversion of 9 pins
INFO: [Opt 31-1287] Pulled Inverter chiptop0/system/tile_prci_domain/element_reset_domain_rockettile/dcache/s2_req_addr[30]_i_1 into driver instance chiptop0/system/tile_prci_domain/element_reset_domain_rockettile/dcache/s2_req_addr[30]_i_2, which resulted in an inversion of 9 pins
INFO: [Opt 31-1287] Pulled Inverter chiptop0/system/tile_prci_domain/element_reset_domain_rockettile/dcache/s2_req_addr[31]_i_2 into driver instance chiptop0/system/tile_prci_domain/element_reset_domain_rockettile/dcache/s2_req_addr[31]_i_3, which resulted in an inversion of 9 pins
INFO: [Opt 31-1287] Pulled Inverter chiptop0/system/tile_prci_domain/element_reset_domain_rockettile/dcache/tlb_r_sectored_hit_bits[0]_i_1 into driver instance chiptop0/system/tile_prci_domain/element_reset_domain_rockettile/dcache/tlb_state_vec_0[4]_i_2, which resulted in an inversion of 5 pins
INFO: [Opt 31-1287] Pulled Inverter chiptop0/system/tile_prci_domain/element_reset_domain_rockettile/dcache/tlb_r_sectored_hit_bits[2]_i_1 into driver instance chiptop0/system/tile_prci_domain/element_reset_domain_rockettile/dcache/tlb_state_vec_0[6]_i_2, which resulted in an inversion of 8 pins
INFO: [Opt 31-1287] Pulled Inverter chiptop0/system/tile_prci_domain/element_reset_domain_rockettile/dcache/tlb_r_sectored_hit_valid_i_1 into driver instance chiptop0/system/tile_prci_domain/element_reset_domain_rockettile/dcache/tlb_r_sectored_hit_valid_i_2, which resulted in an inversion of 2 pins
INFO: [Opt 31-1287] Pulled Inverter chiptop0/system/tile_prci_domain/element_reset_domain_rockettile/fpuOpt/fpmu/common_totalUnderflow_carry_i_2__1 into driver instance chiptop0/system/tile_prci_domain/element_reset_domain_rockettile/fpuOpt/fpmu/common_totalUnderflow_carry_i_12__0, which resulted in an inversion of 3 pins
INFO: [Opt 31-1287] Pulled Inverter chiptop0/system/tile_prci_domain/element_reset_domain_rockettile/fpuOpt/fpmu/io_out_pipe_b_data[64]_i_1__0 into driver instance chiptop0/system/tile_prci_domain/element_reset_domain_rockettile/fpuOpt/fpmu/io_out_pipe_b_data[64]_i_2, which resulted in an inversion of 3 pins
INFO: [Opt 31-1287] Pulled Inverter chiptop0/system/tile_prci_domain/element_reset_domain_rockettile/fpuOpt/fpmu/narrower_1/roundAnyRawFNToRecFN/common_totalUnderflow_carry_i_4 into driver instance chiptop0/system/tile_prci_domain/element_reset_domain_rockettile/fpuOpt/fpmu/narrower_1/roundAnyRawFNToRecFN/io_out_pipe_b_data[26]_i_2__0, which resulted in an inversion of 2 pins
INFO: [Opt 31-1287] Pulled Inverter chiptop0/system/tile_prci_domain/element_reset_domain_rockettile/fpuOpt/sfma/fma/mulAddRecFNToRaw_preMul/mulAddRecFNToRaw_postMul_io_fromPreMul_pipe_b_CDom_CAlignDist[4]_i_1 into driver instance chiptop0/system/tile_prci_domain/element_reset_domain_rockettile/fpuOpt/sfma/fma/mulAddRecFNToRaw_preMul/mulAddRecFNToRaw_postMul_io_fromPreMul_pipe_b_CDom_CAlignDist[4]_i_2, which resulted in an inversion of 84 pins
INFO: [Opt 31-1287] Pulled Inverter chiptop0/system/tile_prci_domain/element_reset_domain_rockettile/frontend/btb/idxPages_1[0]_i_1 into driver instance chiptop0/system/tile_prci_domain/element_reset_domain_rockettile/frontend/btb/pages_0[24]_i_5, which resulted in an inversion of 59 pins
INFO: [Opt 31-1287] Pulled Inverter chiptop0/system/tile_prci_domain/element_reset_domain_rockettile/frontend/fq/Memory_reg_r1_0_31_0_13_i_16 into driver instance chiptop0/system/tile_prci_domain/element_reset_domain_rockettile/frontend/fq/Memory_reg_r1_0_31_0_13_i_57, which resulted in an inversion of 9 pins
INFO: [Opt 31-1287] Pulled Inverter chiptop0/system/tile_prci_domain/element_reset_domain_rockettile/frontend/fq/Memory_reg_r1_0_31_0_13_i_19 into driver instance chiptop0/system/tile_prci_domain/element_reset_domain_rockettile/frontend/fq/Memory_reg_r1_0_31_0_13_i_60, which resulted in an inversion of 23 pins
INFO: [Opt 31-1287] Pulled Inverter chiptop0/system/tile_prci_domain/element_reset_domain_rockettile/frontend/fq/Memory_reg_r1_0_31_0_13_i_20 into driver instance chiptop0/system/tile_prci_domain/element_reset_domain_rockettile/frontend/fq/Memory_reg_r1_0_31_0_13_i_61, which resulted in an inversion of 23 pins
INFO: [Opt 31-1287] Pulled Inverter chiptop0/system/tile_prci_domain/element_reset_domain_rockettile/frontend/fq/Memory_reg_r2_0_31_0_13_i_2 into driver instance chiptop0/system/tile_prci_domain/element_reset_domain_rockettile/frontend/fq/Memory_reg_r2_0_31_0_13_i_7, which resulted in an inversion of 10 pins
INFO: [Opt 31-1287] Pulled Inverter chiptop0/system/tile_prci_domain/element_reset_domain_rockettile/frontend/fq/Memory_reg_r2_0_31_0_13_i_4 into driver instance chiptop0/system/tile_prci_domain/element_reset_domain_rockettile/frontend/fq/Memory_reg_r2_0_31_0_13_i_9, which resulted in an inversion of 23 pins
INFO: [Opt 31-1287] Pulled Inverter chiptop0/system/tile_prci_domain/element_reset_domain_rockettile/frontend/fq/Memory_reg_r2_0_31_0_13_i_5 into driver instance chiptop0/system/tile_prci_domain/element_reset_domain_rockettile/frontend/fq/Memory_reg_r2_0_31_0_13_i_10, which resulted in an inversion of 23 pins
INFO: [Opt 31-1287] Pulled Inverter chiptop0/system/tile_prci_domain/element_reset_domain_rockettile/frontend/fq/ex_ctrl_branch_i_1 into driver instance chiptop0/system/tile_prci_domain/element_reset_domain_rockettile/frontend/fq/ex_ctrl_branch_i_2, which resulted in an inversion of 6 pins
INFO: [Opt 31-1287] Pulled Inverter chiptop0/system/tile_prci_domain/element_reset_domain_rockettile/frontend/fq/ex_ctrl_div_i_1 into driver instance chiptop0/system/tile_prci_domain/element_reset_domain_rockettile/frontend/fq/ex_ctrl_div_i_2, which resulted in an inversion of 2 pins
INFO: [Opt 31-1287] Pulled Inverter chiptop0/system/tile_prci_domain/element_reset_domain_rockettile/frontend/icache/s2_btb_resp_bits_bht_history[7]_i_1 into driver instance chiptop0/system/tile_prci_domain/element_reset_domain_rockettile/frontend/icache/rockettile_icache_data_arrays_1/rockettile_icache_data_arrays_0_ext/mem_0_0/s2_valid_i_5, which resulted in an inversion of 49 pins
INFO: [Opt 31-1287] Pulled Inverter chiptop0/system/tile_prci_domain/element_reset_domain_rockettile/frontend/tlb/r_sectored_hit_bits[0]_i_1 into driver instance chiptop0/system/tile_prci_domain/element_reset_domain_rockettile/frontend/tlb/state_vec_0[4]_i_2, which resulted in an inversion of 5 pins
INFO: [Opt 31-1287] Pulled Inverter chiptop0/system/tile_prci_domain/element_reset_domain_rockettile/frontend/tlb/r_sectored_hit_bits[1]_i_1 into driver instance chiptop0/system/tile_prci_domain/element_reset_domain_rockettile/frontend/tlb/state_vec_0[5]_i_2, which resulted in an inversion of 7 pins
INFO: [Opt 31-1287] Pulled Inverter chiptop0/system/tile_prci_domain/element_reset_domain_rockettile/frontend/tlb/r_sectored_hit_bits[2]_i_1 into driver instance chiptop0/system/tile_prci_domain/element_reset_domain_rockettile/frontend/tlb/state_vec_0[6]_i_3, which resulted in an inversion of 7 pins
INFO: [Opt 31-1287] Pulled Inverter chiptop0/system/tile_prci_domain/element_reset_domain_rockettile/frontend/tlb/r_sectored_hit_valid_i_1 into driver instance chiptop0/system/tile_prci_domain/element_reset_domain_rockettile/frontend/tlb/r_sectored_hit_valid_i_2, which resulted in an inversion of 2 pins
INFO: [Opt 31-1287] Pulled Inverter chiptop0/system/tile_prci_domain/element_reset_domain_rockettile/tlMasterXbar/state_0_i_1__1 into driver instance chiptop0/system/tile_prci_domain/element_reset_domain_rockettile/tlMasterXbar/state_0_i_2, which resulted in an inversion of 115 pins
INFO: [Opt 31-1287] Pulled Inverter chiptop0/system/tile_prci_domain/element_reset_domain_rockettile/tlMasterXbar/state_1_i_1 into driver instance chiptop0/system/tile_prci_domain/element_reset_domain_rockettile/tlMasterXbar/state_1_i_2, which resulted in an inversion of 38 pins
INFO: [Opt 31-1287] Pulled Inverter ps/axi4asource/nodeIn_b_sink/source_valid/io_out_sink_valid_0/output_chain/sync_2_reg_srl2_ps_island_axi4asink_nodeIn_b_source_source_valid_0_io_out_sink_valid_0_output_chain_sync_1_reg_c_i_1__8 into driver instance ps/axi4asource/nodeIn_b_sink/source_valid/io_out_sink_valid_0/output_chain/sync_2_reg_srl2_ps_island_axi4asink_nodeIn_b_source_source_valid_0_io_out_sink_valid_0_output_chain_sync_1_reg_c_i_2__0, which resulted in an inversion of 18 pins
INFO: [Opt 31-1287] Pulled Inverter ps/axi4asource/nodeIn_b_sink/source_valid/io_out_sink_valid_0/output_chain/sync_2_reg_srl2_ps_island_axi4asink_nodeIn_b_source_source_valid_0_io_out_sink_valid_0_output_chain_sync_1_reg_c_i_1__9 into driver instance ps/axi4asource/nodeIn_b_sink/source_valid/io_out_sink_valid_0/output_chain/cdc_reg[7]_i_3__0, which resulted in an inversion of 18 pins
INFO: [Opt 31-1287] Pulled Inverter ps/axi4asource/nodeIn_r_sink/io_deq_bits_deq_bits_reg/sync_2_reg_srl2_ps_island_axi4asink_nodeIn_b_source_source_valid_0_io_out_sink_valid_0_output_chain_sync_1_reg_c_i_1__11 into driver instance ps/axi4asource/nodeIn_r_sink/io_deq_bits_deq_bits_reg/sync_2_reg_srl2_ps_island_axi4asink_nodeIn_b_source_source_valid_0_io_out_sink_valid_0_output_chain_sync_1_reg_c_i_2__1, which resulted in an inversion of 5 pins
INFO: [Opt 31-1287] Pulled Inverter ps/axi4asource/nodeIn_r_sink/io_deq_bits_deq_bits_reg/sync_2_reg_srl2_ps_island_axi4asink_nodeIn_b_source_source_valid_0_io_out_sink_valid_0_output_chain_sync_1_reg_c_i_1__12 into driver instance ps/axi4asource/nodeIn_r_sink/io_deq_bits_deq_bits_reg/cdc_reg[136]_i_3__0, which resulted in an inversion of 139 pins
INFO: [Opt 31-1287] Pulled Inverter ps/axi4asource/nodeOut_w_source/widx_gray[0]_i_1__1 into driver instance ps/axi4asource/nodeOut_w_source/widx_gray[0]_i_2, which resulted in an inversion of 2 pins
INFO: [Opt 31-1287] Pulled Inverter ps/axi4asource/nodeOut_w_source/widx_gray[1]_i_1__1 into driver instance ps/axi4asource/nodeOut_w_source/ready_reg_i_2__3, which resulted in an inversion of 2 pins
INFO: [Opt 31-1287] Pulled Inverter ps/axi4asource/nodeOut_w_source/widx_gray[2]_i_1__1 into driver instance ps/axi4asource/nodeOut_w_source/ready_reg_i_3__3, which resulted in an inversion of 2 pins
INFO: [Opt 31-1287] Pulled Inverter ps/axi4asource/nodeOut_w_source/widx_widx_bin[3]_i_1__1 into driver instance ps/axi4asource/nodeOut_w_source/widx_widx_bin[3]_i_2, which resulted in an inversion of 2 pins
INFO: [Common 17-14] Message 'Opt 31-1287' appears 100 times and further instances of the messages will be disabled. Use the Tcl command set_msg_config to change the current settings.
INFO: [Opt 31-138] Pushed 6 inverter(s) to 1984 load pin(s).
INFO: [Opt 31-422] The CLOCK_DOMAINS attribute on the BRAM cell u_ila_uart_pbus/inst/ila_core_inst/ila_trace_memory_inst/SUBCORE_RAM_BLK_MEM_1.trace_block_memory/inst_blk_mem_gen/gnbram.gnativebmg.native_blk_mem_gen/valid.cstr/ramloop[0].ram.r/prim_noinit.ram/DEVICE_8SERIES.NO_BMM_INFO.SDP.SIMPLE_PRIM18.ram has been changed from INDEPENDENT to COMMON to match the clocking topology used for the BRAM.
INFO: [Opt 31-422] The CLOCK_DOMAINS attribute on the BRAM cell u_ila_uart_pbus/inst/ila_core_inst/ila_trace_memory_inst/SUBCORE_RAM_BLK_MEM_1.trace_block_memory/inst_blk_mem_gen/gnbram.gnativebmg.native_blk_mem_gen/valid.cstr/ramloop[1].ram.r/prim_noinit.ram/DEVICE_8SERIES.NO_BMM_INFO.SDP.SIMPLE_PRIM36.ram has been changed from INDEPENDENT to COMMON to match the clocking topology used for the BRAM.
INFO: [Opt 31-422] The CLOCK_DOMAINS attribute on the BRAM cell u_ila_uart_pbus/inst/ila_core_inst/ila_trace_memory_inst/SUBCORE_RAM_BLK_MEM_1.trace_block_memory/inst_blk_mem_gen/gnbram.gnativebmg.native_blk_mem_gen/valid.cstr/ramloop[2].ram.r/prim_noinit.ram/DEVICE_8SERIES.NO_BMM_INFO.SDP.SIMPLE_PRIM36.ram has been changed from INDEPENDENT to COMMON to match the clocking topology used for the BRAM.
INFO: [Opt 31-49] Retargeted 0 cell(s).
Phase 2 Retarget | Checksum: 231e3a43d

Time (s): cpu = 00:00:14 ; elapsed = 00:02:21 . Memory (MB): peak = 3361.816 ; gain = 48.906
INFO: [Opt 31-389] Phase Retarget created 5 cells and removed 386 cells
INFO: [Opt 31-1021] In phase Retarget, 66 netlist objects are constrained preventing optimization. Please run opt_design with -debug_log to get more detail. 

Phase 3 Constant propagation
INFO: [Opt 31-138] Pushed 0 inverter(s) to 0 load pin(s).
Phase 3 Constant propagation | Checksum: 1e94be3c1

Time (s): cpu = 00:00:15 ; elapsed = 00:02:21 . Memory (MB): peak = 3361.816 ; gain = 48.906
INFO: [Opt 31-389] Phase Constant propagation created 9 cells and removed 33 cells
INFO: [Opt 31-1021] In phase Constant propagation, 50 netlist objects are constrained preventing optimization. Please run opt_design with -debug_log to get more detail. 

Phase 4 Sweep
Phase 4 Sweep | Checksum: 29571be31

Time (s): cpu = 00:00:16 ; elapsed = 00:02:22 . Memory (MB): peak = 3361.816 ; gain = 48.906
INFO: [Opt 31-389] Phase Sweep created 0 cells and removed 66 cells
INFO: [Opt 31-1021] In phase Sweep, 874 netlist objects are constrained preventing optimization. Please run opt_design with -debug_log to get more detail. 

Phase 5 BUFG optimization
INFO: [Opt 31-1077] Phase BUFG optimization inserted 0 global clock buffer(s) for CLOCK_LOW_FANOUT.
Phase 5 BUFG optimization | Checksum: 29571be31

Time (s): cpu = 00:00:17 ; elapsed = 00:02:23 . Memory (MB): peak = 3361.816 ; gain = 48.906
INFO: [Opt 31-662] Phase BUFG optimization created 0 cells of which 0 are BUFGs and removed 0 cells.

Phase 6 Shift Register Optimization
INFO: [Opt 31-1064] SRL Remap converted 0 SRLs to 0 registers and converted 0 registers of register chains to 0 SRLs
Phase 6 Shift Register Optimization | Checksum: 29571be31

Time (s): cpu = 00:00:17 ; elapsed = 00:02:23 . Memory (MB): peak = 3361.816 ; gain = 48.906
INFO: [Opt 31-389] Phase Shift Register Optimization created 0 cells and removed 0 cells

Phase 7 Post Processing Netlist
Phase 7 Post Processing Netlist | Checksum: 29571be31

Time (s): cpu = 00:00:17 ; elapsed = 00:02:24 . Memory (MB): peak = 3361.816 ; gain = 48.906
INFO: [Opt 31-389] Phase Post Processing Netlist created 0 cells and removed 0 cells
INFO: [Opt 31-1021] In phase Post Processing Netlist, 58 netlist objects are constrained preventing optimization. Please run opt_design with -debug_log to get more detail. 
Opt_design Change Summary
=========================


-------------------------------------------------------------------------------------------------------------------------
|  Phase                        |  #Cells created  |  #Cells Removed  |  #Constrained objects preventing optimizations  |
-------------------------------------------------------------------------------------------------------------------------
|  Retarget                     |               5  |             386  |                                             66  |
|  Constant propagation         |               9  |              33  |                                             50  |
|  Sweep                        |               0  |              66  |                                            874  |
|  BUFG optimization            |               0  |               0  |                                              0  |
|  Shift Register Optimization  |               0  |               0  |                                              0  |
|  Post Processing Netlist      |               0  |               0  |                                             58  |
-------------------------------------------------------------------------------------------------------------------------



Starting Connectivity Check Task

Time (s): cpu = 00:00:00 ; elapsed = 00:00:00.146 . Memory (MB): peak = 3361.816 ; gain = 0.000
Ending Logic Optimization Task | Checksum: 25e148d5d

Time (s): cpu = 00:00:18 ; elapsed = 00:02:24 . Memory (MB): peak = 3361.816 ; gain = 48.906

Starting Power Optimization Task
INFO: [Pwropt 34-132] Skipping clock gating for clocks with a period < 2.00 ns.
INFO: [Timing 38-35] Done setting XDC timing constraints.
Running Vector-less Activity Propagation...
INFO: [Pwropt 34-9] Applying IDT optimizations ...
INFO: [Pwropt 34-10] Applying ODC optimizations ...

Finished Running Vector-less Activity Propagation


Starting PowerOpt Patch Enables Task
INFO: [Pwropt 34-162] WRITE_MODE attribute of 0 BRAM(s) out of a total of 223 has been updated to save power. Run report_power_opt to get a complete listing of the BRAMs updated.
INFO: [Pwropt 34-201] Structural ODC has moved 0 WE to EN ports
Number of BRAM Ports augmented: 87 newly gated: 0 Total Ports: 446
Ending PowerOpt Patch Enables Task | Checksum: 1b8faa94f

Time (s): cpu = 00:00:01 ; elapsed = 00:00:00.909 . Memory (MB): peak = 4193.246 ; gain = 0.000
Ending Power Optimization Task | Checksum: 1b8faa94f

Time (s): cpu = 00:00:42 ; elapsed = 00:00:22 . Memory (MB): peak = 4193.246 ; gain = 831.430

Starting Final Cleanup Task
Ending Final Cleanup Task | Checksum: 1b8faa94f

Time (s): cpu = 00:00:00 ; elapsed = 00:00:00 . Memory (MB): peak = 4193.246 ; gain = 0.000

Starting Netlist Obfuscation Task
Netlist sorting complete. Time (s): cpu = 00:00:00 ; elapsed = 00:00:00.043 . Memory (MB): peak = 4193.246 ; gain = 0.000
Ending Netlist Obfuscation Task | Checksum: 1d5f684da

Time (s): cpu = 00:00:00 ; elapsed = 00:00:00.044 . Memory (MB): peak = 4193.246 ; gain = 0.000
INFO: [Common 17-83] Releasing license: Implementation
143 Infos, 6 Warnings, 0 Critical Warnings and 0 Errors encountered.
opt_design completed successfully
opt_design: Time (s): cpu = 00:01:03 ; elapsed = 00:02:50 . Memory (MB): peak = 4193.246 ; gain = 1178.918
# log_step "END_OPT_DESIGN"
STEP=2026-03-26 20:43:17 END_OPT_DESIGN
# log_step "BEGIN_PLACE_DESIGN"
STEP=2026-03-26 20:43:17 BEGIN_PLACE_DESIGN
# place_design
Command: place_design
Attempting to get a license for feature 'Implementation' and/or device 'xczu7ev'
INFO: [Common 17-349] Got license for feature 'Implementation' and/or device 'xczu7ev'
INFO: [Timing 38-35] Done setting XDC timing constraints.
INFO: [DRC 23-27] Running DRC with 2 threads
INFO: [Vivado_Tcl 4-198] DRC finished with 0 Errors
INFO: [Vivado_Tcl 4-199] Please refer to the DRC report (report_drc) for more information.
Running DRC as a precondition to command place_design
INFO: [DRC 23-27] Running DRC with 2 threads
WARNING: [DRC RPBF-3] IO port buffering is incomplete: Device port sdio_spi_clk expects both input and output buffering but the buffers are incomplete.
WARNING: [DRC RPBF-3] IO port buffering is incomplete: Device port sdio_spi_cs expects both input and output buffering but the buffers are incomplete.
WARNING: [DRC RPBF-3] IO port buffering is incomplete: Device port sdio_spi_dat_0 expects both input and output buffering but the buffers are incomplete.
WARNING: [DRC RPBF-3] IO port buffering is incomplete: Device port sdio_spi_dat_3 expects both input and output buffering but the buffers are incomplete.
WARNING: [DRC RPBF-3] IO port buffering is incomplete: Device port uart_rxd expects both input and output buffering but the buffers are incomplete.
WARNING: [DRC RPBF-3] IO port buffering is incomplete: Device port uart_txd expects both input and output buffering but the buffers are incomplete.
INFO: [Vivado_Tcl 4-198] DRC finished with 0 Errors, 6 Warnings
INFO: [Vivado_Tcl 4-199] Please refer to the DRC report (report_drc) for more information.

Starting Placer Task
INFO: [Place 30-611] Multithreading enabled for place_design using a maximum of 2 CPUs

Phase 1 Placer Initialization

Phase 1.1 Placer Initialization Netlist Sorting
Netlist sorting complete. Time (s): cpu = 00:00:00 ; elapsed = 00:00:00.023 . Memory (MB): peak = 4536.711 ; gain = 0.000
Phase 1.1 Placer Initialization Netlist Sorting | Checksum: 153614e8b

Time (s): cpu = 00:00:00 ; elapsed = 00:00:00.044 . Memory (MB): peak = 4536.711 ; gain = 0.000
Netlist sorting complete. Time (s): cpu = 00:00:00 ; elapsed = 00:00:00.027 . Memory (MB): peak = 4536.711 ; gain = 0.000

Phase 1.2 IO Placement/ Clock Placement/ Build Placer Device
Phase 1.2 IO Placement/ Clock Placement/ Build Placer Device | Checksum: 1762ee74d

Time (s): cpu = 00:00:05 ; elapsed = 00:00:03 . Memory (MB): peak = 4536.711 ; gain = 0.000

Phase 1.3 Build Placer Netlist Model
Phase 1.3 Build Placer Netlist Model | Checksum: 22c88392d

Time (s): cpu = 00:00:18 ; elapsed = 00:00:13 . Memory (MB): peak = 4536.711 ; gain = 0.000

Phase 1.4 Constrain Clocks/Macros
Phase 1.4 Constrain Clocks/Macros | Checksum: 22c88392d

Time (s): cpu = 00:00:18 ; elapsed = 00:00:13 . Memory (MB): peak = 4536.711 ; gain = 0.000
Phase 1 Placer Initialization | Checksum: 22c88392d

Time (s): cpu = 00:00:18 ; elapsed = 00:00:13 . Memory (MB): peak = 4536.711 ; gain = 0.000

Phase 2 Global Placement

Phase 2.1 Floorplanning

Phase 2.1.1 Partition Driven Placement

Phase 2.1.1.1 PBP: Partition Driven Placement
Phase 2.1.1.1 PBP: Partition Driven Placement | Checksum: 23d51ab3e

Time (s): cpu = 00:00:58 ; elapsed = 00:00:37 . Memory (MB): peak = 4536.711 ; gain = 0.000

Phase 2.1.1.2 PBP: Clock Region Placement
Phase 2.1.1.2 PBP: Clock Region Placement | Checksum: 1887eb15d

Time (s): cpu = 00:00:59 ; elapsed = 00:00:38 . Memory (MB): peak = 4536.711 ; gain = 0.000

Phase 2.1.1.3 PBP: Discrete Incremental
Phase 2.1.1.3 PBP: Discrete Incremental | Checksum: 1985a1aec

Time (s): cpu = 00:00:59 ; elapsed = 00:00:38 . Memory (MB): peak = 4536.711 ; gain = 0.000

Phase 2.1.1.4 PBP: Compute Congestion
Phase 2.1.1.4 PBP: Compute Congestion | Checksum: 1985a1aec

Time (s): cpu = 00:01:00 ; elapsed = 00:00:39 . Memory (MB): peak = 4536.711 ; gain = 0.000

Phase 2.1.1.5 PBP: Macro Placement
Phase 2.1.1.5 PBP: Macro Placement | Checksum: 1ea44a677

Time (s): cpu = 00:01:01 ; elapsed = 00:00:40 . Memory (MB): peak = 4536.711 ; gain = 0.000

Phase 2.1.1.6 PBP: UpdateTiming
Phase 2.1.1.6 PBP: UpdateTiming | Checksum: 18834ab05

Time (s): cpu = 00:01:04 ; elapsed = 00:00:42 . Memory (MB): peak = 4536.711 ; gain = 0.000

Phase 2.1.1.7 PBP: Add part constraints
Phase 2.1.1.7 PBP: Add part constraints | Checksum: 18834ab05

Time (s): cpu = 00:01:05 ; elapsed = 00:00:42 . Memory (MB): peak = 4536.711 ; gain = 0.000
Phase 2.1.1 Partition Driven Placement | Checksum: 18834ab05

Time (s): cpu = 00:01:05 ; elapsed = 00:00:42 . Memory (MB): peak = 4536.711 ; gain = 0.000
Phase 2.1 Floorplanning | Checksum: 1cfd6e107

Time (s): cpu = 00:01:05 ; elapsed = 00:00:42 . Memory (MB): peak = 4536.711 ; gain = 0.000

Phase 2.2 Update Timing before SLR Path Opt
Phase 2.2 Update Timing before SLR Path Opt | Checksum: 1cfd6e107

Time (s): cpu = 00:01:05 ; elapsed = 00:00:43 . Memory (MB): peak = 4536.711 ; gain = 0.000

Phase 2.3 Post-Processing in Floorplanning
Phase 2.3 Post-Processing in Floorplanning | Checksum: 1cfd6e107

Time (s): cpu = 00:01:05 ; elapsed = 00:00:43 . Memory (MB): peak = 4536.711 ; gain = 0.000

Phase 2.4 Global Placement Core

Phase 2.4.1 Physical Synthesis In Placer
INFO: [Physopt 32-1035] Found 0 LUTNM shape to break, 1388 LUT instances to create LUTNM shape
INFO: [Physopt 32-1044] Break lutnm for timing: one critical 0, two critical 0, total 0, new lutff created 0
INFO: [Physopt 32-1138] End 1 Pass. Optimized 531 nets or LUTs. Breaked 0 LUT, combined 531 existing LUTs and moved 0 existing LUT
INFO: [Physopt 32-1030] Pass 1. Identified 45 candidate driver sets for equivalent driver rewiring.
INFO: [Physopt 32-661] Optimized 31 nets.  Re-placed 109 instances.
INFO: [Physopt 32-775] End 1 Pass. Optimized 31 nets or cells. Created 0 new cell, deleted 1 existing cell and moved 109 existing cells
Netlist sorting complete. Time (s): cpu = 00:00:00 ; elapsed = 00:00:00.109 . Memory (MB): peak = 4631.332 ; gain = 0.000
INFO: [Physopt 32-65] No nets found for high-fanout optimization.
INFO: [Physopt 32-232] Optimized 0 net. Created 0 new instance.
INFO: [Physopt 32-775] End 1 Pass. Optimized 0 net or cell. Created 0 new cell, deleted 0 existing cell and moved 0 existing cell
INFO: [Physopt 32-670] No setup violation found.  DSP Register Optimization was not performed.
INFO: [Physopt 32-670] No setup violation found.  Shift Register to Pipeline Optimization was not performed.
INFO: [Physopt 32-670] No setup violation found.  Shift Register Optimization was not performed.
INFO: [Physopt 32-670] No setup violation found.  BRAM Register Optimization was not performed.
INFO: [Physopt 32-670] No setup violation found.  URAM Register Optimization was not performed.
INFO: [Physopt 32-949] No candidate nets found for dynamic/static region interface net replication
INFO: [Physopt 32-775] End 1 Pass. Optimized 0 net or cell. Created 0 new cell, deleted 0 existing cell and moved 0 existing cell
Netlist sorting complete. Time (s): cpu = 00:00:00 ; elapsed = 00:00:00.015 . Memory (MB): peak = 4631.332 ; gain = 0.000

Summary of Physical Synthesis Optimizations
============================================


-----------------------------------------------------------------------------------------------------------------------------------------------------------
|  Optimization                                     |  Added Cells  |  Removed Cells  |  Optimized Cells/Nets  |  Dont Touch  |  Iterations  |  Elapsed   |
-----------------------------------------------------------------------------------------------------------------------------------------------------------
|  LUT Combining                                    |            0  |            531  |                   531  |           0  |           1  |  00:00:01  |
|  Retime                                           |            0  |              0  |                     0  |           0  |           1  |  00:00:00  |
|  Equivalent Driver Rewiring                       |            0  |              1  |                    31  |           0  |           1  |  00:00:01  |
|  Very High Fanout                                 |            0  |              0  |                     0  |           0  |           1  |  00:00:00  |
|  DSP Register                                     |            0  |              0  |                     0  |           0  |           0  |  00:00:00  |
|  Shift Register to Pipeline                       |            0  |              0  |                     0  |           0  |           0  |  00:00:00  |
|  Shift Register                                   |            0  |              0  |                     0  |           0  |           0  |  00:00:00  |
|  BRAM Register                                    |            0  |              0  |                     0  |           0  |           0  |  00:00:00  |
|  URAM Register                                    |            0  |              0  |                     0  |           0  |           0  |  00:00:00  |
|  Dynamic/Static Region Interface Net Replication  |            0  |              0  |                     0  |           0  |           1  |  00:00:00  |
|  Total                                            |            0  |            532  |                   562  |           0  |           5  |  00:00:02  |
-----------------------------------------------------------------------------------------------------------------------------------------------------------


Phase 2.4.1 Physical Synthesis In Placer | Checksum: 14631cb41

Time (s): cpu = 00:02:03 ; elapsed = 00:01:23 . Memory (MB): peak = 4631.332 ; gain = 94.621
Phase 2.4 Global Placement Core | Checksum: 19ea23887

Time (s): cpu = 00:02:06 ; elapsed = 00:01:25 . Memory (MB): peak = 4631.332 ; gain = 94.621
Phase 2 Global Placement | Checksum: 19ea23887

Time (s): cpu = 00:02:06 ; elapsed = 00:01:25 . Memory (MB): peak = 4631.332 ; gain = 94.621

Phase 3 Detail Placement

Phase 3.1 Commit Multi Column Macros
Phase 3.1 Commit Multi Column Macros | Checksum: 1449c6563

Time (s): cpu = 00:02:10 ; elapsed = 00:01:28 . Memory (MB): peak = 4631.332 ; gain = 94.621

Phase 3.2 Commit Most Macros & LUTRAMs
Phase 3.2 Commit Most Macros & LUTRAMs | Checksum: 125f16c71

Time (s): cpu = 00:02:14 ; elapsed = 00:01:31 . Memory (MB): peak = 4631.332 ; gain = 94.621

Phase 3.3 Small Shape DP

Phase 3.3.1 Small Shape Clustering
Phase 3.3.1 Small Shape Clustering | Checksum: 10665eb37

Time (s): cpu = 00:02:17 ; elapsed = 00:01:34 . Memory (MB): peak = 4631.332 ; gain = 94.621

Phase 3.3.2 Flow Legalize Slice Clusters
Phase 3.3.2 Flow Legalize Slice Clusters | Checksum: 17c987d7f

Time (s): cpu = 00:02:18 ; elapsed = 00:01:34 . Memory (MB): peak = 4631.332 ; gain = 94.621

Phase 3.3.3 Slice Area Swap
Phase 3.3.3 Slice Area Swap | Checksum: 1832241dd

Time (s): cpu = 00:02:21 ; elapsed = 00:01:37 . Memory (MB): peak = 4631.332 ; gain = 94.621
Phase 3.3 Small Shape DP | Checksum: 1be9ae811

Time (s): cpu = 00:02:29 ; elapsed = 00:01:42 . Memory (MB): peak = 4631.332 ; gain = 94.621

Phase 3.4 Re-assign LUT pins
Phase 3.4 Re-assign LUT pins | Checksum: 15d4214ce

Time (s): cpu = 00:02:31 ; elapsed = 00:01:45 . Memory (MB): peak = 4631.332 ; gain = 94.621

Phase 3.5 Pipeline Register Optimization
Phase 3.5 Pipeline Register Optimization | Checksum: 153382bba

Time (s): cpu = 00:02:32 ; elapsed = 00:01:46 . Memory (MB): peak = 4631.332 ; gain = 94.621
Phase 3 Detail Placement | Checksum: 153382bba

Time (s): cpu = 00:02:32 ; elapsed = 00:01:46 . Memory (MB): peak = 4631.332 ; gain = 94.621

Phase 4 Post Placement Optimization and Clean-Up

Phase 4.1 Post Commit Optimization
INFO: [Timing 38-35] Done setting XDC timing constraints.

Phase 4.1.1 Post Placement Optimization
Post Placement Optimization Initialization | Checksum: ee6670a0

Phase 4.1.1.1 BUFG Insertion

Starting Physical Synthesis Task

Phase 1 Physical Synthesis Initialization
INFO: [Physopt 32-721] Multithreading enabled for phys_opt_design using a maximum of 2 CPUs
INFO: [Physopt 32-619] Estimated Timing Summary | WNS=8.433 | TNS=0.000 |
Phase 1 Physical Synthesis Initialization | Checksum: d6b8eae0

Time (s): cpu = 00:00:02 ; elapsed = 00:00:01 . Memory (MB): peak = 4670.285 ; gain = 0.000
INFO: [Place 46-35] Processed net chiptop0/system/chipyard_prcictrl_domain/resetSynchronizer/nodeOut_member_allClocks_uncore_reset_catcher/io_sync_reset_chain/output_chain/sync_0_reg_0, inserted BUFG to drive 1589 loads.
INFO: [Place 46-45] Replicated bufg driver chiptop0/system/chipyard_prcictrl_domain/resetSynchronizer/nodeOut_member_allClocks_uncore_reset_catcher/io_sync_reset_chain/output_chain/sync_0_reg_replica
INFO: [Place 46-56] BUFG insertion identified 1 candidate nets. Inserted BUFG: 1, Replicated BUFG Driver: 1, Skipped due to Placement/Routing Conflicts: 0, Skipped due to Timing Degradation: 0, Skipped due to Illegal Netlist: 0.
Ending Physical Synthesis Task | Checksum: 2216a18e8

Time (s): cpu = 00:00:03 ; elapsed = 00:00:02 . Memory (MB): peak = 4670.285 ; gain = 0.000
Phase 4.1.1.1 BUFG Insertion | Checksum: 16ec3ed01

Time (s): cpu = 00:02:53 ; elapsed = 00:02:01 . Memory (MB): peak = 4670.285 ; gain = 133.574

Phase 4.1.1.2 Post Placement Timing Optimization
INFO: [Place 30-746] Post Placement Timing Summary WNS=8.433. For the most accurate timing information please run report_timing.
Phase 4.1.1.2 Post Placement Timing Optimization | Checksum: 2284ed197

Time (s): cpu = 00:02:53 ; elapsed = 00:02:01 . Memory (MB): peak = 4670.285 ; gain = 133.574

Time (s): cpu = 00:02:53 ; elapsed = 00:02:01 . Memory (MB): peak = 4670.285 ; gain = 133.574
Phase 4.1 Post Commit Optimization | Checksum: 2284ed197

Time (s): cpu = 00:02:54 ; elapsed = 00:02:01 . Memory (MB): peak = 4670.285 ; gain = 133.574
Netlist sorting complete. Time (s): cpu = 00:00:00 ; elapsed = 00:00:00.101 . Memory (MB): peak = 4682.672 ; gain = 0.000

Phase 4.2 Post Placement Cleanup
Phase 4.2 Post Placement Cleanup | Checksum: 311bc0eeb

Time (s): cpu = 00:02:57 ; elapsed = 00:02:04 . Memory (MB): peak = 4682.672 ; gain = 145.961

Phase 4.3 Placer Reporting

Phase 4.3.1 Print Estimated Congestion
INFO: [Place 30-612] Post-Placement Estimated Congestion 
 ________________________________________________________________________
|           | Global Congestion | Long Congestion   | Short Congestion  |
| Direction | Region Size       | Region Size       | Region Size       |
|___________|___________________|___________________|___________________|
|      North|                1x1|                1x1|                2x2|
|___________|___________________|___________________|___________________|
|      South|                1x1|                1x1|                4x4|
|___________|___________________|___________________|___________________|
|       East|                2x2|                1x1|                8x8|
|___________|___________________|___________________|___________________|
|       West|                2x2|                1x1|                8x8|
|___________|___________________|___________________|___________________|

Phase 4.3.1 Print Estimated Congestion | Checksum: 311bc0eeb

Time (s): cpu = 00:02:57 ; elapsed = 00:02:05 . Memory (MB): peak = 4682.672 ; gain = 145.961
Phase 4.3 Placer Reporting | Checksum: 311bc0eeb

Time (s): cpu = 00:02:57 ; elapsed = 00:02:05 . Memory (MB): peak = 4682.672 ; gain = 145.961

Phase 4.4 Final Placement Cleanup
Netlist sorting complete. Time (s): cpu = 00:00:00 ; elapsed = 00:00:00.015 . Memory (MB): peak = 4682.672 ; gain = 0.000

Time (s): cpu = 00:02:57 ; elapsed = 00:02:05 . Memory (MB): peak = 4682.672 ; gain = 145.961
Phase 4 Post Placement Optimization and Clean-Up | Checksum: 3ab842e5b

Time (s): cpu = 00:02:57 ; elapsed = 00:02:05 . Memory (MB): peak = 4682.672 ; gain = 145.961
Ending Placer Task | Checksum: 2b1e12d6c

Time (s): cpu = 00:02:57 ; elapsed = 00:02:05 . Memory (MB): peak = 4682.672 ; gain = 145.961
INFO: [Common 17-83] Releasing license: Implementation
34 Infos, 6 Warnings, 0 Critical Warnings and 0 Errors encountered.
place_design completed successfully
place_design: Time (s): cpu = 00:03:28 ; elapsed = 00:02:28 . Memory (MB): peak = 4682.672 ; gain = 489.426
# log_step "END_PLACE_DESIGN"
STEP=2026-03-26 20:45:45 END_PLACE_DESIGN
# log_step "BEGIN_ROUTE_DESIGN"
STEP=2026-03-26 20:45:45 BEGIN_ROUTE_DESIGN
# route_design
Command: route_design
Attempting to get a license for feature 'Implementation' and/or device 'xczu7ev'
INFO: [Common 17-349] Got license for feature 'Implementation' and/or device 'xczu7ev'
Running DRC as a precondition to command route_design
INFO: [DRC 23-27] Running DRC with 2 threads
INFO: [Vivado_Tcl 4-198] DRC finished with 0 Errors
INFO: [Vivado_Tcl 4-199] Please refer to the DRC report (report_drc) for more information.


Starting Routing Task
INFO: [Route 35-254] Multithreading enabled for route_design using a maximum of 2 CPUs

Phase 1 Build RT Design
Checksum: PlaceDB: d6187dd1 ConstDB: 0 ShapeSum: f25b7247 RouteDB: e96d3d54
Nodegraph reading from file.  Time (s): cpu = 00:00:01 ; elapsed = 00:00:00.727 . Memory (MB): peak = 4682.672 ; gain = 0.000
Post Restoration Checksum: NetGraph: c07b5dfb NumContArr: c08fdb14 Constraints: 23e5617e Timing: 0
Phase 1 Build RT Design | Checksum: 1a4f09a8d

Time (s): cpu = 00:00:08 ; elapsed = 00:00:07 . Memory (MB): peak = 4684.020 ; gain = 1.348

Phase 2 Router Initialization

Phase 2.1 Create Timer
Phase 2.1 Create Timer | Checksum: 1a4f09a8d

Time (s): cpu = 00:00:09 ; elapsed = 00:00:08 . Memory (MB): peak = 4684.020 ; gain = 1.348

Phase 2.2 Fix Topology Constraints
Phase 2.2 Fix Topology Constraints | Checksum: 1a4f09a8d

Time (s): cpu = 00:00:09 ; elapsed = 00:00:08 . Memory (MB): peak = 4687.625 ; gain = 4.953

Phase 2.3 Pre Route Cleanup
Phase 2.3 Pre Route Cleanup | Checksum: 1a4f09a8d

Time (s): cpu = 00:00:09 ; elapsed = 00:00:08 . Memory (MB): peak = 4687.625 ; gain = 4.953

Phase 2.4 Global Clock Net Routing
 Number of Nodes with overlaps = 0
Phase 2.4 Global Clock Net Routing | Checksum: de464092

Time (s): cpu = 00:00:13 ; elapsed = 00:00:11 . Memory (MB): peak = 4842.477 ; gain = 159.805

Phase 2.5 Update Timing
Phase 2.5 Update Timing | Checksum: 2108f577e

Time (s): cpu = 00:00:29 ; elapsed = 00:00:21 . Memory (MB): peak = 4842.477 ; gain = 159.805
INFO: [Route 35-416] Intermediate Timing Summary | WNS=8.930  | TNS=0.000  | WHS=-0.028 | THS=-2.586 |


Phase 2.6 Update Timing for Bus Skew

Phase 2.6.1 Update Timing
Phase 2.6.1 Update Timing | Checksum: 1f1406780

Time (s): cpu = 00:00:54 ; elapsed = 00:00:36 . Memory (MB): peak = 4858.039 ; gain = 175.367
INFO: [Route 35-416] Intermediate Timing Summary | WNS=8.930  | TNS=0.000  | WHS=N/A    | THS=N/A    |

Phase 2.6 Update Timing for Bus Skew | Checksum: 22e795aa4

Time (s): cpu = 00:00:54 ; elapsed = 00:00:36 . Memory (MB): peak = 4858.039 ; gain = 175.367

Router Utilization Summary
  Global Vertical Routing Utilization    = 0.000163859 %
  Global Horizontal Routing Utilization  = 0.000545173 %
  Routable Net Status*
  *Does not include unroutable nets such as driverless and loadless.
  Run report_route_status for detailed report.
  Number of Failed Nets               = 70919
    (Failed Nets is the sum of unrouted and partially routed nets)
  Number of Unrouted Nets             = 49034
  Number of Partially Routed Nets     = 21885
  Number of Node Overlaps             = 0

Phase 2 Router Initialization | Checksum: 16f4c1c02

Time (s): cpu = 00:00:56 ; elapsed = 00:00:38 . Memory (MB): peak = 4888.512 ; gain = 205.840

Phase 3 Initial Routing

Phase 3.1 Global Routing
Phase 3.1 Global Routing | Checksum: 16f4c1c02

Time (s): cpu = 00:00:56 ; elapsed = 00:00:38 . Memory (MB): peak = 4888.512 ; gain = 205.840
Phase 3 Initial Routing | Checksum: 263b38dd2

Time (s): cpu = 00:01:09 ; elapsed = 00:00:46 . Memory (MB): peak = 4899.293 ; gain = 216.621

Phase 4 Rip-up And Reroute

Phase 4.1 Global Iteration 0
INFO: [Route 35-443] CLB routing congestion detected. Several CLBs have high routing utilization, which can impact timing closure. Congested CLBs and Nets are dumped in: iter_3_CongestedCLBsAndNets.txt
 Number of Nodes with overlaps = 18536
 Number of Nodes with overlaps = 1533
 Number of Nodes with overlaps = 215
 Number of Nodes with overlaps = 14
 Number of Nodes with overlaps = 4
 Number of Nodes with overlaps = 2
 Number of Nodes with overlaps = 1
 Number of Nodes with overlaps = 1
 Number of Nodes with overlaps = 0
INFO: [Route 35-416] Intermediate Timing Summary | WNS=7.308  | TNS=0.000  | WHS=-0.001 | THS=-0.001 |

Phase 4.1 Global Iteration 0 | Checksum: 1c2ad04c8

Time (s): cpu = 00:03:02 ; elapsed = 00:01:53 . Memory (MB): peak = 4924.156 ; gain = 241.484

Phase 4.2 Additional Iteration for Hold
Phase 4.2 Additional Iteration for Hold | Checksum: 1e429ed48

Time (s): cpu = 00:03:03 ; elapsed = 00:01:54 . Memory (MB): peak = 4924.156 ; gain = 241.484
Phase 4 Rip-up And Reroute | Checksum: 1e429ed48

Time (s): cpu = 00:03:03 ; elapsed = 00:01:54 . Memory (MB): peak = 4924.156 ; gain = 241.484

Phase 5 Delay and Skew Optimization

Phase 5.1 Delay CleanUp

Phase 5.1.1 Update Timing
Phase 5.1.1 Update Timing | Checksum: 299e32fc4

Time (s): cpu = 00:03:11 ; elapsed = 00:01:59 . Memory (MB): peak = 4924.156 ; gain = 241.484
INFO: [Route 35-416] Intermediate Timing Summary | WNS=7.308  | TNS=0.000  | WHS=0.010  | THS=0.000  |

Phase 5.1 Delay CleanUp | Checksum: 29062b49b

Time (s): cpu = 00:03:12 ; elapsed = 00:02:00 . Memory (MB): peak = 4924.156 ; gain = 241.484

Phase 5.2 Clock Skew Optimization
Phase 5.2 Clock Skew Optimization | Checksum: 29062b49b

Time (s): cpu = 00:03:12 ; elapsed = 00:02:00 . Memory (MB): peak = 4924.156 ; gain = 241.484
Phase 5 Delay and Skew Optimization | Checksum: 29062b49b

Time (s): cpu = 00:03:12 ; elapsed = 00:02:00 . Memory (MB): peak = 4924.156 ; gain = 241.484

Phase 6 Post Hold Fix

Phase 6.1 Hold Fix Iter

Phase 6.1.1 Update Timing
Phase 6.1.1 Update Timing | Checksum: 2612b22cd

Time (s): cpu = 00:03:18 ; elapsed = 00:02:04 . Memory (MB): peak = 4924.156 ; gain = 241.484
INFO: [Route 35-416] Intermediate Timing Summary | WNS=7.308  | TNS=0.000  | WHS=0.010  | THS=0.000  |

Phase 6.1 Hold Fix Iter | Checksum: 20bf4d81f

Time (s): cpu = 00:03:18 ; elapsed = 00:02:04 . Memory (MB): peak = 4924.156 ; gain = 241.484
Phase 6 Post Hold Fix | Checksum: 20bf4d81f

Time (s): cpu = 00:03:18 ; elapsed = 00:02:05 . Memory (MB): peak = 4924.156 ; gain = 241.484

Phase 7 Route finalize

Router Utilization Summary
  Global Vertical Routing Utilization    = 6.2562 %
  Global Horizontal Routing Utilization  = 5.65799 %
  Routable Net Status*
  *Does not include unroutable nets such as driverless and loadless.
  Run report_route_status for detailed report.
  Number of Failed Nets               = 0
    (Failed Nets is the sum of unrouted and partially routed nets)
  Number of Unrouted Nets             = 0
  Number of Partially Routed Nets     = 0
  Number of Node Overlaps             = 0

Phase 7 Route finalize | Checksum: 1fa69c261

Time (s): cpu = 00:03:19 ; elapsed = 00:02:05 . Memory (MB): peak = 4924.156 ; gain = 241.484

Phase 8 Verifying routed nets

 Verification completed successfully
Phase 8 Verifying routed nets | Checksum: 1fa69c261

Time (s): cpu = 00:03:20 ; elapsed = 00:02:05 . Memory (MB): peak = 4924.156 ; gain = 241.484

Phase 9 Depositing Routes
Phase 9 Depositing Routes | Checksum: 1fa69c261

Time (s): cpu = 00:03:23 ; elapsed = 00:02:10 . Memory (MB): peak = 4924.156 ; gain = 241.484

Phase 10 Resolve XTalk
Phase 10 Resolve XTalk | Checksum: 1fa69c261

Time (s): cpu = 00:03:24 ; elapsed = 00:02:11 . Memory (MB): peak = 4924.156 ; gain = 241.484

Phase 11 Post Router Timing
INFO: [Route 35-57] Estimated Timing Summary | WNS=7.308  | TNS=0.000  | WHS=0.010  | THS=0.000  |

INFO: [Route 35-327] The final timing numbers are based on the router estimated timing analysis. For a complete and accurate timing signoff, please run report_timing_summary.
Phase 11 Post Router Timing | Checksum: 1fa69c261

Time (s): cpu = 00:03:27 ; elapsed = 00:02:12 . Memory (MB): peak = 4924.156 ; gain = 241.484
INFO: [Route 35-16] Router Completed Successfully

Time (s): cpu = 00:03:27 ; elapsed = 00:02:13 . Memory (MB): peak = 4924.156 ; gain = 241.484

Routing Is Done.
INFO: [Common 17-83] Releasing license: Implementation
15 Infos, 0 Warnings, 0 Critical Warnings and 0 Errors encountered.
route_design completed successfully
route_design: Time (s): cpu = 00:03:42 ; elapsed = 00:02:21 . Memory (MB): peak = 4924.156 ; gain = 241.484
# log_step "END_ROUTE_DESIGN"
STEP=2026-03-26 20:48:06 END_ROUTE_DESIGN
# set out_dcp "$out_dir/post_route_uart_pbus_ila.dcp"
# set out_ltx "$out_dir/uart_pbus_ila.ltx"
# set out_bit "$out_dir/ZCU104FPGATestHarness_uart_pbus_ila.bit"
# log_step "WRITE_DCP $out_dcp"
STEP=2026-03-26 20:48:06 WRITE_DCP \\wsl.localhost\Ubuntu-22.04\root\chipyard\fpga\generated-src\chipyard.fpga.zcu104.ZCU104FPGATestHarness.RocketZCU104LinuxBringupConfig\debug_obj\uart_pbus_ila_20260326_203954/post_route_uart_pbus_ila.dcp
# write_checkpoint -force $out_dcp
INFO: [Timing 38-480] Writing timing data to binary archive.
Writing placer database...
Writing XDEF routing.
Writing XDEF routing logical nets.
Writing XDEF routing special nets.
Write XDEF Complete: Time (s): cpu = 00:00:16 ; elapsed = 00:00:22 . Memory (MB): peak = 4924.156 ; gain = 0.000
report_design_analysis: Time (s): cpu = 00:00:05 ; elapsed = 00:00:06 . Memory (MB): peak = 4924.156 ; gain = 0.000
INFO: [Common 17-1381] The checkpoint '//wsl.localhost/Ubuntu-22.04/root/chipyard/fpga/generated-src/chipyard.fpga.zcu104.ZCU104FPGATestHarness.RocketZCU104LinuxBringupConfig/debug_obj/uart_pbus_ila_20260326_203954/post_route_uart_pbus_ila.dcp' has been generated.
write_checkpoint: Time (s): cpu = 00:00:24 ; elapsed = 00:00:43 . Memory (MB): peak = 4924.156 ; gain = 0.000
# log_step "WRITE_LTX $out_ltx"
STEP=2026-03-26 20:48:49 WRITE_LTX \\wsl.localhost\Ubuntu-22.04\root\chipyard\fpga\generated-src\chipyard.fpga.zcu104.ZCU104FPGATestHarness.RocketZCU104LinuxBringupConfig\debug_obj\uart_pbus_ila_20260326_203954/uart_pbus_ila.ltx
# write_debug_probes -force $out_ltx
# log_step "WRITE_BIT $out_bit"
STEP=2026-03-26 20:48:49 WRITE_BIT \\wsl.localhost\Ubuntu-22.04\root\chipyard\fpga\generated-src\chipyard.fpga.zcu104.ZCU104FPGATestHarness.RocketZCU104LinuxBringupConfig\debug_obj\uart_pbus_ila_20260326_203954/ZCU104FPGATestHarness_uart_pbus_ila.bit
# write_bitstream -force $out_bit
Command: write_bitstream -force {\\wsl.localhost\Ubuntu-22.04\root\chipyard\fpga\generated-src\chipyard.fpga.zcu104.ZCU104FPGATestHarness.RocketZCU104LinuxBringupConfig\debug_obj\uart_pbus_ila_20260326_203954/ZCU104FPGATestHarness_uart_pbus_ila.bit}
Attempting to get a license for feature 'Implementation' and/or device 'xczu7ev'
INFO: [Common 17-349] Got license for feature 'Implementation' and/or device 'xczu7ev'
Running DRC as a precondition to command write_bitstream
INFO: [IP_Flow 19-1839] IP Catalog is up to date.
INFO: [DRC 23-27] Running DRC with 2 threads
WARNING: [DRC DPIP-2] Input pipelining: DSP chiptop0/system/tile_prci_domain/element_reset_domain_rockettile/fpuOpt/dfma/fma/mulAddRecFNToRaw_postMul_io_mulAddResult_pipe_b1 input chiptop0/system/tile_prci_domain/element_reset_domain_rockettile/fpuOpt/dfma/fma/mulAddRecFNToRaw_postMul_io_mulAddResult_pipe_b1/A[29:0] is not pipelined. Pipelining DSP48 input will improve performance.
WARNING: [DRC DPIP-2] Input pipelining: DSP chiptop0/system/tile_prci_domain/element_reset_domain_rockettile/fpuOpt/dfma/fma/mulAddRecFNToRaw_postMul_io_mulAddResult_pipe_b1__0 input chiptop0/system/tile_prci_domain/element_reset_domain_rockettile/fpuOpt/dfma/fma/mulAddRecFNToRaw_postMul_io_mulAddResult_pipe_b1__0/A[29:0] is not pipelined. Pipelining DSP48 input will improve performance.
WARNING: [DRC DPIP-2] Input pipelining: DSP chiptop0/system/tile_prci_domain/element_reset_domain_rockettile/fpuOpt/dfma/fma/mulAddRecFNToRaw_postMul_io_mulAddResult_pipe_b1__1 input chiptop0/system/tile_prci_domain/element_reset_domain_rockettile/fpuOpt/dfma/fma/mulAddRecFNToRaw_postMul_io_mulAddResult_pipe_b1__1/A[29:0] is not pipelined. Pipelining DSP48 input will improve performance.
WARNING: [DRC DPIP-2] Input pipelining: DSP chiptop0/system/tile_prci_domain/element_reset_domain_rockettile/fpuOpt/dfma/fma/mulAddRecFNToRaw_postMul_io_mulAddResult_pipe_b1__2 input chiptop0/system/tile_prci_domain/element_reset_domain_rockettile/fpuOpt/dfma/fma/mulAddRecFNToRaw_postMul_io_mulAddResult_pipe_b1__2/A[29:0] is not pipelined. Pipelining DSP48 input will improve performance.
WARNING: [DRC DPIP-2] Input pipelining: DSP chiptop0/system/tile_prci_domain/element_reset_domain_rockettile/fpuOpt/dfma/fma/mulAddRecFNToRaw_postMul_io_mulAddResult_pipe_b1__4 input chiptop0/system/tile_prci_domain/element_reset_domain_rockettile/fpuOpt/dfma/fma/mulAddRecFNToRaw_postMul_io_mulAddResult_pipe_b1__4/A[29:0] is not pipelined. Pipelining DSP48 input will improve performance.
WARNING: [DRC DPIP-2] Input pipelining: DSP chiptop0/system/tile_prci_domain/element_reset_domain_rockettile/fpuOpt/hfma/fma/mulAddRecFNToRaw_postMul_io_mulAddResult_pipe_b_reg input chiptop0/system/tile_prci_domain/element_reset_domain_rockettile/fpuOpt/hfma/fma/mulAddRecFNToRaw_postMul_io_mulAddResult_pipe_b_reg/A[29:0] is not pipelined. Pipelining DSP48 input will improve performance.
WARNING: [DRC DPIP-2] Input pipelining: DSP chiptop0/system/tile_prci_domain/element_reset_domain_rockettile/fpuOpt/hfma/fma/mulAddRecFNToRaw_postMul_io_mulAddResult_pipe_b_reg input chiptop0/system/tile_prci_domain/element_reset_domain_rockettile/fpuOpt/hfma/fma/mulAddRecFNToRaw_postMul_io_mulAddResult_pipe_b_reg/B[17:0] is not pipelined. Pipelining DSP48 input will improve performance.
WARNING: [DRC DPIP-2] Input pipelining: DSP chiptop0/system/tile_prci_domain/element_reset_domain_rockettile/fpuOpt/hfma/fma/mulAddRecFNToRaw_postMul_io_mulAddResult_pipe_b_reg input chiptop0/system/tile_prci_domain/element_reset_domain_rockettile/fpuOpt/hfma/fma/mulAddRecFNToRaw_postMul_io_mulAddResult_pipe_b_reg/C[47:0] is not pipelined. Pipelining DSP48 input will improve performance.
WARNING: [DRC DPIP-2] Input pipelining: DSP chiptop0/system/tile_prci_domain/element_reset_domain_rockettile/fpuOpt/sfma/fma/mulAddRecFNToRaw_postMul_io_mulAddResult_pipe_b1 input chiptop0/system/tile_prci_domain/element_reset_domain_rockettile/fpuOpt/sfma/fma/mulAddRecFNToRaw_postMul_io_mulAddResult_pipe_b1/A[29:0] is not pipelined. Pipelining DSP48 input will improve performance.
WARNING: [DRC DPIP-2] Input pipelining: DSP chiptop0/system/tile_prci_domain/element_reset_domain_rockettile/fpuOpt/sfma/fma/mulAddRecFNToRaw_postMul_io_mulAddResult_pipe_b1__0 input chiptop0/system/tile_prci_domain/element_reset_domain_rockettile/fpuOpt/sfma/fma/mulAddRecFNToRaw_postMul_io_mulAddResult_pipe_b1__0/A[29:0] is not pipelined. Pipelining DSP48 input will improve performance.
WARNING: [DRC DPIP-2] Input pipelining: DSP chiptop0/system/tile_prci_domain/element_reset_domain_rockettile/fpuOpt/sfma/fma/mulAddRecFNToRaw_postMul_io_mulAddResult_pipe_b1__0 input chiptop0/system/tile_prci_domain/element_reset_domain_rockettile/fpuOpt/sfma/fma/mulAddRecFNToRaw_postMul_io_mulAddResult_pipe_b1__0/B[17:0] is not pipelined. Pipelining DSP48 input will improve performance.
WARNING: [DRC DPOP-3] PREG Output pipelining: DSP chiptop0/system/tile_prci_domain/element_reset_domain_rockettile/core/div/_prod_T_40 output chiptop0/system/tile_prci_domain/element_reset_domain_rockettile/core/div/_prod_T_40/P[47:0] is not pipelined (PREG=0). Pipelining the DSP48 output will improve performance and often saves power so it is suggested whenever possible to fully pipeline this function.  If this DSP48 function was inferred, it is suggested to describe an additional register stage after this function.  If the DSP48 was instantiated in the design, it is suggested to set the PREG attribute to 1.
WARNING: [DRC DPOP-3] PREG Output pipelining: DSP chiptop0/system/tile_prci_domain/element_reset_domain_rockettile/core/div/_prod_T_40__1 output chiptop0/system/tile_prci_domain/element_reset_domain_rockettile/core/div/_prod_T_40__1/P[47:0] is not pipelined (PREG=0). Pipelining the DSP48 output will improve performance and often saves power so it is suggested whenever possible to fully pipeline this function.  If this DSP48 function was inferred, it is suggested to describe an additional register stage after this function.  If the DSP48 was instantiated in the design, it is suggested to set the PREG attribute to 1.
WARNING: [DRC DPOP-3] PREG Output pipelining: DSP chiptop0/system/tile_prci_domain/element_reset_domain_rockettile/core/div/_prod_T_40__10 output chiptop0/system/tile_prci_domain/element_reset_domain_rockettile/core/div/_prod_T_40__10/P[47:0] is not pipelined (PREG=0). Pipelining the DSP48 output will improve performance and often saves power so it is suggested whenever possible to fully pipeline this function.  If this DSP48 function was inferred, it is suggested to describe an additional register stage after this function.  If the DSP48 was instantiated in the design, it is suggested to set the PREG attribute to 1.
WARNING: [DRC DPOP-3] PREG Output pipelining: DSP chiptop0/system/tile_prci_domain/element_reset_domain_rockettile/core/div/_prod_T_40__11 output chiptop0/system/tile_prci_domain/element_reset_domain_rockettile/core/div/_prod_T_40__11/P[47:0] is not pipelined (PREG=0). Pipelining the DSP48 output will improve performance and often saves power so it is suggested whenever possible to fully pipeline this function.  If this DSP48 function was inferred, it is suggested to describe an additional register stage after this function.  If the DSP48 was instantiated in the design, it is suggested to set the PREG attribute to 1.
WARNING: [DRC DPOP-3] PREG Output pipelining: DSP chiptop0/system/tile_prci_domain/element_reset_domain_rockettile/core/div/_prod_T_40__3 output chiptop0/system/tile_prci_domain/element_reset_domain_rockettile/core/div/_prod_T_40__3/P[47:0] is not pipelined (PREG=0). Pipelining the DSP48 output will improve performance and often saves power so it is suggested whenever possible to fully pipeline this function.  If this DSP48 function was inferred, it is suggested to describe an additional register stage after this function.  If the DSP48 was instantiated in the design, it is suggested to set the PREG attribute to 1.
WARNING: [DRC DPOP-3] PREG Output pipelining: DSP chiptop0/system/tile_prci_domain/element_reset_domain_rockettile/core/div/_prod_T_40__5 output chiptop0/system/tile_prci_domain/element_reset_domain_rockettile/core/div/_prod_T_40__5/P[47:0] is not pipelined (PREG=0). Pipelining the DSP48 output will improve performance and often saves power so it is suggested whenever possible to fully pipeline this function.  If this DSP48 function was inferred, it is suggested to describe an additional register stage after this function.  If the DSP48 was instantiated in the design, it is suggested to set the PREG attribute to 1.
WARNING: [DRC DPOP-3] PREG Output pipelining: DSP chiptop0/system/tile_prci_domain/element_reset_domain_rockettile/core/div/_prod_T_40__7 output chiptop0/system/tile_prci_domain/element_reset_domain_rockettile/core/div/_prod_T_40__7/P[47:0] is not pipelined (PREG=0). Pipelining the DSP48 output will improve performance and often saves power so it is suggested whenever possible to fully pipeline this function.  If this DSP48 function was inferred, it is suggested to describe an additional register stage after this function.  If the DSP48 was instantiated in the design, it is suggested to set the PREG attribute to 1.
WARNING: [DRC DPOP-3] PREG Output pipelining: DSP chiptop0/system/tile_prci_domain/element_reset_domain_rockettile/core/div/_prod_T_40__8 output chiptop0/system/tile_prci_domain/element_reset_domain_rockettile/core/div/_prod_T_40__8/P[47:0] is not pipelined (PREG=0). Pipelining the DSP48 output will improve performance and often saves power so it is suggested whenever possible to fully pipeline this function.  If this DSP48 function was inferred, it is suggested to describe an additional register stage after this function.  If the DSP48 was instantiated in the design, it is suggested to set the PREG attribute to 1.
WARNING: [DRC DPOP-3] PREG Output pipelining: DSP chiptop0/system/tile_prci_domain/element_reset_domain_rockettile/fpuOpt/dfma/fma/mulAddRecFNToRaw_postMul_io_mulAddResult_pipe_b1__0 output chiptop0/system/tile_prci_domain/element_reset_domain_rockettile/fpuOpt/dfma/fma/mulAddRecFNToRaw_postMul_io_mulAddResult_pipe_b1__0/P[47:0] is not pipelined (PREG=0). Pipelining the DSP48 output will improve performance and often saves power so it is suggested whenever possible to fully pipeline this function.  If this DSP48 function was inferred, it is suggested to describe an additional register stage after this function.  If the DSP48 was instantiated in the design, it is suggested to set the PREG attribute to 1.
WARNING: [DRC DPOP-3] PREG Output pipelining: DSP chiptop0/system/tile_prci_domain/element_reset_domain_rockettile/fpuOpt/dfma/fma/mulAddRecFNToRaw_postMul_io_mulAddResult_pipe_b1__1 output chiptop0/system/tile_prci_domain/element_reset_domain_rockettile/fpuOpt/dfma/fma/mulAddRecFNToRaw_postMul_io_mulAddResult_pipe_b1__1/P[47:0] is not pipelined (PREG=0). Pipelining the DSP48 output will improve performance and often saves power so it is suggested whenever possible to fully pipeline this function.  If this DSP48 function was inferred, it is suggested to describe an additional register stage after this function.  If the DSP48 was instantiated in the design, it is suggested to set the PREG attribute to 1.
WARNING: [DRC DPOP-3] PREG Output pipelining: DSP chiptop0/system/tile_prci_domain/element_reset_domain_rockettile/fpuOpt/dfma/fma/mulAddRecFNToRaw_postMul_io_mulAddResult_pipe_b1__4 output chiptop0/system/tile_prci_domain/element_reset_domain_rockettile/fpuOpt/dfma/fma/mulAddRecFNToRaw_postMul_io_mulAddResult_pipe_b1__4/P[47:0] is not pipelined (PREG=0). Pipelining the DSP48 output will improve performance and often saves power so it is suggested whenever possible to fully pipeline this function.  If this DSP48 function was inferred, it is suggested to describe an additional register stage after this function.  If the DSP48 was instantiated in the design, it is suggested to set the PREG attribute to 1.
WARNING: [DRC DPOP-3] PREG Output pipelining: DSP chiptop0/system/tile_prci_domain/element_reset_domain_rockettile/fpuOpt/dfma/fma/mulAddRecFNToRaw_postMul_io_mulAddResult_pipe_b1__5 output chiptop0/system/tile_prci_domain/element_reset_domain_rockettile/fpuOpt/dfma/fma/mulAddRecFNToRaw_postMul_io_mulAddResult_pipe_b1__5/P[47:0] is not pipelined (PREG=0). Pipelining the DSP48 output will improve performance and often saves power so it is suggested whenever possible to fully pipeline this function.  If this DSP48 function was inferred, it is suggested to describe an additional register stage after this function.  If the DSP48 was instantiated in the design, it is suggested to set the PREG attribute to 1.
WARNING: [DRC DPOP-3] PREG Output pipelining: DSP chiptop0/system/tile_prci_domain/element_reset_domain_rockettile/fpuOpt/dfma/fma/mulAddRecFNToRaw_postMul_io_mulAddResult_pipe_b1__7 output chiptop0/system/tile_prci_domain/element_reset_domain_rockettile/fpuOpt/dfma/fma/mulAddRecFNToRaw_postMul_io_mulAddResult_pipe_b1__7/P[47:0] is not pipelined (PREG=0). Pipelining the DSP48 output will improve performance and often saves power so it is suggested whenever possible to fully pipeline this function.  If this DSP48 function was inferred, it is suggested to describe an additional register stage after this function.  If the DSP48 was instantiated in the design, it is suggested to set the PREG attribute to 1.
WARNING: [DRC DPOP-3] PREG Output pipelining: DSP chiptop0/system/tile_prci_domain/element_reset_domain_rockettile/fpuOpt/sfma/fma/mulAddRecFNToRaw_postMul_io_mulAddResult_pipe_b1 output chiptop0/system/tile_prci_domain/element_reset_domain_rockettile/fpuOpt/sfma/fma/mulAddRecFNToRaw_postMul_io_mulAddResult_pipe_b1/P[47:0] is not pipelined (PREG=0). Pipelining the DSP48 output will improve performance and often saves power so it is suggested whenever possible to fully pipeline this function.  If this DSP48 function was inferred, it is suggested to describe an additional register stage after this function.  If the DSP48 was instantiated in the design, it is suggested to set the PREG attribute to 1.
WARNING: [DRC DPOP-3] PREG Output pipelining: DSP chiptop0/system/tile_prci_domain/element_reset_domain_rockettile/fpuOpt/sfma/fma/mulAddRecFNToRaw_postMul_io_mulAddResult_pipe_b1__0 output chiptop0/system/tile_prci_domain/element_reset_domain_rockettile/fpuOpt/sfma/fma/mulAddRecFNToRaw_postMul_io_mulAddResult_pipe_b1__0/P[47:0] is not pipelined (PREG=0). Pipelining the DSP48 output will improve performance and often saves power so it is suggested whenever possible to fully pipeline this function.  If this DSP48 function was inferred, it is suggested to describe an additional register stage after this function.  If the DSP48 was instantiated in the design, it is suggested to set the PREG attribute to 1.
WARNING: [DRC DPOP-4] MREG Output pipelining: DSP chiptop0/system/tile_prci_domain/element_reset_domain_rockettile/core/div/_prod_T_40 multiplier stage chiptop0/system/tile_prci_domain/element_reset_domain_rockettile/core/div/_prod_T_40/P[47:0] is not pipelined (MREG=0). Pipelining the multiplier function will improve performance and will save significant power so it is suggested whenever possible to fully pipeline this function.  If this multiplier was inferred, it is suggested to describe an additional register stage after this function.  If there is no registered adder/accumulator following the multiply function, two pipeline stages are suggested to allow both the MREG and PREG registers to be used.  If the DSP48 was instantiated in the design, it is suggested to set both the MREG and PREG attributes to 1 when performing multiply functions.
WARNING: [DRC DPOP-4] MREG Output pipelining: DSP chiptop0/system/tile_prci_domain/element_reset_domain_rockettile/core/div/_prod_T_40__1 multiplier stage chiptop0/system/tile_prci_domain/element_reset_domain_rockettile/core/div/_prod_T_40__1/P[47:0] is not pipelined (MREG=0). Pipelining the multiplier function will improve performance and will save significant power so it is suggested whenever possible to fully pipeline this function.  If this multiplier was inferred, it is suggested to describe an additional register stage after this function.  If there is no registered adder/accumulator following the multiply function, two pipeline stages are suggested to allow both the MREG and PREG registers to be used.  If the DSP48 was instantiated in the design, it is suggested to set both the MREG and PREG attributes to 1 when performing multiply functions.
WARNING: [DRC DPOP-4] MREG Output pipelining: DSP chiptop0/system/tile_prci_domain/element_reset_domain_rockettile/core/div/_prod_T_40__10 multiplier stage chiptop0/system/tile_prci_domain/element_reset_domain_rockettile/core/div/_prod_T_40__10/P[47:0] is not pipelined (MREG=0). Pipelining the multiplier function will improve performance and will save significant power so it is suggested whenever possible to fully pipeline this function.  If this multiplier was inferred, it is suggested to describe an additional register stage after this function.  If there is no registered adder/accumulator following the multiply function, two pipeline stages are suggested to allow both the MREG and PREG registers to be used.  If the DSP48 was instantiated in the design, it is suggested to set both the MREG and PREG attributes to 1 when performing multiply functions.
WARNING: [DRC DPOP-4] MREG Output pipelining: DSP chiptop0/system/tile_prci_domain/element_reset_domain_rockettile/core/div/_prod_T_40__11 multiplier stage chiptop0/system/tile_prci_domain/element_reset_domain_rockettile/core/div/_prod_T_40__11/P[47:0] is not pipelined (MREG=0). Pipelining the multiplier function will improve performance and will save significant power so it is suggested whenever possible to fully pipeline this function.  If this multiplier was inferred, it is suggested to describe an additional register stage after this function.  If there is no registered adder/accumulator following the multiply function, two pipeline stages are suggested to allow both the MREG and PREG registers to be used.  If the DSP48 was instantiated in the design, it is suggested to set both the MREG and PREG attributes to 1 when performing multiply functions.
WARNING: [DRC DPOP-4] MREG Output pipelining: DSP chiptop0/system/tile_prci_domain/element_reset_domain_rockettile/core/div/_prod_T_40__3 multiplier stage chiptop0/system/tile_prci_domain/element_reset_domain_rockettile/core/div/_prod_T_40__3/P[47:0] is not pipelined (MREG=0). Pipelining the multiplier function will improve performance and will save significant power so it is suggested whenever possible to fully pipeline this function.  If this multiplier was inferred, it is suggested to describe an additional register stage after this function.  If there is no registered adder/accumulator following the multiply function, two pipeline stages are suggested to allow both the MREG and PREG registers to be used.  If the DSP48 was instantiated in the design, it is suggested to set both the MREG and PREG attributes to 1 when performing multiply functions.
WARNING: [DRC DPOP-4] MREG Output pipelining: DSP chiptop0/system/tile_prci_domain/element_reset_domain_rockettile/core/div/_prod_T_40__5 multiplier stage chiptop0/system/tile_prci_domain/element_reset_domain_rockettile/core/div/_prod_T_40__5/P[47:0] is not pipelined (MREG=0). Pipelining the multiplier function will improve performance and will save significant power so it is suggested whenever possible to fully pipeline this function.  If this multiplier was inferred, it is suggested to describe an additional register stage after this function.  If there is no registered adder/accumulator following the multiply function, two pipeline stages are suggested to allow both the MREG and PREG registers to be used.  If the DSP48 was instantiated in the design, it is suggested to set both the MREG and PREG attributes to 1 when performing multiply functions.
WARNING: [DRC DPOP-4] MREG Output pipelining: DSP chiptop0/system/tile_prci_domain/element_reset_domain_rockettile/core/div/_prod_T_40__7 multiplier stage chiptop0/system/tile_prci_domain/element_reset_domain_rockettile/core/div/_prod_T_40__7/P[47:0] is not pipelined (MREG=0). Pipelining the multiplier function will improve performance and will save significant power so it is suggested whenever possible to fully pipeline this function.  If this multiplier was inferred, it is suggested to describe an additional register stage after this function.  If there is no registered adder/accumulator following the multiply function, two pipeline stages are suggested to allow both the MREG and PREG registers to be used.  If the DSP48 was instantiated in the design, it is suggested to set both the MREG and PREG attributes to 1 when performing multiply functions.
WARNING: [DRC DPOP-4] MREG Output pipelining: DSP chiptop0/system/tile_prci_domain/element_reset_domain_rockettile/core/div/_prod_T_40__8 multiplier stage chiptop0/system/tile_prci_domain/element_reset_domain_rockettile/core/div/_prod_T_40__8/P[47:0] is not pipelined (MREG=0). Pipelining the multiplier function will improve performance and will save significant power so it is suggested whenever possible to fully pipeline this function.  If this multiplier was inferred, it is suggested to describe an additional register stage after this function.  If there is no registered adder/accumulator following the multiply function, two pipeline stages are suggested to allow both the MREG and PREG registers to be used.  If the DSP48 was instantiated in the design, it is suggested to set both the MREG and PREG attributes to 1 when performing multiply functions.
WARNING: [DRC DPOP-4] MREG Output pipelining: DSP chiptop0/system/tile_prci_domain/element_reset_domain_rockettile/fpuOpt/dfma/fma/mulAddRecFNToRaw_postMul_io_mulAddResult_pipe_b1__0 multiplier stage chiptop0/system/tile_prci_domain/element_reset_domain_rockettile/fpuOpt/dfma/fma/mulAddRecFNToRaw_postMul_io_mulAddResult_pipe_b1__0/P[47:0] is not pipelined (MREG=0). Pipelining the multiplier function will improve performance and will save significant power so it is suggested whenever possible to fully pipeline this function.  If this multiplier was inferred, it is suggested to describe an additional register stage after this function.  If there is no registered adder/accumulator following the multiply function, two pipeline stages are suggested to allow both the MREG and PREG registers to be used.  If the DSP48 was instantiated in the design, it is suggested to set both the MREG and PREG attributes to 1 when performing multiply functions.
WARNING: [DRC DPOP-4] MREG Output pipelining: DSP chiptop0/system/tile_prci_domain/element_reset_domain_rockettile/fpuOpt/dfma/fma/mulAddRecFNToRaw_postMul_io_mulAddResult_pipe_b1__1 multiplier stage chiptop0/system/tile_prci_domain/element_reset_domain_rockettile/fpuOpt/dfma/fma/mulAddRecFNToRaw_postMul_io_mulAddResult_pipe_b1__1/P[47:0] is not pipelined (MREG=0). Pipelining the multiplier function will improve performance and will save significant power so it is suggested whenever possible to fully pipeline this function.  If this multiplier was inferred, it is suggested to describe an additional register stage after this function.  If there is no registered adder/accumulator following the multiply function, two pipeline stages are suggested to allow both the MREG and PREG registers to be used.  If the DSP48 was instantiated in the design, it is suggested to set both the MREG and PREG attributes to 1 when performing multiply functions.
WARNING: [DRC DPOP-4] MREG Output pipelining: DSP chiptop0/system/tile_prci_domain/element_reset_domain_rockettile/fpuOpt/dfma/fma/mulAddRecFNToRaw_postMul_io_mulAddResult_pipe_b1__4 multiplier stage chiptop0/system/tile_prci_domain/element_reset_domain_rockettile/fpuOpt/dfma/fma/mulAddRecFNToRaw_postMul_io_mulAddResult_pipe_b1__4/P[47:0] is not pipelined (MREG=0). Pipelining the multiplier function will improve performance and will save significant power so it is suggested whenever possible to fully pipeline this function.  If this multiplier was inferred, it is suggested to describe an additional register stage after this function.  If there is no registered adder/accumulator following the multiply function, two pipeline stages are suggested to allow both the MREG and PREG registers to be used.  If the DSP48 was instantiated in the design, it is suggested to set both the MREG and PREG attributes to 1 when performing multiply functions.
WARNING: [DRC DPOP-4] MREG Output pipelining: DSP chiptop0/system/tile_prci_domain/element_reset_domain_rockettile/fpuOpt/dfma/fma/mulAddRecFNToRaw_postMul_io_mulAddResult_pipe_b1__5 multiplier stage chiptop0/system/tile_prci_domain/element_reset_domain_rockettile/fpuOpt/dfma/fma/mulAddRecFNToRaw_postMul_io_mulAddResult_pipe_b1__5/P[47:0] is not pipelined (MREG=0). Pipelining the multiplier function will improve performance and will save significant power so it is suggested whenever possible to fully pipeline this function.  If this multiplier was inferred, it is suggested to describe an additional register stage after this function.  If there is no registered adder/accumulator following the multiply function, two pipeline stages are suggested to allow both the MREG and PREG registers to be used.  If the DSP48 was instantiated in the design, it is suggested to set both the MREG and PREG attributes to 1 when performing multiply functions.
WARNING: [DRC DPOP-4] MREG Output pipelining: DSP chiptop0/system/tile_prci_domain/element_reset_domain_rockettile/fpuOpt/dfma/fma/mulAddRecFNToRaw_postMul_io_mulAddResult_pipe_b1__7 multiplier stage chiptop0/system/tile_prci_domain/element_reset_domain_rockettile/fpuOpt/dfma/fma/mulAddRecFNToRaw_postMul_io_mulAddResult_pipe_b1__7/P[47:0] is not pipelined (MREG=0). Pipelining the multiplier function will improve performance and will save significant power so it is suggested whenever possible to fully pipeline this function.  If this multiplier was inferred, it is suggested to describe an additional register stage after this function.  If there is no registered adder/accumulator following the multiply function, two pipeline stages are suggested to allow both the MREG and PREG registers to be used.  If the DSP48 was instantiated in the design, it is suggested to set both the MREG and PREG attributes to 1 when performing multiply functions.
WARNING: [DRC DPOP-4] MREG Output pipelining: DSP chiptop0/system/tile_prci_domain/element_reset_domain_rockettile/fpuOpt/hfma/fma/mulAddRecFNToRaw_postMul_io_mulAddResult_pipe_b_reg multiplier stage chiptop0/system/tile_prci_domain/element_reset_domain_rockettile/fpuOpt/hfma/fma/mulAddRecFNToRaw_postMul_io_mulAddResult_pipe_b_reg/P[47:0] is not pipelined (MREG=0). Pipelining the multiplier function will improve performance and will save significant power so it is suggested whenever possible to fully pipeline this function.  If this multiplier was inferred, it is suggested to describe an additional register stage after this function.  If there is no registered adder/accumulator following the multiply function, two pipeline stages are suggested to allow both the MREG and PREG registers to be used.  If the DSP48 was instantiated in the design, it is suggested to set both the MREG and PREG attributes to 1 when performing multiply functions.
WARNING: [DRC DPOP-4] MREG Output pipelining: DSP chiptop0/system/tile_prci_domain/element_reset_domain_rockettile/fpuOpt/sfma/fma/mulAddRecFNToRaw_postMul_io_mulAddResult_pipe_b1 multiplier stage chiptop0/system/tile_prci_domain/element_reset_domain_rockettile/fpuOpt/sfma/fma/mulAddRecFNToRaw_postMul_io_mulAddResult_pipe_b1/P[47:0] is not pipelined (MREG=0). Pipelining the multiplier function will improve performance and will save significant power so it is suggested whenever possible to fully pipeline this function.  If this multiplier was inferred, it is suggested to describe an additional register stage after this function.  If there is no registered adder/accumulator following the multiply function, two pipeline stages are suggested to allow both the MREG and PREG registers to be used.  If the DSP48 was instantiated in the design, it is suggested to set both the MREG and PREG attributes to 1 when performing multiply functions.
WARNING: [DRC DPOP-4] MREG Output pipelining: DSP chiptop0/system/tile_prci_domain/element_reset_domain_rockettile/fpuOpt/sfma/fma/mulAddRecFNToRaw_postMul_io_mulAddResult_pipe_b1__0 multiplier stage chiptop0/system/tile_prci_domain/element_reset_domain_rockettile/fpuOpt/sfma/fma/mulAddRecFNToRaw_postMul_io_mulAddResult_pipe_b1__0/P[47:0] is not pipelined (MREG=0). Pipelining the multiplier function will improve performance and will save significant power so it is suggested whenever possible to fully pipeline this function.  If this multiplier was inferred, it is suggested to describe an additional register stage after this function.  If there is no registered adder/accumulator following the multiply function, two pipeline stages are suggested to allow both the MREG and PREG registers to be used.  If the DSP48 was instantiated in the design, it is suggested to set both the MREG and PREG attributes to 1 when performing multiply functions.
WARNING: [DRC PDCN-1569] LUT equation term check: Used physical LUT pin 'A2' of cell dbg_hub/inst/BSCANID.u_xsdbm_id/SWITCH_N_EXT_BSCAN.bscan_switch/temp_curid[31]_i_1 (pin dbg_hub/inst/BSCANID.u_xsdbm_id/SWITCH_N_EXT_BSCAN.bscan_switch/temp_curid[31]_i_1/I0) is not included in the LUT equation: 'O5=(A1*A3)+(A1*(~A3)*(~A4))+((~A1))'. If this cell is a user instantiated LUT in the design, please remove connectivity to the pin or change the equation and/or INIT string of the LUT to prevent this issue. If the cell is inferred or IP created LUT, please regenerate the IP and/or resynthesize the design to attempt to correct the issue.
WARNING: [DRC PDCN-1569] LUT equation term check: Used physical LUT pin 'A5' of cell dbg_hub/inst/BSCANID.u_xsdbm_id/SWITCH_N_EXT_BSCAN.bscan_switch/temp_curid[31]_i_1 (pin dbg_hub/inst/BSCANID.u_xsdbm_id/SWITCH_N_EXT_BSCAN.bscan_switch/temp_curid[31]_i_1/I1) is not included in the LUT equation: 'O5=(A1*A3)+(A1*(~A3)*(~A4))+((~A1))'. If this cell is a user instantiated LUT in the design, please remove connectivity to the pin or change the equation and/or INIT string of the LUT to prevent this issue. If the cell is inferred or IP created LUT, please regenerate the IP and/or resynthesize the design to attempt to correct the issue.
WARNING: [DRC PDCN-1569] LUT equation term check: Used physical LUT pin 'A5' of cell dbg_hub/inst/BSCANID.u_xsdbm_id/SWITCH_N_EXT_BSCAN.id_state[0]_i_1 (pin dbg_hub/inst/BSCANID.u_xsdbm_id/SWITCH_N_EXT_BSCAN.id_state[0]_i_1/I0) is not included in the LUT equation: 'O6=(A6+~A6)*((A4))'. If this cell is a user instantiated LUT in the design, please remove connectivity to the pin or change the equation and/or INIT string of the LUT to prevent this issue. If the cell is inferred or IP created LUT, please regenerate the IP and/or resynthesize the design to attempt to correct the issue.
WARNING: [DRC RTSTAT-10] No routable loads: 26 net(s) have no routable loads. The problem bus(es) and/or net(s) are dbg_hub/inst/BSCANID.u_xsdbm_id/CORE_XSDB.UUT_MASTER/U_ICON_INTERFACE/U_CMD6_RD/U_RD_FIFO/SUBCORE_FIFO.xsdbm_v3_0_0_rdfifo_inst/inst_fifo_gen/gconvfifo.rf/grf.rf/gntv_or_sync_fifo.gl0.rd/gr1.gr1_int.rfwft/aempty_fwft_i, dbg_hub/inst/BSCANID.u_xsdbm_id/CORE_XSDB.UUT_MASTER/U_ICON_INTERFACE/U_CMD7_CTL/ctl_reg[2:0], dbg_hub/inst/BSCANID.u_xsdbm_id/CORE_XSDB.UUT_MASTER/U_ICON_INTERFACE/U_CMD1/ctl_reg_en_2[1], dbg_hub/inst/BSCANID.u_xsdbm_id/CORE_XSDB.UUT_MASTER/U_ICON_INTERFACE/U_CMD7_CTL/ctl_reg_en_2[1], chiptop0/system/tile_prci_domain/element_reset_domain_rockettile/fpuOpt/regfile_ext/ex_reg_ctrl_typeTagIn_reg[1]_35, dbg_hub/inst/BSCANID.u_xsdbm_id/SWITCH_N_EXT_BSCAN.bscan_switch/m_bscan_capture[0], dbg_hub/inst/BSCANID.u_xsdbm_id/SWITCH_N_EXT_BSCAN.bscan_switch/m_bscan_drck[0], dbg_hub/inst/BSCANID.u_xsdbm_id/SWITCH_N_EXT_BSCAN.bscan_switch/m_bscan_runtest[0], dbg_hub/inst/BSCANID.u_xsdbm_id/CORE_XSDB.UUT_MASTER/U_ICON_INTERFACE/U_CMD6_WR/U_WR_FIFO/SUBCORE_FIFO.xsdbm_v3_0_0_wrfifo_inst/inst_fifo_gen/gconvfifo.rf/grf.rf/gntv_or_sync_fifo.gl0.wr/gwhf.whf/overflow, dbg_hub/inst/BSCANID.u_xsdbm_id/CORE_XSDB.UUT_MASTER/U_ICON_INTERFACE/U_CMD6_RD/U_RD_FIFO/SUBCORE_FIFO.xsdbm_v3_0_0_rdfifo_inst/inst_fifo_gen/gconvfifo.rf/grf.rf/gntv_or_sync_fifo.gl0.wr/gwhf.whf/overflow, dbg_hub/inst/BSCANID.u_xsdbm_id/CORE_XSDB.UUT_MASTER/U_ICON_INTERFACE/U_CMD6_RD/U_RD_FIFO/SUBCORE_FIFO.xsdbm_v3_0_0_rdfifo_inst/inst_fifo_gen/gconvfifo.rf/grf.rf/gntv_or_sync_fifo.gl0.rd/gras.rsts/ram_empty_i, dbg_hub/inst/BSCANID.u_xsdbm_id/CORE_XSDB.UUT_MASTER/U_ICON_INTERFACE/U_CMD6_WR/U_WR_FIFO/SUBCORE_FIFO.xsdbm_v3_0_0_wrfifo_inst/inst_fifo_gen/gconvfifo.rf/grf.rf/gntv_or_sync_fifo.gl0.wr/gwas.wsts/ram_full_i, dbg_hub/inst/BSCANID.u_xsdbm_id/CORE_XSDB.UUT_MASTER/U_ICON_INTERFACE/U_CMD6_WR/U_WR_FIFO/SUBCORE_FIFO.xsdbm_v3_0_0_wrfifo_inst/inst_fifo_gen/gconvfifo.rf/grf.rf/rstblk/rd_rst_reg[0], dbg_hub/inst/BSCANID.u_xsdbm_id/SWITCH_N_EXT_BSCAN.bscan_inst/s_bscan_tms, u_ila_uart_pbus/inst/ila_core_inst/u_ila_regs/U_XSDB_SLAVE/s_daddr_o[13]... and (the first 15 of 24 listed).
INFO: [Vivado 12-3199] DRC finished with 0 Errors, 46 Warnings
INFO: [Vivado 12-3200] Please refer to the DRC report (report_drc) for more information.
INFO: [Designutils 20-2272] Running write_bitstream with 2 threads.
Loading data files...
Loading site data...
Loading route data...
Processing options...
Creating bitmap...
Creating bitstream...
Bitstream compression saved 65475168 bits.
Writing bitstream \\wsl.localhost\Ubuntu-22.04\root\chipyard\fpga\generated-src\chipyard.fpga.zcu104.ZCU104FPGATestHarness.RocketZCU104LinuxBringupConfig\debug_obj\uart_pbus_ila_20260326_203954/ZCU104FPGATestHarness_uart_pbus_ila.bit...
INFO: [Vivado 12-1842] Bitgen Completed Successfully.
INFO: [Project 1-1876] WebTalk data collection is mandatory when using a ULT device. To see the specific WebTalk data collected for your design, open the usage_statistics_webtalk.html or usage_statistics_webtalk.xml file in the implementation directory.
INFO: [Common 17-83] Releasing license: Implementation
9 Infos, 46 Warnings, 0 Critical Warnings and 0 Errors encountered.
write_bitstream completed successfully
write_bitstream: Time (s): cpu = 00:01:34 ; elapsed = 00:01:14 . Memory (MB): peak = 5302.898 ; gain = 378.742
# puts "UART PBUS ILA insertion complete"
UART PBUS ILA insertion complete
# puts "OUT_DCP=$out_dcp"
OUT_DCP=\\wsl.localhost\Ubuntu-22.04\root\chipyard\fpga\generated-src\chipyard.fpga.zcu104.ZCU104FPGATestHarness.RocketZCU104LinuxBringupConfig\debug_obj\uart_pbus_ila_20260326_203954/post_route_uart_pbus_ila.dcp
# puts "OUT_LTX=$out_ltx"
OUT_LTX=\\wsl.localhost\Ubuntu-22.04\root\chipyard\fpga\generated-src\chipyard.fpga.zcu104.ZCU104FPGATestHarness.RocketZCU104LinuxBringupConfig\debug_obj\uart_pbus_ila_20260326_203954/uart_pbus_ila.ltx
# puts "OUT_BIT=$out_bit"
OUT_BIT=\\wsl.localhost\Ubuntu-22.04\root\chipyard\fpga\generated-src\chipyard.fpga.zcu104.ZCU104FPGATestHarness.RocketZCU104LinuxBringupConfig\debug_obj\uart_pbus_ila_20260326_203954/ZCU104FPGATestHarness_uart_pbus_ila.bit
# exit
INFO: [Common 17-206] Exiting Vivado at Thu Mar 26 20:50:04 2026...
