IN_DCP=\\wsl.localhost\Ubuntu-22.04\root\chipyard\fpga\generated-src\chipyard.fpga.zcu104.ZCU104FPGATestHarness.RocketZCU104LinuxBringupConfig\obj\post_synth.dcp
UART_AND_DO_ENQ pattern=*uart*do_enq* count=6
chiptop0/system/uartClockDomainWrapper/do_enq
chiptop0/system/uartClockDomainWrapper/uart_0/do_enq
chiptop0/system/uartClockDomainWrapper/uart_0/rxq/do_enq
chiptop0/system/uartClockDomainWrapper/uart_0/txq/do_enq
chiptop0/system/uartClockDomainWrapper/uart_0/txq/ram_ext/do_enq
chiptop0/system/uart_0/txq/do_enq

DO_ENQ pattern=*do_enq* count=252
chiptop0/system/bank/buffer/do_enq
chiptop0/system/bank/buffer/nodeIn_d_q/do_enq
chiptop0/system/bank/buffer/nodeIn_d_q/do_enq_0
chiptop0/system/bank/buffer/nodeIn_d_q/ram_ext/do_enq_0
chiptop0/system/bank/do_enq
chiptop0/system/buffer_1/nodeIn_d_q/do_enq
chiptop0/system/buffer_1/nodeOut_a_q/do_enq
chiptop0/system/cbus/buffer/do_enq
chiptop0/system/cbus/buffer/do_enq_0
chiptop0/system/cbus/buffer/nodeOut_a_q/do_enq
chiptop0/system/cbus/buffer/nodeOut_a_q/do_enq_0
chiptop0/system/cbus/buffer/nodeOut_a_q/ram_ext/do_enq
chiptop0/system/cbus/buffer/nodeOut_a_q/ram_ext/do_enq_0
chiptop0/system/cbus/coupler_to_l2_ctrl/buffer/do_enq
chiptop0/system/cbus/coupler_to_l2_ctrl/buffer/nodeOut_a_q/do_enq
chiptop0/system/cbus/coupler_to_l2_ctrl/do_enq
chiptop0/system/cbus/coupler_to_l2_ctrl/fragmenter/do_enq
chiptop0/system/cbus/coupler_to_prci_ctrl/buffer/nodeOut_a_q/do_enq
chiptop0/system/cbus/coupler_to_prci_ctrl/buffer/nodeOut_a_q/ram_ext/do_enq
chiptop0/system/cbus/do_enq
chiptop0/system/cbus/nodeOut_a_q/do_enq
chiptop0/system/cbus/wrapped_error_device/buffer/do_enq
chiptop0/system/cbus/wrapped_error_device/buffer/nodeIn_d_q/do_enq
chiptop0/system/cbus/wrapped_error_device/buffer/nodeIn_d_q/ram_ext/do_enq
chiptop0/system/cbus/wrapped_error_device/buffer/nodeOut_a_q/ram_ext/do_enq
chiptop0/system/cbus/wrapped_error_device/nodeIn_d_q/do_enq
chiptop0/system/coh_wrapper/InclusiveCache_inner_TLBuffer/nodeIn_d_q/do_enq__0
chiptop0/system/coh_wrapper/InclusiveCache_inner_TLBuffer/nodeOut_a_q/do_enq__0
chiptop0/system/coh_wrapper/cork/do_enq
chiptop0/system/coh_wrapper/cork/do_enq_0
chiptop0/system/coh_wrapper/cork/do_enq_1
chiptop0/system/coh_wrapper/cork/q/do_enq
chiptop0/system/coh_wrapper/cork/q/ram_ext/do_enq
chiptop0/system/coh_wrapper/cork/q_1/do_enq
chiptop0/system/coh_wrapper/cork/q_1/ram_ext/do_enq
chiptop0/system/coh_wrapper/do_enq
chiptop0/system/coh_wrapper/do_enq_0
chiptop0/system/coh_wrapper/do_enq_1
chiptop0/system/coh_wrapper/l2/do_enq
chiptop0/system/coh_wrapper/l2/do_enq_2
chiptop0/system/coh_wrapper/l2/inclusive_cache_bank_sched/do_enq
chiptop0/system/coh_wrapper/l2/inclusive_cache_bank_sched/do_enq_2
chiptop0/system/coh_wrapper/l2/inclusive_cache_bank_sched/do_enq_4
chiptop0/system/coh_wrapper/l2/inclusive_cache_bank_sched/do_enq_5
chiptop0/system/coh_wrapper/l2/inclusive_cache_bank_sched/mshrs_0/do_enq_4
chiptop0/system/coh_wrapper/l2/inclusive_cache_bank_sched/sinkC/c_q/ram_ext/do_enq
chiptop0/system/coh_wrapper/l2/inclusive_cache_bank_sched/sinkD/d_q/ram_ext/do_enq
chiptop0/system/coh_wrapper/l2/inclusive_cache_bank_sched/sourceC/do_enq_2
chiptop0/system/coh_wrapper/l2/inclusive_cache_bank_sched/sourceC/queue/do_enq
chiptop0/system/coh_wrapper/l2/inclusive_cache_bank_sched/sourceC/queue/do_enq_2
chiptop0/system/coh_wrapper/l2/inclusive_cache_bank_sched/sourceC/queue/ram_ext/do_enq
chiptop0/system/coh_wrapper/l2/inclusive_cache_bank_sched/sourceC/queue/ram_ext/do_enq_2
chiptop0/system/coh_wrapper/l2/inclusive_cache_bank_sched/sourceD/do_enq
chiptop0/system/coh_wrapper/l2/inclusive_cache_bank_sched/sourceD/queue/do_enq
chiptop0/system/coh_wrapper/l2/inclusive_cache_bank_sched/sourceE/do_enq_4
chiptop0/system/coh_wrapper/l2/inclusive_cache_bank_sched/sourceE/io_e_q/do_enq_4
chiptop0/system/coh_wrapper/l2/inclusive_cache_bank_sched/sourceE/io_e_q/ram_sink_ext/do_enq_4
chiptop0/system/coh_wrapper/l2/sinkX/x_q/do_enq
chiptop0/system/coh_wrapper/l2/sourceA/io_a_q/do_enq
chiptop0/system/coh_wrapper/l2/sourceE/io_e_q/do_enq
chiptop0/system/coh_wrapper/q/do_enq
chiptop0/system/coupler_to_memory_controller_port_named_tl_mem/buffer/nodeOut_a_q/do_enq
chiptop0/system/l2/ctrls/out_back_front_q/do_enq
chiptop0/system/l2/inclusive_cache_bank_sched/sourceD/queue/do_enq
chiptop0/system/mbus/buffer_1/do_enq_2
chiptop0/system/mbus/buffer_1/nodeIn_d_q/do_enq_2
chiptop0/system/mbus/buffer_1/nodeIn_d_q/ram_ext/do_enq_2
chiptop0/system/mbus/coupler_to_memory_controller_port_named_tl_mem/buffer/do_enq_1
chiptop0/system/mbus/coupler_to_memory_controller_port_named_tl_mem/buffer/nodeIn_d_q/ram_ext/do_enq
chiptop0/system/mbus/coupler_to_memory_controller_port_named_tl_mem/buffer/nodeOut_a_q/do_enq_1
chiptop0/system/mbus/coupler_to_memory_controller_port_named_tl_mem/do_enq_1
chiptop0/system/mbus/do_enq
chiptop0/system/mbus/do_enq_1
chiptop0/system/mbus/do_enq_2
chiptop0/system/mbus/mbus_xbar/do_enq_2
chiptop0/system/pbus/atomics/do_enq
chiptop0/system/pbus/buffer/do_enq
chiptop0/system/pbus/buffer/do_enq_1
chiptop0/system/pbus/buffer/nodeIn_d_q/ram_ext/do_enq
chiptop0/system/pbus/buffer/nodeOut_a_q/do_enq
chiptop0/system/pbus/buffer/nodeOut_a_q/do_enq_1
chiptop0/system/pbus/buffer/nodeOut_a_q/ram_ext/do_enq
chiptop0/system/pbus/buffer/nodeOut_a_q/ram_ext/do_enq_1
chiptop0/system/pbus/buffer_1/nodeIn_d_q/ram_ext/do_enq
chiptop0/system/pbus/buffer_1/nodeOut_a_q/ram_ext/do_enq
chiptop0/system/pbus/do_enq
chiptop0/system/pbus/nodeOut_a_q/do_enq
chiptop0/system/plic/out_back_front_q/do_enq
chiptop0/system/plic_domain/do_enq
chiptop0/system/plic_domain/plic/do_enq
chiptop0/system/plic_domain/plic/out_back_front_q/do_enq
chiptop0/system/sbus/system_bus_xbar/do_enq_i_3__0_n_0
chiptop0/system/sbus/system_bus_xbar/do_enq_i_5_n_0
chiptop0/system/tile_prci_domain/buffer/nodeIn_b_q/ram_ext/do_enq
chiptop0/system/tile_prci_domain/buffer/nodeIn_d_q/ram_ext/do_enq
chiptop0/system/tile_prci_domain/buffer/nodeOut_a_q/ram_ext/do_enq
chiptop0/system/tile_prci_domain/buffer/nodeOut_c_q/ram_ext/do_enq
chiptop0/system/tile_prci_domain/buffer/nodeOut_e_q/ram_sink_ext/do_enq
chiptop0/system/uartClockDomainWrapper/do_enq
chiptop0/system/uartClockDomainWrapper/uart_0/do_enq
chiptop0/system/uartClockDomainWrapper/uart_0/rxq/do_enq
chiptop0/system/uartClockDomainWrapper/uart_0/txq/do_enq
chiptop0/system/uartClockDomainWrapper/uart_0/txq/ram_ext/do_enq
chiptop0/system/uart_0/txq/do_enq
ps/Queue1_BundleMap/do_enq
ps/Queue1_BundleMap_1/do_enq
ps/Queue1_BundleMap_10/do_enq
ps/Queue1_BundleMap_11/do_enq
ps/Queue1_BundleMap_12/do_enq
ps/Queue1_BundleMap_13/do_enq
ps/Queue1_BundleMap_14/do_enq
ps/Queue1_BundleMap_15/do_enq
ps/Queue1_BundleMap_16/do_enq
ps/Queue1_BundleMap_17/do_enq
ps/Queue1_BundleMap_18/do_enq
ps/Queue1_BundleMap_19/do_enq
ps/Queue1_BundleMap_2/do_enq
ps/Queue1_BundleMap_20/do_enq
ps/Queue1_BundleMap_21/do_enq
ps/Queue1_BundleMap_22/do_enq
ps/Queue1_BundleMap_23/do_enq
ps/Queue1_BundleMap_24/do_enq
ps/Queue1_BundleMap_25/do_enq
ps/Queue1_BundleMap_26/do_enq
ps/Queue1_BundleMap_27/do_enq
ps/Queue1_BundleMap_28/do_enq
ps/Queue1_BundleMap_29/do_enq
ps/Queue1_BundleMap_3/do_enq
ps/Queue1_BundleMap_30/do_enq
ps/Queue1_BundleMap_31/do_enq
ps/Queue1_BundleMap_4/do_enq
ps/Queue1_BundleMap_5/do_enq
ps/Queue1_BundleMap_6/do_enq
ps/Queue1_BundleMap_7/do_enq
ps/Queue1_BundleMap_8/do_enq
ps/Queue1_BundleMap_9/do_enq
ps/axi4asource/do_enq
ps/axi4asource/do_enq_10
ps/axi4asource/do_enq_11
ps/axi4asource/do_enq_12
ps/axi4asource/do_enq_13
ps/axi4asource/do_enq_14
ps/axi4asource/do_enq_15
ps/axi4asource/do_enq_16
ps/axi4asource/do_enq_2
ps/axi4asource/do_enq_3
ps/axi4asource/do_enq_4
ps/axi4asource/do_enq_5
ps/axi4asource/do_enq_6
ps/axi4asource/do_enq_7
ps/axi4asource/do_enq_8
ps/axi4asource/do_enq_9
ps/axi4asource/nodeIn_r_sink/do_enq
ps/axi4asource/nodeIn_r_sink/do_enq_10
ps/axi4asource/nodeIn_r_sink/do_enq_11
ps/axi4asource/nodeIn_r_sink/do_enq_12
ps/axi4asource/nodeIn_r_sink/do_enq_13
ps/axi4asource/nodeIn_r_sink/do_enq_14
ps/axi4asource/nodeIn_r_sink/do_enq_15
ps/axi4asource/nodeIn_r_sink/do_enq_16
ps/axi4asource/nodeIn_r_sink/do_enq_2
ps/axi4asource/nodeIn_r_sink/do_enq_3
ps/axi4asource/nodeIn_r_sink/do_enq_4
ps/axi4asource/nodeIn_r_sink/do_enq_5
ps/axi4asource/nodeIn_r_sink/do_enq_6
ps/axi4asource/nodeIn_r_sink/do_enq_7
ps/axi4asource/nodeIn_r_sink/do_enq_8
ps/axi4asource/nodeIn_r_sink/do_enq_9
ps/axi4asource/nodeIn_r_sink/io_deq_bits_deq_bits_reg/do_enq
ps/axi4asource/nodeIn_r_sink/io_deq_bits_deq_bits_reg/do_enq_10
ps/axi4asource/nodeIn_r_sink/io_deq_bits_deq_bits_reg/do_enq_11
ps/axi4asource/nodeIn_r_sink/io_deq_bits_deq_bits_reg/do_enq_12
ps/axi4asource/nodeIn_r_sink/io_deq_bits_deq_bits_reg/do_enq_13
ps/axi4asource/nodeIn_r_sink/io_deq_bits_deq_bits_reg/do_enq_14
ps/axi4asource/nodeIn_r_sink/io_deq_bits_deq_bits_reg/do_enq_15
ps/axi4asource/nodeIn_r_sink/io_deq_bits_deq_bits_reg/do_enq_16
ps/axi4asource/nodeIn_r_sink/io_deq_bits_deq_bits_reg/do_enq_2
ps/axi4asource/nodeIn_r_sink/io_deq_bits_deq_bits_reg/do_enq_3
ps/axi4asource/nodeIn_r_sink/io_deq_bits_deq_bits_reg/do_enq_4
ps/axi4asource/nodeIn_r_sink/io_deq_bits_deq_bits_reg/do_enq_5
ps/axi4asource/nodeIn_r_sink/io_deq_bits_deq_bits_reg/do_enq_6
ps/axi4asource/nodeIn_r_sink/io_deq_bits_deq_bits_reg/do_enq_7
ps/axi4asource/nodeIn_r_sink/io_deq_bits_deq_bits_reg/do_enq_8
ps/axi4asource/nodeIn_r_sink/io_deq_bits_deq_bits_reg/do_enq_9
ps/buffer/nodeOut_a_q/do_enq
ps/buffer/nodeOut_a_q/ram_ext/do_enq
ps/deint/do_enq
ps/deint/do_enq_0
ps/deint/do_enq_1
ps/deint/do_enq_10
ps/deint/do_enq_11
ps/deint/do_enq_12
ps/deint/do_enq_13
ps/deint/do_enq_14
ps/deint/do_enq_2
ps/deint/do_enq_3
ps/deint/do_enq_4
ps/deint/do_enq_5
ps/deint/do_enq_6
ps/deint/do_enq_7
ps/deint/do_enq_8
ps/deint/do_enq_9
ps/deint/qs_queue_0/do_enq
ps/deint/qs_queue_0/ram_ext/do_enq
ps/deint/qs_queue_1/do_enq_0
ps/deint/qs_queue_1/ram_ext/do_enq_0
ps/deint/qs_queue_10/do_enq_9
ps/deint/qs_queue_10/ram_ext/do_enq_9
ps/deint/qs_queue_11/do_enq_10
ps/deint/qs_queue_11/ram_ext/do_enq_10
ps/deint/qs_queue_12/do_enq_11
ps/deint/qs_queue_12/ram_ext/do_enq_11
ps/deint/qs_queue_13/do_enq_12
ps/deint/qs_queue_13/ram_ext/do_enq_12
ps/deint/qs_queue_14/do_enq_13
ps/deint/qs_queue_14/ram_ext/do_enq_13
ps/deint/qs_queue_15/do_enq_14
ps/deint/qs_queue_15/ram_ext/do_enq_14
ps/deint/qs_queue_2/do_enq_1
ps/deint/qs_queue_2/ram_ext/do_enq_1
ps/deint/qs_queue_3/do_enq_2
ps/deint/qs_queue_3/ram_ext/do_enq_2
ps/deint/qs_queue_4/do_enq_3
ps/deint/qs_queue_4/ram_ext/do_enq_3
ps/deint/qs_queue_5/do_enq_4
ps/deint/qs_queue_5/ram_ext/do_enq_4
ps/deint/qs_queue_6/do_enq_5
ps/deint/qs_queue_6/ram_ext/do_enq_5
ps/deint/qs_queue_7/do_enq_6
ps/deint/qs_queue_7/ram_ext/do_enq_6
ps/deint/qs_queue_8/do_enq_7
ps/deint/qs_queue_8/ram_ext/do_enq_7
ps/deint/qs_queue_9/do_enq_8
ps/deint/qs_queue_9/ram_ext/do_enq_8
ps/qs_queue_0/do_enq
ps/qs_queue_1/do_enq
ps/qs_queue_10/do_enq
ps/qs_queue_11/do_enq
ps/qs_queue_12/do_enq
ps/qs_queue_13/do_enq
ps/qs_queue_14/do_enq
ps/qs_queue_15/do_enq
ps/qs_queue_2/do_enq
ps/qs_queue_3/do_enq
ps/qs_queue_4/do_enq
ps/qs_queue_5/do_enq
ps/qs_queue_6/do_enq
ps/qs_queue_7/do_enq
ps/qs_queue_8/do_enq
ps/qs_queue_9/do_enq
ps/toaxi4/nodeOut_w_deq_q/do_enq
ps/toaxi4/queue_arw_deq_q/do_enq

UART_WRAPPER_DO_ENQ pattern=*uartClockDomainWrapper*do_enq* count=5
chiptop0/system/uartClockDomainWrapper/do_enq
chiptop0/system/uartClockDomainWrapper/uart_0/do_enq
chiptop0/system/uartClockDomainWrapper/uart_0/rxq/do_enq
chiptop0/system/uartClockDomainWrapper/uart_0/txq/do_enq
chiptop0/system/uartClockDomainWrapper/uart_0/txq/ram_ext/do_enq

UART_TXEN pattern=*uart*txen* count=3
chiptop0/system/uartClockDomainWrapper/txen0
chiptop0/system/uartClockDomainWrapper/uart_0/txen0
chiptop0/system/uart_0/txen0

UART_TXQ pattern=*uart*txq* count=149
chiptop0/system/uartClockDomainWrapper/uart_0/txq/<const1>
chiptop0/system/uartClockDomainWrapper/uart_0/txq/E[0]
chiptop0/system/uartClockDomainWrapper/uart_0/txq/Memory_reg_0_1_42_55_i_35__1_n_0
chiptop0/system/uartClockDomainWrapper/uart_0/txq/R0_data0[0]
chiptop0/system/uartClockDomainWrapper/uart_0/txq/R0_data0[1]
chiptop0/system/uartClockDomainWrapper/uart_0/txq/R0_data0[2]
chiptop0/system/uartClockDomainWrapper/uart_0/txq/R0_data0[3]
chiptop0/system/uartClockDomainWrapper/uart_0/txq/R0_data0[4]
chiptop0/system/uartClockDomainWrapper/uart_0/txq/R0_data0[5]
chiptop0/system/uartClockDomainWrapper/uart_0/txq/R0_data0[6]
chiptop0/system/uartClockDomainWrapper/uart_0/txq/R0_data0[7]
chiptop0/system/uartClockDomainWrapper/uart_0/txq/R0_data0_0[0]
chiptop0/system/uartClockDomainWrapper/uart_0/txq/R0_data0_0[1]
chiptop0/system/uartClockDomainWrapper/uart_0/txq/R0_data0_0[2]
chiptop0/system/uartClockDomainWrapper/uart_0/txq/R0_data0_0[3]
chiptop0/system/uartClockDomainWrapper/uart_0/txq/R0_data0_0[4]
chiptop0/system/uartClockDomainWrapper/uart_0/txq/R0_data0_0[5]
chiptop0/system/uartClockDomainWrapper/uart_0/txq/R0_data0_0[6]
chiptop0/system/uartClockDomainWrapper/uart_0/txq/R0_data0_0[7]
chiptop0/system/uartClockDomainWrapper/uart_0/txq/_GEN[1]_66[0]
chiptop0/system/uartClockDomainWrapper/uart_0/txq/_sbus_auto_fixedClockNode_anon_out_1_reset
chiptop0/system/uartClockDomainWrapper/uart_0/txq/clk_out1
chiptop0/system/uartClockDomainWrapper/uart_0/txq/deq_ptr_value[0]
chiptop0/system/uartClockDomainWrapper/uart_0/txq/deq_ptr_value[0]_i_1__1_n_0
chiptop0/system/uartClockDomainWrapper/uart_0/txq/deq_ptr_value[1]
chiptop0/system/uartClockDomainWrapper/uart_0/txq/deq_ptr_value[1]_i_1__0_n_0
chiptop0/system/uartClockDomainWrapper/uart_0/txq/deq_ptr_value[2]
chiptop0/system/uartClockDomainWrapper/uart_0/txq/deq_ptr_value[2]_i_2_n_0
chiptop0/system/uartClockDomainWrapper/uart_0/txq/deq_ptr_value[2]_i_3_n_0
chiptop0/system/uartClockDomainWrapper/uart_0/txq/do_enq
chiptop0/system/uartClockDomainWrapper/uart_0/txq/enq_ptr_value[0]
chiptop0/system/uartClockDomainWrapper/uart_0/txq/enq_ptr_value[0]_i_1__1_n_0
chiptop0/system/uartClockDomainWrapper/uart_0/txq/enq_ptr_value[1]
chiptop0/system/uartClockDomainWrapper/uart_0/txq/enq_ptr_value[1]_i_1__0_n_0
chiptop0/system/uartClockDomainWrapper/uart_0/txq/enq_ptr_value[2]
chiptop0/system/uartClockDomainWrapper/uart_0/txq/enq_ptr_value[2]_i_2_n_0
chiptop0/system/uartClockDomainWrapper/uart_0/txq/maybe_full
chiptop0/system/uartClockDomainWrapper/uart_0/txq/maybe_full_i_1__18_n_0
chiptop0/system/uartClockDomainWrapper/uart_0/txq/maybe_full_reg_0
chiptop0/system/uartClockDomainWrapper/uart_0/txq/maybe_full_reg_1[0]
chiptop0/system/uartClockDomainWrapper/uart_0/txq/maybe_full_reg_2
chiptop0/system/uartClockDomainWrapper/uart_0/txq/maybe_full_reg_3
chiptop0/system/uartClockDomainWrapper/uart_0/txq/ram_ext/<const0>
chiptop0/system/uartClockDomainWrapper/uart_0/txq/ram_ext/Memory_reg_0_7_0_7/ADDRA0
chiptop0/system/uartClockDomainWrapper/uart_0/txq/ram_ext/Memory_reg_0_7_0_7/ADDRA1
chiptop0/system/uartClockDomainWrapper/uart_0/txq/ram_ext/Memory_reg_0_7_0_7/ADDRA2
chiptop0/system/uartClockDomainWrapper/uart_0/txq/ram_ext/Memory_reg_0_7_0_7/ADDRA3
chiptop0/system/uartClockDomainWrapper/uart_0/txq/ram_ext/Memory_reg_0_7_0_7/ADDRA4
chiptop0/system/uartClockDomainWrapper/uart_0/txq/ram_ext/Memory_reg_0_7_0_7/ADDRB0
chiptop0/system/uartClockDomainWrapper/uart_0/txq/ram_ext/Memory_reg_0_7_0_7/ADDRB1
chiptop0/system/uartClockDomainWrapper/uart_0/txq/ram_ext/Memory_reg_0_7_0_7/ADDRB2
chiptop0/system/uartClockDomainWrapper/uart_0/txq/ram_ext/Memory_reg_0_7_0_7/ADDRB3
chiptop0/system/uartClockDomainWrapper/uart_0/txq/ram_ext/Memory_reg_0_7_0_7/ADDRB4
chiptop0/system/uartClockDomainWrapper/uart_0/txq/ram_ext/Memory_reg_0_7_0_7/ADDRC0
chiptop0/system/uartClockDomainWrapper/uart_0/txq/ram_ext/Memory_reg_0_7_0_7/ADDRC1
chiptop0/system/uartClockDomainWrapper/uart_0/txq/ram_ext/Memory_reg_0_7_0_7/ADDRC2
chiptop0/system/uartClockDomainWrapper/uart_0/txq/ram_ext/Memory_reg_0_7_0_7/ADDRC3
chiptop0/system/uartClockDomainWrapper/uart_0/txq/ram_ext/Memory_reg_0_7_0_7/ADDRC4
chiptop0/system/uartClockDomainWrapper/uart_0/txq/ram_ext/Memory_reg_0_7_0_7/ADDRD0
chiptop0/system/uartClockDomainWrapper/uart_0/txq/ram_ext/Memory_reg_0_7_0_7/ADDRD1
chiptop0/system/uartClockDomainWrapper/uart_0/txq/ram_ext/Memory_reg_0_7_0_7/ADDRD2
chiptop0/system/uartClockDomainWrapper/uart_0/txq/ram_ext/Memory_reg_0_7_0_7/ADDRD3
chiptop0/system/uartClockDomainWrapper/uart_0/txq/ram_ext/Memory_reg_0_7_0_7/ADDRD4
chiptop0/system/uartClockDomainWrapper/uart_0/txq/ram_ext/Memory_reg_0_7_0_7/ADDRE0
chiptop0/system/uartClockDomainWrapper/uart_0/txq/ram_ext/Memory_reg_0_7_0_7/ADDRE1
chiptop0/system/uartClockDomainWrapper/uart_0/txq/ram_ext/Memory_reg_0_7_0_7/ADDRE2
chiptop0/system/uartClockDomainWrapper/uart_0/txq/ram_ext/Memory_reg_0_7_0_7/ADDRE3
chiptop0/system/uartClockDomainWrapper/uart_0/txq/ram_ext/Memory_reg_0_7_0_7/ADDRE4
chiptop0/system/uartClockDomainWrapper/uart_0/txq/ram_ext/Memory_reg_0_7_0_7/ADDRF0
chiptop0/system/uartClockDomainWrapper/uart_0/txq/ram_ext/Memory_reg_0_7_0_7/ADDRF1
chiptop0/system/uartClockDomainWrapper/uart_0/txq/ram_ext/Memory_reg_0_7_0_7/ADDRF2
chiptop0/system/uartClockDomainWrapper/uart_0/txq/ram_ext/Memory_reg_0_7_0_7/ADDRF3
chiptop0/system/uartClockDomainWrapper/uart_0/txq/ram_ext/Memory_reg_0_7_0_7/ADDRF4
chiptop0/system/uartClockDomainWrapper/uart_0/txq/ram_ext/Memory_reg_0_7_0_7/ADDRG0
chiptop0/system/uartClockDomainWrapper/uart_0/txq/ram_ext/Memory_reg_0_7_0_7/ADDRG1
chiptop0/system/uartClockDomainWrapper/uart_0/txq/ram_ext/Memory_reg_0_7_0_7/ADDRG2
chiptop0/system/uartClockDomainWrapper/uart_0/txq/ram_ext/Memory_reg_0_7_0_7/ADDRG3
chiptop0/system/uartClockDomainWrapper/uart_0/txq/ram_ext/Memory_reg_0_7_0_7/ADDRG4
chiptop0/system/uartClockDomainWrapper/uart_0/txq/ram_ext/Memory_reg_0_7_0_7/ADDRH0
chiptop0/system/uartClockDomainWrapper/uart_0/txq/ram_ext/Memory_reg_0_7_0_7/ADDRH1
chiptop0/system/uartClockDomainWrapper/uart_0/txq/ram_ext/Memory_reg_0_7_0_7/ADDRH2
chiptop0/system/uartClockDomainWrapper/uart_0/txq/ram_ext/Memory_reg_0_7_0_7/ADDRH3
chiptop0/system/uartClockDomainWrapper/uart_0/txq/ram_ext/Memory_reg_0_7_0_7/ADDRH4
chiptop0/system/uartClockDomainWrapper/uart_0/txq/ram_ext/Memory_reg_0_7_0_7/DIA0
chiptop0/system/uartClockDomainWrapper/uart_0/txq/ram_ext/Memory_reg_0_7_0_7/DIA1
chiptop0/system/uartClockDomainWrapper/uart_0/txq/ram_ext/Memory_reg_0_7_0_7/DIB0
chiptop0/system/uartClockDomainWrapper/uart_0/txq/ram_ext/Memory_reg_0_7_0_7/DIB1
chiptop0/system/uartClockDomainWrapper/uart_0/txq/ram_ext/Memory_reg_0_7_0_7/DIC0
chiptop0/system/uartClockDomainWrapper/uart_0/txq/ram_ext/Memory_reg_0_7_0_7/DIC1
chiptop0/system/uartClockDomainWrapper/uart_0/txq/ram_ext/Memory_reg_0_7_0_7/DID0
chiptop0/system/uartClockDomainWrapper/uart_0/txq/ram_ext/Memory_reg_0_7_0_7/DID1
chiptop0/system/uartClockDomainWrapper/uart_0/txq/ram_ext/Memory_reg_0_7_0_7/DIE0
chiptop0/system/uartClockDomainWrapper/uart_0/txq/ram_ext/Memory_reg_0_7_0_7/DIE1
chiptop0/system/uartClockDomainWrapper/uart_0/txq/ram_ext/Memory_reg_0_7_0_7/DIF0
chiptop0/system/uartClockDomainWrapper/uart_0/txq/ram_ext/Memory_reg_0_7_0_7/DIF1
chiptop0/system/uartClockDomainWrapper/uart_0/txq/ram_ext/Memory_reg_0_7_0_7/DIG0
chiptop0/system/uartClockDomainWrapper/uart_0/txq/ram_ext/Memory_reg_0_7_0_7/DIG1
chiptop0/system/uartClockDomainWrapper/uart_0/txq/ram_ext/Memory_reg_0_7_0_7/DIH0
chiptop0/system/uartClockDomainWrapper/uart_0/txq/ram_ext/Memory_reg_0_7_0_7/DIH1
chiptop0/system/uartClockDomainWrapper/uart_0/txq/ram_ext/Memory_reg_0_7_0_7/DOA0
chiptop0/system/uartClockDomainWrapper/uart_0/txq/ram_ext/Memory_reg_0_7_0_7/DOA1
chiptop0/system/uartClockDomainWrapper/uart_0/txq/ram_ext/Memory_reg_0_7_0_7/DOB0
chiptop0/system/uartClockDomainWrapper/uart_0/txq/ram_ext/Memory_reg_0_7_0_7/DOB1
chiptop0/system/uartClockDomainWrapper/uart_0/txq/ram_ext/Memory_reg_0_7_0_7/DOC0
chiptop0/system/uartClockDomainWrapper/uart_0/txq/ram_ext/Memory_reg_0_7_0_7/DOC1
chiptop0/system/uartClockDomainWrapper/uart_0/txq/ram_ext/Memory_reg_0_7_0_7/DOD0
chiptop0/system/uartClockDomainWrapper/uart_0/txq/ram_ext/Memory_reg_0_7_0_7/DOD1
chiptop0/system/uartClockDomainWrapper/uart_0/txq/ram_ext/Memory_reg_0_7_0_7/DOE0
chiptop0/system/uartClockDomainWrapper/uart_0/txq/ram_ext/Memory_reg_0_7_0_7/DOE1
chiptop0/system/uartClockDomainWrapper/uart_0/txq/ram_ext/Memory_reg_0_7_0_7/DOF0
chiptop0/system/uartClockDomainWrapper/uart_0/txq/ram_ext/Memory_reg_0_7_0_7/DOF1
chiptop0/system/uartClockDomainWrapper/uart_0/txq/ram_ext/Memory_reg_0_7_0_7/DOG0
chiptop0/system/uartClockDomainWrapper/uart_0/txq/ram_ext/Memory_reg_0_7_0_7/DOG1
chiptop0/system/uartClockDomainWrapper/uart_0/txq/ram_ext/Memory_reg_0_7_0_7/DOH0
chiptop0/system/uartClockDomainWrapper/uart_0/txq/ram_ext/Memory_reg_0_7_0_7/DOH1
chiptop0/system/uartClockDomainWrapper/uart_0/txq/ram_ext/Memory_reg_0_7_0_7/WCLK
chiptop0/system/uartClockDomainWrapper/uart_0/txq/ram_ext/Memory_reg_0_7_0_7/WE
chiptop0/system/uartClockDomainWrapper/uart_0/txq/ram_ext/Q[0]
chiptop0/system/uartClockDomainWrapper/uart_0/txq/ram_ext/Q[1]
chiptop0/system/uartClockDomainWrapper/uart_0/txq/ram_ext/Q[2]
chiptop0/system/uartClockDomainWrapper/uart_0/txq/ram_ext/R0_data0[0]
chiptop0/system/uartClockDomainWrapper/uart_0/txq/ram_ext/R0_data0[1]
chiptop0/system/uartClockDomainWrapper/uart_0/txq/ram_ext/R0_data0[2]
chiptop0/system/uartClockDomainWrapper/uart_0/txq/ram_ext/R0_data0[3]
chiptop0/system/uartClockDomainWrapper/uart_0/txq/ram_ext/R0_data0[4]
chiptop0/system/uartClockDomainWrapper/uart_0/txq/ram_ext/R0_data0[5]
chiptop0/system/uartClockDomainWrapper/uart_0/txq/ram_ext/R0_data0[6]
chiptop0/system/uartClockDomainWrapper/uart_0/txq/ram_ext/R0_data0[7]
chiptop0/system/uartClockDomainWrapper/uart_0/txq/ram_ext/R0_data0_0[0]
chiptop0/system/uartClockDomainWrapper/uart_0/txq/ram_ext/R0_data0_0[1]
chiptop0/system/uartClockDomainWrapper/uart_0/txq/ram_ext/R0_data0_0[2]
chiptop0/system/uartClockDomainWrapper/uart_0/txq/ram_ext/R0_data0_0[3]
chiptop0/system/uartClockDomainWrapper/uart_0/txq/ram_ext/R0_data0_0[4]
chiptop0/system/uartClockDomainWrapper/uart_0/txq/ram_ext/R0_data0_0[5]
chiptop0/system/uartClockDomainWrapper/uart_0/txq/ram_ext/R0_data0_0[6]
chiptop0/system/uartClockDomainWrapper/uart_0/txq/ram_ext/R0_data0_0[7]
chiptop0/system/uartClockDomainWrapper/uart_0/txq/ram_ext/clk_out1
chiptop0/system/uartClockDomainWrapper/uart_0/txq/ram_ext/do_enq
chiptop0/system/uartClockDomainWrapper/uart_0/txq/ram_ext/shifter_reg[2][0]
chiptop0/system/uartClockDomainWrapper/uart_0/txq/ram_ext/shifter_reg[2][1]
chiptop0/system/uartClockDomainWrapper/uart_0/txq/ram_ext/shifter_reg[2][2]
chiptop0/system/uartClockDomainWrapper/uart_0/txq/reg_0_i_6_n_0
chiptop0/system/uartClockDomainWrapper/uart_0/txq/reg_0_i_7_n_0
chiptop0/system/uartClockDomainWrapper/uart_0/txq/reg_0_reg[0]
chiptop0/system/uartClockDomainWrapper/uart_0/txq/reg_0_reg[1]
chiptop0/system/uartClockDomainWrapper/uart_0/txq/reg_0_reg[2]
chiptop0/system/uartClockDomainWrapper/uart_0/txq/reg_0_reg[3]
chiptop0/system/uartClockDomainWrapper/uart_0/txq/txwm_reg[3]
chiptop0/system/uart_0/txq/do_enq

UART_RXQ pattern=*uart*rxq* count=188
chiptop0/system/pbus/coupler_to_device_named_uart_0/_rxq_io_deq_bits[0]
chiptop0/system/pbus/coupler_to_device_named_uart_0/_rxq_io_deq_bits[1]
chiptop0/system/pbus/coupler_to_device_named_uart_0/fragmenter/_rxq_io_deq_bits[0]
chiptop0/system/pbus/coupler_to_device_named_uart_0/fragmenter/_rxq_io_deq_bits[1]
chiptop0/system/pbus/coupler_to_device_named_uart_0/fragmenter/repeater/_rxq_io_deq_bits[0]
chiptop0/system/pbus/coupler_to_device_named_uart_0/fragmenter/repeater/_rxq_io_deq_bits[1]
chiptop0/system/uartClockDomainWrapper/_rxq_io_deq_bits[0]
chiptop0/system/uartClockDomainWrapper/_rxq_io_deq_bits[1]
chiptop0/system/uartClockDomainWrapper/_rxq_io_deq_bits[2]
chiptop0/system/uartClockDomainWrapper/_rxq_io_deq_bits[3]
chiptop0/system/uartClockDomainWrapper/_rxq_io_deq_bits[4]
chiptop0/system/uartClockDomainWrapper/_rxq_io_deq_bits[5]
chiptop0/system/uartClockDomainWrapper/_rxq_io_deq_bits[6]
chiptop0/system/uartClockDomainWrapper/_rxq_io_deq_bits[7]
chiptop0/system/uartClockDomainWrapper/uart_0/_rxq_io_deq_bits[0]
chiptop0/system/uartClockDomainWrapper/uart_0/_rxq_io_deq_bits[1]
chiptop0/system/uartClockDomainWrapper/uart_0/_rxq_io_deq_bits[2]
chiptop0/system/uartClockDomainWrapper/uart_0/_rxq_io_deq_bits[3]
chiptop0/system/uartClockDomainWrapper/uart_0/_rxq_io_deq_bits[4]
chiptop0/system/uartClockDomainWrapper/uart_0/_rxq_io_deq_bits[5]
chiptop0/system/uartClockDomainWrapper/uart_0/_rxq_io_deq_bits[6]
chiptop0/system/uartClockDomainWrapper/uart_0/_rxq_io_deq_bits[7]
chiptop0/system/uartClockDomainWrapper/uart_0/rxq/<const1>
chiptop0/system/uartClockDomainWrapper/uart_0/rxq/Memory_reg_0_1_42_55_i_26__1[0]
chiptop0/system/uartClockDomainWrapper/uart_0/rxq/Memory_reg_0_1_42_55_i_26__1[1]
chiptop0/system/uartClockDomainWrapper/uart_0/rxq/Memory_reg_0_1_42_55_i_26__1[2]
chiptop0/system/uartClockDomainWrapper/uart_0/rxq/Memory_reg_0_1_42_55_i_26__1[3]
chiptop0/system/uartClockDomainWrapper/uart_0/rxq/Memory_reg_0_1_42_55_i_26__1[4]
chiptop0/system/uartClockDomainWrapper/uart_0/rxq/Memory_reg_0_1_42_55_i_26__1[5]
chiptop0/system/uartClockDomainWrapper/uart_0/rxq/Memory_reg_0_1_42_55_i_26__1[6]
chiptop0/system/uartClockDomainWrapper/uart_0/rxq/Memory_reg_0_1_42_55_i_26__1[7]
chiptop0/system/uartClockDomainWrapper/uart_0/rxq/Memory_reg_0_1_70_77_i_7
chiptop0/system/uartClockDomainWrapper/uart_0/rxq/_rxm_io_out_valid
chiptop0/system/uartClockDomainWrapper/uart_0/rxq/_rxq_io_deq_bits[0]
chiptop0/system/uartClockDomainWrapper/uart_0/rxq/_rxq_io_deq_bits[1]
chiptop0/system/uartClockDomainWrapper/uart_0/rxq/_rxq_io_deq_bits[2]
chiptop0/system/uartClockDomainWrapper/uart_0/rxq/_rxq_io_deq_bits[3]
chiptop0/system/uartClockDomainWrapper/uart_0/rxq/_rxq_io_deq_bits[4]
chiptop0/system/uartClockDomainWrapper/uart_0/rxq/_rxq_io_deq_bits[5]
chiptop0/system/uartClockDomainWrapper/uart_0/rxq/_rxq_io_deq_bits[6]
chiptop0/system/uartClockDomainWrapper/uart_0/rxq/_rxq_io_deq_bits[7]
chiptop0/system/uartClockDomainWrapper/uart_0/rxq/_sbus_auto_fixedClockNode_anon_out_1_reset
chiptop0/system/uartClockDomainWrapper/uart_0/rxq/_uartClockDomainWrapper_auto_uart_0_control_xing_in_d_bits_opcode[0]
chiptop0/system/uartClockDomainWrapper/uart_0/rxq/clk_out1
chiptop0/system/uartClockDomainWrapper/uart_0/rxq/deq_ptr_value[1]_i_1__1_n_0
chiptop0/system/uartClockDomainWrapper/uart_0/rxq/deq_ptr_value[2]_i_2__0_n_0
chiptop0/system/uartClockDomainWrapper/uart_0/rxq/deq_ptr_value_reg[2]_0[0]
chiptop0/system/uartClockDomainWrapper/uart_0/rxq/deq_ptr_value_reg_n_0_[0]
chiptop0/system/uartClockDomainWrapper/uart_0/rxq/deq_ptr_value_reg_n_0_[1]
chiptop0/system/uartClockDomainWrapper/uart_0/rxq/deq_ptr_value_reg_n_0_[2]
chiptop0/system/uartClockDomainWrapper/uart_0/rxq/do_enq
chiptop0/system/uartClockDomainWrapper/uart_0/rxq/enq_ptr_value[0]_i_1__2_n_0
chiptop0/system/uartClockDomainWrapper/uart_0/rxq/enq_ptr_value[1]_i_1__1_n_0
chiptop0/system/uartClockDomainWrapper/uart_0/rxq/enq_ptr_value[2]_i_2__0_n_0
chiptop0/system/uartClockDomainWrapper/uart_0/rxq/enq_ptr_value_reg_n_0_[0]
chiptop0/system/uartClockDomainWrapper/uart_0/rxq/enq_ptr_value_reg_n_0_[1]
chiptop0/system/uartClockDomainWrapper/uart_0/rxq/enq_ptr_value_reg_n_0_[2]
chiptop0/system/uartClockDomainWrapper/uart_0/rxq/ie_rxwm
chiptop0/system/uartClockDomainWrapper/uart_0/rxq/ie_rxwm_reg
chiptop0/system/uartClockDomainWrapper/uart_0/rxq/ie_txwm
chiptop0/system/uartClockDomainWrapper/uart_0/rxq/maybe_full
chiptop0/system/uartClockDomainWrapper/uart_0/rxq/maybe_full_i_1__17_n_0
chiptop0/system/uartClockDomainWrapper/uart_0/rxq/maybe_full_reg_0
chiptop0/system/uartClockDomainWrapper/uart_0/rxq/maybe_full_reg_1
chiptop0/system/uartClockDomainWrapper/uart_0/rxq/maybe_full_reg_2
chiptop0/system/uartClockDomainWrapper/uart_0/rxq/maybe_full_reg_3
chiptop0/system/uartClockDomainWrapper/uart_0/rxq/maybe_full_reg_4
chiptop0/system/uartClockDomainWrapper/uart_0/rxq/p_0_in[0]
chiptop0/system/uartClockDomainWrapper/uart_0/rxq/ram_ext/<const0>
chiptop0/system/uartClockDomainWrapper/uart_0/rxq/ram_ext/E[0]
chiptop0/system/uartClockDomainWrapper/uart_0/rxq/ram_ext/Memory_reg_0_1_42_55_i_26__1[0]
chiptop0/system/uartClockDomainWrapper/uart_0/rxq/ram_ext/Memory_reg_0_1_42_55_i_26__1[1]
chiptop0/system/uartClockDomainWrapper/uart_0/rxq/ram_ext/Memory_reg_0_1_42_55_i_26__1[2]
chiptop0/system/uartClockDomainWrapper/uart_0/rxq/ram_ext/Memory_reg_0_1_42_55_i_26__1[3]
chiptop0/system/uartClockDomainWrapper/uart_0/rxq/ram_ext/Memory_reg_0_1_42_55_i_26__1[4]
chiptop0/system/uartClockDomainWrapper/uart_0/rxq/ram_ext/Memory_reg_0_1_42_55_i_26__1[5]
chiptop0/system/uartClockDomainWrapper/uart_0/rxq/ram_ext/Memory_reg_0_1_42_55_i_26__1[6]
chiptop0/system/uartClockDomainWrapper/uart_0/rxq/ram_ext/Memory_reg_0_1_42_55_i_26__1[7]
chiptop0/system/uartClockDomainWrapper/uart_0/rxq/ram_ext/Memory_reg_0_7_0_7/ADDRA0
chiptop0/system/uartClockDomainWrapper/uart_0/rxq/ram_ext/Memory_reg_0_7_0_7/ADDRA1
chiptop0/system/uartClockDomainWrapper/uart_0/rxq/ram_ext/Memory_reg_0_7_0_7/ADDRA2
chiptop0/system/uartClockDomainWrapper/uart_0/rxq/ram_ext/Memory_reg_0_7_0_7/ADDRA3
chiptop0/system/uartClockDomainWrapper/uart_0/rxq/ram_ext/Memory_reg_0_7_0_7/ADDRA4
chiptop0/system/uartClockDomainWrapper/uart_0/rxq/ram_ext/Memory_reg_0_7_0_7/ADDRB0
chiptop0/system/uartClockDomainWrapper/uart_0/rxq/ram_ext/Memory_reg_0_7_0_7/ADDRB1
chiptop0/system/uartClockDomainWrapper/uart_0/rxq/ram_ext/Memory_reg_0_7_0_7/ADDRB2
chiptop0/system/uartClockDomainWrapper/uart_0/rxq/ram_ext/Memory_reg_0_7_0_7/ADDRB3
chiptop0/system/uartClockDomainWrapper/uart_0/rxq/ram_ext/Memory_reg_0_7_0_7/ADDRB4
chiptop0/system/uartClockDomainWrapper/uart_0/rxq/ram_ext/Memory_reg_0_7_0_7/ADDRC0
chiptop0/system/uartClockDomainWrapper/uart_0/rxq/ram_ext/Memory_reg_0_7_0_7/ADDRC1
chiptop0/system/uartClockDomainWrapper/uart_0/rxq/ram_ext/Memory_reg_0_7_0_7/ADDRC2
chiptop0/system/uartClockDomainWrapper/uart_0/rxq/ram_ext/Memory_reg_0_7_0_7/ADDRC3
chiptop0/system/uartClockDomainWrapper/uart_0/rxq/ram_ext/Memory_reg_0_7_0_7/ADDRC4
chiptop0/system/uartClockDomainWrapper/uart_0/rxq/ram_ext/Memory_reg_0_7_0_7/ADDRD0
chiptop0/system/uartClockDomainWrapper/uart_0/rxq/ram_ext/Memory_reg_0_7_0_7/ADDRD1
chiptop0/system/uartClockDomainWrapper/uart_0/rxq/ram_ext/Memory_reg_0_7_0_7/ADDRD2
chiptop0/system/uartClockDomainWrapper/uart_0/rxq/ram_ext/Memory_reg_0_7_0_7/ADDRD3
chiptop0/system/uartClockDomainWrapper/uart_0/rxq/ram_ext/Memory_reg_0_7_0_7/ADDRD4
chiptop0/system/uartClockDomainWrapper/uart_0/rxq/ram_ext/Memory_reg_0_7_0_7/ADDRE0
chiptop0/system/uartClockDomainWrapper/uart_0/rxq/ram_ext/Memory_reg_0_7_0_7/ADDRE1
chiptop0/system/uartClockDomainWrapper/uart_0/rxq/ram_ext/Memory_reg_0_7_0_7/ADDRE2
chiptop0/system/uartClockDomainWrapper/uart_0/rxq/ram_ext/Memory_reg_0_7_0_7/ADDRE3
chiptop0/system/uartClockDomainWrapper/uart_0/rxq/ram_ext/Memory_reg_0_7_0_7/ADDRE4
chiptop0/system/uartClockDomainWrapper/uart_0/rxq/ram_ext/Memory_reg_0_7_0_7/ADDRF0
chiptop0/system/uartClockDomainWrapper/uart_0/rxq/ram_ext/Memory_reg_0_7_0_7/ADDRF1
chiptop0/system/uartClockDomainWrapper/uart_0/rxq/ram_ext/Memory_reg_0_7_0_7/ADDRF2
chiptop0/system/uartClockDomainWrapper/uart_0/rxq/ram_ext/Memory_reg_0_7_0_7/ADDRF3
chiptop0/system/uartClockDomainWrapper/uart_0/rxq/ram_ext/Memory_reg_0_7_0_7/ADDRF4
chiptop0/system/uartClockDomainWrapper/uart_0/rxq/ram_ext/Memory_reg_0_7_0_7/ADDRG0
chiptop0/system/uartClockDomainWrapper/uart_0/rxq/ram_ext/Memory_reg_0_7_0_7/ADDRG1
chiptop0/system/uartClockDomainWrapper/uart_0/rxq/ram_ext/Memory_reg_0_7_0_7/ADDRG2
chiptop0/system/uartClockDomainWrapper/uart_0/rxq/ram_ext/Memory_reg_0_7_0_7/ADDRG3
chiptop0/system/uartClockDomainWrapper/uart_0/rxq/ram_ext/Memory_reg_0_7_0_7/ADDRG4
chiptop0/system/uartClockDomainWrapper/uart_0/rxq/ram_ext/Memory_reg_0_7_0_7/ADDRH0
chiptop0/system/uartClockDomainWrapper/uart_0/rxq/ram_ext/Memory_reg_0_7_0_7/ADDRH1
chiptop0/system/uartClockDomainWrapper/uart_0/rxq/ram_ext/Memory_reg_0_7_0_7/ADDRH2
chiptop0/system/uartClockDomainWrapper/uart_0/rxq/ram_ext/Memory_reg_0_7_0_7/ADDRH3
chiptop0/system/uartClockDomainWrapper/uart_0/rxq/ram_ext/Memory_reg_0_7_0_7/ADDRH4
chiptop0/system/uartClockDomainWrapper/uart_0/rxq/ram_ext/Memory_reg_0_7_0_7/DIA0
chiptop0/system/uartClockDomainWrapper/uart_0/rxq/ram_ext/Memory_reg_0_7_0_7/DIA1
chiptop0/system/uartClockDomainWrapper/uart_0/rxq/ram_ext/Memory_reg_0_7_0_7/DIB0
chiptop0/system/uartClockDomainWrapper/uart_0/rxq/ram_ext/Memory_reg_0_7_0_7/DIB1
chiptop0/system/uartClockDomainWrapper/uart_0/rxq/ram_ext/Memory_reg_0_7_0_7/DIC0
chiptop0/system/uartClockDomainWrapper/uart_0/rxq/ram_ext/Memory_reg_0_7_0_7/DIC1
chiptop0/system/uartClockDomainWrapper/uart_0/rxq/ram_ext/Memory_reg_0_7_0_7/DID0
chiptop0/system/uartClockDomainWrapper/uart_0/rxq/ram_ext/Memory_reg_0_7_0_7/DID1
chiptop0/system/uartClockDomainWrapper/uart_0/rxq/ram_ext/Memory_reg_0_7_0_7/DIE0
chiptop0/system/uartClockDomainWrapper/uart_0/rxq/ram_ext/Memory_reg_0_7_0_7/DIE1
chiptop0/system/uartClockDomainWrapper/uart_0/rxq/ram_ext/Memory_reg_0_7_0_7/DIF0
chiptop0/system/uartClockDomainWrapper/uart_0/rxq/ram_ext/Memory_reg_0_7_0_7/DIF1
chiptop0/system/uartClockDomainWrapper/uart_0/rxq/ram_ext/Memory_reg_0_7_0_7/DIG0
chiptop0/system/uartClockDomainWrapper/uart_0/rxq/ram_ext/Memory_reg_0_7_0_7/DIG1
chiptop0/system/uartClockDomainWrapper/uart_0/rxq/ram_ext/Memory_reg_0_7_0_7/DIH0
chiptop0/system/uartClockDomainWrapper/uart_0/rxq/ram_ext/Memory_reg_0_7_0_7/DIH1
chiptop0/system/uartClockDomainWrapper/uart_0/rxq/ram_ext/Memory_reg_0_7_0_7/DOA0
chiptop0/system/uartClockDomainWrapper/uart_0/rxq/ram_ext/Memory_reg_0_7_0_7/DOA1
chiptop0/system/uartClockDomainWrapper/uart_0/rxq/ram_ext/Memory_reg_0_7_0_7/DOB0
chiptop0/system/uartClockDomainWrapper/uart_0/rxq/ram_ext/Memory_reg_0_7_0_7/DOB1
chiptop0/system/uartClockDomainWrapper/uart_0/rxq/ram_ext/Memory_reg_0_7_0_7/DOC0
chiptop0/system/uartClockDomainWrapper/uart_0/rxq/ram_ext/Memory_reg_0_7_0_7/DOC1
chiptop0/system/uartClockDomainWrapper/uart_0/rxq/ram_ext/Memory_reg_0_7_0_7/DOD0
chiptop0/system/uartClockDomainWrapper/uart_0/rxq/ram_ext/Memory_reg_0_7_0_7/DOD1
chiptop0/system/uartClockDomainWrapper/uart_0/rxq/ram_ext/Memory_reg_0_7_0_7/DOE0
chiptop0/system/uartClockDomainWrapper/uart_0/rxq/ram_ext/Memory_reg_0_7_0_7/DOE1
chiptop0/system/uartClockDomainWrapper/uart_0/rxq/ram_ext/Memory_reg_0_7_0_7/DOF0
chiptop0/system/uartClockDomainWrapper/uart_0/rxq/ram_ext/Memory_reg_0_7_0_7/DOF1
chiptop0/system/uartClockDomainWrapper/uart_0/rxq/ram_ext/Memory_reg_0_7_0_7/DOG0
chiptop0/system/uartClockDomainWrapper/uart_0/rxq/ram_ext/Memory_reg_0_7_0_7/DOG1
chiptop0/system/uartClockDomainWrapper/uart_0/rxq/ram_ext/Memory_reg_0_7_0_7/DOH0
chiptop0/system/uartClockDomainWrapper/uart_0/rxq/ram_ext/Memory_reg_0_7_0_7/DOH1
chiptop0/system/uartClockDomainWrapper/uart_0/rxq/ram_ext/Memory_reg_0_7_0_7/WCLK
chiptop0/system/uartClockDomainWrapper/uart_0/rxq/ram_ext/Memory_reg_0_7_0_7/WE
chiptop0/system/uartClockDomainWrapper/uart_0/rxq/ram_ext/Q[0]
chiptop0/system/uartClockDomainWrapper/uart_0/rxq/ram_ext/Q[1]
chiptop0/system/uartClockDomainWrapper/uart_0/rxq/ram_ext/Q[2]
chiptop0/system/uartClockDomainWrapper/uart_0/rxq/ram_ext/_rxm_io_out_valid
chiptop0/system/uartClockDomainWrapper/uart_0/rxq/ram_ext/_rxq_io_deq_bits[0]
chiptop0/system/uartClockDomainWrapper/uart_0/rxq/ram_ext/_rxq_io_deq_bits[1]
chiptop0/system/uartClockDomainWrapper/uart_0/rxq/ram_ext/_rxq_io_deq_bits[2]
chiptop0/system/uartClockDomainWrapper/uart_0/rxq/ram_ext/_rxq_io_deq_bits[3]
chiptop0/system/uartClockDomainWrapper/uart_0/rxq/ram_ext/_rxq_io_deq_bits[4]
chiptop0/system/uartClockDomainWrapper/uart_0/rxq/ram_ext/_rxq_io_deq_bits[5]
chiptop0/system/uartClockDomainWrapper/uart_0/rxq/ram_ext/_rxq_io_deq_bits[6]
chiptop0/system/uartClockDomainWrapper/uart_0/rxq/ram_ext/_rxq_io_deq_bits[7]
chiptop0/system/uartClockDomainWrapper/uart_0/rxq/ram_ext/clk_out1
chiptop0/system/uartClockDomainWrapper/uart_0/rxq/ram_ext/enq_ptr_value_reg[0]
chiptop0/system/uartClockDomainWrapper/uart_0/rxq/ram_ext/enq_ptr_value_reg[0]_0[0]
chiptop0/system/uartClockDomainWrapper/uart_0/rxq/ram_ext/enq_ptr_value_reg[0]_0[1]
chiptop0/system/uartClockDomainWrapper/uart_0/rxq/ram_ext/enq_ptr_value_reg[0]_0[2]
chiptop0/system/uartClockDomainWrapper/uart_0/rxq/ram_ext/maybe_full
chiptop0/system/uartClockDomainWrapper/uart_0/rxq/ram_ext_n_9
chiptop0/system/uartClockDomainWrapper/uart_0/rxq/reg_0_i_4_n_0
chiptop0/system/uartClockDomainWrapper/uart_0/rxq/reg_0_i_5_n_0
chiptop0/system/uartClockDomainWrapper/uart_0/rxq/reg_0_reg
chiptop0/system/uartClockDomainWrapper/uart_0/rxq/reg_0_reg_0[0]
chiptop0/system/uartClockDomainWrapper/uart_0/rxq/reg_0_reg_0[1]
chiptop0/system/uartClockDomainWrapper/uart_0/rxq/reg_0_reg_0[2]
chiptop0/system/uartClockDomainWrapper/uart_0/rxq/reg_0_reg_0[3]
chiptop0/system/uartClockDomainWrapper/uart_0/rxq_n_9
chiptop0/system/uart_0/_rxq_io_deq_bits[0]
chiptop0/system/uart_0/_rxq_io_deq_bits[1]
chiptop0/system/uart_0/_rxq_io_deq_bits[2]
chiptop0/system/uart_0/_rxq_io_deq_bits[3]
chiptop0/system/uart_0/_rxq_io_deq_bits[4]
chiptop0/system/uart_0/_rxq_io_deq_bits[5]
chiptop0/system/uart_0/_rxq_io_deq_bits[6]
chiptop0/system/uart_0/_rxq_io_deq_bits[7]
chiptop0/system/uart_0/rxq/do_deq

UART_TXD pattern=*uart*txd* count=8
chiptop0/system/uartClockDomainWrapper/uart_0/txm/uart_txd_OBUF
chiptop0/system/uartClockDomainWrapper/uart_0/uart_txd_OBUF
chiptop0/system/uartClockDomainWrapper/uart_txd_OBUF
chiptop0/system/uart_txd_OBUF
chiptop0/uart_txd_OBUF
uart_txd
uart_txd_OBUF
uart_txd_TRI

UART_RXD pattern=*uart*rxd* count=8
chiptop0/system/uartClockDomainWrapper/auto_io_out_rxd
chiptop0/system/uartClockDomainWrapper/uart_0/auto_io_out_rxd
chiptop0/system/uartClockDomainWrapper/uart_0/rxm/auto_io_out_rxd
uart_rxd
uart_rxd_IBUF
uart_rxd_IBUF_inst/I
uart_rxd_IBUF_inst/O
uart_rxd_IBUF_inst/OUT

UART_CONTROL_XING pattern=*uart*control_xing* count=33
chiptop0/system/_pbus_auto_coupler_to_device_named_uart_0_control_xing_out_a_bits_data[10]
chiptop0/system/_pbus_auto_coupler_to_device_named_uart_0_control_xing_out_a_bits_data[11]
chiptop0/system/_pbus_auto_coupler_to_device_named_uart_0_control_xing_out_a_bits_data[12]
chiptop0/system/_pbus_auto_coupler_to_device_named_uart_0_control_xing_out_a_bits_data[13]
chiptop0/system/_pbus_auto_coupler_to_device_named_uart_0_control_xing_out_a_bits_data[14]
chiptop0/system/_pbus_auto_coupler_to_device_named_uart_0_control_xing_out_a_bits_data[15]
chiptop0/system/_pbus_auto_coupler_to_device_named_uart_0_control_xing_out_a_bits_data[8]
chiptop0/system/_pbus_auto_coupler_to_device_named_uart_0_control_xing_out_a_bits_data[9]
chiptop0/system/_uartClockDomainWrapper_auto_uart_0_control_xing_in_d_bits_opcode[0]
chiptop0/system/pbus/_uartClockDomainWrapper_auto_uart_0_control_xing_in_d_bits_data[0]
chiptop0/system/pbus/_uartClockDomainWrapper_auto_uart_0_control_xing_in_d_bits_data[1]
chiptop0/system/pbus/_uartClockDomainWrapper_auto_uart_0_control_xing_in_d_bits_data[32]
chiptop0/system/pbus/_uartClockDomainWrapper_auto_uart_0_control_xing_in_d_bits_opcode[0]
chiptop0/system/pbus/coupler_to_device_named_gpio_0/_uartClockDomainWrapper_auto_uart_0_control_xing_in_d_bits_data[0]
chiptop0/system/pbus/coupler_to_device_named_gpio_0/fragmenter/_uartClockDomainWrapper_auto_uart_0_control_xing_in_d_bits_data[0]
chiptop0/system/pbus/coupler_to_device_named_gpio_0/fragmenter/repeater/_uartClockDomainWrapper_auto_uart_0_control_xing_in_d_bits_data[0]
chiptop0/system/pbus/coupler_to_device_named_uart_0/_uartClockDomainWrapper_auto_uart_0_control_xing_in_d_bits_data[0]
chiptop0/system/pbus/coupler_to_device_named_uart_0/_uartClockDomainWrapper_auto_uart_0_control_xing_in_d_bits_data[1]
chiptop0/system/pbus/coupler_to_device_named_uart_0/_uartClockDomainWrapper_auto_uart_0_control_xing_in_d_bits_data[2]
chiptop0/system/pbus/coupler_to_device_named_uart_0/fragmenter/_uartClockDomainWrapper_auto_uart_0_control_xing_in_d_bits_data[0]
chiptop0/system/pbus/coupler_to_device_named_uart_0/fragmenter/_uartClockDomainWrapper_auto_uart_0_control_xing_in_d_bits_data[1]
chiptop0/system/pbus/coupler_to_device_named_uart_0/fragmenter/_uartClockDomainWrapper_auto_uart_0_control_xing_in_d_bits_data[2]
chiptop0/system/pbus/coupler_to_device_named_uart_0/fragmenter/repeater/_pbus_auto_coupler_to_device_named_uart_0_control_xing_out_a_bits_address[3]
chiptop0/system/pbus/coupler_to_device_named_uart_0/fragmenter/repeater/_pbus_auto_coupler_to_device_named_uart_0_control_xing_out_a_bits_address[4]
chiptop0/system/pbus/coupler_to_device_named_uart_0/fragmenter/repeater/_pbus_auto_coupler_to_device_named_uart_0_control_xing_out_a_bits_opcode[2]
chiptop0/system/pbus/coupler_to_device_named_uart_0/fragmenter/repeater/_uartClockDomainWrapper_auto_uart_0_control_xing_in_d_bits_data[0]
chiptop0/system/pbus/coupler_to_device_named_uart_0/fragmenter/repeater/_uartClockDomainWrapper_auto_uart_0_control_xing_in_d_bits_data[1]
chiptop0/system/pbus/coupler_to_device_named_uart_0/fragmenter/repeater/_uartClockDomainWrapper_auto_uart_0_control_xing_in_d_bits_data[2]
chiptop0/system/pbus/out_xbar/_uartClockDomainWrapper_auto_uart_0_control_xing_in_d_bits_data[0]
chiptop0/system/pbus/out_xbar/_uartClockDomainWrapper_auto_uart_0_control_xing_in_d_bits_data[1]
chiptop0/system/uartClockDomainWrapper/_uartClockDomainWrapper_auto_uart_0_control_xing_in_d_bits_opcode[0]
chiptop0/system/uartClockDomainWrapper/uart_0/_uartClockDomainWrapper_auto_uart_0_control_xing_in_d_bits_opcode[0]
chiptop0/system/uartClockDomainWrapper/uart_0/rxq/_uartClockDomainWrapper_auto_uart_0_control_xing_in_d_bits_opcode[0]

UART_COUPLER pattern=*coupler_to_device_named_uart_0* count=345
chiptop0/system/_pbus_auto_coupler_to_device_named_uart_0_control_xing_out_a_bits_data[10]
chiptop0/system/_pbus_auto_coupler_to_device_named_uart_0_control_xing_out_a_bits_data[11]
chiptop0/system/_pbus_auto_coupler_to_device_named_uart_0_control_xing_out_a_bits_data[12]
chiptop0/system/_pbus_auto_coupler_to_device_named_uart_0_control_xing_out_a_bits_data[13]
chiptop0/system/_pbus_auto_coupler_to_device_named_uart_0_control_xing_out_a_bits_data[14]
chiptop0/system/_pbus_auto_coupler_to_device_named_uart_0_control_xing_out_a_bits_data[15]
chiptop0/system/_pbus_auto_coupler_to_device_named_uart_0_control_xing_out_a_bits_data[8]
chiptop0/system/_pbus_auto_coupler_to_device_named_uart_0_control_xing_out_a_bits_data[9]
chiptop0/system/pbus/coupler_to_device_named_uart_0/D[0]
chiptop0/system/pbus/coupler_to_device_named_uart_0/E[0]
chiptop0/system/pbus/coupler_to_device_named_uart_0/Memory_reg_0_1_14_27_i_2__6[0]
chiptop0/system/pbus/coupler_to_device_named_uart_0/Memory_reg_0_1_14_27_i_2__6[1]
chiptop0/system/pbus/coupler_to_device_named_uart_0/Memory_reg_0_1_42_55_i_15__3
chiptop0/system/pbus/coupler_to_device_named_uart_0/Memory_reg_0_1_42_55_i_6__5
chiptop0/system/pbus/coupler_to_device_named_uart_0/Memory_reg_0_1_42_55_i_6__5_0
chiptop0/system/pbus/coupler_to_device_named_uart_0/Q[0]
chiptop0/system/pbus/coupler_to_device_named_uart_0/_GEN[1]_66[0]
chiptop0/system/pbus/coupler_to_device_named_uart_0/_buffer_auto_out_a_bits_opcode[0]
chiptop0/system/pbus/coupler_to_device_named_uart_0/_buffer_auto_out_a_bits_opcode[1]
chiptop0/system/pbus/coupler_to_device_named_uart_0/_buffer_auto_out_a_bits_opcode[2]
chiptop0/system/pbus/coupler_to_device_named_uart_0/_buffer_auto_out_a_bits_source[0]
chiptop0/system/pbus/coupler_to_device_named_uart_0/_buffer_auto_out_a_bits_source[1]
chiptop0/system/pbus/coupler_to_device_named_uart_0/_buffer_auto_out_a_bits_source[2]
chiptop0/system/pbus/coupler_to_device_named_uart_0/_repeater_io_full
chiptop0/system/pbus/coupler_to_device_named_uart_0/_rxq_io_deq_bits[0]
chiptop0/system/pbus/coupler_to_device_named_uart_0/_rxq_io_deq_bits[1]
chiptop0/system/pbus/coupler_to_device_named_uart_0/_sbus_auto_fixedClockNode_anon_out_1_reset
chiptop0/system/pbus/coupler_to_device_named_uart_0/_uartClockDomainWrapper_auto_uart_0_control_xing_in_d_bits_data[0]
chiptop0/system/pbus/coupler_to_device_named_uart_0/_uartClockDomainWrapper_auto_uart_0_control_xing_in_d_bits_data[1]
chiptop0/system/pbus/coupler_to_device_named_uart_0/_uartClockDomainWrapper_auto_uart_0_control_xing_in_d_bits_data[2]
chiptop0/system/pbus/coupler_to_device_named_uart_0/acknum_reg[0]
chiptop0/system/pbus/coupler_to_device_named_uart_0/acknum_reg[0]_0
chiptop0/system/pbus/coupler_to_device_named_uart_0/acknum_reg[0]_1
chiptop0/system/pbus/coupler_to_device_named_uart_0/acknum_reg[0]_2
chiptop0/system/pbus/coupler_to_device_named_uart_0/acknum_reg[0]_3
chiptop0/system/pbus/coupler_to_device_named_uart_0/auto_anon_in_a_bits_mask[0]
chiptop0/system/pbus/coupler_to_device_named_uart_0/auto_anon_in_a_bits_mask[1]
chiptop0/system/pbus/coupler_to_device_named_uart_0/auto_anon_in_a_bits_mask[2]
chiptop0/system/pbus/coupler_to_device_named_uart_0/auto_anon_in_a_bits_mask[3]
chiptop0/system/pbus/coupler_to_device_named_uart_0/auto_anon_in_a_bits_mask[4]
chiptop0/system/pbus/coupler_to_device_named_uart_0/beatsLeft_reg[2]
chiptop0/system/pbus/coupler_to_device_named_uart_0/beatsLeft_reg[2]_0
chiptop0/system/pbus/coupler_to_device_named_uart_0/clk_out1
chiptop0/system/pbus/coupler_to_device_named_uart_0/dOrig_reg[0]
chiptop0/system/pbus/coupler_to_device_named_uart_0/dOrig_reg[2]
chiptop0/system/pbus/coupler_to_device_named_uart_0/deq_ptr_value_reg[2]
chiptop0/system/pbus/coupler_to_device_named_uart_0/deq_ptr_value_reg[2]_0
chiptop0/system/pbus/coupler_to_device_named_uart_0/fragmenter/<const0>
chiptop0/system/pbus/coupler_to_device_named_uart_0/fragmenter/D[0]
chiptop0/system/pbus/coupler_to_device_named_uart_0/fragmenter/E[0]
chiptop0/system/pbus/coupler_to_device_named_uart_0/fragmenter/Memory_reg_0_1_14_27_i_2__6[0]
chiptop0/system/pbus/coupler_to_device_named_uart_0/fragmenter/Memory_reg_0_1_14_27_i_2__6[1]
chiptop0/system/pbus/coupler_to_device_named_uart_0/fragmenter/Memory_reg_0_1_42_55_i_15__3
chiptop0/system/pbus/coupler_to_device_named_uart_0/fragmenter/Memory_reg_0_1_42_55_i_6__5
chiptop0/system/pbus/coupler_to_device_named_uart_0/fragmenter/Memory_reg_0_1_42_55_i_6__5_0
chiptop0/system/pbus/coupler_to_device_named_uart_0/fragmenter/Q[0]
chiptop0/system/pbus/coupler_to_device_named_uart_0/fragmenter/_GEN[1]_66[0]
chiptop0/system/pbus/coupler_to_device_named_uart_0/fragmenter/_GEN_1
chiptop0/system/pbus/coupler_to_device_named_uart_0/fragmenter/_buffer_auto_out_a_bits_opcode[0]
chiptop0/system/pbus/coupler_to_device_named_uart_0/fragmenter/_buffer_auto_out_a_bits_opcode[1]
chiptop0/system/pbus/coupler_to_device_named_uart_0/fragmenter/_buffer_auto_out_a_bits_opcode[2]
chiptop0/system/pbus/coupler_to_device_named_uart_0/fragmenter/_buffer_auto_out_a_bits_source[0]
chiptop0/system/pbus/coupler_to_device_named_uart_0/fragmenter/_buffer_auto_out_a_bits_source[1]
chiptop0/system/pbus/coupler_to_device_named_uart_0/fragmenter/_buffer_auto_out_a_bits_source[2]
chiptop0/system/pbus/coupler_to_device_named_uart_0/fragmenter/_rxq_io_deq_bits[0]
chiptop0/system/pbus/coupler_to_device_named_uart_0/fragmenter/_rxq_io_deq_bits[1]
chiptop0/system/pbus/coupler_to_device_named_uart_0/fragmenter/_sbus_auto_fixedClockNode_anon_out_1_reset
chiptop0/system/pbus/coupler_to_device_named_uart_0/fragmenter/_uartClockDomainWrapper_auto_uart_0_control_xing_in_d_bits_data[0]
chiptop0/system/pbus/coupler_to_device_named_uart_0/fragmenter/_uartClockDomainWrapper_auto_uart_0_control_xing_in_d_bits_data[1]
chiptop0/system/pbus/coupler_to_device_named_uart_0/fragmenter/_uartClockDomainWrapper_auto_uart_0_control_xing_in_d_bits_data[2]
chiptop0/system/pbus/coupler_to_device_named_uart_0/fragmenter/acknum_reg[0]_0
chiptop0/system/pbus/coupler_to_device_named_uart_0/fragmenter/acknum_reg[0]_1
chiptop0/system/pbus/coupler_to_device_named_uart_0/fragmenter/acknum_reg[0]_2
chiptop0/system/pbus/coupler_to_device_named_uart_0/fragmenter/acknum_reg[0]_3
chiptop0/system/pbus/coupler_to_device_named_uart_0/fragmenter/acknum_reg[0]_4
chiptop0/system/pbus/coupler_to_device_named_uart_0/fragmenter/acknum_reg_n_0_[0]
chiptop0/system/pbus/coupler_to_device_named_uart_0/fragmenter/acknum_reg_n_0_[1]
chiptop0/system/pbus/coupler_to_device_named_uart_0/fragmenter/acknum_reg_n_0_[2]
chiptop0/system/pbus/coupler_to_device_named_uart_0/fragmenter/auto_anon_in_a_bits_mask[0]
chiptop0/system/pbus/coupler_to_device_named_uart_0/fragmenter/auto_anon_in_a_bits_mask[1]
chiptop0/system/pbus/coupler_to_device_named_uart_0/fragmenter/auto_anon_in_a_bits_mask[2]
chiptop0/system/pbus/coupler_to_device_named_uart_0/fragmenter/auto_anon_in_a_bits_mask[3]
chiptop0/system/pbus/coupler_to_device_named_uart_0/fragmenter/auto_anon_in_a_bits_mask[4]
chiptop0/system/pbus/coupler_to_device_named_uart_0/fragmenter/beatsLeft[0]_i_6__0_n_0
chiptop0/system/pbus/coupler_to_device_named_uart_0/fragmenter/beatsLeft_reg[2]
chiptop0/system/pbus/coupler_to_device_named_uart_0/fragmenter/beatsLeft_reg[2]_0
chiptop0/system/pbus/coupler_to_device_named_uart_0/fragmenter/clk_out1
chiptop0/system/pbus/coupler_to_device_named_uart_0/fragmenter/dFirst_size0
chiptop0/system/pbus/coupler_to_device_named_uart_0/fragmenter/dOrig_reg[0]_0
chiptop0/system/pbus/coupler_to_device_named_uart_0/fragmenter/dOrig_reg[2]_0
chiptop0/system/pbus/coupler_to_device_named_uart_0/fragmenter/dOrig_reg_n_0_[0]
chiptop0/system/pbus/coupler_to_device_named_uart_0/fragmenter/dOrig_reg_n_0_[1]
chiptop0/system/pbus/coupler_to_device_named_uart_0/fragmenter/dOrig_reg_n_0_[2]
chiptop0/system/pbus/coupler_to_device_named_uart_0/fragmenter/deq_ptr_value_reg[2]
chiptop0/system/pbus/coupler_to_device_named_uart_0/fragmenter/deq_ptr_value_reg[2]_0
chiptop0/system/pbus/coupler_to_device_named_uart_0/fragmenter/full_reg
chiptop0/system/pbus/coupler_to_device_named_uart_0/fragmenter/full_reg_0
chiptop0/system/pbus/coupler_to_device_named_uart_0/fragmenter/full_reg_1
chiptop0/system/pbus/coupler_to_device_named_uart_0/fragmenter/full_reg_2[0]
chiptop0/system/pbus/coupler_to_device_named_uart_0/fragmenter/full_reg_3[0]
chiptop0/system/pbus/coupler_to_device_named_uart_0/fragmenter/full_reg_4[0]
chiptop0/system/pbus/coupler_to_device_named_uart_0/fragmenter/full_reg_5[0]
chiptop0/system/pbus/coupler_to_device_named_uart_0/fragmenter/full_reg_6
chiptop0/system/pbus/coupler_to_device_named_uart_0/fragmenter/full_reg_7
chiptop0/system/pbus/coupler_to_device_named_uart_0/fragmenter/full_reg_8
chiptop0/system/pbus/coupler_to_device_named_uart_0/fragmenter/gennum_reg[0]_0
chiptop0/system/pbus/coupler_to_device_named_uart_0/fragmenter/gennum_reg[1]_0
chiptop0/system/pbus/coupler_to_device_named_uart_0/fragmenter/gennum_reg[1]_1
chiptop0/system/pbus/coupler_to_device_named_uart_0/fragmenter/gennum_reg_n_0_[0]
chiptop0/system/pbus/coupler_to_device_named_uart_0/fragmenter/gennum_reg_n_0_[1]
chiptop0/system/pbus/coupler_to_device_named_uart_0/fragmenter/gennum_reg_n_0_[2]
chiptop0/system/pbus/coupler_to_device_named_uart_0/fragmenter/ie_rxwm
chiptop0/system/pbus/coupler_to_device_named_uart_0/fragmenter/ie_rxwm0
chiptop0/system/pbus/coupler_to_device_named_uart_0/fragmenter/ie_rxwm_reg
chiptop0/system/pbus/coupler_to_device_named_uart_0/fragmenter/ie_txwm
chiptop0/system/pbus/coupler_to_device_named_uart_0/fragmenter/io_enq_bits_size[0]
chiptop0/system/pbus/coupler_to_device_named_uart_0/fragmenter/io_enq_bits_size[1]
chiptop0/system/pbus/coupler_to_device_named_uart_0/fragmenter/io_enq_bits_size[2]
chiptop0/system/pbus/coupler_to_device_named_uart_0/fragmenter/nstop
chiptop0/system/pbus/coupler_to_device_named_uart_0/fragmenter/readys_mask_reg[1]
chiptop0/system/pbus/coupler_to_device_named_uart_0/fragmenter/readys_mask_reg[1]_0
chiptop0/system/pbus/coupler_to_device_named_uart_0/fragmenter/readys_mask_reg[1]_1
chiptop0/system/pbus/coupler_to_device_named_uart_0/fragmenter/repeater/<const0>
chiptop0/system/pbus/coupler_to_device_named_uart_0/fragmenter/repeater/<const1>
chiptop0/system/pbus/coupler_to_device_named_uart_0/fragmenter/repeater/D[0]
chiptop0/system/pbus/coupler_to_device_named_uart_0/fragmenter/repeater/D[1]
chiptop0/system/pbus/coupler_to_device_named_uart_0/fragmenter/repeater/D[2]
chiptop0/system/pbus/coupler_to_device_named_uart_0/fragmenter/repeater/Memory_reg_0_1_14_27_i_28_n_0
chiptop0/system/pbus/coupler_to_device_named_uart_0/fragmenter/repeater/Memory_reg_0_1_14_27_i_2__6[0]
chiptop0/system/pbus/coupler_to_device_named_uart_0/fragmenter/repeater/Memory_reg_0_1_14_27_i_2__6[1]
chiptop0/system/pbus/coupler_to_device_named_uart_0/fragmenter/repeater/Memory_reg_0_1_14_27_i_45_n_0
chiptop0/system/pbus/coupler_to_device_named_uart_0/fragmenter/repeater/Memory_reg_0_1_14_27_i_46__0_n_0
chiptop0/system/pbus/coupler_to_device_named_uart_0/fragmenter/repeater/Memory_reg_0_1_14_27_i_48__0_n_0
chiptop0/system/pbus/coupler_to_device_named_uart_0/fragmenter/repeater/Memory_reg_0_1_14_27_i_49_n_0
chiptop0/system/pbus/coupler_to_device_named_uart_0/fragmenter/repeater/Memory_reg_0_1_42_55_i_15__3
chiptop0/system/pbus/coupler_to_device_named_uart_0/fragmenter/repeater/Memory_reg_0_1_42_55_i_34__0_n_0
chiptop0/system/pbus/coupler_to_device_named_uart_0/fragmenter/repeater/Memory_reg_0_1_42_55_i_6__5
chiptop0/system/pbus/coupler_to_device_named_uart_0/fragmenter/repeater/Memory_reg_0_1_42_55_i_6__5_0
chiptop0/system/pbus/coupler_to_device_named_uart_0/fragmenter/repeater/Q[0]
chiptop0/system/pbus/coupler_to_device_named_uart_0/fragmenter/repeater/_GEN[1]_66[0]
chiptop0/system/pbus/coupler_to_device_named_uart_0/fragmenter/repeater/_buffer_auto_out_a_bits_opcode[0]
chiptop0/system/pbus/coupler_to_device_named_uart_0/fragmenter/repeater/_buffer_auto_out_a_bits_opcode[1]
chiptop0/system/pbus/coupler_to_device_named_uart_0/fragmenter/repeater/_buffer_auto_out_a_bits_opcode[2]
chiptop0/system/pbus/coupler_to_device_named_uart_0/fragmenter/repeater/_buffer_auto_out_a_bits_source[0]
chiptop0/system/pbus/coupler_to_device_named_uart_0/fragmenter/repeater/_buffer_auto_out_a_bits_source[1]
chiptop0/system/pbus/coupler_to_device_named_uart_0/fragmenter/repeater/_buffer_auto_out_a_bits_source[2]
chiptop0/system/pbus/coupler_to_device_named_uart_0/fragmenter/repeater/_pbus_auto_coupler_to_device_named_uart_0_control_xing_out_a_bits_address[3]
chiptop0/system/pbus/coupler_to_device_named_uart_0/fragmenter/repeater/_pbus_auto_coupler_to_device_named_uart_0_control_xing_out_a_bits_address[4]
chiptop0/system/pbus/coupler_to_device_named_uart_0/fragmenter/repeater/_pbus_auto_coupler_to_device_named_uart_0_control_xing_out_a_bits_opcode[2]
chiptop0/system/pbus/coupler_to_device_named_uart_0/fragmenter/repeater/_rxq_io_deq_bits[0]
chiptop0/system/pbus/coupler_to_device_named_uart_0/fragmenter/repeater/_rxq_io_deq_bits[1]
chiptop0/system/pbus/coupler_to_device_named_uart_0/fragmenter/repeater/_sbus_auto_fixedClockNode_anon_out_1_reset
chiptop0/system/pbus/coupler_to_device_named_uart_0/fragmenter/repeater/_uartClockDomainWrapper_auto_uart_0_control_xing_in_d_bits_data[0]
chiptop0/system/pbus/coupler_to_device_named_uart_0/fragmenter/repeater/_uartClockDomainWrapper_auto_uart_0_control_xing_in_d_bits_data[1]
chiptop0/system/pbus/coupler_to_device_named_uart_0/fragmenter/repeater/_uartClockDomainWrapper_auto_uart_0_control_xing_in_d_bits_data[2]
chiptop0/system/pbus/coupler_to_device_named_uart_0/fragmenter/repeater/acknum[2]_i_4__5_n_0
chiptop0/system/pbus/coupler_to_device_named_uart_0/fragmenter/repeater/acknum_reg[0]
chiptop0/system/pbus/coupler_to_device_named_uart_0/fragmenter/repeater/acknum_reg[0]_0
chiptop0/system/pbus/coupler_to_device_named_uart_0/fragmenter/repeater/acknum_reg[0]_1
chiptop0/system/pbus/coupler_to_device_named_uart_0/fragmenter/repeater/acknum_reg[0]_2
chiptop0/system/pbus/coupler_to_device_named_uart_0/fragmenter/repeater/acknum_reg[0]_3
chiptop0/system/pbus/coupler_to_device_named_uart_0/fragmenter/repeater/acknum_reg[0]_4[0]
chiptop0/system/pbus/coupler_to_device_named_uart_0/fragmenter/repeater/acknum_reg[0]_4[1]
chiptop0/system/pbus/coupler_to_device_named_uart_0/fragmenter/repeater/acknum_reg[0]_4[2]
chiptop0/system/pbus/coupler_to_device_named_uart_0/fragmenter/repeater/acknum_reg[2][0]
chiptop0/system/pbus/coupler_to_device_named_uart_0/fragmenter/repeater/acknum_reg[2][1]
chiptop0/system/pbus/coupler_to_device_named_uart_0/fragmenter/repeater/acknum_reg[2][2]
chiptop0/system/pbus/coupler_to_device_named_uart_0/fragmenter/repeater/auto_anon_in_a_bits_mask[0]
chiptop0/system/pbus/coupler_to_device_named_uart_0/fragmenter/repeater/auto_anon_in_a_bits_mask[1]
chiptop0/system/pbus/coupler_to_device_named_uart_0/fragmenter/repeater/auto_anon_in_a_bits_mask[2]
chiptop0/system/pbus/coupler_to_device_named_uart_0/fragmenter/repeater/auto_anon_in_a_bits_mask[3]
chiptop0/system/pbus/coupler_to_device_named_uart_0/fragmenter/repeater/auto_anon_in_a_bits_mask[4]
chiptop0/system/pbus/coupler_to_device_named_uart_0/fragmenter/repeater/beatsLeft_reg[0][0]
chiptop0/system/pbus/coupler_to_device_named_uart_0/fragmenter/repeater/beatsLeft_reg[0][1]
chiptop0/system/pbus/coupler_to_device_named_uart_0/fragmenter/repeater/beatsLeft_reg[0][2]
chiptop0/system/pbus/coupler_to_device_named_uart_0/fragmenter/repeater/beatsLeft_reg[0]_0
chiptop0/system/pbus/coupler_to_device_named_uart_0/fragmenter/repeater/beatsLeft_reg[2]
chiptop0/system/pbus/coupler_to_device_named_uart_0/fragmenter/repeater/beatsLeft_reg[2]_0
chiptop0/system/pbus/coupler_to_device_named_uart_0/fragmenter/repeater/clk_out1
chiptop0/system/pbus/coupler_to_device_named_uart_0/fragmenter/repeater/dOrig[0]_i_2__1_n_0
chiptop0/system/pbus/coupler_to_device_named_uart_0/fragmenter/repeater/dOrig[1]_i_2__1_n_0
chiptop0/system/pbus/coupler_to_device_named_uart_0/fragmenter/repeater/dOrig[1]_i_3__0_n_0
chiptop0/system/pbus/coupler_to_device_named_uart_0/fragmenter/repeater/dOrig[1]_i_4_n_0
chiptop0/system/pbus/coupler_to_device_named_uart_0/fragmenter/repeater/dOrig_reg[1][0]
chiptop0/system/pbus/coupler_to_device_named_uart_0/fragmenter/repeater/dOrig_reg[1][1]
chiptop0/system/pbus/coupler_to_device_named_uart_0/fragmenter/repeater/dOrig_reg[1][2]
chiptop0/system/pbus/coupler_to_device_named_uart_0/fragmenter/repeater/dOrig_reg[2]
chiptop0/system/pbus/coupler_to_device_named_uart_0/fragmenter/repeater/deq_ptr_value_reg[2]
chiptop0/system/pbus/coupler_to_device_named_uart_0/fragmenter/repeater/deq_ptr_value_reg[2]_0
chiptop0/system/pbus/coupler_to_device_named_uart_0/fragmenter/repeater/full0
chiptop0/system/pbus/coupler_to_device_named_uart_0/fragmenter/repeater/full_reg_0
chiptop0/system/pbus/coupler_to_device_named_uart_0/fragmenter/repeater/full_reg_1
chiptop0/system/pbus/coupler_to_device_named_uart_0/fragmenter/repeater/full_reg_2
chiptop0/system/pbus/coupler_to_device_named_uart_0/fragmenter/repeater/full_reg_3[0]
chiptop0/system/pbus/coupler_to_device_named_uart_0/fragmenter/repeater/full_reg_4[0]
chiptop0/system/pbus/coupler_to_device_named_uart_0/fragmenter/repeater/full_reg_5[0]
chiptop0/system/pbus/coupler_to_device_named_uart_0/fragmenter/repeater/full_reg_6[0]
chiptop0/system/pbus/coupler_to_device_named_uart_0/fragmenter/repeater/full_reg_7
chiptop0/system/pbus/coupler_to_device_named_uart_0/fragmenter/repeater/full_reg_8
chiptop0/system/pbus/coupler_to_device_named_uart_0/fragmenter/repeater/full_reg_9
chiptop0/system/pbus/coupler_to_device_named_uart_0/fragmenter/repeater/gennum[1]_i_2__1_n_0
chiptop0/system/pbus/coupler_to_device_named_uart_0/fragmenter/repeater/gennum[2]_i_2__0_n_0
chiptop0/system/pbus/coupler_to_device_named_uart_0/fragmenter/repeater/gennum_reg[0]
chiptop0/system/pbus/coupler_to_device_named_uart_0/fragmenter/repeater/gennum_reg[1]
chiptop0/system/pbus/coupler_to_device_named_uart_0/fragmenter/repeater/gennum_reg[1]_0[0]
chiptop0/system/pbus/coupler_to_device_named_uart_0/fragmenter/repeater/gennum_reg[1]_0[1]
chiptop0/system/pbus/coupler_to_device_named_uart_0/fragmenter/repeater/gennum_reg[1]_0[2]
chiptop0/system/pbus/coupler_to_device_named_uart_0/fragmenter/repeater/gennum_reg[1]_1
chiptop0/system/pbus/coupler_to_device_named_uart_0/fragmenter/repeater/ie_rxwm
chiptop0/system/pbus/coupler_to_device_named_uart_0/fragmenter/repeater/ie_rxwm0
chiptop0/system/pbus/coupler_to_device_named_uart_0/fragmenter/repeater/ie_rxwm_reg
chiptop0/system/pbus/coupler_to_device_named_uart_0/fragmenter/repeater/ie_txwm
chiptop0/system/pbus/coupler_to_device_named_uart_0/fragmenter/repeater/ie_txwm_i_2_n_0
chiptop0/system/pbus/coupler_to_device_named_uart_0/fragmenter/repeater/io_enq_bits_size[0]
chiptop0/system/pbus/coupler_to_device_named_uart_0/fragmenter/repeater/io_enq_bits_size[1]
chiptop0/system/pbus/coupler_to_device_named_uart_0/fragmenter/repeater/io_enq_bits_size[2]
chiptop0/system/pbus/coupler_to_device_named_uart_0/fragmenter/repeater/maybe_full_reg[0]
chiptop0/system/pbus/coupler_to_device_named_uart_0/fragmenter/repeater/nstop
chiptop0/system/pbus/coupler_to_device_named_uart_0/fragmenter/repeater/readys_mask_reg[1]
chiptop0/system/pbus/coupler_to_device_named_uart_0/fragmenter/repeater/readys_mask_reg[1]_0
chiptop0/system/pbus/coupler_to_device_named_uart_0/fragmenter/repeater/readys_mask_reg[1]_1
chiptop0/system/pbus/coupler_to_device_named_uart_0/fragmenter/repeater/rxen
chiptop0/system/pbus/coupler_to_device_named_uart_0/fragmenter/repeater/rxwm_reg[0]
chiptop0/system/pbus/coupler_to_device_named_uart_0/fragmenter/repeater/saved_address_reg[11]_0
chiptop0/system/pbus/coupler_to_device_named_uart_0/fragmenter/repeater/saved_address_reg[11]_1
chiptop0/system/pbus/coupler_to_device_named_uart_0/fragmenter/repeater/saved_address_reg[11]_2
chiptop0/system/pbus/coupler_to_device_named_uart_0/fragmenter/repeater/saved_address_reg[11]_3[0]
chiptop0/system/pbus/coupler_to_device_named_uart_0/fragmenter/repeater/saved_address_reg[11]_3[1]
chiptop0/system/pbus/coupler_to_device_named_uart_0/fragmenter/repeater/saved_address_reg[11]_3[2]
chiptop0/system/pbus/coupler_to_device_named_uart_0/fragmenter/repeater/saved_address_reg[11]_3[3]
chiptop0/system/pbus/coupler_to_device_named_uart_0/fragmenter/repeater/saved_address_reg[11]_3[4]
chiptop0/system/pbus/coupler_to_device_named_uart_0/fragmenter/repeater/saved_address_reg[11]_3[5]
chiptop0/system/pbus/coupler_to_device_named_uart_0/fragmenter/repeater/saved_address_reg[11]_3[6]
chiptop0/system/pbus/coupler_to_device_named_uart_0/fragmenter/repeater/saved_address_reg[11]_3[7]
chiptop0/system/pbus/coupler_to_device_named_uart_0/fragmenter/repeater/saved_address_reg[11]_3[8]
chiptop0/system/pbus/coupler_to_device_named_uart_0/fragmenter/repeater/saved_address_reg_n_0_[10]
chiptop0/system/pbus/coupler_to_device_named_uart_0/fragmenter/repeater/saved_address_reg_n_0_[11]
chiptop0/system/pbus/coupler_to_device_named_uart_0/fragmenter/repeater/saved_address_reg_n_0_[3]
chiptop0/system/pbus/coupler_to_device_named_uart_0/fragmenter/repeater/saved_address_reg_n_0_[4]
chiptop0/system/pbus/coupler_to_device_named_uart_0/fragmenter/repeater/saved_address_reg_n_0_[5]
chiptop0/system/pbus/coupler_to_device_named_uart_0/fragmenter/repeater/saved_address_reg_n_0_[6]
chiptop0/system/pbus/coupler_to_device_named_uart_0/fragmenter/repeater/saved_address_reg_n_0_[7]
chiptop0/system/pbus/coupler_to_device_named_uart_0/fragmenter/repeater/saved_address_reg_n_0_[8]
chiptop0/system/pbus/coupler_to_device_named_uart_0/fragmenter/repeater/saved_address_reg_n_0_[9]
chiptop0/system/pbus/coupler_to_device_named_uart_0/fragmenter/repeater/saved_opcode[0]
chiptop0/system/pbus/coupler_to_device_named_uart_0/fragmenter/repeater/saved_opcode[1]
chiptop0/system/pbus/coupler_to_device_named_uart_0/fragmenter/repeater/saved_opcode[2]
chiptop0/system/pbus/coupler_to_device_named_uart_0/fragmenter/repeater/saved_opcode_reg[0]_0
chiptop0/system/pbus/coupler_to_device_named_uart_0/fragmenter/repeater/saved_size_reg[2]_0[0]
chiptop0/system/pbus/coupler_to_device_named_uart_0/fragmenter/repeater/saved_size_reg_n_0_[0]
chiptop0/system/pbus/coupler_to_device_named_uart_0/fragmenter/repeater/saved_size_reg_n_0_[1]
chiptop0/system/pbus/coupler_to_device_named_uart_0/fragmenter/repeater/saved_size_reg_n_0_[2]
chiptop0/system/pbus/coupler_to_device_named_uart_0/fragmenter/repeater/saved_source[2]
chiptop0/system/pbus/coupler_to_device_named_uart_0/fragmenter/repeater/saved_source_reg[1]_0[0]
chiptop0/system/pbus/coupler_to_device_named_uart_0/fragmenter/repeater/saved_source_reg[1]_0[1]
chiptop0/system/pbus/coupler_to_device_named_uart_0/fragmenter/repeater/saved_source_reg[2]_0
chiptop0/system/pbus/coupler_to_device_named_uart_0/fragmenter/repeater/state_1_reg
chiptop0/system/pbus/coupler_to_device_named_uart_0/fragmenter/repeater_n_10
chiptop0/system/pbus/coupler_to_device_named_uart_0/fragmenter/repeater_n_20
chiptop0/system/pbus/coupler_to_device_named_uart_0/fragmenter/repeater_n_21
chiptop0/system/pbus/coupler_to_device_named_uart_0/fragmenter/repeater_n_22
chiptop0/system/pbus/coupler_to_device_named_uart_0/fragmenter/repeater_n_6
chiptop0/system/pbus/coupler_to_device_named_uart_0/fragmenter/repeater_n_7
chiptop0/system/pbus/coupler_to_device_named_uart_0/fragmenter/repeater_n_8
chiptop0/system/pbus/coupler_to_device_named_uart_0/fragmenter/repeater_n_9
chiptop0/system/pbus/coupler_to_device_named_uart_0/fragmenter/rxen
chiptop0/system/pbus/coupler_to_device_named_uart_0/fragmenter/rxwm_reg[0]
chiptop0/system/pbus/coupler_to_device_named_uart_0/fragmenter/saved_address_reg[11]
chiptop0/system/pbus/coupler_to_device_named_uart_0/fragmenter/saved_address_reg[11]_0
chiptop0/system/pbus/coupler_to_device_named_uart_0/fragmenter/saved_address_reg[11]_1
chiptop0/system/pbus/coupler_to_device_named_uart_0/fragmenter/saved_address_reg[11]_2[0]
chiptop0/system/pbus/coupler_to_device_named_uart_0/fragmenter/saved_address_reg[11]_2[1]
chiptop0/system/pbus/coupler_to_device_named_uart_0/fragmenter/saved_address_reg[11]_2[2]
chiptop0/system/pbus/coupler_to_device_named_uart_0/fragmenter/saved_address_reg[11]_2[3]
chiptop0/system/pbus/coupler_to_device_named_uart_0/fragmenter/saved_address_reg[11]_2[4]
chiptop0/system/pbus/coupler_to_device_named_uart_0/fragmenter/saved_address_reg[11]_2[5]
chiptop0/system/pbus/coupler_to_device_named_uart_0/fragmenter/saved_address_reg[11]_2[6]
chiptop0/system/pbus/coupler_to_device_named_uart_0/fragmenter/saved_address_reg[11]_2[7]
chiptop0/system/pbus/coupler_to_device_named_uart_0/fragmenter/saved_address_reg[11]_2[8]
chiptop0/system/pbus/coupler_to_device_named_uart_0/fragmenter/saved_opcode_reg[0]
chiptop0/system/pbus/coupler_to_device_named_uart_0/fragmenter/saved_size_reg[2][0]
chiptop0/system/pbus/coupler_to_device_named_uart_0/fragmenter/saved_source_reg[1][0]
chiptop0/system/pbus/coupler_to_device_named_uart_0/fragmenter/saved_source_reg[1][1]
chiptop0/system/pbus/coupler_to_device_named_uart_0/fragmenter/saved_source_reg[2]
chiptop0/system/pbus/coupler_to_device_named_uart_0/fragmenter/state_1_reg
chiptop0/system/pbus/coupler_to_device_named_uart_0/full_reg
chiptop0/system/pbus/coupler_to_device_named_uart_0/full_reg_0
chiptop0/system/pbus/coupler_to_device_named_uart_0/full_reg_1[0]
chiptop0/system/pbus/coupler_to_device_named_uart_0/full_reg_2[0]
chiptop0/system/pbus/coupler_to_device_named_uart_0/full_reg_3[0]
chiptop0/system/pbus/coupler_to_device_named_uart_0/full_reg_4[0]
chiptop0/system/pbus/coupler_to_device_named_uart_0/full_reg_5
chiptop0/system/pbus/coupler_to_device_named_uart_0/full_reg_6
chiptop0/system/pbus/coupler_to_device_named_uart_0/full_reg_7
chiptop0/system/pbus/coupler_to_device_named_uart_0/gennum_reg[0]
chiptop0/system/pbus/coupler_to_device_named_uart_0/gennum_reg[1]
chiptop0/system/pbus/coupler_to_device_named_uart_0/gennum_reg[1]_0
chiptop0/system/pbus/coupler_to_device_named_uart_0/ie_rxwm
chiptop0/system/pbus/coupler_to_device_named_uart_0/ie_rxwm0
chiptop0/system/pbus/coupler_to_device_named_uart_0/ie_rxwm_reg
chiptop0/system/pbus/coupler_to_device_named_uart_0/ie_txwm
chiptop0/system/pbus/coupler_to_device_named_uart_0/io_enq_bits_size[0]
chiptop0/system/pbus/coupler_to_device_named_uart_0/io_enq_bits_size[1]
chiptop0/system/pbus/coupler_to_device_named_uart_0/io_enq_bits_size[2]
chiptop0/system/pbus/coupler_to_device_named_uart_0/nstop
chiptop0/system/pbus/coupler_to_device_named_uart_0/readys_mask_reg[1]
chiptop0/system/pbus/coupler_to_device_named_uart_0/readys_mask_reg[1]_0
chiptop0/system/pbus/coupler_to_device_named_uart_0/readys_mask_reg[1]_1
chiptop0/system/pbus/coupler_to_device_named_uart_0/rxen
chiptop0/system/pbus/coupler_to_device_named_uart_0/rxwm_reg[0]
chiptop0/system/pbus/coupler_to_device_named_uart_0/saved_address_reg[11]
chiptop0/system/pbus/coupler_to_device_named_uart_0/saved_address_reg[11]_0
chiptop0/system/pbus/coupler_to_device_named_uart_0/saved_address_reg[11]_1
chiptop0/system/pbus/coupler_to_device_named_uart_0/saved_address_reg[11]_2[0]
chiptop0/system/pbus/coupler_to_device_named_uart_0/saved_address_reg[11]_2[1]
chiptop0/system/pbus/coupler_to_device_named_uart_0/saved_address_reg[11]_2[2]
chiptop0/system/pbus/coupler_to_device_named_uart_0/saved_address_reg[11]_2[3]
chiptop0/system/pbus/coupler_to_device_named_uart_0/saved_address_reg[11]_2[4]
chiptop0/system/pbus/coupler_to_device_named_uart_0/saved_address_reg[11]_2[5]
chiptop0/system/pbus/coupler_to_device_named_uart_0/saved_address_reg[11]_2[6]
chiptop0/system/pbus/coupler_to_device_named_uart_0/saved_address_reg[11]_2[7]
chiptop0/system/pbus/coupler_to_device_named_uart_0/saved_address_reg[11]_2[8]
chiptop0/system/pbus/coupler_to_device_named_uart_0/saved_opcode_reg[0]
chiptop0/system/pbus/coupler_to_device_named_uart_0/saved_size_reg[2][0]
chiptop0/system/pbus/coupler_to_device_named_uart_0/saved_source_reg[1][0]
chiptop0/system/pbus/coupler_to_device_named_uart_0/saved_source_reg[1][1]
chiptop0/system/pbus/coupler_to_device_named_uart_0/saved_source_reg[2]
chiptop0/system/pbus/coupler_to_device_named_uart_0/state_1_reg
chiptop0/system/pbus/coupler_to_device_named_uart_0_n_1
chiptop0/system/pbus/coupler_to_device_named_uart_0_n_10
chiptop0/system/pbus/coupler_to_device_named_uart_0_n_11
chiptop0/system/pbus/coupler_to_device_named_uart_0_n_12
chiptop0/system/pbus/coupler_to_device_named_uart_0_n_13
chiptop0/system/pbus/coupler_to_device_named_uart_0_n_14
chiptop0/system/pbus/coupler_to_device_named_uart_0_n_15
chiptop0/system/pbus/coupler_to_device_named_uart_0_n_2
chiptop0/system/pbus/coupler_to_device_named_uart_0_n_21
chiptop0/system/pbus/coupler_to_device_named_uart_0_n_23
chiptop0/system/pbus/coupler_to_device_named_uart_0_n_25
chiptop0/system/pbus/coupler_to_device_named_uart_0_n_4
chiptop0/system/pbus/coupler_to_device_named_uart_0_n_5
chiptop0/system/pbus/coupler_to_device_named_uart_0_n_6
chiptop0/system/pbus/coupler_to_device_named_uart_0_n_7
chiptop0/system/pbus/coupler_to_device_named_uart_0_n_8
chiptop0/system/pbus/coupler_to_device_named_uart_0_n_9

UART_ONLY pattern=*uart* count=1126
chiptop0/system/_pbus_auto_coupler_to_device_named_uart_0_control_xing_out_a_bits_data[10]
chiptop0/system/_pbus_auto_coupler_to_device_named_uart_0_control_xing_out_a_bits_data[11]
chiptop0/system/_pbus_auto_coupler_to_device_named_uart_0_control_xing_out_a_bits_data[12]
chiptop0/system/_pbus_auto_coupler_to_device_named_uart_0_control_xing_out_a_bits_data[13]
chiptop0/system/_pbus_auto_coupler_to_device_named_uart_0_control_xing_out_a_bits_data[14]
chiptop0/system/_pbus_auto_coupler_to_device_named_uart_0_control_xing_out_a_bits_data[15]
chiptop0/system/_pbus_auto_coupler_to_device_named_uart_0_control_xing_out_a_bits_data[8]
chiptop0/system/_pbus_auto_coupler_to_device_named_uart_0_control_xing_out_a_bits_data[9]
chiptop0/system/_uartClockDomainWrapper_auto_uart_0_control_xing_in_d_bits_opcode[0]
chiptop0/system/_uartClockDomainWrapper_auto_uart_0_int_xing_out_sync_0
chiptop0/system/pbus/_uartClockDomainWrapper_auto_uart_0_control_xing_in_d_bits_data[0]
chiptop0/system/pbus/_uartClockDomainWrapper_auto_uart_0_control_xing_in_d_bits_data[1]
chiptop0/system/pbus/_uartClockDomainWrapper_auto_uart_0_control_xing_in_d_bits_data[32]
chiptop0/system/pbus/_uartClockDomainWrapper_auto_uart_0_control_xing_in_d_bits_opcode[0]
chiptop0/system/pbus/coupler_to_device_named_gpio_0/_uartClockDomainWrapper_auto_uart_0_control_xing_in_d_bits_data[0]
chiptop0/system/pbus/coupler_to_device_named_gpio_0/fragmenter/_uartClockDomainWrapper_auto_uart_0_control_xing_in_d_bits_data[0]
chiptop0/system/pbus/coupler_to_device_named_gpio_0/fragmenter/repeater/_uartClockDomainWrapper_auto_uart_0_control_xing_in_d_bits_data[0]
chiptop0/system/pbus/coupler_to_device_named_uart_0/D[0]
chiptop0/system/pbus/coupler_to_device_named_uart_0/E[0]
chiptop0/system/pbus/coupler_to_device_named_uart_0/Memory_reg_0_1_14_27_i_2__6[0]
chiptop0/system/pbus/coupler_to_device_named_uart_0/Memory_reg_0_1_14_27_i_2__6[1]
chiptop0/system/pbus/coupler_to_device_named_uart_0/Memory_reg_0_1_42_55_i_15__3
chiptop0/system/pbus/coupler_to_device_named_uart_0/Memory_reg_0_1_42_55_i_6__5
chiptop0/system/pbus/coupler_to_device_named_uart_0/Memory_reg_0_1_42_55_i_6__5_0
chiptop0/system/pbus/coupler_to_device_named_uart_0/Q[0]
chiptop0/system/pbus/coupler_to_device_named_uart_0/_GEN[1]_66[0]
chiptop0/system/pbus/coupler_to_device_named_uart_0/_buffer_auto_out_a_bits_opcode[0]
chiptop0/system/pbus/coupler_to_device_named_uart_0/_buffer_auto_out_a_bits_opcode[1]
chiptop0/system/pbus/coupler_to_device_named_uart_0/_buffer_auto_out_a_bits_opcode[2]
chiptop0/system/pbus/coupler_to_device_named_uart_0/_buffer_auto_out_a_bits_source[0]
chiptop0/system/pbus/coupler_to_device_named_uart_0/_buffer_auto_out_a_bits_source[1]
chiptop0/system/pbus/coupler_to_device_named_uart_0/_buffer_auto_out_a_bits_source[2]
chiptop0/system/pbus/coupler_to_device_named_uart_0/_repeater_io_full
chiptop0/system/pbus/coupler_to_device_named_uart_0/_rxq_io_deq_bits[0]
chiptop0/system/pbus/coupler_to_device_named_uart_0/_rxq_io_deq_bits[1]
chiptop0/system/pbus/coupler_to_device_named_uart_0/_sbus_auto_fixedClockNode_anon_out_1_reset
chiptop0/system/pbus/coupler_to_device_named_uart_0/_uartClockDomainWrapper_auto_uart_0_control_xing_in_d_bits_data[0]
chiptop0/system/pbus/coupler_to_device_named_uart_0/_uartClockDomainWrapper_auto_uart_0_control_xing_in_d_bits_data[1]
chiptop0/system/pbus/coupler_to_device_named_uart_0/_uartClockDomainWrapper_auto_uart_0_control_xing_in_d_bits_data[2]
chiptop0/system/pbus/coupler_to_device_named_uart_0/acknum_reg[0]
chiptop0/system/pbus/coupler_to_device_named_uart_0/acknum_reg[0]_0
chiptop0/system/pbus/coupler_to_device_named_uart_0/acknum_reg[0]_1
chiptop0/system/pbus/coupler_to_device_named_uart_0/acknum_reg[0]_2
chiptop0/system/pbus/coupler_to_device_named_uart_0/acknum_reg[0]_3
chiptop0/system/pbus/coupler_to_device_named_uart_0/auto_anon_in_a_bits_mask[0]
chiptop0/system/pbus/coupler_to_device_named_uart_0/auto_anon_in_a_bits_mask[1]
chiptop0/system/pbus/coupler_to_device_named_uart_0/auto_anon_in_a_bits_mask[2]
chiptop0/system/pbus/coupler_to_device_named_uart_0/auto_anon_in_a_bits_mask[3]
chiptop0/system/pbus/coupler_to_device_named_uart_0/auto_anon_in_a_bits_mask[4]
chiptop0/system/pbus/coupler_to_device_named_uart_0/beatsLeft_reg[2]
chiptop0/system/pbus/coupler_to_device_named_uart_0/beatsLeft_reg[2]_0
chiptop0/system/pbus/coupler_to_device_named_uart_0/clk_out1
chiptop0/system/pbus/coupler_to_device_named_uart_0/dOrig_reg[0]
chiptop0/system/pbus/coupler_to_device_named_uart_0/dOrig_reg[2]
chiptop0/system/pbus/coupler_to_device_named_uart_0/deq_ptr_value_reg[2]
chiptop0/system/pbus/coupler_to_device_named_uart_0/deq_ptr_value_reg[2]_0
chiptop0/system/pbus/coupler_to_device_named_uart_0/fragmenter/<const0>
chiptop0/system/pbus/coupler_to_device_named_uart_0/fragmenter/D[0]
chiptop0/system/pbus/coupler_to_device_named_uart_0/fragmenter/E[0]
chiptop0/system/pbus/coupler_to_device_named_uart_0/fragmenter/Memory_reg_0_1_14_27_i_2__6[0]
chiptop0/system/pbus/coupler_to_device_named_uart_0/fragmenter/Memory_reg_0_1_14_27_i_2__6[1]
chiptop0/system/pbus/coupler_to_device_named_uart_0/fragmenter/Memory_reg_0_1_42_55_i_15__3
chiptop0/system/pbus/coupler_to_device_named_uart_0/fragmenter/Memory_reg_0_1_42_55_i_6__5
chiptop0/system/pbus/coupler_to_device_named_uart_0/fragmenter/Memory_reg_0_1_42_55_i_6__5_0
chiptop0/system/pbus/coupler_to_device_named_uart_0/fragmenter/Q[0]
chiptop0/system/pbus/coupler_to_device_named_uart_0/fragmenter/_GEN[1]_66[0]
chiptop0/system/pbus/coupler_to_device_named_uart_0/fragmenter/_GEN_1
chiptop0/system/pbus/coupler_to_device_named_uart_0/fragmenter/_buffer_auto_out_a_bits_opcode[0]
chiptop0/system/pbus/coupler_to_device_named_uart_0/fragmenter/_buffer_auto_out_a_bits_opcode[1]
chiptop0/system/pbus/coupler_to_device_named_uart_0/fragmenter/_buffer_auto_out_a_bits_opcode[2]
chiptop0/system/pbus/coupler_to_device_named_uart_0/fragmenter/_buffer_auto_out_a_bits_source[0]
chiptop0/system/pbus/coupler_to_device_named_uart_0/fragmenter/_buffer_auto_out_a_bits_source[1]
chiptop0/system/pbus/coupler_to_device_named_uart_0/fragmenter/_buffer_auto_out_a_bits_source[2]
chiptop0/system/pbus/coupler_to_device_named_uart_0/fragmenter/_rxq_io_deq_bits[0]
chiptop0/system/pbus/coupler_to_device_named_uart_0/fragmenter/_rxq_io_deq_bits[1]
chiptop0/system/pbus/coupler_to_device_named_uart_0/fragmenter/_sbus_auto_fixedClockNode_anon_out_1_reset
chiptop0/system/pbus/coupler_to_device_named_uart_0/fragmenter/_uartClockDomainWrapper_auto_uart_0_control_xing_in_d_bits_data[0]
chiptop0/system/pbus/coupler_to_device_named_uart_0/fragmenter/_uartClockDomainWrapper_auto_uart_0_control_xing_in_d_bits_data[1]
chiptop0/system/pbus/coupler_to_device_named_uart_0/fragmenter/_uartClockDomainWrapper_auto_uart_0_control_xing_in_d_bits_data[2]
chiptop0/system/pbus/coupler_to_device_named_uart_0/fragmenter/acknum_reg[0]_0
chiptop0/system/pbus/coupler_to_device_named_uart_0/fragmenter/acknum_reg[0]_1
chiptop0/system/pbus/coupler_to_device_named_uart_0/fragmenter/acknum_reg[0]_2
chiptop0/system/pbus/coupler_to_device_named_uart_0/fragmenter/acknum_reg[0]_3
chiptop0/system/pbus/coupler_to_device_named_uart_0/fragmenter/acknum_reg[0]_4
chiptop0/system/pbus/coupler_to_device_named_uart_0/fragmenter/acknum_reg_n_0_[0]
chiptop0/system/pbus/coupler_to_device_named_uart_0/fragmenter/acknum_reg_n_0_[1]
chiptop0/system/pbus/coupler_to_device_named_uart_0/fragmenter/acknum_reg_n_0_[2]
chiptop0/system/pbus/coupler_to_device_named_uart_0/fragmenter/auto_anon_in_a_bits_mask[0]
chiptop0/system/pbus/coupler_to_device_named_uart_0/fragmenter/auto_anon_in_a_bits_mask[1]
chiptop0/system/pbus/coupler_to_device_named_uart_0/fragmenter/auto_anon_in_a_bits_mask[2]
chiptop0/system/pbus/coupler_to_device_named_uart_0/fragmenter/auto_anon_in_a_bits_mask[3]
chiptop0/system/pbus/coupler_to_device_named_uart_0/fragmenter/auto_anon_in_a_bits_mask[4]
chiptop0/system/pbus/coupler_to_device_named_uart_0/fragmenter/beatsLeft[0]_i_6__0_n_0
chiptop0/system/pbus/coupler_to_device_named_uart_0/fragmenter/beatsLeft_reg[2]
chiptop0/system/pbus/coupler_to_device_named_uart_0/fragmenter/beatsLeft_reg[2]_0
chiptop0/system/pbus/coupler_to_device_named_uart_0/fragmenter/clk_out1
chiptop0/system/pbus/coupler_to_device_named_uart_0/fragmenter/dFirst_size0
chiptop0/system/pbus/coupler_to_device_named_uart_0/fragmenter/dOrig_reg[0]_0
chiptop0/system/pbus/coupler_to_device_named_uart_0/fragmenter/dOrig_reg[2]_0
chiptop0/system/pbus/coupler_to_device_named_uart_0/fragmenter/dOrig_reg_n_0_[0]
chiptop0/system/pbus/coupler_to_device_named_uart_0/fragmenter/dOrig_reg_n_0_[1]
chiptop0/system/pbus/coupler_to_device_named_uart_0/fragmenter/dOrig_reg_n_0_[2]
chiptop0/system/pbus/coupler_to_device_named_uart_0/fragmenter/deq_ptr_value_reg[2]
chiptop0/system/pbus/coupler_to_device_named_uart_0/fragmenter/deq_ptr_value_reg[2]_0
chiptop0/system/pbus/coupler_to_device_named_uart_0/fragmenter/full_reg
chiptop0/system/pbus/coupler_to_device_named_uart_0/fragmenter/full_reg_0
chiptop0/system/pbus/coupler_to_device_named_uart_0/fragmenter/full_reg_1
chiptop0/system/pbus/coupler_to_device_named_uart_0/fragmenter/full_reg_2[0]
chiptop0/system/pbus/coupler_to_device_named_uart_0/fragmenter/full_reg_3[0]
chiptop0/system/pbus/coupler_to_device_named_uart_0/fragmenter/full_reg_4[0]
chiptop0/system/pbus/coupler_to_device_named_uart_0/fragmenter/full_reg_5[0]
chiptop0/system/pbus/coupler_to_device_named_uart_0/fragmenter/full_reg_6
chiptop0/system/pbus/coupler_to_device_named_uart_0/fragmenter/full_reg_7
chiptop0/system/pbus/coupler_to_device_named_uart_0/fragmenter/full_reg_8
chiptop0/system/pbus/coupler_to_device_named_uart_0/fragmenter/gennum_reg[0]_0
chiptop0/system/pbus/coupler_to_device_named_uart_0/fragmenter/gennum_reg[1]_0
chiptop0/system/pbus/coupler_to_device_named_uart_0/fragmenter/gennum_reg[1]_1
chiptop0/system/pbus/coupler_to_device_named_uart_0/fragmenter/gennum_reg_n_0_[0]
chiptop0/system/pbus/coupler_to_device_named_uart_0/fragmenter/gennum_reg_n_0_[1]
chiptop0/system/pbus/coupler_to_device_named_uart_0/fragmenter/gennum_reg_n_0_[2]
chiptop0/system/pbus/coupler_to_device_named_uart_0/fragmenter/ie_rxwm
chiptop0/system/pbus/coupler_to_device_named_uart_0/fragmenter/ie_rxwm0
chiptop0/system/pbus/coupler_to_device_named_uart_0/fragmenter/ie_rxwm_reg
chiptop0/system/pbus/coupler_to_device_named_uart_0/fragmenter/ie_txwm
chiptop0/system/pbus/coupler_to_device_named_uart_0/fragmenter/io_enq_bits_size[0]
chiptop0/system/pbus/coupler_to_device_named_uart_0/fragmenter/io_enq_bits_size[1]
chiptop0/system/pbus/coupler_to_device_named_uart_0/fragmenter/io_enq_bits_size[2]
chiptop0/system/pbus/coupler_to_device_named_uart_0/fragmenter/nstop
chiptop0/system/pbus/coupler_to_device_named_uart_0/fragmenter/readys_mask_reg[1]
chiptop0/system/pbus/coupler_to_device_named_uart_0/fragmenter/readys_mask_reg[1]_0
chiptop0/system/pbus/coupler_to_device_named_uart_0/fragmenter/readys_mask_reg[1]_1
chiptop0/system/pbus/coupler_to_device_named_uart_0/fragmenter/repeater/<const0>
chiptop0/system/pbus/coupler_to_device_named_uart_0/fragmenter/repeater/<const1>
chiptop0/system/pbus/coupler_to_device_named_uart_0/fragmenter/repeater/D[0]
chiptop0/system/pbus/coupler_to_device_named_uart_0/fragmenter/repeater/D[1]
chiptop0/system/pbus/coupler_to_device_named_uart_0/fragmenter/repeater/D[2]
chiptop0/system/pbus/coupler_to_device_named_uart_0/fragmenter/repeater/Memory_reg_0_1_14_27_i_28_n_0
chiptop0/system/pbus/coupler_to_device_named_uart_0/fragmenter/repeater/Memory_reg_0_1_14_27_i_2__6[0]
chiptop0/system/pbus/coupler_to_device_named_uart_0/fragmenter/repeater/Memory_reg_0_1_14_27_i_2__6[1]
chiptop0/system/pbus/coupler_to_device_named_uart_0/fragmenter/repeater/Memory_reg_0_1_14_27_i_45_n_0
chiptop0/system/pbus/coupler_to_device_named_uart_0/fragmenter/repeater/Memory_reg_0_1_14_27_i_46__0_n_0
chiptop0/system/pbus/coupler_to_device_named_uart_0/fragmenter/repeater/Memory_reg_0_1_14_27_i_48__0_n_0
chiptop0/system/pbus/coupler_to_device_named_uart_0/fragmenter/repeater/Memory_reg_0_1_14_27_i_49_n_0
chiptop0/system/pbus/coupler_to_device_named_uart_0/fragmenter/repeater/Memory_reg_0_1_42_55_i_15__3
chiptop0/system/pbus/coupler_to_device_named_uart_0/fragmenter/repeater/Memory_reg_0_1_42_55_i_34__0_n_0
chiptop0/system/pbus/coupler_to_device_named_uart_0/fragmenter/repeater/Memory_reg_0_1_42_55_i_6__5
chiptop0/system/pbus/coupler_to_device_named_uart_0/fragmenter/repeater/Memory_reg_0_1_42_55_i_6__5_0
chiptop0/system/pbus/coupler_to_device_named_uart_0/fragmenter/repeater/Q[0]
chiptop0/system/pbus/coupler_to_device_named_uart_0/fragmenter/repeater/_GEN[1]_66[0]
chiptop0/system/pbus/coupler_to_device_named_uart_0/fragmenter/repeater/_buffer_auto_out_a_bits_opcode[0]
chiptop0/system/pbus/coupler_to_device_named_uart_0/fragmenter/repeater/_buffer_auto_out_a_bits_opcode[1]
chiptop0/system/pbus/coupler_to_device_named_uart_0/fragmenter/repeater/_buffer_auto_out_a_bits_opcode[2]
chiptop0/system/pbus/coupler_to_device_named_uart_0/fragmenter/repeater/_buffer_auto_out_a_bits_source[0]
chiptop0/system/pbus/coupler_to_device_named_uart_0/fragmenter/repeater/_buffer_auto_out_a_bits_source[1]
chiptop0/system/pbus/coupler_to_device_named_uart_0/fragmenter/repeater/_buffer_auto_out_a_bits_source[2]
chiptop0/system/pbus/coupler_to_device_named_uart_0/fragmenter/repeater/_pbus_auto_coupler_to_device_named_uart_0_control_xing_out_a_bits_address[3]
chiptop0/system/pbus/coupler_to_device_named_uart_0/fragmenter/repeater/_pbus_auto_coupler_to_device_named_uart_0_control_xing_out_a_bits_address[4]
chiptop0/system/pbus/coupler_to_device_named_uart_0/fragmenter/repeater/_pbus_auto_coupler_to_device_named_uart_0_control_xing_out_a_bits_opcode[2]
chiptop0/system/pbus/coupler_to_device_named_uart_0/fragmenter/repeater/_rxq_io_deq_bits[0]
chiptop0/system/pbus/coupler_to_device_named_uart_0/fragmenter/repeater/_rxq_io_deq_bits[1]
chiptop0/system/pbus/coupler_to_device_named_uart_0/fragmenter/repeater/_sbus_auto_fixedClockNode_anon_out_1_reset
chiptop0/system/pbus/coupler_to_device_named_uart_0/fragmenter/repeater/_uartClockDomainWrapper_auto_uart_0_control_xing_in_d_bits_data[0]
chiptop0/system/pbus/coupler_to_device_named_uart_0/fragmenter/repeater/_uartClockDomainWrapper_auto_uart_0_control_xing_in_d_bits_data[1]
chiptop0/system/pbus/coupler_to_device_named_uart_0/fragmenter/repeater/_uartClockDomainWrapper_auto_uart_0_control_xing_in_d_bits_data[2]
chiptop0/system/pbus/coupler_to_device_named_uart_0/fragmenter/repeater/acknum[2]_i_4__5_n_0
chiptop0/system/pbus/coupler_to_device_named_uart_0/fragmenter/repeater/acknum_reg[0]
chiptop0/system/pbus/coupler_to_device_named_uart_0/fragmenter/repeater/acknum_reg[0]_0
chiptop0/system/pbus/coupler_to_device_named_uart_0/fragmenter/repeater/acknum_reg[0]_1
chiptop0/system/pbus/coupler_to_device_named_uart_0/fragmenter/repeater/acknum_reg[0]_2
chiptop0/system/pbus/coupler_to_device_named_uart_0/fragmenter/repeater/acknum_reg[0]_3
chiptop0/system/pbus/coupler_to_device_named_uart_0/fragmenter/repeater/acknum_reg[0]_4[0]
chiptop0/system/pbus/coupler_to_device_named_uart_0/fragmenter/repeater/acknum_reg[0]_4[1]
chiptop0/system/pbus/coupler_to_device_named_uart_0/fragmenter/repeater/acknum_reg[0]_4[2]
chiptop0/system/pbus/coupler_to_device_named_uart_0/fragmenter/repeater/acknum_reg[2][0]
chiptop0/system/pbus/coupler_to_device_named_uart_0/fragmenter/repeater/acknum_reg[2][1]
chiptop0/system/pbus/coupler_to_device_named_uart_0/fragmenter/repeater/acknum_reg[2][2]
chiptop0/system/pbus/coupler_to_device_named_uart_0/fragmenter/repeater/auto_anon_in_a_bits_mask[0]
chiptop0/system/pbus/coupler_to_device_named_uart_0/fragmenter/repeater/auto_anon_in_a_bits_mask[1]
chiptop0/system/pbus/coupler_to_device_named_uart_0/fragmenter/repeater/auto_anon_in_a_bits_mask[2]
chiptop0/system/pbus/coupler_to_device_named_uart_0/fragmenter/repeater/auto_anon_in_a_bits_mask[3]
chiptop0/system/pbus/coupler_to_device_named_uart_0/fragmenter/repeater/auto_anon_in_a_bits_mask[4]
chiptop0/system/pbus/coupler_to_device_named_uart_0/fragmenter/repeater/beatsLeft_reg[0][0]
chiptop0/system/pbus/coupler_to_device_named_uart_0/fragmenter/repeater/beatsLeft_reg[0][1]
chiptop0/system/pbus/coupler_to_device_named_uart_0/fragmenter/repeater/beatsLeft_reg[0][2]
chiptop0/system/pbus/coupler_to_device_named_uart_0/fragmenter/repeater/beatsLeft_reg[0]_0
chiptop0/system/pbus/coupler_to_device_named_uart_0/fragmenter/repeater/beatsLeft_reg[2]
chiptop0/system/pbus/coupler_to_device_named_uart_0/fragmenter/repeater/beatsLeft_reg[2]_0
chiptop0/system/pbus/coupler_to_device_named_uart_0/fragmenter/repeater/clk_out1
chiptop0/system/pbus/coupler_to_device_named_uart_0/fragmenter/repeater/dOrig[0]_i_2__1_n_0
chiptop0/system/pbus/coupler_to_device_named_uart_0/fragmenter/repeater/dOrig[1]_i_2__1_n_0
chiptop0/system/pbus/coupler_to_device_named_uart_0/fragmenter/repeater/dOrig[1]_i_3__0_n_0
chiptop0/system/pbus/coupler_to_device_named_uart_0/fragmenter/repeater/dOrig[1]_i_4_n_0
chiptop0/system/pbus/coupler_to_device_named_uart_0/fragmenter/repeater/dOrig_reg[1][0]
chiptop0/system/pbus/coupler_to_device_named_uart_0/fragmenter/repeater/dOrig_reg[1][1]
chiptop0/system/pbus/coupler_to_device_named_uart_0/fragmenter/repeater/dOrig_reg[1][2]
chiptop0/system/pbus/coupler_to_device_named_uart_0/fragmenter/repeater/dOrig_reg[2]
chiptop0/system/pbus/coupler_to_device_named_uart_0/fragmenter/repeater/deq_ptr_value_reg[2]
chiptop0/system/pbus/coupler_to_device_named_uart_0/fragmenter/repeater/deq_ptr_value_reg[2]_0
chiptop0/system/pbus/coupler_to_device_named_uart_0/fragmenter/repeater/full0
chiptop0/system/pbus/coupler_to_device_named_uart_0/fragmenter/repeater/full_reg_0
chiptop0/system/pbus/coupler_to_device_named_uart_0/fragmenter/repeater/full_reg_1
chiptop0/system/pbus/coupler_to_device_named_uart_0/fragmenter/repeater/full_reg_2
chiptop0/system/pbus/coupler_to_device_named_uart_0/fragmenter/repeater/full_reg_3[0]
chiptop0/system/pbus/coupler_to_device_named_uart_0/fragmenter/repeater/full_reg_4[0]
chiptop0/system/pbus/coupler_to_device_named_uart_0/fragmenter/repeater/full_reg_5[0]
chiptop0/system/pbus/coupler_to_device_named_uart_0/fragmenter/repeater/full_reg_6[0]
chiptop0/system/pbus/coupler_to_device_named_uart_0/fragmenter/repeater/full_reg_7
chiptop0/system/pbus/coupler_to_device_named_uart_0/fragmenter/repeater/full_reg_8
chiptop0/system/pbus/coupler_to_device_named_uart_0/fragmenter/repeater/full_reg_9
chiptop0/system/pbus/coupler_to_device_named_uart_0/fragmenter/repeater/gennum[1]_i_2__1_n_0
chiptop0/system/pbus/coupler_to_device_named_uart_0/fragmenter/repeater/gennum[2]_i_2__0_n_0
chiptop0/system/pbus/coupler_to_device_named_uart_0/fragmenter/repeater/gennum_reg[0]
chiptop0/system/pbus/coupler_to_device_named_uart_0/fragmenter/repeater/gennum_reg[1]
chiptop0/system/pbus/coupler_to_device_named_uart_0/fragmenter/repeater/gennum_reg[1]_0[0]
chiptop0/system/pbus/coupler_to_device_named_uart_0/fragmenter/repeater/gennum_reg[1]_0[1]
chiptop0/system/pbus/coupler_to_device_named_uart_0/fragmenter/repeater/gennum_reg[1]_0[2]
chiptop0/system/pbus/coupler_to_device_named_uart_0/fragmenter/repeater/gennum_reg[1]_1
chiptop0/system/pbus/coupler_to_device_named_uart_0/fragmenter/repeater/ie_rxwm
chiptop0/system/pbus/coupler_to_device_named_uart_0/fragmenter/repeater/ie_rxwm0
chiptop0/system/pbus/coupler_to_device_named_uart_0/fragmenter/repeater/ie_rxwm_reg
chiptop0/system/pbus/coupler_to_device_named_uart_0/fragmenter/repeater/ie_txwm
chiptop0/system/pbus/coupler_to_device_named_uart_0/fragmenter/repeater/ie_txwm_i_2_n_0
chiptop0/system/pbus/coupler_to_device_named_uart_0/fragmenter/repeater/io_enq_bits_size[0]
chiptop0/system/pbus/coupler_to_device_named_uart_0/fragmenter/repeater/io_enq_bits_size[1]
chiptop0/system/pbus/coupler_to_device_named_uart_0/fragmenter/repeater/io_enq_bits_size[2]
chiptop0/system/pbus/coupler_to_device_named_uart_0/fragmenter/repeater/maybe_full_reg[0]
chiptop0/system/pbus/coupler_to_device_named_uart_0/fragmenter/repeater/nstop
chiptop0/system/pbus/coupler_to_device_named_uart_0/fragmenter/repeater/readys_mask_reg[1]
chiptop0/system/pbus/coupler_to_device_named_uart_0/fragmenter/repeater/readys_mask_reg[1]_0
chiptop0/system/pbus/coupler_to_device_named_uart_0/fragmenter/repeater/readys_mask_reg[1]_1
chiptop0/system/pbus/coupler_to_device_named_uart_0/fragmenter/repeater/rxen
chiptop0/system/pbus/coupler_to_device_named_uart_0/fragmenter/repeater/rxwm_reg[0]
chiptop0/system/pbus/coupler_to_device_named_uart_0/fragmenter/repeater/saved_address_reg[11]_0
chiptop0/system/pbus/coupler_to_device_named_uart_0/fragmenter/repeater/saved_address_reg[11]_1
chiptop0/system/pbus/coupler_to_device_named_uart_0/fragmenter/repeater/saved_address_reg[11]_2
chiptop0/system/pbus/coupler_to_device_named_uart_0/fragmenter/repeater/saved_address_reg[11]_3[0]
chiptop0/system/pbus/coupler_to_device_named_uart_0/fragmenter/repeater/saved_address_reg[11]_3[1]
chiptop0/system/pbus/coupler_to_device_named_uart_0/fragmenter/repeater/saved_address_reg[11]_3[2]
chiptop0/system/pbus/coupler_to_device_named_uart_0/fragmenter/repeater/saved_address_reg[11]_3[3]
chiptop0/system/pbus/coupler_to_device_named_uart_0/fragmenter/repeater/saved_address_reg[11]_3[4]
chiptop0/system/pbus/coupler_to_device_named_uart_0/fragmenter/repeater/saved_address_reg[11]_3[5]
chiptop0/system/pbus/coupler_to_device_named_uart_0/fragmenter/repeater/saved_address_reg[11]_3[6]
chiptop0/system/pbus/coupler_to_device_named_uart_0/fragmenter/repeater/saved_address_reg[11]_3[7]
chiptop0/system/pbus/coupler_to_device_named_uart_0/fragmenter/repeater/saved_address_reg[11]_3[8]
chiptop0/system/pbus/coupler_to_device_named_uart_0/fragmenter/repeater/saved_address_reg_n_0_[10]
chiptop0/system/pbus/coupler_to_device_named_uart_0/fragmenter/repeater/saved_address_reg_n_0_[11]
chiptop0/system/pbus/coupler_to_device_named_uart_0/fragmenter/repeater/saved_address_reg_n_0_[3]
chiptop0/system/pbus/coupler_to_device_named_uart_0/fragmenter/repeater/saved_address_reg_n_0_[4]
chiptop0/system/pbus/coupler_to_device_named_uart_0/fragmenter/repeater/saved_address_reg_n_0_[5]
chiptop0/system/pbus/coupler_to_device_named_uart_0/fragmenter/repeater/saved_address_reg_n_0_[6]
chiptop0/system/pbus/coupler_to_device_named_uart_0/fragmenter/repeater/saved_address_reg_n_0_[7]
chiptop0/system/pbus/coupler_to_device_named_uart_0/fragmenter/repeater/saved_address_reg_n_0_[8]
chiptop0/system/pbus/coupler_to_device_named_uart_0/fragmenter/repeater/saved_address_reg_n_0_[9]
chiptop0/system/pbus/coupler_to_device_named_uart_0/fragmenter/repeater/saved_opcode[0]
chiptop0/system/pbus/coupler_to_device_named_uart_0/fragmenter/repeater/saved_opcode[1]
chiptop0/system/pbus/coupler_to_device_named_uart_0/fragmenter/repeater/saved_opcode[2]
chiptop0/system/pbus/coupler_to_device_named_uart_0/fragmenter/repeater/saved_opcode_reg[0]_0
chiptop0/system/pbus/coupler_to_device_named_uart_0/fragmenter/repeater/saved_size_reg[2]_0[0]
chiptop0/system/pbus/coupler_to_device_named_uart_0/fragmenter/repeater/saved_size_reg_n_0_[0]
chiptop0/system/pbus/coupler_to_device_named_uart_0/fragmenter/repeater/saved_size_reg_n_0_[1]
chiptop0/system/pbus/coupler_to_device_named_uart_0/fragmenter/repeater/saved_size_reg_n_0_[2]
chiptop0/system/pbus/coupler_to_device_named_uart_0/fragmenter/repeater/saved_source[2]
chiptop0/system/pbus/coupler_to_device_named_uart_0/fragmenter/repeater/saved_source_reg[1]_0[0]
chiptop0/system/pbus/coupler_to_device_named_uart_0/fragmenter/repeater/saved_source_reg[1]_0[1]
chiptop0/system/pbus/coupler_to_device_named_uart_0/fragmenter/repeater/saved_source_reg[2]_0
chiptop0/system/pbus/coupler_to_device_named_uart_0/fragmenter/repeater/state_1_reg
chiptop0/system/pbus/coupler_to_device_named_uart_0/fragmenter/repeater_n_10
chiptop0/system/pbus/coupler_to_device_named_uart_0/fragmenter/repeater_n_20
chiptop0/system/pbus/coupler_to_device_named_uart_0/fragmenter/repeater_n_21
chiptop0/system/pbus/coupler_to_device_named_uart_0/fragmenter/repeater_n_22
chiptop0/system/pbus/coupler_to_device_named_uart_0/fragmenter/repeater_n_6
chiptop0/system/pbus/coupler_to_device_named_uart_0/fragmenter/repeater_n_7
chiptop0/system/pbus/coupler_to_device_named_uart_0/fragmenter/repeater_n_8
chiptop0/system/pbus/coupler_to_device_named_uart_0/fragmenter/repeater_n_9
chiptop0/system/pbus/coupler_to_device_named_uart_0/fragmenter/rxen
chiptop0/system/pbus/coupler_to_device_named_uart_0/fragmenter/rxwm_reg[0]
chiptop0/system/pbus/coupler_to_device_named_uart_0/fragmenter/saved_address_reg[11]
chiptop0/system/pbus/coupler_to_device_named_uart_0/fragmenter/saved_address_reg[11]_0
chiptop0/system/pbus/coupler_to_device_named_uart_0/fragmenter/saved_address_reg[11]_1
chiptop0/system/pbus/coupler_to_device_named_uart_0/fragmenter/saved_address_reg[11]_2[0]
chiptop0/system/pbus/coupler_to_device_named_uart_0/fragmenter/saved_address_reg[11]_2[1]
chiptop0/system/pbus/coupler_to_device_named_uart_0/fragmenter/saved_address_reg[11]_2[2]
chiptop0/system/pbus/coupler_to_device_named_uart_0/fragmenter/saved_address_reg[11]_2[3]
chiptop0/system/pbus/coupler_to_device_named_uart_0/fragmenter/saved_address_reg[11]_2[4]
chiptop0/system/pbus/coupler_to_device_named_uart_0/fragmenter/saved_address_reg[11]_2[5]
chiptop0/system/pbus/coupler_to_device_named_uart_0/fragmenter/saved_address_reg[11]_2[6]
chiptop0/system/pbus/coupler_to_device_named_uart_0/fragmenter/saved_address_reg[11]_2[7]
chiptop0/system/pbus/coupler_to_device_named_uart_0/fragmenter/saved_address_reg[11]_2[8]
chiptop0/system/pbus/coupler_to_device_named_uart_0/fragmenter/saved_opcode_reg[0]
chiptop0/system/pbus/coupler_to_device_named_uart_0/fragmenter/saved_size_reg[2][0]
chiptop0/system/pbus/coupler_to_device_named_uart_0/fragmenter/saved_source_reg[1][0]
chiptop0/system/pbus/coupler_to_device_named_uart_0/fragmenter/saved_source_reg[1][1]
chiptop0/system/pbus/coupler_to_device_named_uart_0/fragmenter/saved_source_reg[2]
chiptop0/system/pbus/coupler_to_device_named_uart_0/fragmenter/state_1_reg
chiptop0/system/pbus/coupler_to_device_named_uart_0/full_reg
chiptop0/system/pbus/coupler_to_device_named_uart_0/full_reg_0
chiptop0/system/pbus/coupler_to_device_named_uart_0/full_reg_1[0]
chiptop0/system/pbus/coupler_to_device_named_uart_0/full_reg_2[0]
chiptop0/system/pbus/coupler_to_device_named_uart_0/full_reg_3[0]
chiptop0/system/pbus/coupler_to_device_named_uart_0/full_reg_4[0]
chiptop0/system/pbus/coupler_to_device_named_uart_0/full_reg_5
chiptop0/system/pbus/coupler_to_device_named_uart_0/full_reg_6
chiptop0/system/pbus/coupler_to_device_named_uart_0/full_reg_7
chiptop0/system/pbus/coupler_to_device_named_uart_0/gennum_reg[0]
chiptop0/system/pbus/coupler_to_device_named_uart_0/gennum_reg[1]
chiptop0/system/pbus/coupler_to_device_named_uart_0/gennum_reg[1]_0
chiptop0/system/pbus/coupler_to_device_named_uart_0/ie_rxwm
chiptop0/system/pbus/coupler_to_device_named_uart_0/ie_rxwm0
chiptop0/system/pbus/coupler_to_device_named_uart_0/ie_rxwm_reg
chiptop0/system/pbus/coupler_to_device_named_uart_0/ie_txwm
chiptop0/system/pbus/coupler_to_device_named_uart_0/io_enq_bits_size[0]
chiptop0/system/pbus/coupler_to_device_named_uart_0/io_enq_bits_size[1]
chiptop0/system/pbus/coupler_to_device_named_uart_0/io_enq_bits_size[2]
chiptop0/system/pbus/coupler_to_device_named_uart_0/nstop
chiptop0/system/pbus/coupler_to_device_named_uart_0/readys_mask_reg[1]
chiptop0/system/pbus/coupler_to_device_named_uart_0/readys_mask_reg[1]_0
chiptop0/system/pbus/coupler_to_device_named_uart_0/readys_mask_reg[1]_1
chiptop0/system/pbus/coupler_to_device_named_uart_0/rxen
chiptop0/system/pbus/coupler_to_device_named_uart_0/rxwm_reg[0]
chiptop0/system/pbus/coupler_to_device_named_uart_0/saved_address_reg[11]
chiptop0/system/pbus/coupler_to_device_named_uart_0/saved_address_reg[11]_0
chiptop0/system/pbus/coupler_to_device_named_uart_0/saved_address_reg[11]_1
chiptop0/system/pbus/coupler_to_device_named_uart_0/saved_address_reg[11]_2[0]
chiptop0/system/pbus/coupler_to_device_named_uart_0/saved_address_reg[11]_2[1]
chiptop0/system/pbus/coupler_to_device_named_uart_0/saved_address_reg[11]_2[2]
chiptop0/system/pbus/coupler_to_device_named_uart_0/saved_address_reg[11]_2[3]
chiptop0/system/pbus/coupler_to_device_named_uart_0/saved_address_reg[11]_2[4]
chiptop0/system/pbus/coupler_to_device_named_uart_0/saved_address_reg[11]_2[5]
chiptop0/system/pbus/coupler_to_device_named_uart_0/saved_address_reg[11]_2[6]
chiptop0/system/pbus/coupler_to_device_named_uart_0/saved_address_reg[11]_2[7]
chiptop0/system/pbus/coupler_to_device_named_uart_0/saved_address_reg[11]_2[8]
chiptop0/system/pbus/coupler_to_device_named_uart_0/saved_opcode_reg[0]
chiptop0/system/pbus/coupler_to_device_named_uart_0/saved_size_reg[2][0]
chiptop0/system/pbus/coupler_to_device_named_uart_0/saved_source_reg[1][0]
chiptop0/system/pbus/coupler_to_device_named_uart_0/saved_source_reg[1][1]
chiptop0/system/pbus/coupler_to_device_named_uart_0/saved_source_reg[2]
chiptop0/system/pbus/coupler_to_device_named_uart_0/state_1_reg
chiptop0/system/pbus/coupler_to_device_named_uart_0_n_1
chiptop0/system/pbus/coupler_to_device_named_uart_0_n_10
chiptop0/system/pbus/coupler_to_device_named_uart_0_n_11
chiptop0/system/pbus/coupler_to_device_named_uart_0_n_12
chiptop0/system/pbus/coupler_to_device_named_uart_0_n_13
chiptop0/system/pbus/coupler_to_device_named_uart_0_n_14
chiptop0/system/pbus/coupler_to_device_named_uart_0_n_15
chiptop0/system/pbus/coupler_to_device_named_uart_0_n_2
chiptop0/system/pbus/coupler_to_device_named_uart_0_n_21
chiptop0/system/pbus/coupler_to_device_named_uart_0_n_23
chiptop0/system/pbus/coupler_to_device_named_uart_0_n_25
chiptop0/system/pbus/coupler_to_device_named_uart_0_n_4
chiptop0/system/pbus/coupler_to_device_named_uart_0_n_5
chiptop0/system/pbus/coupler_to_device_named_uart_0_n_6
chiptop0/system/pbus/coupler_to_device_named_uart_0_n_7
chiptop0/system/pbus/coupler_to_device_named_uart_0_n_8
chiptop0/system/pbus/coupler_to_device_named_uart_0_n_9
chiptop0/system/pbus/out_xbar/_uartClockDomainWrapper_auto_uart_0_control_xing_in_d_bits_data[0]
chiptop0/system/pbus/out_xbar/_uartClockDomainWrapper_auto_uart_0_control_xing_in_d_bits_data[1]
chiptop0/system/plic_domain/_uartClockDomainWrapper_auto_uart_0_int_xing_out_sync_0
chiptop0/system/plic_domain/plic/_uartClockDomainWrapper_auto_uart_0_int_xing_out_sync_0
chiptop0/system/plic_domain/plic/gateways_gateway/_uartClockDomainWrapper_auto_uart_0_int_xing_out_sync_0
chiptop0/system/plic_domain/plic/out_back_front_q/_uartClockDomainWrapper_auto_uart_0_int_xing_out_sync_0
chiptop0/system/uartClockDomainWrapper/E[0]
chiptop0/system/uartClockDomainWrapper/Memory_reg_0_1_70_77_i_7
chiptop0/system/uartClockDomainWrapper/Q[0]
chiptop0/system/uartClockDomainWrapper/Q[10]
chiptop0/system/uartClockDomainWrapper/Q[11]
chiptop0/system/uartClockDomainWrapper/Q[12]
chiptop0/system/uartClockDomainWrapper/Q[13]
chiptop0/system/uartClockDomainWrapper/Q[14]
chiptop0/system/uartClockDomainWrapper/Q[15]
chiptop0/system/uartClockDomainWrapper/Q[1]
chiptop0/system/uartClockDomainWrapper/Q[2]
chiptop0/system/uartClockDomainWrapper/Q[3]
chiptop0/system/uartClockDomainWrapper/Q[4]
chiptop0/system/uartClockDomainWrapper/Q[5]
chiptop0/system/uartClockDomainWrapper/Q[6]
chiptop0/system/uartClockDomainWrapper/Q[7]
chiptop0/system/uartClockDomainWrapper/Q[8]
chiptop0/system/uartClockDomainWrapper/Q[9]
chiptop0/system/uartClockDomainWrapper/R0_data0[0]
chiptop0/system/uartClockDomainWrapper/R0_data0[10]
chiptop0/system/uartClockDomainWrapper/R0_data0[11]
chiptop0/system/uartClockDomainWrapper/R0_data0[12]
chiptop0/system/uartClockDomainWrapper/R0_data0[13]
chiptop0/system/uartClockDomainWrapper/R0_data0[14]
chiptop0/system/uartClockDomainWrapper/R0_data0[15]
chiptop0/system/uartClockDomainWrapper/R0_data0[16]
chiptop0/system/uartClockDomainWrapper/R0_data0[17]
chiptop0/system/uartClockDomainWrapper/R0_data0[18]
chiptop0/system/uartClockDomainWrapper/R0_data0[19]
chiptop0/system/uartClockDomainWrapper/R0_data0[1]
chiptop0/system/uartClockDomainWrapper/R0_data0[20]
chiptop0/system/uartClockDomainWrapper/R0_data0[21]
chiptop0/system/uartClockDomainWrapper/R0_data0[22]
chiptop0/system/uartClockDomainWrapper/R0_data0[23]
chiptop0/system/uartClockDomainWrapper/R0_data0[2]
chiptop0/system/uartClockDomainWrapper/R0_data0[3]
chiptop0/system/uartClockDomainWrapper/R0_data0[4]
chiptop0/system/uartClockDomainWrapper/R0_data0[5]
chiptop0/system/uartClockDomainWrapper/R0_data0[6]
chiptop0/system/uartClockDomainWrapper/R0_data0[7]
chiptop0/system/uartClockDomainWrapper/R0_data0[8]
chiptop0/system/uartClockDomainWrapper/R0_data0[9]
chiptop0/system/uartClockDomainWrapper/SR[0]
chiptop0/system/uartClockDomainWrapper/_GEN[1]_66[0]
chiptop0/system/uartClockDomainWrapper/_rxq_io_deq_bits[0]
chiptop0/system/uartClockDomainWrapper/_rxq_io_deq_bits[1]
chiptop0/system/uartClockDomainWrapper/_rxq_io_deq_bits[2]
chiptop0/system/uartClockDomainWrapper/_rxq_io_deq_bits[3]
chiptop0/system/uartClockDomainWrapper/_rxq_io_deq_bits[4]
chiptop0/system/uartClockDomainWrapper/_rxq_io_deq_bits[5]
chiptop0/system/uartClockDomainWrapper/_rxq_io_deq_bits[6]
chiptop0/system/uartClockDomainWrapper/_rxq_io_deq_bits[7]
chiptop0/system/uartClockDomainWrapper/_sbus_auto_fixedClockNode_anon_out_1_reset
chiptop0/system/uartClockDomainWrapper/_uartClockDomainWrapper_auto_uart_0_control_xing_in_d_bits_opcode[0]
chiptop0/system/uartClockDomainWrapper/_uartClockDomainWrapper_auto_uart_0_int_xing_out_sync_0
chiptop0/system/uartClockDomainWrapper/auto_io_out_rxd
chiptop0/system/uartClockDomainWrapper/clk_out1
chiptop0/system/uartClockDomainWrapper/deq_ptr_value_reg[2][0]
chiptop0/system/uartClockDomainWrapper/do_enq
chiptop0/system/uartClockDomainWrapper/ie_rxwm
chiptop0/system/uartClockDomainWrapper/ie_rxwm0
chiptop0/system/uartClockDomainWrapper/ie_txwm
chiptop0/system/uartClockDomainWrapper/maybe_full_reg
chiptop0/system/uartClockDomainWrapper/maybe_full_reg_0
chiptop0/system/uartClockDomainWrapper/maybe_full_reg_1
chiptop0/system/uartClockDomainWrapper/maybe_full_reg_2
chiptop0/system/uartClockDomainWrapper/maybe_full_reg_3
chiptop0/system/uartClockDomainWrapper/maybe_full_reg_4
chiptop0/system/uartClockDomainWrapper/maybe_full_reg_5
chiptop0/system/uartClockDomainWrapper/maybe_full_reg_6
chiptop0/system/uartClockDomainWrapper/nstop
chiptop0/system/uartClockDomainWrapper/rxen
chiptop0/system/uartClockDomainWrapper/rxen_reg
chiptop0/system/uartClockDomainWrapper/rxwm_reg[0][0]
chiptop0/system/uartClockDomainWrapper/rxwm_reg[3][0]
chiptop0/system/uartClockDomainWrapper/rxwm_reg[3][1]
chiptop0/system/uartClockDomainWrapper/rxwm_reg[3][2]
chiptop0/system/uartClockDomainWrapper/rxwm_reg[3][3]
chiptop0/system/uartClockDomainWrapper/txen0
chiptop0/system/uartClockDomainWrapper/txwm_reg[0][0]
chiptop0/system/uartClockDomainWrapper/txwm_reg[3]
chiptop0/system/uartClockDomainWrapper/txwm_reg[3]_0[0]
chiptop0/system/uartClockDomainWrapper/txwm_reg[3]_0[1]
chiptop0/system/uartClockDomainWrapper/txwm_reg[3]_0[2]
chiptop0/system/uartClockDomainWrapper/txwm_reg[3]_0[3]
chiptop0/system/uartClockDomainWrapper/uart_0/<const1>
chiptop0/system/uartClockDomainWrapper/uart_0/E[0]
chiptop0/system/uartClockDomainWrapper/uart_0/Memory_reg_0_1_70_77_i_7
chiptop0/system/uartClockDomainWrapper/uart_0/Q[0]
chiptop0/system/uartClockDomainWrapper/uart_0/Q[10]
chiptop0/system/uartClockDomainWrapper/uart_0/Q[11]
chiptop0/system/uartClockDomainWrapper/uart_0/Q[12]
chiptop0/system/uartClockDomainWrapper/uart_0/Q[13]
chiptop0/system/uartClockDomainWrapper/uart_0/Q[14]
chiptop0/system/uartClockDomainWrapper/uart_0/Q[15]
chiptop0/system/uartClockDomainWrapper/uart_0/Q[1]
chiptop0/system/uartClockDomainWrapper/uart_0/Q[2]
chiptop0/system/uartClockDomainWrapper/uart_0/Q[3]
chiptop0/system/uartClockDomainWrapper/uart_0/Q[4]
chiptop0/system/uartClockDomainWrapper/uart_0/Q[5]
chiptop0/system/uartClockDomainWrapper/uart_0/Q[6]
chiptop0/system/uartClockDomainWrapper/uart_0/Q[7]
chiptop0/system/uartClockDomainWrapper/uart_0/Q[8]
chiptop0/system/uartClockDomainWrapper/uart_0/Q[9]
chiptop0/system/uartClockDomainWrapper/uart_0/R0_data0[0]
chiptop0/system/uartClockDomainWrapper/uart_0/R0_data0[10]
chiptop0/system/uartClockDomainWrapper/uart_0/R0_data0[11]
chiptop0/system/uartClockDomainWrapper/uart_0/R0_data0[12]
chiptop0/system/uartClockDomainWrapper/uart_0/R0_data0[13]
chiptop0/system/uartClockDomainWrapper/uart_0/R0_data0[14]
chiptop0/system/uartClockDomainWrapper/uart_0/R0_data0[15]
chiptop0/system/uartClockDomainWrapper/uart_0/R0_data0[16]
chiptop0/system/uartClockDomainWrapper/uart_0/R0_data0[17]
chiptop0/system/uartClockDomainWrapper/uart_0/R0_data0[18]
chiptop0/system/uartClockDomainWrapper/uart_0/R0_data0[19]
chiptop0/system/uartClockDomainWrapper/uart_0/R0_data0[1]
chiptop0/system/uartClockDomainWrapper/uart_0/R0_data0[20]
chiptop0/system/uartClockDomainWrapper/uart_0/R0_data0[21]
chiptop0/system/uartClockDomainWrapper/uart_0/R0_data0[22]
chiptop0/system/uartClockDomainWrapper/uart_0/R0_data0[23]
chiptop0/system/uartClockDomainWrapper/uart_0/R0_data0[2]
chiptop0/system/uartClockDomainWrapper/uart_0/R0_data0[3]
chiptop0/system/uartClockDomainWrapper/uart_0/R0_data0[4]
chiptop0/system/uartClockDomainWrapper/uart_0/R0_data0[5]
chiptop0/system/uartClockDomainWrapper/uart_0/R0_data0[6]
chiptop0/system/uartClockDomainWrapper/uart_0/R0_data0[7]
chiptop0/system/uartClockDomainWrapper/uart_0/R0_data0[8]
chiptop0/system/uartClockDomainWrapper/uart_0/R0_data0[9]
chiptop0/system/uartClockDomainWrapper/uart_0/R0_data0_0[0]
chiptop0/system/uartClockDomainWrapper/uart_0/R0_data0_0[1]
chiptop0/system/uartClockDomainWrapper/uart_0/R0_data0_0[2]
chiptop0/system/uartClockDomainWrapper/uart_0/R0_data0_0[3]
chiptop0/system/uartClockDomainWrapper/uart_0/R0_data0_0[4]
chiptop0/system/uartClockDomainWrapper/uart_0/R0_data0_0[5]
chiptop0/system/uartClockDomainWrapper/uart_0/R0_data0_0[6]
chiptop0/system/uartClockDomainWrapper/uart_0/R0_data0_0[7]
chiptop0/system/uartClockDomainWrapper/uart_0/SR[0]
chiptop0/system/uartClockDomainWrapper/uart_0/_GEN[1]_66[0]
chiptop0/system/uartClockDomainWrapper/uart_0/_rxm_io_out_bits[1]
chiptop0/system/uartClockDomainWrapper/uart_0/_rxm_io_out_bits[2]
chiptop0/system/uartClockDomainWrapper/uart_0/_rxm_io_out_bits[3]
chiptop0/system/uartClockDomainWrapper/uart_0/_rxm_io_out_bits[4]
chiptop0/system/uartClockDomainWrapper/uart_0/_rxm_io_out_bits[5]
chiptop0/system/uartClockDomainWrapper/uart_0/_rxm_io_out_bits[6]
chiptop0/system/uartClockDomainWrapper/uart_0/_rxm_io_out_bits[7]
chiptop0/system/uartClockDomainWrapper/uart_0/_rxm_io_out_valid
chiptop0/system/uartClockDomainWrapper/uart_0/_rxq_io_deq_bits[0]
chiptop0/system/uartClockDomainWrapper/uart_0/_rxq_io_deq_bits[1]
chiptop0/system/uartClockDomainWrapper/uart_0/_rxq_io_deq_bits[2]
chiptop0/system/uartClockDomainWrapper/uart_0/_rxq_io_deq_bits[3]
chiptop0/system/uartClockDomainWrapper/uart_0/_rxq_io_deq_bits[4]
chiptop0/system/uartClockDomainWrapper/uart_0/_rxq_io_deq_bits[5]
chiptop0/system/uartClockDomainWrapper/uart_0/_rxq_io_deq_bits[6]
chiptop0/system/uartClockDomainWrapper/uart_0/_rxq_io_deq_bits[7]
chiptop0/system/uartClockDomainWrapper/uart_0/_sbus_auto_fixedClockNode_anon_out_1_reset
chiptop0/system/uartClockDomainWrapper/uart_0/_uartClockDomainWrapper_auto_uart_0_control_xing_in_d_bits_opcode[0]
chiptop0/system/uartClockDomainWrapper/uart_0/_uartClockDomainWrapper_auto_uart_0_int_xing_out_sync_0
chiptop0/system/uartClockDomainWrapper/uart_0/auto_io_out_rxd
chiptop0/system/uartClockDomainWrapper/uart_0/clk_out1
chiptop0/system/uartClockDomainWrapper/uart_0/deq_ptr_value_reg[2][0]
chiptop0/system/uartClockDomainWrapper/uart_0/do_deq
chiptop0/system/uartClockDomainWrapper/uart_0/do_enq
chiptop0/system/uartClockDomainWrapper/uart_0/ie_rxwm
chiptop0/system/uartClockDomainWrapper/uart_0/ie_rxwm0
chiptop0/system/uartClockDomainWrapper/uart_0/ie_txwm
chiptop0/system/uartClockDomainWrapper/uart_0/intsource/_sbus_auto_fixedClockNode_anon_out_1_reset
chiptop0/system/uartClockDomainWrapper/uart_0/intsource/_uartClockDomainWrapper_auto_uart_0_int_xing_out_sync_0
chiptop0/system/uartClockDomainWrapper/uart_0/intsource/clk_out1
chiptop0/system/uartClockDomainWrapper/uart_0/intsource/reg_0/<const1>
chiptop0/system/uartClockDomainWrapper/uart_0/intsource/reg_0/_sbus_auto_fixedClockNode_anon_out_1_reset
chiptop0/system/uartClockDomainWrapper/uart_0/intsource/reg_0/_uartClockDomainWrapper_auto_uart_0_int_xing_out_sync_0
chiptop0/system/uartClockDomainWrapper/uart_0/intsource/reg_0/clk_out1
chiptop0/system/uartClockDomainWrapper/uart_0/intsource/reg_0/reg_0_reg_0
chiptop0/system/uartClockDomainWrapper/uart_0/intsource/reg_0_reg
chiptop0/system/uartClockDomainWrapper/uart_0/maybe_full_reg
chiptop0/system/uartClockDomainWrapper/uart_0/maybe_full_reg_0
chiptop0/system/uartClockDomainWrapper/uart_0/maybe_full_reg_1
chiptop0/system/uartClockDomainWrapper/uart_0/maybe_full_reg_2
chiptop0/system/uartClockDomainWrapper/uart_0/maybe_full_reg_3
chiptop0/system/uartClockDomainWrapper/uart_0/maybe_full_reg_4
chiptop0/system/uartClockDomainWrapper/uart_0/maybe_full_reg_5
chiptop0/system/uartClockDomainWrapper/uart_0/maybe_full_reg_6
chiptop0/system/uartClockDomainWrapper/uart_0/nstop
chiptop0/system/uartClockDomainWrapper/uart_0/prescaler0
chiptop0/system/uartClockDomainWrapper/uart_0/rxen
chiptop0/system/uartClockDomainWrapper/uart_0/rxen_reg_0
chiptop0/system/uartClockDomainWrapper/uart_0/rxm/<const0>
chiptop0/system/uartClockDomainWrapper/uart_0/rxm/<const1>
chiptop0/system/uartClockDomainWrapper/uart_0/rxm/GND_2
chiptop0/system/uartClockDomainWrapper/uart_0/rxm/Q[0]
chiptop0/system/uartClockDomainWrapper/uart_0/rxm/Q[10]
chiptop0/system/uartClockDomainWrapper/uart_0/rxm/Q[11]
chiptop0/system/uartClockDomainWrapper/uart_0/rxm/Q[12]
chiptop0/system/uartClockDomainWrapper/uart_0/rxm/Q[13]
chiptop0/system/uartClockDomainWrapper/uart_0/rxm/Q[14]
chiptop0/system/uartClockDomainWrapper/uart_0/rxm/Q[15]
chiptop0/system/uartClockDomainWrapper/uart_0/rxm/Q[1]
chiptop0/system/uartClockDomainWrapper/uart_0/rxm/Q[2]
chiptop0/system/uartClockDomainWrapper/uart_0/rxm/Q[3]
chiptop0/system/uartClockDomainWrapper/uart_0/rxm/Q[4]
chiptop0/system/uartClockDomainWrapper/uart_0/rxm/Q[5]
chiptop0/system/uartClockDomainWrapper/uart_0/rxm/Q[6]
chiptop0/system/uartClockDomainWrapper/uart_0/rxm/Q[7]
chiptop0/system/uartClockDomainWrapper/uart_0/rxm/Q[8]
chiptop0/system/uartClockDomainWrapper/uart_0/rxm/Q[9]
chiptop0/system/uartClockDomainWrapper/uart_0/rxm/SR[0]
chiptop0/system/uartClockDomainWrapper/uart_0/rxm/_GEN_0
chiptop0/system/uartClockDomainWrapper/uart_0/rxm/_rxm_io_out_valid
chiptop0/system/uartClockDomainWrapper/uart_0/rxm/_sbus_auto_fixedClockNode_anon_out_1_reset
chiptop0/system/uartClockDomainWrapper/uart_0/rxm/auto_io_out_rxd
chiptop0/system/uartClockDomainWrapper/uart_0/rxm/clk_out1
chiptop0/system/uartClockDomainWrapper/uart_0/rxm/data_count[0]
chiptop0/system/uartClockDomainWrapper/uart_0/rxm/data_count[1]
chiptop0/system/uartClockDomainWrapper/uart_0/rxm/data_count[2]
chiptop0/system/uartClockDomainWrapper/uart_0/rxm/data_count[3]
chiptop0/system/uartClockDomainWrapper/uart_0/rxm/data_count[3]_i_1_n_0
chiptop0/system/uartClockDomainWrapper/uart_0/rxm/data_count[3]_i_4_n_0
chiptop0/system/uartClockDomainWrapper/uart_0/rxm/data_count[3]_i_5_n_0
chiptop0/system/uartClockDomainWrapper/uart_0/rxm/data_count[3]_i_6_n_0
chiptop0/system/uartClockDomainWrapper/uart_0/rxm/data_count[3]_i_7_n_0
chiptop0/system/uartClockDomainWrapper/uart_0/rxm/data_count_0
chiptop0/system/uartClockDomainWrapper/uart_0/rxm/debounce[0]
chiptop0/system/uartClockDomainWrapper/uart_0/rxm/debounce[0]_i_1_n_0
chiptop0/system/uartClockDomainWrapper/uart_0/rxm/debounce[1]
chiptop0/system/uartClockDomainWrapper/uart_0/rxm/debounce[1]_i_3_n_0
chiptop0/system/uartClockDomainWrapper/uart_0/rxm/debounce_1
chiptop0/system/uartClockDomainWrapper/uart_0/rxm/in[5]
chiptop0/system/uartClockDomainWrapper/uart_0/rxm/p_0_in
chiptop0/system/uartClockDomainWrapper/uart_0/rxm/p_1_in[0]
chiptop0/system/uartClockDomainWrapper/uart_0/rxm/p_1_in[1]
chiptop0/system/uartClockDomainWrapper/uart_0/rxm/p_1_in[2]
chiptop0/system/uartClockDomainWrapper/uart_0/rxm/p_1_in[3]
chiptop0/system/uartClockDomainWrapper/uart_0/rxm/p_1_in_2
chiptop0/system/uartClockDomainWrapper/uart_0/rxm/p_4_out__0[7]
chiptop0/system/uartClockDomainWrapper/uart_0/rxm/prescaler0[0]
chiptop0/system/uartClockDomainWrapper/uart_0/rxm/prescaler0[10]
chiptop0/system/uartClockDomainWrapper/uart_0/rxm/prescaler0[11]
chiptop0/system/uartClockDomainWrapper/uart_0/rxm/prescaler0[12]
chiptop0/system/uartClockDomainWrapper/uart_0/rxm/prescaler0[1]
chiptop0/system/uartClockDomainWrapper/uart_0/rxm/prescaler0[2]
chiptop0/system/uartClockDomainWrapper/uart_0/rxm/prescaler0[3]
chiptop0/system/uartClockDomainWrapper/uart_0/rxm/prescaler0[4]
chiptop0/system/uartClockDomainWrapper/uart_0/rxm/prescaler0[5]
chiptop0/system/uartClockDomainWrapper/uart_0/rxm/prescaler0[6]
chiptop0/system/uartClockDomainWrapper/uart_0/rxm/prescaler0[7]
chiptop0/system/uartClockDomainWrapper/uart_0/rxm/prescaler0[8]
chiptop0/system/uartClockDomainWrapper/uart_0/rxm/prescaler0[9]
chiptop0/system/uartClockDomainWrapper/uart_0/rxm/prescaler0_carry__0_i_1_n_0
chiptop0/system/uartClockDomainWrapper/uart_0/rxm/prescaler0_carry__0_i_2_n_0
chiptop0/system/uartClockDomainWrapper/uart_0/rxm/prescaler0_carry__0_i_3_n_0
chiptop0/system/uartClockDomainWrapper/uart_0/rxm/prescaler0_carry__0_i_4_n_0
chiptop0/system/uartClockDomainWrapper/uart_0/rxm/prescaler0_carry__0_i_5_n_0
chiptop0/system/uartClockDomainWrapper/uart_0/rxm/prescaler0_carry__0_n_4
chiptop0/system/uartClockDomainWrapper/uart_0/rxm/prescaler0_carry__0_n_5
chiptop0/system/uartClockDomainWrapper/uart_0/rxm/prescaler0_carry__0_n_6
chiptop0/system/uartClockDomainWrapper/uart_0/rxm/prescaler0_carry__0_n_7
chiptop0/system/uartClockDomainWrapper/uart_0/rxm/prescaler0_carry_i_10_n_0
chiptop0/system/uartClockDomainWrapper/uart_0/rxm/prescaler0_carry_i_11_n_0
chiptop0/system/uartClockDomainWrapper/uart_0/rxm/prescaler0_carry_i_2_n_0
chiptop0/system/uartClockDomainWrapper/uart_0/rxm/prescaler0_carry_i_3_n_0
chiptop0/system/uartClockDomainWrapper/uart_0/rxm/prescaler0_carry_i_4_n_0
chiptop0/system/uartClockDomainWrapper/uart_0/rxm/prescaler0_carry_i_5_n_0
chiptop0/system/uartClockDomainWrapper/uart_0/rxm/prescaler0_carry_i_6_n_0
chiptop0/system/uartClockDomainWrapper/uart_0/rxm/prescaler0_carry_i_7_n_0
chiptop0/system/uartClockDomainWrapper/uart_0/rxm/prescaler0_carry_i_8_n_0
chiptop0/system/uartClockDomainWrapper/uart_0/rxm/prescaler0_carry_i_9_n_0
chiptop0/system/uartClockDomainWrapper/uart_0/rxm/prescaler0_carry_n_0
chiptop0/system/uartClockDomainWrapper/uart_0/rxm/prescaler0_carry_n_1
chiptop0/system/uartClockDomainWrapper/uart_0/rxm/prescaler0_carry_n_2
chiptop0/system/uartClockDomainWrapper/uart_0/rxm/prescaler0_carry_n_3
chiptop0/system/uartClockDomainWrapper/uart_0/rxm/prescaler0_carry_n_4
chiptop0/system/uartClockDomainWrapper/uart_0/rxm/prescaler0_carry_n_5
chiptop0/system/uartClockDomainWrapper/uart_0/rxm/prescaler0_carry_n_6
chiptop0/system/uartClockDomainWrapper/uart_0/rxm/prescaler0_carry_n_7
chiptop0/system/uartClockDomainWrapper/uart_0/rxm/prescaler_reg[0]
chiptop0/system/uartClockDomainWrapper/uart_0/rxm/prescaler_reg[10]
chiptop0/system/uartClockDomainWrapper/uart_0/rxm/prescaler_reg[11]
chiptop0/system/uartClockDomainWrapper/uart_0/rxm/prescaler_reg[12]
chiptop0/system/uartClockDomainWrapper/uart_0/rxm/prescaler_reg[1]
chiptop0/system/uartClockDomainWrapper/uart_0/rxm/prescaler_reg[2]
chiptop0/system/uartClockDomainWrapper/uart_0/rxm/prescaler_reg[3]
chiptop0/system/uartClockDomainWrapper/uart_0/rxm/prescaler_reg[4]
chiptop0/system/uartClockDomainWrapper/uart_0/rxm/prescaler_reg[5]
chiptop0/system/uartClockDomainWrapper/uart_0/rxm/prescaler_reg[6]
chiptop0/system/uartClockDomainWrapper/uart_0/rxm/prescaler_reg[7]
chiptop0/system/uartClockDomainWrapper/uart_0/rxm/prescaler_reg[8]
chiptop0/system/uartClockDomainWrapper/uart_0/rxm/prescaler_reg[9]
chiptop0/system/uartClockDomainWrapper/uart_0/rxm/sample_count[0]
chiptop0/system/uartClockDomainWrapper/uart_0/rxm/sample_count[0]_i_1_n_0
chiptop0/system/uartClockDomainWrapper/uart_0/rxm/sample_count[1]
chiptop0/system/uartClockDomainWrapper/uart_0/rxm/sample_count[1]_i_1_n_0
chiptop0/system/uartClockDomainWrapper/uart_0/rxm/sample_count[2]
chiptop0/system/uartClockDomainWrapper/uart_0/rxm/sample_count[2]_i_1_n_0
chiptop0/system/uartClockDomainWrapper/uart_0/rxm/sample_count[3]
chiptop0/system/uartClockDomainWrapper/uart_0/rxm/sample_count[3]_i_1_n_0
chiptop0/system/uartClockDomainWrapper/uart_0/rxm/sample_reg_n_0_[0]
chiptop0/system/uartClockDomainWrapper/uart_0/rxm/shifter[7]_i_1__0_n_0
chiptop0/system/uartClockDomainWrapper/uart_0/rxm/shifter_reg[7]_0[0]
chiptop0/system/uartClockDomainWrapper/uart_0/rxm/shifter_reg[7]_0[1]
chiptop0/system/uartClockDomainWrapper/uart_0/rxm/shifter_reg[7]_0[2]
chiptop0/system/uartClockDomainWrapper/uart_0/rxm/shifter_reg[7]_0[3]
chiptop0/system/uartClockDomainWrapper/uart_0/rxm/shifter_reg[7]_0[4]
chiptop0/system/uartClockDomainWrapper/uart_0/rxm/shifter_reg[7]_0[5]
chiptop0/system/uartClockDomainWrapper/uart_0/rxm/shifter_reg[7]_0[6]
chiptop0/system/uartClockDomainWrapper/uart_0/rxm/shifter_reg[7]_0[7]
chiptop0/system/uartClockDomainWrapper/uart_0/rxm/state
chiptop0/system/uartClockDomainWrapper/uart_0/rxm/state_i_1_n_0
chiptop0/system/uartClockDomainWrapper/uart_0/rxm/state_i_2_n_0
chiptop0/system/uartClockDomainWrapper/uart_0/rxm/valid0
chiptop0/system/uartClockDomainWrapper/uart_0/rxm_n_8
chiptop0/system/uartClockDomainWrapper/uart_0/rxq/<const1>
chiptop0/system/uartClockDomainWrapper/uart_0/rxq/Memory_reg_0_1_42_55_i_26__1[0]
chiptop0/system/uartClockDomainWrapper/uart_0/rxq/Memory_reg_0_1_42_55_i_26__1[1]
chiptop0/system/uartClockDomainWrapper/uart_0/rxq/Memory_reg_0_1_42_55_i_26__1[2]
chiptop0/system/uartClockDomainWrapper/uart_0/rxq/Memory_reg_0_1_42_55_i_26__1[3]
chiptop0/system/uartClockDomainWrapper/uart_0/rxq/Memory_reg_0_1_42_55_i_26__1[4]
chiptop0/system/uartClockDomainWrapper/uart_0/rxq/Memory_reg_0_1_42_55_i_26__1[5]
chiptop0/system/uartClockDomainWrapper/uart_0/rxq/Memory_reg_0_1_42_55_i_26__1[6]
chiptop0/system/uartClockDomainWrapper/uart_0/rxq/Memory_reg_0_1_42_55_i_26__1[7]
chiptop0/system/uartClockDomainWrapper/uart_0/rxq/Memory_reg_0_1_70_77_i_7
chiptop0/system/uartClockDomainWrapper/uart_0/rxq/_rxm_io_out_valid
chiptop0/system/uartClockDomainWrapper/uart_0/rxq/_rxq_io_deq_bits[0]
chiptop0/system/uartClockDomainWrapper/uart_0/rxq/_rxq_io_deq_bits[1]
chiptop0/system/uartClockDomainWrapper/uart_0/rxq/_rxq_io_deq_bits[2]
chiptop0/system/uartClockDomainWrapper/uart_0/rxq/_rxq_io_deq_bits[3]
chiptop0/system/uartClockDomainWrapper/uart_0/rxq/_rxq_io_deq_bits[4]
chiptop0/system/uartClockDomainWrapper/uart_0/rxq/_rxq_io_deq_bits[5]
chiptop0/system/uartClockDomainWrapper/uart_0/rxq/_rxq_io_deq_bits[6]
chiptop0/system/uartClockDomainWrapper/uart_0/rxq/_rxq_io_deq_bits[7]
chiptop0/system/uartClockDomainWrapper/uart_0/rxq/_sbus_auto_fixedClockNode_anon_out_1_reset
chiptop0/system/uartClockDomainWrapper/uart_0/rxq/_uartClockDomainWrapper_auto_uart_0_control_xing_in_d_bits_opcode[0]
chiptop0/system/uartClockDomainWrapper/uart_0/rxq/clk_out1
chiptop0/system/uartClockDomainWrapper/uart_0/rxq/deq_ptr_value[1]_i_1__1_n_0
chiptop0/system/uartClockDomainWrapper/uart_0/rxq/deq_ptr_value[2]_i_2__0_n_0
chiptop0/system/uartClockDomainWrapper/uart_0/rxq/deq_ptr_value_reg[2]_0[0]
chiptop0/system/uartClockDomainWrapper/uart_0/rxq/deq_ptr_value_reg_n_0_[0]
chiptop0/system/uartClockDomainWrapper/uart_0/rxq/deq_ptr_value_reg_n_0_[1]
chiptop0/system/uartClockDomainWrapper/uart_0/rxq/deq_ptr_value_reg_n_0_[2]
chiptop0/system/uartClockDomainWrapper/uart_0/rxq/do_enq
chiptop0/system/uartClockDomainWrapper/uart_0/rxq/enq_ptr_value[0]_i_1__2_n_0
chiptop0/system/uartClockDomainWrapper/uart_0/rxq/enq_ptr_value[1]_i_1__1_n_0
chiptop0/system/uartClockDomainWrapper/uart_0/rxq/enq_ptr_value[2]_i_2__0_n_0
chiptop0/system/uartClockDomainWrapper/uart_0/rxq/enq_ptr_value_reg_n_0_[0]
chiptop0/system/uartClockDomainWrapper/uart_0/rxq/enq_ptr_value_reg_n_0_[1]
chiptop0/system/uartClockDomainWrapper/uart_0/rxq/enq_ptr_value_reg_n_0_[2]
chiptop0/system/uartClockDomainWrapper/uart_0/rxq/ie_rxwm
chiptop0/system/uartClockDomainWrapper/uart_0/rxq/ie_rxwm_reg
chiptop0/system/uartClockDomainWrapper/uart_0/rxq/ie_txwm
chiptop0/system/uartClockDomainWrapper/uart_0/rxq/maybe_full
chiptop0/system/uartClockDomainWrapper/uart_0/rxq/maybe_full_i_1__17_n_0
chiptop0/system/uartClockDomainWrapper/uart_0/rxq/maybe_full_reg_0
chiptop0/system/uartClockDomainWrapper/uart_0/rxq/maybe_full_reg_1
chiptop0/system/uartClockDomainWrapper/uart_0/rxq/maybe_full_reg_2
chiptop0/system/uartClockDomainWrapper/uart_0/rxq/maybe_full_reg_3
chiptop0/system/uartClockDomainWrapper/uart_0/rxq/maybe_full_reg_4
chiptop0/system/uartClockDomainWrapper/uart_0/rxq/p_0_in[0]
chiptop0/system/uartClockDomainWrapper/uart_0/rxq/ram_ext/<const0>
chiptop0/system/uartClockDomainWrapper/uart_0/rxq/ram_ext/E[0]
chiptop0/system/uartClockDomainWrapper/uart_0/rxq/ram_ext/Memory_reg_0_1_42_55_i_26__1[0]
chiptop0/system/uartClockDomainWrapper/uart_0/rxq/ram_ext/Memory_reg_0_1_42_55_i_26__1[1]
chiptop0/system/uartClockDomainWrapper/uart_0/rxq/ram_ext/Memory_reg_0_1_42_55_i_26__1[2]
chiptop0/system/uartClockDomainWrapper/uart_0/rxq/ram_ext/Memory_reg_0_1_42_55_i_26__1[3]
chiptop0/system/uartClockDomainWrapper/uart_0/rxq/ram_ext/Memory_reg_0_1_42_55_i_26__1[4]
chiptop0/system/uartClockDomainWrapper/uart_0/rxq/ram_ext/Memory_reg_0_1_42_55_i_26__1[5]
chiptop0/system/uartClockDomainWrapper/uart_0/rxq/ram_ext/Memory_reg_0_1_42_55_i_26__1[6]
chiptop0/system/uartClockDomainWrapper/uart_0/rxq/ram_ext/Memory_reg_0_1_42_55_i_26__1[7]
chiptop0/system/uartClockDomainWrapper/uart_0/rxq/ram_ext/Memory_reg_0_7_0_7/ADDRA0
chiptop0/system/uartClockDomainWrapper/uart_0/rxq/ram_ext/Memory_reg_0_7_0_7/ADDRA1
chiptop0/system/uartClockDomainWrapper/uart_0/rxq/ram_ext/Memory_reg_0_7_0_7/ADDRA2
chiptop0/system/uartClockDomainWrapper/uart_0/rxq/ram_ext/Memory_reg_0_7_0_7/ADDRA3
chiptop0/system/uartClockDomainWrapper/uart_0/rxq/ram_ext/Memory_reg_0_7_0_7/ADDRA4
chiptop0/system/uartClockDomainWrapper/uart_0/rxq/ram_ext/Memory_reg_0_7_0_7/ADDRB0
chiptop0/system/uartClockDomainWrapper/uart_0/rxq/ram_ext/Memory_reg_0_7_0_7/ADDRB1
chiptop0/system/uartClockDomainWrapper/uart_0/rxq/ram_ext/Memory_reg_0_7_0_7/ADDRB2
chiptop0/system/uartClockDomainWrapper/uart_0/rxq/ram_ext/Memory_reg_0_7_0_7/ADDRB3
chiptop0/system/uartClockDomainWrapper/uart_0/rxq/ram_ext/Memory_reg_0_7_0_7/ADDRB4
chiptop0/system/uartClockDomainWrapper/uart_0/rxq/ram_ext/Memory_reg_0_7_0_7/ADDRC0
chiptop0/system/uartClockDomainWrapper/uart_0/rxq/ram_ext/Memory_reg_0_7_0_7/ADDRC1
chiptop0/system/uartClockDomainWrapper/uart_0/rxq/ram_ext/Memory_reg_0_7_0_7/ADDRC2
chiptop0/system/uartClockDomainWrapper/uart_0/rxq/ram_ext/Memory_reg_0_7_0_7/ADDRC3
chiptop0/system/uartClockDomainWrapper/uart_0/rxq/ram_ext/Memory_reg_0_7_0_7/ADDRC4
chiptop0/system/uartClockDomainWrapper/uart_0/rxq/ram_ext/Memory_reg_0_7_0_7/ADDRD0
chiptop0/system/uartClockDomainWrapper/uart_0/rxq/ram_ext/Memory_reg_0_7_0_7/ADDRD1
chiptop0/system/uartClockDomainWrapper/uart_0/rxq/ram_ext/Memory_reg_0_7_0_7/ADDRD2
chiptop0/system/uartClockDomainWrapper/uart_0/rxq/ram_ext/Memory_reg_0_7_0_7/ADDRD3
chiptop0/system/uartClockDomainWrapper/uart_0/rxq/ram_ext/Memory_reg_0_7_0_7/ADDRD4
chiptop0/system/uartClockDomainWrapper/uart_0/rxq/ram_ext/Memory_reg_0_7_0_7/ADDRE0
chiptop0/system/uartClockDomainWrapper/uart_0/rxq/ram_ext/Memory_reg_0_7_0_7/ADDRE1
chiptop0/system/uartClockDomainWrapper/uart_0/rxq/ram_ext/Memory_reg_0_7_0_7/ADDRE2
chiptop0/system/uartClockDomainWrapper/uart_0/rxq/ram_ext/Memory_reg_0_7_0_7/ADDRE3
chiptop0/system/uartClockDomainWrapper/uart_0/rxq/ram_ext/Memory_reg_0_7_0_7/ADDRE4
chiptop0/system/uartClockDomainWrapper/uart_0/rxq/ram_ext/Memory_reg_0_7_0_7/ADDRF0
chiptop0/system/uartClockDomainWrapper/uart_0/rxq/ram_ext/Memory_reg_0_7_0_7/ADDRF1
chiptop0/system/uartClockDomainWrapper/uart_0/rxq/ram_ext/Memory_reg_0_7_0_7/ADDRF2
chiptop0/system/uartClockDomainWrapper/uart_0/rxq/ram_ext/Memory_reg_0_7_0_7/ADDRF3
chiptop0/system/uartClockDomainWrapper/uart_0/rxq/ram_ext/Memory_reg_0_7_0_7/ADDRF4
chiptop0/system/uartClockDomainWrapper/uart_0/rxq/ram_ext/Memory_reg_0_7_0_7/ADDRG0
chiptop0/system/uartClockDomainWrapper/uart_0/rxq/ram_ext/Memory_reg_0_7_0_7/ADDRG1
chiptop0/system/uartClockDomainWrapper/uart_0/rxq/ram_ext/Memory_reg_0_7_0_7/ADDRG2
chiptop0/system/uartClockDomainWrapper/uart_0/rxq/ram_ext/Memory_reg_0_7_0_7/ADDRG3
chiptop0/system/uartClockDomainWrapper/uart_0/rxq/ram_ext/Memory_reg_0_7_0_7/ADDRG4
chiptop0/system/uartClockDomainWrapper/uart_0/rxq/ram_ext/Memory_reg_0_7_0_7/ADDRH0
chiptop0/system/uartClockDomainWrapper/uart_0/rxq/ram_ext/Memory_reg_0_7_0_7/ADDRH1
chiptop0/system/uartClockDomainWrapper/uart_0/rxq/ram_ext/Memory_reg_0_7_0_7/ADDRH2
chiptop0/system/uartClockDomainWrapper/uart_0/rxq/ram_ext/Memory_reg_0_7_0_7/ADDRH3
chiptop0/system/uartClockDomainWrapper/uart_0/rxq/ram_ext/Memory_reg_0_7_0_7/ADDRH4
chiptop0/system/uartClockDomainWrapper/uart_0/rxq/ram_ext/Memory_reg_0_7_0_7/DIA0
chiptop0/system/uartClockDomainWrapper/uart_0/rxq/ram_ext/Memory_reg_0_7_0_7/DIA1
chiptop0/system/uartClockDomainWrapper/uart_0/rxq/ram_ext/Memory_reg_0_7_0_7/DIB0
chiptop0/system/uartClockDomainWrapper/uart_0/rxq/ram_ext/Memory_reg_0_7_0_7/DIB1
chiptop0/system/uartClockDomainWrapper/uart_0/rxq/ram_ext/Memory_reg_0_7_0_7/DIC0
chiptop0/system/uartClockDomainWrapper/uart_0/rxq/ram_ext/Memory_reg_0_7_0_7/DIC1
chiptop0/system/uartClockDomainWrapper/uart_0/rxq/ram_ext/Memory_reg_0_7_0_7/DID0
chiptop0/system/uartClockDomainWrapper/uart_0/rxq/ram_ext/Memory_reg_0_7_0_7/DID1
chiptop0/system/uartClockDomainWrapper/uart_0/rxq/ram_ext/Memory_reg_0_7_0_7/DIE0
chiptop0/system/uartClockDomainWrapper/uart_0/rxq/ram_ext/Memory_reg_0_7_0_7/DIE1
chiptop0/system/uartClockDomainWrapper/uart_0/rxq/ram_ext/Memory_reg_0_7_0_7/DIF0
chiptop0/system/uartClockDomainWrapper/uart_0/rxq/ram_ext/Memory_reg_0_7_0_7/DIF1
chiptop0/system/uartClockDomainWrapper/uart_0/rxq/ram_ext/Memory_reg_0_7_0_7/DIG0
chiptop0/system/uartClockDomainWrapper/uart_0/rxq/ram_ext/Memory_reg_0_7_0_7/DIG1
chiptop0/system/uartClockDomainWrapper/uart_0/rxq/ram_ext/Memory_reg_0_7_0_7/DIH0
chiptop0/system/uartClockDomainWrapper/uart_0/rxq/ram_ext/Memory_reg_0_7_0_7/DIH1
chiptop0/system/uartClockDomainWrapper/uart_0/rxq/ram_ext/Memory_reg_0_7_0_7/DOA0
chiptop0/system/uartClockDomainWrapper/uart_0/rxq/ram_ext/Memory_reg_0_7_0_7/DOA1
chiptop0/system/uartClockDomainWrapper/uart_0/rxq/ram_ext/Memory_reg_0_7_0_7/DOB0
chiptop0/system/uartClockDomainWrapper/uart_0/rxq/ram_ext/Memory_reg_0_7_0_7/DOB1
chiptop0/system/uartClockDomainWrapper/uart_0/rxq/ram_ext/Memory_reg_0_7_0_7/DOC0
chiptop0/system/uartClockDomainWrapper/uart_0/rxq/ram_ext/Memory_reg_0_7_0_7/DOC1
chiptop0/system/uartClockDomainWrapper/uart_0/rxq/ram_ext/Memory_reg_0_7_0_7/DOD0
chiptop0/system/uartClockDomainWrapper/uart_0/rxq/ram_ext/Memory_reg_0_7_0_7/DOD1
chiptop0/system/uartClockDomainWrapper/uart_0/rxq/ram_ext/Memory_reg_0_7_0_7/DOE0
chiptop0/system/uartClockDomainWrapper/uart_0/rxq/ram_ext/Memory_reg_0_7_0_7/DOE1
chiptop0/system/uartClockDomainWrapper/uart_0/rxq/ram_ext/Memory_reg_0_7_0_7/DOF0
chiptop0/system/uartClockDomainWrapper/uart_0/rxq/ram_ext/Memory_reg_0_7_0_7/DOF1
chiptop0/system/uartClockDomainWrapper/uart_0/rxq/ram_ext/Memory_reg_0_7_0_7/DOG0
chiptop0/system/uartClockDomainWrapper/uart_0/rxq/ram_ext/Memory_reg_0_7_0_7/DOG1
chiptop0/system/uartClockDomainWrapper/uart_0/rxq/ram_ext/Memory_reg_0_7_0_7/DOH0
chiptop0/system/uartClockDomainWrapper/uart_0/rxq/ram_ext/Memory_reg_0_7_0_7/DOH1
chiptop0/system/uartClockDomainWrapper/uart_0/rxq/ram_ext/Memory_reg_0_7_0_7/WCLK
chiptop0/system/uartClockDomainWrapper/uart_0/rxq/ram_ext/Memory_reg_0_7_0_7/WE
chiptop0/system/uartClockDomainWrapper/uart_0/rxq/ram_ext/Q[0]
chiptop0/system/uartClockDomainWrapper/uart_0/rxq/ram_ext/Q[1]
chiptop0/system/uartClockDomainWrapper/uart_0/rxq/ram_ext/Q[2]
chiptop0/system/uartClockDomainWrapper/uart_0/rxq/ram_ext/_rxm_io_out_valid
chiptop0/system/uartClockDomainWrapper/uart_0/rxq/ram_ext/_rxq_io_deq_bits[0]
chiptop0/system/uartClockDomainWrapper/uart_0/rxq/ram_ext/_rxq_io_deq_bits[1]
chiptop0/system/uartClockDomainWrapper/uart_0/rxq/ram_ext/_rxq_io_deq_bits[2]
chiptop0/system/uartClockDomainWrapper/uart_0/rxq/ram_ext/_rxq_io_deq_bits[3]
chiptop0/system/uartClockDomainWrapper/uart_0/rxq/ram_ext/_rxq_io_deq_bits[4]
chiptop0/system/uartClockDomainWrapper/uart_0/rxq/ram_ext/_rxq_io_deq_bits[5]
chiptop0/system/uartClockDomainWrapper/uart_0/rxq/ram_ext/_rxq_io_deq_bits[6]
chiptop0/system/uartClockDomainWrapper/uart_0/rxq/ram_ext/_rxq_io_deq_bits[7]
chiptop0/system/uartClockDomainWrapper/uart_0/rxq/ram_ext/clk_out1
chiptop0/system/uartClockDomainWrapper/uart_0/rxq/ram_ext/enq_ptr_value_reg[0]
chiptop0/system/uartClockDomainWrapper/uart_0/rxq/ram_ext/enq_ptr_value_reg[0]_0[0]
chiptop0/system/uartClockDomainWrapper/uart_0/rxq/ram_ext/enq_ptr_value_reg[0]_0[1]
chiptop0/system/uartClockDomainWrapper/uart_0/rxq/ram_ext/enq_ptr_value_reg[0]_0[2]
chiptop0/system/uartClockDomainWrapper/uart_0/rxq/ram_ext/maybe_full
chiptop0/system/uartClockDomainWrapper/uart_0/rxq/ram_ext_n_9
chiptop0/system/uartClockDomainWrapper/uart_0/rxq/reg_0_i_4_n_0
chiptop0/system/uartClockDomainWrapper/uart_0/rxq/reg_0_i_5_n_0
chiptop0/system/uartClockDomainWrapper/uart_0/rxq/reg_0_reg
chiptop0/system/uartClockDomainWrapper/uart_0/rxq/reg_0_reg_0[0]
chiptop0/system/uartClockDomainWrapper/uart_0/rxq/reg_0_reg_0[1]
chiptop0/system/uartClockDomainWrapper/uart_0/rxq/reg_0_reg_0[2]
chiptop0/system/uartClockDomainWrapper/uart_0/rxq/reg_0_reg_0[3]
chiptop0/system/uartClockDomainWrapper/uart_0/rxq_n_9
chiptop0/system/uartClockDomainWrapper/uart_0/rxwm_reg[0]_0[0]
chiptop0/system/uartClockDomainWrapper/uart_0/rxwm_reg[3]_0[0]
chiptop0/system/uartClockDomainWrapper/uart_0/rxwm_reg[3]_0[1]
chiptop0/system/uartClockDomainWrapper/uart_0/rxwm_reg[3]_0[2]
chiptop0/system/uartClockDomainWrapper/uart_0/rxwm_reg[3]_0[3]
chiptop0/system/uartClockDomainWrapper/uart_0/txen0
chiptop0/system/uartClockDomainWrapper/uart_0/txm/<const0>
chiptop0/system/uartClockDomainWrapper/uart_0/txm/<const1>
chiptop0/system/uartClockDomainWrapper/uart_0/txm/E[0]
chiptop0/system/uartClockDomainWrapper/uart_0/txm/Q[0]
chiptop0/system/uartClockDomainWrapper/uart_0/txm/Q[10]
chiptop0/system/uartClockDomainWrapper/uart_0/txm/Q[11]
chiptop0/system/uartClockDomainWrapper/uart_0/txm/Q[12]
chiptop0/system/uartClockDomainWrapper/uart_0/txm/Q[13]
chiptop0/system/uartClockDomainWrapper/uart_0/txm/Q[14]
chiptop0/system/uartClockDomainWrapper/uart_0/txm/Q[15]
chiptop0/system/uartClockDomainWrapper/uart_0/txm/Q[1]
chiptop0/system/uartClockDomainWrapper/uart_0/txm/Q[2]
chiptop0/system/uartClockDomainWrapper/uart_0/txm/Q[3]
chiptop0/system/uartClockDomainWrapper/uart_0/txm/Q[4]
chiptop0/system/uartClockDomainWrapper/uart_0/txm/Q[5]
chiptop0/system/uartClockDomainWrapper/uart_0/txm/Q[6]
chiptop0/system/uartClockDomainWrapper/uart_0/txm/Q[7]
chiptop0/system/uartClockDomainWrapper/uart_0/txm/Q[8]
chiptop0/system/uartClockDomainWrapper/uart_0/txm/Q[9]
chiptop0/system/uartClockDomainWrapper/uart_0/txm/R0_data0_0[0]
chiptop0/system/uartClockDomainWrapper/uart_0/txm/R0_data0_0[1]
chiptop0/system/uartClockDomainWrapper/uart_0/txm/R0_data0_0[2]
chiptop0/system/uartClockDomainWrapper/uart_0/txm/R0_data0_0[3]
chiptop0/system/uartClockDomainWrapper/uart_0/txm/R0_data0_0[4]
chiptop0/system/uartClockDomainWrapper/uart_0/txm/R0_data0_0[5]
chiptop0/system/uartClockDomainWrapper/uart_0/txm/R0_data0_0[6]
chiptop0/system/uartClockDomainWrapper/uart_0/txm/R0_data0_0[7]
chiptop0/system/uartClockDomainWrapper/uart_0/txm/_GEN_1
chiptop0/system/uartClockDomainWrapper/uart_0/txm/_sbus_auto_fixedClockNode_anon_out_1_reset
chiptop0/system/uartClockDomainWrapper/uart_0/txm/clk_out1
chiptop0/system/uartClockDomainWrapper/uart_0/txm/counter[1]_i_2_n_0
chiptop0/system/uartClockDomainWrapper/uart_0/txm/counter[1]_i_3_n_0
chiptop0/system/uartClockDomainWrapper/uart_0/txm/counter_reg[0]
chiptop0/system/uartClockDomainWrapper/uart_0/txm/counter_reg[1]
chiptop0/system/uartClockDomainWrapper/uart_0/txm/counter_reg[2]
chiptop0/system/uartClockDomainWrapper/uart_0/txm/counter_reg[3]
chiptop0/system/uartClockDomainWrapper/uart_0/txm/counter_reg[3]_0[0]
chiptop0/system/uartClockDomainWrapper/uart_0/txm/nstop
chiptop0/system/uartClockDomainWrapper/uart_0/txm/out_i_1_n_0
chiptop0/system/uartClockDomainWrapper/uart_0/txm/p_0_in__0[0]
chiptop0/system/uartClockDomainWrapper/uart_0/txm/p_0_in__0[1]
chiptop0/system/uartClockDomainWrapper/uart_0/txm/p_0_in__0[2]
chiptop0/system/uartClockDomainWrapper/uart_0/txm/p_0_in__0[3]
chiptop0/system/uartClockDomainWrapper/uart_0/txm/p_0_in__0[4]
chiptop0/system/uartClockDomainWrapper/uart_0/txm/p_0_in__0[5]
chiptop0/system/uartClockDomainWrapper/uart_0/txm/p_0_in__0[6]
chiptop0/system/uartClockDomainWrapper/uart_0/txm/p_0_in__0[7]
chiptop0/system/uartClockDomainWrapper/uart_0/txm/p_0_in__0__0[0]
chiptop0/system/uartClockDomainWrapper/uart_0/txm/p_0_in__0__0[10]
chiptop0/system/uartClockDomainWrapper/uart_0/txm/p_0_in__0__0[11]
chiptop0/system/uartClockDomainWrapper/uart_0/txm/p_0_in__0__0[12]
chiptop0/system/uartClockDomainWrapper/uart_0/txm/p_0_in__0__0[13]
chiptop0/system/uartClockDomainWrapper/uart_0/txm/p_0_in__0__0[14]
chiptop0/system/uartClockDomainWrapper/uart_0/txm/p_0_in__0__0[15]
chiptop0/system/uartClockDomainWrapper/uart_0/txm/p_0_in__0__0[1]
chiptop0/system/uartClockDomainWrapper/uart_0/txm/p_0_in__0__0[2]
chiptop0/system/uartClockDomainWrapper/uart_0/txm/p_0_in__0__0[3]
chiptop0/system/uartClockDomainWrapper/uart_0/txm/p_0_in__0__0[4]
chiptop0/system/uartClockDomainWrapper/uart_0/txm/p_0_in__0__0[5]
chiptop0/system/uartClockDomainWrapper/uart_0/txm/p_0_in__0__0[6]
chiptop0/system/uartClockDomainWrapper/uart_0/txm/p_0_in__0__0[7]
chiptop0/system/uartClockDomainWrapper/uart_0/txm/p_0_in__0__0[8]
chiptop0/system/uartClockDomainWrapper/uart_0/txm/p_0_in__0__0[9]
chiptop0/system/uartClockDomainWrapper/uart_0/txm/p_0_in__1[0]
chiptop0/system/uartClockDomainWrapper/uart_0/txm/p_0_in__1[1]
chiptop0/system/uartClockDomainWrapper/uart_0/txm/p_0_in__1[2]
chiptop0/system/uartClockDomainWrapper/uart_0/txm/p_0_in__1[3]
chiptop0/system/uartClockDomainWrapper/uart_0/txm/prescaler[10]_i_2_n_0
chiptop0/system/uartClockDomainWrapper/uart_0/txm/prescaler[12]_i_2_n_0
chiptop0/system/uartClockDomainWrapper/uart_0/txm/prescaler[15]_i_3_n_0
chiptop0/system/uartClockDomainWrapper/uart_0/txm/prescaler[6]_i_2_n_0
chiptop0/system/uartClockDomainWrapper/uart_0/txm/prescaler[7]_i_2_n_0
chiptop0/system/uartClockDomainWrapper/uart_0/txm/prescaler_reg[0]
chiptop0/system/uartClockDomainWrapper/uart_0/txm/prescaler_reg[10]
chiptop0/system/uartClockDomainWrapper/uart_0/txm/prescaler_reg[11]
chiptop0/system/uartClockDomainWrapper/uart_0/txm/prescaler_reg[12]
chiptop0/system/uartClockDomainWrapper/uart_0/txm/prescaler_reg[13]
chiptop0/system/uartClockDomainWrapper/uart_0/txm/prescaler_reg[14]
chiptop0/system/uartClockDomainWrapper/uart_0/txm/prescaler_reg[15]
chiptop0/system/uartClockDomainWrapper/uart_0/txm/prescaler_reg[1]
chiptop0/system/uartClockDomainWrapper/uart_0/txm/prescaler_reg[2]
chiptop0/system/uartClockDomainWrapper/uart_0/txm/prescaler_reg[3]
chiptop0/system/uartClockDomainWrapper/uart_0/txm/prescaler_reg[4]
chiptop0/system/uartClockDomainWrapper/uart_0/txm/prescaler_reg[5]
chiptop0/system/uartClockDomainWrapper/uart_0/txm/prescaler_reg[6]
chiptop0/system/uartClockDomainWrapper/uart_0/txm/prescaler_reg[7]
chiptop0/system/uartClockDomainWrapper/uart_0/txm/prescaler_reg[8]
chiptop0/system/uartClockDomainWrapper/uart_0/txm/prescaler_reg[9]
chiptop0/system/uartClockDomainWrapper/uart_0/txm/shifter
chiptop0/system/uartClockDomainWrapper/uart_0/txm/shifter[8]_i_1_n_0
chiptop0/system/uartClockDomainWrapper/uart_0/txm/shifter_reg_n_0_[0]
chiptop0/system/uartClockDomainWrapper/uart_0/txm/shifter_reg_n_0_[1]
chiptop0/system/uartClockDomainWrapper/uart_0/txm/shifter_reg_n_0_[2]
chiptop0/system/uartClockDomainWrapper/uart_0/txm/shifter_reg_n_0_[3]
chiptop0/system/uartClockDomainWrapper/uart_0/txm/shifter_reg_n_0_[4]
chiptop0/system/uartClockDomainWrapper/uart_0/txm/shifter_reg_n_0_[5]
chiptop0/system/uartClockDomainWrapper/uart_0/txm/shifter_reg_n_0_[6]
chiptop0/system/uartClockDomainWrapper/uart_0/txm/shifter_reg_n_0_[7]
chiptop0/system/uartClockDomainWrapper/uart_0/txm/shifter_reg_n_0_[8]
chiptop0/system/uartClockDomainWrapper/uart_0/txm/uart_txd_OBUF
chiptop0/system/uartClockDomainWrapper/uart_0/txq/<const1>
chiptop0/system/uartClockDomainWrapper/uart_0/txq/E[0]
chiptop0/system/uartClockDomainWrapper/uart_0/txq/Memory_reg_0_1_42_55_i_35__1_n_0
chiptop0/system/uartClockDomainWrapper/uart_0/txq/R0_data0[0]
chiptop0/system/uartClockDomainWrapper/uart_0/txq/R0_data0[1]
chiptop0/system/uartClockDomainWrapper/uart_0/txq/R0_data0[2]
chiptop0/system/uartClockDomainWrapper/uart_0/txq/R0_data0[3]
chiptop0/system/uartClockDomainWrapper/uart_0/txq/R0_data0[4]
chiptop0/system/uartClockDomainWrapper/uart_0/txq/R0_data0[5]
chiptop0/system/uartClockDomainWrapper/uart_0/txq/R0_data0[6]
chiptop0/system/uartClockDomainWrapper/uart_0/txq/R0_data0[7]
chiptop0/system/uartClockDomainWrapper/uart_0/txq/R0_data0_0[0]
chiptop0/system/uartClockDomainWrapper/uart_0/txq/R0_data0_0[1]
chiptop0/system/uartClockDomainWrapper/uart_0/txq/R0_data0_0[2]
chiptop0/system/uartClockDomainWrapper/uart_0/txq/R0_data0_0[3]
chiptop0/system/uartClockDomainWrapper/uart_0/txq/R0_data0_0[4]
chiptop0/system/uartClockDomainWrapper/uart_0/txq/R0_data0_0[5]
chiptop0/system/uartClockDomainWrapper/uart_0/txq/R0_data0_0[6]
chiptop0/system/uartClockDomainWrapper/uart_0/txq/R0_data0_0[7]
chiptop0/system/uartClockDomainWrapper/uart_0/txq/_GEN[1]_66[0]
chiptop0/system/uartClockDomainWrapper/uart_0/txq/_sbus_auto_fixedClockNode_anon_out_1_reset
chiptop0/system/uartClockDomainWrapper/uart_0/txq/clk_out1
chiptop0/system/uartClockDomainWrapper/uart_0/txq/deq_ptr_value[0]
chiptop0/system/uartClockDomainWrapper/uart_0/txq/deq_ptr_value[0]_i_1__1_n_0
chiptop0/system/uartClockDomainWrapper/uart_0/txq/deq_ptr_value[1]
chiptop0/system/uartClockDomainWrapper/uart_0/txq/deq_ptr_value[1]_i_1__0_n_0
chiptop0/system/uartClockDomainWrapper/uart_0/txq/deq_ptr_value[2]
chiptop0/system/uartClockDomainWrapper/uart_0/txq/deq_ptr_value[2]_i_2_n_0
chiptop0/system/uartClockDomainWrapper/uart_0/txq/deq_ptr_value[2]_i_3_n_0
chiptop0/system/uartClockDomainWrapper/uart_0/txq/do_enq
chiptop0/system/uartClockDomainWrapper/uart_0/txq/enq_ptr_value[0]
chiptop0/system/uartClockDomainWrapper/uart_0/txq/enq_ptr_value[0]_i_1__1_n_0
chiptop0/system/uartClockDomainWrapper/uart_0/txq/enq_ptr_value[1]
chiptop0/system/uartClockDomainWrapper/uart_0/txq/enq_ptr_value[1]_i_1__0_n_0
chiptop0/system/uartClockDomainWrapper/uart_0/txq/enq_ptr_value[2]
chiptop0/system/uartClockDomainWrapper/uart_0/txq/enq_ptr_value[2]_i_2_n_0
chiptop0/system/uartClockDomainWrapper/uart_0/txq/maybe_full
chiptop0/system/uartClockDomainWrapper/uart_0/txq/maybe_full_i_1__18_n_0
chiptop0/system/uartClockDomainWrapper/uart_0/txq/maybe_full_reg_0
chiptop0/system/uartClockDomainWrapper/uart_0/txq/maybe_full_reg_1[0]
chiptop0/system/uartClockDomainWrapper/uart_0/txq/maybe_full_reg_2
chiptop0/system/uartClockDomainWrapper/uart_0/txq/maybe_full_reg_3
chiptop0/system/uartClockDomainWrapper/uart_0/txq/ram_ext/<const0>
chiptop0/system/uartClockDomainWrapper/uart_0/txq/ram_ext/Memory_reg_0_7_0_7/ADDRA0
chiptop0/system/uartClockDomainWrapper/uart_0/txq/ram_ext/Memory_reg_0_7_0_7/ADDRA1
chiptop0/system/uartClockDomainWrapper/uart_0/txq/ram_ext/Memory_reg_0_7_0_7/ADDRA2
chiptop0/system/uartClockDomainWrapper/uart_0/txq/ram_ext/Memory_reg_0_7_0_7/ADDRA3
chiptop0/system/uartClockDomainWrapper/uart_0/txq/ram_ext/Memory_reg_0_7_0_7/ADDRA4
chiptop0/system/uartClockDomainWrapper/uart_0/txq/ram_ext/Memory_reg_0_7_0_7/ADDRB0
chiptop0/system/uartClockDomainWrapper/uart_0/txq/ram_ext/Memory_reg_0_7_0_7/ADDRB1
chiptop0/system/uartClockDomainWrapper/uart_0/txq/ram_ext/Memory_reg_0_7_0_7/ADDRB2
chiptop0/system/uartClockDomainWrapper/uart_0/txq/ram_ext/Memory_reg_0_7_0_7/ADDRB3
chiptop0/system/uartClockDomainWrapper/uart_0/txq/ram_ext/Memory_reg_0_7_0_7/ADDRB4
chiptop0/system/uartClockDomainWrapper/uart_0/txq/ram_ext/Memory_reg_0_7_0_7/ADDRC0
chiptop0/system/uartClockDomainWrapper/uart_0/txq/ram_ext/Memory_reg_0_7_0_7/ADDRC1
chiptop0/system/uartClockDomainWrapper/uart_0/txq/ram_ext/Memory_reg_0_7_0_7/ADDRC2
chiptop0/system/uartClockDomainWrapper/uart_0/txq/ram_ext/Memory_reg_0_7_0_7/ADDRC3
chiptop0/system/uartClockDomainWrapper/uart_0/txq/ram_ext/Memory_reg_0_7_0_7/ADDRC4
chiptop0/system/uartClockDomainWrapper/uart_0/txq/ram_ext/Memory_reg_0_7_0_7/ADDRD0
chiptop0/system/uartClockDomainWrapper/uart_0/txq/ram_ext/Memory_reg_0_7_0_7/ADDRD1
chiptop0/system/uartClockDomainWrapper/uart_0/txq/ram_ext/Memory_reg_0_7_0_7/ADDRD2
chiptop0/system/uartClockDomainWrapper/uart_0/txq/ram_ext/Memory_reg_0_7_0_7/ADDRD3
chiptop0/system/uartClockDomainWrapper/uart_0/txq/ram_ext/Memory_reg_0_7_0_7/ADDRD4
chiptop0/system/uartClockDomainWrapper/uart_0/txq/ram_ext/Memory_reg_0_7_0_7/ADDRE0
chiptop0/system/uartClockDomainWrapper/uart_0/txq/ram_ext/Memory_reg_0_7_0_7/ADDRE1
chiptop0/system/uartClockDomainWrapper/uart_0/txq/ram_ext/Memory_reg_0_7_0_7/ADDRE2
chiptop0/system/uartClockDomainWrapper/uart_0/txq/ram_ext/Memory_reg_0_7_0_7/ADDRE3
chiptop0/system/uartClockDomainWrapper/uart_0/txq/ram_ext/Memory_reg_0_7_0_7/ADDRE4
chiptop0/system/uartClockDomainWrapper/uart_0/txq/ram_ext/Memory_reg_0_7_0_7/ADDRF0
chiptop0/system/uartClockDomainWrapper/uart_0/txq/ram_ext/Memory_reg_0_7_0_7/ADDRF1
chiptop0/system/uartClockDomainWrapper/uart_0/txq/ram_ext/Memory_reg_0_7_0_7/ADDRF2
chiptop0/system/uartClockDomainWrapper/uart_0/txq/ram_ext/Memory_reg_0_7_0_7/ADDRF3
chiptop0/system/uartClockDomainWrapper/uart_0/txq/ram_ext/Memory_reg_0_7_0_7/ADDRF4
chiptop0/system/uartClockDomainWrapper/uart_0/txq/ram_ext/Memory_reg_0_7_0_7/ADDRG0
chiptop0/system/uartClockDomainWrapper/uart_0/txq/ram_ext/Memory_reg_0_7_0_7/ADDRG1
chiptop0/system/uartClockDomainWrapper/uart_0/txq/ram_ext/Memory_reg_0_7_0_7/ADDRG2
chiptop0/system/uartClockDomainWrapper/uart_0/txq/ram_ext/Memory_reg_0_7_0_7/ADDRG3
chiptop0/system/uartClockDomainWrapper/uart_0/txq/ram_ext/Memory_reg_0_7_0_7/ADDRG4
chiptop0/system/uartClockDomainWrapper/uart_0/txq/ram_ext/Memory_reg_0_7_0_7/ADDRH0
chiptop0/system/uartClockDomainWrapper/uart_0/txq/ram_ext/Memory_reg_0_7_0_7/ADDRH1
chiptop0/system/uartClockDomainWrapper/uart_0/txq/ram_ext/Memory_reg_0_7_0_7/ADDRH2
chiptop0/system/uartClockDomainWrapper/uart_0/txq/ram_ext/Memory_reg_0_7_0_7/ADDRH3
chiptop0/system/uartClockDomainWrapper/uart_0/txq/ram_ext/Memory_reg_0_7_0_7/ADDRH4
chiptop0/system/uartClockDomainWrapper/uart_0/txq/ram_ext/Memory_reg_0_7_0_7/DIA0
chiptop0/system/uartClockDomainWrapper/uart_0/txq/ram_ext/Memory_reg_0_7_0_7/DIA1
chiptop0/system/uartClockDomainWrapper/uart_0/txq/ram_ext/Memory_reg_0_7_0_7/DIB0
chiptop0/system/uartClockDomainWrapper/uart_0/txq/ram_ext/Memory_reg_0_7_0_7/DIB1
chiptop0/system/uartClockDomainWrapper/uart_0/txq/ram_ext/Memory_reg_0_7_0_7/DIC0
chiptop0/system/uartClockDomainWrapper/uart_0/txq/ram_ext/Memory_reg_0_7_0_7/DIC1
chiptop0/system/uartClockDomainWrapper/uart_0/txq/ram_ext/Memory_reg_0_7_0_7/DID0
chiptop0/system/uartClockDomainWrapper/uart_0/txq/ram_ext/Memory_reg_0_7_0_7/DID1
chiptop0/system/uartClockDomainWrapper/uart_0/txq/ram_ext/Memory_reg_0_7_0_7/DIE0
chiptop0/system/uartClockDomainWrapper/uart_0/txq/ram_ext/Memory_reg_0_7_0_7/DIE1
chiptop0/system/uartClockDomainWrapper/uart_0/txq/ram_ext/Memory_reg_0_7_0_7/DIF0
chiptop0/system/uartClockDomainWrapper/uart_0/txq/ram_ext/Memory_reg_0_7_0_7/DIF1
chiptop0/system/uartClockDomainWrapper/uart_0/txq/ram_ext/Memory_reg_0_7_0_7/DIG0
chiptop0/system/uartClockDomainWrapper/uart_0/txq/ram_ext/Memory_reg_0_7_0_7/DIG1
chiptop0/system/uartClockDomainWrapper/uart_0/txq/ram_ext/Memory_reg_0_7_0_7/DIH0
chiptop0/system/uartClockDomainWrapper/uart_0/txq/ram_ext/Memory_reg_0_7_0_7/DIH1
chiptop0/system/uartClockDomainWrapper/uart_0/txq/ram_ext/Memory_reg_0_7_0_7/DOA0
chiptop0/system/uartClockDomainWrapper/uart_0/txq/ram_ext/Memory_reg_0_7_0_7/DOA1
chiptop0/system/uartClockDomainWrapper/uart_0/txq/ram_ext/Memory_reg_0_7_0_7/DOB0
chiptop0/system/uartClockDomainWrapper/uart_0/txq/ram_ext/Memory_reg_0_7_0_7/DOB1
chiptop0/system/uartClockDomainWrapper/uart_0/txq/ram_ext/Memory_reg_0_7_0_7/DOC0
chiptop0/system/uartClockDomainWrapper/uart_0/txq/ram_ext/Memory_reg_0_7_0_7/DOC1
chiptop0/system/uartClockDomainWrapper/uart_0/txq/ram_ext/Memory_reg_0_7_0_7/DOD0
chiptop0/system/uartClockDomainWrapper/uart_0/txq/ram_ext/Memory_reg_0_7_0_7/DOD1
chiptop0/system/uartClockDomainWrapper/uart_0/txq/ram_ext/Memory_reg_0_7_0_7/DOE0
chiptop0/system/uartClockDomainWrapper/uart_0/txq/ram_ext/Memory_reg_0_7_0_7/DOE1
chiptop0/system/uartClockDomainWrapper/uart_0/txq/ram_ext/Memory_reg_0_7_0_7/DOF0
chiptop0/system/uartClockDomainWrapper/uart_0/txq/ram_ext/Memory_reg_0_7_0_7/DOF1
chiptop0/system/uartClockDomainWrapper/uart_0/txq/ram_ext/Memory_reg_0_7_0_7/DOG0
chiptop0/system/uartClockDomainWrapper/uart_0/txq/ram_ext/Memory_reg_0_7_0_7/DOG1
chiptop0/system/uartClockDomainWrapper/uart_0/txq/ram_ext/Memory_reg_0_7_0_7/DOH0
chiptop0/system/uartClockDomainWrapper/uart_0/txq/ram_ext/Memory_reg_0_7_0_7/DOH1
chiptop0/system/uartClockDomainWrapper/uart_0/txq/ram_ext/Memory_reg_0_7_0_7/WCLK
chiptop0/system/uartClockDomainWrapper/uart_0/txq/ram_ext/Memory_reg_0_7_0_7/WE
chiptop0/system/uartClockDomainWrapper/uart_0/txq/ram_ext/Q[0]
chiptop0/system/uartClockDomainWrapper/uart_0/txq/ram_ext/Q[1]
chiptop0/system/uartClockDomainWrapper/uart_0/txq/ram_ext/Q[2]
chiptop0/system/uartClockDomainWrapper/uart_0/txq/ram_ext/R0_data0[0]
chiptop0/system/uartClockDomainWrapper/uart_0/txq/ram_ext/R0_data0[1]
chiptop0/system/uartClockDomainWrapper/uart_0/txq/ram_ext/R0_data0[2]
chiptop0/system/uartClockDomainWrapper/uart_0/txq/ram_ext/R0_data0[3]
chiptop0/system/uartClockDomainWrapper/uart_0/txq/ram_ext/R0_data0[4]
chiptop0/system/uartClockDomainWrapper/uart_0/txq/ram_ext/R0_data0[5]
chiptop0/system/uartClockDomainWrapper/uart_0/txq/ram_ext/R0_data0[6]
chiptop0/system/uartClockDomainWrapper/uart_0/txq/ram_ext/R0_data0[7]
chiptop0/system/uartClockDomainWrapper/uart_0/txq/ram_ext/R0_data0_0[0]
chiptop0/system/uartClockDomainWrapper/uart_0/txq/ram_ext/R0_data0_0[1]
chiptop0/system/uartClockDomainWrapper/uart_0/txq/ram_ext/R0_data0_0[2]
chiptop0/system/uartClockDomainWrapper/uart_0/txq/ram_ext/R0_data0_0[3]
chiptop0/system/uartClockDomainWrapper/uart_0/txq/ram_ext/R0_data0_0[4]
chiptop0/system/uartClockDomainWrapper/uart_0/txq/ram_ext/R0_data0_0[5]
chiptop0/system/uartClockDomainWrapper/uart_0/txq/ram_ext/R0_data0_0[6]
chiptop0/system/uartClockDomainWrapper/uart_0/txq/ram_ext/R0_data0_0[7]
chiptop0/system/uartClockDomainWrapper/uart_0/txq/ram_ext/clk_out1
chiptop0/system/uartClockDomainWrapper/uart_0/txq/ram_ext/do_enq
chiptop0/system/uartClockDomainWrapper/uart_0/txq/ram_ext/shifter_reg[2][0]
chiptop0/system/uartClockDomainWrapper/uart_0/txq/ram_ext/shifter_reg[2][1]
chiptop0/system/uartClockDomainWrapper/uart_0/txq/ram_ext/shifter_reg[2][2]
chiptop0/system/uartClockDomainWrapper/uart_0/txq/reg_0_i_6_n_0
chiptop0/system/uartClockDomainWrapper/uart_0/txq/reg_0_i_7_n_0
chiptop0/system/uartClockDomainWrapper/uart_0/txq/reg_0_reg[0]
chiptop0/system/uartClockDomainWrapper/uart_0/txq/reg_0_reg[1]
chiptop0/system/uartClockDomainWrapper/uart_0/txq/reg_0_reg[2]
chiptop0/system/uartClockDomainWrapper/uart_0/txq/reg_0_reg[3]
chiptop0/system/uartClockDomainWrapper/uart_0/txq/txwm_reg[3]
chiptop0/system/uartClockDomainWrapper/uart_0/txwm_reg[0]_0[0]
chiptop0/system/uartClockDomainWrapper/uart_0/txwm_reg[3]_0
chiptop0/system/uartClockDomainWrapper/uart_0/txwm_reg[3]_1[0]
chiptop0/system/uartClockDomainWrapper/uart_0/txwm_reg[3]_1[1]
chiptop0/system/uartClockDomainWrapper/uart_0/txwm_reg[3]_1[2]
chiptop0/system/uartClockDomainWrapper/uart_0/txwm_reg[3]_1[3]
chiptop0/system/uartClockDomainWrapper/uart_0/uart_txd_OBUF
chiptop0/system/uartClockDomainWrapper/uart_txd_OBUF
chiptop0/system/uartClockDomainWrapper_n_15
chiptop0/system/uartClockDomainWrapper_n_28
chiptop0/system/uartClockDomainWrapper_n_29
chiptop0/system/uartClockDomainWrapper_n_30
chiptop0/system/uartClockDomainWrapper_n_31
chiptop0/system/uartClockDomainWrapper_n_32
chiptop0/system/uartClockDomainWrapper_n_33
chiptop0/system/uartClockDomainWrapper_n_34
chiptop0/system/uartClockDomainWrapper_n_43
chiptop0/system/uart_0/_GEN[1]_66[0]
chiptop0/system/uart_0/_rxq_io_deq_bits[0]
chiptop0/system/uart_0/_rxq_io_deq_bits[1]
chiptop0/system/uart_0/_rxq_io_deq_bits[2]
chiptop0/system/uart_0/_rxq_io_deq_bits[3]
chiptop0/system/uart_0/_rxq_io_deq_bits[4]
chiptop0/system/uart_0/_rxq_io_deq_bits[5]
chiptop0/system/uart_0/_rxq_io_deq_bits[6]
chiptop0/system/uart_0/_rxq_io_deq_bits[7]
chiptop0/system/uart_0/div0
chiptop0/system/uart_0/ie_rxwm
chiptop0/system/uart_0/ie_rxwm0
chiptop0/system/uart_0/ie_txwm
chiptop0/system/uart_0/rxq/do_deq
chiptop0/system/uart_0/rxwm0
chiptop0/system/uart_0/txen0
chiptop0/system/uart_0/txq/do_enq
chiptop0/system/uart_0/txwm0
chiptop0/system/uart_txd_OBUF
chiptop0/uart_txd_OBUF
uart_rxd
uart_rxd_IBUF
uart_rxd_IBUF_inst/I
uart_rxd_IBUF_inst/O
uart_rxd_IBUF_inst/OUT
uart_txd
uart_txd_OBUF
uart_txd_TRI

