'\\wsl.localhost\Ubuntu-22.04\root\chipyard\fpga'
用作为当前目录的以上路径启动了 CMD.EXE。
UNC 路径不受支持。默认值设为 Windows 目录。

****** Vivado v2021.2 (64-bit)
  **** SW Build 3367213 on Tue Oct 19 02:48:09 MDT 2021
  **** IP Build 3369179 on Thu Oct 21 08:25:16 MDT 2021
    ** Copyright 1986-2021 Xilinx, Inc. All Rights Reserved.

source /tmp/hb_chain_full_20260317_125448.tcl
# set dcp [lindex $argv 0]
# open_checkpoint $dcp
Command: open_checkpoint /root/chipyard/fpga/generated-src/chipyard.fpga.zcu104.ZCU104FPGATestHarness.RocketZCU104Config/obj/post_route.dcp

Starting open_checkpoint Task

Time (s): cpu = 00:00:00 ; elapsed = 00:00:00.021 . Memory (MB): peak = 1602.664 ; gain = 0.000
INFO: [Device 21-403] Loading part xczu7ev-ffvc1156-2-e
Netlist sorting complete. Time (s): cpu = 00:00:00 ; elapsed = 00:00:00.864 . Memory (MB): peak = 1908.523 ; gain = 1.395
INFO: [Netlist 29-17] Analyzing 3563 Unisim elements for replacement
INFO: [Netlist 29-28] Unisim Transformation completed in 1 CPU seconds
INFO: [Project 1-479] Netlist was created with Vivado 2021.2
INFO: [Project 1-570] Preparing netlist for logic optimization
INFO: [Timing 38-478] Restoring timing data from binary archive.
INFO: [Timing 38-479] Binary timing data restore complete.
INFO: [Project 1-856] Restoring constraints from binary archive.
INFO: [Project 1-853] Binary constraint restore complete.
Reading XDEF placement.
Reading placer database...
Reading XDEF routing.
Read XDEF File: Time (s): cpu = 00:00:06 ; elapsed = 00:00:07 . Memory (MB): peak = 2690.555 ; gain = 94.359
Restored from archive | CPU: 6.000000 secs | Memory: 0.000000 MB |
Finished XDEF File Restore: Time (s): cpu = 00:00:06 ; elapsed = 00:00:07 . Memory (MB): peak = 2690.555 ; gain = 94.359
Netlist sorting complete. Time (s): cpu = 00:00:00 ; elapsed = 00:00:00.019 . Memory (MB): peak = 3160.254 ; gain = 0.000
INFO: [Project 1-111] Unisim Transformation Summary:
  A total of 529 instances were transformed.
  DSP48E2 => DSP48E2 (DSP_ALU, DSP_A_B_DATA, DSP_C_DATA, DSP_MULTIPLIER, DSP_M_DATA, DSP_OUTPUT, DSP_PREADD, DSP_PREADD_DATA): 25 instances
  IBUF => IBUF (IBUFCTRL, INBUF): 5 instances
  IBUFDS => IBUFDS (DIFFINBUF, IBUFCTRL): 1 instance 
  RAM16X1D => RAM32X1D (RAMD32(x2)): 22 instances
  RAM256X1D => RAM256X1D (MUXF7(x4), MUXF8(x2), RAMD64E(x8)): 2 instances
  RAM32M => RAM32M (RAMD32(x6), RAMS32(x2)): 28 instances
  RAM32M16 => RAM32M16 (RAMD32(x14), RAMS32(x2)): 362 instances
  RAM32X1D => RAM32X1D (RAMD32(x2)): 8 instances
  RAM64M => RAM64M (RAMD64E(x4)): 2 instances
  RAM64M8 => RAM64M8 (RAMD64E(x8)): 66 instances
  RAM64X1D => RAM64X1D (RAMD64E(x2)): 8 instances

INFO: [Project 1-604] Checkpoint was created with Vivado v2021.2 (64-bit) build 3367213
open_checkpoint: Time (s): cpu = 00:00:35 ; elapsed = 00:00:46 . Memory (MB): peak = 3160.254 ; gain = 1557.590
# puts "=== get_ports heartbeat_out ==="
=== get_ports heartbeat_out ===
# set hb_port [get_ports heartbeat_out]
# puts $hb_port
heartbeat_out
# puts "=== report_property [get_ports heartbeat_out] ==="
=== report_property heartbeat_out ===
# report_property $hb_port
Property            Type         Read-only  Value
CLASS               string       true       port
DIRECTION           enum         false      OUT
DRIVE               enum         false      12
HD.ASSIGNED_PPLOCS  string*      true       
HD.TANDEM           int          false      0
HOLD_SLACK          double       true       needs timing update***
IBUF_LOW_PWR        bool         false      0
IOBANK              int          true       87
IOSTANDARD          enum         false      LVCMOS33
IS_GT_TERM          bool         true       0
IS_LOC_FIXED        bool         false      1
IS_REUSED           bool         true       0
LOC                 site         false      IOB_X3Y237
LOGIC_VALUE         string       true       needs timing update***
NAME                string       false      heartbeat_out
OFFCHIP_TERM        string       false      FP_VTT_50
PACKAGE_PIN         package_pin  false      J9
PARTITION_ID        int          true       0
PULLTYPE            string       false      
SETUP_SLACK         double       true       needs timing update***
SLEW                enum         false      SLOW
UNCONNECTED         bool         true       0
# puts "=== get_nets -of_objects [get_ports heartbeat_out] ==="
=== get_nets -of_objects heartbeat_out ===
# set hb_nets [get_nets -of_objects $hb_port]
# puts $hb_nets
heartbeat_out
# puts "=== all_fanin -to [get_ports heartbeat_out] ==="
=== all_fanin -to heartbeat_out ===
# set hb_fanin [all_fanin -flat -to $hb_port]
# puts $hb_fanin
heartbeat_out heartbeat_out_OBUF_inst/O heartbeat_out_OBUF_inst/I REG_reg[25]/Q REG_reg[25]/C
# puts "=== driver pins/cells on heartbeat net ==="
=== driver pins/cells on heartbeat net ===
# set hb_drv_pins [get_pins -of_objects $hb_nets -filter {DIRECTION == OUT}]
# puts "driver_pins=$hb_drv_pins"
driver_pins=heartbeat_out_OBUF_inst/O
# set hb_drv_cells [lsort -unique [get_cells -of_objects $hb_drv_pins]]
# puts "driver_cells=$hb_drv_cells"
driver_cells=heartbeat_out_OBUF_inst
# foreach c $hb_drv_cells {
#   puts "=== report_property [get_cells $c] ==="
#   report_property $c
# }
=== report_property heartbeat_out_OBUF_inst ===
Property            Type    Read-only  Value
BEL                 string  false      HDIOB_S.OUTBUF
CLASS               string  true       cell
FILE_NAME           string  true       Z:/root/chipyard/fpga/generated-src/chipyard.fpga.zcu104.ZCU104FPGATestHarness.RocketZCU104Config/gen-collateral/ZCU104FPGATestHarness.sv
IOSTANDARD          string  true       LVCMOS33
IS_BEL_FIXED        bool    false      0
IS_BLACKBOX         bool    true       0
IS_BOUNDARY_INST    bool    true       0
IS_DEBUGGABLE       bool    true       1
IS_LOC_FIXED        bool    false      1
IS_MATCHED          bool    true       1
IS_ORIG_CELL        bool    true       1
IS_PRIMITIVE        bool    true       1
IS_REUSED           bool    true       0
IS_SEQUENTIAL       bool    true       0
LINE_NUMBER         int     true       46
LOC                 site    false      IOB_X3Y237
NAME                string  true       heartbeat_out_OBUF_inst
ORIG_REF_NAME       string  true       OBUF
PRIMITIVE_COUNT     int     true       1
PRIMITIVE_GROUP     enum    true       I/O
PRIMITIVE_LEVEL     enum    true       LEAF
PRIMITIVE_SUBGROUP  enum    true       OUTPUT_BUFFER
PRIMITIVE_TYPE      enum    true       I/O.OUTPUT_BUFFER.OBUF
REF_NAME            string  true       OBUF
REUSE_STATUS        enum    true       
SLR_INDEX           int     true       0
STATUS              enum    true       FIXED
# puts "=== report_clocks ==="
=== report_clocks ===
# report_clocks
Copyright 1986-2021 Xilinx, Inc. All Rights Reserved.
-----------------------------------------------------------------------------------------
| Tool Version      : Vivado v.2021.2 (win64) Build 3367213 Tue Oct 19 02:48:09 MDT 2021
| Date              : Tue Mar 17 12:55:37 2026
| Host              : YXY running 64-bit major release  (build 9200)
| Command           : report_clocks
| Design            : ZCU104FPGATestHarness
| Device            : xczu7ev-ffvc1156
| Speed File        : -2  PRODUCTION 1.29 08-03-2020
| Temperature Grade : E
-----------------------------------------------------------------------------------------

Clock Report


Attributes
  P: Propagated
  G: Generated
  A: Auto-derived
  R: Renamed
  V: Virtual
  I: Inverted
  S: Pin phase-shifted with Latency mode

Clock                   Period(ns)  Waveform(ns)   Attributes  Sources
clk_pl_0                10.312      {0.000 5.156}  P           {ps/island/blackbox/inst/PS8_i/PLCLK[0]}
sys_clock               3.333       {0.000 1.666}  P           {sys_clock_p}
clk_out1_harnessSysPLL  19.998      {0.000 9.999}  P,G,A       {harnessSysPLL/inst/mmcme4_adv_inst/CLKOUT0}


====================================================
Generated Clocks
====================================================

Generated Clock     : clk_out1_harnessSysPLL
Master Source       : harnessSysPLL/inst/mmcme4_adv_inst/CLKIN1
Master Clock        : sys_clock
Edges               : {1 2 3}
Edge Shifts(ns)     : {0.000 8.333 16.665}
Generated Sources   : {harnessSysPLL/inst/mmcme4_adv_inst/CLKOUT0}



====================================================
User Uncertainty
====================================================



====================================================
User Jitter
====================================================

Clock      Jitter(ns)
sys_clock  0.500

# puts "=== report_timing_summary ==="
=== report_timing_summary ===
# report_timing_summary -max_paths 10
INFO: [Timing 38-91] UpdateTimingParams: Speed grade: -2, Temperature grade: E, Delay Type: min_max.
INFO: [Timing 38-191] Multithreading enabled for timing update using a maximum of 2 CPUs
Copyright 1986-2021 Xilinx, Inc. All Rights Reserved.
-----------------------------------------------------------------------------------------
| Tool Version      : Vivado v.2021.2 (win64) Build 3367213 Tue Oct 19 02:48:09 MDT 2021
| Date              : Tue Mar 17 12:55:50 2026
| Host              : YXY running 64-bit major release  (build 9200)
| Command           : report_timing_summary -max_paths 10
| Design            : ZCU104FPGATestHarness
| Device            : xczu7ev-ffvc1156
| Speed File        : -2  PRODUCTION 1.29 08-03-2020
| Temperature Grade : E
-----------------------------------------------------------------------------------------

Timing Summary Report

------------------------------------------------------------------------------------------------
| Timer Settings
| --------------
------------------------------------------------------------------------------------------------

  Enable Multi Corner Analysis               :  Yes
  Enable Pessimism Removal                   :  Yes
  Pessimism Removal Resolution               :  Nearest Common Node
  Enable Input Delay Default Clock           :  No
  Enable Preset / Clear Arcs                 :  No
  Disable Flight Delays                      :  No
  Ignore I/O Paths                           :  No
  Timing Early Launch at Borrowing Latches   :  No
  Borrow Time for Max Delay Exceptions       :  Yes
  Merge Timing Exceptions                    :  Yes

  Corner  Analyze    Analyze    
  Name    Max Paths  Min Paths  
  ------  ---------  ---------  
  Slow    Yes        Yes        
  Fast    Yes        Yes        


------------------------------------------------------------------------------------------------
| Report Methodology
| ------------------
------------------------------------------------------------------------------------------------

No report available as report_methodology has not been run prior. Run report_methodology on the current design for the summary of methodology violations.



check_timing report

Table of Contents
-----------------
1. checking no_clock (288)
2. checking constant_clock (0)
3. checking pulse_width_clock (0)
4. checking unconstrained_internal_endpoints (696)
5. checking no_input_delay (4)
6. checking no_output_delay (6)
7. checking multiple_clock (0)
8. checking generated_clocks (0)
9. checking loops (0)
10. checking partial_input_delay (0)
11. checking partial_output_delay (0)
12. checking latch_loops (0)

1. checking no_clock (288)
--------------------------
 There are 288 register/latch pins with no clock driven by root clock pin: jtag_jtag_TCK (HIGH)


2. checking constant_clock (0)
------------------------------
 There are 0 register/latch pins with constant_clock.


3. checking pulse_width_clock (0)
---------------------------------
 There are 0 register/latch pins which need pulse_width check


4. checking unconstrained_internal_endpoints (696)
--------------------------------------------------
 There are 696 pins that are not constrained for maximum delay. (HIGH)

 There are 0 pins that are not constrained for maximum delay due to constant clock.


5. checking no_input_delay (4)
------------------------------
 There are 4 input ports with no input delay specified. (HIGH)

 There are 0 input ports with no input delay but user has a false path constraint.


6. checking no_output_delay (6)
-------------------------------
 There are 6 ports with no output delay specified. (HIGH)

 There are 0 ports with no output delay but user has a false path constraint

 There are 0 ports with no output delay but with a timing clock defined on it or propagating through it


7. checking multiple_clock (0)
------------------------------
 There are 0 register/latch pins with multiple clocks.


8. checking generated_clocks (0)
--------------------------------
 There are 0 generated clocks that are not connected to a clock source.


9. checking loops (0)
---------------------
 There are 0 combinational loops in the design.


10. checking partial_input_delay (0)
------------------------------------
 There are 0 input ports with partial input delay specified.


11. checking partial_output_delay (0)
-------------------------------------
 There are 0 ports with partial output delay specified.


12. checking latch_loops (0)
----------------------------
 There are 0 combinational latch loops in the design through latch input



------------------------------------------------------------------------------------------------
| Design Timing Summary
| ---------------------
------------------------------------------------------------------------------------------------

    WNS(ns)      TNS(ns)  TNS Failing Endpoints  TNS Total Endpoints      WHS(ns)      THS(ns)  THS Failing Endpoints  THS Total Endpoints     WPWS(ns)     TPWS(ns)  TPWS Failing Endpoints  TPWS Total Endpoints  
    -------      -------  ---------------------  -------------------      -------      -------  ---------------------  -------------------     --------     --------  ----------------------  --------------------  
      6.687        0.000                      0                84281        0.010        0.000                      0                84281        0.500        0.000                       0                 30682  


All user specified timing constraints are met.


------------------------------------------------------------------------------------------------
| Clock Summary
| -------------
------------------------------------------------------------------------------------------------

Clock                     Waveform(ns)         Period(ns)      Frequency(MHz)
-----                     ------------         ----------      --------------
clk_pl_0                  {0.000 5.156}        10.312          96.974          
sys_clock                 {0.000 1.666}        3.333           300.030         
  clk_out1_harnessSysPLL  {0.000 9.999}        19.998          50.005          


------------------------------------------------------------------------------------------------
| Intra Clock Table
| -----------------
------------------------------------------------------------------------------------------------

Clock                         WNS(ns)      TNS(ns)  TNS Failing Endpoints  TNS Total Endpoints      WHS(ns)      THS(ns)  THS Failing Endpoints  THS Total Endpoints     WPWS(ns)     TPWS(ns)  TPWS Failing Endpoints  TPWS Total Endpoints  
-----                         -------      -------  ---------------------  -------------------      -------      -------  ---------------------  -------------------     --------     --------  ----------------------  --------------------  
sys_clock                                                                                                                                                                   0.500        0.000                       0                     3  
  clk_out1_harnessSysPLL        6.687        0.000                      0                84064        0.010        0.000                      0                84064        8.499        0.000                       0                 30679  


------------------------------------------------------------------------------------------------
| Inter Clock Table
| -----------------
------------------------------------------------------------------------------------------------

From Clock    To Clock          WNS(ns)      TNS(ns)  TNS Failing Endpoints  TNS Total Endpoints      WHS(ns)      THS(ns)  THS Failing Endpoints  THS Total Endpoints  
----------    --------          -------      -------  ---------------------  -------------------      -------      -------  ---------------------  -------------------  


------------------------------------------------------------------------------------------------
| Other Path Groups Table
| -----------------------
------------------------------------------------------------------------------------------------

Path Group              From Clock              To Clock                    WNS(ns)      TNS(ns)  TNS Failing Endpoints  TNS Total Endpoints      WHS(ns)      THS(ns)  THS Failing Endpoints  THS Total Endpoints  
----------              ----------              --------                    -------      -------  ---------------------  -------------------      -------      -------  ---------------------  -------------------  
**async_default**       clk_out1_harnessSysPLL  clk_out1_harnessSysPLL       15.859        0.000                      0                  217        0.177        0.000                      0                  217  


------------------------------------------------------------------------------------------------
| Timing Details
| --------------
------------------------------------------------------------------------------------------------


---------------------------------------------------------------------------------------------------
From Clock:  sys_clock
  To Clock:  sys_clock

Setup :           NA  Failing Endpoints,  Worst Slack           NA  ,  Total Violation           NA
Hold  :           NA  Failing Endpoints,  Worst Slack           NA  ,  Total Violation           NA
PW    :            0  Failing Endpoints,  Worst Slack        0.500ns,  Total Violation        0.000ns
---------------------------------------------------------------------------------------------------


Pulse Width Checks
--------------------------------------------------------------------------------------
Clock Name:         sys_clock
Waveform(ns):       { 0.000 1.666 }
Period(ns):         3.333
Sources:            { sys_clock_p }

Check Type        Corner  Lib Pin            Reference Pin  Required(ns)  Actual(ns)  Slack(ns)  Location       Pin
Min Period        n/a     BUFGCE/I           n/a            1.290         3.333       2.043      BUFGCE_X1Y129  _sys_clock_ibufds_O_BUFG_inst/I
Min Period        n/a     MMCME4_ADV/CLKIN1  n/a            1.071         3.333       2.262      MMCM_X1Y5      harnessSysPLL/inst/mmcme4_adv_inst/CLKIN1
Min Period        n/a     FDRE/C             n/a            0.550         3.333       2.783      SLICE_X66Y281  fpga_power_on/power_on_reset_reg/C
Max Period        n/a     MMCME4_ADV/CLKIN1  n/a            100.000       3.333       96.667     MMCM_X1Y5      harnessSysPLL/inst/mmcme4_adv_inst/CLKIN1
Low Pulse Width   Slow    MMCME4_ADV/CLKIN1  n/a            1.167         1.666       0.500      MMCM_X1Y5      harnessSysPLL/inst/mmcme4_adv_inst/CLKIN1
Low Pulse Width   Fast    MMCME4_ADV/CLKIN1  n/a            1.167         1.667       0.500      MMCM_X1Y5      harnessSysPLL/inst/mmcme4_adv_inst/CLKIN1
Low Pulse Width   Slow    FDRE/C             n/a            0.275         1.667       1.392      SLICE_X66Y281  fpga_power_on/power_on_reset_reg/C
Low Pulse Width   Fast    FDRE/C             n/a            0.275         1.666       1.391      SLICE_X66Y281  fpga_power_on/power_on_reset_reg/C
High Pulse Width  Slow    MMCME4_ADV/CLKIN1  n/a            1.167         1.667       0.500      MMCM_X1Y5      harnessSysPLL/inst/mmcme4_adv_inst/CLKIN1
High Pulse Width  Fast    MMCME4_ADV/CLKIN1  n/a            1.167         1.666       0.500      MMCM_X1Y5      harnessSysPLL/inst/mmcme4_adv_inst/CLKIN1
High Pulse Width  Slow    FDRE/C             n/a            0.275         1.667       1.392      SLICE_X66Y281  fpga_power_on/power_on_reset_reg/C
High Pulse Width  Fast    FDRE/C             n/a            0.275         1.667       1.392      SLICE_X66Y281  fpga_power_on/power_on_reset_reg/C



---------------------------------------------------------------------------------------------------
From Clock:  clk_out1_harnessSysPLL
  To Clock:  clk_out1_harnessSysPLL

Setup :            0  Failing Endpoints,  Worst Slack        6.687ns,  Total Violation        0.000ns
Hold  :            0  Failing Endpoints,  Worst Slack        0.010ns,  Total Violation        0.000ns
PW    :            0  Failing Endpoints,  Worst Slack        8.499ns,  Total Violation        0.000ns
---------------------------------------------------------------------------------------------------


Max Delay Paths
--------------------------------------------------------------------------------------
Slack (MET) :             6.687ns  (required time - arrival time)
  Source:                 chiptop0/system/cbus/buffer/nodeOut_a_q/wrap_1_reg/C
                            (rising edge-triggered cell FDRE clocked by clk_out1_harnessSysPLL  {rise@0.000ns fall@9.999ns period=19.998ns})
  Destination:            chiptop0/system/tlDM/dmInner/dmInner/abstractDataMem_5_reg[0]/D
                            (rising edge-triggered cell FDRE clocked by clk_out1_harnessSysPLL  {rise@0.000ns fall@9.999ns period=19.998ns})
  Path Group:             clk_out1_harnessSysPLL
  Path Type:              Setup (Max at Slow Process Corner)
  Requirement:            19.998ns  (clk_out1_harnessSysPLL rise@19.998ns - clk_out1_harnessSysPLL rise@0.000ns)
  Data Path Delay:        14.594ns  (logic 1.194ns (8.181%)  route 13.400ns (91.819%))
  Logic Levels:           10  (LUT4=2 LUT5=3 LUT6=4 RAMD32=1)
  Clock Path Skew:        1.352ns (DCD - SCD + CPR)
    Destination Clock Delay (DCD):    6.316ns = ( 26.314 - 19.998 ) 
    Source Clock Delay      (SCD):    4.616ns
    Clock Pessimism Removal (CPR):    -0.348ns
  Clock Uncertainty:      0.094ns  ((TSJ^2 + DJ^2)^1/2) / 2 + PE
    Total System Jitter     (TSJ):    0.071ns
    Discrete Jitter          (DJ):    0.174ns
    Phase Error              (PE):    0.000ns
  Clock Net Delay (Source):      2.638ns (routing 1.265ns, distribution 1.373ns)
  Clock Net Delay (Destination): 1.200ns (routing 0.484ns, distribution 0.716ns)

    Location             Delay type                Incr(ns)  Path(ns)    Netlist Resource(s)
  -------------------------------------------------------------------    -------------------
                         (clock clk_out1_harnessSysPLL rise edge)
                                                      0.000     0.000 r  
    H11                                               0.000     0.000 r  sys_clock_p (IN)
                         net (fo=0)                   0.000     0.000    sys_clock_ibufds/I
    HPIOBDIFFINBUF_X1Y132
                         DIFFINBUF (Prop_DIFFINBUF_HPIOBDIFFINBUF_DIFF_IN_P_O)
                                                      0.497     0.497 r  sys_clock_ibufds/DIFFINBUF_INST/O
                         net (fo=1, routed)           0.050     0.547    sys_clock_ibufds/OUT
    H11                  IBUFCTRL (Prop_IBUFCTRL_HPIOB_M_I_O)
                                                      0.000     0.547 r  sys_clock_ibufds/IBUFCTRL_INST/O
                         net (fo=1, routed)           0.323     0.870    _sys_clock_ibufds_O
    BUFGCE_X1Y129        BUFGCE (Prop_BUFCE_BUFGCE_I_O)
                                                      0.028     0.898 r  _sys_clock_ibufds_O_BUFG_inst/O
                         net (fo=2, routed)           0.934     1.832    harnessSysPLL/inst/clk_in1
    MMCM_X1Y5            MMCME4_ADV (Prop_MMCM_CLKIN1_CLKOUT0)
                                                     -0.127     1.705 r  harnessSysPLL/inst/mmcme4_adv_inst/CLKOUT0
                         net (fo=1, routed)           0.245     1.950    harnessSysPLL/inst/clk_out1_harnessSysPLL
    BUFGCE_X1Y137        BUFGCE (Prop_BUFCE_BUFGCE_I_O)
                                                      0.028     1.978 r  harnessSysPLL/inst/clkout1_buf/O
    X1Y2 (CLOCK_ROOT)    net (fo=29752, routed)       2.638     4.616    chiptop0/system/cbus/buffer/nodeOut_a_q/clk_out1
    SLICE_X83Y200        FDRE                                         r  chiptop0/system/cbus/buffer/nodeOut_a_q/wrap_1_reg/C
  -------------------------------------------------------------------    -------------------
    SLICE_X83Y200        FDRE (Prop_HFF2_SLICEM_C_Q)
                                                      0.078     4.694 r  chiptop0/system/cbus/buffer/nodeOut_a_q/wrap_1_reg/Q
                         net (fo=124, routed)         2.132     6.826    chiptop0/system/cbus/buffer/nodeOut_a_q/ram_ext/Memory_reg_0_1_42_55/ADDRB0
    SLICE_X81Y207        RAMD32 (Prop_B5LUT_SLICEM_RADR0_O)
                                                      0.167     6.993 f  chiptop0/system/cbus/buffer/nodeOut_a_q/ram_ext/Memory_reg_0_1_42_55/RAMB/O
                         net (fo=12, routed)          0.916     7.909    chiptop0/system/cbus/buffer/nodeOut_a_q/ram_ext/R0_data0[41]
    SLICE_X83Y201        LUT6 (Prop_H6LUT_SLICEM_I2_O)
                                                      0.101     8.010 r  chiptop0/system/cbus/buffer/nodeOut_a_q/ram_ext/ram[113]_i_3/O
                         net (fo=18, routed)          0.851     8.861    chiptop0/system/cbus/buffer/nodeOut_a_q/ram_ext/wrap_1_reg
    SLICE_X84Y200        LUT6 (Prop_H6LUT_SLICEM_I0_O)
                                                      0.101     8.962 r  chiptop0/system/cbus/buffer/nodeOut_a_q/ram_ext/abstractDataMem_8[7]_i_8/O
                         net (fo=3, routed)           0.861     9.823    chiptop0/system/cbus/coupler_to_debug/fragmenter/repeater/_cbus_auto_coupler_to_debug_fragmenter_anon_out_a_valid
    SLICE_X82Y199        LUT5 (Prop_C5LUT_SLICEL_I0_O)
                                                      0.098     9.921 r  chiptop0/system/cbus/coupler_to_debug/fragmenter/repeater/readys_mask[6]_i_7/O
                         net (fo=14, routed)          0.618    10.539    chiptop0/system/cbus/out_xbar/_coupler_to_debug_auto_tl_in_d_valid
    SLICE_X86Y195        LUT4 (Prop_E6LUT_SLICEM_I3_O)
                                                      0.148    10.687 r  chiptop0/system/cbus/out_xbar/readys_mask[5]_i_16/O
                         net (fo=2, routed)           0.226    10.913    chiptop0/system/cbus/out_xbar/readys_mask[5]_i_16_n_0
    SLICE_X86Y195        LUT6 (Prop_F6LUT_SLICEM_I3_O)
                                                      0.088    11.001 r  chiptop0/system/cbus/out_xbar/readys_mask[5]_i_7/O
                         net (fo=4, routed)           0.638    11.639    chiptop0/system/cbus/out_xbar/readys_mask_reg[6]_2
    SLICE_X83Y197        LUT5 (Prop_F6LUT_SLICEM_I2_O)
                                                      0.088    11.727 f  chiptop0/system/cbus/out_xbar/full_i_4__2/O
                         net (fo=7, routed)           1.406    13.133    chiptop0/system/cbus/coupler_to_debug/fragmenter/repeater/_cbus_auto_coupler_to_debug_fragmenter_anon_out_d_ready
    SLICE_X84Y202        LUT5 (Prop_A5LUT_SLICEM_I4_O)
                                                      0.139    13.272 r  chiptop0/system/cbus/coupler_to_debug/fragmenter/repeater/abstractDataMem_8[7]_i_4/O
                         net (fo=91, routed)          2.199    15.471    chiptop0/system/cbus/coupler_to_debug/fragmenter/repeater/abstractDataMem_8[7]_i_4_n_0
    SLICE_X92Y228        LUT6 (Prop_H6LUT_SLICEL_I0_O)
                                                      0.090    15.561 r  chiptop0/system/cbus/coupler_to_debug/fragmenter/repeater/abstractDataMem_0[7]_i_8/O
                         net (fo=64, routed)          2.511    18.072    chiptop0/system/cbus/coupler_to_debug/fragmenter/repeater/abstractDataMem_0[7]_i_8_n_0
    SLICE_X83Y219        LUT4 (Prop_H5LUT_SLICEM_I0_O)
                                                      0.096    18.168 r  chiptop0/system/cbus/coupler_to_debug/fragmenter/repeater/abstractDataMem_5[0]_i_1/O
                         net (fo=1, routed)           1.042    19.210    chiptop0/system/tlDM/dmInner/dmInner/abstractDataMem_5_reg[0]_1
    SLICE_X83Y219        FDRE                                         r  chiptop0/system/tlDM/dmInner/dmInner/abstractDataMem_5_reg[0]/D
  -------------------------------------------------------------------    -------------------

                         (clock clk_out1_harnessSysPLL rise edge)
                                                     19.998    19.998 r  
    H11                                               0.000    19.998 r  sys_clock_p (IN)
                         net (fo=0)                   0.000    19.998    sys_clock_ibufds/I
    HPIOBDIFFINBUF_X1Y132
                         DIFFINBUF (Prop_DIFFINBUF_HPIOBDIFFINBUF_DIFF_IN_P_O)
                                                      0.401    20.399 r  sys_clock_ibufds/DIFFINBUF_INST/O
                         net (fo=1, routed)           0.040    20.439    sys_clock_ibufds/OUT
    H11                  IBUFCTRL (Prop_IBUFCTRL_HPIOB_M_I_O)
                                                      0.000    20.439 r  sys_clock_ibufds/IBUFCTRL_INST/O
                         net (fo=1, routed)           0.286    20.725    _sys_clock_ibufds_O
    BUFGCE_X1Y129        BUFGCE (Prop_BUFCE_BUFGCE_I_O)
                                                      0.024    20.749 r  _sys_clock_ibufds_O_BUFG_inst/O
                         net (fo=2, routed)           0.822    21.571    harnessSysPLL/inst/clk_in1
    MMCM_X1Y5            MMCME4_ADV (Prop_MMCM_CLKIN1_CLKOUT0)
                                                      0.630    22.201 r  harnessSysPLL/inst/mmcme4_adv_inst/CLKOUT0
                         net (fo=1, routed)           0.216    22.417    harnessSysPLL/inst/clk_out1_harnessSysPLL
    BUFGCE_X1Y137        BUFGCE (Prop_BUFCE_BUFGCE_I_O)
                                                      0.024    22.441 r  harnessSysPLL/inst/clkout1_buf/O
                         net (fo=29752, routed)       2.263    24.704    chiptop0/gated_clock_debug_clock_gate/clk_out1
    SLICE_X66Y151        LUT2 (Prop_H6LUT_SLICEL_I1_O)
                                                      0.095    24.799 r  chiptop0/gated_clock_debug_clock_gate/ABSTRACTAUTOReg_autoexecdata[7]_i_5/O
                         net (fo=1, routed)           0.291    25.090    chiptop0_n_240
    BUFGCE_X1Y48         BUFGCE (Prop_BUFCE_BUFGCE_I_O)
                                                      0.024    25.114 r  ABSTRACTAUTOReg_autoexecdata_reg[7]_i_3/O
    X2Y3 (CLOCK_ROOT)    net (fo=1068, routed)        1.200    26.314    chiptop0/system/tlDM/dmInner/dmInner/sync_0_reg
    SLICE_X83Y219        FDRE                                         r  chiptop0/system/tlDM/dmInner/dmInner/abstractDataMem_5_reg[0]/C
                         clock pessimism             -0.348    25.966    
                         clock uncertainty           -0.094    25.872    
    SLICE_X83Y219        FDRE (Setup_AFF_SLICEM_C_D)
                                                      0.025    25.897    chiptop0/system/tlDM/dmInner/dmInner/abstractDataMem_5_reg[0]
  -------------------------------------------------------------------
                         required time                         25.897    
                         arrival time                         -19.210    
  -------------------------------------------------------------------
                         slack                                  6.687    

Slack (MET) :             6.691ns  (required time - arrival time)
  Source:                 chiptop0/system/cbus/buffer/nodeOut_a_q/wrap_1_reg/C
                            (rising edge-triggered cell FDRE clocked by clk_out1_harnessSysPLL  {rise@0.000ns fall@9.999ns period=19.998ns})
  Destination:            chiptop0/system/tlDM/dmInner/dmInner/abstractDataMem_5_reg[3]/D
                            (rising edge-triggered cell FDRE clocked by clk_out1_harnessSysPLL  {rise@0.000ns fall@9.999ns period=19.998ns})
  Path Group:             clk_out1_harnessSysPLL
  Path Type:              Setup (Max at Slow Process Corner)
  Requirement:            19.998ns  (clk_out1_harnessSysPLL rise@19.998ns - clk_out1_harnessSysPLL rise@0.000ns)
  Data Path Delay:        14.590ns  (logic 1.235ns (8.465%)  route 13.355ns (91.535%))
  Logic Levels:           10  (LUT4=2 LUT5=3 LUT6=4 RAMD32=1)
  Clock Path Skew:        1.352ns (DCD - SCD + CPR)
    Destination Clock Delay (DCD):    6.316ns = ( 26.314 - 19.998 ) 
    Source Clock Delay      (SCD):    4.616ns
    Clock Pessimism Removal (CPR):    -0.348ns
  Clock Uncertainty:      0.094ns  ((TSJ^2 + DJ^2)^1/2) / 2 + PE
    Total System Jitter     (TSJ):    0.071ns
    Discrete Jitter          (DJ):    0.174ns
    Phase Error              (PE):    0.000ns
  Clock Net Delay (Source):      2.638ns (routing 1.265ns, distribution 1.373ns)
  Clock Net Delay (Destination): 1.200ns (routing 0.484ns, distribution 0.716ns)

    Location             Delay type                Incr(ns)  Path(ns)    Netlist Resource(s)
  -------------------------------------------------------------------    -------------------
                         (clock clk_out1_harnessSysPLL rise edge)
                                                      0.000     0.000 r  
    H11                                               0.000     0.000 r  sys_clock_p (IN)
                         net (fo=0)                   0.000     0.000    sys_clock_ibufds/I
    HPIOBDIFFINBUF_X1Y132
                         DIFFINBUF (Prop_DIFFINBUF_HPIOBDIFFINBUF_DIFF_IN_P_O)
                                                      0.497     0.497 r  sys_clock_ibufds/DIFFINBUF_INST/O
                         net (fo=1, routed)           0.050     0.547    sys_clock_ibufds/OUT
    H11                  IBUFCTRL (Prop_IBUFCTRL_HPIOB_M_I_O)
                                                      0.000     0.547 r  sys_clock_ibufds/IBUFCTRL_INST/O
                         net (fo=1, routed)           0.323     0.870    _sys_clock_ibufds_O
    BUFGCE_X1Y129        BUFGCE (Prop_BUFCE_BUFGCE_I_O)
                                                      0.028     0.898 r  _sys_clock_ibufds_O_BUFG_inst/O
                         net (fo=2, routed)           0.934     1.832    harnessSysPLL/inst/clk_in1
    MMCM_X1Y5            MMCME4_ADV (Prop_MMCM_CLKIN1_CLKOUT0)
                                                     -0.127     1.705 r  harnessSysPLL/inst/mmcme4_adv_inst/CLKOUT0
                         net (fo=1, routed)           0.245     1.950    harnessSysPLL/inst/clk_out1_harnessSysPLL
    BUFGCE_X1Y137        BUFGCE (Prop_BUFCE_BUFGCE_I_O)
                                                      0.028     1.978 r  harnessSysPLL/inst/clkout1_buf/O
    X1Y2 (CLOCK_ROOT)    net (fo=29752, routed)       2.638     4.616    chiptop0/system/cbus/buffer/nodeOut_a_q/clk_out1
    SLICE_X83Y200        FDRE                                         r  chiptop0/system/cbus/buffer/nodeOut_a_q/wrap_1_reg/C
  -------------------------------------------------------------------    -------------------
    SLICE_X83Y200        FDRE (Prop_HFF2_SLICEM_C_Q)
                                                      0.078     4.694 r  chiptop0/system/cbus/buffer/nodeOut_a_q/wrap_1_reg/Q
                         net (fo=124, routed)         2.132     6.826    chiptop0/system/cbus/buffer/nodeOut_a_q/ram_ext/Memory_reg_0_1_42_55/ADDRB0
    SLICE_X81Y207        RAMD32 (Prop_B5LUT_SLICEM_RADR0_O)
                                                      0.167     6.993 f  chiptop0/system/cbus/buffer/nodeOut_a_q/ram_ext/Memory_reg_0_1_42_55/RAMB/O
                         net (fo=12, routed)          0.916     7.909    chiptop0/system/cbus/buffer/nodeOut_a_q/ram_ext/R0_data0[41]
    SLICE_X83Y201        LUT6 (Prop_H6LUT_SLICEM_I2_O)
                                                      0.101     8.010 r  chiptop0/system/cbus/buffer/nodeOut_a_q/ram_ext/ram[113]_i_3/O
                         net (fo=18, routed)          0.851     8.861    chiptop0/system/cbus/buffer/nodeOut_a_q/ram_ext/wrap_1_reg
    SLICE_X84Y200        LUT6 (Prop_H6LUT_SLICEM_I0_O)
                                                      0.101     8.962 r  chiptop0/system/cbus/buffer/nodeOut_a_q/ram_ext/abstractDataMem_8[7]_i_8/O
                         net (fo=3, routed)           0.861     9.823    chiptop0/system/cbus/coupler_to_debug/fragmenter/repeater/_cbus_auto_coupler_to_debug_fragmenter_anon_out_a_valid
    SLICE_X82Y199        LUT5 (Prop_C5LUT_SLICEL_I0_O)
                                                      0.098     9.921 r  chiptop0/system/cbus/coupler_to_debug/fragmenter/repeater/readys_mask[6]_i_7/O
                         net (fo=14, routed)          0.618    10.539    chiptop0/system/cbus/out_xbar/_coupler_to_debug_auto_tl_in_d_valid
    SLICE_X86Y195        LUT4 (Prop_E6LUT_SLICEM_I3_O)
                                                      0.148    10.687 r  chiptop0/system/cbus/out_xbar/readys_mask[5]_i_16/O
                         net (fo=2, routed)           0.226    10.913    chiptop0/system/cbus/out_xbar/readys_mask[5]_i_16_n_0
    SLICE_X86Y195        LUT6 (Prop_F6LUT_SLICEM_I3_O)
                                                      0.088    11.001 r  chiptop0/system/cbus/out_xbar/readys_mask[5]_i_7/O
                         net (fo=4, routed)           0.638    11.639    chiptop0/system/cbus/out_xbar/readys_mask_reg[6]_2
    SLICE_X83Y197        LUT5 (Prop_F6LUT_SLICEM_I2_O)
                                                      0.088    11.727 f  chiptop0/system/cbus/out_xbar/full_i_4__2/O
                         net (fo=7, routed)           1.406    13.133    chiptop0/system/cbus/coupler_to_debug/fragmenter/repeater/_cbus_auto_coupler_to_debug_fragmenter_anon_out_d_ready
    SLICE_X84Y202        LUT5 (Prop_A5LUT_SLICEM_I4_O)
                                                      0.139    13.272 r  chiptop0/system/cbus/coupler_to_debug/fragmenter/repeater/abstractDataMem_8[7]_i_4/O
                         net (fo=91, routed)          2.199    15.471    chiptop0/system/cbus/coupler_to_debug/fragmenter/repeater/abstractDataMem_8[7]_i_4_n_0
    SLICE_X92Y228        LUT6 (Prop_H6LUT_SLICEL_I0_O)
                                                      0.090    15.561 r  chiptop0/system/cbus/coupler_to_debug/fragmenter/repeater/abstractDataMem_0[7]_i_8/O
                         net (fo=64, routed)          2.520    18.081    chiptop0/system/cbus/coupler_to_debug/fragmenter/repeater/abstractDataMem_0[7]_i_8_n_0
    SLICE_X83Y219        LUT4 (Prop_G5LUT_SLICEM_I0_O)
                                                      0.137    18.218 r  chiptop0/system/cbus/coupler_to_debug/fragmenter/repeater/abstractDataMem_5[3]_i_1/O
                         net (fo=1, routed)           0.988    19.206    chiptop0/system/tlDM/dmInner/dmInner/abstractDataMem_5_reg[3]_0
    SLICE_X83Y219        FDRE                                         r  chiptop0/system/tlDM/dmInner/dmInner/abstractDataMem_5_reg[3]/D
  -------------------------------------------------------------------    -------------------

                         (clock clk_out1_harnessSysPLL rise edge)
                                                     19.998    19.998 r  
    H11                                               0.000    19.998 r  sys_clock_p (IN)
                         net (fo=0)                   0.000    19.998    sys_clock_ibufds/I
    HPIOBDIFFINBUF_X1Y132
                         DIFFINBUF (Prop_DIFFINBUF_HPIOBDIFFINBUF_DIFF_IN_P_O)
                                                      0.401    20.399 r  sys_clock_ibufds/DIFFINBUF_INST/O
                         net (fo=1, routed)           0.040    20.439    sys_clock_ibufds/OUT
    H11                  IBUFCTRL (Prop_IBUFCTRL_HPIOB_M_I_O)
                                                      0.000    20.439 r  sys_clock_ibufds/IBUFCTRL_INST/O
                         net (fo=1, routed)           0.286    20.725    _sys_clock_ibufds_O
    BUFGCE_X1Y129        BUFGCE (Prop_BUFCE_BUFGCE_I_O)
                                                      0.024    20.749 r  _sys_clock_ibufds_O_BUFG_inst/O
                         net (fo=2, routed)           0.822    21.571    harnessSysPLL/inst/clk_in1
    MMCM_X1Y5            MMCME4_ADV (Prop_MMCM_CLKIN1_CLKOUT0)
                                                      0.630    22.201 r  harnessSysPLL/inst/mmcme4_adv_inst/CLKOUT0
                         net (fo=1, routed)           0.216    22.417    harnessSysPLL/inst/clk_out1_harnessSysPLL
    BUFGCE_X1Y137        BUFGCE (Prop_BUFCE_BUFGCE_I_O)
                                                      0.024    22.441 r  harnessSysPLL/inst/clkout1_buf/O
                         net (fo=29752, routed)       2.263    24.704    chiptop0/gated_clock_debug_clock_gate/clk_out1
    SLICE_X66Y151        LUT2 (Prop_H6LUT_SLICEL_I1_O)
                                                      0.095    24.799 r  chiptop0/gated_clock_debug_clock_gate/ABSTRACTAUTOReg_autoexecdata[7]_i_5/O
                         net (fo=1, routed)           0.291    25.090    chiptop0_n_240
    BUFGCE_X1Y48         BUFGCE (Prop_BUFCE_BUFGCE_I_O)
                                                      0.024    25.114 r  ABSTRACTAUTOReg_autoexecdata_reg[7]_i_3/O
    X2Y3 (CLOCK_ROOT)    net (fo=1068, routed)        1.200    26.314    chiptop0/system/tlDM/dmInner/dmInner/sync_0_reg
    SLICE_X83Y219        FDRE                                         r  chiptop0/system/tlDM/dmInner/dmInner/abstractDataMem_5_reg[3]/C
                         clock pessimism             -0.348    25.966    
                         clock uncertainty           -0.094    25.872    
    SLICE_X83Y219        FDRE (Setup_AFF2_SLICEM_C_D)
                                                      0.025    25.897    chiptop0/system/tlDM/dmInner/dmInner/abstractDataMem_5_reg[3]
  -------------------------------------------------------------------
                         required time                         25.897    
                         arrival time                         -19.206    
  -------------------------------------------------------------------
                         slack                                  6.691    

Slack (MET) :             6.707ns  (required time - arrival time)
  Source:                 chiptop0/system/cbus/buffer/nodeOut_a_q/wrap_1_reg/C
                            (rising edge-triggered cell FDRE clocked by clk_out1_harnessSysPLL  {rise@0.000ns fall@9.999ns period=19.998ns})
  Destination:            chiptop0/system/tlDM/dmInner/dmInner/abstractDataMem_2_reg[7]/D
                            (rising edge-triggered cell FDRE clocked by clk_out1_harnessSysPLL  {rise@0.000ns fall@9.999ns period=19.998ns})
  Path Group:             clk_out1_harnessSysPLL
  Path Type:              Setup (Max at Slow Process Corner)
  Requirement:            19.998ns  (clk_out1_harnessSysPLL rise@19.998ns - clk_out1_harnessSysPLL rise@0.000ns)
  Data Path Delay:        14.592ns  (logic 1.233ns (8.450%)  route 13.359ns (91.550%))
  Logic Levels:           10  (LUT4=2 LUT5=3 LUT6=4 RAMD32=1)
  Clock Path Skew:        1.370ns (DCD - SCD + CPR)
    Destination Clock Delay (DCD):    6.334ns = ( 26.332 - 19.998 ) 
    Source Clock Delay      (SCD):    4.616ns
    Clock Pessimism Removal (CPR):    -0.348ns
  Clock Uncertainty:      0.094ns  ((TSJ^2 + DJ^2)^1/2) / 2 + PE
    Total System Jitter     (TSJ):    0.071ns
    Discrete Jitter          (DJ):    0.174ns
    Phase Error              (PE):    0.000ns
  Clock Net Delay (Source):      2.638ns (routing 1.265ns, distribution 1.373ns)
  Clock Net Delay (Destination): 1.218ns (routing 0.484ns, distribution 0.734ns)

    Location             Delay type                Incr(ns)  Path(ns)    Netlist Resource(s)
  -------------------------------------------------------------------    -------------------
                         (clock clk_out1_harnessSysPLL rise edge)
                                                      0.000     0.000 r  
    H11                                               0.000     0.000 r  sys_clock_p (IN)
                         net (fo=0)                   0.000     0.000    sys_clock_ibufds/I
    HPIOBDIFFINBUF_X1Y132
                         DIFFINBUF (Prop_DIFFINBUF_HPIOBDIFFINBUF_DIFF_IN_P_O)
                                                      0.497     0.497 r  sys_clock_ibufds/DIFFINBUF_INST/O
                         net (fo=1, routed)           0.050     0.547    sys_clock_ibufds/OUT
    H11                  IBUFCTRL (Prop_IBUFCTRL_HPIOB_M_I_O)
                                                      0.000     0.547 r  sys_clock_ibufds/IBUFCTRL_INST/O
                         net (fo=1, routed)           0.323     0.870    _sys_clock_ibufds_O
    BUFGCE_X1Y129        BUFGCE (Prop_BUFCE_BUFGCE_I_O)
                                                      0.028     0.898 r  _sys_clock_ibufds_O_BUFG_inst/O
                         net (fo=2, routed)           0.934     1.832    harnessSysPLL/inst/clk_in1
    MMCM_X1Y5            MMCME4_ADV (Prop_MMCM_CLKIN1_CLKOUT0)
                                                     -0.127     1.705 r  harnessSysPLL/inst/mmcme4_adv_inst/CLKOUT0
                         net (fo=1, routed)           0.245     1.950    harnessSysPLL/inst/clk_out1_harnessSysPLL
    BUFGCE_X1Y137        BUFGCE (Prop_BUFCE_BUFGCE_I_O)
                                                      0.028     1.978 r  harnessSysPLL/inst/clkout1_buf/O
    X1Y2 (CLOCK_ROOT)    net (fo=29752, routed)       2.638     4.616    chiptop0/system/cbus/buffer/nodeOut_a_q/clk_out1
    SLICE_X83Y200        FDRE                                         r  chiptop0/system/cbus/buffer/nodeOut_a_q/wrap_1_reg/C
  -------------------------------------------------------------------    -------------------
    SLICE_X83Y200        FDRE (Prop_HFF2_SLICEM_C_Q)
                                                      0.078     4.694 r  chiptop0/system/cbus/buffer/nodeOut_a_q/wrap_1_reg/Q
                         net (fo=124, routed)         2.132     6.826    chiptop0/system/cbus/buffer/nodeOut_a_q/ram_ext/Memory_reg_0_1_42_55/ADDRB0
    SLICE_X81Y207        RAMD32 (Prop_B5LUT_SLICEM_RADR0_O)
                                                      0.167     6.993 f  chiptop0/system/cbus/buffer/nodeOut_a_q/ram_ext/Memory_reg_0_1_42_55/RAMB/O
                         net (fo=12, routed)          0.916     7.909    chiptop0/system/cbus/buffer/nodeOut_a_q/ram_ext/R0_data0[41]
    SLICE_X83Y201        LUT6 (Prop_H6LUT_SLICEM_I2_O)
                                                      0.101     8.010 r  chiptop0/system/cbus/buffer/nodeOut_a_q/ram_ext/ram[113]_i_3/O
                         net (fo=18, routed)          0.851     8.861    chiptop0/system/cbus/buffer/nodeOut_a_q/ram_ext/wrap_1_reg
    SLICE_X84Y200        LUT6 (Prop_H6LUT_SLICEM_I0_O)
                                                      0.101     8.962 r  chiptop0/system/cbus/buffer/nodeOut_a_q/ram_ext/abstractDataMem_8[7]_i_8/O
                         net (fo=3, routed)           0.861     9.823    chiptop0/system/cbus/coupler_to_debug/fragmenter/repeater/_cbus_auto_coupler_to_debug_fragmenter_anon_out_a_valid
    SLICE_X82Y199        LUT5 (Prop_C5LUT_SLICEL_I0_O)
                                                      0.098     9.921 r  chiptop0/system/cbus/coupler_to_debug/fragmenter/repeater/readys_mask[6]_i_7/O
                         net (fo=14, routed)          0.618    10.539    chiptop0/system/cbus/out_xbar/_coupler_to_debug_auto_tl_in_d_valid
    SLICE_X86Y195        LUT4 (Prop_E6LUT_SLICEM_I3_O)
                                                      0.148    10.687 r  chiptop0/system/cbus/out_xbar/readys_mask[5]_i_16/O
                         net (fo=2, routed)           0.226    10.913    chiptop0/system/cbus/out_xbar/readys_mask[5]_i_16_n_0
    SLICE_X86Y195        LUT6 (Prop_F6LUT_SLICEM_I3_O)
                                                      0.088    11.001 r  chiptop0/system/cbus/out_xbar/readys_mask[5]_i_7/O
                         net (fo=4, routed)           0.638    11.639    chiptop0/system/cbus/out_xbar/readys_mask_reg[6]_2
    SLICE_X83Y197        LUT5 (Prop_F6LUT_SLICEM_I2_O)
                                                      0.088    11.727 f  chiptop0/system/cbus/out_xbar/full_i_4__2/O
                         net (fo=7, routed)           1.406    13.133    chiptop0/system/cbus/coupler_to_debug/fragmenter/repeater/_cbus_auto_coupler_to_debug_fragmenter_anon_out_d_ready
    SLICE_X84Y202        LUT5 (Prop_A5LUT_SLICEM_I4_O)
                                                      0.139    13.272 r  chiptop0/system/cbus/coupler_to_debug/fragmenter/repeater/abstractDataMem_8[7]_i_4/O
                         net (fo=91, routed)          2.199    15.471    chiptop0/system/cbus/coupler_to_debug/fragmenter/repeater/abstractDataMem_8[7]_i_4_n_0
    SLICE_X92Y228        LUT6 (Prop_H6LUT_SLICEL_I0_O)
                                                      0.090    15.561 r  chiptop0/system/cbus/coupler_to_debug/fragmenter/repeater/abstractDataMem_0[7]_i_8/O
                         net (fo=64, routed)          2.407    17.968    chiptop0/system/cbus/coupler_to_debug/fragmenter/repeater/abstractDataMem_0[7]_i_8_n_0
    SLICE_X84Y233        LUT4 (Prop_D5LUT_SLICEM_I0_O)
                                                      0.135    18.103 r  chiptop0/system/cbus/coupler_to_debug/fragmenter/repeater/abstractDataMem_2[7]_i_3/O
                         net (fo=1, routed)           1.105    19.208    chiptop0/system/tlDM/dmInner/dmInner/abstractDataMem_2_reg[7]_1
    SLICE_X84Y233        FDRE                                         r  chiptop0/system/tlDM/dmInner/dmInner/abstractDataMem_2_reg[7]/D
  -------------------------------------------------------------------    -------------------

                         (clock clk_out1_harnessSysPLL rise edge)
                                                     19.998    19.998 r  
    H11                                               0.000    19.998 r  sys_clock_p (IN)
                         net (fo=0)                   0.000    19.998    sys_clock_ibufds/I
    HPIOBDIFFINBUF_X1Y132
                         DIFFINBUF (Prop_DIFFINBUF_HPIOBDIFFINBUF_DIFF_IN_P_O)
                                                      0.401    20.399 r  sys_clock_ibufds/DIFFINBUF_INST/O
                         net (fo=1, routed)           0.040    20.439    sys_clock_ibufds/OUT
    H11                  IBUFCTRL (Prop_IBUFCTRL_HPIOB_M_I_O)
                                                      0.000    20.439 r  sys_clock_ibufds/IBUFCTRL_INST/O
                         net (fo=1, routed)           0.286    20.725    _sys_clock_ibufds_O
    BUFGCE_X1Y129        BUFGCE (Prop_BUFCE_BUFGCE_I_O)
                                                      0.024    20.749 r  _sys_clock_ibufds_O_BUFG_inst/O
                         net (fo=2, routed)           0.822    21.571    harnessSysPLL/inst/clk_in1
    MMCM_X1Y5            MMCME4_ADV (Prop_MMCM_CLKIN1_CLKOUT0)
                                                      0.630    22.201 r  harnessSysPLL/inst/mmcme4_adv_inst/CLKOUT0
                         net (fo=1, routed)           0.216    22.417    harnessSysPLL/inst/clk_out1_harnessSysPLL
    BUFGCE_X1Y137        BUFGCE (Prop_BUFCE_BUFGCE_I_O)
                                                      0.024    22.441 r  harnessSysPLL/inst/clkout1_buf/O
                         net (fo=29752, routed)       2.263    24.704    chiptop0/gated_clock_debug_clock_gate/clk_out1
    SLICE_X66Y151        LUT2 (Prop_H6LUT_SLICEL_I1_O)
                                                      0.095    24.799 r  chiptop0/gated_clock_debug_clock_gate/ABSTRACTAUTOReg_autoexecdata[7]_i_5/O
                         net (fo=1, routed)           0.291    25.090    chiptop0_n_240
    BUFGCE_X1Y48         BUFGCE (Prop_BUFCE_BUFGCE_I_O)
                                                      0.024    25.114 r  ABSTRACTAUTOReg_autoexecdata_reg[7]_i_3/O
    X2Y3 (CLOCK_ROOT)    net (fo=1068, routed)        1.218    26.332    chiptop0/system/tlDM/dmInner/dmInner/sync_0_reg
    SLICE_X84Y233        FDRE                                         r  chiptop0/system/tlDM/dmInner/dmInner/abstractDataMem_2_reg[7]/C
                         clock pessimism             -0.348    25.984    
                         clock uncertainty           -0.094    25.890    
    SLICE_X84Y233        FDRE (Setup_EFF_SLICEM_C_D)
                                                      0.025    25.915    chiptop0/system/tlDM/dmInner/dmInner/abstractDataMem_2_reg[7]
  -------------------------------------------------------------------
                         required time                         25.915    
                         arrival time                         -19.208    
  -------------------------------------------------------------------
                         slack                                  6.707    

Slack (MET) :             6.757ns  (required time - arrival time)
  Source:                 chiptop0/system/cbus/buffer/nodeOut_a_q/wrap_1_reg/C
                            (rising edge-triggered cell FDRE clocked by clk_out1_harnessSysPLL  {rise@0.000ns fall@9.999ns period=19.998ns})
  Destination:            chiptop0/system/tlDM/dmInner/dmInner/abstractDataMem_5_reg[7]/D
                            (rising edge-triggered cell FDRE clocked by clk_out1_harnessSysPLL  {rise@0.000ns fall@9.999ns period=19.998ns})
  Path Group:             clk_out1_harnessSysPLL
  Path Type:              Setup (Max at Slow Process Corner)
  Requirement:            19.998ns  (clk_out1_harnessSysPLL rise@19.998ns - clk_out1_harnessSysPLL rise@0.000ns)
  Data Path Delay:        14.518ns  (logic 1.233ns (8.493%)  route 13.285ns (91.507%))
  Logic Levels:           10  (LUT4=2 LUT5=3 LUT6=4 RAMD32=1)
  Clock Path Skew:        1.346ns (DCD - SCD + CPR)
    Destination Clock Delay (DCD):    6.310ns = ( 26.308 - 19.998 ) 
    Source Clock Delay      (SCD):    4.616ns
    Clock Pessimism Removal (CPR):    -0.348ns
  Clock Uncertainty:      0.094ns  ((TSJ^2 + DJ^2)^1/2) / 2 + PE
    Total System Jitter     (TSJ):    0.071ns
    Discrete Jitter          (DJ):    0.174ns
    Phase Error              (PE):    0.000ns
  Clock Net Delay (Source):      2.638ns (routing 1.265ns, distribution 1.373ns)
  Clock Net Delay (Destination): 1.194ns (routing 0.484ns, distribution 0.710ns)

    Location             Delay type                Incr(ns)  Path(ns)    Netlist Resource(s)
  -------------------------------------------------------------------    -------------------
                         (clock clk_out1_harnessSysPLL rise edge)
                                                      0.000     0.000 r  
    H11                                               0.000     0.000 r  sys_clock_p (IN)
                         net (fo=0)                   0.000     0.000    sys_clock_ibufds/I
    HPIOBDIFFINBUF_X1Y132
                         DIFFINBUF (Prop_DIFFINBUF_HPIOBDIFFINBUF_DIFF_IN_P_O)
                                                      0.497     0.497 r  sys_clock_ibufds/DIFFINBUF_INST/O
                         net (fo=1, routed)           0.050     0.547    sys_clock_ibufds/OUT
    H11                  IBUFCTRL (Prop_IBUFCTRL_HPIOB_M_I_O)
                                                      0.000     0.547 r  sys_clock_ibufds/IBUFCTRL_INST/O
                         net (fo=1, routed)           0.323     0.870    _sys_clock_ibufds_O
    BUFGCE_X1Y129        BUFGCE (Prop_BUFCE_BUFGCE_I_O)
                                                      0.028     0.898 r  _sys_clock_ibufds_O_BUFG_inst/O
                         net (fo=2, routed)           0.934     1.832    harnessSysPLL/inst/clk_in1
    MMCM_X1Y5            MMCME4_ADV (Prop_MMCM_CLKIN1_CLKOUT0)
                                                     -0.127     1.705 r  harnessSysPLL/inst/mmcme4_adv_inst/CLKOUT0
                         net (fo=1, routed)           0.245     1.950    harnessSysPLL/inst/clk_out1_harnessSysPLL
    BUFGCE_X1Y137        BUFGCE (Prop_BUFCE_BUFGCE_I_O)
                                                      0.028     1.978 r  harnessSysPLL/inst/clkout1_buf/O
    X1Y2 (CLOCK_ROOT)    net (fo=29752, routed)       2.638     4.616    chiptop0/system/cbus/buffer/nodeOut_a_q/clk_out1
    SLICE_X83Y200        FDRE                                         r  chiptop0/system/cbus/buffer/nodeOut_a_q/wrap_1_reg/C
  -------------------------------------------------------------------    -------------------
    SLICE_X83Y200        FDRE (Prop_HFF2_SLICEM_C_Q)
                                                      0.078     4.694 r  chiptop0/system/cbus/buffer/nodeOut_a_q/wrap_1_reg/Q
                         net (fo=124, routed)         2.132     6.826    chiptop0/system/cbus/buffer/nodeOut_a_q/ram_ext/Memory_reg_0_1_42_55/ADDRB0
    SLICE_X81Y207        RAMD32 (Prop_B5LUT_SLICEM_RADR0_O)
                                                      0.167     6.993 f  chiptop0/system/cbus/buffer/nodeOut_a_q/ram_ext/Memory_reg_0_1_42_55/RAMB/O
                         net (fo=12, routed)          0.916     7.909    chiptop0/system/cbus/buffer/nodeOut_a_q/ram_ext/R0_data0[41]
    SLICE_X83Y201        LUT6 (Prop_H6LUT_SLICEM_I2_O)
                                                      0.101     8.010 r  chiptop0/system/cbus/buffer/nodeOut_a_q/ram_ext/ram[113]_i_3/O
                         net (fo=18, routed)          0.851     8.861    chiptop0/system/cbus/buffer/nodeOut_a_q/ram_ext/wrap_1_reg
    SLICE_X84Y200        LUT6 (Prop_H6LUT_SLICEM_I0_O)
                                                      0.101     8.962 r  chiptop0/system/cbus/buffer/nodeOut_a_q/ram_ext/abstractDataMem_8[7]_i_8/O
                         net (fo=3, routed)           0.861     9.823    chiptop0/system/cbus/coupler_to_debug/fragmenter/repeater/_cbus_auto_coupler_to_debug_fragmenter_anon_out_a_valid
    SLICE_X82Y199        LUT5 (Prop_C5LUT_SLICEL_I0_O)
                                                      0.098     9.921 r  chiptop0/system/cbus/coupler_to_debug/fragmenter/repeater/readys_mask[6]_i_7/O
                         net (fo=14, routed)          0.618    10.539    chiptop0/system/cbus/out_xbar/_coupler_to_debug_auto_tl_in_d_valid
    SLICE_X86Y195        LUT4 (Prop_E6LUT_SLICEM_I3_O)
                                                      0.148    10.687 r  chiptop0/system/cbus/out_xbar/readys_mask[5]_i_16/O
                         net (fo=2, routed)           0.226    10.913    chiptop0/system/cbus/out_xbar/readys_mask[5]_i_16_n_0
    SLICE_X86Y195        LUT6 (Prop_F6LUT_SLICEM_I3_O)
                                                      0.088    11.001 r  chiptop0/system/cbus/out_xbar/readys_mask[5]_i_7/O
                         net (fo=4, routed)           0.638    11.639    chiptop0/system/cbus/out_xbar/readys_mask_reg[6]_2
    SLICE_X83Y197        LUT5 (Prop_F6LUT_SLICEM_I2_O)
                                                      0.088    11.727 f  chiptop0/system/cbus/out_xbar/full_i_4__2/O
                         net (fo=7, routed)           1.406    13.133    chiptop0/system/cbus/coupler_to_debug/fragmenter/repeater/_cbus_auto_coupler_to_debug_fragmenter_anon_out_d_ready
    SLICE_X84Y202        LUT5 (Prop_A5LUT_SLICEM_I4_O)
                                                      0.139    13.272 r  chiptop0/system/cbus/coupler_to_debug/fragmenter/repeater/abstractDataMem_8[7]_i_4/O
                         net (fo=91, routed)          2.199    15.471    chiptop0/system/cbus/coupler_to_debug/fragmenter/repeater/abstractDataMem_8[7]_i_4_n_0
    SLICE_X92Y228        LUT6 (Prop_H6LUT_SLICEL_I0_O)
                                                      0.090    15.561 r  chiptop0/system/cbus/coupler_to_debug/fragmenter/repeater/abstractDataMem_0[7]_i_8/O
                         net (fo=64, routed)          2.075    17.636    chiptop0/system/cbus/coupler_to_debug/fragmenter/repeater/abstractDataMem_0[7]_i_8_n_0
    SLICE_X81Y216        LUT4 (Prop_D5LUT_SLICEM_I0_O)
                                                      0.135    17.771 r  chiptop0/system/cbus/coupler_to_debug/fragmenter/repeater/abstractDataMem_5[7]_i_3/O
                         net (fo=1, routed)           1.363    19.134    chiptop0/system/tlDM/dmInner/dmInner/abstractDataMem_5_reg[7]_1
    SLICE_X81Y216        FDRE                                         r  chiptop0/system/tlDM/dmInner/dmInner/abstractDataMem_5_reg[7]/D
  -------------------------------------------------------------------    -------------------

                         (clock clk_out1_harnessSysPLL rise edge)
                                                     19.998    19.998 r  
    H11                                               0.000    19.998 r  sys_clock_p (IN)
                         net (fo=0)                   0.000    19.998    sys_clock_ibufds/I
    HPIOBDIFFINBUF_X1Y132
                         DIFFINBUF (Prop_DIFFINBUF_HPIOBDIFFINBUF_DIFF_IN_P_O)
                                                      0.401    20.399 r  sys_clock_ibufds/DIFFINBUF_INST/O
                         net (fo=1, routed)           0.040    20.439    sys_clock_ibufds/OUT
    H11                  IBUFCTRL (Prop_IBUFCTRL_HPIOB_M_I_O)
                                                      0.000    20.439 r  sys_clock_ibufds/IBUFCTRL_INST/O
                         net (fo=1, routed)           0.286    20.725    _sys_clock_ibufds_O
    BUFGCE_X1Y129        BUFGCE (Prop_BUFCE_BUFGCE_I_O)
                                                      0.024    20.749 r  _sys_clock_ibufds_O_BUFG_inst/O
                         net (fo=2, routed)           0.822    21.571    harnessSysPLL/inst/clk_in1
    MMCM_X1Y5            MMCME4_ADV (Prop_MMCM_CLKIN1_CLKOUT0)
                                                      0.630    22.201 r  harnessSysPLL/inst/mmcme4_adv_inst/CLKOUT0
                         net (fo=1, routed)           0.216    22.417    harnessSysPLL/inst/clk_out1_harnessSysPLL
    BUFGCE_X1Y137        BUFGCE (Prop_BUFCE_BUFGCE_I_O)
                                                      0.024    22.441 r  harnessSysPLL/inst/clkout1_buf/O
                         net (fo=29752, routed)       2.263    24.704    chiptop0/gated_clock_debug_clock_gate/clk_out1
    SLICE_X66Y151        LUT2 (Prop_H6LUT_SLICEL_I1_O)
                                                      0.095    24.799 r  chiptop0/gated_clock_debug_clock_gate/ABSTRACTAUTOReg_autoexecdata[7]_i_5/O
                         net (fo=1, routed)           0.291    25.090    chiptop0_n_240
    BUFGCE_X1Y48         BUFGCE (Prop_BUFCE_BUFGCE_I_O)
                                                      0.024    25.114 r  ABSTRACTAUTOReg_autoexecdata_reg[7]_i_3/O
    X2Y3 (CLOCK_ROOT)    net (fo=1068, routed)        1.194    26.308    chiptop0/system/tlDM/dmInner/dmInner/sync_0_reg
    SLICE_X81Y216        FDRE                                         r  chiptop0/system/tlDM/dmInner/dmInner/abstractDataMem_5_reg[7]/C
                         clock pessimism             -0.348    25.960    
                         clock uncertainty           -0.094    25.866    
    SLICE_X81Y216        FDRE (Setup_FFF_SLICEM_C_D)
                                                      0.025    25.891    chiptop0/system/tlDM/dmInner/dmInner/abstractDataMem_5_reg[7]
  -------------------------------------------------------------------
                         required time                         25.891    
                         arrival time                         -19.134    
  -------------------------------------------------------------------
                         slack                                  6.757    

Slack (MET) :             6.760ns  (required time - arrival time)
  Source:                 chiptop0/system/cbus/buffer/nodeOut_a_q/wrap_1_reg/C
                            (rising edge-triggered cell FDRE clocked by clk_out1_harnessSysPLL  {rise@0.000ns fall@9.999ns period=19.998ns})
  Destination:            chiptop0/system/tlDM/dmInner/dmInner/abstractDataMem_1_reg[7]/D
                            (rising edge-triggered cell FDRE clocked by clk_out1_harnessSysPLL  {rise@0.000ns fall@9.999ns period=19.998ns})
  Path Group:             clk_out1_harnessSysPLL
  Path Type:              Setup (Max at Slow Process Corner)
  Requirement:            19.998ns  (clk_out1_harnessSysPLL rise@19.998ns - clk_out1_harnessSysPLL rise@0.000ns)
  Data Path Delay:        14.530ns  (logic 1.198ns (8.245%)  route 13.332ns (91.755%))
  Logic Levels:           10  (LUT4=2 LUT5=3 LUT6=4 RAMD32=1)
  Clock Path Skew:        1.361ns (DCD - SCD + CPR)
    Destination Clock Delay (DCD):    6.325ns = ( 26.323 - 19.998 ) 
    Source Clock Delay      (SCD):    4.616ns
    Clock Pessimism Removal (CPR):    -0.348ns
  Clock Uncertainty:      0.094ns  ((TSJ^2 + DJ^2)^1/2) / 2 + PE
    Total System Jitter     (TSJ):    0.071ns
    Discrete Jitter          (DJ):    0.174ns
    Phase Error              (PE):    0.000ns
  Clock Net Delay (Source):      2.638ns (routing 1.265ns, distribution 1.373ns)
  Clock Net Delay (Destination): 1.209ns (routing 0.484ns, distribution 0.725ns)

    Location             Delay type                Incr(ns)  Path(ns)    Netlist Resource(s)
  -------------------------------------------------------------------    -------------------
                         (clock clk_out1_harnessSysPLL rise edge)
                                                      0.000     0.000 r  
    H11                                               0.000     0.000 r  sys_clock_p (IN)
                         net (fo=0)                   0.000     0.000    sys_clock_ibufds/I
    HPIOBDIFFINBUF_X1Y132
                         DIFFINBUF (Prop_DIFFINBUF_HPIOBDIFFINBUF_DIFF_IN_P_O)
                                                      0.497     0.497 r  sys_clock_ibufds/DIFFINBUF_INST/O
                         net (fo=1, routed)           0.050     0.547    sys_clock_ibufds/OUT
    H11                  IBUFCTRL (Prop_IBUFCTRL_HPIOB_M_I_O)
                                                      0.000     0.547 r  sys_clock_ibufds/IBUFCTRL_INST/O
                         net (fo=1, routed)           0.323     0.870    _sys_clock_ibufds_O
    BUFGCE_X1Y129        BUFGCE (Prop_BUFCE_BUFGCE_I_O)
                                                      0.028     0.898 r  _sys_clock_ibufds_O_BUFG_inst/O
                         net (fo=2, routed)           0.934     1.832    harnessSysPLL/inst/clk_in1
    MMCM_X1Y5            MMCME4_ADV (Prop_MMCM_CLKIN1_CLKOUT0)
                                                     -0.127     1.705 r  harnessSysPLL/inst/mmcme4_adv_inst/CLKOUT0
                         net (fo=1, routed)           0.245     1.950    harnessSysPLL/inst/clk_out1_harnessSysPLL
    BUFGCE_X1Y137        BUFGCE (Prop_BUFCE_BUFGCE_I_O)
                                                      0.028     1.978 r  harnessSysPLL/inst/clkout1_buf/O
    X1Y2 (CLOCK_ROOT)    net (fo=29752, routed)       2.638     4.616    chiptop0/system/cbus/buffer/nodeOut_a_q/clk_out1
    SLICE_X83Y200        FDRE                                         r  chiptop0/system/cbus/buffer/nodeOut_a_q/wrap_1_reg/C
  -------------------------------------------------------------------    -------------------
    SLICE_X83Y200        FDRE (Prop_HFF2_SLICEM_C_Q)
                                                      0.078     4.694 r  chiptop0/system/cbus/buffer/nodeOut_a_q/wrap_1_reg/Q
                         net (fo=124, routed)         2.132     6.826    chiptop0/system/cbus/buffer/nodeOut_a_q/ram_ext/Memory_reg_0_1_42_55/ADDRB0
    SLICE_X81Y207        RAMD32 (Prop_B5LUT_SLICEM_RADR0_O)
                                                      0.167     6.993 f  chiptop0/system/cbus/buffer/nodeOut_a_q/ram_ext/Memory_reg_0_1_42_55/RAMB/O
                         net (fo=12, routed)          0.916     7.909    chiptop0/system/cbus/buffer/nodeOut_a_q/ram_ext/R0_data0[41]
    SLICE_X83Y201        LUT6 (Prop_H6LUT_SLICEM_I2_O)
                                                      0.101     8.010 r  chiptop0/system/cbus/buffer/nodeOut_a_q/ram_ext/ram[113]_i_3/O
                         net (fo=18, routed)          0.851     8.861    chiptop0/system/cbus/buffer/nodeOut_a_q/ram_ext/wrap_1_reg
    SLICE_X84Y200        LUT6 (Prop_H6LUT_SLICEM_I0_O)
                                                      0.101     8.962 r  chiptop0/system/cbus/buffer/nodeOut_a_q/ram_ext/abstractDataMem_8[7]_i_8/O
                         net (fo=3, routed)           0.861     9.823    chiptop0/system/cbus/coupler_to_debug/fragmenter/repeater/_cbus_auto_coupler_to_debug_fragmenter_anon_out_a_valid
    SLICE_X82Y199        LUT5 (Prop_C5LUT_SLICEL_I0_O)
                                                      0.098     9.921 r  chiptop0/system/cbus/coupler_to_debug/fragmenter/repeater/readys_mask[6]_i_7/O
                         net (fo=14, routed)          0.618    10.539    chiptop0/system/cbus/out_xbar/_coupler_to_debug_auto_tl_in_d_valid
    SLICE_X86Y195        LUT4 (Prop_E6LUT_SLICEM_I3_O)
                                                      0.148    10.687 r  chiptop0/system/cbus/out_xbar/readys_mask[5]_i_16/O
                         net (fo=2, routed)           0.226    10.913    chiptop0/system/cbus/out_xbar/readys_mask[5]_i_16_n_0
    SLICE_X86Y195        LUT6 (Prop_F6LUT_SLICEM_I3_O)
                                                      0.088    11.001 r  chiptop0/system/cbus/out_xbar/readys_mask[5]_i_7/O
                         net (fo=4, routed)           0.638    11.639    chiptop0/system/cbus/out_xbar/readys_mask_reg[6]_2
    SLICE_X83Y197        LUT5 (Prop_F6LUT_SLICEM_I2_O)
                                                      0.088    11.727 f  chiptop0/system/cbus/out_xbar/full_i_4__2/O
                         net (fo=7, routed)           1.406    13.133    chiptop0/system/cbus/coupler_to_debug/fragmenter/repeater/_cbus_auto_coupler_to_debug_fragmenter_anon_out_d_ready
    SLICE_X84Y202        LUT5 (Prop_A5LUT_SLICEM_I4_O)
                                                      0.139    13.272 r  chiptop0/system/cbus/coupler_to_debug/fragmenter/repeater/abstractDataMem_8[7]_i_4/O
                         net (fo=91, routed)          2.199    15.471    chiptop0/system/cbus/coupler_to_debug/fragmenter/repeater/abstractDataMem_8[7]_i_4_n_0
    SLICE_X92Y228        LUT6 (Prop_H6LUT_SLICEL_I0_O)
                                                      0.090    15.561 r  chiptop0/system/cbus/coupler_to_debug/fragmenter/repeater/abstractDataMem_0[7]_i_8/O
                         net (fo=64, routed)          2.504    18.065    chiptop0/system/cbus/coupler_to_debug/fragmenter/repeater/abstractDataMem_0[7]_i_8_n_0
    SLICE_X84Y219        LUT4 (Prop_A5LUT_SLICEM_I0_O)
                                                      0.100    18.165 r  chiptop0/system/cbus/coupler_to_debug/fragmenter/repeater/abstractDataMem_1[7]_i_3/O
                         net (fo=1, routed)           0.981    19.146    chiptop0/system/tlDM/dmInner/dmInner/abstractDataMem_1_reg[7]_1
    SLICE_X84Y219        FDRE                                         r  chiptop0/system/tlDM/dmInner/dmInner/abstractDataMem_1_reg[7]/D
  -------------------------------------------------------------------    -------------------

                         (clock clk_out1_harnessSysPLL rise edge)
                                                     19.998    19.998 r  
    H11                                               0.000    19.998 r  sys_clock_p (IN)
                         net (fo=0)                   0.000    19.998    sys_clock_ibufds/I
    HPIOBDIFFINBUF_X1Y132
                         DIFFINBUF (Prop_DIFFINBUF_HPIOBDIFFINBUF_DIFF_IN_P_O)
                                                      0.401    20.399 r  sys_clock_ibufds/DIFFINBUF_INST/O
                         net (fo=1, routed)           0.040    20.439    sys_clock_ibufds/OUT
    H11                  IBUFCTRL (Prop_IBUFCTRL_HPIOB_M_I_O)
                                                      0.000    20.439 r  sys_clock_ibufds/IBUFCTRL_INST/O
                         net (fo=1, routed)           0.286    20.725    _sys_clock_ibufds_O
    BUFGCE_X1Y129        BUFGCE (Prop_BUFCE_BUFGCE_I_O)
                                                      0.024    20.749 r  _sys_clock_ibufds_O_BUFG_inst/O
                         net (fo=2, routed)           0.822    21.571    harnessSysPLL/inst/clk_in1
    MMCM_X1Y5            MMCME4_ADV (Prop_MMCM_CLKIN1_CLKOUT0)
                                                      0.630    22.201 r  harnessSysPLL/inst/mmcme4_adv_inst/CLKOUT0
                         net (fo=1, routed)           0.216    22.417    harnessSysPLL/inst/clk_out1_harnessSysPLL
    BUFGCE_X1Y137        BUFGCE (Prop_BUFCE_BUFGCE_I_O)
                                                      0.024    22.441 r  harnessSysPLL/inst/clkout1_buf/O
                         net (fo=29752, routed)       2.263    24.704    chiptop0/gated_clock_debug_clock_gate/clk_out1
    SLICE_X66Y151        LUT2 (Prop_H6LUT_SLICEL_I1_O)
                                                      0.095    24.799 r  chiptop0/gated_clock_debug_clock_gate/ABSTRACTAUTOReg_autoexecdata[7]_i_5/O
                         net (fo=1, routed)           0.291    25.090    chiptop0_n_240
    BUFGCE_X1Y48         BUFGCE (Prop_BUFCE_BUFGCE_I_O)
                                                      0.024    25.114 r  ABSTRACTAUTOReg_autoexecdata_reg[7]_i_3/O
    X2Y3 (CLOCK_ROOT)    net (fo=1068, routed)        1.209    26.323    chiptop0/system/tlDM/dmInner/dmInner/sync_0_reg
    SLICE_X84Y219        FDRE                                         r  chiptop0/system/tlDM/dmInner/dmInner/abstractDataMem_1_reg[7]/C
                         clock pessimism             -0.348    25.975    
                         clock uncertainty           -0.094    25.881    
    SLICE_X84Y219        FDRE (Setup_FFF2_SLICEM_C_D)
                                                      0.025    25.906    chiptop0/system/tlDM/dmInner/dmInner/abstractDataMem_1_reg[7]
  -------------------------------------------------------------------
                         required time                         25.906    
                         arrival time                         -19.146    
  -------------------------------------------------------------------
                         slack                                  6.760    

Slack (MET) :             6.795ns  (required time - arrival time)
  Source:                 chiptop0/system/cbus/buffer/nodeOut_a_q/wrap_1_reg/C
                            (rising edge-triggered cell FDRE clocked by clk_out1_harnessSysPLL  {rise@0.000ns fall@9.999ns period=19.998ns})
  Destination:            chiptop0/system/tlDM/dmInner/dmInner/abstractDataMem_1_reg[4]/D
                            (rising edge-triggered cell FDRE clocked by clk_out1_harnessSysPLL  {rise@0.000ns fall@9.999ns period=19.998ns})
  Path Group:             clk_out1_harnessSysPLL
  Path Type:              Setup (Max at Slow Process Corner)
  Requirement:            19.998ns  (clk_out1_harnessSysPLL rise@19.998ns - clk_out1_harnessSysPLL rise@0.000ns)
  Data Path Delay:        14.495ns  (logic 1.201ns (8.286%)  route 13.294ns (91.714%))
  Logic Levels:           10  (LUT4=2 LUT5=3 LUT6=4 RAMD32=1)
  Clock Path Skew:        1.361ns (DCD - SCD + CPR)
    Destination Clock Delay (DCD):    6.325ns = ( 26.323 - 19.998 ) 
    Source Clock Delay      (SCD):    4.616ns
    Clock Pessimism Removal (CPR):    -0.348ns
  Clock Uncertainty:      0.094ns  ((TSJ^2 + DJ^2)^1/2) / 2 + PE
    Total System Jitter     (TSJ):    0.071ns
    Discrete Jitter          (DJ):    0.174ns
    Phase Error              (PE):    0.000ns
  Clock Net Delay (Source):      2.638ns (routing 1.265ns, distribution 1.373ns)
  Clock Net Delay (Destination): 1.209ns (routing 0.484ns, distribution 0.725ns)

    Location             Delay type                Incr(ns)  Path(ns)    Netlist Resource(s)
  -------------------------------------------------------------------    -------------------
                         (clock clk_out1_harnessSysPLL rise edge)
                                                      0.000     0.000 r  
    H11                                               0.000     0.000 r  sys_clock_p (IN)
                         net (fo=0)                   0.000     0.000    sys_clock_ibufds/I
    HPIOBDIFFINBUF_X1Y132
                         DIFFINBUF (Prop_DIFFINBUF_HPIOBDIFFINBUF_DIFF_IN_P_O)
                                                      0.497     0.497 r  sys_clock_ibufds/DIFFINBUF_INST/O
                         net (fo=1, routed)           0.050     0.547    sys_clock_ibufds/OUT
    H11                  IBUFCTRL (Prop_IBUFCTRL_HPIOB_M_I_O)
                                                      0.000     0.547 r  sys_clock_ibufds/IBUFCTRL_INST/O
                         net (fo=1, routed)           0.323     0.870    _sys_clock_ibufds_O
    BUFGCE_X1Y129        BUFGCE (Prop_BUFCE_BUFGCE_I_O)
                                                      0.028     0.898 r  _sys_clock_ibufds_O_BUFG_inst/O
                         net (fo=2, routed)           0.934     1.832    harnessSysPLL/inst/clk_in1
    MMCM_X1Y5            MMCME4_ADV (Prop_MMCM_CLKIN1_CLKOUT0)
                                                     -0.127     1.705 r  harnessSysPLL/inst/mmcme4_adv_inst/CLKOUT0
                         net (fo=1, routed)           0.245     1.950    harnessSysPLL/inst/clk_out1_harnessSysPLL
    BUFGCE_X1Y137        BUFGCE (Prop_BUFCE_BUFGCE_I_O)
                                                      0.028     1.978 r  harnessSysPLL/inst/clkout1_buf/O
    X1Y2 (CLOCK_ROOT)    net (fo=29752, routed)       2.638     4.616    chiptop0/system/cbus/buffer/nodeOut_a_q/clk_out1
    SLICE_X83Y200        FDRE                                         r  chiptop0/system/cbus/buffer/nodeOut_a_q/wrap_1_reg/C
  -------------------------------------------------------------------    -------------------
    SLICE_X83Y200        FDRE (Prop_HFF2_SLICEM_C_Q)
                                                      0.078     4.694 r  chiptop0/system/cbus/buffer/nodeOut_a_q/wrap_1_reg/Q
                         net (fo=124, routed)         2.132     6.826    chiptop0/system/cbus/buffer/nodeOut_a_q/ram_ext/Memory_reg_0_1_42_55/ADDRB0
    SLICE_X81Y207        RAMD32 (Prop_B5LUT_SLICEM_RADR0_O)
                                                      0.167     6.993 f  chiptop0/system/cbus/buffer/nodeOut_a_q/ram_ext/Memory_reg_0_1_42_55/RAMB/O
                         net (fo=12, routed)          0.916     7.909    chiptop0/system/cbus/buffer/nodeOut_a_q/ram_ext/R0_data0[41]
    SLICE_X83Y201        LUT6 (Prop_H6LUT_SLICEM_I2_O)
                                                      0.101     8.010 r  chiptop0/system/cbus/buffer/nodeOut_a_q/ram_ext/ram[113]_i_3/O
                         net (fo=18, routed)          0.851     8.861    chiptop0/system/cbus/buffer/nodeOut_a_q/ram_ext/wrap_1_reg
    SLICE_X84Y200        LUT6 (Prop_H6LUT_SLICEM_I0_O)
                                                      0.101     8.962 r  chiptop0/system/cbus/buffer/nodeOut_a_q/ram_ext/abstractDataMem_8[7]_i_8/O
                         net (fo=3, routed)           0.861     9.823    chiptop0/system/cbus/coupler_to_debug/fragmenter/repeater/_cbus_auto_coupler_to_debug_fragmenter_anon_out_a_valid
    SLICE_X82Y199        LUT5 (Prop_C5LUT_SLICEL_I0_O)
                                                      0.098     9.921 r  chiptop0/system/cbus/coupler_to_debug/fragmenter/repeater/readys_mask[6]_i_7/O
                         net (fo=14, routed)          0.618    10.539    chiptop0/system/cbus/out_xbar/_coupler_to_debug_auto_tl_in_d_valid
    SLICE_X86Y195        LUT4 (Prop_E6LUT_SLICEM_I3_O)
                                                      0.148    10.687 r  chiptop0/system/cbus/out_xbar/readys_mask[5]_i_16/O
                         net (fo=2, routed)           0.226    10.913    chiptop0/system/cbus/out_xbar/readys_mask[5]_i_16_n_0
    SLICE_X86Y195        LUT6 (Prop_F6LUT_SLICEM_I3_O)
                                                      0.088    11.001 r  chiptop0/system/cbus/out_xbar/readys_mask[5]_i_7/O
                         net (fo=4, routed)           0.638    11.639    chiptop0/system/cbus/out_xbar/readys_mask_reg[6]_2
    SLICE_X83Y197        LUT5 (Prop_F6LUT_SLICEM_I2_O)
                                                      0.088    11.727 f  chiptop0/system/cbus/out_xbar/full_i_4__2/O
                         net (fo=7, routed)           1.406    13.133    chiptop0/system/cbus/coupler_to_debug/fragmenter/repeater/_cbus_auto_coupler_to_debug_fragmenter_anon_out_d_ready
    SLICE_X84Y202        LUT5 (Prop_A5LUT_SLICEM_I4_O)
                                                      0.139    13.272 r  chiptop0/system/cbus/coupler_to_debug/fragmenter/repeater/abstractDataMem_8[7]_i_4/O
                         net (fo=91, routed)          2.199    15.471    chiptop0/system/cbus/coupler_to_debug/fragmenter/repeater/abstractDataMem_8[7]_i_4_n_0
    SLICE_X92Y228        LUT6 (Prop_H6LUT_SLICEL_I0_O)
                                                      0.090    15.561 r  chiptop0/system/cbus/coupler_to_debug/fragmenter/repeater/abstractDataMem_0[7]_i_8/O
                         net (fo=64, routed)          2.503    18.064    chiptop0/system/cbus/coupler_to_debug/fragmenter/repeater/abstractDataMem_0[7]_i_8_n_0
    SLICE_X84Y219        LUT4 (Prop_B5LUT_SLICEM_I0_O)
                                                      0.103    18.167 r  chiptop0/system/cbus/coupler_to_debug/fragmenter/repeater/abstractDataMem_1[4]_i_1/O
                         net (fo=1, routed)           0.944    19.111    chiptop0/system/tlDM/dmInner/dmInner/abstractDataMem_1_reg[4]_0
    SLICE_X84Y219        FDRE                                         r  chiptop0/system/tlDM/dmInner/dmInner/abstractDataMem_1_reg[4]/D
  -------------------------------------------------------------------    -------------------

                         (clock clk_out1_harnessSysPLL rise edge)
                                                     19.998    19.998 r  
    H11                                               0.000    19.998 r  sys_clock_p (IN)
                         net (fo=0)                   0.000    19.998    sys_clock_ibufds/I
    HPIOBDIFFINBUF_X1Y132
                         DIFFINBUF (Prop_DIFFINBUF_HPIOBDIFFINBUF_DIFF_IN_P_O)
                                                      0.401    20.399 r  sys_clock_ibufds/DIFFINBUF_INST/O
                         net (fo=1, routed)           0.040    20.439    sys_clock_ibufds/OUT
    H11                  IBUFCTRL (Prop_IBUFCTRL_HPIOB_M_I_O)
                                                      0.000    20.439 r  sys_clock_ibufds/IBUFCTRL_INST/O
                         net (fo=1, routed)           0.286    20.725    _sys_clock_ibufds_O
    BUFGCE_X1Y129        BUFGCE (Prop_BUFCE_BUFGCE_I_O)
                                                      0.024    20.749 r  _sys_clock_ibufds_O_BUFG_inst/O
                         net (fo=2, routed)           0.822    21.571    harnessSysPLL/inst/clk_in1
    MMCM_X1Y5            MMCME4_ADV (Prop_MMCM_CLKIN1_CLKOUT0)
                                                      0.630    22.201 r  harnessSysPLL/inst/mmcme4_adv_inst/CLKOUT0
                         net (fo=1, routed)           0.216    22.417    harnessSysPLL/inst/clk_out1_harnessSysPLL
    BUFGCE_X1Y137        BUFGCE (Prop_BUFCE_BUFGCE_I_O)
                                                      0.024    22.441 r  harnessSysPLL/inst/clkout1_buf/O
                         net (fo=29752, routed)       2.263    24.704    chiptop0/gated_clock_debug_clock_gate/clk_out1
    SLICE_X66Y151        LUT2 (Prop_H6LUT_SLICEL_I1_O)
                                                      0.095    24.799 r  chiptop0/gated_clock_debug_clock_gate/ABSTRACTAUTOReg_autoexecdata[7]_i_5/O
                         net (fo=1, routed)           0.291    25.090    chiptop0_n_240
    BUFGCE_X1Y48         BUFGCE (Prop_BUFCE_BUFGCE_I_O)
                                                      0.024    25.114 r  ABSTRACTAUTOReg_autoexecdata_reg[7]_i_3/O
    X2Y3 (CLOCK_ROOT)    net (fo=1068, routed)        1.209    26.323    chiptop0/system/tlDM/dmInner/dmInner/sync_0_reg
    SLICE_X84Y219        FDRE                                         r  chiptop0/system/tlDM/dmInner/dmInner/abstractDataMem_1_reg[4]/C
                         clock pessimism             -0.348    25.975    
                         clock uncertainty           -0.094    25.881    
    SLICE_X84Y219        FDRE (Setup_FFF_SLICEM_C_D)
                                                      0.025    25.906    chiptop0/system/tlDM/dmInner/dmInner/abstractDataMem_1_reg[4]
  -------------------------------------------------------------------
                         required time                         25.906    
                         arrival time                         -19.111    
  -------------------------------------------------------------------
                         slack                                  6.795    

Slack (MET) :             6.901ns  (required time - arrival time)
  Source:                 chiptop0/system/cbus/buffer/nodeOut_a_q/wrap_1_reg/C
                            (rising edge-triggered cell FDRE clocked by clk_out1_harnessSysPLL  {rise@0.000ns fall@9.999ns period=19.998ns})
  Destination:            chiptop0/system/tlDM/dmInner/dmInner/programBufferMem_41_reg[1]/D
                            (rising edge-triggered cell FDRE clocked by clk_out1_harnessSysPLL  {rise@0.000ns fall@9.999ns period=19.998ns})
  Path Group:             clk_out1_harnessSysPLL
  Path Type:              Setup (Max at Slow Process Corner)
  Requirement:            19.998ns  (clk_out1_harnessSysPLL rise@19.998ns - clk_out1_harnessSysPLL rise@0.000ns)
  Data Path Delay:        14.372ns  (logic 1.215ns (8.454%)  route 13.157ns (91.546%))
  Logic Levels:           10  (LUT4=2 LUT5=3 LUT6=4 RAMD32=1)
  Clock Path Skew:        1.344ns (DCD - SCD + CPR)
    Destination Clock Delay (DCD):    6.308ns = ( 26.306 - 19.998 ) 
    Source Clock Delay      (SCD):    4.616ns
    Clock Pessimism Removal (CPR):    -0.348ns
  Clock Uncertainty:      0.094ns  ((TSJ^2 + DJ^2)^1/2) / 2 + PE
    Total System Jitter     (TSJ):    0.071ns
    Discrete Jitter          (DJ):    0.174ns
    Phase Error              (PE):    0.000ns
  Clock Net Delay (Source):      2.638ns (routing 1.265ns, distribution 1.373ns)
  Clock Net Delay (Destination): 1.192ns (routing 0.484ns, distribution 0.708ns)

    Location             Delay type                Incr(ns)  Path(ns)    Netlist Resource(s)
  -------------------------------------------------------------------    -------------------
                         (clock clk_out1_harnessSysPLL rise edge)
                                                      0.000     0.000 r  
    H11                                               0.000     0.000 r  sys_clock_p (IN)
                         net (fo=0)                   0.000     0.000    sys_clock_ibufds/I
    HPIOBDIFFINBUF_X1Y132
                         DIFFINBUF (Prop_DIFFINBUF_HPIOBDIFFINBUF_DIFF_IN_P_O)
                                                      0.497     0.497 r  sys_clock_ibufds/DIFFINBUF_INST/O
                         net (fo=1, routed)           0.050     0.547    sys_clock_ibufds/OUT
    H11                  IBUFCTRL (Prop_IBUFCTRL_HPIOB_M_I_O)
                                                      0.000     0.547 r  sys_clock_ibufds/IBUFCTRL_INST/O
                         net (fo=1, routed)           0.323     0.870    _sys_clock_ibufds_O
    BUFGCE_X1Y129        BUFGCE (Prop_BUFCE_BUFGCE_I_O)
                                                      0.028     0.898 r  _sys_clock_ibufds_O_BUFG_inst/O
                         net (fo=2, routed)           0.934     1.832    harnessSysPLL/inst/clk_in1
    MMCM_X1Y5            MMCME4_ADV (Prop_MMCM_CLKIN1_CLKOUT0)
                                                     -0.127     1.705 r  harnessSysPLL/inst/mmcme4_adv_inst/CLKOUT0
                         net (fo=1, routed)           0.245     1.950    harnessSysPLL/inst/clk_out1_harnessSysPLL
    BUFGCE_X1Y137        BUFGCE (Prop_BUFCE_BUFGCE_I_O)
                                                      0.028     1.978 r  harnessSysPLL/inst/clkout1_buf/O
    X1Y2 (CLOCK_ROOT)    net (fo=29752, routed)       2.638     4.616    chiptop0/system/cbus/buffer/nodeOut_a_q/clk_out1
    SLICE_X83Y200        FDRE                                         r  chiptop0/system/cbus/buffer/nodeOut_a_q/wrap_1_reg/C
  -------------------------------------------------------------------    -------------------
    SLICE_X83Y200        FDRE (Prop_HFF2_SLICEM_C_Q)
                                                      0.078     4.694 r  chiptop0/system/cbus/buffer/nodeOut_a_q/wrap_1_reg/Q
                         net (fo=124, routed)         2.132     6.826    chiptop0/system/cbus/buffer/nodeOut_a_q/ram_ext/Memory_reg_0_1_42_55/ADDRB0
    SLICE_X81Y207        RAMD32 (Prop_B5LUT_SLICEM_RADR0_O)
                                                      0.167     6.993 f  chiptop0/system/cbus/buffer/nodeOut_a_q/ram_ext/Memory_reg_0_1_42_55/RAMB/O
                         net (fo=12, routed)          0.916     7.909    chiptop0/system/cbus/buffer/nodeOut_a_q/ram_ext/R0_data0[41]
    SLICE_X83Y201        LUT6 (Prop_H6LUT_SLICEM_I2_O)
                                                      0.101     8.010 r  chiptop0/system/cbus/buffer/nodeOut_a_q/ram_ext/ram[113]_i_3/O
                         net (fo=18, routed)          0.851     8.861    chiptop0/system/cbus/buffer/nodeOut_a_q/ram_ext/wrap_1_reg
    SLICE_X84Y200        LUT6 (Prop_H6LUT_SLICEM_I0_O)
                                                      0.101     8.962 r  chiptop0/system/cbus/buffer/nodeOut_a_q/ram_ext/abstractDataMem_8[7]_i_8/O
                         net (fo=3, routed)           0.861     9.823    chiptop0/system/cbus/coupler_to_debug/fragmenter/repeater/_cbus_auto_coupler_to_debug_fragmenter_anon_out_a_valid
    SLICE_X82Y199        LUT5 (Prop_C5LUT_SLICEL_I0_O)
                                                      0.098     9.921 r  chiptop0/system/cbus/coupler_to_debug/fragmenter/repeater/readys_mask[6]_i_7/O
                         net (fo=14, routed)          0.618    10.539    chiptop0/system/cbus/out_xbar/_coupler_to_debug_auto_tl_in_d_valid
    SLICE_X86Y195        LUT4 (Prop_E6LUT_SLICEM_I3_O)
                                                      0.148    10.687 r  chiptop0/system/cbus/out_xbar/readys_mask[5]_i_16/O
                         net (fo=2, routed)           0.226    10.913    chiptop0/system/cbus/out_xbar/readys_mask[5]_i_16_n_0
    SLICE_X86Y195        LUT6 (Prop_F6LUT_SLICEM_I3_O)
                                                      0.088    11.001 r  chiptop0/system/cbus/out_xbar/readys_mask[5]_i_7/O
                         net (fo=4, routed)           0.638    11.639    chiptop0/system/cbus/out_xbar/readys_mask_reg[6]_2
    SLICE_X83Y197        LUT5 (Prop_F6LUT_SLICEM_I2_O)
                                                      0.088    11.727 f  chiptop0/system/cbus/out_xbar/full_i_4__2/O
                         net (fo=7, routed)           1.406    13.133    chiptop0/system/cbus/coupler_to_debug/fragmenter/repeater/_cbus_auto_coupler_to_debug_fragmenter_anon_out_d_ready
    SLICE_X84Y202        LUT5 (Prop_A5LUT_SLICEM_I4_O)
                                                      0.139    13.272 r  chiptop0/system/cbus/coupler_to_debug/fragmenter/repeater/abstractDataMem_8[7]_i_4/O
                         net (fo=91, routed)          1.933    15.205    chiptop0/system/cbus/coupler_to_debug/fragmenter/repeater/abstractDataMem_8[7]_i_4_n_0
    SLICE_X92Y230        LUT6 (Prop_G6LUT_SLICEL_I0_O)
                                                      0.097    15.302 r  chiptop0/system/cbus/coupler_to_debug/fragmenter/repeater/programBufferMem_40[7]_i_6/O
                         net (fo=64, routed)          2.395    17.697    chiptop0/system/cbus/coupler_to_debug/fragmenter/repeater/programBufferMem_40[7]_i_6_n_0
    SLICE_X85Y216        LUT4 (Prop_D5LUT_SLICEL_I0_O)
                                                      0.110    17.807 r  chiptop0/system/cbus/coupler_to_debug/fragmenter/repeater/programBufferMem_41[1]_i_1/O
                         net (fo=1, routed)           1.181    18.988    chiptop0/system/tlDM/dmInner/dmInner/programBufferMem_41_reg[1]_0
    SLICE_X85Y216        FDRE                                         r  chiptop0/system/tlDM/dmInner/dmInner/programBufferMem_41_reg[1]/D
  -------------------------------------------------------------------    -------------------

                         (clock clk_out1_harnessSysPLL rise edge)
                                                     19.998    19.998 r  
    H11                                               0.000    19.998 r  sys_clock_p (IN)
                         net (fo=0)                   0.000    19.998    sys_clock_ibufds/I
    HPIOBDIFFINBUF_X1Y132
                         DIFFINBUF (Prop_DIFFINBUF_HPIOBDIFFINBUF_DIFF_IN_P_O)
                                                      0.401    20.399 r  sys_clock_ibufds/DIFFINBUF_INST/O
                         net (fo=1, routed)           0.040    20.439    sys_clock_ibufds/OUT
    H11                  IBUFCTRL (Prop_IBUFCTRL_HPIOB_M_I_O)
                                                      0.000    20.439 r  sys_clock_ibufds/IBUFCTRL_INST/O
                         net (fo=1, routed)           0.286    20.725    _sys_clock_ibufds_O
    BUFGCE_X1Y129        BUFGCE (Prop_BUFCE_BUFGCE_I_O)
                                                      0.024    20.749 r  _sys_clock_ibufds_O_BUFG_inst/O
                         net (fo=2, routed)           0.822    21.571    harnessSysPLL/inst/clk_in1
    MMCM_X1Y5            MMCME4_ADV (Prop_MMCM_CLKIN1_CLKOUT0)
                                                      0.630    22.201 r  harnessSysPLL/inst/mmcme4_adv_inst/CLKOUT0
                         net (fo=1, routed)           0.216    22.417    harnessSysPLL/inst/clk_out1_harnessSysPLL
    BUFGCE_X1Y137        BUFGCE (Prop_BUFCE_BUFGCE_I_O)
                                                      0.024    22.441 r  harnessSysPLL/inst/clkout1_buf/O
                         net (fo=29752, routed)       2.263    24.704    chiptop0/gated_clock_debug_clock_gate/clk_out1
    SLICE_X66Y151        LUT2 (Prop_H6LUT_SLICEL_I1_O)
                                                      0.095    24.799 r  chiptop0/gated_clock_debug_clock_gate/ABSTRACTAUTOReg_autoexecdata[7]_i_5/O
                         net (fo=1, routed)           0.291    25.090    chiptop0_n_240
    BUFGCE_X1Y48         BUFGCE (Prop_BUFCE_BUFGCE_I_O)
                                                      0.024    25.114 r  ABSTRACTAUTOReg_autoexecdata_reg[7]_i_3/O
    X2Y3 (CLOCK_ROOT)    net (fo=1068, routed)        1.192    26.306    chiptop0/system/tlDM/dmInner/dmInner/sync_0_reg
    SLICE_X85Y216        FDRE                                         r  chiptop0/system/tlDM/dmInner/dmInner/programBufferMem_41_reg[1]/C
                         clock pessimism             -0.348    25.958    
                         clock uncertainty           -0.094    25.864    
    SLICE_X85Y216        FDRE (Setup_EFF_SLICEL_C_D)
                                                      0.025    25.889    chiptop0/system/tlDM/dmInner/dmInner/programBufferMem_41_reg[1]
  -------------------------------------------------------------------
                         required time                         25.889    
                         arrival time                         -18.988    
  -------------------------------------------------------------------
                         slack                                  6.901    

Slack (MET) :             6.930ns  (required time - arrival time)
  Source:                 chiptop0/system/cbus/buffer/nodeOut_a_q/wrap_1_reg/C
                            (rising edge-triggered cell FDRE clocked by clk_out1_harnessSysPLL  {rise@0.000ns fall@9.999ns period=19.998ns})
  Destination:            chiptop0/system/tlDM/dmInner/dmInner/abstractDataMem_6_reg[4]/D
                            (rising edge-triggered cell FDRE clocked by clk_out1_harnessSysPLL  {rise@0.000ns fall@9.999ns period=19.998ns})
  Path Group:             clk_out1_harnessSysPLL
  Path Type:              Setup (Max at Slow Process Corner)
  Requirement:            19.998ns  (clk_out1_harnessSysPLL rise@19.998ns - clk_out1_harnessSysPLL rise@0.000ns)
  Data Path Delay:        14.360ns  (logic 1.207ns (8.405%)  route 13.153ns (91.595%))
  Logic Levels:           10  (LUT4=2 LUT5=3 LUT6=4 RAMD32=1)
  Clock Path Skew:        1.361ns (DCD - SCD + CPR)
    Destination Clock Delay (DCD):    6.325ns = ( 26.323 - 19.998 ) 
    Source Clock Delay      (SCD):    4.616ns
    Clock Pessimism Removal (CPR):    -0.348ns
  Clock Uncertainty:      0.094ns  ((TSJ^2 + DJ^2)^1/2) / 2 + PE
    Total System Jitter     (TSJ):    0.071ns
    Discrete Jitter          (DJ):    0.174ns
    Phase Error              (PE):    0.000ns
  Clock Net Delay (Source):      2.638ns (routing 1.265ns, distribution 1.373ns)
  Clock Net Delay (Destination): 1.209ns (routing 0.484ns, distribution 0.725ns)

    Location             Delay type                Incr(ns)  Path(ns)    Netlist Resource(s)
  -------------------------------------------------------------------    -------------------
                         (clock clk_out1_harnessSysPLL rise edge)
                                                      0.000     0.000 r  
    H11                                               0.000     0.000 r  sys_clock_p (IN)
                         net (fo=0)                   0.000     0.000    sys_clock_ibufds/I
    HPIOBDIFFINBUF_X1Y132
                         DIFFINBUF (Prop_DIFFINBUF_HPIOBDIFFINBUF_DIFF_IN_P_O)
                                                      0.497     0.497 r  sys_clock_ibufds/DIFFINBUF_INST/O
                         net (fo=1, routed)           0.050     0.547    sys_clock_ibufds/OUT
    H11                  IBUFCTRL (Prop_IBUFCTRL_HPIOB_M_I_O)
                                                      0.000     0.547 r  sys_clock_ibufds/IBUFCTRL_INST/O
                         net (fo=1, routed)           0.323     0.870    _sys_clock_ibufds_O
    BUFGCE_X1Y129        BUFGCE (Prop_BUFCE_BUFGCE_I_O)
                                                      0.028     0.898 r  _sys_clock_ibufds_O_BUFG_inst/O
                         net (fo=2, routed)           0.934     1.832    harnessSysPLL/inst/clk_in1
    MMCM_X1Y5            MMCME4_ADV (Prop_MMCM_CLKIN1_CLKOUT0)
                                                     -0.127     1.705 r  harnessSysPLL/inst/mmcme4_adv_inst/CLKOUT0
                         net (fo=1, routed)           0.245     1.950    harnessSysPLL/inst/clk_out1_harnessSysPLL
    BUFGCE_X1Y137        BUFGCE (Prop_BUFCE_BUFGCE_I_O)
                                                      0.028     1.978 r  harnessSysPLL/inst/clkout1_buf/O
    X1Y2 (CLOCK_ROOT)    net (fo=29752, routed)       2.638     4.616    chiptop0/system/cbus/buffer/nodeOut_a_q/clk_out1
    SLICE_X83Y200        FDRE                                         r  chiptop0/system/cbus/buffer/nodeOut_a_q/wrap_1_reg/C
  -------------------------------------------------------------------    -------------------
    SLICE_X83Y200        FDRE (Prop_HFF2_SLICEM_C_Q)
                                                      0.078     4.694 r  chiptop0/system/cbus/buffer/nodeOut_a_q/wrap_1_reg/Q
                         net (fo=124, routed)         2.132     6.826    chiptop0/system/cbus/buffer/nodeOut_a_q/ram_ext/Memory_reg_0_1_42_55/ADDRB0
    SLICE_X81Y207        RAMD32 (Prop_B5LUT_SLICEM_RADR0_O)
                                                      0.167     6.993 f  chiptop0/system/cbus/buffer/nodeOut_a_q/ram_ext/Memory_reg_0_1_42_55/RAMB/O
                         net (fo=12, routed)          0.916     7.909    chiptop0/system/cbus/buffer/nodeOut_a_q/ram_ext/R0_data0[41]
    SLICE_X83Y201        LUT6 (Prop_H6LUT_SLICEM_I2_O)
                                                      0.101     8.010 r  chiptop0/system/cbus/buffer/nodeOut_a_q/ram_ext/ram[113]_i_3/O
                         net (fo=18, routed)          0.851     8.861    chiptop0/system/cbus/buffer/nodeOut_a_q/ram_ext/wrap_1_reg
    SLICE_X84Y200        LUT6 (Prop_H6LUT_SLICEM_I0_O)
                                                      0.101     8.962 r  chiptop0/system/cbus/buffer/nodeOut_a_q/ram_ext/abstractDataMem_8[7]_i_8/O
                         net (fo=3, routed)           0.861     9.823    chiptop0/system/cbus/coupler_to_debug/fragmenter/repeater/_cbus_auto_coupler_to_debug_fragmenter_anon_out_a_valid
    SLICE_X82Y199        LUT5 (Prop_C5LUT_SLICEL_I0_O)
                                                      0.098     9.921 r  chiptop0/system/cbus/coupler_to_debug/fragmenter/repeater/readys_mask[6]_i_7/O
                         net (fo=14, routed)          0.618    10.539    chiptop0/system/cbus/out_xbar/_coupler_to_debug_auto_tl_in_d_valid
    SLICE_X86Y195        LUT4 (Prop_E6LUT_SLICEM_I3_O)
                                                      0.148    10.687 r  chiptop0/system/cbus/out_xbar/readys_mask[5]_i_16/O
                         net (fo=2, routed)           0.226    10.913    chiptop0/system/cbus/out_xbar/readys_mask[5]_i_16_n_0
    SLICE_X86Y195        LUT6 (Prop_F6LUT_SLICEM_I3_O)
                                                      0.088    11.001 r  chiptop0/system/cbus/out_xbar/readys_mask[5]_i_7/O
                         net (fo=4, routed)           0.638    11.639    chiptop0/system/cbus/out_xbar/readys_mask_reg[6]_2
    SLICE_X83Y197        LUT5 (Prop_F6LUT_SLICEM_I2_O)
                                                      0.088    11.727 f  chiptop0/system/cbus/out_xbar/full_i_4__2/O
                         net (fo=7, routed)           1.406    13.133    chiptop0/system/cbus/coupler_to_debug/fragmenter/repeater/_cbus_auto_coupler_to_debug_fragmenter_anon_out_d_ready
    SLICE_X84Y202        LUT5 (Prop_A5LUT_SLICEM_I4_O)
                                                      0.139    13.272 r  chiptop0/system/cbus/coupler_to_debug/fragmenter/repeater/abstractDataMem_8[7]_i_4/O
                         net (fo=91, routed)          2.199    15.471    chiptop0/system/cbus/coupler_to_debug/fragmenter/repeater/abstractDataMem_8[7]_i_4_n_0
    SLICE_X92Y228        LUT6 (Prop_H6LUT_SLICEL_I0_O)
                                                      0.090    15.561 r  chiptop0/system/cbus/coupler_to_debug/fragmenter/repeater/abstractDataMem_0[7]_i_8/O
                         net (fo=64, routed)          2.072    17.633    chiptop0/system/cbus/coupler_to_debug/fragmenter/repeater/abstractDataMem_0[7]_i_8_n_0
    SLICE_X80Y231        LUT4 (Prop_H5LUT_SLICEL_I0_O)
                                                      0.109    17.742 r  chiptop0/system/cbus/coupler_to_debug/fragmenter/repeater/abstractDataMem_6[4]_i_1/O
                         net (fo=1, routed)           1.234    18.976    chiptop0/system/tlDM/dmInner/dmInner/abstractDataMem_6_reg[4]_0
    SLICE_X80Y231        FDRE                                         r  chiptop0/system/tlDM/dmInner/dmInner/abstractDataMem_6_reg[4]/D
  -------------------------------------------------------------------    -------------------

                         (clock clk_out1_harnessSysPLL rise edge)
                                                     19.998    19.998 r  
    H11                                               0.000    19.998 r  sys_clock_p (IN)
                         net (fo=0)                   0.000    19.998    sys_clock_ibufds/I
    HPIOBDIFFINBUF_X1Y132
                         DIFFINBUF (Prop_DIFFINBUF_HPIOBDIFFINBUF_DIFF_IN_P_O)
                                                      0.401    20.399 r  sys_clock_ibufds/DIFFINBUF_INST/O
                         net (fo=1, routed)           0.040    20.439    sys_clock_ibufds/OUT
    H11                  IBUFCTRL (Prop_IBUFCTRL_HPIOB_M_I_O)
                                                      0.000    20.439 r  sys_clock_ibufds/IBUFCTRL_INST/O
                         net (fo=1, routed)           0.286    20.725    _sys_clock_ibufds_O
    BUFGCE_X1Y129        BUFGCE (Prop_BUFCE_BUFGCE_I_O)
                                                      0.024    20.749 r  _sys_clock_ibufds_O_BUFG_inst/O
                         net (fo=2, routed)           0.822    21.571    harnessSysPLL/inst/clk_in1
    MMCM_X1Y5            MMCME4_ADV (Prop_MMCM_CLKIN1_CLKOUT0)
                                                      0.630    22.201 r  harnessSysPLL/inst/mmcme4_adv_inst/CLKOUT0
                         net (fo=1, routed)           0.216    22.417    harnessSysPLL/inst/clk_out1_harnessSysPLL
    BUFGCE_X1Y137        BUFGCE (Prop_BUFCE_BUFGCE_I_O)
                                                      0.024    22.441 r  harnessSysPLL/inst/clkout1_buf/O
                         net (fo=29752, routed)       2.263    24.704    chiptop0/gated_clock_debug_clock_gate/clk_out1
    SLICE_X66Y151        LUT2 (Prop_H6LUT_SLICEL_I1_O)
                                                      0.095    24.799 r  chiptop0/gated_clock_debug_clock_gate/ABSTRACTAUTOReg_autoexecdata[7]_i_5/O
                         net (fo=1, routed)           0.291    25.090    chiptop0_n_240
    BUFGCE_X1Y48         BUFGCE (Prop_BUFCE_BUFGCE_I_O)
                                                      0.024    25.114 r  ABSTRACTAUTOReg_autoexecdata_reg[7]_i_3/O
    X2Y3 (CLOCK_ROOT)    net (fo=1068, routed)        1.209    26.323    chiptop0/system/tlDM/dmInner/dmInner/sync_0_reg
    SLICE_X80Y231        FDRE                                         r  chiptop0/system/tlDM/dmInner/dmInner/abstractDataMem_6_reg[4]/C
                         clock pessimism             -0.348    25.975    
                         clock uncertainty           -0.094    25.881    
    SLICE_X80Y231        FDRE (Setup_AFF_SLICEL_C_D)
                                                      0.025    25.906    chiptop0/system/tlDM/dmInner/dmInner/abstractDataMem_6_reg[4]
  -------------------------------------------------------------------
                         required time                         25.906    
                         arrival time                         -18.976    
  -------------------------------------------------------------------
                         slack                                  6.930    

Slack (MET) :             6.947ns  (required time - arrival time)
  Source:                 chiptop0/system/cbus/buffer/nodeOut_a_q/wrap_1_reg/C
                            (rising edge-triggered cell FDRE clocked by clk_out1_harnessSysPLL  {rise@0.000ns fall@9.999ns period=19.998ns})
  Destination:            chiptop0/system/tlDM/dmInner/dmInner/programBufferMem_53_reg[2]/D
                            (rising edge-triggered cell FDRE clocked by clk_out1_harnessSysPLL  {rise@0.000ns fall@9.999ns period=19.998ns})
  Path Group:             clk_out1_harnessSysPLL
  Path Type:              Setup (Max at Slow Process Corner)
  Requirement:            19.998ns  (clk_out1_harnessSysPLL rise@19.998ns - clk_out1_harnessSysPLL rise@0.000ns)
  Data Path Delay:        14.329ns  (logic 1.197ns (8.354%)  route 13.132ns (91.646%))
  Logic Levels:           10  (LUT4=2 LUT5=3 LUT6=4 RAMD32=1)
  Clock Path Skew:        1.347ns (DCD - SCD + CPR)
    Destination Clock Delay (DCD):    6.311ns = ( 26.309 - 19.998 ) 
    Source Clock Delay      (SCD):    4.616ns
    Clock Pessimism Removal (CPR):    -0.348ns
  Clock Uncertainty:      0.094ns  ((TSJ^2 + DJ^2)^1/2) / 2 + PE
    Total System Jitter     (TSJ):    0.071ns
    Discrete Jitter          (DJ):    0.174ns
    Phase Error              (PE):    0.000ns
  Clock Net Delay (Source):      2.638ns (routing 1.265ns, distribution 1.373ns)
  Clock Net Delay (Destination): 1.195ns (routing 0.484ns, distribution 0.711ns)

    Location             Delay type                Incr(ns)  Path(ns)    Netlist Resource(s)
  -------------------------------------------------------------------    -------------------
                         (clock clk_out1_harnessSysPLL rise edge)
                                                      0.000     0.000 r  
    H11                                               0.000     0.000 r  sys_clock_p (IN)
                         net (fo=0)                   0.000     0.000    sys_clock_ibufds/I
    HPIOBDIFFINBUF_X1Y132
                         DIFFINBUF (Prop_DIFFINBUF_HPIOBDIFFINBUF_DIFF_IN_P_O)
                                                      0.497     0.497 r  sys_clock_ibufds/DIFFINBUF_INST/O
                         net (fo=1, routed)           0.050     0.547    sys_clock_ibufds/OUT
    H11                  IBUFCTRL (Prop_IBUFCTRL_HPIOB_M_I_O)
                                                      0.000     0.547 r  sys_clock_ibufds/IBUFCTRL_INST/O
                         net (fo=1, routed)           0.323     0.870    _sys_clock_ibufds_O
    BUFGCE_X1Y129        BUFGCE (Prop_BUFCE_BUFGCE_I_O)
                                                      0.028     0.898 r  _sys_clock_ibufds_O_BUFG_inst/O
                         net (fo=2, routed)           0.934     1.832    harnessSysPLL/inst/clk_in1
    MMCM_X1Y5            MMCME4_ADV (Prop_MMCM_CLKIN1_CLKOUT0)
                                                     -0.127     1.705 r  harnessSysPLL/inst/mmcme4_adv_inst/CLKOUT0
                         net (fo=1, routed)           0.245     1.950    harnessSysPLL/inst/clk_out1_harnessSysPLL
    BUFGCE_X1Y137        BUFGCE (Prop_BUFCE_BUFGCE_I_O)
                                                      0.028     1.978 r  harnessSysPLL/inst/clkout1_buf/O
    X1Y2 (CLOCK_ROOT)    net (fo=29752, routed)       2.638     4.616    chiptop0/system/cbus/buffer/nodeOut_a_q/clk_out1
    SLICE_X83Y200        FDRE                                         r  chiptop0/system/cbus/buffer/nodeOut_a_q/wrap_1_reg/C
  -------------------------------------------------------------------    -------------------
    SLICE_X83Y200        FDRE (Prop_HFF2_SLICEM_C_Q)
                                                      0.078     4.694 r  chiptop0/system/cbus/buffer/nodeOut_a_q/wrap_1_reg/Q
                         net (fo=124, routed)         2.132     6.826    chiptop0/system/cbus/buffer/nodeOut_a_q/ram_ext/Memory_reg_0_1_42_55/ADDRB0
    SLICE_X81Y207        RAMD32 (Prop_B5LUT_SLICEM_RADR0_O)
                                                      0.167     6.993 f  chiptop0/system/cbus/buffer/nodeOut_a_q/ram_ext/Memory_reg_0_1_42_55/RAMB/O
                         net (fo=12, routed)          0.916     7.909    chiptop0/system/cbus/buffer/nodeOut_a_q/ram_ext/R0_data0[41]
    SLICE_X83Y201        LUT6 (Prop_H6LUT_SLICEM_I2_O)
                                                      0.101     8.010 r  chiptop0/system/cbus/buffer/nodeOut_a_q/ram_ext/ram[113]_i_3/O
                         net (fo=18, routed)          0.851     8.861    chiptop0/system/cbus/buffer/nodeOut_a_q/ram_ext/wrap_1_reg
    SLICE_X84Y200        LUT6 (Prop_H6LUT_SLICEM_I0_O)
                                                      0.101     8.962 r  chiptop0/system/cbus/buffer/nodeOut_a_q/ram_ext/abstractDataMem_8[7]_i_8/O
                         net (fo=3, routed)           0.861     9.823    chiptop0/system/cbus/coupler_to_debug/fragmenter/repeater/_cbus_auto_coupler_to_debug_fragmenter_anon_out_a_valid
    SLICE_X82Y199        LUT5 (Prop_C5LUT_SLICEL_I0_O)
                                                      0.098     9.921 r  chiptop0/system/cbus/coupler_to_debug/fragmenter/repeater/readys_mask[6]_i_7/O
                         net (fo=14, routed)          0.618    10.539    chiptop0/system/cbus/out_xbar/_coupler_to_debug_auto_tl_in_d_valid
    SLICE_X86Y195        LUT4 (Prop_E6LUT_SLICEM_I3_O)
                                                      0.148    10.687 r  chiptop0/system/cbus/out_xbar/readys_mask[5]_i_16/O
                         net (fo=2, routed)           0.226    10.913    chiptop0/system/cbus/out_xbar/readys_mask[5]_i_16_n_0
    SLICE_X86Y195        LUT6 (Prop_F6LUT_SLICEM_I3_O)
                                                      0.088    11.001 r  chiptop0/system/cbus/out_xbar/readys_mask[5]_i_7/O
                         net (fo=4, routed)           0.638    11.639    chiptop0/system/cbus/out_xbar/readys_mask_reg[6]_2
    SLICE_X83Y197        LUT5 (Prop_F6LUT_SLICEM_I2_O)
                                                      0.088    11.727 f  chiptop0/system/cbus/out_xbar/full_i_4__2/O
                         net (fo=7, routed)           1.406    13.133    chiptop0/system/cbus/coupler_to_debug/fragmenter/repeater/_cbus_auto_coupler_to_debug_fragmenter_anon_out_d_ready
    SLICE_X84Y202        LUT5 (Prop_A5LUT_SLICEM_I4_O)
                                                      0.139    13.272 r  chiptop0/system/cbus/coupler_to_debug/fragmenter/repeater/abstractDataMem_8[7]_i_4/O
                         net (fo=91, routed)          2.165    15.437    chiptop0/system/cbus/coupler_to_debug/fragmenter/repeater/abstractDataMem_8[7]_i_4_n_0
    SLICE_X89Y231        LUT6 (Prop_F6LUT_SLICEM_I0_O)
                                                      0.037    15.474 r  chiptop0/system/cbus/coupler_to_debug/fragmenter/repeater/programBufferMem_48[7]_i_6/O
                         net (fo=64, routed)          1.781    17.255    chiptop0/system/cbus/coupler_to_debug/fragmenter/repeater/programBufferMem_48[7]_i_6_n_0
    SLICE_X81Y216        LUT4 (Prop_H6LUT_SLICEM_I0_O)
                                                      0.152    17.407 r  chiptop0/system/cbus/coupler_to_debug/fragmenter/repeater/programBufferMem_53[2]_i_1/O
                         net (fo=1, routed)           1.538    18.945    chiptop0/system/tlDM/dmInner/dmInner/programBufferMem_53_reg[2]_0
    SLICE_X81Y216        FDRE                                         r  chiptop0/system/tlDM/dmInner/dmInner/programBufferMem_53_reg[2]/D
  -------------------------------------------------------------------    -------------------

                         (clock clk_out1_harnessSysPLL rise edge)
                                                     19.998    19.998 r  
    H11                                               0.000    19.998 r  sys_clock_p (IN)
                         net (fo=0)                   0.000    19.998    sys_clock_ibufds/I
    HPIOBDIFFINBUF_X1Y132
                         DIFFINBUF (Prop_DIFFINBUF_HPIOBDIFFINBUF_DIFF_IN_P_O)
                                                      0.401    20.399 r  sys_clock_ibufds/DIFFINBUF_INST/O
                         net (fo=1, routed)           0.040    20.439    sys_clock_ibufds/OUT
    H11                  IBUFCTRL (Prop_IBUFCTRL_HPIOB_M_I_O)
                                                      0.000    20.439 r  sys_clock_ibufds/IBUFCTRL_INST/O
                         net (fo=1, routed)           0.286    20.725    _sys_clock_ibufds_O
    BUFGCE_X1Y129        BUFGCE (Prop_BUFCE_BUFGCE_I_O)
                                                      0.024    20.749 r  _sys_clock_ibufds_O_BUFG_inst/O
                         net (fo=2, routed)           0.822    21.571    harnessSysPLL/inst/clk_in1
    MMCM_X1Y5            MMCME4_ADV (Prop_MMCM_CLKIN1_CLKOUT0)
                                                      0.630    22.201 r  harnessSysPLL/inst/mmcme4_adv_inst/CLKOUT0
                         net (fo=1, routed)           0.216    22.417    harnessSysPLL/inst/clk_out1_harnessSysPLL
    BUFGCE_X1Y137        BUFGCE (Prop_BUFCE_BUFGCE_I_O)
                                                      0.024    22.441 r  harnessSysPLL/inst/clkout1_buf/O
                         net (fo=29752, routed)       2.263    24.704    chiptop0/gated_clock_debug_clock_gate/clk_out1
    SLICE_X66Y151        LUT2 (Prop_H6LUT_SLICEL_I1_O)
                                                      0.095    24.799 r  chiptop0/gated_clock_debug_clock_gate/ABSTRACTAUTOReg_autoexecdata[7]_i_5/O
                         net (fo=1, routed)           0.291    25.090    chiptop0_n_240
    BUFGCE_X1Y48         BUFGCE (Prop_BUFCE_BUFGCE_I_O)
                                                      0.024    25.114 r  ABSTRACTAUTOReg_autoexecdata_reg[7]_i_3/O
    X2Y3 (CLOCK_ROOT)    net (fo=1068, routed)        1.195    26.309    chiptop0/system/tlDM/dmInner/dmInner/sync_0_reg
    SLICE_X81Y216        FDRE                                         r  chiptop0/system/tlDM/dmInner/dmInner/programBufferMem_53_reg[2]/C
                         clock pessimism             -0.348    25.961    
                         clock uncertainty           -0.094    25.867    
    SLICE_X81Y216        FDRE (Setup_BFF_SLICEM_C_D)
                                                      0.025    25.892    chiptop0/system/tlDM/dmInner/dmInner/programBufferMem_53_reg[2]
  -------------------------------------------------------------------
                         required time                         25.892    
                         arrival time                         -18.945    
  -------------------------------------------------------------------
                         slack                                  6.947    

Slack (MET) :             6.965ns  (required time - arrival time)
  Source:                 chiptop0/system/cbus/buffer/nodeOut_a_q/wrap_1_reg/C
                            (rising edge-triggered cell FDRE clocked by clk_out1_harnessSysPLL  {rise@0.000ns fall@9.999ns period=19.998ns})
  Destination:            chiptop0/system/tlDM/dmInner/dmInner/programBufferMem_29_reg[1]/R
                            (rising edge-triggered cell FDRE clocked by clk_out1_harnessSysPLL  {rise@0.000ns fall@9.999ns period=19.998ns})
  Path Group:             clk_out1_harnessSysPLL
  Path Type:              Setup (Max at Slow Process Corner)
  Requirement:            19.998ns  (clk_out1_harnessSysPLL rise@19.998ns - clk_out1_harnessSysPLL rise@0.000ns)
  Data Path Delay:        14.205ns  (logic 1.330ns (9.363%)  route 12.875ns (90.637%))
  Logic Levels:           11  (LUT4=3 LUT5=3 LUT6=4 RAMD32=1)
  Clock Path Skew:        1.340ns (DCD - SCD + CPR)
    Destination Clock Delay (DCD):    6.304ns = ( 26.302 - 19.998 ) 
    Source Clock Delay      (SCD):    4.616ns
    Clock Pessimism Removal (CPR):    -0.348ns
  Clock Uncertainty:      0.094ns  ((TSJ^2 + DJ^2)^1/2) / 2 + PE
    Total System Jitter     (TSJ):    0.071ns
    Discrete Jitter          (DJ):    0.174ns
    Phase Error              (PE):    0.000ns
  Clock Net Delay (Source):      2.638ns (routing 1.265ns, distribution 1.373ns)
  Clock Net Delay (Destination): 1.188ns (routing 0.484ns, distribution 0.704ns)

    Location             Delay type                Incr(ns)  Path(ns)    Netlist Resource(s)
  -------------------------------------------------------------------    -------------------
                         (clock clk_out1_harnessSysPLL rise edge)
                                                      0.000     0.000 r  
    H11                                               0.000     0.000 r  sys_clock_p (IN)
                         net (fo=0)                   0.000     0.000    sys_clock_ibufds/I
    HPIOBDIFFINBUF_X1Y132
                         DIFFINBUF (Prop_DIFFINBUF_HPIOBDIFFINBUF_DIFF_IN_P_O)
                                                      0.497     0.497 r  sys_clock_ibufds/DIFFINBUF_INST/O
                         net (fo=1, routed)           0.050     0.547    sys_clock_ibufds/OUT
    H11                  IBUFCTRL (Prop_IBUFCTRL_HPIOB_M_I_O)
                                                      0.000     0.547 r  sys_clock_ibufds/IBUFCTRL_INST/O
                         net (fo=1, routed)           0.323     0.870    _sys_clock_ibufds_O
    BUFGCE_X1Y129        BUFGCE (Prop_BUFCE_BUFGCE_I_O)
                                                      0.028     0.898 r  _sys_clock_ibufds_O_BUFG_inst/O
                         net (fo=2, routed)           0.934     1.832    harnessSysPLL/inst/clk_in1
    MMCM_X1Y5            MMCME4_ADV (Prop_MMCM_CLKIN1_CLKOUT0)
                                                     -0.127     1.705 r  harnessSysPLL/inst/mmcme4_adv_inst/CLKOUT0
                         net (fo=1, routed)           0.245     1.950    harnessSysPLL/inst/clk_out1_harnessSysPLL
    BUFGCE_X1Y137        BUFGCE (Prop_BUFCE_BUFGCE_I_O)
                                                      0.028     1.978 r  harnessSysPLL/inst/clkout1_buf/O
    X1Y2 (CLOCK_ROOT)    net (fo=29752, routed)       2.638     4.616    chiptop0/system/cbus/buffer/nodeOut_a_q/clk_out1
    SLICE_X83Y200        FDRE                                         r  chiptop0/system/cbus/buffer/nodeOut_a_q/wrap_1_reg/C
  -------------------------------------------------------------------    -------------------
    SLICE_X83Y200        FDRE (Prop_HFF2_SLICEM_C_Q)
                                                      0.078     4.694 r  chiptop0/system/cbus/buffer/nodeOut_a_q/wrap_1_reg/Q
                         net (fo=124, routed)         2.132     6.826    chiptop0/system/cbus/buffer/nodeOut_a_q/ram_ext/Memory_reg_0_1_42_55/ADDRB0
    SLICE_X81Y207        RAMD32 (Prop_B5LUT_SLICEM_RADR0_O)
                                                      0.167     6.993 r  chiptop0/system/cbus/buffer/nodeOut_a_q/ram_ext/Memory_reg_0_1_42_55/RAMB/O
                         net (fo=12, routed)          0.916     7.909    chiptop0/system/cbus/buffer/nodeOut_a_q/ram_ext/R0_data0[41]
    SLICE_X83Y201        LUT6 (Prop_H6LUT_SLICEM_I2_O)
                                                      0.101     8.010 f  chiptop0/system/cbus/buffer/nodeOut_a_q/ram_ext/ram[113]_i_3/O
                         net (fo=18, routed)          0.851     8.861    chiptop0/system/cbus/buffer/nodeOut_a_q/ram_ext/wrap_1_reg
    SLICE_X84Y200        LUT6 (Prop_H6LUT_SLICEM_I0_O)
                                                      0.101     8.962 f  chiptop0/system/cbus/buffer/nodeOut_a_q/ram_ext/abstractDataMem_8[7]_i_8/O
                         net (fo=3, routed)           0.861     9.823    chiptop0/system/cbus/coupler_to_debug/fragmenter/repeater/_cbus_auto_coupler_to_debug_fragmenter_anon_out_a_valid
    SLICE_X82Y199        LUT5 (Prop_C5LUT_SLICEL_I0_O)
                                                      0.098     9.921 f  chiptop0/system/cbus/coupler_to_debug/fragmenter/repeater/readys_mask[6]_i_7/O
                         net (fo=14, routed)          0.618    10.539    chiptop0/system/cbus/out_xbar/_coupler_to_debug_auto_tl_in_d_valid
    SLICE_X86Y195        LUT4 (Prop_E6LUT_SLICEM_I3_O)
                                                      0.148    10.687 f  chiptop0/system/cbus/out_xbar/readys_mask[5]_i_16/O
                         net (fo=2, routed)           0.226    10.913    chiptop0/system/cbus/out_xbar/readys_mask[5]_i_16_n_0
    SLICE_X86Y195        LUT6 (Prop_F6LUT_SLICEM_I3_O)
                                                      0.088    11.001 f  chiptop0/system/cbus/out_xbar/readys_mask[5]_i_7/O
                         net (fo=4, routed)           0.638    11.639    chiptop0/system/cbus/out_xbar/readys_mask_reg[6]_2
    SLICE_X83Y197        LUT5 (Prop_F6LUT_SLICEM_I2_O)
                                                      0.088    11.727 r  chiptop0/system/cbus/out_xbar/full_i_4__2/O
                         net (fo=7, routed)           1.406    13.133    chiptop0/system/cbus/coupler_to_debug/fragmenter/repeater/_cbus_auto_coupler_to_debug_fragmenter_anon_out_d_ready
    SLICE_X84Y202        LUT5 (Prop_A5LUT_SLICEM_I4_O)
                                                      0.139    13.272 f  chiptop0/system/cbus/coupler_to_debug/fragmenter/repeater/abstractDataMem_8[7]_i_4/O
                         net (fo=91, routed)          2.298    15.570    chiptop0/system/cbus/coupler_to_debug/fragmenter/repeater/abstractDataMem_8[7]_i_4_n_0
    SLICE_X92Y229        LUT4 (Prop_D5LUT_SLICEL_I0_O)
                                                      0.066    15.636 f  chiptop0/system/cbus/coupler_to_debug/fragmenter/repeater/programBufferMem_24[7]_i_7/O
                         net (fo=1, routed)           0.509    16.145    chiptop0/system/cbus/coupler_to_debug/fragmenter/repeater/programBufferMem_24[7]_i_7_n_0
    SLICE_X92Y229        LUT6 (Prop_F6LUT_SLICEL_I0_O)
                                                      0.089    16.234 f  chiptop0/system/cbus/coupler_to_debug/fragmenter/repeater/programBufferMem_24[7]_i_5/O
                         net (fo=16, routed)          0.891    17.125    chiptop0/system/tlDM/dmInner/dmiXing/nodeOut_a_sink/io_deq_bits_deq_bits_reg/programBufferMem_24_reg[0]
    SLICE_X89Y226        LUT4 (Prop_B5LUT_SLICEM_I1_O)
                                                      0.167    17.292 r  chiptop0/system/tlDM/dmInner/dmiXing/nodeOut_a_sink/io_deq_bits_deq_bits_reg/programBufferMem_29[7]_i_1/O
                         net (fo=8, routed)           1.529    18.821    chiptop0/system/tlDM/dmInner/dmInner/programBufferMem_29_reg[0]_0
    SLICE_X80Y217        FDRE                                         r  chiptop0/system/tlDM/dmInner/dmInner/programBufferMem_29_reg[1]/R
  -------------------------------------------------------------------    -------------------

                         (clock clk_out1_harnessSysPLL rise edge)
                                                     19.998    19.998 r  
    H11                                               0.000    19.998 r  sys_clock_p (IN)
                         net (fo=0)                   0.000    19.998    sys_clock_ibufds/I
    HPIOBDIFFINBUF_X1Y132
                         DIFFINBUF (Prop_DIFFINBUF_HPIOBDIFFINBUF_DIFF_IN_P_O)
                                                      0.401    20.399 r  sys_clock_ibufds/DIFFINBUF_INST/O
                         net (fo=1, routed)           0.040    20.439    sys_clock_ibufds/OUT
    H11                  IBUFCTRL (Prop_IBUFCTRL_HPIOB_M_I_O)
                                                      0.000    20.439 r  sys_clock_ibufds/IBUFCTRL_INST/O
                         net (fo=1, routed)           0.286    20.725    _sys_clock_ibufds_O
    BUFGCE_X1Y129        BUFGCE (Prop_BUFCE_BUFGCE_I_O)
                                                      0.024    20.749 r  _sys_clock_ibufds_O_BUFG_inst/O
                         net (fo=2, routed)           0.822    21.571    harnessSysPLL/inst/clk_in1
    MMCM_X1Y5            MMCME4_ADV (Prop_MMCM_CLKIN1_CLKOUT0)
                                                      0.630    22.201 r  harnessSysPLL/inst/mmcme4_adv_inst/CLKOUT0
                         net (fo=1, routed)           0.216    22.417    harnessSysPLL/inst/clk_out1_harnessSysPLL
    BUFGCE_X1Y137        BUFGCE (Prop_BUFCE_BUFGCE_I_O)
                                                      0.024    22.441 r  harnessSysPLL/inst/clkout1_buf/O
                         net (fo=29752, routed)       2.263    24.704    chiptop0/gated_clock_debug_clock_gate/clk_out1
    SLICE_X66Y151        LUT2 (Prop_H6LUT_SLICEL_I1_O)
                                                      0.095    24.799 r  chiptop0/gated_clock_debug_clock_gate/ABSTRACTAUTOReg_autoexecdata[7]_i_5/O
                         net (fo=1, routed)           0.291    25.090    chiptop0_n_240
    BUFGCE_X1Y48         BUFGCE (Prop_BUFCE_BUFGCE_I_O)
                                                      0.024    25.114 r  ABSTRACTAUTOReg_autoexecdata_reg[7]_i_3/O
    X2Y3 (CLOCK_ROOT)    net (fo=1068, routed)        1.188    26.302    chiptop0/system/tlDM/dmInner/dmInner/sync_0_reg
    SLICE_X80Y217        FDRE                                         r  chiptop0/system/tlDM/dmInner/dmInner/programBufferMem_29_reg[1]/C
                         clock pessimism             -0.348    25.954    
                         clock uncertainty           -0.094    25.860    
    SLICE_X80Y217        FDRE (Setup_DFF2_SLICEL_C_R)
                                                     -0.074    25.786    chiptop0/system/tlDM/dmInner/dmInner/programBufferMem_29_reg[1]
  -------------------------------------------------------------------
                         required time                         25.786    
                         arrival time                         -18.821    
  -------------------------------------------------------------------
                         slack                                  6.965    





Min Delay Paths
--------------------------------------------------------------------------------------
Slack (MET) :             0.010ns  (arrival time - required time)
  Source:                 chiptop0/system/cbus/buffer/nodeOut_a_q/ram_ext/Memory_reg_0_1_70_83/RAMG_D1/CLK
                            (rising edge-triggered cell RAMD32 clocked by clk_out1_harnessSysPLL  {rise@0.000ns fall@9.999ns period=19.998ns})
  Destination:            chiptop0/system/tlDM/dmInner/dmInner/programBufferMem_59_reg[6]/D
                            (rising edge-triggered cell FDRE clocked by clk_out1_harnessSysPLL  {rise@0.000ns fall@9.999ns period=19.998ns})
  Path Group:             clk_out1_harnessSysPLL
  Path Type:              Hold (Min at Slow Process Corner)
  Requirement:            0.000ns  (clk_out1_harnessSysPLL rise@0.000ns - clk_out1_harnessSysPLL rise@0.000ns)
  Data Path Delay:        2.171ns  (logic 0.180ns (8.291%)  route 1.991ns (91.709%))
  Logic Levels:           1  (LUT4=1)
  Clock Path Skew:        2.101ns (DCD - SCD - CPR)
    Destination Clock Delay (DCD):    6.566ns
    Source Clock Delay      (SCD):    4.813ns
    Clock Pessimism Removal (CPR):    -0.348ns
  Clock Net Delay (Source):      2.370ns (routing 1.148ns, distribution 1.222ns)
  Clock Net Delay (Destination): 1.471ns (routing 0.532ns, distribution 0.939ns)

    Location             Delay type                Incr(ns)  Path(ns)    Netlist Resource(s)
  -------------------------------------------------------------------    -------------------
                         (clock clk_out1_harnessSysPLL rise edge)
                                                      0.000     0.000 r  
    H11                                               0.000     0.000 r  sys_clock_p (IN)
                         net (fo=0)                   0.000     0.000    sys_clock_ibufds/I
    HPIOBDIFFINBUF_X1Y132
                         DIFFINBUF (Prop_DIFFINBUF_HPIOBDIFFINBUF_DIFF_IN_P_O)
                                                      0.401     0.401 r  sys_clock_ibufds/DIFFINBUF_INST/O
                         net (fo=1, routed)           0.040     0.441    sys_clock_ibufds/OUT
    H11                  IBUFCTRL (Prop_IBUFCTRL_HPIOB_M_I_O)
                                                      0.000     0.441 r  sys_clock_ibufds/IBUFCTRL_INST/O
                         net (fo=1, routed)           0.286     0.727    _sys_clock_ibufds_O
    BUFGCE_X1Y129        BUFGCE (Prop_BUFCE_BUFGCE_I_O)
                                                      0.024     0.751 r  _sys_clock_ibufds_O_BUFG_inst/O
                         net (fo=2, routed)           0.822     1.573    harnessSysPLL/inst/clk_in1
    MMCM_X1Y5            MMCME4_ADV (Prop_MMCM_CLKIN1_CLKOUT0)
                                                      0.630     2.203 r  harnessSysPLL/inst/mmcme4_adv_inst/CLKOUT0
                         net (fo=1, routed)           0.216     2.419    harnessSysPLL/inst/clk_out1_harnessSysPLL
    BUFGCE_X1Y137        BUFGCE (Prop_BUFCE_BUFGCE_I_O)
                                                      0.024     2.443 r  harnessSysPLL/inst/clkout1_buf/O
    X1Y2 (CLOCK_ROOT)    net (fo=29752, routed)       2.370     4.813    chiptop0/system/cbus/buffer/nodeOut_a_q/ram_ext/Memory_reg_0_1_70_83/WCLK
    SLICE_X79Y213        RAMD32                                       r  chiptop0/system/cbus/buffer/nodeOut_a_q/ram_ext/Memory_reg_0_1_70_83/RAMG_D1/CLK
  -------------------------------------------------------------------    -------------------
    SLICE_X79Y213        RAMD32 (Prop_G6LUT_SLICEM_CLK_O)
                                                      0.158     4.971 r  chiptop0/system/cbus/buffer/nodeOut_a_q/ram_ext/Memory_reg_0_1_70_83/RAMG_D1/O
                         net (fo=16, routed)          1.962     6.933    chiptop0/system/cbus/coupler_to_debug/fragmenter/repeater/programBufferMem_63_reg[7][28]
    SLICE_X94Y233        LUT4 (Prop_B6LUT_SLICEM_I3_O)
                                                      0.022     6.955 r  chiptop0/system/cbus/coupler_to_debug/fragmenter/repeater/programBufferMem_59[6]_i_1/O
                         net (fo=1, routed)           0.029     6.984    chiptop0/system/tlDM/dmInner/dmInner/programBufferMem_59_reg[6]_0
    SLICE_X94Y233        FDRE                                         r  chiptop0/system/tlDM/dmInner/dmInner/programBufferMem_59_reg[6]/D
  -------------------------------------------------------------------    -------------------

                         (clock clk_out1_harnessSysPLL rise edge)
                                                      0.000     0.000 r  
    H11                                               0.000     0.000 r  sys_clock_p (IN)
                         net (fo=0)                   0.000     0.000    sys_clock_ibufds/I
    HPIOBDIFFINBUF_X1Y132
                         DIFFINBUF (Prop_DIFFINBUF_HPIOBDIFFINBUF_DIFF_IN_P_O)
                                                      0.497     0.497 r  sys_clock_ibufds/DIFFINBUF_INST/O
                         net (fo=1, routed)           0.050     0.547    sys_clock_ibufds/OUT
    H11                  IBUFCTRL (Prop_IBUFCTRL_HPIOB_M_I_O)
                                                      0.000     0.547 r  sys_clock_ibufds/IBUFCTRL_INST/O
                         net (fo=1, routed)           0.323     0.870    _sys_clock_ibufds_O
    BUFGCE_X1Y129        BUFGCE (Prop_BUFCE_BUFGCE_I_O)
                                                      0.028     0.898 r  _sys_clock_ibufds_O_BUFG_inst/O
                         net (fo=2, routed)           0.934     1.832    harnessSysPLL/inst/clk_in1
    MMCM_X1Y5            MMCME4_ADV (Prop_MMCM_CLKIN1_CLKOUT0)
                                                     -0.127     1.705 r  harnessSysPLL/inst/mmcme4_adv_inst/CLKOUT0
                         net (fo=1, routed)           0.245     1.950    harnessSysPLL/inst/clk_out1_harnessSysPLL
    BUFGCE_X1Y137        BUFGCE (Prop_BUFCE_BUFGCE_I_O)
                                                      0.028     1.978 r  harnessSysPLL/inst/clkout1_buf/O
                         net (fo=29752, routed)       2.545     4.523    chiptop0/gated_clock_debug_clock_gate/clk_out1
    SLICE_X66Y151        LUT2 (Prop_H6LUT_SLICEL_I1_O)
                                                      0.150     4.673 r  chiptop0/gated_clock_debug_clock_gate/ABSTRACTAUTOReg_autoexecdata[7]_i_5/O
                         net (fo=1, routed)           0.394     5.067    chiptop0_n_240
    BUFGCE_X1Y48         BUFGCE (Prop_BUFCE_BUFGCE_I_O)
                                                      0.028     5.095 r  ABSTRACTAUTOReg_autoexecdata_reg[7]_i_3/O
    X2Y3 (CLOCK_ROOT)    net (fo=1068, routed)        1.471     6.566    chiptop0/system/tlDM/dmInner/dmInner/sync_0_reg
    SLICE_X94Y233        FDRE                                         r  chiptop0/system/tlDM/dmInner/dmInner/programBufferMem_59_reg[6]/C
                         clock pessimism              0.348     6.914    
    SLICE_X94Y233        FDRE (Hold_BFF_SLICEM_C_D)
                                                      0.060     6.974    chiptop0/system/tlDM/dmInner/dmInner/programBufferMem_59_reg[6]
  -------------------------------------------------------------------
                         required time                         -6.974    
                         arrival time                           6.984    
  -------------------------------------------------------------------
                         slack                                  0.010    

Slack (MET) :             0.012ns  (arrival time - required time)
  Source:                 chiptop0/system/coh_wrapper/l2/inclusive_cache_bank_sched/sourceD/s2_req_size_reg[2]/C
                            (rising edge-triggered cell FDRE clocked by clk_out1_harnessSysPLL  {rise@0.000ns fall@9.999ns period=19.998ns})
  Destination:            chiptop0/system/coh_wrapper/l2/inclusive_cache_bank_sched/sourceD/s3_req_size_reg[2]/D
                            (rising edge-triggered cell FDRE clocked by clk_out1_harnessSysPLL  {rise@0.000ns fall@9.999ns period=19.998ns})
  Path Group:             clk_out1_harnessSysPLL
  Path Type:              Hold (Min at Slow Process Corner)
  Requirement:            0.000ns  (clk_out1_harnessSysPLL rise@0.000ns - clk_out1_harnessSysPLL rise@0.000ns)
  Data Path Delay:        0.285ns  (logic 0.057ns (20.000%)  route 0.228ns (80.000%))
  Logic Levels:           0  
  Clock Path Skew:        0.213ns (DCD - SCD - CPR)
    Destination Clock Delay (DCD):    4.626ns
    Source Clock Delay      (SCD):    4.761ns
    Clock Pessimism Removal (CPR):    -0.348ns
  Clock Net Delay (Source):      2.318ns (routing 1.148ns, distribution 1.170ns)
  Clock Net Delay (Destination): 2.648ns (routing 1.265ns, distribution 1.383ns)

    Location             Delay type                Incr(ns)  Path(ns)    Netlist Resource(s)
  -------------------------------------------------------------------    -------------------
                         (clock clk_out1_harnessSysPLL rise edge)
                                                      0.000     0.000 r  
    H11                                               0.000     0.000 r  sys_clock_p (IN)
                         net (fo=0)                   0.000     0.000    sys_clock_ibufds/I
    HPIOBDIFFINBUF_X1Y132
                         DIFFINBUF (Prop_DIFFINBUF_HPIOBDIFFINBUF_DIFF_IN_P_O)
                                                      0.401     0.401 r  sys_clock_ibufds/DIFFINBUF_INST/O
                         net (fo=1, routed)           0.040     0.441    sys_clock_ibufds/OUT
    H11                  IBUFCTRL (Prop_IBUFCTRL_HPIOB_M_I_O)
                                                      0.000     0.441 r  sys_clock_ibufds/IBUFCTRL_INST/O
                         net (fo=1, routed)           0.286     0.727    _sys_clock_ibufds_O
    BUFGCE_X1Y129        BUFGCE (Prop_BUFCE_BUFGCE_I_O)
                                                      0.024     0.751 r  _sys_clock_ibufds_O_BUFG_inst/O
                         net (fo=2, routed)           0.822     1.573    harnessSysPLL/inst/clk_in1
    MMCM_X1Y5            MMCME4_ADV (Prop_MMCM_CLKIN1_CLKOUT0)
                                                      0.630     2.203 r  harnessSysPLL/inst/mmcme4_adv_inst/CLKOUT0
                         net (fo=1, routed)           0.216     2.419    harnessSysPLL/inst/clk_out1_harnessSysPLL
    BUFGCE_X1Y137        BUFGCE (Prop_BUFCE_BUFGCE_I_O)
                                                      0.024     2.443 r  harnessSysPLL/inst/clkout1_buf/O
    X1Y2 (CLOCK_ROOT)    net (fo=29752, routed)       2.318     4.761    chiptop0/system/coh_wrapper/l2/inclusive_cache_bank_sched/sourceD/clk_out1
    SLICE_X74Y179        FDRE                                         r  chiptop0/system/coh_wrapper/l2/inclusive_cache_bank_sched/sourceD/s2_req_size_reg[2]/C
  -------------------------------------------------------------------    -------------------
    SLICE_X74Y179        FDRE (Prop_FFF_SLICEM_C_Q)
                                                      0.057     4.818 r  chiptop0/system/coh_wrapper/l2/inclusive_cache_bank_sched/sourceD/s2_req_size_reg[2]/Q
                         net (fo=1, routed)           0.228     5.046    chiptop0/system/coh_wrapper/l2/inclusive_cache_bank_sched/sourceD/s2_req_size[2]
    SLICE_X74Y191        FDRE                                         r  chiptop0/system/coh_wrapper/l2/inclusive_cache_bank_sched/sourceD/s3_req_size_reg[2]/D
  -------------------------------------------------------------------    -------------------

                         (clock clk_out1_harnessSysPLL rise edge)
                                                      0.000     0.000 r  
    H11                                               0.000     0.000 r  sys_clock_p (IN)
                         net (fo=0)                   0.000     0.000    sys_clock_ibufds/I
    HPIOBDIFFINBUF_X1Y132
                         DIFFINBUF (Prop_DIFFINBUF_HPIOBDIFFINBUF_DIFF_IN_P_O)
                                                      0.497     0.497 r  sys_clock_ibufds/DIFFINBUF_INST/O
                         net (fo=1, routed)           0.050     0.547    sys_clock_ibufds/OUT
    H11                  IBUFCTRL (Prop_IBUFCTRL_HPIOB_M_I_O)
                                                      0.000     0.547 r  sys_clock_ibufds/IBUFCTRL_INST/O
                         net (fo=1, routed)           0.323     0.870    _sys_clock_ibufds_O
    BUFGCE_X1Y129        BUFGCE (Prop_BUFCE_BUFGCE_I_O)
                                                      0.028     0.898 r  _sys_clock_ibufds_O_BUFG_inst/O
                         net (fo=2, routed)           0.934     1.832    harnessSysPLL/inst/clk_in1
    MMCM_X1Y5            MMCME4_ADV (Prop_MMCM_CLKIN1_CLKOUT0)
                                                     -0.127     1.705 r  harnessSysPLL/inst/mmcme4_adv_inst/CLKOUT0
                         net (fo=1, routed)           0.245     1.950    harnessSysPLL/inst/clk_out1_harnessSysPLL
    BUFGCE_X1Y137        BUFGCE (Prop_BUFCE_BUFGCE_I_O)
                                                      0.028     1.978 r  harnessSysPLL/inst/clkout1_buf/O
    X1Y2 (CLOCK_ROOT)    net (fo=29752, routed)       2.648     4.626    chiptop0/system/coh_wrapper/l2/inclusive_cache_bank_sched/sourceD/clk_out1
    SLICE_X74Y191        FDRE                                         r  chiptop0/system/coh_wrapper/l2/inclusive_cache_bank_sched/sourceD/s3_req_size_reg[2]/C
                         clock pessimism              0.348     4.974    
    SLICE_X74Y191        FDRE (Hold_FFF_SLICEM_C_D)
                                                      0.060     5.034    chiptop0/system/coh_wrapper/l2/inclusive_cache_bank_sched/sourceD/s3_req_size_reg[2]
  -------------------------------------------------------------------
                         required time                         -5.034    
                         arrival time                           5.046    
  -------------------------------------------------------------------
                         slack                                  0.012    

Slack (MET) :             0.014ns  (arrival time - required time)
  Source:                 chiptop0/system/coh_wrapper/l2/inclusive_cache_bank_sched/sourceD/s4_beat_reg[1]/C
                            (rising edge-triggered cell FDRE clocked by clk_out1_harnessSysPLL  {rise@0.000ns fall@9.999ns period=19.998ns})
  Destination:            chiptop0/system/coh_wrapper/l2/inclusive_cache_bank_sched/sourceD/s5_beat_reg[1]/D
                            (rising edge-triggered cell FDRE clocked by clk_out1_harnessSysPLL  {rise@0.000ns fall@9.999ns period=19.998ns})
  Path Group:             clk_out1_harnessSysPLL
  Path Type:              Hold (Min at Slow Process Corner)
  Requirement:            0.000ns  (clk_out1_harnessSysPLL rise@0.000ns - clk_out1_harnessSysPLL rise@0.000ns)
  Data Path Delay:        0.189ns  (logic 0.060ns (31.746%)  route 0.129ns (68.254%))
  Logic Levels:           0  
  Clock Path Skew:        0.113ns (DCD - SCD - CPR)
    Destination Clock Delay (DCD):    4.581ns
    Source Clock Delay      (SCD):    4.746ns
    Clock Pessimism Removal (CPR):    -0.278ns
  Clock Net Delay (Source):      2.303ns (routing 1.148ns, distribution 1.155ns)
  Clock Net Delay (Destination): 2.603ns (routing 1.265ns, distribution 1.338ns)

    Location             Delay type                Incr(ns)  Path(ns)    Netlist Resource(s)
  -------------------------------------------------------------------    -------------------
                         (clock clk_out1_harnessSysPLL rise edge)
                                                      0.000     0.000 r  
    H11                                               0.000     0.000 r  sys_clock_p (IN)
                         net (fo=0)                   0.000     0.000    sys_clock_ibufds/I
    HPIOBDIFFINBUF_X1Y132
                         DIFFINBUF (Prop_DIFFINBUF_HPIOBDIFFINBUF_DIFF_IN_P_O)
                                                      0.401     0.401 r  sys_clock_ibufds/DIFFINBUF_INST/O
                         net (fo=1, routed)           0.040     0.441    sys_clock_ibufds/OUT
    H11                  IBUFCTRL (Prop_IBUFCTRL_HPIOB_M_I_O)
                                                      0.000     0.441 r  sys_clock_ibufds/IBUFCTRL_INST/O
                         net (fo=1, routed)           0.286     0.727    _sys_clock_ibufds_O
    BUFGCE_X1Y129        BUFGCE (Prop_BUFCE_BUFGCE_I_O)
                                                      0.024     0.751 r  _sys_clock_ibufds_O_BUFG_inst/O
                         net (fo=2, routed)           0.822     1.573    harnessSysPLL/inst/clk_in1
    MMCM_X1Y5            MMCME4_ADV (Prop_MMCM_CLKIN1_CLKOUT0)
                                                      0.630     2.203 r  harnessSysPLL/inst/mmcme4_adv_inst/CLKOUT0
                         net (fo=1, routed)           0.216     2.419    harnessSysPLL/inst/clk_out1_harnessSysPLL
    BUFGCE_X1Y137        BUFGCE (Prop_BUFCE_BUFGCE_I_O)
                                                      0.024     2.443 r  harnessSysPLL/inst/clkout1_buf/O
    X1Y2 (CLOCK_ROOT)    net (fo=29752, routed)       2.303     4.746    chiptop0/system/coh_wrapper/l2/inclusive_cache_bank_sched/sourceD/clk_out1
    SLICE_X70Y178        FDRE                                         r  chiptop0/system/coh_wrapper/l2/inclusive_cache_bank_sched/sourceD/s4_beat_reg[1]/C
  -------------------------------------------------------------------    -------------------
    SLICE_X70Y178        FDRE (Prop_GFF2_SLICEM_C_Q)
                                                      0.060     4.806 r  chiptop0/system/coh_wrapper/l2/inclusive_cache_bank_sched/sourceD/s4_beat_reg[1]/Q
                         net (fo=21, routed)          0.129     4.935    chiptop0/system/coh_wrapper/l2/inclusive_cache_bank_sched/sourceD/_sourceD_io_bs_wadr_bits_beat[1]
    SLICE_X71Y177        FDRE                                         r  chiptop0/system/coh_wrapper/l2/inclusive_cache_bank_sched/sourceD/s5_beat_reg[1]/D
  -------------------------------------------------------------------    -------------------

                         (clock clk_out1_harnessSysPLL rise edge)
                                                      0.000     0.000 r  
    H11                                               0.000     0.000 r  sys_clock_p (IN)
                         net (fo=0)                   0.000     0.000    sys_clock_ibufds/I
    HPIOBDIFFINBUF_X1Y132
                         DIFFINBUF (Prop_DIFFINBUF_HPIOBDIFFINBUF_DIFF_IN_P_O)
                                                      0.497     0.497 r  sys_clock_ibufds/DIFFINBUF_INST/O
                         net (fo=1, routed)           0.050     0.547    sys_clock_ibufds/OUT
    H11                  IBUFCTRL (Prop_IBUFCTRL_HPIOB_M_I_O)
                                                      0.000     0.547 r  sys_clock_ibufds/IBUFCTRL_INST/O
                         net (fo=1, routed)           0.323     0.870    _sys_clock_ibufds_O
    BUFGCE_X1Y129        BUFGCE (Prop_BUFCE_BUFGCE_I_O)
                                                      0.028     0.898 r  _sys_clock_ibufds_O_BUFG_inst/O
                         net (fo=2, routed)           0.934     1.832    harnessSysPLL/inst/clk_in1
    MMCM_X1Y5            MMCME4_ADV (Prop_MMCM_CLKIN1_CLKOUT0)
                                                     -0.127     1.705 r  harnessSysPLL/inst/mmcme4_adv_inst/CLKOUT0
                         net (fo=1, routed)           0.245     1.950    harnessSysPLL/inst/clk_out1_harnessSysPLL
    BUFGCE_X1Y137        BUFGCE (Prop_BUFCE_BUFGCE_I_O)
                                                      0.028     1.978 r  harnessSysPLL/inst/clkout1_buf/O
    X1Y2 (CLOCK_ROOT)    net (fo=29752, routed)       2.603     4.581    chiptop0/system/coh_wrapper/l2/inclusive_cache_bank_sched/sourceD/clk_out1
    SLICE_X71Y177        FDRE                                         r  chiptop0/system/coh_wrapper/l2/inclusive_cache_bank_sched/sourceD/s5_beat_reg[1]/C
                         clock pessimism              0.278     4.859    
    SLICE_X71Y177        FDRE (Hold_HFF2_SLICEM_C_D)
                                                      0.062     4.921    chiptop0/system/coh_wrapper/l2/inclusive_cache_bank_sched/sourceD/s5_beat_reg[1]
  -------------------------------------------------------------------
                         required time                         -4.921    
                         arrival time                           4.935    
  -------------------------------------------------------------------
                         slack                                  0.014    

Slack (MET) :             0.014ns  (arrival time - required time)
  Source:                 chiptop0/system/cbus/buffer/nodeOut_a_q/ram_ext/Memory_reg_0_1_98_111/RAMC_D1/CLK
                            (rising edge-triggered cell RAMD32 clocked by clk_out1_harnessSysPLL  {rise@0.000ns fall@9.999ns period=19.998ns})
  Destination:            chiptop0/system/tlDM/dmInner/dmInner/programBufferMem_14_reg[2]/D
                            (rising edge-triggered cell FDRE clocked by clk_out1_harnessSysPLL  {rise@0.000ns fall@9.999ns period=19.998ns})
  Path Group:             clk_out1_harnessSysPLL
  Path Type:              Hold (Min at Slow Process Corner)
  Requirement:            0.000ns  (clk_out1_harnessSysPLL rise@0.000ns - clk_out1_harnessSysPLL rise@0.000ns)
  Data Path Delay:        2.090ns  (logic 0.218ns (10.431%)  route 1.872ns (89.569%))
  Logic Levels:           1  (LUT4=1)
  Clock Path Skew:        2.014ns (DCD - SCD - CPR)
    Destination Clock Delay (DCD):    6.484ns
    Source Clock Delay      (SCD):    4.818ns
    Clock Pessimism Removal (CPR):    -0.348ns
  Clock Net Delay (Source):      2.375ns (routing 1.148ns, distribution 1.227ns)
  Clock Net Delay (Destination): 1.389ns (routing 0.532ns, distribution 0.857ns)

    Location             Delay type                Incr(ns)  Path(ns)    Netlist Resource(s)
  -------------------------------------------------------------------    -------------------
                         (clock clk_out1_harnessSysPLL rise edge)
                                                      0.000     0.000 r  
    H11                                               0.000     0.000 r  sys_clock_p (IN)
                         net (fo=0)                   0.000     0.000    sys_clock_ibufds/I
    HPIOBDIFFINBUF_X1Y132
                         DIFFINBUF (Prop_DIFFINBUF_HPIOBDIFFINBUF_DIFF_IN_P_O)
                                                      0.401     0.401 r  sys_clock_ibufds/DIFFINBUF_INST/O
                         net (fo=1, routed)           0.040     0.441    sys_clock_ibufds/OUT
    H11                  IBUFCTRL (Prop_IBUFCTRL_HPIOB_M_I_O)
                                                      0.000     0.441 r  sys_clock_ibufds/IBUFCTRL_INST/O
                         net (fo=1, routed)           0.286     0.727    _sys_clock_ibufds_O
    BUFGCE_X1Y129        BUFGCE (Prop_BUFCE_BUFGCE_I_O)
                                                      0.024     0.751 r  _sys_clock_ibufds_O_BUFG_inst/O
                         net (fo=2, routed)           0.822     1.573    harnessSysPLL/inst/clk_in1
    MMCM_X1Y5            MMCME4_ADV (Prop_MMCM_CLKIN1_CLKOUT0)
                                                      0.630     2.203 r  harnessSysPLL/inst/mmcme4_adv_inst/CLKOUT0
                         net (fo=1, routed)           0.216     2.419    harnessSysPLL/inst/clk_out1_harnessSysPLL
    BUFGCE_X1Y137        BUFGCE (Prop_BUFCE_BUFGCE_I_O)
                                                      0.024     2.443 r  harnessSysPLL/inst/clkout1_buf/O
    X1Y2 (CLOCK_ROOT)    net (fo=29752, routed)       2.375     4.818    chiptop0/system/cbus/buffer/nodeOut_a_q/ram_ext/Memory_reg_0_1_98_111/WCLK
    SLICE_X78Y218        RAMD32                                       r  chiptop0/system/cbus/buffer/nodeOut_a_q/ram_ext/Memory_reg_0_1_98_111/RAMC_D1/CLK
  -------------------------------------------------------------------    -------------------
    SLICE_X78Y218        RAMD32 (Prop_C6LUT_SLICEM_CLK_O)
                                                      0.165     4.983 r  chiptop0/system/cbus/buffer/nodeOut_a_q/ram_ext/Memory_reg_0_1_98_111/RAMC_D1/O
                         net (fo=16, routed)          1.863     6.846    chiptop0/system/cbus/coupler_to_debug/fragmenter/repeater/programBufferMem_63_reg[7][48]
    SLICE_X80Y230        LUT4 (Prop_D5LUT_SLICEL_I2_O)
                                                      0.053     6.899 r  chiptop0/system/cbus/coupler_to_debug/fragmenter/repeater/programBufferMem_14[2]_i_1/O
                         net (fo=1, routed)           0.009     6.908    chiptop0/system/tlDM/dmInner/dmInner/programBufferMem_14_reg[2]_0
    SLICE_X80Y230        FDRE                                         r  chiptop0/system/tlDM/dmInner/dmInner/programBufferMem_14_reg[2]/D
  -------------------------------------------------------------------    -------------------

                         (clock clk_out1_harnessSysPLL rise edge)
                                                      0.000     0.000 r  
    H11                                               0.000     0.000 r  sys_clock_p (IN)
                         net (fo=0)                   0.000     0.000    sys_clock_ibufds/I
    HPIOBDIFFINBUF_X1Y132
                         DIFFINBUF (Prop_DIFFINBUF_HPIOBDIFFINBUF_DIFF_IN_P_O)
                                                      0.497     0.497 r  sys_clock_ibufds/DIFFINBUF_INST/O
                         net (fo=1, routed)           0.050     0.547    sys_clock_ibufds/OUT
    H11                  IBUFCTRL (Prop_IBUFCTRL_HPIOB_M_I_O)
                                                      0.000     0.547 r  sys_clock_ibufds/IBUFCTRL_INST/O
                         net (fo=1, routed)           0.323     0.870    _sys_clock_ibufds_O
    BUFGCE_X1Y129        BUFGCE (Prop_BUFCE_BUFGCE_I_O)
                                                      0.028     0.898 r  _sys_clock_ibufds_O_BUFG_inst/O
                         net (fo=2, routed)           0.934     1.832    harnessSysPLL/inst/clk_in1
    MMCM_X1Y5            MMCME4_ADV (Prop_MMCM_CLKIN1_CLKOUT0)
                                                     -0.127     1.705 r  harnessSysPLL/inst/mmcme4_adv_inst/CLKOUT0
                         net (fo=1, routed)           0.245     1.950    harnessSysPLL/inst/clk_out1_harnessSysPLL
    BUFGCE_X1Y137        BUFGCE (Prop_BUFCE_BUFGCE_I_O)
                                                      0.028     1.978 r  harnessSysPLL/inst/clkout1_buf/O
                         net (fo=29752, routed)       2.545     4.523    chiptop0/gated_clock_debug_clock_gate/clk_out1
    SLICE_X66Y151        LUT2 (Prop_H6LUT_SLICEL_I1_O)
                                                      0.150     4.673 r  chiptop0/gated_clock_debug_clock_gate/ABSTRACTAUTOReg_autoexecdata[7]_i_5/O
                         net (fo=1, routed)           0.394     5.067    chiptop0_n_240
    BUFGCE_X1Y48         BUFGCE (Prop_BUFCE_BUFGCE_I_O)
                                                      0.028     5.095 r  ABSTRACTAUTOReg_autoexecdata_reg[7]_i_3/O
    X2Y3 (CLOCK_ROOT)    net (fo=1068, routed)        1.389     6.484    chiptop0/system/tlDM/dmInner/dmInner/sync_0_reg
    SLICE_X80Y230        FDRE                                         r  chiptop0/system/tlDM/dmInner/dmInner/programBufferMem_14_reg[2]/C
                         clock pessimism              0.348     6.832    
    SLICE_X80Y230        FDRE (Hold_DFF2_SLICEL_C_D)
                                                      0.062     6.894    chiptop0/system/tlDM/dmInner/dmInner/programBufferMem_14_reg[2]
  -------------------------------------------------------------------
                         required time                         -6.894    
                         arrival time                           6.908    
  -------------------------------------------------------------------
                         slack                                  0.014    

Slack (MET) :             0.014ns  (arrival time - required time)
  Source:                 chiptop0/system/tile_prci_domain/element_reset_domain_rockettile/fpuOpt/ex_reg_inst_reg[7]/C
                            (rising edge-triggered cell FDRE clocked by clk_out1_harnessSysPLL  {rise@0.000ns fall@9.999ns period=19.998ns})
  Destination:            chiptop0/system/tile_prci_domain/element_reset_domain_rockettile/fpuOpt/mem_reg_inst_reg[7]/D
                            (rising edge-triggered cell FDRE clocked by clk_out1_harnessSysPLL  {rise@0.000ns fall@9.999ns period=19.998ns})
  Path Group:             clk_out1_harnessSysPLL
  Path Type:              Hold (Min at Slow Process Corner)
  Requirement:            0.000ns  (clk_out1_harnessSysPLL rise@0.000ns - clk_out1_harnessSysPLL rise@0.000ns)
  Data Path Delay:        0.115ns  (logic 0.058ns (50.435%)  route 0.057ns (49.565%))
  Logic Levels:           0  
  Clock Path Skew:        0.041ns (DCD - SCD - CPR)
    Destination Clock Delay (DCD):    4.650ns
    Source Clock Delay      (SCD):    4.815ns
    Clock Pessimism Removal (CPR):    -0.206ns
  Clock Net Delay (Source):      2.372ns (routing 1.148ns, distribution 1.224ns)
  Clock Net Delay (Destination): 2.672ns (routing 1.265ns, distribution 1.407ns)

    Location             Delay type                Incr(ns)  Path(ns)    Netlist Resource(s)
  -------------------------------------------------------------------    -------------------
                         (clock clk_out1_harnessSysPLL rise edge)
                                                      0.000     0.000 r  
    H11                                               0.000     0.000 r  sys_clock_p (IN)
                         net (fo=0)                   0.000     0.000    sys_clock_ibufds/I
    HPIOBDIFFINBUF_X1Y132
                         DIFFINBUF (Prop_DIFFINBUF_HPIOBDIFFINBUF_DIFF_IN_P_O)
                                                      0.401     0.401 r  sys_clock_ibufds/DIFFINBUF_INST/O
                         net (fo=1, routed)           0.040     0.441    sys_clock_ibufds/OUT
    H11                  IBUFCTRL (Prop_IBUFCTRL_HPIOB_M_I_O)
                                                      0.000     0.441 r  sys_clock_ibufds/IBUFCTRL_INST/O
                         net (fo=1, routed)           0.286     0.727    _sys_clock_ibufds_O
    BUFGCE_X1Y129        BUFGCE (Prop_BUFCE_BUFGCE_I_O)
                                                      0.024     0.751 r  _sys_clock_ibufds_O_BUFG_inst/O
                         net (fo=2, routed)           0.822     1.573    harnessSysPLL/inst/clk_in1
    MMCM_X1Y5            MMCME4_ADV (Prop_MMCM_CLKIN1_CLKOUT0)
                                                      0.630     2.203 r  harnessSysPLL/inst/mmcme4_adv_inst/CLKOUT0
                         net (fo=1, routed)           0.216     2.419    harnessSysPLL/inst/clk_out1_harnessSysPLL
    BUFGCE_X1Y137        BUFGCE (Prop_BUFCE_BUFGCE_I_O)
                                                      0.024     2.443 r  harnessSysPLL/inst/clkout1_buf/O
    X1Y2 (CLOCK_ROOT)    net (fo=29752, routed)       2.372     4.815    chiptop0/system/tile_prci_domain/element_reset_domain_rockettile/fpuOpt/clk_out1
    SLICE_X68Y324        FDRE                                         r  chiptop0/system/tile_prci_domain/element_reset_domain_rockettile/fpuOpt/ex_reg_inst_reg[7]/C
  -------------------------------------------------------------------    -------------------
    SLICE_X68Y324        FDRE (Prop_AFF_SLICEL_C_Q)
                                                      0.058     4.873 r  chiptop0/system/tile_prci_domain/element_reset_domain_rockettile/fpuOpt/ex_reg_inst_reg[7]/Q
                         net (fo=1, routed)           0.057     4.930    chiptop0/system/tile_prci_domain/element_reset_domain_rockettile/fpuOpt/ex_reg_inst__0[7]
    SLICE_X68Y324        FDRE                                         r  chiptop0/system/tile_prci_domain/element_reset_domain_rockettile/fpuOpt/mem_reg_inst_reg[7]/D
  -------------------------------------------------------------------    -------------------

                         (clock clk_out1_harnessSysPLL rise edge)
                                                      0.000     0.000 r  
    H11                                               0.000     0.000 r  sys_clock_p (IN)
                         net (fo=0)                   0.000     0.000    sys_clock_ibufds/I
    HPIOBDIFFINBUF_X1Y132
                         DIFFINBUF (Prop_DIFFINBUF_HPIOBDIFFINBUF_DIFF_IN_P_O)
                                                      0.497     0.497 r  sys_clock_ibufds/DIFFINBUF_INST/O
                         net (fo=1, routed)           0.050     0.547    sys_clock_ibufds/OUT
    H11                  IBUFCTRL (Prop_IBUFCTRL_HPIOB_M_I_O)
                                                      0.000     0.547 r  sys_clock_ibufds/IBUFCTRL_INST/O
                         net (fo=1, routed)           0.323     0.870    _sys_clock_ibufds_O
    BUFGCE_X1Y129        BUFGCE (Prop_BUFCE_BUFGCE_I_O)
                                                      0.028     0.898 r  _sys_clock_ibufds_O_BUFG_inst/O
                         net (fo=2, routed)           0.934     1.832    harnessSysPLL/inst/clk_in1
    MMCM_X1Y5            MMCME4_ADV (Prop_MMCM_CLKIN1_CLKOUT0)
                                                     -0.127     1.705 r  harnessSysPLL/inst/mmcme4_adv_inst/CLKOUT0
                         net (fo=1, routed)           0.245     1.950    harnessSysPLL/inst/clk_out1_harnessSysPLL
    BUFGCE_X1Y137        BUFGCE (Prop_BUFCE_BUFGCE_I_O)
                                                      0.028     1.978 r  harnessSysPLL/inst/clkout1_buf/O
    X1Y2 (CLOCK_ROOT)    net (fo=29752, routed)       2.672     4.650    chiptop0/system/tile_prci_domain/element_reset_domain_rockettile/fpuOpt/clk_out1
    SLICE_X68Y324        FDRE                                         r  chiptop0/system/tile_prci_domain/element_reset_domain_rockettile/fpuOpt/mem_reg_inst_reg[7]/C
                         clock pessimism              0.206     4.855    
    SLICE_X68Y324        FDRE (Hold_FFF_SLICEL_C_D)
                                                      0.060     4.915    chiptop0/system/tile_prci_domain/element_reset_domain_rockettile/fpuOpt/mem_reg_inst_reg[7]
  -------------------------------------------------------------------
                         required time                         -4.915    
                         arrival time                           4.930    
  -------------------------------------------------------------------
                         slack                                  0.014    

Slack (MET) :             0.015ns  (arrival time - required time)
  Source:                 chiptop0/system/tile_prci_domain/element_reset_domain_rockettile/dcache/tlb_r_refill_tag_reg[8]/C
                            (rising edge-triggered cell FDRE clocked by clk_out1_harnessSysPLL  {rise@0.000ns fall@9.999ns period=19.998ns})
  Destination:            chiptop0/system/tile_prci_domain/element_reset_domain_rockettile/dcache/tlb_sectored_entries_0_7_tag_vpn_reg[8]/D
                            (rising edge-triggered cell FDRE clocked by clk_out1_harnessSysPLL  {rise@0.000ns fall@9.999ns period=19.998ns})
  Path Group:             clk_out1_harnessSysPLL
  Path Type:              Hold (Min at Slow Process Corner)
  Requirement:            0.000ns  (clk_out1_harnessSysPLL rise@0.000ns - clk_out1_harnessSysPLL rise@0.000ns)
  Data Path Delay:        0.190ns  (logic 0.058ns (30.526%)  route 0.132ns (69.474%))
  Logic Levels:           0  
  Clock Path Skew:        0.115ns (DCD - SCD - CPR)
    Destination Clock Delay (DCD):    4.663ns
    Source Clock Delay      (SCD):    4.816ns
    Clock Pessimism Removal (CPR):    -0.268ns
  Clock Net Delay (Source):      2.373ns (routing 1.148ns, distribution 1.225ns)
  Clock Net Delay (Destination): 2.685ns (routing 1.265ns, distribution 1.420ns)

    Location             Delay type                Incr(ns)  Path(ns)    Netlist Resource(s)
  -------------------------------------------------------------------    -------------------
                         (clock clk_out1_harnessSysPLL rise edge)
                                                      0.000     0.000 r  
    H11                                               0.000     0.000 r  sys_clock_p (IN)
                         net (fo=0)                   0.000     0.000    sys_clock_ibufds/I
    HPIOBDIFFINBUF_X1Y132
                         DIFFINBUF (Prop_DIFFINBUF_HPIOBDIFFINBUF_DIFF_IN_P_O)
                                                      0.401     0.401 r  sys_clock_ibufds/DIFFINBUF_INST/O
                         net (fo=1, routed)           0.040     0.441    sys_clock_ibufds/OUT
    H11                  IBUFCTRL (Prop_IBUFCTRL_HPIOB_M_I_O)
                                                      0.000     0.441 r  sys_clock_ibufds/IBUFCTRL_INST/O
                         net (fo=1, routed)           0.286     0.727    _sys_clock_ibufds_O
    BUFGCE_X1Y129        BUFGCE (Prop_BUFCE_BUFGCE_I_O)
                                                      0.024     0.751 r  _sys_clock_ibufds_O_BUFG_inst/O
                         net (fo=2, routed)           0.822     1.573    harnessSysPLL/inst/clk_in1
    MMCM_X1Y5            MMCME4_ADV (Prop_MMCM_CLKIN1_CLKOUT0)
                                                      0.630     2.203 r  harnessSysPLL/inst/mmcme4_adv_inst/CLKOUT0
                         net (fo=1, routed)           0.216     2.419    harnessSysPLL/inst/clk_out1_harnessSysPLL
    BUFGCE_X1Y137        BUFGCE (Prop_BUFCE_BUFGCE_I_O)
                                                      0.024     2.443 r  harnessSysPLL/inst/clkout1_buf/O
    X1Y2 (CLOCK_ROOT)    net (fo=29752, routed)       2.373     4.816    chiptop0/system/tile_prci_domain/element_reset_domain_rockettile/dcache/clk_out1
    SLICE_X86Y268        FDRE                                         r  chiptop0/system/tile_prci_domain/element_reset_domain_rockettile/dcache/tlb_r_refill_tag_reg[8]/C
  -------------------------------------------------------------------    -------------------
    SLICE_X86Y268        FDRE (Prop_EFF_SLICEM_C_Q)
                                                      0.058     4.874 r  chiptop0/system/tile_prci_domain/element_reset_domain_rockettile/dcache/tlb_r_refill_tag_reg[8]/Q
                         net (fo=10, routed)          0.132     5.006    chiptop0/system/tile_prci_domain/element_reset_domain_rockettile/dcache/_dcache_io_ptw_req_bits_bits_addr[8]
    SLICE_X85Y267        FDRE                                         r  chiptop0/system/tile_prci_domain/element_reset_domain_rockettile/dcache/tlb_sectored_entries_0_7_tag_vpn_reg[8]/D
  -------------------------------------------------------------------    -------------------

                         (clock clk_out1_harnessSysPLL rise edge)
                                                      0.000     0.000 r  
    H11                                               0.000     0.000 r  sys_clock_p (IN)
                         net (fo=0)                   0.000     0.000    sys_clock_ibufds/I
    HPIOBDIFFINBUF_X1Y132
                         DIFFINBUF (Prop_DIFFINBUF_HPIOBDIFFINBUF_DIFF_IN_P_O)
                                                      0.497     0.497 r  sys_clock_ibufds/DIFFINBUF_INST/O
                         net (fo=1, routed)           0.050     0.547    sys_clock_ibufds/OUT
    H11                  IBUFCTRL (Prop_IBUFCTRL_HPIOB_M_I_O)
                                                      0.000     0.547 r  sys_clock_ibufds/IBUFCTRL_INST/O
                         net (fo=1, routed)           0.323     0.870    _sys_clock_ibufds_O
    BUFGCE_X1Y129        BUFGCE (Prop_BUFCE_BUFGCE_I_O)
                                                      0.028     0.898 r  _sys_clock_ibufds_O_BUFG_inst/O
                         net (fo=2, routed)           0.934     1.832    harnessSysPLL/inst/clk_in1
    MMCM_X1Y5            MMCME4_ADV (Prop_MMCM_CLKIN1_CLKOUT0)
                                                     -0.127     1.705 r  harnessSysPLL/inst/mmcme4_adv_inst/CLKOUT0
                         net (fo=1, routed)           0.245     1.950    harnessSysPLL/inst/clk_out1_harnessSysPLL
    BUFGCE_X1Y137        BUFGCE (Prop_BUFCE_BUFGCE_I_O)
                                                      0.028     1.978 r  harnessSysPLL/inst/clkout1_buf/O
    X1Y2 (CLOCK_ROOT)    net (fo=29752, routed)       2.685     4.663    chiptop0/system/tile_prci_domain/element_reset_domain_rockettile/dcache/clk_out1
    SLICE_X85Y267        FDRE                                         r  chiptop0/system/tile_prci_domain/element_reset_domain_rockettile/dcache/tlb_sectored_entries_0_7_tag_vpn_reg[8]/C
                         clock pessimism              0.268     4.931    
    SLICE_X85Y267        FDRE (Hold_HFF_SLICEL_C_D)
                                                      0.060     4.991    chiptop0/system/tile_prci_domain/element_reset_domain_rockettile/dcache/tlb_sectored_entries_0_7_tag_vpn_reg[8]
  -------------------------------------------------------------------
                         required time                         -4.991    
                         arrival time                           5.006    
  -------------------------------------------------------------------
                         slack                                  0.015    

Slack (MET) :             0.015ns  (arrival time - required time)
  Source:                 chiptop0/system/tile_prci_domain/element_reset_domain_rockettile/frontend/s2_btb_resp_bits_entry_reg[0]/C
                            (rising edge-triggered cell FDRE clocked by clk_out1_harnessSysPLL  {rise@0.000ns fall@9.999ns period=19.998ns})
  Destination:            chiptop0/system/tile_prci_domain/element_reset_domain_rockettile/frontend/fq/elts_3_btb_entry_reg[0]/D
                            (rising edge-triggered cell FDRE clocked by clk_out1_harnessSysPLL  {rise@0.000ns fall@9.999ns period=19.998ns})
  Path Group:             clk_out1_harnessSysPLL
  Path Type:              Hold (Min at Slow Process Corner)
  Requirement:            0.000ns  (clk_out1_harnessSysPLL rise@0.000ns - clk_out1_harnessSysPLL rise@0.000ns)
  Data Path Delay:        0.173ns  (logic 0.091ns (52.601%)  route 0.082ns (47.399%))
  Logic Levels:           1  (LUT4=1)
  Clock Path Skew:        0.096ns (DCD - SCD - CPR)
    Destination Clock Delay (DCD):    4.759ns
    Source Clock Delay      (SCD):    4.918ns
    Clock Pessimism Removal (CPR):    -0.255ns
  Clock Net Delay (Source):      2.475ns (routing 1.148ns, distribution 1.327ns)
  Clock Net Delay (Destination): 2.781ns (routing 1.265ns, distribution 1.516ns)

    Location             Delay type                Incr(ns)  Path(ns)    Netlist Resource(s)
  -------------------------------------------------------------------    -------------------
                         (clock clk_out1_harnessSysPLL rise edge)
                                                      0.000     0.000 r  
    H11                                               0.000     0.000 r  sys_clock_p (IN)
                         net (fo=0)                   0.000     0.000    sys_clock_ibufds/I
    HPIOBDIFFINBUF_X1Y132
                         DIFFINBUF (Prop_DIFFINBUF_HPIOBDIFFINBUF_DIFF_IN_P_O)
                                                      0.401     0.401 r  sys_clock_ibufds/DIFFINBUF_INST/O
                         net (fo=1, routed)           0.040     0.441    sys_clock_ibufds/OUT
    H11                  IBUFCTRL (Prop_IBUFCTRL_HPIOB_M_I_O)
                                                      0.000     0.441 r  sys_clock_ibufds/IBUFCTRL_INST/O
                         net (fo=1, routed)           0.286     0.727    _sys_clock_ibufds_O
    BUFGCE_X1Y129        BUFGCE (Prop_BUFCE_BUFGCE_I_O)
                                                      0.024     0.751 r  _sys_clock_ibufds_O_BUFG_inst/O
                         net (fo=2, routed)           0.822     1.573    harnessSysPLL/inst/clk_in1
    MMCM_X1Y5            MMCME4_ADV (Prop_MMCM_CLKIN1_CLKOUT0)
                                                      0.630     2.203 r  harnessSysPLL/inst/mmcme4_adv_inst/CLKOUT0
                         net (fo=1, routed)           0.216     2.419    harnessSysPLL/inst/clk_out1_harnessSysPLL
    BUFGCE_X1Y137        BUFGCE (Prop_BUFCE_BUFGCE_I_O)
                                                      0.024     2.443 r  harnessSysPLL/inst/clkout1_buf/O
    X1Y2 (CLOCK_ROOT)    net (fo=29752, routed)       2.475     4.918    chiptop0/system/tile_prci_domain/element_reset_domain_rockettile/frontend/clk_out1
    SLICE_X93Y303        FDRE                                         r  chiptop0/system/tile_prci_domain/element_reset_domain_rockettile/frontend/s2_btb_resp_bits_entry_reg[0]/C
  -------------------------------------------------------------------    -------------------
    SLICE_X93Y303        FDRE (Prop_HFF2_SLICEM_C_Q)
                                                      0.059     4.977 r  chiptop0/system/tile_prci_domain/element_reset_domain_rockettile/frontend/s2_btb_resp_bits_entry_reg[0]/Q
                         net (fo=6, routed)           0.073     5.050    chiptop0/system/tile_prci_domain/element_reset_domain_rockettile/frontend/fq/Q[0]
    SLICE_X92Y303        LUT4 (Prop_C5LUT_SLICEL_I0_O)
                                                      0.032     5.082 r  chiptop0/system/tile_prci_domain/element_reset_domain_rockettile/frontend/fq/elts_3_btb_entry[0]_i_1/O
                         net (fo=1, routed)           0.009     5.091    chiptop0/system/tile_prci_domain/element_reset_domain_rockettile/frontend/fq/elts_3_btb_entry[0]_i_1_n_0
    SLICE_X92Y303        FDRE                                         r  chiptop0/system/tile_prci_domain/element_reset_domain_rockettile/frontend/fq/elts_3_btb_entry_reg[0]/D
  -------------------------------------------------------------------    -------------------

                         (clock clk_out1_harnessSysPLL rise edge)
                                                      0.000     0.000 r  
    H11                                               0.000     0.000 r  sys_clock_p (IN)
                         net (fo=0)                   0.000     0.000    sys_clock_ibufds/I
    HPIOBDIFFINBUF_X1Y132
                         DIFFINBUF (Prop_DIFFINBUF_HPIOBDIFFINBUF_DIFF_IN_P_O)
                                                      0.497     0.497 r  sys_clock_ibufds/DIFFINBUF_INST/O
                         net (fo=1, routed)           0.050     0.547    sys_clock_ibufds/OUT
    H11                  IBUFCTRL (Prop_IBUFCTRL_HPIOB_M_I_O)
                                                      0.000     0.547 r  sys_clock_ibufds/IBUFCTRL_INST/O
                         net (fo=1, routed)           0.323     0.870    _sys_clock_ibufds_O
    BUFGCE_X1Y129        BUFGCE (Prop_BUFCE_BUFGCE_I_O)
                                                      0.028     0.898 r  _sys_clock_ibufds_O_BUFG_inst/O
                         net (fo=2, routed)           0.934     1.832    harnessSysPLL/inst/clk_in1
    MMCM_X1Y5            MMCME4_ADV (Prop_MMCM_CLKIN1_CLKOUT0)
                                                     -0.127     1.705 r  harnessSysPLL/inst/mmcme4_adv_inst/CLKOUT0
                         net (fo=1, routed)           0.245     1.950    harnessSysPLL/inst/clk_out1_harnessSysPLL
    BUFGCE_X1Y137        BUFGCE (Prop_BUFCE_BUFGCE_I_O)
                                                      0.028     1.978 r  harnessSysPLL/inst/clkout1_buf/O
    X1Y2 (CLOCK_ROOT)    net (fo=29752, routed)       2.781     4.759    chiptop0/system/tile_prci_domain/element_reset_domain_rockettile/frontend/fq/clk_out1
    SLICE_X92Y303        FDRE                                         r  chiptop0/system/tile_prci_domain/element_reset_domain_rockettile/frontend/fq/elts_3_btb_entry_reg[0]/C
                         clock pessimism              0.255     5.013    
    SLICE_X92Y303        FDRE (Hold_CFF2_SLICEL_C_D)
                                                      0.062     5.075    chiptop0/system/tile_prci_domain/element_reset_domain_rockettile/frontend/fq/elts_3_btb_entry_reg[0]
  -------------------------------------------------------------------
                         required time                         -5.075    
                         arrival time                           5.091    
  -------------------------------------------------------------------
                         slack                                  0.015    

Slack (MET) :             0.016ns  (arrival time - required time)
  Source:                 chiptop0/system/tile_prci_domain/element_reset_domain_rockettile/frontend/icache/refill_paddr_reg[19]/C
                            (rising edge-triggered cell FDRE clocked by clk_out1_harnessSysPLL  {rise@0.000ns fall@9.999ns period=19.998ns})
  Destination:            chiptop0/system/tile_prci_domain/element_reset_domain_rockettile/frontend/icache/rockettile_icache_tag_array/rockettile_icache_tag_array_ext/mem_0_6/ram_reg_0_63_7_13/RAMA/I
                            (rising edge-triggered cell RAMD64E clocked by clk_out1_harnessSysPLL  {rise@0.000ns fall@9.999ns period=19.998ns})
  Path Group:             clk_out1_harnessSysPLL
  Path Type:              Hold (Min at Slow Process Corner)
  Requirement:            0.000ns  (clk_out1_harnessSysPLL rise@0.000ns - clk_out1_harnessSysPLL rise@0.000ns)
  Data Path Delay:        0.152ns  (logic 0.058ns (38.158%)  route 0.094ns (61.842%))
  Logic Levels:           0  
  Clock Path Skew:        0.061ns (DCD - SCD - CPR)
    Destination Clock Delay (DCD):    4.699ns
    Source Clock Delay      (SCD):    4.840ns
    Clock Pessimism Removal (CPR):    -0.202ns
  Clock Net Delay (Source):      2.397ns (routing 1.148ns, distribution 1.249ns)
  Clock Net Delay (Destination): 2.721ns (routing 1.265ns, distribution 1.456ns)

    Location             Delay type                Incr(ns)  Path(ns)    Netlist Resource(s)
  -------------------------------------------------------------------    -------------------
                         (clock clk_out1_harnessSysPLL rise edge)
                                                      0.000     0.000 r  
    H11                                               0.000     0.000 r  sys_clock_p (IN)
                         net (fo=0)                   0.000     0.000    sys_clock_ibufds/I
    HPIOBDIFFINBUF_X1Y132
                         DIFFINBUF (Prop_DIFFINBUF_HPIOBDIFFINBUF_DIFF_IN_P_O)
                                                      0.401     0.401 r  sys_clock_ibufds/DIFFINBUF_INST/O
                         net (fo=1, routed)           0.040     0.441    sys_clock_ibufds/OUT
    H11                  IBUFCTRL (Prop_IBUFCTRL_HPIOB_M_I_O)
                                                      0.000     0.441 r  sys_clock_ibufds/IBUFCTRL_INST/O
                         net (fo=1, routed)           0.286     0.727    _sys_clock_ibufds_O
    BUFGCE_X1Y129        BUFGCE (Prop_BUFCE_BUFGCE_I_O)
                                                      0.024     0.751 r  _sys_clock_ibufds_O_BUFG_inst/O
                         net (fo=2, routed)           0.822     1.573    harnessSysPLL/inst/clk_in1
    MMCM_X1Y5            MMCME4_ADV (Prop_MMCM_CLKIN1_CLKOUT0)
                                                      0.630     2.203 r  harnessSysPLL/inst/mmcme4_adv_inst/CLKOUT0
                         net (fo=1, routed)           0.216     2.419    harnessSysPLL/inst/clk_out1_harnessSysPLL
    BUFGCE_X1Y137        BUFGCE (Prop_BUFCE_BUFGCE_I_O)
                                                      0.024     2.443 r  harnessSysPLL/inst/clkout1_buf/O
    X1Y2 (CLOCK_ROOT)    net (fo=29752, routed)       2.397     4.840    chiptop0/system/tile_prci_domain/element_reset_domain_rockettile/frontend/icache/clk_out1
    SLICE_X85Y327        FDRE                                         r  chiptop0/system/tile_prci_domain/element_reset_domain_rockettile/frontend/icache/refill_paddr_reg[19]/C
  -------------------------------------------------------------------    -------------------
    SLICE_X85Y327        FDRE (Prop_FFF_SLICEL_C_Q)
                                                      0.058     4.898 r  chiptop0/system/tile_prci_domain/element_reset_domain_rockettile/frontend/icache/refill_paddr_reg[19]/Q
                         net (fo=9, routed)           0.094     4.992    chiptop0/system/tile_prci_domain/element_reset_domain_rockettile/frontend/icache/rockettile_icache_tag_array/rockettile_icache_tag_array_ext/mem_0_6/ram_reg_0_63_7_13/DIA
    SLICE_X84Y327        RAMD64E                                      r  chiptop0/system/tile_prci_domain/element_reset_domain_rockettile/frontend/icache/rockettile_icache_tag_array/rockettile_icache_tag_array_ext/mem_0_6/ram_reg_0_63_7_13/RAMA/I
  -------------------------------------------------------------------    -------------------

                         (clock clk_out1_harnessSysPLL rise edge)
                                                      0.000     0.000 r  
    H11                                               0.000     0.000 r  sys_clock_p (IN)
                         net (fo=0)                   0.000     0.000    sys_clock_ibufds/I
    HPIOBDIFFINBUF_X1Y132
                         DIFFINBUF (Prop_DIFFINBUF_HPIOBDIFFINBUF_DIFF_IN_P_O)
                                                      0.497     0.497 r  sys_clock_ibufds/DIFFINBUF_INST/O
                         net (fo=1, routed)           0.050     0.547    sys_clock_ibufds/OUT
    H11                  IBUFCTRL (Prop_IBUFCTRL_HPIOB_M_I_O)
                                                      0.000     0.547 r  sys_clock_ibufds/IBUFCTRL_INST/O
                         net (fo=1, routed)           0.323     0.870    _sys_clock_ibufds_O
    BUFGCE_X1Y129        BUFGCE (Prop_BUFCE_BUFGCE_I_O)
                                                      0.028     0.898 r  _sys_clock_ibufds_O_BUFG_inst/O
                         net (fo=2, routed)           0.934     1.832    harnessSysPLL/inst/clk_in1
    MMCM_X1Y5            MMCME4_ADV (Prop_MMCM_CLKIN1_CLKOUT0)
                                                     -0.127     1.705 r  harnessSysPLL/inst/mmcme4_adv_inst/CLKOUT0
                         net (fo=1, routed)           0.245     1.950    harnessSysPLL/inst/clk_out1_harnessSysPLL
    BUFGCE_X1Y137        BUFGCE (Prop_BUFCE_BUFGCE_I_O)
                                                      0.028     1.978 r  harnessSysPLL/inst/clkout1_buf/O
    X1Y2 (CLOCK_ROOT)    net (fo=29752, routed)       2.721     4.699    chiptop0/system/tile_prci_domain/element_reset_domain_rockettile/frontend/icache/rockettile_icache_tag_array/rockettile_icache_tag_array_ext/mem_0_6/ram_reg_0_63_7_13/WCLK
    SLICE_X84Y327        RAMD64E                                      r  chiptop0/system/tile_prci_domain/element_reset_domain_rockettile/frontend/icache/rockettile_icache_tag_array/rockettile_icache_tag_array_ext/mem_0_6/ram_reg_0_63_7_13/RAMA/CLK
                         clock pessimism              0.202     4.901    
    SLICE_X84Y327        RAMD64E (Hold_A6LUT_SLICEM_CLK_I)
                                                      0.075     4.976    chiptop0/system/tile_prci_domain/element_reset_domain_rockettile/frontend/icache/rockettile_icache_tag_array/rockettile_icache_tag_array_ext/mem_0_6/ram_reg_0_63_7_13/RAMA
  -------------------------------------------------------------------
                         required time                         -4.976    
                         arrival time                           4.992    
  -------------------------------------------------------------------
                         slack                                  0.016    

Slack (MET) :             0.016ns  (arrival time - required time)
  Source:                 chiptop0/system/uartClockDomainWrapper/uart_0/rxm/shifter_reg[3]/C
                            (rising edge-triggered cell FDRE clocked by clk_out1_harnessSysPLL  {rise@0.000ns fall@9.999ns period=19.998ns})
  Destination:            chiptop0/system/uartClockDomainWrapper/uart_0/rxq/ram_ext/Memory_reg_0_7_0_7/RAMB_D1/I
                            (rising edge-triggered cell RAMD32 clocked by clk_out1_harnessSysPLL  {rise@0.000ns fall@9.999ns period=19.998ns})
  Path Group:             clk_out1_harnessSysPLL
  Path Type:              Hold (Min at Slow Process Corner)
  Requirement:            0.000ns  (clk_out1_harnessSysPLL rise@0.000ns - clk_out1_harnessSysPLL rise@0.000ns)
  Data Path Delay:        0.142ns  (logic 0.060ns (42.253%)  route 0.082ns (57.746%))
  Logic Levels:           0  
  Clock Path Skew:        0.066ns (DCD - SCD - CPR)
    Destination Clock Delay (DCD):    4.770ns
    Source Clock Delay      (SCD):    4.913ns
    Clock Pessimism Removal (CPR):    -0.209ns
  Clock Net Delay (Source):      2.470ns (routing 1.148ns, distribution 1.322ns)
  Clock Net Delay (Destination): 2.792ns (routing 1.265ns, distribution 1.527ns)

    Location             Delay type                Incr(ns)  Path(ns)    Netlist Resource(s)
  -------------------------------------------------------------------    -------------------
                         (clock clk_out1_harnessSysPLL rise edge)
                                                      0.000     0.000 r  
    H11                                               0.000     0.000 r  sys_clock_p (IN)
                         net (fo=0)                   0.000     0.000    sys_clock_ibufds/I
    HPIOBDIFFINBUF_X1Y132
                         DIFFINBUF (Prop_DIFFINBUF_HPIOBDIFFINBUF_DIFF_IN_P_O)
                                                      0.401     0.401 r  sys_clock_ibufds/DIFFINBUF_INST/O
                         net (fo=1, routed)           0.040     0.441    sys_clock_ibufds/OUT
    H11                  IBUFCTRL (Prop_IBUFCTRL_HPIOB_M_I_O)
                                                      0.000     0.441 r  sys_clock_ibufds/IBUFCTRL_INST/O
                         net (fo=1, routed)           0.286     0.727    _sys_clock_ibufds_O
    BUFGCE_X1Y129        BUFGCE (Prop_BUFCE_BUFGCE_I_O)
                                                      0.024     0.751 r  _sys_clock_ibufds_O_BUFG_inst/O
                         net (fo=2, routed)           0.822     1.573    harnessSysPLL/inst/clk_in1
    MMCM_X1Y5            MMCME4_ADV (Prop_MMCM_CLKIN1_CLKOUT0)
                                                      0.630     2.203 r  harnessSysPLL/inst/mmcme4_adv_inst/CLKOUT0
                         net (fo=1, routed)           0.216     2.419    harnessSysPLL/inst/clk_out1_harnessSysPLL
    BUFGCE_X1Y137        BUFGCE (Prop_BUFCE_BUFGCE_I_O)
                                                      0.024     2.443 r  harnessSysPLL/inst/clkout1_buf/O
    X1Y2 (CLOCK_ROOT)    net (fo=29752, routed)       2.470     4.913    chiptop0/system/uartClockDomainWrapper/uart_0/rxm/clk_out1
    SLICE_X104Y218       FDRE                                         r  chiptop0/system/uartClockDomainWrapper/uart_0/rxm/shifter_reg[3]/C
  -------------------------------------------------------------------    -------------------
    SLICE_X104Y218       FDRE (Prop_FFF2_SLICEM_C_Q)
                                                      0.060     4.973 r  chiptop0/system/uartClockDomainWrapper/uart_0/rxm/shifter_reg[3]/Q
                         net (fo=2, routed)           0.082     5.055    chiptop0/system/uartClockDomainWrapper/uart_0/rxq/ram_ext/Memory_reg_0_7_0_7/DIB1
    SLICE_X104Y219       RAMD32                                       r  chiptop0/system/uartClockDomainWrapper/uart_0/rxq/ram_ext/Memory_reg_0_7_0_7/RAMB_D1/I
  -------------------------------------------------------------------    -------------------

                         (clock clk_out1_harnessSysPLL rise edge)
                                                      0.000     0.000 r  
    H11                                               0.000     0.000 r  sys_clock_p (IN)
                         net (fo=0)                   0.000     0.000    sys_clock_ibufds/I
    HPIOBDIFFINBUF_X1Y132
                         DIFFINBUF (Prop_DIFFINBUF_HPIOBDIFFINBUF_DIFF_IN_P_O)
                                                      0.497     0.497 r  sys_clock_ibufds/DIFFINBUF_INST/O
                         net (fo=1, routed)           0.050     0.547    sys_clock_ibufds/OUT
    H11                  IBUFCTRL (Prop_IBUFCTRL_HPIOB_M_I_O)
                                                      0.000     0.547 r  sys_clock_ibufds/IBUFCTRL_INST/O
                         net (fo=1, routed)           0.323     0.870    _sys_clock_ibufds_O
    BUFGCE_X1Y129        BUFGCE (Prop_BUFCE_BUFGCE_I_O)
                                                      0.028     0.898 r  _sys_clock_ibufds_O_BUFG_inst/O
                         net (fo=2, routed)           0.934     1.832    harnessSysPLL/inst/clk_in1
    MMCM_X1Y5            MMCME4_ADV (Prop_MMCM_CLKIN1_CLKOUT0)
                                                     -0.127     1.705 r  harnessSysPLL/inst/mmcme4_adv_inst/CLKOUT0
                         net (fo=1, routed)           0.245     1.950    harnessSysPLL/inst/clk_out1_harnessSysPLL
    BUFGCE_X1Y137        BUFGCE (Prop_BUFCE_BUFGCE_I_O)
                                                      0.028     1.978 r  harnessSysPLL/inst/clkout1_buf/O
    X1Y2 (CLOCK_ROOT)    net (fo=29752, routed)       2.792     4.770    chiptop0/system/uartClockDomainWrapper/uart_0/rxq/ram_ext/Memory_reg_0_7_0_7/WCLK
    SLICE_X104Y219       RAMD32                                       r  chiptop0/system/uartClockDomainWrapper/uart_0/rxq/ram_ext/Memory_reg_0_7_0_7/RAMB_D1/CLK
                         clock pessimism              0.209     4.978    
    SLICE_X104Y219       RAMD32 (Hold_B6LUT_SLICEM_CLK_I)
                                                      0.060     5.038    chiptop0/system/uartClockDomainWrapper/uart_0/rxq/ram_ext/Memory_reg_0_7_0_7/RAMB_D1
  -------------------------------------------------------------------
                         required time                         -5.038    
                         arrival time                           5.055    
  -------------------------------------------------------------------
                         slack                                  0.016    

Slack (MET) :             0.016ns  (arrival time - required time)
  Source:                 chiptop0/system/coh_wrapper/l2/inclusive_cache_bank_sched/sourceD/s3_pdata_data_reg[20]/C
                            (rising edge-triggered cell FDRE clocked by clk_out1_harnessSysPLL  {rise@0.000ns fall@9.999ns period=19.998ns})
  Destination:            chiptop0/system/coh_wrapper/l2/inclusive_cache_bank_sched/sourceD/s4_pdata_data_reg[20]/D
                            (rising edge-triggered cell FDRE clocked by clk_out1_harnessSysPLL  {rise@0.000ns fall@9.999ns period=19.998ns})
  Path Group:             clk_out1_harnessSysPLL
  Path Type:              Hold (Min at Slow Process Corner)
  Requirement:            0.000ns  (clk_out1_harnessSysPLL rise@0.000ns - clk_out1_harnessSysPLL rise@0.000ns)
  Data Path Delay:        0.161ns  (logic 0.060ns (37.267%)  route 0.101ns (62.733%))
  Logic Levels:           0  
  Clock Path Skew:        0.085ns (DCD - SCD - CPR)
    Destination Clock Delay (DCD):    4.602ns
    Source Clock Delay      (SCD):    4.791ns
    Clock Pessimism Removal (CPR):    -0.274ns
  Clock Net Delay (Source):      2.348ns (routing 1.148ns, distribution 1.200ns)
  Clock Net Delay (Destination): 2.624ns (routing 1.265ns, distribution 1.359ns)

    Location             Delay type                Incr(ns)  Path(ns)    Netlist Resource(s)
  -------------------------------------------------------------------    -------------------
                         (clock clk_out1_harnessSysPLL rise edge)
                                                      0.000     0.000 r  
    H11                                               0.000     0.000 r  sys_clock_p (IN)
                         net (fo=0)                   0.000     0.000    sys_clock_ibufds/I
    HPIOBDIFFINBUF_X1Y132
                         DIFFINBUF (Prop_DIFFINBUF_HPIOBDIFFINBUF_DIFF_IN_P_O)
                                                      0.401     0.401 r  sys_clock_ibufds/DIFFINBUF_INST/O
                         net (fo=1, routed)           0.040     0.441    sys_clock_ibufds/OUT
    H11                  IBUFCTRL (Prop_IBUFCTRL_HPIOB_M_I_O)
                                                      0.000     0.441 r  sys_clock_ibufds/IBUFCTRL_INST/O
                         net (fo=1, routed)           0.286     0.727    _sys_clock_ibufds_O
    BUFGCE_X1Y129        BUFGCE (Prop_BUFCE_BUFGCE_I_O)
                                                      0.024     0.751 r  _sys_clock_ibufds_O_BUFG_inst/O
                         net (fo=2, routed)           0.822     1.573    harnessSysPLL/inst/clk_in1
    MMCM_X1Y5            MMCME4_ADV (Prop_MMCM_CLKIN1_CLKOUT0)
                                                      0.630     2.203 r  harnessSysPLL/inst/mmcme4_adv_inst/CLKOUT0
                         net (fo=1, routed)           0.216     2.419    harnessSysPLL/inst/clk_out1_harnessSysPLL
    BUFGCE_X1Y137        BUFGCE (Prop_BUFCE_BUFGCE_I_O)
                                                      0.024     2.443 r  harnessSysPLL/inst/clkout1_buf/O
    X1Y2 (CLOCK_ROOT)    net (fo=29752, routed)       2.348     4.791    chiptop0/system/coh_wrapper/l2/inclusive_cache_bank_sched/sourceD/clk_out1
    SLICE_X73Y204        FDRE                                         r  chiptop0/system/coh_wrapper/l2/inclusive_cache_bank_sched/sourceD/s3_pdata_data_reg[20]/C
  -------------------------------------------------------------------    -------------------
    SLICE_X73Y204        FDRE (Prop_BFF2_SLICEM_C_Q)
                                                      0.060     4.851 r  chiptop0/system/coh_wrapper/l2/inclusive_cache_bank_sched/sourceD/s3_pdata_data_reg[20]/Q
                         net (fo=1, routed)           0.101     4.952    chiptop0/system/coh_wrapper/l2/inclusive_cache_bank_sched/sourceD/s3_pdata_data[20]
    SLICE_X74Y204        FDRE                                         r  chiptop0/system/coh_wrapper/l2/inclusive_cache_bank_sched/sourceD/s4_pdata_data_reg[20]/D
  -------------------------------------------------------------------    -------------------

                         (clock clk_out1_harnessSysPLL rise edge)
                                                      0.000     0.000 r  
    H11                                               0.000     0.000 r  sys_clock_p (IN)
                         net (fo=0)                   0.000     0.000    sys_clock_ibufds/I
    HPIOBDIFFINBUF_X1Y132
                         DIFFINBUF (Prop_DIFFINBUF_HPIOBDIFFINBUF_DIFF_IN_P_O)
                                                      0.497     0.497 r  sys_clock_ibufds/DIFFINBUF_INST/O
                         net (fo=1, routed)           0.050     0.547    sys_clock_ibufds/OUT
    H11                  IBUFCTRL (Prop_IBUFCTRL_HPIOB_M_I_O)
                                                      0.000     0.547 r  sys_clock_ibufds/IBUFCTRL_INST/O
                         net (fo=1, routed)           0.323     0.870    _sys_clock_ibufds_O
    BUFGCE_X1Y129        BUFGCE (Prop_BUFCE_BUFGCE_I_O)
                                                      0.028     0.898 r  _sys_clock_ibufds_O_BUFG_inst/O
                         net (fo=2, routed)           0.934     1.832    harnessSysPLL/inst/clk_in1
    MMCM_X1Y5            MMCME4_ADV (Prop_MMCM_CLKIN1_CLKOUT0)
                                                     -0.127     1.705 r  harnessSysPLL/inst/mmcme4_adv_inst/CLKOUT0
                         net (fo=1, routed)           0.245     1.950    harnessSysPLL/inst/clk_out1_harnessSysPLL
    BUFGCE_X1Y137        BUFGCE (Prop_BUFCE_BUFGCE_I_O)
                                                      0.028     1.978 r  harnessSysPLL/inst/clkout1_buf/O
    X1Y2 (CLOCK_ROOT)    net (fo=29752, routed)       2.624     4.602    chiptop0/system/coh_wrapper/l2/inclusive_cache_bank_sched/sourceD/clk_out1
    SLICE_X74Y204        FDRE                                         r  chiptop0/system/coh_wrapper/l2/inclusive_cache_bank_sched/sourceD/s4_pdata_data_reg[20]/C
                         clock pessimism              0.274     4.875    
    SLICE_X74Y204        FDRE (Hold_FFF_SLICEM_C_D)
                                                      0.060     4.935    chiptop0/system/coh_wrapper/l2/inclusive_cache_bank_sched/sourceD/s4_pdata_data_reg[20]
  -------------------------------------------------------------------
                         required time                         -4.935    
                         arrival time                           4.952    
  -------------------------------------------------------------------
                         slack                                  0.016    





Pulse Width Checks
--------------------------------------------------------------------------------------
Clock Name:         clk_out1_harnessSysPLL
Waveform(ns):       { 0.000 9.999 }
Period(ns):         19.998
Sources:            { harnessSysPLL/inst/mmcme4_adv_inst/CLKOUT0 }

Check Type        Corner  Lib Pin             Reference Pin  Required(ns)  Actual(ns)  Slack(ns)  Location               Pin
Min Period        n/a     FDRE/C              n/a            3.195         19.998      16.803     BITSLICE_RX_TX_X1Y217  chiptop0/system/spiClockDomainWrapper/spi_0/mac/cs_dflt_0_reg/C
Min Period        n/a     FDRE/C              n/a            3.195         19.998      16.803     BITSLICE_RX_TX_X1Y288  chiptop0/system/spiClockDomainWrapper/spi_0/mac/phy/txd_reg[0]/C
Min Period        n/a     PS8/SAXIGP2RCLK     n/a            3.000         19.998      16.998     PS8_X0Y0               ps/island/blackbox/inst/PS8_i/SAXIGP2RCLK
Min Period        n/a     PS8/SAXIGP2WCLK     n/a            3.000         19.998      16.998     PS8_X0Y0               ps/island/blackbox/inst/PS8_i/SAXIGP2WCLK
Min Period        n/a     RAMB36E2/CLKARDCLK  n/a            1.569         19.998      18.429     RAMB36_X1Y24           chiptop0/system/bank/ram/mem/mem_ext/mem_0_0/ram_reg_bram_0/CLKARDCLK
Min Period        n/a     RAMB36E2/CLKARDCLK  n/a            1.569         19.998      18.429     RAMB36_X1Y25           chiptop0/system/bank/ram/mem/mem_ext/mem_0_0/ram_reg_bram_1/CLKARDCLK
Min Period        n/a     RAMB36E2/CLKARDCLK  n/a            1.569         19.998      18.429     RAMB36_X1Y22           chiptop0/system/bank/ram/mem/mem_ext/mem_0_1/ram_reg_bram_0/CLKARDCLK
Min Period        n/a     RAMB36E2/CLKARDCLK  n/a            1.569         19.998      18.429     RAMB36_X1Y23           chiptop0/system/bank/ram/mem/mem_ext/mem_0_1/ram_reg_bram_1/CLKARDCLK
Min Period        n/a     RAMB36E2/CLKARDCLK  n/a            1.569         19.998      18.429     RAMB36_X1Y20           chiptop0/system/bank/ram/mem/mem_ext/mem_0_2/ram_reg_bram_0/CLKARDCLK
Min Period        n/a     RAMB36E2/CLKARDCLK  n/a            1.569         19.998      18.429     RAMB36_X1Y21           chiptop0/system/bank/ram/mem/mem_ext/mem_0_2/ram_reg_bram_1/CLKARDCLK
Low Pulse Width   Slow    PS8/SAXIGP2RCLK     n/a            1.500         9.999       8.499      PS8_X0Y0               ps/island/blackbox/inst/PS8_i/SAXIGP2RCLK
Low Pulse Width   Fast    PS8/SAXIGP2RCLK     n/a            1.500         9.999       8.499      PS8_X0Y0               ps/island/blackbox/inst/PS8_i/SAXIGP2RCLK
Low Pulse Width   Slow    PS8/SAXIGP2WCLK     n/a            1.500         9.999       8.499      PS8_X0Y0               ps/island/blackbox/inst/PS8_i/SAXIGP2WCLK
Low Pulse Width   Fast    PS8/SAXIGP2WCLK     n/a            1.500         9.999       8.499      PS8_X0Y0               ps/island/blackbox/inst/PS8_i/SAXIGP2WCLK
Low Pulse Width   Slow    FDRE/C              n/a            1.438         9.999       8.561      BITSLICE_RX_TX_X1Y217  chiptop0/system/spiClockDomainWrapper/spi_0/mac/cs_dflt_0_reg/C
Low Pulse Width   Fast    FDRE/C              n/a            1.438         9.999       8.561      BITSLICE_RX_TX_X1Y217  chiptop0/system/spiClockDomainWrapper/spi_0/mac/cs_dflt_0_reg/C
Low Pulse Width   Slow    FDRE/C              n/a            1.438         9.999       8.561      BITSLICE_RX_TX_X1Y288  chiptop0/system/spiClockDomainWrapper/spi_0/mac/phy/txd_reg[0]/C
Low Pulse Width   Fast    FDRE/C              n/a            1.438         9.999       8.561      BITSLICE_RX_TX_X1Y288  chiptop0/system/spiClockDomainWrapper/spi_0/mac/phy/txd_reg[0]/C
Low Pulse Width   Slow    RAMB36E2/CLKARDCLK  n/a            0.542         9.999       9.457      RAMB36_X1Y24           chiptop0/system/bank/ram/mem/mem_ext/mem_0_0/ram_reg_bram_0/CLKARDCLK
Low Pulse Width   Fast    RAMB36E2/CLKARDCLK  n/a            0.542         9.999       9.457      RAMB36_X1Y24           chiptop0/system/bank/ram/mem/mem_ext/mem_0_0/ram_reg_bram_0/CLKARDCLK
High Pulse Width  Slow    PS8/SAXIGP2RCLK     n/a            1.500         9.999       8.499      PS8_X0Y0               ps/island/blackbox/inst/PS8_i/SAXIGP2RCLK
High Pulse Width  Fast    PS8/SAXIGP2RCLK     n/a            1.500         9.999       8.499      PS8_X0Y0               ps/island/blackbox/inst/PS8_i/SAXIGP2RCLK
High Pulse Width  Slow    PS8/SAXIGP2WCLK     n/a            1.500         9.999       8.499      PS8_X0Y0               ps/island/blackbox/inst/PS8_i/SAXIGP2WCLK
High Pulse Width  Fast    PS8/SAXIGP2WCLK     n/a            1.500         9.999       8.499      PS8_X0Y0               ps/island/blackbox/inst/PS8_i/SAXIGP2WCLK
High Pulse Width  Slow    FDRE/C              n/a            1.438         9.999       8.561      BITSLICE_RX_TX_X1Y217  chiptop0/system/spiClockDomainWrapper/spi_0/mac/cs_dflt_0_reg/C
High Pulse Width  Fast    FDRE/C              n/a            1.438         9.999       8.561      BITSLICE_RX_TX_X1Y217  chiptop0/system/spiClockDomainWrapper/spi_0/mac/cs_dflt_0_reg/C
High Pulse Width  Slow    FDRE/C              n/a            1.438         9.999       8.561      BITSLICE_RX_TX_X1Y288  chiptop0/system/spiClockDomainWrapper/spi_0/mac/phy/txd_reg[0]/C
High Pulse Width  Fast    FDRE/C              n/a            1.438         9.999       8.561      BITSLICE_RX_TX_X1Y288  chiptop0/system/spiClockDomainWrapper/spi_0/mac/phy/txd_reg[0]/C
High Pulse Width  Slow    RAMB36E2/CLKARDCLK  n/a            0.542         9.999       9.457      RAMB36_X1Y24           chiptop0/system/bank/ram/mem/mem_ext/mem_0_0/ram_reg_bram_0/CLKARDCLK
High Pulse Width  Fast    RAMB36E2/CLKARDCLK  n/a            0.542         9.999       9.457      RAMB36_X1Y24           chiptop0/system/bank/ram/mem/mem_ext/mem_0_0/ram_reg_bram_0/CLKARDCLK



---------------------------------------------------------------------------------------------------
Path Group:  **async_default**
From Clock:  clk_out1_harnessSysPLL
  To Clock:  clk_out1_harnessSysPLL

Setup :            0  Failing Endpoints,  Worst Slack       15.859ns,  Total Violation        0.000ns
Hold  :            0  Failing Endpoints,  Worst Slack        0.177ns,  Total Violation        0.000ns
---------------------------------------------------------------------------------------------------


Max Delay Paths
--------------------------------------------------------------------------------------
Slack (MET) :             15.859ns  (required time - arrival time)
  Source:                 dutWrangler/nodeOut_reset_catcher/io_sync_reset_chain/output_chain/sync_0_reg/C
                            (rising edge-triggered cell FDCE clocked by clk_out1_harnessSysPLL  {rise@0.000ns fall@9.999ns period=19.998ns})
  Destination:            ps/axi4asource/nodeOut_w_source/ready_reg_reg/CLR
                            (recovery check against rising-edge clock clk_out1_harnessSysPLL  {rise@0.000ns fall@9.999ns period=19.998ns})
  Path Group:             **async_default**
  Path Type:              Recovery (Max at Slow Process Corner)
  Requirement:            19.998ns  (clk_out1_harnessSysPLL rise@19.998ns - clk_out1_harnessSysPLL rise@0.000ns)
  Data Path Delay:        3.676ns  (logic 0.076ns (2.067%)  route 3.600ns (97.933%))
  Logic Levels:           0  
  Clock Path Skew:        -0.303ns (DCD - SCD + CPR)
    Destination Clock Delay (DCD):    4.666ns = ( 24.664 - 19.998 ) 
    Source Clock Delay      (SCD):    4.621ns
    Clock Pessimism Removal (CPR):    -0.348ns
  Clock Uncertainty:      0.094ns  ((TSJ^2 + DJ^2)^1/2) / 2 + PE
    Total System Jitter     (TSJ):    0.071ns
    Discrete Jitter          (DJ):    0.174ns
    Phase Error              (PE):    0.000ns
  Clock Net Delay (Source):      2.643ns (routing 1.265ns, distribution 1.378ns)
  Clock Net Delay (Destination): 2.223ns (routing 1.148ns, distribution 1.075ns)

    Location             Delay type                Incr(ns)  Path(ns)    Netlist Resource(s)
  -------------------------------------------------------------------    -------------------
                         (clock clk_out1_harnessSysPLL rise edge)
                                                      0.000     0.000 r  
    H11                                               0.000     0.000 r  sys_clock_p (IN)
                         net (fo=0)                   0.000     0.000    sys_clock_ibufds/I
    HPIOBDIFFINBUF_X1Y132
                         DIFFINBUF (Prop_DIFFINBUF_HPIOBDIFFINBUF_DIFF_IN_P_O)
                                                      0.497     0.497 r  sys_clock_ibufds/DIFFINBUF_INST/O
                         net (fo=1, routed)           0.050     0.547    sys_clock_ibufds/OUT
    H11                  IBUFCTRL (Prop_IBUFCTRL_HPIOB_M_I_O)
                                                      0.000     0.547 r  sys_clock_ibufds/IBUFCTRL_INST/O
                         net (fo=1, routed)           0.323     0.870    _sys_clock_ibufds_O
    BUFGCE_X1Y129        BUFGCE (Prop_BUFCE_BUFGCE_I_O)
                                                      0.028     0.898 r  _sys_clock_ibufds_O_BUFG_inst/O
                         net (fo=2, routed)           0.934     1.832    harnessSysPLL/inst/clk_in1
    MMCM_X1Y5            MMCME4_ADV (Prop_MMCM_CLKIN1_CLKOUT0)
                                                     -0.127     1.705 r  harnessSysPLL/inst/mmcme4_adv_inst/CLKOUT0
                         net (fo=1, routed)           0.245     1.950    harnessSysPLL/inst/clk_out1_harnessSysPLL
    BUFGCE_X1Y137        BUFGCE (Prop_BUFCE_BUFGCE_I_O)
                                                      0.028     1.978 r  harnessSysPLL/inst/clkout1_buf/O
    X1Y2 (CLOCK_ROOT)    net (fo=29752, routed)       2.643     4.621    dutWrangler/nodeOut_reset_catcher/io_sync_reset_chain/output_chain/clk_out1
    SLICE_X71Y186        FDCE                                         r  dutWrangler/nodeOut_reset_catcher/io_sync_reset_chain/output_chain/sync_0_reg/C
  -------------------------------------------------------------------    -------------------
    SLICE_X71Y186        FDCE (Prop_EFF_SLICEM_C_Q)
                                                      0.076     4.697 r  dutWrangler/nodeOut_reset_catcher/io_sync_reset_chain/output_chain/sync_0_reg/Q
                         net (fo=399, routed)         3.600     8.297    ps/axi4asource/nodeOut_w_source/_dutWrangler_auto_out_reset
    SLICE_X63Y70         FDCE                                         f  ps/axi4asource/nodeOut_w_source/ready_reg_reg/CLR  (IS_INVERTED)
  -------------------------------------------------------------------    -------------------

                         (clock clk_out1_harnessSysPLL rise edge)
                                                     19.998    19.998 r  
    H11                                               0.000    19.998 r  sys_clock_p (IN)
                         net (fo=0)                   0.000    19.998    sys_clock_ibufds/I
    HPIOBDIFFINBUF_X1Y132
                         DIFFINBUF (Prop_DIFFINBUF_HPIOBDIFFINBUF_DIFF_IN_P_O)
                                                      0.401    20.399 r  sys_clock_ibufds/DIFFINBUF_INST/O
                         net (fo=1, routed)           0.040    20.439    sys_clock_ibufds/OUT
    H11                  IBUFCTRL (Prop_IBUFCTRL_HPIOB_M_I_O)
                                                      0.000    20.439 r  sys_clock_ibufds/IBUFCTRL_INST/O
                         net (fo=1, routed)           0.286    20.725    _sys_clock_ibufds_O
    BUFGCE_X1Y129        BUFGCE (Prop_BUFCE_BUFGCE_I_O)
                                                      0.024    20.749 r  _sys_clock_ibufds_O_BUFG_inst/O
                         net (fo=2, routed)           0.822    21.571    harnessSysPLL/inst/clk_in1
    MMCM_X1Y5            MMCME4_ADV (Prop_MMCM_CLKIN1_CLKOUT0)
                                                      0.630    22.201 r  harnessSysPLL/inst/mmcme4_adv_inst/CLKOUT0
                         net (fo=1, routed)           0.216    22.417    harnessSysPLL/inst/clk_out1_harnessSysPLL
    BUFGCE_X1Y137        BUFGCE (Prop_BUFCE_BUFGCE_I_O)
                                                      0.024    22.441 r  harnessSysPLL/inst/clkout1_buf/O
    X1Y2 (CLOCK_ROOT)    net (fo=29752, routed)       2.223    24.664    ps/axi4asource/nodeOut_w_source/clk_out1
    SLICE_X63Y70         FDCE                                         r  ps/axi4asource/nodeOut_w_source/ready_reg_reg/C
                         clock pessimism             -0.348    24.316    
                         clock uncertainty           -0.094    24.222    
    SLICE_X63Y70         FDCE (Recov_CFF_SLICEM_C_CLR)
                                                     -0.066    24.156    ps/axi4asource/nodeOut_w_source/ready_reg_reg
  -------------------------------------------------------------------
                         required time                         24.156    
                         arrival time                          -8.297    
  -------------------------------------------------------------------
                         slack                                 15.859    

Slack (MET) :             15.859ns  (required time - arrival time)
  Source:                 dutWrangler/nodeOut_reset_catcher/io_sync_reset_chain/output_chain/sync_0_reg/C
                            (rising edge-triggered cell FDCE clocked by clk_out1_harnessSysPLL  {rise@0.000ns fall@9.999ns period=19.998ns})
  Destination:            ps/axi4asource/nodeOut_w_source/ridx_ridx_gray/output_chain_1/sync_0_reg/CLR
                            (recovery check against rising-edge clock clk_out1_harnessSysPLL  {rise@0.000ns fall@9.999ns period=19.998ns})
  Path Group:             **async_default**
  Path Type:              Recovery (Max at Slow Process Corner)
  Requirement:            19.998ns  (clk_out1_harnessSysPLL rise@19.998ns - clk_out1_harnessSysPLL rise@0.000ns)
  Data Path Delay:        3.676ns  (logic 0.076ns (2.067%)  route 3.600ns (97.933%))
  Logic Levels:           0  
  Clock Path Skew:        -0.303ns (DCD - SCD + CPR)
    Destination Clock Delay (DCD):    4.666ns = ( 24.664 - 19.998 ) 
    Source Clock Delay      (SCD):    4.621ns
    Clock Pessimism Removal (CPR):    -0.348ns
  Clock Uncertainty:      0.094ns  ((TSJ^2 + DJ^2)^1/2) / 2 + PE
    Total System Jitter     (TSJ):    0.071ns
    Discrete Jitter          (DJ):    0.174ns
    Phase Error              (PE):    0.000ns
  Clock Net Delay (Source):      2.643ns (routing 1.265ns, distribution 1.378ns)
  Clock Net Delay (Destination): 2.223ns (routing 1.148ns, distribution 1.075ns)

    Location             Delay type                Incr(ns)  Path(ns)    Netlist Resource(s)
  -------------------------------------------------------------------    -------------------
                         (clock clk_out1_harnessSysPLL rise edge)
                                                      0.000     0.000 r  
    H11                                               0.000     0.000 r  sys_clock_p (IN)
                         net (fo=0)                   0.000     0.000    sys_clock_ibufds/I
    HPIOBDIFFINBUF_X1Y132
                         DIFFINBUF (Prop_DIFFINBUF_HPIOBDIFFINBUF_DIFF_IN_P_O)
                                                      0.497     0.497 r  sys_clock_ibufds/DIFFINBUF_INST/O
                         net (fo=1, routed)           0.050     0.547    sys_clock_ibufds/OUT
    H11                  IBUFCTRL (Prop_IBUFCTRL_HPIOB_M_I_O)
                                                      0.000     0.547 r  sys_clock_ibufds/IBUFCTRL_INST/O
                         net (fo=1, routed)           0.323     0.870    _sys_clock_ibufds_O
    BUFGCE_X1Y129        BUFGCE (Prop_BUFCE_BUFGCE_I_O)
                                                      0.028     0.898 r  _sys_clock_ibufds_O_BUFG_inst/O
                         net (fo=2, routed)           0.934     1.832    harnessSysPLL/inst/clk_in1
    MMCM_X1Y5            MMCME4_ADV (Prop_MMCM_CLKIN1_CLKOUT0)
                                                     -0.127     1.705 r  harnessSysPLL/inst/mmcme4_adv_inst/CLKOUT0
                         net (fo=1, routed)           0.245     1.950    harnessSysPLL/inst/clk_out1_harnessSysPLL
    BUFGCE_X1Y137        BUFGCE (Prop_BUFCE_BUFGCE_I_O)
                                                      0.028     1.978 r  harnessSysPLL/inst/clkout1_buf/O
    X1Y2 (CLOCK_ROOT)    net (fo=29752, routed)       2.643     4.621    dutWrangler/nodeOut_reset_catcher/io_sync_reset_chain/output_chain/clk_out1
    SLICE_X71Y186        FDCE                                         r  dutWrangler/nodeOut_reset_catcher/io_sync_reset_chain/output_chain/sync_0_reg/C
  -------------------------------------------------------------------    -------------------
    SLICE_X71Y186        FDCE (Prop_EFF_SLICEM_C_Q)
                                                      0.076     4.697 r  dutWrangler/nodeOut_reset_catcher/io_sync_reset_chain/output_chain/sync_0_reg/Q
                         net (fo=399, routed)         3.600     8.297    ps/axi4asource/nodeOut_w_source/ridx_ridx_gray/output_chain_1/_dutWrangler_auto_out_reset
    SLICE_X63Y70         FDCE                                         f  ps/axi4asource/nodeOut_w_source/ridx_ridx_gray/output_chain_1/sync_0_reg/CLR  (IS_INVERTED)
  -------------------------------------------------------------------    -------------------

                         (clock clk_out1_harnessSysPLL rise edge)
                                                     19.998    19.998 r  
    H11                                               0.000    19.998 r  sys_clock_p (IN)
                         net (fo=0)                   0.000    19.998    sys_clock_ibufds/I
    HPIOBDIFFINBUF_X1Y132
                         DIFFINBUF (Prop_DIFFINBUF_HPIOBDIFFINBUF_DIFF_IN_P_O)
                                                      0.401    20.399 r  sys_clock_ibufds/DIFFINBUF_INST/O
                         net (fo=1, routed)           0.040    20.439    sys_clock_ibufds/OUT
    H11                  IBUFCTRL (Prop_IBUFCTRL_HPIOB_M_I_O)
                                                      0.000    20.439 r  sys_clock_ibufds/IBUFCTRL_INST/O
                         net (fo=1, routed)           0.286    20.725    _sys_clock_ibufds_O
    BUFGCE_X1Y129        BUFGCE (Prop_BUFCE_BUFGCE_I_O)
                                                      0.024    20.749 r  _sys_clock_ibufds_O_BUFG_inst/O
                         net (fo=2, routed)           0.822    21.571    harnessSysPLL/inst/clk_in1
    MMCM_X1Y5            MMCME4_ADV (Prop_MMCM_CLKIN1_CLKOUT0)
                                                      0.630    22.201 r  harnessSysPLL/inst/mmcme4_adv_inst/CLKOUT0
                         net (fo=1, routed)           0.216    22.417    harnessSysPLL/inst/clk_out1_harnessSysPLL
    BUFGCE_X1Y137        BUFGCE (Prop_BUFCE_BUFGCE_I_O)
                                                      0.024    22.441 r  harnessSysPLL/inst/clkout1_buf/O
    X1Y2 (CLOCK_ROOT)    net (fo=29752, routed)       2.223    24.664    ps/axi4asource/nodeOut_w_source/ridx_ridx_gray/output_chain_1/clk_out1
    SLICE_X63Y70         FDCE                                         r  ps/axi4asource/nodeOut_w_source/ridx_ridx_gray/output_chain_1/sync_0_reg/C
                         clock pessimism             -0.348    24.316    
                         clock uncertainty           -0.094    24.222    
    SLICE_X63Y70         FDCE (Recov_BFF_SLICEM_C_CLR)
                                                     -0.066    24.156    ps/axi4asource/nodeOut_w_source/ridx_ridx_gray/output_chain_1/sync_0_reg
  -------------------------------------------------------------------
                         required time                         24.156    
                         arrival time                          -8.297    
  -------------------------------------------------------------------
                         slack                                 15.859    

Slack (MET) :             15.859ns  (required time - arrival time)
  Source:                 dutWrangler/nodeOut_reset_catcher/io_sync_reset_chain/output_chain/sync_0_reg/C
                            (rising edge-triggered cell FDCE clocked by clk_out1_harnessSysPLL  {rise@0.000ns fall@9.999ns period=19.998ns})
  Destination:            ps/axi4asource/nodeOut_w_source/widx_gray_reg[0]/CLR
                            (recovery check against rising-edge clock clk_out1_harnessSysPLL  {rise@0.000ns fall@9.999ns period=19.998ns})
  Path Group:             **async_default**
  Path Type:              Recovery (Max at Slow Process Corner)
  Requirement:            19.998ns  (clk_out1_harnessSysPLL rise@19.998ns - clk_out1_harnessSysPLL rise@0.000ns)
  Data Path Delay:        3.676ns  (logic 0.076ns (2.067%)  route 3.600ns (97.933%))
  Logic Levels:           0  
  Clock Path Skew:        -0.303ns (DCD - SCD + CPR)
    Destination Clock Delay (DCD):    4.666ns = ( 24.664 - 19.998 ) 
    Source Clock Delay      (SCD):    4.621ns
    Clock Pessimism Removal (CPR):    -0.348ns
  Clock Uncertainty:      0.094ns  ((TSJ^2 + DJ^2)^1/2) / 2 + PE
    Total System Jitter     (TSJ):    0.071ns
    Discrete Jitter          (DJ):    0.174ns
    Phase Error              (PE):    0.000ns
  Clock Net Delay (Source):      2.643ns (routing 1.265ns, distribution 1.378ns)
  Clock Net Delay (Destination): 2.223ns (routing 1.148ns, distribution 1.075ns)

    Location             Delay type                Incr(ns)  Path(ns)    Netlist Resource(s)
  -------------------------------------------------------------------    -------------------
                         (clock clk_out1_harnessSysPLL rise edge)
                                                      0.000     0.000 r  
    H11                                               0.000     0.000 r  sys_clock_p (IN)
                         net (fo=0)                   0.000     0.000    sys_clock_ibufds/I
    HPIOBDIFFINBUF_X1Y132
                         DIFFINBUF (Prop_DIFFINBUF_HPIOBDIFFINBUF_DIFF_IN_P_O)
                                                      0.497     0.497 r  sys_clock_ibufds/DIFFINBUF_INST/O
                         net (fo=1, routed)           0.050     0.547    sys_clock_ibufds/OUT
    H11                  IBUFCTRL (Prop_IBUFCTRL_HPIOB_M_I_O)
                                                      0.000     0.547 r  sys_clock_ibufds/IBUFCTRL_INST/O
                         net (fo=1, routed)           0.323     0.870    _sys_clock_ibufds_O
    BUFGCE_X1Y129        BUFGCE (Prop_BUFCE_BUFGCE_I_O)
                                                      0.028     0.898 r  _sys_clock_ibufds_O_BUFG_inst/O
                         net (fo=2, routed)           0.934     1.832    harnessSysPLL/inst/clk_in1
    MMCM_X1Y5            MMCME4_ADV (Prop_MMCM_CLKIN1_CLKOUT0)
                                                     -0.127     1.705 r  harnessSysPLL/inst/mmcme4_adv_inst/CLKOUT0
                         net (fo=1, routed)           0.245     1.950    harnessSysPLL/inst/clk_out1_harnessSysPLL
    BUFGCE_X1Y137        BUFGCE (Prop_BUFCE_BUFGCE_I_O)
                                                      0.028     1.978 r  harnessSysPLL/inst/clkout1_buf/O
    X1Y2 (CLOCK_ROOT)    net (fo=29752, routed)       2.643     4.621    dutWrangler/nodeOut_reset_catcher/io_sync_reset_chain/output_chain/clk_out1
    SLICE_X71Y186        FDCE                                         r  dutWrangler/nodeOut_reset_catcher/io_sync_reset_chain/output_chain/sync_0_reg/C
  -------------------------------------------------------------------    -------------------
    SLICE_X71Y186        FDCE (Prop_EFF_SLICEM_C_Q)
                                                      0.076     4.697 r  dutWrangler/nodeOut_reset_catcher/io_sync_reset_chain/output_chain/sync_0_reg/Q
                         net (fo=399, routed)         3.600     8.297    ps/axi4asource/nodeOut_w_source/_dutWrangler_auto_out_reset
    SLICE_X63Y70         FDCE                                         f  ps/axi4asource/nodeOut_w_source/widx_gray_reg[0]/CLR  (IS_INVERTED)
  -------------------------------------------------------------------    -------------------

                         (clock clk_out1_harnessSysPLL rise edge)
                                                     19.998    19.998 r  
    H11                                               0.000    19.998 r  sys_clock_p (IN)
                         net (fo=0)                   0.000    19.998    sys_clock_ibufds/I
    HPIOBDIFFINBUF_X1Y132
                         DIFFINBUF (Prop_DIFFINBUF_HPIOBDIFFINBUF_DIFF_IN_P_O)
                                                      0.401    20.399 r  sys_clock_ibufds/DIFFINBUF_INST/O
                         net (fo=1, routed)           0.040    20.439    sys_clock_ibufds/OUT
    H11                  IBUFCTRL (Prop_IBUFCTRL_HPIOB_M_I_O)
                                                      0.000    20.439 r  sys_clock_ibufds/IBUFCTRL_INST/O
                         net (fo=1, routed)           0.286    20.725    _sys_clock_ibufds_O
    BUFGCE_X1Y129        BUFGCE (Prop_BUFCE_BUFGCE_I_O)
                                                      0.024    20.749 r  _sys_clock_ibufds_O_BUFG_inst/O
                         net (fo=2, routed)           0.822    21.571    harnessSysPLL/inst/clk_in1
    MMCM_X1Y5            MMCME4_ADV (Prop_MMCM_CLKIN1_CLKOUT0)
                                                      0.630    22.201 r  harnessSysPLL/inst/mmcme4_adv_inst/CLKOUT0
                         net (fo=1, routed)           0.216    22.417    harnessSysPLL/inst/clk_out1_harnessSysPLL
    BUFGCE_X1Y137        BUFGCE (Prop_BUFCE_BUFGCE_I_O)
                                                      0.024    22.441 r  harnessSysPLL/inst/clkout1_buf/O
    X1Y2 (CLOCK_ROOT)    net (fo=29752, routed)       2.223    24.664    ps/axi4asource/nodeOut_w_source/clk_out1
    SLICE_X63Y70         FDCE                                         r  ps/axi4asource/nodeOut_w_source/widx_gray_reg[0]/C
                         clock pessimism             -0.348    24.316    
                         clock uncertainty           -0.094    24.222    
    SLICE_X63Y70         FDCE (Recov_AFF_SLICEM_C_CLR)
                                                     -0.066    24.156    ps/axi4asource/nodeOut_w_source/widx_gray_reg[0]
  -------------------------------------------------------------------
                         required time                         24.156    
                         arrival time                          -8.297    
  -------------------------------------------------------------------
                         slack                                 15.859    

Slack (MET) :             15.859ns  (required time - arrival time)
  Source:                 dutWrangler/nodeOut_reset_catcher/io_sync_reset_chain/output_chain/sync_0_reg/C
                            (rising edge-triggered cell FDCE clocked by clk_out1_harnessSysPLL  {rise@0.000ns fall@9.999ns period=19.998ns})
  Destination:            ps/island/axi4asink/nodeOut_w_sink/widx_widx_gray/output_chain_3/sync_0_reg/CLR
                            (recovery check against rising-edge clock clk_out1_harnessSysPLL  {rise@0.000ns fall@9.999ns period=19.998ns})
  Path Group:             **async_default**
  Path Type:              Recovery (Max at Slow Process Corner)
  Requirement:            19.998ns  (clk_out1_harnessSysPLL rise@19.998ns - clk_out1_harnessSysPLL rise@0.000ns)
  Data Path Delay:        3.676ns  (logic 0.076ns (2.067%)  route 3.600ns (97.933%))
  Logic Levels:           0  
  Clock Path Skew:        -0.303ns (DCD - SCD + CPR)
    Destination Clock Delay (DCD):    4.666ns = ( 24.664 - 19.998 ) 
    Source Clock Delay      (SCD):    4.621ns
    Clock Pessimism Removal (CPR):    -0.348ns
  Clock Uncertainty:      0.094ns  ((TSJ^2 + DJ^2)^1/2) / 2 + PE
    Total System Jitter     (TSJ):    0.071ns
    Discrete Jitter          (DJ):    0.174ns
    Phase Error              (PE):    0.000ns
  Clock Net Delay (Source):      2.643ns (routing 1.265ns, distribution 1.378ns)
  Clock Net Delay (Destination): 2.223ns (routing 1.148ns, distribution 1.075ns)

    Location             Delay type                Incr(ns)  Path(ns)    Netlist Resource(s)
  -------------------------------------------------------------------    -------------------
                         (clock clk_out1_harnessSysPLL rise edge)
                                                      0.000     0.000 r  
    H11                                               0.000     0.000 r  sys_clock_p (IN)
                         net (fo=0)                   0.000     0.000    sys_clock_ibufds/I
    HPIOBDIFFINBUF_X1Y132
                         DIFFINBUF (Prop_DIFFINBUF_HPIOBDIFFINBUF_DIFF_IN_P_O)
                                                      0.497     0.497 r  sys_clock_ibufds/DIFFINBUF_INST/O
                         net (fo=1, routed)           0.050     0.547    sys_clock_ibufds/OUT
    H11                  IBUFCTRL (Prop_IBUFCTRL_HPIOB_M_I_O)
                                                      0.000     0.547 r  sys_clock_ibufds/IBUFCTRL_INST/O
                         net (fo=1, routed)           0.323     0.870    _sys_clock_ibufds_O
    BUFGCE_X1Y129        BUFGCE (Prop_BUFCE_BUFGCE_I_O)
                                                      0.028     0.898 r  _sys_clock_ibufds_O_BUFG_inst/O
                         net (fo=2, routed)           0.934     1.832    harnessSysPLL/inst/clk_in1
    MMCM_X1Y5            MMCME4_ADV (Prop_MMCM_CLKIN1_CLKOUT0)
                                                     -0.127     1.705 r  harnessSysPLL/inst/mmcme4_adv_inst/CLKOUT0
                         net (fo=1, routed)           0.245     1.950    harnessSysPLL/inst/clk_out1_harnessSysPLL
    BUFGCE_X1Y137        BUFGCE (Prop_BUFCE_BUFGCE_I_O)
                                                      0.028     1.978 r  harnessSysPLL/inst/clkout1_buf/O
    X1Y2 (CLOCK_ROOT)    net (fo=29752, routed)       2.643     4.621    dutWrangler/nodeOut_reset_catcher/io_sync_reset_chain/output_chain/clk_out1
    SLICE_X71Y186        FDCE                                         r  dutWrangler/nodeOut_reset_catcher/io_sync_reset_chain/output_chain/sync_0_reg/C
  -------------------------------------------------------------------    -------------------
    SLICE_X71Y186        FDCE (Prop_EFF_SLICEM_C_Q)
                                                      0.076     4.697 r  dutWrangler/nodeOut_reset_catcher/io_sync_reset_chain/output_chain/sync_0_reg/Q
                         net (fo=399, routed)         3.600     8.297    ps/island/axi4asink/nodeOut_w_sink/widx_widx_gray/output_chain_3/_dutWrangler_auto_out_reset
    SLICE_X63Y70         FDCE                                         f  ps/island/axi4asink/nodeOut_w_sink/widx_widx_gray/output_chain_3/sync_0_reg/CLR  (IS_INVERTED)
  -------------------------------------------------------------------    -------------------

                         (clock clk_out1_harnessSysPLL rise edge)
                                                     19.998    19.998 r  
    H11                                               0.000    19.998 r  sys_clock_p (IN)
                         net (fo=0)                   0.000    19.998    sys_clock_ibufds/I
    HPIOBDIFFINBUF_X1Y132
                         DIFFINBUF (Prop_DIFFINBUF_HPIOBDIFFINBUF_DIFF_IN_P_O)
                                                      0.401    20.399 r  sys_clock_ibufds/DIFFINBUF_INST/O
                         net (fo=1, routed)           0.040    20.439    sys_clock_ibufds/OUT
    H11                  IBUFCTRL (Prop_IBUFCTRL_HPIOB_M_I_O)
                                                      0.000    20.439 r  sys_clock_ibufds/IBUFCTRL_INST/O
                         net (fo=1, routed)           0.286    20.725    _sys_clock_ibufds_O
    BUFGCE_X1Y129        BUFGCE (Prop_BUFCE_BUFGCE_I_O)
                                                      0.024    20.749 r  _sys_clock_ibufds_O_BUFG_inst/O
                         net (fo=2, routed)           0.822    21.571    harnessSysPLL/inst/clk_in1
    MMCM_X1Y5            MMCME4_ADV (Prop_MMCM_CLKIN1_CLKOUT0)
                                                      0.630    22.201 r  harnessSysPLL/inst/mmcme4_adv_inst/CLKOUT0
                         net (fo=1, routed)           0.216    22.417    harnessSysPLL/inst/clk_out1_harnessSysPLL
    BUFGCE_X1Y137        BUFGCE (Prop_BUFCE_BUFGCE_I_O)
                                                      0.024    22.441 r  harnessSysPLL/inst/clkout1_buf/O
    X1Y2 (CLOCK_ROOT)    net (fo=29752, routed)       2.223    24.664    ps/island/axi4asink/nodeOut_w_sink/widx_widx_gray/output_chain_3/clk_out1
    SLICE_X63Y70         FDCE                                         r  ps/island/axi4asink/nodeOut_w_sink/widx_widx_gray/output_chain_3/sync_0_reg/C
                         clock pessimism             -0.348    24.316    
                         clock uncertainty           -0.094    24.222    
    SLICE_X63Y70         FDCE (Recov_AFF2_SLICEM_C_CLR)
                                                     -0.066    24.156    ps/island/axi4asink/nodeOut_w_sink/widx_widx_gray/output_chain_3/sync_0_reg
  -------------------------------------------------------------------
                         required time                         24.156    
                         arrival time                          -8.297    
  -------------------------------------------------------------------
                         slack                                 15.859    

Slack (MET) :             15.859ns  (required time - arrival time)
  Source:                 dutWrangler/nodeOut_reset_catcher/io_sync_reset_chain/output_chain/sync_0_reg/C
                            (rising edge-triggered cell FDCE clocked by clk_out1_harnessSysPLL  {rise@0.000ns fall@9.999ns period=19.998ns})
  Destination:            ps/island/axi4asink/nodeOut_w_sink/widx_widx_gray/output_chain_3/sync_1_reg/CLR
                            (recovery check against rising-edge clock clk_out1_harnessSysPLL  {rise@0.000ns fall@9.999ns period=19.998ns})
  Path Group:             **async_default**
  Path Type:              Recovery (Max at Slow Process Corner)
  Requirement:            19.998ns  (clk_out1_harnessSysPLL rise@19.998ns - clk_out1_harnessSysPLL rise@0.000ns)
  Data Path Delay:        3.676ns  (logic 0.076ns (2.067%)  route 3.600ns (97.933%))
  Logic Levels:           0  
  Clock Path Skew:        -0.303ns (DCD - SCD + CPR)
    Destination Clock Delay (DCD):    4.666ns = ( 24.664 - 19.998 ) 
    Source Clock Delay      (SCD):    4.621ns
    Clock Pessimism Removal (CPR):    -0.348ns
  Clock Uncertainty:      0.094ns  ((TSJ^2 + DJ^2)^1/2) / 2 + PE
    Total System Jitter     (TSJ):    0.071ns
    Discrete Jitter          (DJ):    0.174ns
    Phase Error              (PE):    0.000ns
  Clock Net Delay (Source):      2.643ns (routing 1.265ns, distribution 1.378ns)
  Clock Net Delay (Destination): 2.223ns (routing 1.148ns, distribution 1.075ns)

    Location             Delay type                Incr(ns)  Path(ns)    Netlist Resource(s)
  -------------------------------------------------------------------    -------------------
                         (clock clk_out1_harnessSysPLL rise edge)
                                                      0.000     0.000 r  
    H11                                               0.000     0.000 r  sys_clock_p (IN)
                         net (fo=0)                   0.000     0.000    sys_clock_ibufds/I
    HPIOBDIFFINBUF_X1Y132
                         DIFFINBUF (Prop_DIFFINBUF_HPIOBDIFFINBUF_DIFF_IN_P_O)
                                                      0.497     0.497 r  sys_clock_ibufds/DIFFINBUF_INST/O
                         net (fo=1, routed)           0.050     0.547    sys_clock_ibufds/OUT
    H11                  IBUFCTRL (Prop_IBUFCTRL_HPIOB_M_I_O)
                                                      0.000     0.547 r  sys_clock_ibufds/IBUFCTRL_INST/O
                         net (fo=1, routed)           0.323     0.870    _sys_clock_ibufds_O
    BUFGCE_X1Y129        BUFGCE (Prop_BUFCE_BUFGCE_I_O)
                                                      0.028     0.898 r  _sys_clock_ibufds_O_BUFG_inst/O
                         net (fo=2, routed)           0.934     1.832    harnessSysPLL/inst/clk_in1
    MMCM_X1Y5            MMCME4_ADV (Prop_MMCM_CLKIN1_CLKOUT0)
                                                     -0.127     1.705 r  harnessSysPLL/inst/mmcme4_adv_inst/CLKOUT0
                         net (fo=1, routed)           0.245     1.950    harnessSysPLL/inst/clk_out1_harnessSysPLL
    BUFGCE_X1Y137        BUFGCE (Prop_BUFCE_BUFGCE_I_O)
                                                      0.028     1.978 r  harnessSysPLL/inst/clkout1_buf/O
    X1Y2 (CLOCK_ROOT)    net (fo=29752, routed)       2.643     4.621    dutWrangler/nodeOut_reset_catcher/io_sync_reset_chain/output_chain/clk_out1
    SLICE_X71Y186        FDCE                                         r  dutWrangler/nodeOut_reset_catcher/io_sync_reset_chain/output_chain/sync_0_reg/C
  -------------------------------------------------------------------    -------------------
    SLICE_X71Y186        FDCE (Prop_EFF_SLICEM_C_Q)
                                                      0.076     4.697 r  dutWrangler/nodeOut_reset_catcher/io_sync_reset_chain/output_chain/sync_0_reg/Q
                         net (fo=399, routed)         3.600     8.297    ps/island/axi4asink/nodeOut_w_sink/widx_widx_gray/output_chain_3/_dutWrangler_auto_out_reset
    SLICE_X63Y70         FDCE                                         f  ps/island/axi4asink/nodeOut_w_sink/widx_widx_gray/output_chain_3/sync_1_reg/CLR  (IS_INVERTED)
  -------------------------------------------------------------------    -------------------

                         (clock clk_out1_harnessSysPLL rise edge)
                                                     19.998    19.998 r  
    H11                                               0.000    19.998 r  sys_clock_p (IN)
                         net (fo=0)                   0.000    19.998    sys_clock_ibufds/I
    HPIOBDIFFINBUF_X1Y132
                         DIFFINBUF (Prop_DIFFINBUF_HPIOBDIFFINBUF_DIFF_IN_P_O)
                                                      0.401    20.399 r  sys_clock_ibufds/DIFFINBUF_INST/O
                         net (fo=1, routed)           0.040    20.439    sys_clock_ibufds/OUT
    H11                  IBUFCTRL (Prop_IBUFCTRL_HPIOB_M_I_O)
                                                      0.000    20.439 r  sys_clock_ibufds/IBUFCTRL_INST/O
                         net (fo=1, routed)           0.286    20.725    _sys_clock_ibufds_O
    BUFGCE_X1Y129        BUFGCE (Prop_BUFCE_BUFGCE_I_O)
                                                      0.024    20.749 r  _sys_clock_ibufds_O_BUFG_inst/O
                         net (fo=2, routed)           0.822    21.571    harnessSysPLL/inst/clk_in1
    MMCM_X1Y5            MMCME4_ADV (Prop_MMCM_CLKIN1_CLKOUT0)
                                                      0.630    22.201 r  harnessSysPLL/inst/mmcme4_adv_inst/CLKOUT0
                         net (fo=1, routed)           0.216    22.417    harnessSysPLL/inst/clk_out1_harnessSysPLL
    BUFGCE_X1Y137        BUFGCE (Prop_BUFCE_BUFGCE_I_O)
                                                      0.024    22.441 r  harnessSysPLL/inst/clkout1_buf/O
    X1Y2 (CLOCK_ROOT)    net (fo=29752, routed)       2.223    24.664    ps/island/axi4asink/nodeOut_w_sink/widx_widx_gray/output_chain_3/clk_out1
    SLICE_X63Y70         FDCE                                         r  ps/island/axi4asink/nodeOut_w_sink/widx_widx_gray/output_chain_3/sync_1_reg/C
                         clock pessimism             -0.348    24.316    
                         clock uncertainty           -0.094    24.222    
    SLICE_X63Y70         FDCE (Recov_BFF2_SLICEM_C_CLR)
                                                     -0.066    24.156    ps/island/axi4asink/nodeOut_w_sink/widx_widx_gray/output_chain_3/sync_1_reg
  -------------------------------------------------------------------
                         required time                         24.156    
                         arrival time                          -8.297    
  -------------------------------------------------------------------
                         slack                                 15.859    

Slack (MET) :             15.859ns  (required time - arrival time)
  Source:                 dutWrangler/nodeOut_reset_catcher/io_sync_reset_chain/output_chain/sync_0_reg/C
                            (rising edge-triggered cell FDCE clocked by clk_out1_harnessSysPLL  {rise@0.000ns fall@9.999ns period=19.998ns})
  Destination:            ps/island/axi4asink/nodeOut_w_sink/widx_widx_gray/output_chain_3/sync_2_reg/CLR
                            (recovery check against rising-edge clock clk_out1_harnessSysPLL  {rise@0.000ns fall@9.999ns period=19.998ns})
  Path Group:             **async_default**
  Path Type:              Recovery (Max at Slow Process Corner)
  Requirement:            19.998ns  (clk_out1_harnessSysPLL rise@19.998ns - clk_out1_harnessSysPLL rise@0.000ns)
  Data Path Delay:        3.676ns  (logic 0.076ns (2.067%)  route 3.600ns (97.933%))
  Logic Levels:           0  
  Clock Path Skew:        -0.303ns (DCD - SCD + CPR)
    Destination Clock Delay (DCD):    4.666ns = ( 24.664 - 19.998 ) 
    Source Clock Delay      (SCD):    4.621ns
    Clock Pessimism Removal (CPR):    -0.348ns
  Clock Uncertainty:      0.094ns  ((TSJ^2 + DJ^2)^1/2) / 2 + PE
    Total System Jitter     (TSJ):    0.071ns
    Discrete Jitter          (DJ):    0.174ns
    Phase Error              (PE):    0.000ns
  Clock Net Delay (Source):      2.643ns (routing 1.265ns, distribution 1.378ns)
  Clock Net Delay (Destination): 2.223ns (routing 1.148ns, distribution 1.075ns)

    Location             Delay type                Incr(ns)  Path(ns)    Netlist Resource(s)
  -------------------------------------------------------------------    -------------------
                         (clock clk_out1_harnessSysPLL rise edge)
                                                      0.000     0.000 r  
    H11                                               0.000     0.000 r  sys_clock_p (IN)
                         net (fo=0)                   0.000     0.000    sys_clock_ibufds/I
    HPIOBDIFFINBUF_X1Y132
                         DIFFINBUF (Prop_DIFFINBUF_HPIOBDIFFINBUF_DIFF_IN_P_O)
                                                      0.497     0.497 r  sys_clock_ibufds/DIFFINBUF_INST/O
                         net (fo=1, routed)           0.050     0.547    sys_clock_ibufds/OUT
    H11                  IBUFCTRL (Prop_IBUFCTRL_HPIOB_M_I_O)
                                                      0.000     0.547 r  sys_clock_ibufds/IBUFCTRL_INST/O
                         net (fo=1, routed)           0.323     0.870    _sys_clock_ibufds_O
    BUFGCE_X1Y129        BUFGCE (Prop_BUFCE_BUFGCE_I_O)
                                                      0.028     0.898 r  _sys_clock_ibufds_O_BUFG_inst/O
                         net (fo=2, routed)           0.934     1.832    harnessSysPLL/inst/clk_in1
    MMCM_X1Y5            MMCME4_ADV (Prop_MMCM_CLKIN1_CLKOUT0)
                                                     -0.127     1.705 r  harnessSysPLL/inst/mmcme4_adv_inst/CLKOUT0
                         net (fo=1, routed)           0.245     1.950    harnessSysPLL/inst/clk_out1_harnessSysPLL
    BUFGCE_X1Y137        BUFGCE (Prop_BUFCE_BUFGCE_I_O)
                                                      0.028     1.978 r  harnessSysPLL/inst/clkout1_buf/O
    X1Y2 (CLOCK_ROOT)    net (fo=29752, routed)       2.643     4.621    dutWrangler/nodeOut_reset_catcher/io_sync_reset_chain/output_chain/clk_out1
    SLICE_X71Y186        FDCE                                         r  dutWrangler/nodeOut_reset_catcher/io_sync_reset_chain/output_chain/sync_0_reg/C
  -------------------------------------------------------------------    -------------------
    SLICE_X71Y186        FDCE (Prop_EFF_SLICEM_C_Q)
                                                      0.076     4.697 r  dutWrangler/nodeOut_reset_catcher/io_sync_reset_chain/output_chain/sync_0_reg/Q
                         net (fo=399, routed)         3.600     8.297    ps/island/axi4asink/nodeOut_w_sink/widx_widx_gray/output_chain_3/_dutWrangler_auto_out_reset
    SLICE_X63Y70         FDCE                                         f  ps/island/axi4asink/nodeOut_w_sink/widx_widx_gray/output_chain_3/sync_2_reg/CLR  (IS_INVERTED)
  -------------------------------------------------------------------    -------------------

                         (clock clk_out1_harnessSysPLL rise edge)
                                                     19.998    19.998 r  
    H11                                               0.000    19.998 r  sys_clock_p (IN)
                         net (fo=0)                   0.000    19.998    sys_clock_ibufds/I
    HPIOBDIFFINBUF_X1Y132
                         DIFFINBUF (Prop_DIFFINBUF_HPIOBDIFFINBUF_DIFF_IN_P_O)
                                                      0.401    20.399 r  sys_clock_ibufds/DIFFINBUF_INST/O
                         net (fo=1, routed)           0.040    20.439    sys_clock_ibufds/OUT
    H11                  IBUFCTRL (Prop_IBUFCTRL_HPIOB_M_I_O)
                                                      0.000    20.439 r  sys_clock_ibufds/IBUFCTRL_INST/O
                         net (fo=1, routed)           0.286    20.725    _sys_clock_ibufds_O
    BUFGCE_X1Y129        BUFGCE (Prop_BUFCE_BUFGCE_I_O)
                                                      0.024    20.749 r  _sys_clock_ibufds_O_BUFG_inst/O
                         net (fo=2, routed)           0.822    21.571    harnessSysPLL/inst/clk_in1
    MMCM_X1Y5            MMCME4_ADV (Prop_MMCM_CLKIN1_CLKOUT0)
                                                      0.630    22.201 r  harnessSysPLL/inst/mmcme4_adv_inst/CLKOUT0
                         net (fo=1, routed)           0.216    22.417    harnessSysPLL/inst/clk_out1_harnessSysPLL
    BUFGCE_X1Y137        BUFGCE (Prop_BUFCE_BUFGCE_I_O)
                                                      0.024    22.441 r  harnessSysPLL/inst/clkout1_buf/O
    X1Y2 (CLOCK_ROOT)    net (fo=29752, routed)       2.223    24.664    ps/island/axi4asink/nodeOut_w_sink/widx_widx_gray/output_chain_3/clk_out1
    SLICE_X63Y70         FDCE                                         r  ps/island/axi4asink/nodeOut_w_sink/widx_widx_gray/output_chain_3/sync_2_reg/C
                         clock pessimism             -0.348    24.316    
                         clock uncertainty           -0.094    24.222    
    SLICE_X63Y70         FDCE (Recov_CFF2_SLICEM_C_CLR)
                                                     -0.066    24.156    ps/island/axi4asink/nodeOut_w_sink/widx_widx_gray/output_chain_3/sync_2_reg
  -------------------------------------------------------------------
                         required time                         24.156    
                         arrival time                          -8.297    
  -------------------------------------------------------------------
                         slack                                 15.859    

Slack (MET) :             15.861ns  (required time - arrival time)
  Source:                 dutWrangler/nodeOut_reset_catcher/io_sync_reset_chain/output_chain/sync_0_reg/C
                            (rising edge-triggered cell FDCE clocked by clk_out1_harnessSysPLL  {rise@0.000ns fall@9.999ns period=19.998ns})
  Destination:            ps/axi4asource/nodeOut_w_source/ridx_ridx_gray/output_chain_3/sync_0_reg/CLR
                            (recovery check against rising-edge clock clk_out1_harnessSysPLL  {rise@0.000ns fall@9.999ns period=19.998ns})
  Path Group:             **async_default**
  Path Type:              Recovery (Max at Slow Process Corner)
  Requirement:            19.998ns  (clk_out1_harnessSysPLL rise@19.998ns - clk_out1_harnessSysPLL rise@0.000ns)
  Data Path Delay:        3.673ns  (logic 0.076ns (2.069%)  route 3.597ns (97.931%))
  Logic Levels:           0  
  Clock Path Skew:        -0.304ns (DCD - SCD + CPR)
    Destination Clock Delay (DCD):    4.665ns = ( 24.663 - 19.998 ) 
    Source Clock Delay      (SCD):    4.621ns
    Clock Pessimism Removal (CPR):    -0.348ns
  Clock Uncertainty:      0.094ns  ((TSJ^2 + DJ^2)^1/2) / 2 + PE
    Total System Jitter     (TSJ):    0.071ns
    Discrete Jitter          (DJ):    0.174ns
    Phase Error              (PE):    0.000ns
  Clock Net Delay (Source):      2.643ns (routing 1.265ns, distribution 1.378ns)
  Clock Net Delay (Destination): 2.222ns (routing 1.148ns, distribution 1.074ns)

    Location             Delay type                Incr(ns)  Path(ns)    Netlist Resource(s)
  -------------------------------------------------------------------    -------------------
                         (clock clk_out1_harnessSysPLL rise edge)
                                                      0.000     0.000 r  
    H11                                               0.000     0.000 r  sys_clock_p (IN)
                         net (fo=0)                   0.000     0.000    sys_clock_ibufds/I
    HPIOBDIFFINBUF_X1Y132
                         DIFFINBUF (Prop_DIFFINBUF_HPIOBDIFFINBUF_DIFF_IN_P_O)
                                                      0.497     0.497 r  sys_clock_ibufds/DIFFINBUF_INST/O
                         net (fo=1, routed)           0.050     0.547    sys_clock_ibufds/OUT
    H11                  IBUFCTRL (Prop_IBUFCTRL_HPIOB_M_I_O)
                                                      0.000     0.547 r  sys_clock_ibufds/IBUFCTRL_INST/O
                         net (fo=1, routed)           0.323     0.870    _sys_clock_ibufds_O
    BUFGCE_X1Y129        BUFGCE (Prop_BUFCE_BUFGCE_I_O)
                                                      0.028     0.898 r  _sys_clock_ibufds_O_BUFG_inst/O
                         net (fo=2, routed)           0.934     1.832    harnessSysPLL/inst/clk_in1
    MMCM_X1Y5            MMCME4_ADV (Prop_MMCM_CLKIN1_CLKOUT0)
                                                     -0.127     1.705 r  harnessSysPLL/inst/mmcme4_adv_inst/CLKOUT0
                         net (fo=1, routed)           0.245     1.950    harnessSysPLL/inst/clk_out1_harnessSysPLL
    BUFGCE_X1Y137        BUFGCE (Prop_BUFCE_BUFGCE_I_O)
                                                      0.028     1.978 r  harnessSysPLL/inst/clkout1_buf/O
    X1Y2 (CLOCK_ROOT)    net (fo=29752, routed)       2.643     4.621    dutWrangler/nodeOut_reset_catcher/io_sync_reset_chain/output_chain/clk_out1
    SLICE_X71Y186        FDCE                                         r  dutWrangler/nodeOut_reset_catcher/io_sync_reset_chain/output_chain/sync_0_reg/C
  -------------------------------------------------------------------    -------------------
    SLICE_X71Y186        FDCE (Prop_EFF_SLICEM_C_Q)
                                                      0.076     4.697 r  dutWrangler/nodeOut_reset_catcher/io_sync_reset_chain/output_chain/sync_0_reg/Q
                         net (fo=399, routed)         3.597     8.294    ps/axi4asource/nodeOut_w_source/ridx_ridx_gray/output_chain_3/_dutWrangler_auto_out_reset
    SLICE_X63Y70         FDCE                                         f  ps/axi4asource/nodeOut_w_source/ridx_ridx_gray/output_chain_3/sync_0_reg/CLR  (IS_INVERTED)
  -------------------------------------------------------------------    -------------------

                         (clock clk_out1_harnessSysPLL rise edge)
                                                     19.998    19.998 r  
    H11                                               0.000    19.998 r  sys_clock_p (IN)
                         net (fo=0)                   0.000    19.998    sys_clock_ibufds/I
    HPIOBDIFFINBUF_X1Y132
                         DIFFINBUF (Prop_DIFFINBUF_HPIOBDIFFINBUF_DIFF_IN_P_O)
                                                      0.401    20.399 r  sys_clock_ibufds/DIFFINBUF_INST/O
                         net (fo=1, routed)           0.040    20.439    sys_clock_ibufds/OUT
    H11                  IBUFCTRL (Prop_IBUFCTRL_HPIOB_M_I_O)
                                                      0.000    20.439 r  sys_clock_ibufds/IBUFCTRL_INST/O
                         net (fo=1, routed)           0.286    20.725    _sys_clock_ibufds_O
    BUFGCE_X1Y129        BUFGCE (Prop_BUFCE_BUFGCE_I_O)
                                                      0.024    20.749 r  _sys_clock_ibufds_O_BUFG_inst/O
                         net (fo=2, routed)           0.822    21.571    harnessSysPLL/inst/clk_in1
    MMCM_X1Y5            MMCME4_ADV (Prop_MMCM_CLKIN1_CLKOUT0)
                                                      0.630    22.201 r  harnessSysPLL/inst/mmcme4_adv_inst/CLKOUT0
                         net (fo=1, routed)           0.216    22.417    harnessSysPLL/inst/clk_out1_harnessSysPLL
    BUFGCE_X1Y137        BUFGCE (Prop_BUFCE_BUFGCE_I_O)
                                                      0.024    22.441 r  harnessSysPLL/inst/clkout1_buf/O
    X1Y2 (CLOCK_ROOT)    net (fo=29752, routed)       2.222    24.663    ps/axi4asource/nodeOut_w_source/ridx_ridx_gray/output_chain_3/clk_out1
    SLICE_X63Y70         FDCE                                         r  ps/axi4asource/nodeOut_w_source/ridx_ridx_gray/output_chain_3/sync_0_reg/C
                         clock pessimism             -0.348    24.315    
                         clock uncertainty           -0.094    24.221    
    SLICE_X63Y70         FDCE (Recov_EFF_SLICEM_C_CLR)
                                                     -0.066    24.155    ps/axi4asource/nodeOut_w_source/ridx_ridx_gray/output_chain_3/sync_0_reg
  -------------------------------------------------------------------
                         required time                         24.155    
                         arrival time                          -8.294    
  -------------------------------------------------------------------
                         slack                                 15.861    

Slack (MET) :             15.861ns  (required time - arrival time)
  Source:                 dutWrangler/nodeOut_reset_catcher/io_sync_reset_chain/output_chain/sync_0_reg/C
                            (rising edge-triggered cell FDCE clocked by clk_out1_harnessSysPLL  {rise@0.000ns fall@9.999ns period=19.998ns})
  Destination:            ps/axi4asource/nodeOut_w_source/ridx_ridx_gray/output_chain_3/sync_1_reg/CLR
                            (recovery check against rising-edge clock clk_out1_harnessSysPLL  {rise@0.000ns fall@9.999ns period=19.998ns})
  Path Group:             **async_default**
  Path Type:              Recovery (Max at Slow Process Corner)
  Requirement:            19.998ns  (clk_out1_harnessSysPLL rise@19.998ns - clk_out1_harnessSysPLL rise@0.000ns)
  Data Path Delay:        3.673ns  (logic 0.076ns (2.069%)  route 3.597ns (97.931%))
  Logic Levels:           0  
  Clock Path Skew:        -0.304ns (DCD - SCD + CPR)
    Destination Clock Delay (DCD):    4.665ns = ( 24.663 - 19.998 ) 
    Source Clock Delay      (SCD):    4.621ns
    Clock Pessimism Removal (CPR):    -0.348ns
  Clock Uncertainty:      0.094ns  ((TSJ^2 + DJ^2)^1/2) / 2 + PE
    Total System Jitter     (TSJ):    0.071ns
    Discrete Jitter          (DJ):    0.174ns
    Phase Error              (PE):    0.000ns
  Clock Net Delay (Source):      2.643ns (routing 1.265ns, distribution 1.378ns)
  Clock Net Delay (Destination): 2.222ns (routing 1.148ns, distribution 1.074ns)

    Location             Delay type                Incr(ns)  Path(ns)    Netlist Resource(s)
  -------------------------------------------------------------------    -------------------
                         (clock clk_out1_harnessSysPLL rise edge)
                                                      0.000     0.000 r  
    H11                                               0.000     0.000 r  sys_clock_p (IN)
                         net (fo=0)                   0.000     0.000    sys_clock_ibufds/I
    HPIOBDIFFINBUF_X1Y132
                         DIFFINBUF (Prop_DIFFINBUF_HPIOBDIFFINBUF_DIFF_IN_P_O)
                                                      0.497     0.497 r  sys_clock_ibufds/DIFFINBUF_INST/O
                         net (fo=1, routed)           0.050     0.547    sys_clock_ibufds/OUT
    H11                  IBUFCTRL (Prop_IBUFCTRL_HPIOB_M_I_O)
                                                      0.000     0.547 r  sys_clock_ibufds/IBUFCTRL_INST/O
                         net (fo=1, routed)           0.323     0.870    _sys_clock_ibufds_O
    BUFGCE_X1Y129        BUFGCE (Prop_BUFCE_BUFGCE_I_O)
                                                      0.028     0.898 r  _sys_clock_ibufds_O_BUFG_inst/O
                         net (fo=2, routed)           0.934     1.832    harnessSysPLL/inst/clk_in1
    MMCM_X1Y5            MMCME4_ADV (Prop_MMCM_CLKIN1_CLKOUT0)
                                                     -0.127     1.705 r  harnessSysPLL/inst/mmcme4_adv_inst/CLKOUT0
                         net (fo=1, routed)           0.245     1.950    harnessSysPLL/inst/clk_out1_harnessSysPLL
    BUFGCE_X1Y137        BUFGCE (Prop_BUFCE_BUFGCE_I_O)
                                                      0.028     1.978 r  harnessSysPLL/inst/clkout1_buf/O
    X1Y2 (CLOCK_ROOT)    net (fo=29752, routed)       2.643     4.621    dutWrangler/nodeOut_reset_catcher/io_sync_reset_chain/output_chain/clk_out1
    SLICE_X71Y186        FDCE                                         r  dutWrangler/nodeOut_reset_catcher/io_sync_reset_chain/output_chain/sync_0_reg/C
  -------------------------------------------------------------------    -------------------
    SLICE_X71Y186        FDCE (Prop_EFF_SLICEM_C_Q)
                                                      0.076     4.697 r  dutWrangler/nodeOut_reset_catcher/io_sync_reset_chain/output_chain/sync_0_reg/Q
                         net (fo=399, routed)         3.597     8.294    ps/axi4asource/nodeOut_w_source/ridx_ridx_gray/output_chain_3/_dutWrangler_auto_out_reset
    SLICE_X63Y70         FDCE                                         f  ps/axi4asource/nodeOut_w_source/ridx_ridx_gray/output_chain_3/sync_1_reg/CLR  (IS_INVERTED)
  -------------------------------------------------------------------    -------------------

                         (clock clk_out1_harnessSysPLL rise edge)
                                                     19.998    19.998 r  
    H11                                               0.000    19.998 r  sys_clock_p (IN)
                         net (fo=0)                   0.000    19.998    sys_clock_ibufds/I
    HPIOBDIFFINBUF_X1Y132
                         DIFFINBUF (Prop_DIFFINBUF_HPIOBDIFFINBUF_DIFF_IN_P_O)
                                                      0.401    20.399 r  sys_clock_ibufds/DIFFINBUF_INST/O
                         net (fo=1, routed)           0.040    20.439    sys_clock_ibufds/OUT
    H11                  IBUFCTRL (Prop_IBUFCTRL_HPIOB_M_I_O)
                                                      0.000    20.439 r  sys_clock_ibufds/IBUFCTRL_INST/O
                         net (fo=1, routed)           0.286    20.725    _sys_clock_ibufds_O
    BUFGCE_X1Y129        BUFGCE (Prop_BUFCE_BUFGCE_I_O)
                                                      0.024    20.749 r  _sys_clock_ibufds_O_BUFG_inst/O
                         net (fo=2, routed)           0.822    21.571    harnessSysPLL/inst/clk_in1
    MMCM_X1Y5            MMCME4_ADV (Prop_MMCM_CLKIN1_CLKOUT0)
                                                      0.630    22.201 r  harnessSysPLL/inst/mmcme4_adv_inst/CLKOUT0
                         net (fo=1, routed)           0.216    22.417    harnessSysPLL/inst/clk_out1_harnessSysPLL
    BUFGCE_X1Y137        BUFGCE (Prop_BUFCE_BUFGCE_I_O)
                                                      0.024    22.441 r  harnessSysPLL/inst/clkout1_buf/O
    X1Y2 (CLOCK_ROOT)    net (fo=29752, routed)       2.222    24.663    ps/axi4asource/nodeOut_w_source/ridx_ridx_gray/output_chain_3/clk_out1
    SLICE_X63Y70         FDCE                                         r  ps/axi4asource/nodeOut_w_source/ridx_ridx_gray/output_chain_3/sync_1_reg/C
                         clock pessimism             -0.348    24.315    
                         clock uncertainty           -0.094    24.221    
    SLICE_X63Y70         FDCE (Recov_EFF2_SLICEM_C_CLR)
                                                     -0.066    24.155    ps/axi4asource/nodeOut_w_source/ridx_ridx_gray/output_chain_3/sync_1_reg
  -------------------------------------------------------------------
                         required time                         24.155    
                         arrival time                          -8.294    
  -------------------------------------------------------------------
                         slack                                 15.861    

Slack (MET) :             15.861ns  (required time - arrival time)
  Source:                 dutWrangler/nodeOut_reset_catcher/io_sync_reset_chain/output_chain/sync_0_reg/C
                            (rising edge-triggered cell FDCE clocked by clk_out1_harnessSysPLL  {rise@0.000ns fall@9.999ns period=19.998ns})
  Destination:            ps/axi4asource/nodeOut_w_source/ridx_ridx_gray/output_chain_3/sync_2_reg/CLR
                            (recovery check against rising-edge clock clk_out1_harnessSysPLL  {rise@0.000ns fall@9.999ns period=19.998ns})
  Path Group:             **async_default**
  Path Type:              Recovery (Max at Slow Process Corner)
  Requirement:            19.998ns  (clk_out1_harnessSysPLL rise@19.998ns - clk_out1_harnessSysPLL rise@0.000ns)
  Data Path Delay:        3.673ns  (logic 0.076ns (2.069%)  route 3.597ns (97.931%))
  Logic Levels:           0  
  Clock Path Skew:        -0.304ns (DCD - SCD + CPR)
    Destination Clock Delay (DCD):    4.665ns = ( 24.663 - 19.998 ) 
    Source Clock Delay      (SCD):    4.621ns
    Clock Pessimism Removal (CPR):    -0.348ns
  Clock Uncertainty:      0.094ns  ((TSJ^2 + DJ^2)^1/2) / 2 + PE
    Total System Jitter     (TSJ):    0.071ns
    Discrete Jitter          (DJ):    0.174ns
    Phase Error              (PE):    0.000ns
  Clock Net Delay (Source):      2.643ns (routing 1.265ns, distribution 1.378ns)
  Clock Net Delay (Destination): 2.222ns (routing 1.148ns, distribution 1.074ns)

    Location             Delay type                Incr(ns)  Path(ns)    Netlist Resource(s)
  -------------------------------------------------------------------    -------------------
                         (clock clk_out1_harnessSysPLL rise edge)
                                                      0.000     0.000 r  
    H11                                               0.000     0.000 r  sys_clock_p (IN)
                         net (fo=0)                   0.000     0.000    sys_clock_ibufds/I
    HPIOBDIFFINBUF_X1Y132
                         DIFFINBUF (Prop_DIFFINBUF_HPIOBDIFFINBUF_DIFF_IN_P_O)
                                                      0.497     0.497 r  sys_clock_ibufds/DIFFINBUF_INST/O
                         net (fo=1, routed)           0.050     0.547    sys_clock_ibufds/OUT
    H11                  IBUFCTRL (Prop_IBUFCTRL_HPIOB_M_I_O)
                                                      0.000     0.547 r  sys_clock_ibufds/IBUFCTRL_INST/O
                         net (fo=1, routed)           0.323     0.870    _sys_clock_ibufds_O
    BUFGCE_X1Y129        BUFGCE (Prop_BUFCE_BUFGCE_I_O)
                                                      0.028     0.898 r  _sys_clock_ibufds_O_BUFG_inst/O
                         net (fo=2, routed)           0.934     1.832    harnessSysPLL/inst/clk_in1
    MMCM_X1Y5            MMCME4_ADV (Prop_MMCM_CLKIN1_CLKOUT0)
                                                     -0.127     1.705 r  harnessSysPLL/inst/mmcme4_adv_inst/CLKOUT0
                         net (fo=1, routed)           0.245     1.950    harnessSysPLL/inst/clk_out1_harnessSysPLL
    BUFGCE_X1Y137        BUFGCE (Prop_BUFCE_BUFGCE_I_O)
                                                      0.028     1.978 r  harnessSysPLL/inst/clkout1_buf/O
    X1Y2 (CLOCK_ROOT)    net (fo=29752, routed)       2.643     4.621    dutWrangler/nodeOut_reset_catcher/io_sync_reset_chain/output_chain/clk_out1
    SLICE_X71Y186        FDCE                                         r  dutWrangler/nodeOut_reset_catcher/io_sync_reset_chain/output_chain/sync_0_reg/C
  -------------------------------------------------------------------    -------------------
    SLICE_X71Y186        FDCE (Prop_EFF_SLICEM_C_Q)
                                                      0.076     4.697 r  dutWrangler/nodeOut_reset_catcher/io_sync_reset_chain/output_chain/sync_0_reg/Q
                         net (fo=399, routed)         3.597     8.294    ps/axi4asource/nodeOut_w_source/ridx_ridx_gray/output_chain_3/_dutWrangler_auto_out_reset
    SLICE_X63Y70         FDCE                                         f  ps/axi4asource/nodeOut_w_source/ridx_ridx_gray/output_chain_3/sync_2_reg/CLR  (IS_INVERTED)
  -------------------------------------------------------------------    -------------------

                         (clock clk_out1_harnessSysPLL rise edge)
                                                     19.998    19.998 r  
    H11                                               0.000    19.998 r  sys_clock_p (IN)
                         net (fo=0)                   0.000    19.998    sys_clock_ibufds/I
    HPIOBDIFFINBUF_X1Y132
                         DIFFINBUF (Prop_DIFFINBUF_HPIOBDIFFINBUF_DIFF_IN_P_O)
                                                      0.401    20.399 r  sys_clock_ibufds/DIFFINBUF_INST/O
                         net (fo=1, routed)           0.040    20.439    sys_clock_ibufds/OUT
    H11                  IBUFCTRL (Prop_IBUFCTRL_HPIOB_M_I_O)
                                                      0.000    20.439 r  sys_clock_ibufds/IBUFCTRL_INST/O
                         net (fo=1, routed)           0.286    20.725    _sys_clock_ibufds_O
    BUFGCE_X1Y129        BUFGCE (Prop_BUFCE_BUFGCE_I_O)
                                                      0.024    20.749 r  _sys_clock_ibufds_O_BUFG_inst/O
                         net (fo=2, routed)           0.822    21.571    harnessSysPLL/inst/clk_in1
    MMCM_X1Y5            MMCME4_ADV (Prop_MMCM_CLKIN1_CLKOUT0)
                                                      0.630    22.201 r  harnessSysPLL/inst/mmcme4_adv_inst/CLKOUT0
                         net (fo=1, routed)           0.216    22.417    harnessSysPLL/inst/clk_out1_harnessSysPLL
    BUFGCE_X1Y137        BUFGCE (Prop_BUFCE_BUFGCE_I_O)
                                                      0.024    22.441 r  harnessSysPLL/inst/clkout1_buf/O
    X1Y2 (CLOCK_ROOT)    net (fo=29752, routed)       2.222    24.663    ps/axi4asource/nodeOut_w_source/ridx_ridx_gray/output_chain_3/clk_out1
    SLICE_X63Y70         FDCE                                         r  ps/axi4asource/nodeOut_w_source/ridx_ridx_gray/output_chain_3/sync_2_reg/C
                         clock pessimism             -0.348    24.315    
                         clock uncertainty           -0.094    24.221    
    SLICE_X63Y70         FDCE (Recov_FFF_SLICEM_C_CLR)
                                                     -0.066    24.155    ps/axi4asource/nodeOut_w_source/ridx_ridx_gray/output_chain_3/sync_2_reg
  -------------------------------------------------------------------
                         required time                         24.155    
                         arrival time                          -8.294    
  -------------------------------------------------------------------
                         slack                                 15.861    

Slack (MET) :             15.861ns  (required time - arrival time)
  Source:                 dutWrangler/nodeOut_reset_catcher/io_sync_reset_chain/output_chain/sync_0_reg/C
                            (rising edge-triggered cell FDCE clocked by clk_out1_harnessSysPLL  {rise@0.000ns fall@9.999ns period=19.998ns})
  Destination:            ps/axi4asource/nodeOut_w_source/widx_gray_reg[1]/CLR
                            (recovery check against rising-edge clock clk_out1_harnessSysPLL  {rise@0.000ns fall@9.999ns period=19.998ns})
  Path Group:             **async_default**
  Path Type:              Recovery (Max at Slow Process Corner)
  Requirement:            19.998ns  (clk_out1_harnessSysPLL rise@19.998ns - clk_out1_harnessSysPLL rise@0.000ns)
  Data Path Delay:        3.673ns  (logic 0.076ns (2.069%)  route 3.597ns (97.931%))
  Logic Levels:           0  
  Clock Path Skew:        -0.304ns (DCD - SCD + CPR)
    Destination Clock Delay (DCD):    4.665ns = ( 24.663 - 19.998 ) 
    Source Clock Delay      (SCD):    4.621ns
    Clock Pessimism Removal (CPR):    -0.348ns
  Clock Uncertainty:      0.094ns  ((TSJ^2 + DJ^2)^1/2) / 2 + PE
    Total System Jitter     (TSJ):    0.071ns
    Discrete Jitter          (DJ):    0.174ns
    Phase Error              (PE):    0.000ns
  Clock Net Delay (Source):      2.643ns (routing 1.265ns, distribution 1.378ns)
  Clock Net Delay (Destination): 2.222ns (routing 1.148ns, distribution 1.074ns)

    Location             Delay type                Incr(ns)  Path(ns)    Netlist Resource(s)
  -------------------------------------------------------------------    -------------------
                         (clock clk_out1_harnessSysPLL rise edge)
                                                      0.000     0.000 r  
    H11                                               0.000     0.000 r  sys_clock_p (IN)
                         net (fo=0)                   0.000     0.000    sys_clock_ibufds/I
    HPIOBDIFFINBUF_X1Y132
                         DIFFINBUF (Prop_DIFFINBUF_HPIOBDIFFINBUF_DIFF_IN_P_O)
                                                      0.497     0.497 r  sys_clock_ibufds/DIFFINBUF_INST/O
                         net (fo=1, routed)           0.050     0.547    sys_clock_ibufds/OUT
    H11                  IBUFCTRL (Prop_IBUFCTRL_HPIOB_M_I_O)
                                                      0.000     0.547 r  sys_clock_ibufds/IBUFCTRL_INST/O
                         net (fo=1, routed)           0.323     0.870    _sys_clock_ibufds_O
    BUFGCE_X1Y129        BUFGCE (Prop_BUFCE_BUFGCE_I_O)
                                                      0.028     0.898 r  _sys_clock_ibufds_O_BUFG_inst/O
                         net (fo=2, routed)           0.934     1.832    harnessSysPLL/inst/clk_in1
    MMCM_X1Y5            MMCME4_ADV (Prop_MMCM_CLKIN1_CLKOUT0)
                                                     -0.127     1.705 r  harnessSysPLL/inst/mmcme4_adv_inst/CLKOUT0
                         net (fo=1, routed)           0.245     1.950    harnessSysPLL/inst/clk_out1_harnessSysPLL
    BUFGCE_X1Y137        BUFGCE (Prop_BUFCE_BUFGCE_I_O)
                                                      0.028     1.978 r  harnessSysPLL/inst/clkout1_buf/O
    X1Y2 (CLOCK_ROOT)    net (fo=29752, routed)       2.643     4.621    dutWrangler/nodeOut_reset_catcher/io_sync_reset_chain/output_chain/clk_out1
    SLICE_X71Y186        FDCE                                         r  dutWrangler/nodeOut_reset_catcher/io_sync_reset_chain/output_chain/sync_0_reg/C
  -------------------------------------------------------------------    -------------------
    SLICE_X71Y186        FDCE (Prop_EFF_SLICEM_C_Q)
                                                      0.076     4.697 r  dutWrangler/nodeOut_reset_catcher/io_sync_reset_chain/output_chain/sync_0_reg/Q
                         net (fo=399, routed)         3.597     8.294    ps/axi4asource/nodeOut_w_source/_dutWrangler_auto_out_reset
    SLICE_X63Y70         FDCE                                         f  ps/axi4asource/nodeOut_w_source/widx_gray_reg[1]/CLR  (IS_INVERTED)
  -------------------------------------------------------------------    -------------------

                         (clock clk_out1_harnessSysPLL rise edge)
                                                     19.998    19.998 r  
    H11                                               0.000    19.998 r  sys_clock_p (IN)
                         net (fo=0)                   0.000    19.998    sys_clock_ibufds/I
    HPIOBDIFFINBUF_X1Y132
                         DIFFINBUF (Prop_DIFFINBUF_HPIOBDIFFINBUF_DIFF_IN_P_O)
                                                      0.401    20.399 r  sys_clock_ibufds/DIFFINBUF_INST/O
                         net (fo=1, routed)           0.040    20.439    sys_clock_ibufds/OUT
    H11                  IBUFCTRL (Prop_IBUFCTRL_HPIOB_M_I_O)
                                                      0.000    20.439 r  sys_clock_ibufds/IBUFCTRL_INST/O
                         net (fo=1, routed)           0.286    20.725    _sys_clock_ibufds_O
    BUFGCE_X1Y129        BUFGCE (Prop_BUFCE_BUFGCE_I_O)
                                                      0.024    20.749 r  _sys_clock_ibufds_O_BUFG_inst/O
                         net (fo=2, routed)           0.822    21.571    harnessSysPLL/inst/clk_in1
    MMCM_X1Y5            MMCME4_ADV (Prop_MMCM_CLKIN1_CLKOUT0)
                                                      0.630    22.201 r  harnessSysPLL/inst/mmcme4_adv_inst/CLKOUT0
                         net (fo=1, routed)           0.216    22.417    harnessSysPLL/inst/clk_out1_harnessSysPLL
    BUFGCE_X1Y137        BUFGCE (Prop_BUFCE_BUFGCE_I_O)
                                                      0.024    22.441 r  harnessSysPLL/inst/clkout1_buf/O
    X1Y2 (CLOCK_ROOT)    net (fo=29752, routed)       2.222    24.663    ps/axi4asource/nodeOut_w_source/clk_out1
    SLICE_X63Y70         FDCE                                         r  ps/axi4asource/nodeOut_w_source/widx_gray_reg[1]/C
                         clock pessimism             -0.348    24.315    
                         clock uncertainty           -0.094    24.221    
    SLICE_X63Y70         FDCE (Recov_FFF2_SLICEM_C_CLR)
                                                     -0.066    24.155    ps/axi4asource/nodeOut_w_source/widx_gray_reg[1]
  -------------------------------------------------------------------
                         required time                         24.155    
                         arrival time                          -8.294    
  -------------------------------------------------------------------
                         slack                                 15.861    





Min Delay Paths
--------------------------------------------------------------------------------------
Slack (MET) :             0.177ns  (arrival time - required time)
  Source:                 chiptop0/debug_reset_syncd_debug_reset_sync/output_chain/sync_0_reg/C
                            (rising edge-triggered cell FDCE clocked by clk_out1_harnessSysPLL  {rise@0.000ns fall@9.999ns period=19.998ns})
  Destination:            chiptop0/system/tlDM/dmInner/dmiXing/nodeIn_d_source/sink_valid/io_out_sink_valid_0/output_chain/sync_0_reg/CLR
                            (removal check against rising-edge clock clk_out1_harnessSysPLL  {rise@0.000ns fall@9.999ns period=19.998ns})
  Path Group:             **async_default**
  Path Type:              Removal (Min at Slow Process Corner)
  Requirement:            0.000ns  (clk_out1_harnessSysPLL rise@0.000ns - clk_out1_harnessSysPLL rise@0.000ns)
  Data Path Delay:        2.180ns  (logic 0.058ns (2.661%)  route 2.122ns (97.339%))
  Logic Levels:           0  
  Clock Path Skew:        2.035ns (DCD - SCD - CPR)
    Destination Clock Delay (DCD):    6.476ns
    Source Clock Delay      (SCD):    4.789ns
    Clock Pessimism Removal (CPR):    -0.348ns
  Clock Net Delay (Source):      2.346ns (routing 1.148ns, distribution 1.198ns)
  Clock Net Delay (Destination): 1.381ns (routing 0.532ns, distribution 0.849ns)

    Location             Delay type                Incr(ns)  Path(ns)    Netlist Resource(s)
  -------------------------------------------------------------------    -------------------
                         (clock clk_out1_harnessSysPLL rise edge)
                                                      0.000     0.000 r  
    H11                                               0.000     0.000 r  sys_clock_p (IN)
                         net (fo=0)                   0.000     0.000    sys_clock_ibufds/I
    HPIOBDIFFINBUF_X1Y132
                         DIFFINBUF (Prop_DIFFINBUF_HPIOBDIFFINBUF_DIFF_IN_P_O)
                                                      0.401     0.401 r  sys_clock_ibufds/DIFFINBUF_INST/O
                         net (fo=1, routed)           0.040     0.441    sys_clock_ibufds/OUT
    H11                  IBUFCTRL (Prop_IBUFCTRL_HPIOB_M_I_O)
                                                      0.000     0.441 r  sys_clock_ibufds/IBUFCTRL_INST/O
                         net (fo=1, routed)           0.286     0.727    _sys_clock_ibufds_O
    BUFGCE_X1Y129        BUFGCE (Prop_BUFCE_BUFGCE_I_O)
                                                      0.024     0.751 r  _sys_clock_ibufds_O_BUFG_inst/O
                         net (fo=2, routed)           0.822     1.573    harnessSysPLL/inst/clk_in1
    MMCM_X1Y5            MMCME4_ADV (Prop_MMCM_CLKIN1_CLKOUT0)
                                                      0.630     2.203 r  harnessSysPLL/inst/mmcme4_adv_inst/CLKOUT0
                         net (fo=1, routed)           0.216     2.419    harnessSysPLL/inst/clk_out1_harnessSysPLL
    BUFGCE_X1Y137        BUFGCE (Prop_BUFCE_BUFGCE_I_O)
                                                      0.024     2.443 r  harnessSysPLL/inst/clkout1_buf/O
    X1Y2 (CLOCK_ROOT)    net (fo=29752, routed)       2.346     4.789    chiptop0/debug_reset_syncd_debug_reset_sync/output_chain/clk_out1
    SLICE_X86Y213        FDCE                                         r  chiptop0/debug_reset_syncd_debug_reset_sync/output_chain/sync_0_reg/C
  -------------------------------------------------------------------    -------------------
    SLICE_X86Y213        FDCE (Prop_AFF_SLICEM_C_Q)
                                                      0.058     4.847 r  chiptop0/debug_reset_syncd_debug_reset_sync/output_chain/sync_0_reg/Q
                         net (fo=33, routed)          2.122     6.969    chiptop0/system/tlDM/dmInner/dmiXing/nodeIn_d_source/sink_valid/io_out_sink_valid_0/output_chain/debug_reset
    SLICE_X84Y192        FDCE                                         f  chiptop0/system/tlDM/dmInner/dmiXing/nodeIn_d_source/sink_valid/io_out_sink_valid_0/output_chain/sync_0_reg/CLR  (IS_INVERTED)
  -------------------------------------------------------------------    -------------------

                         (clock clk_out1_harnessSysPLL rise edge)
                                                      0.000     0.000 r  
    H11                                               0.000     0.000 r  sys_clock_p (IN)
                         net (fo=0)                   0.000     0.000    sys_clock_ibufds/I
    HPIOBDIFFINBUF_X1Y132
                         DIFFINBUF (Prop_DIFFINBUF_HPIOBDIFFINBUF_DIFF_IN_P_O)
                                                      0.497     0.497 r  sys_clock_ibufds/DIFFINBUF_INST/O
                         net (fo=1, routed)           0.050     0.547    sys_clock_ibufds/OUT
    H11                  IBUFCTRL (Prop_IBUFCTRL_HPIOB_M_I_O)
                                                      0.000     0.547 r  sys_clock_ibufds/IBUFCTRL_INST/O
                         net (fo=1, routed)           0.323     0.870    _sys_clock_ibufds_O
    BUFGCE_X1Y129        BUFGCE (Prop_BUFCE_BUFGCE_I_O)
                                                      0.028     0.898 r  _sys_clock_ibufds_O_BUFG_inst/O
                         net (fo=2, routed)           0.934     1.832    harnessSysPLL/inst/clk_in1
    MMCM_X1Y5            MMCME4_ADV (Prop_MMCM_CLKIN1_CLKOUT0)
                                                     -0.127     1.705 r  harnessSysPLL/inst/mmcme4_adv_inst/CLKOUT0
                         net (fo=1, routed)           0.245     1.950    harnessSysPLL/inst/clk_out1_harnessSysPLL
    BUFGCE_X1Y137        BUFGCE (Prop_BUFCE_BUFGCE_I_O)
                                                      0.028     1.978 r  harnessSysPLL/inst/clkout1_buf/O
                         net (fo=29752, routed)       2.545     4.523    chiptop0/gated_clock_debug_clock_gate/clk_out1
    SLICE_X66Y151        LUT2 (Prop_H6LUT_SLICEL_I1_O)
                                                      0.150     4.673 r  chiptop0/gated_clock_debug_clock_gate/ABSTRACTAUTOReg_autoexecdata[7]_i_5/O
                         net (fo=1, routed)           0.394     5.067    chiptop0_n_240
    BUFGCE_X1Y48         BUFGCE (Prop_BUFCE_BUFGCE_I_O)
                                                      0.028     5.095 r  ABSTRACTAUTOReg_autoexecdata_reg[7]_i_3/O
    X2Y3 (CLOCK_ROOT)    net (fo=1068, routed)        1.381     6.476    chiptop0/system/tlDM/dmInner/dmiXing/nodeIn_d_source/sink_valid/io_out_sink_valid_0/output_chain/sync_1_reg_0
    SLICE_X84Y192        FDCE                                         r  chiptop0/system/tlDM/dmInner/dmiXing/nodeIn_d_source/sink_valid/io_out_sink_valid_0/output_chain/sync_0_reg/C
                         clock pessimism              0.348     6.824    
    SLICE_X84Y192        FDCE (Remov_EFF_SLICEM_C_CLR)
                                                     -0.032     6.792    chiptop0/system/tlDM/dmInner/dmiXing/nodeIn_d_source/sink_valid/io_out_sink_valid_0/output_chain/sync_0_reg
  -------------------------------------------------------------------
                         required time                         -6.792    
                         arrival time                           6.969    
  -------------------------------------------------------------------
                         slack                                  0.177    

Slack (MET) :             0.177ns  (arrival time - required time)
  Source:                 chiptop0/debug_reset_syncd_debug_reset_sync/output_chain/sync_0_reg/C
                            (rising edge-triggered cell FDCE clocked by clk_out1_harnessSysPLL  {rise@0.000ns fall@9.999ns period=19.998ns})
  Destination:            chiptop0/system/tlDM/dmInner/dmiXing/nodeIn_d_source/sink_valid/io_out_sink_valid_0/output_chain/sync_1_reg/CLR
                            (removal check against rising-edge clock clk_out1_harnessSysPLL  {rise@0.000ns fall@9.999ns period=19.998ns})
  Path Group:             **async_default**
  Path Type:              Removal (Min at Slow Process Corner)
  Requirement:            0.000ns  (clk_out1_harnessSysPLL rise@0.000ns - clk_out1_harnessSysPLL rise@0.000ns)
  Data Path Delay:        2.180ns  (logic 0.058ns (2.661%)  route 2.122ns (97.339%))
  Logic Levels:           0  
  Clock Path Skew:        2.035ns (DCD - SCD - CPR)
    Destination Clock Delay (DCD):    6.476ns
    Source Clock Delay      (SCD):    4.789ns
    Clock Pessimism Removal (CPR):    -0.348ns
  Clock Net Delay (Source):      2.346ns (routing 1.148ns, distribution 1.198ns)
  Clock Net Delay (Destination): 1.381ns (routing 0.532ns, distribution 0.849ns)

    Location             Delay type                Incr(ns)  Path(ns)    Netlist Resource(s)
  -------------------------------------------------------------------    -------------------
                         (clock clk_out1_harnessSysPLL rise edge)
                                                      0.000     0.000 r  
    H11                                               0.000     0.000 r  sys_clock_p (IN)
                         net (fo=0)                   0.000     0.000    sys_clock_ibufds/I
    HPIOBDIFFINBUF_X1Y132
                         DIFFINBUF (Prop_DIFFINBUF_HPIOBDIFFINBUF_DIFF_IN_P_O)
                                                      0.401     0.401 r  sys_clock_ibufds/DIFFINBUF_INST/O
                         net (fo=1, routed)           0.040     0.441    sys_clock_ibufds/OUT
    H11                  IBUFCTRL (Prop_IBUFCTRL_HPIOB_M_I_O)
                                                      0.000     0.441 r  sys_clock_ibufds/IBUFCTRL_INST/O
                         net (fo=1, routed)           0.286     0.727    _sys_clock_ibufds_O
    BUFGCE_X1Y129        BUFGCE (Prop_BUFCE_BUFGCE_I_O)
                                                      0.024     0.751 r  _sys_clock_ibufds_O_BUFG_inst/O
                         net (fo=2, routed)           0.822     1.573    harnessSysPLL/inst/clk_in1
    MMCM_X1Y5            MMCME4_ADV (Prop_MMCM_CLKIN1_CLKOUT0)
                                                      0.630     2.203 r  harnessSysPLL/inst/mmcme4_adv_inst/CLKOUT0
                         net (fo=1, routed)           0.216     2.419    harnessSysPLL/inst/clk_out1_harnessSysPLL
    BUFGCE_X1Y137        BUFGCE (Prop_BUFCE_BUFGCE_I_O)
                                                      0.024     2.443 r  harnessSysPLL/inst/clkout1_buf/O
    X1Y2 (CLOCK_ROOT)    net (fo=29752, routed)       2.346     4.789    chiptop0/debug_reset_syncd_debug_reset_sync/output_chain/clk_out1
    SLICE_X86Y213        FDCE                                         r  chiptop0/debug_reset_syncd_debug_reset_sync/output_chain/sync_0_reg/C
  -------------------------------------------------------------------    -------------------
    SLICE_X86Y213        FDCE (Prop_AFF_SLICEM_C_Q)
                                                      0.058     4.847 r  chiptop0/debug_reset_syncd_debug_reset_sync/output_chain/sync_0_reg/Q
                         net (fo=33, routed)          2.122     6.969    chiptop0/system/tlDM/dmInner/dmiXing/nodeIn_d_source/sink_valid/io_out_sink_valid_0/output_chain/debug_reset
    SLICE_X84Y192        FDCE                                         f  chiptop0/system/tlDM/dmInner/dmiXing/nodeIn_d_source/sink_valid/io_out_sink_valid_0/output_chain/sync_1_reg/CLR  (IS_INVERTED)
  -------------------------------------------------------------------    -------------------

                         (clock clk_out1_harnessSysPLL rise edge)
                                                      0.000     0.000 r  
    H11                                               0.000     0.000 r  sys_clock_p (IN)
                         net (fo=0)                   0.000     0.000    sys_clock_ibufds/I
    HPIOBDIFFINBUF_X1Y132
                         DIFFINBUF (Prop_DIFFINBUF_HPIOBDIFFINBUF_DIFF_IN_P_O)
                                                      0.497     0.497 r  sys_clock_ibufds/DIFFINBUF_INST/O
                         net (fo=1, routed)           0.050     0.547    sys_clock_ibufds/OUT
    H11                  IBUFCTRL (Prop_IBUFCTRL_HPIOB_M_I_O)
                                                      0.000     0.547 r  sys_clock_ibufds/IBUFCTRL_INST/O
                         net (fo=1, routed)           0.323     0.870    _sys_clock_ibufds_O
    BUFGCE_X1Y129        BUFGCE (Prop_BUFCE_BUFGCE_I_O)
                                                      0.028     0.898 r  _sys_clock_ibufds_O_BUFG_inst/O
                         net (fo=2, routed)           0.934     1.832    harnessSysPLL/inst/clk_in1
    MMCM_X1Y5            MMCME4_ADV (Prop_MMCM_CLKIN1_CLKOUT0)
                                                     -0.127     1.705 r  harnessSysPLL/inst/mmcme4_adv_inst/CLKOUT0
                         net (fo=1, routed)           0.245     1.950    harnessSysPLL/inst/clk_out1_harnessSysPLL
    BUFGCE_X1Y137        BUFGCE (Prop_BUFCE_BUFGCE_I_O)
                                                      0.028     1.978 r  harnessSysPLL/inst/clkout1_buf/O
                         net (fo=29752, routed)       2.545     4.523    chiptop0/gated_clock_debug_clock_gate/clk_out1
    SLICE_X66Y151        LUT2 (Prop_H6LUT_SLICEL_I1_O)
                                                      0.150     4.673 r  chiptop0/gated_clock_debug_clock_gate/ABSTRACTAUTOReg_autoexecdata[7]_i_5/O
                         net (fo=1, routed)           0.394     5.067    chiptop0_n_240
    BUFGCE_X1Y48         BUFGCE (Prop_BUFCE_BUFGCE_I_O)
                                                      0.028     5.095 r  ABSTRACTAUTOReg_autoexecdata_reg[7]_i_3/O
    X2Y3 (CLOCK_ROOT)    net (fo=1068, routed)        1.381     6.476    chiptop0/system/tlDM/dmInner/dmiXing/nodeIn_d_source/sink_valid/io_out_sink_valid_0/output_chain/sync_1_reg_0
    SLICE_X84Y192        FDCE                                         r  chiptop0/system/tlDM/dmInner/dmiXing/nodeIn_d_source/sink_valid/io_out_sink_valid_0/output_chain/sync_1_reg/C
                         clock pessimism              0.348     6.824    
    SLICE_X84Y192        FDCE (Remov_EFF2_SLICEM_C_CLR)
                                                     -0.032     6.792    chiptop0/system/tlDM/dmInner/dmiXing/nodeIn_d_source/sink_valid/io_out_sink_valid_0/output_chain/sync_1_reg
  -------------------------------------------------------------------
                         required time                         -6.792    
                         arrival time                           6.969    
  -------------------------------------------------------------------
                         slack                                  0.177    

Slack (MET) :             0.177ns  (arrival time - required time)
  Source:                 chiptop0/debug_reset_syncd_debug_reset_sync/output_chain/sync_0_reg/C
                            (rising edge-triggered cell FDCE clocked by clk_out1_harnessSysPLL  {rise@0.000ns fall@9.999ns period=19.998ns})
  Destination:            chiptop0/system/tlDM/dmInner/dmiXing/nodeIn_d_source/sink_valid/io_out_sink_valid_0/output_chain/sync_2_reg/CLR
                            (removal check against rising-edge clock clk_out1_harnessSysPLL  {rise@0.000ns fall@9.999ns period=19.998ns})
  Path Group:             **async_default**
  Path Type:              Removal (Min at Slow Process Corner)
  Requirement:            0.000ns  (clk_out1_harnessSysPLL rise@0.000ns - clk_out1_harnessSysPLL rise@0.000ns)
  Data Path Delay:        2.180ns  (logic 0.058ns (2.661%)  route 2.122ns (97.339%))
  Logic Levels:           0  
  Clock Path Skew:        2.035ns (DCD - SCD - CPR)
    Destination Clock Delay (DCD):    6.476ns
    Source Clock Delay      (SCD):    4.789ns
    Clock Pessimism Removal (CPR):    -0.348ns
  Clock Net Delay (Source):      2.346ns (routing 1.148ns, distribution 1.198ns)
  Clock Net Delay (Destination): 1.381ns (routing 0.532ns, distribution 0.849ns)

    Location             Delay type                Incr(ns)  Path(ns)    Netlist Resource(s)
  -------------------------------------------------------------------    -------------------
                         (clock clk_out1_harnessSysPLL rise edge)
                                                      0.000     0.000 r  
    H11                                               0.000     0.000 r  sys_clock_p (IN)
                         net (fo=0)                   0.000     0.000    sys_clock_ibufds/I
    HPIOBDIFFINBUF_X1Y132
                         DIFFINBUF (Prop_DIFFINBUF_HPIOBDIFFINBUF_DIFF_IN_P_O)
                                                      0.401     0.401 r  sys_clock_ibufds/DIFFINBUF_INST/O
                         net (fo=1, routed)           0.040     0.441    sys_clock_ibufds/OUT
    H11                  IBUFCTRL (Prop_IBUFCTRL_HPIOB_M_I_O)
                                                      0.000     0.441 r  sys_clock_ibufds/IBUFCTRL_INST/O
                         net (fo=1, routed)           0.286     0.727    _sys_clock_ibufds_O
    BUFGCE_X1Y129        BUFGCE (Prop_BUFCE_BUFGCE_I_O)
                                                      0.024     0.751 r  _sys_clock_ibufds_O_BUFG_inst/O
                         net (fo=2, routed)           0.822     1.573    harnessSysPLL/inst/clk_in1
    MMCM_X1Y5            MMCME4_ADV (Prop_MMCM_CLKIN1_CLKOUT0)
                                                      0.630     2.203 r  harnessSysPLL/inst/mmcme4_adv_inst/CLKOUT0
                         net (fo=1, routed)           0.216     2.419    harnessSysPLL/inst/clk_out1_harnessSysPLL
    BUFGCE_X1Y137        BUFGCE (Prop_BUFCE_BUFGCE_I_O)
                                                      0.024     2.443 r  harnessSysPLL/inst/clkout1_buf/O
    X1Y2 (CLOCK_ROOT)    net (fo=29752, routed)       2.346     4.789    chiptop0/debug_reset_syncd_debug_reset_sync/output_chain/clk_out1
    SLICE_X86Y213        FDCE                                         r  chiptop0/debug_reset_syncd_debug_reset_sync/output_chain/sync_0_reg/C
  -------------------------------------------------------------------    -------------------
    SLICE_X86Y213        FDCE (Prop_AFF_SLICEM_C_Q)
                                                      0.058     4.847 r  chiptop0/debug_reset_syncd_debug_reset_sync/output_chain/sync_0_reg/Q
                         net (fo=33, routed)          2.122     6.969    chiptop0/system/tlDM/dmInner/dmiXing/nodeIn_d_source/sink_valid/io_out_sink_valid_0/output_chain/debug_reset
    SLICE_X84Y192        FDCE                                         f  chiptop0/system/tlDM/dmInner/dmiXing/nodeIn_d_source/sink_valid/io_out_sink_valid_0/output_chain/sync_2_reg/CLR  (IS_INVERTED)
  -------------------------------------------------------------------    -------------------

                         (clock clk_out1_harnessSysPLL rise edge)
                                                      0.000     0.000 r  
    H11                                               0.000     0.000 r  sys_clock_p (IN)
                         net (fo=0)                   0.000     0.000    sys_clock_ibufds/I
    HPIOBDIFFINBUF_X1Y132
                         DIFFINBUF (Prop_DIFFINBUF_HPIOBDIFFINBUF_DIFF_IN_P_O)
                                                      0.497     0.497 r  sys_clock_ibufds/DIFFINBUF_INST/O
                         net (fo=1, routed)           0.050     0.547    sys_clock_ibufds/OUT
    H11                  IBUFCTRL (Prop_IBUFCTRL_HPIOB_M_I_O)
                                                      0.000     0.547 r  sys_clock_ibufds/IBUFCTRL_INST/O
                         net (fo=1, routed)           0.323     0.870    _sys_clock_ibufds_O
    BUFGCE_X1Y129        BUFGCE (Prop_BUFCE_BUFGCE_I_O)
                                                      0.028     0.898 r  _sys_clock_ibufds_O_BUFG_inst/O
                         net (fo=2, routed)           0.934     1.832    harnessSysPLL/inst/clk_in1
    MMCM_X1Y5            MMCME4_ADV (Prop_MMCM_CLKIN1_CLKOUT0)
                                                     -0.127     1.705 r  harnessSysPLL/inst/mmcme4_adv_inst/CLKOUT0
                         net (fo=1, routed)           0.245     1.950    harnessSysPLL/inst/clk_out1_harnessSysPLL
    BUFGCE_X1Y137        BUFGCE (Prop_BUFCE_BUFGCE_I_O)
                                                      0.028     1.978 r  harnessSysPLL/inst/clkout1_buf/O
                         net (fo=29752, routed)       2.545     4.523    chiptop0/gated_clock_debug_clock_gate/clk_out1
    SLICE_X66Y151        LUT2 (Prop_H6LUT_SLICEL_I1_O)
                                                      0.150     4.673 r  chiptop0/gated_clock_debug_clock_gate/ABSTRACTAUTOReg_autoexecdata[7]_i_5/O
                         net (fo=1, routed)           0.394     5.067    chiptop0_n_240
    BUFGCE_X1Y48         BUFGCE (Prop_BUFCE_BUFGCE_I_O)
                                                      0.028     5.095 r  ABSTRACTAUTOReg_autoexecdata_reg[7]_i_3/O
    X2Y3 (CLOCK_ROOT)    net (fo=1068, routed)        1.381     6.476    chiptop0/system/tlDM/dmInner/dmiXing/nodeIn_d_source/sink_valid/io_out_sink_valid_0/output_chain/sync_1_reg_0
    SLICE_X84Y192        FDCE                                         r  chiptop0/system/tlDM/dmInner/dmiXing/nodeIn_d_source/sink_valid/io_out_sink_valid_0/output_chain/sync_2_reg/C
                         clock pessimism              0.348     6.824    
    SLICE_X84Y192        FDCE (Remov_FFF_SLICEM_C_CLR)
                                                     -0.032     6.792    chiptop0/system/tlDM/dmInner/dmiXing/nodeIn_d_source/sink_valid/io_out_sink_valid_0/output_chain/sync_2_reg
  -------------------------------------------------------------------
                         required time                         -6.792    
                         arrival time                           6.969    
  -------------------------------------------------------------------
                         slack                                  0.177    

Slack (MET) :             0.207ns  (arrival time - required time)
  Source:                 chiptop0/debug_reset_syncd_debug_reset_sync/output_chain/sync_0_reg/C
                            (rising edge-triggered cell FDCE clocked by clk_out1_harnessSysPLL  {rise@0.000ns fall@9.999ns period=19.998ns})
  Destination:            chiptop0/clock_en_reg/PRE
                            (removal check against rising-edge clock clk_out1_harnessSysPLL  {rise@0.000ns fall@9.999ns period=19.998ns})
  Path Group:             **async_default**
  Path Type:              Removal (Min at Fast Process Corner)
  Requirement:            0.000ns  (clk_out1_harnessSysPLL rise@0.000ns - clk_out1_harnessSysPLL rise@0.000ns)
  Data Path Delay:        0.241ns  (logic 0.038ns (15.768%)  route 0.203ns (84.232%))
  Logic Levels:           0  
  Clock Path Skew:        0.054ns (DCD - SCD - CPR)
    Destination Clock Delay (DCD):    2.714ns
    Source Clock Delay      (SCD):    2.825ns
    Clock Pessimism Removal (CPR):    -0.165ns
  Clock Net Delay (Source):      1.444ns (routing 0.697ns, distribution 0.747ns)
  Clock Net Delay (Destination): 1.621ns (routing 0.775ns, distribution 0.846ns)

    Location             Delay type                Incr(ns)  Path(ns)    Netlist Resource(s)
  -------------------------------------------------------------------    -------------------
                         (clock clk_out1_harnessSysPLL rise edge)
                                                      0.000     0.000 r  
    H11                                               0.000     0.000 r  sys_clock_p (IN)
                         net (fo=0)                   0.000     0.000    sys_clock_ibufds/I
    HPIOBDIFFINBUF_X1Y132
                         DIFFINBUF (Prop_DIFFINBUF_HPIOBDIFFINBUF_DIFF_IN_P_O)
                                                      0.256     0.256 r  sys_clock_ibufds/DIFFINBUF_INST/O
                         net (fo=1, routed)           0.040     0.296    sys_clock_ibufds/OUT
    H11                  IBUFCTRL (Prop_IBUFCTRL_HPIOB_M_I_O)
                                                      0.000     0.296 r  sys_clock_ibufds/IBUFCTRL_INST/O
                         net (fo=1, routed)           0.144     0.440    _sys_clock_ibufds_O
    BUFGCE_X1Y129        BUFGCE (Prop_BUFCE_BUFGCE_I_O)
                                                      0.017     0.457 r  _sys_clock_ibufds_O_BUFG_inst/O
                         net (fo=2, routed)           0.531     0.988    harnessSysPLL/inst/clk_in1
    MMCM_X1Y5            MMCME4_ADV (Prop_MMCM_CLKIN1_CLKOUT0)
                                                      0.230     1.218 r  harnessSysPLL/inst/mmcme4_adv_inst/CLKOUT0
                         net (fo=1, routed)           0.146     1.364    harnessSysPLL/inst/clk_out1_harnessSysPLL
    BUFGCE_X1Y137        BUFGCE (Prop_BUFCE_BUFGCE_I_O)
                                                      0.017     1.381 r  harnessSysPLL/inst/clkout1_buf/O
    X1Y2 (CLOCK_ROOT)    net (fo=29752, routed)       1.444     2.825    chiptop0/debug_reset_syncd_debug_reset_sync/output_chain/clk_out1
    SLICE_X86Y213        FDCE                                         r  chiptop0/debug_reset_syncd_debug_reset_sync/output_chain/sync_0_reg/C
  -------------------------------------------------------------------    -------------------
    SLICE_X86Y213        FDCE (Prop_AFF_SLICEM_C_Q)
                                                      0.038     2.863 r  chiptop0/debug_reset_syncd_debug_reset_sync/output_chain/sync_0_reg/Q
                         net (fo=33, routed)          0.203     3.066    chiptop0/debug_reset
    SLICE_X84Y223        FDPE                                         f  chiptop0/clock_en_reg/PRE  (IS_INVERTED)
  -------------------------------------------------------------------    -------------------

                         (clock clk_out1_harnessSysPLL rise edge)
                                                      0.000     0.000 r  
    H11                                               0.000     0.000 r  sys_clock_p (IN)
                         net (fo=0)                   0.000     0.000    sys_clock_ibufds/I
    HPIOBDIFFINBUF_X1Y132
                         DIFFINBUF (Prop_DIFFINBUF_HPIOBDIFFINBUF_DIFF_IN_P_O)
                                                      0.354     0.354 r  sys_clock_ibufds/DIFFINBUF_INST/O
                         net (fo=1, routed)           0.050     0.404    sys_clock_ibufds/OUT
    H11                  IBUFCTRL (Prop_IBUFCTRL_HPIOB_M_I_O)
                                                      0.000     0.404 r  sys_clock_ibufds/IBUFCTRL_INST/O
                         net (fo=1, routed)           0.181     0.585    _sys_clock_ibufds_O
    BUFGCE_X1Y129        BUFGCE (Prop_BUFCE_BUFGCE_I_O)
                                                      0.019     0.604 r  _sys_clock_ibufds_O_BUFG_inst/O
                         net (fo=2, routed)           0.599     1.203    harnessSysPLL/inst/clk_in1
    MMCM_X1Y5            MMCME4_ADV (Prop_MMCM_CLKIN1_CLKOUT0)
                                                     -0.295     0.908 r  harnessSysPLL/inst/mmcme4_adv_inst/CLKOUT0
                         net (fo=1, routed)           0.166     1.074    harnessSysPLL/inst/clk_out1_harnessSysPLL
    BUFGCE_X1Y137        BUFGCE (Prop_BUFCE_BUFGCE_I_O)
                                                      0.019     1.093 r  harnessSysPLL/inst/clkout1_buf/O
    X1Y2 (CLOCK_ROOT)    net (fo=29752, routed)       1.621     2.714    chiptop0/clk_out1
    SLICE_X84Y223        FDPE                                         r  chiptop0/clock_en_reg/C
                         clock pessimism              0.165     2.879    
    SLICE_X84Y223        FDPE (Remov_EFF_SLICEM_C_PRE)
                                                     -0.020     2.859    chiptop0/clock_en_reg
  -------------------------------------------------------------------
                         required time                         -2.859    
                         arrival time                           3.066    
  -------------------------------------------------------------------
                         slack                                  0.207    

Slack (MET) :             0.210ns  (arrival time - required time)
  Source:                 dutWrangler/nodeOut_reset_catcher/io_sync_reset_chain/output_chain/sync_0_reg/C
                            (rising edge-triggered cell FDCE clocked by clk_out1_harnessSysPLL  {rise@0.000ns fall@9.999ns period=19.998ns})
  Destination:            chiptop0/system/chipyard_prcictrl_domain/resetSynchronizer/nodeOut_member_allClocks_uncore_reset_catcher/io_sync_reset_chain/output_chain/sync_1_reg/CLR
                            (removal check against rising-edge clock clk_out1_harnessSysPLL  {rise@0.000ns fall@9.999ns period=19.998ns})
  Path Group:             **async_default**
  Path Type:              Removal (Min at Fast Process Corner)
  Requirement:            0.000ns  (clk_out1_harnessSysPLL rise@0.000ns - clk_out1_harnessSysPLL rise@0.000ns)
  Data Path Delay:        0.225ns  (logic 0.038ns (16.889%)  route 0.187ns (83.111%))
  Logic Levels:           0  
  Clock Path Skew:        0.035ns (DCD - SCD - CPR)
    Destination Clock Delay (DCD):    2.704ns
    Source Clock Delay      (SCD):    2.834ns
    Clock Pessimism Removal (CPR):    -0.165ns
  Clock Net Delay (Source):      1.453ns (routing 0.697ns, distribution 0.756ns)
  Clock Net Delay (Destination): 1.611ns (routing 0.775ns, distribution 0.836ns)

    Location             Delay type                Incr(ns)  Path(ns)    Netlist Resource(s)
  -------------------------------------------------------------------    -------------------
                         (clock clk_out1_harnessSysPLL rise edge)
                                                      0.000     0.000 r  
    H11                                               0.000     0.000 r  sys_clock_p (IN)
                         net (fo=0)                   0.000     0.000    sys_clock_ibufds/I
    HPIOBDIFFINBUF_X1Y132
                         DIFFINBUF (Prop_DIFFINBUF_HPIOBDIFFINBUF_DIFF_IN_P_O)
                                                      0.256     0.256 r  sys_clock_ibufds/DIFFINBUF_INST/O
                         net (fo=1, routed)           0.040     0.296    sys_clock_ibufds/OUT
    H11                  IBUFCTRL (Prop_IBUFCTRL_HPIOB_M_I_O)
                                                      0.000     0.296 r  sys_clock_ibufds/IBUFCTRL_INST/O
                         net (fo=1, routed)           0.144     0.440    _sys_clock_ibufds_O
    BUFGCE_X1Y129        BUFGCE (Prop_BUFCE_BUFGCE_I_O)
                                                      0.017     0.457 r  _sys_clock_ibufds_O_BUFG_inst/O
                         net (fo=2, routed)           0.531     0.988    harnessSysPLL/inst/clk_in1
    MMCM_X1Y5            MMCME4_ADV (Prop_MMCM_CLKIN1_CLKOUT0)
                                                      0.230     1.218 r  harnessSysPLL/inst/mmcme4_adv_inst/CLKOUT0
                         net (fo=1, routed)           0.146     1.364    harnessSysPLL/inst/clk_out1_harnessSysPLL
    BUFGCE_X1Y137        BUFGCE (Prop_BUFCE_BUFGCE_I_O)
                                                      0.017     1.381 r  harnessSysPLL/inst/clkout1_buf/O
    X1Y2 (CLOCK_ROOT)    net (fo=29752, routed)       1.453     2.834    dutWrangler/nodeOut_reset_catcher/io_sync_reset_chain/output_chain/clk_out1
    SLICE_X71Y186        FDCE                                         r  dutWrangler/nodeOut_reset_catcher/io_sync_reset_chain/output_chain/sync_0_reg/C
  -------------------------------------------------------------------    -------------------
    SLICE_X71Y186        FDCE (Prop_EFF_SLICEM_C_Q)
                                                      0.038     2.872 r  dutWrangler/nodeOut_reset_catcher/io_sync_reset_chain/output_chain/sync_0_reg/Q
                         net (fo=399, routed)         0.187     3.059    chiptop0/system/chipyard_prcictrl_domain/resetSynchronizer/nodeOut_member_allClocks_uncore_reset_catcher/io_sync_reset_chain/output_chain/_dutWrangler_auto_out_reset
    SLICE_X67Y190        FDCE                                         f  chiptop0/system/chipyard_prcictrl_domain/resetSynchronizer/nodeOut_member_allClocks_uncore_reset_catcher/io_sync_reset_chain/output_chain/sync_1_reg/CLR  (IS_INVERTED)
  -------------------------------------------------------------------    -------------------

                         (clock clk_out1_harnessSysPLL rise edge)
                                                      0.000     0.000 r  
    H11                                               0.000     0.000 r  sys_clock_p (IN)
                         net (fo=0)                   0.000     0.000    sys_clock_ibufds/I
    HPIOBDIFFINBUF_X1Y132
                         DIFFINBUF (Prop_DIFFINBUF_HPIOBDIFFINBUF_DIFF_IN_P_O)
                                                      0.354     0.354 r  sys_clock_ibufds/DIFFINBUF_INST/O
                         net (fo=1, routed)           0.050     0.404    sys_clock_ibufds/OUT
    H11                  IBUFCTRL (Prop_IBUFCTRL_HPIOB_M_I_O)
                                                      0.000     0.404 r  sys_clock_ibufds/IBUFCTRL_INST/O
                         net (fo=1, routed)           0.181     0.585    _sys_clock_ibufds_O
    BUFGCE_X1Y129        BUFGCE (Prop_BUFCE_BUFGCE_I_O)
                                                      0.019     0.604 r  _sys_clock_ibufds_O_BUFG_inst/O
                         net (fo=2, routed)           0.599     1.203    harnessSysPLL/inst/clk_in1
    MMCM_X1Y5            MMCME4_ADV (Prop_MMCM_CLKIN1_CLKOUT0)
                                                     -0.295     0.908 r  harnessSysPLL/inst/mmcme4_adv_inst/CLKOUT0
                         net (fo=1, routed)           0.166     1.074    harnessSysPLL/inst/clk_out1_harnessSysPLL
    BUFGCE_X1Y137        BUFGCE (Prop_BUFCE_BUFGCE_I_O)
                                                      0.019     1.093 r  harnessSysPLL/inst/clkout1_buf/O
    X1Y2 (CLOCK_ROOT)    net (fo=29752, routed)       1.611     2.704    chiptop0/system/chipyard_prcictrl_domain/resetSynchronizer/nodeOut_member_allClocks_uncore_reset_catcher/io_sync_reset_chain/output_chain/clk_out1
    SLICE_X67Y190        FDCE                                         r  chiptop0/system/chipyard_prcictrl_domain/resetSynchronizer/nodeOut_member_allClocks_uncore_reset_catcher/io_sync_reset_chain/output_chain/sync_1_reg/C
                         clock pessimism              0.165     2.869    
    SLICE_X67Y190        FDCE (Remov_EFF2_SLICEM_C_CLR)
                                                     -0.020     2.849    chiptop0/system/chipyard_prcictrl_domain/resetSynchronizer/nodeOut_member_allClocks_uncore_reset_catcher/io_sync_reset_chain/output_chain/sync_1_reg
  -------------------------------------------------------------------
                         required time                         -2.849    
                         arrival time                           3.059    
  -------------------------------------------------------------------
                         slack                                  0.210    

Slack (MET) :             0.210ns  (arrival time - required time)
  Source:                 dutWrangler/nodeOut_reset_catcher/io_sync_reset_chain/output_chain/sync_0_reg/C
                            (rising edge-triggered cell FDCE clocked by clk_out1_harnessSysPLL  {rise@0.000ns fall@9.999ns period=19.998ns})
  Destination:            chiptop0/system/chipyard_prcictrl_domain/resetSynchronizer/nodeOut_member_allClocks_uncore_reset_catcher/io_sync_reset_chain/output_chain/sync_2_reg/CLR
                            (removal check against rising-edge clock clk_out1_harnessSysPLL  {rise@0.000ns fall@9.999ns period=19.998ns})
  Path Group:             **async_default**
  Path Type:              Removal (Min at Fast Process Corner)
  Requirement:            0.000ns  (clk_out1_harnessSysPLL rise@0.000ns - clk_out1_harnessSysPLL rise@0.000ns)
  Data Path Delay:        0.225ns  (logic 0.038ns (16.889%)  route 0.187ns (83.111%))
  Logic Levels:           0  
  Clock Path Skew:        0.035ns (DCD - SCD - CPR)
    Destination Clock Delay (DCD):    2.704ns
    Source Clock Delay      (SCD):    2.834ns
    Clock Pessimism Removal (CPR):    -0.165ns
  Clock Net Delay (Source):      1.453ns (routing 0.697ns, distribution 0.756ns)
  Clock Net Delay (Destination): 1.611ns (routing 0.775ns, distribution 0.836ns)

    Location             Delay type                Incr(ns)  Path(ns)    Netlist Resource(s)
  -------------------------------------------------------------------    -------------------
                         (clock clk_out1_harnessSysPLL rise edge)
                                                      0.000     0.000 r  
    H11                                               0.000     0.000 r  sys_clock_p (IN)
                         net (fo=0)                   0.000     0.000    sys_clock_ibufds/I
    HPIOBDIFFINBUF_X1Y132
                         DIFFINBUF (Prop_DIFFINBUF_HPIOBDIFFINBUF_DIFF_IN_P_O)
                                                      0.256     0.256 r  sys_clock_ibufds/DIFFINBUF_INST/O
                         net (fo=1, routed)           0.040     0.296    sys_clock_ibufds/OUT
    H11                  IBUFCTRL (Prop_IBUFCTRL_HPIOB_M_I_O)
                                                      0.000     0.296 r  sys_clock_ibufds/IBUFCTRL_INST/O
                         net (fo=1, routed)           0.144     0.440    _sys_clock_ibufds_O
    BUFGCE_X1Y129        BUFGCE (Prop_BUFCE_BUFGCE_I_O)
                                                      0.017     0.457 r  _sys_clock_ibufds_O_BUFG_inst/O
                         net (fo=2, routed)           0.531     0.988    harnessSysPLL/inst/clk_in1
    MMCM_X1Y5            MMCME4_ADV (Prop_MMCM_CLKIN1_CLKOUT0)
                                                      0.230     1.218 r  harnessSysPLL/inst/mmcme4_adv_inst/CLKOUT0
                         net (fo=1, routed)           0.146     1.364    harnessSysPLL/inst/clk_out1_harnessSysPLL
    BUFGCE_X1Y137        BUFGCE (Prop_BUFCE_BUFGCE_I_O)
                                                      0.017     1.381 r  harnessSysPLL/inst/clkout1_buf/O
    X1Y2 (CLOCK_ROOT)    net (fo=29752, routed)       1.453     2.834    dutWrangler/nodeOut_reset_catcher/io_sync_reset_chain/output_chain/clk_out1
    SLICE_X71Y186        FDCE                                         r  dutWrangler/nodeOut_reset_catcher/io_sync_reset_chain/output_chain/sync_0_reg/C
  -------------------------------------------------------------------    -------------------
    SLICE_X71Y186        FDCE (Prop_EFF_SLICEM_C_Q)
                                                      0.038     2.872 r  dutWrangler/nodeOut_reset_catcher/io_sync_reset_chain/output_chain/sync_0_reg/Q
                         net (fo=399, routed)         0.187     3.059    chiptop0/system/chipyard_prcictrl_domain/resetSynchronizer/nodeOut_member_allClocks_uncore_reset_catcher/io_sync_reset_chain/output_chain/_dutWrangler_auto_out_reset
    SLICE_X67Y190        FDCE                                         f  chiptop0/system/chipyard_prcictrl_domain/resetSynchronizer/nodeOut_member_allClocks_uncore_reset_catcher/io_sync_reset_chain/output_chain/sync_2_reg/CLR  (IS_INVERTED)
  -------------------------------------------------------------------    -------------------

                         (clock clk_out1_harnessSysPLL rise edge)
                                                      0.000     0.000 r  
    H11                                               0.000     0.000 r  sys_clock_p (IN)
                         net (fo=0)                   0.000     0.000    sys_clock_ibufds/I
    HPIOBDIFFINBUF_X1Y132
                         DIFFINBUF (Prop_DIFFINBUF_HPIOBDIFFINBUF_DIFF_IN_P_O)
                                                      0.354     0.354 r  sys_clock_ibufds/DIFFINBUF_INST/O
                         net (fo=1, routed)           0.050     0.404    sys_clock_ibufds/OUT
    H11                  IBUFCTRL (Prop_IBUFCTRL_HPIOB_M_I_O)
                                                      0.000     0.404 r  sys_clock_ibufds/IBUFCTRL_INST/O
                         net (fo=1, routed)           0.181     0.585    _sys_clock_ibufds_O
    BUFGCE_X1Y129        BUFGCE (Prop_BUFCE_BUFGCE_I_O)
                                                      0.019     0.604 r  _sys_clock_ibufds_O_BUFG_inst/O
                         net (fo=2, routed)           0.599     1.203    harnessSysPLL/inst/clk_in1
    MMCM_X1Y5            MMCME4_ADV (Prop_MMCM_CLKIN1_CLKOUT0)
                                                     -0.295     0.908 r  harnessSysPLL/inst/mmcme4_adv_inst/CLKOUT0
                         net (fo=1, routed)           0.166     1.074    harnessSysPLL/inst/clk_out1_harnessSysPLL
    BUFGCE_X1Y137        BUFGCE (Prop_BUFCE_BUFGCE_I_O)
                                                      0.019     1.093 r  harnessSysPLL/inst/clkout1_buf/O
    X1Y2 (CLOCK_ROOT)    net (fo=29752, routed)       1.611     2.704    chiptop0/system/chipyard_prcictrl_domain/resetSynchronizer/nodeOut_member_allClocks_uncore_reset_catcher/io_sync_reset_chain/output_chain/clk_out1
    SLICE_X67Y190        FDCE                                         r  chiptop0/system/chipyard_prcictrl_domain/resetSynchronizer/nodeOut_member_allClocks_uncore_reset_catcher/io_sync_reset_chain/output_chain/sync_2_reg/C
                         clock pessimism              0.165     2.869    
    SLICE_X67Y190        FDCE (Remov_FFF_SLICEM_C_CLR)
                                                     -0.020     2.849    chiptop0/system/chipyard_prcictrl_domain/resetSynchronizer/nodeOut_member_allClocks_uncore_reset_catcher/io_sync_reset_chain/output_chain/sync_2_reg
  -------------------------------------------------------------------
                         required time                         -2.849    
                         arrival time                           3.059    
  -------------------------------------------------------------------
                         slack                                  0.210    

Slack (MET) :             0.214ns  (arrival time - required time)
  Source:                 chiptop0/debug_reset_syncd_debug_reset_sync/output_chain/sync_0_reg/C
                            (rising edge-triggered cell FDCE clocked by clk_out1_harnessSysPLL  {rise@0.000ns fall@9.999ns period=19.998ns})
  Destination:            chiptop0/system/tlDM/dmInner/dmInner/hartIsInResetSync_0_debug_hartReset_0/output_chain/sync_0_reg/CLR
                            (removal check against rising-edge clock clk_out1_harnessSysPLL  {rise@0.000ns fall@9.999ns period=19.998ns})
  Path Group:             **async_default**
  Path Type:              Removal (Min at Slow Process Corner)
  Requirement:            0.000ns  (clk_out1_harnessSysPLL rise@0.000ns - clk_out1_harnessSysPLL rise@0.000ns)
  Data Path Delay:        2.247ns  (logic 0.058ns (2.581%)  route 2.189ns (97.419%))
  Logic Levels:           0  
  Clock Path Skew:        2.065ns (DCD - SCD - CPR)
    Destination Clock Delay (DCD):    6.506ns
    Source Clock Delay      (SCD):    4.789ns
    Clock Pessimism Removal (CPR):    -0.348ns
  Clock Net Delay (Source):      2.346ns (routing 1.148ns, distribution 1.198ns)
  Clock Net Delay (Destination): 1.411ns (routing 0.532ns, distribution 0.879ns)

    Location             Delay type                Incr(ns)  Path(ns)    Netlist Resource(s)
  -------------------------------------------------------------------    -------------------
                         (clock clk_out1_harnessSysPLL rise edge)
                                                      0.000     0.000 r  
    H11                                               0.000     0.000 r  sys_clock_p (IN)
                         net (fo=0)                   0.000     0.000    sys_clock_ibufds/I
    HPIOBDIFFINBUF_X1Y132
                         DIFFINBUF (Prop_DIFFINBUF_HPIOBDIFFINBUF_DIFF_IN_P_O)
                                                      0.401     0.401 r  sys_clock_ibufds/DIFFINBUF_INST/O
                         net (fo=1, routed)           0.040     0.441    sys_clock_ibufds/OUT
    H11                  IBUFCTRL (Prop_IBUFCTRL_HPIOB_M_I_O)
                                                      0.000     0.441 r  sys_clock_ibufds/IBUFCTRL_INST/O
                         net (fo=1, routed)           0.286     0.727    _sys_clock_ibufds_O
    BUFGCE_X1Y129        BUFGCE (Prop_BUFCE_BUFGCE_I_O)
                                                      0.024     0.751 r  _sys_clock_ibufds_O_BUFG_inst/O
                         net (fo=2, routed)           0.822     1.573    harnessSysPLL/inst/clk_in1
    MMCM_X1Y5            MMCME4_ADV (Prop_MMCM_CLKIN1_CLKOUT0)
                                                      0.630     2.203 r  harnessSysPLL/inst/mmcme4_adv_inst/CLKOUT0
                         net (fo=1, routed)           0.216     2.419    harnessSysPLL/inst/clk_out1_harnessSysPLL
    BUFGCE_X1Y137        BUFGCE (Prop_BUFCE_BUFGCE_I_O)
                                                      0.024     2.443 r  harnessSysPLL/inst/clkout1_buf/O
    X1Y2 (CLOCK_ROOT)    net (fo=29752, routed)       2.346     4.789    chiptop0/debug_reset_syncd_debug_reset_sync/output_chain/clk_out1
    SLICE_X86Y213        FDCE                                         r  chiptop0/debug_reset_syncd_debug_reset_sync/output_chain/sync_0_reg/C
  -------------------------------------------------------------------    -------------------
    SLICE_X86Y213        FDCE (Prop_AFF_SLICEM_C_Q)
                                                      0.058     4.847 r  chiptop0/debug_reset_syncd_debug_reset_sync/output_chain/sync_0_reg/Q
                         net (fo=33, routed)          2.189     7.036    chiptop0/system/tlDM/dmInner/dmInner/hartIsInResetSync_0_debug_hartReset_0/output_chain/debug_reset
    SLICE_X87Y241        FDCE                                         f  chiptop0/system/tlDM/dmInner/dmInner/hartIsInResetSync_0_debug_hartReset_0/output_chain/sync_0_reg/CLR  (IS_INVERTED)
  -------------------------------------------------------------------    -------------------

                         (clock clk_out1_harnessSysPLL rise edge)
                                                      0.000     0.000 r  
    H11                                               0.000     0.000 r  sys_clock_p (IN)
                         net (fo=0)                   0.000     0.000    sys_clock_ibufds/I
    HPIOBDIFFINBUF_X1Y132
                         DIFFINBUF (Prop_DIFFINBUF_HPIOBDIFFINBUF_DIFF_IN_P_O)
                                                      0.497     0.497 r  sys_clock_ibufds/DIFFINBUF_INST/O
                         net (fo=1, routed)           0.050     0.547    sys_clock_ibufds/OUT
    H11                  IBUFCTRL (Prop_IBUFCTRL_HPIOB_M_I_O)
                                                      0.000     0.547 r  sys_clock_ibufds/IBUFCTRL_INST/O
                         net (fo=1, routed)           0.323     0.870    _sys_clock_ibufds_O
    BUFGCE_X1Y129        BUFGCE (Prop_BUFCE_BUFGCE_I_O)
                                                      0.028     0.898 r  _sys_clock_ibufds_O_BUFG_inst/O
                         net (fo=2, routed)           0.934     1.832    harnessSysPLL/inst/clk_in1
    MMCM_X1Y5            MMCME4_ADV (Prop_MMCM_CLKIN1_CLKOUT0)
                                                     -0.127     1.705 r  harnessSysPLL/inst/mmcme4_adv_inst/CLKOUT0
                         net (fo=1, routed)           0.245     1.950    harnessSysPLL/inst/clk_out1_harnessSysPLL
    BUFGCE_X1Y137        BUFGCE (Prop_BUFCE_BUFGCE_I_O)
                                                      0.028     1.978 r  harnessSysPLL/inst/clkout1_buf/O
                         net (fo=29752, routed)       2.545     4.523    chiptop0/gated_clock_debug_clock_gate/clk_out1
    SLICE_X66Y151        LUT2 (Prop_H6LUT_SLICEL_I1_O)
                                                      0.150     4.673 r  chiptop0/gated_clock_debug_clock_gate/ABSTRACTAUTOReg_autoexecdata[7]_i_5/O
                         net (fo=1, routed)           0.394     5.067    chiptop0_n_240
    BUFGCE_X1Y48         BUFGCE (Prop_BUFCE_BUFGCE_I_O)
                                                      0.028     5.095 r  ABSTRACTAUTOReg_autoexecdata_reg[7]_i_3/O
    X2Y3 (CLOCK_ROOT)    net (fo=1068, routed)        1.411     6.506    chiptop0/system/tlDM/dmInner/dmInner/hartIsInResetSync_0_debug_hartReset_0/output_chain/sync_0_reg_0
    SLICE_X87Y241        FDCE                                         r  chiptop0/system/tlDM/dmInner/dmInner/hartIsInResetSync_0_debug_hartReset_0/output_chain/sync_0_reg/C
                         clock pessimism              0.348     6.854    
    SLICE_X87Y241        FDCE (Remov_AFF_SLICEL_C_CLR)
                                                     -0.032     6.822    chiptop0/system/tlDM/dmInner/dmInner/hartIsInResetSync_0_debug_hartReset_0/output_chain/sync_0_reg
  -------------------------------------------------------------------
                         required time                         -6.822    
                         arrival time                           7.036    
  -------------------------------------------------------------------
                         slack                                  0.214    

Slack (MET) :             0.225ns  (arrival time - required time)
  Source:                 chiptop0/debug_reset_syncd_debug_reset_sync/output_chain/sync_0_reg/C
                            (rising edge-triggered cell FDCE clocked by clk_out1_harnessSysPLL  {rise@0.000ns fall@9.999ns period=19.998ns})
  Destination:            chiptop0/system/tlDM/dmInner/dmactive_synced_dmactive_synced_dmactiveSync/output_chain/sync_0_reg/CLR
                            (removal check against rising-edge clock clk_out1_harnessSysPLL  {rise@0.000ns fall@9.999ns period=19.998ns})
  Path Group:             **async_default**
  Path Type:              Removal (Min at Slow Process Corner)
  Requirement:            0.000ns  (clk_out1_harnessSysPLL rise@0.000ns - clk_out1_harnessSysPLL rise@0.000ns)
  Data Path Delay:        2.234ns  (logic 0.058ns (2.596%)  route 2.176ns (97.404%))
  Logic Levels:           0  
  Clock Path Skew:        2.041ns (DCD - SCD - CPR)
    Destination Clock Delay (DCD):    6.482ns
    Source Clock Delay      (SCD):    4.789ns
    Clock Pessimism Removal (CPR):    -0.348ns
  Clock Net Delay (Source):      2.346ns (routing 1.148ns, distribution 1.198ns)
  Clock Net Delay (Destination): 1.387ns (routing 0.532ns, distribution 0.855ns)

    Location             Delay type                Incr(ns)  Path(ns)    Netlist Resource(s)
  -------------------------------------------------------------------    -------------------
                         (clock clk_out1_harnessSysPLL rise edge)
                                                      0.000     0.000 r  
    H11                                               0.000     0.000 r  sys_clock_p (IN)
                         net (fo=0)                   0.000     0.000    sys_clock_ibufds/I
    HPIOBDIFFINBUF_X1Y132
                         DIFFINBUF (Prop_DIFFINBUF_HPIOBDIFFINBUF_DIFF_IN_P_O)
                                                      0.401     0.401 r  sys_clock_ibufds/DIFFINBUF_INST/O
                         net (fo=1, routed)           0.040     0.441    sys_clock_ibufds/OUT
    H11                  IBUFCTRL (Prop_IBUFCTRL_HPIOB_M_I_O)
                                                      0.000     0.441 r  sys_clock_ibufds/IBUFCTRL_INST/O
                         net (fo=1, routed)           0.286     0.727    _sys_clock_ibufds_O
    BUFGCE_X1Y129        BUFGCE (Prop_BUFCE_BUFGCE_I_O)
                                                      0.024     0.751 r  _sys_clock_ibufds_O_BUFG_inst/O
                         net (fo=2, routed)           0.822     1.573    harnessSysPLL/inst/clk_in1
    MMCM_X1Y5            MMCME4_ADV (Prop_MMCM_CLKIN1_CLKOUT0)
                                                      0.630     2.203 r  harnessSysPLL/inst/mmcme4_adv_inst/CLKOUT0
                         net (fo=1, routed)           0.216     2.419    harnessSysPLL/inst/clk_out1_harnessSysPLL
    BUFGCE_X1Y137        BUFGCE (Prop_BUFCE_BUFGCE_I_O)
                                                      0.024     2.443 r  harnessSysPLL/inst/clkout1_buf/O
    X1Y2 (CLOCK_ROOT)    net (fo=29752, routed)       2.346     4.789    chiptop0/debug_reset_syncd_debug_reset_sync/output_chain/clk_out1
    SLICE_X86Y213        FDCE                                         r  chiptop0/debug_reset_syncd_debug_reset_sync/output_chain/sync_0_reg/C
  -------------------------------------------------------------------    -------------------
    SLICE_X86Y213        FDCE (Prop_AFF_SLICEM_C_Q)
                                                      0.058     4.847 r  chiptop0/debug_reset_syncd_debug_reset_sync/output_chain/sync_0_reg/Q
                         net (fo=33, routed)          2.176     7.023    chiptop0/system/tlDM/dmInner/dmactive_synced_dmactive_synced_dmactiveSync/output_chain/debug_reset
    SLICE_X85Y234        FDCE                                         f  chiptop0/system/tlDM/dmInner/dmactive_synced_dmactive_synced_dmactiveSync/output_chain/sync_0_reg/CLR  (IS_INVERTED)
  -------------------------------------------------------------------    -------------------

                         (clock clk_out1_harnessSysPLL rise edge)
                                                      0.000     0.000 r  
    H11                                               0.000     0.000 r  sys_clock_p (IN)
                         net (fo=0)                   0.000     0.000    sys_clock_ibufds/I
    HPIOBDIFFINBUF_X1Y132
                         DIFFINBUF (Prop_DIFFINBUF_HPIOBDIFFINBUF_DIFF_IN_P_O)
                                                      0.497     0.497 r  sys_clock_ibufds/DIFFINBUF_INST/O
                         net (fo=1, routed)           0.050     0.547    sys_clock_ibufds/OUT
    H11                  IBUFCTRL (Prop_IBUFCTRL_HPIOB_M_I_O)
                                                      0.000     0.547 r  sys_clock_ibufds/IBUFCTRL_INST/O
                         net (fo=1, routed)           0.323     0.870    _sys_clock_ibufds_O
    BUFGCE_X1Y129        BUFGCE (Prop_BUFCE_BUFGCE_I_O)
                                                      0.028     0.898 r  _sys_clock_ibufds_O_BUFG_inst/O
                         net (fo=2, routed)           0.934     1.832    harnessSysPLL/inst/clk_in1
    MMCM_X1Y5            MMCME4_ADV (Prop_MMCM_CLKIN1_CLKOUT0)
                                                     -0.127     1.705 r  harnessSysPLL/inst/mmcme4_adv_inst/CLKOUT0
                         net (fo=1, routed)           0.245     1.950    harnessSysPLL/inst/clk_out1_harnessSysPLL
    BUFGCE_X1Y137        BUFGCE (Prop_BUFCE_BUFGCE_I_O)
                                                      0.028     1.978 r  harnessSysPLL/inst/clkout1_buf/O
                         net (fo=29752, routed)       2.545     4.523    chiptop0/gated_clock_debug_clock_gate/clk_out1
    SLICE_X66Y151        LUT2 (Prop_H6LUT_SLICEL_I1_O)
                                                      0.150     4.673 r  chiptop0/gated_clock_debug_clock_gate/ABSTRACTAUTOReg_autoexecdata[7]_i_5/O
                         net (fo=1, routed)           0.394     5.067    chiptop0_n_240
    BUFGCE_X1Y48         BUFGCE (Prop_BUFCE_BUFGCE_I_O)
                                                      0.028     5.095 r  ABSTRACTAUTOReg_autoexecdata_reg[7]_i_3/O
    X2Y3 (CLOCK_ROOT)    net (fo=1068, routed)        1.387     6.482    chiptop0/system/tlDM/dmInner/dmactive_synced_dmactive_synced_dmactiveSync/output_chain/sync_0_reg_rep_3
    SLICE_X85Y234        FDCE                                         r  chiptop0/system/tlDM/dmInner/dmactive_synced_dmactive_synced_dmactiveSync/output_chain/sync_0_reg/C
                         clock pessimism              0.348     6.830    
    SLICE_X85Y234        FDCE (Remov_EFF_SLICEL_C_CLR)
                                                     -0.032     6.798    chiptop0/system/tlDM/dmInner/dmactive_synced_dmactive_synced_dmactiveSync/output_chain/sync_0_reg
  -------------------------------------------------------------------
                         required time                         -6.798    
                         arrival time                           7.023    
  -------------------------------------------------------------------
                         slack                                  0.225    

Slack (MET) :             0.225ns  (arrival time - required time)
  Source:                 chiptop0/debug_reset_syncd_debug_reset_sync/output_chain/sync_0_reg/C
                            (rising edge-triggered cell FDCE clocked by clk_out1_harnessSysPLL  {rise@0.000ns fall@9.999ns period=19.998ns})
  Destination:            chiptop0/system/tlDM/dmInner/dmactive_synced_dmactive_synced_dmactiveSync/output_chain/sync_0_reg_rep/CLR
                            (removal check against rising-edge clock clk_out1_harnessSysPLL  {rise@0.000ns fall@9.999ns period=19.998ns})
  Path Group:             **async_default**
  Path Type:              Removal (Min at Slow Process Corner)
  Requirement:            0.000ns  (clk_out1_harnessSysPLL rise@0.000ns - clk_out1_harnessSysPLL rise@0.000ns)
  Data Path Delay:        2.234ns  (logic 0.058ns (2.596%)  route 2.176ns (97.404%))
  Logic Levels:           0  
  Clock Path Skew:        2.041ns (DCD - SCD - CPR)
    Destination Clock Delay (DCD):    6.482ns
    Source Clock Delay      (SCD):    4.789ns
    Clock Pessimism Removal (CPR):    -0.348ns
  Clock Net Delay (Source):      2.346ns (routing 1.148ns, distribution 1.198ns)
  Clock Net Delay (Destination): 1.387ns (routing 0.532ns, distribution 0.855ns)

    Location             Delay type                Incr(ns)  Path(ns)    Netlist Resource(s)
  -------------------------------------------------------------------    -------------------
                         (clock clk_out1_harnessSysPLL rise edge)
                                                      0.000     0.000 r  
    H11                                               0.000     0.000 r  sys_clock_p (IN)
                         net (fo=0)                   0.000     0.000    sys_clock_ibufds/I
    HPIOBDIFFINBUF_X1Y132
                         DIFFINBUF (Prop_DIFFINBUF_HPIOBDIFFINBUF_DIFF_IN_P_O)
                                                      0.401     0.401 r  sys_clock_ibufds/DIFFINBUF_INST/O
                         net (fo=1, routed)           0.040     0.441    sys_clock_ibufds/OUT
    H11                  IBUFCTRL (Prop_IBUFCTRL_HPIOB_M_I_O)
                                                      0.000     0.441 r  sys_clock_ibufds/IBUFCTRL_INST/O
                         net (fo=1, routed)           0.286     0.727    _sys_clock_ibufds_O
    BUFGCE_X1Y129        BUFGCE (Prop_BUFCE_BUFGCE_I_O)
                                                      0.024     0.751 r  _sys_clock_ibufds_O_BUFG_inst/O
                         net (fo=2, routed)           0.822     1.573    harnessSysPLL/inst/clk_in1
    MMCM_X1Y5            MMCME4_ADV (Prop_MMCM_CLKIN1_CLKOUT0)
                                                      0.630     2.203 r  harnessSysPLL/inst/mmcme4_adv_inst/CLKOUT0
                         net (fo=1, routed)           0.216     2.419    harnessSysPLL/inst/clk_out1_harnessSysPLL
    BUFGCE_X1Y137        BUFGCE (Prop_BUFCE_BUFGCE_I_O)
                                                      0.024     2.443 r  harnessSysPLL/inst/clkout1_buf/O
    X1Y2 (CLOCK_ROOT)    net (fo=29752, routed)       2.346     4.789    chiptop0/debug_reset_syncd_debug_reset_sync/output_chain/clk_out1
    SLICE_X86Y213        FDCE                                         r  chiptop0/debug_reset_syncd_debug_reset_sync/output_chain/sync_0_reg/C
  -------------------------------------------------------------------    -------------------
    SLICE_X86Y213        FDCE (Prop_AFF_SLICEM_C_Q)
                                                      0.058     4.847 r  chiptop0/debug_reset_syncd_debug_reset_sync/output_chain/sync_0_reg/Q
                         net (fo=33, routed)          2.176     7.023    chiptop0/system/tlDM/dmInner/dmactive_synced_dmactive_synced_dmactiveSync/output_chain/debug_reset
    SLICE_X85Y234        FDCE                                         f  chiptop0/system/tlDM/dmInner/dmactive_synced_dmactive_synced_dmactiveSync/output_chain/sync_0_reg_rep/CLR  (IS_INVERTED)
  -------------------------------------------------------------------    -------------------

                         (clock clk_out1_harnessSysPLL rise edge)
                                                      0.000     0.000 r  
    H11                                               0.000     0.000 r  sys_clock_p (IN)
                         net (fo=0)                   0.000     0.000    sys_clock_ibufds/I
    HPIOBDIFFINBUF_X1Y132
                         DIFFINBUF (Prop_DIFFINBUF_HPIOBDIFFINBUF_DIFF_IN_P_O)
                                                      0.497     0.497 r  sys_clock_ibufds/DIFFINBUF_INST/O
                         net (fo=1, routed)           0.050     0.547    sys_clock_ibufds/OUT
    H11                  IBUFCTRL (Prop_IBUFCTRL_HPIOB_M_I_O)
                                                      0.000     0.547 r  sys_clock_ibufds/IBUFCTRL_INST/O
                         net (fo=1, routed)           0.323     0.870    _sys_clock_ibufds_O
    BUFGCE_X1Y129        BUFGCE (Prop_BUFCE_BUFGCE_I_O)
                                                      0.028     0.898 r  _sys_clock_ibufds_O_BUFG_inst/O
                         net (fo=2, routed)           0.934     1.832    harnessSysPLL/inst/clk_in1
    MMCM_X1Y5            MMCME4_ADV (Prop_MMCM_CLKIN1_CLKOUT0)
                                                     -0.127     1.705 r  harnessSysPLL/inst/mmcme4_adv_inst/CLKOUT0
                         net (fo=1, routed)           0.245     1.950    harnessSysPLL/inst/clk_out1_harnessSysPLL
    BUFGCE_X1Y137        BUFGCE (Prop_BUFCE_BUFGCE_I_O)
                                                      0.028     1.978 r  harnessSysPLL/inst/clkout1_buf/O
                         net (fo=29752, routed)       2.545     4.523    chiptop0/gated_clock_debug_clock_gate/clk_out1
    SLICE_X66Y151        LUT2 (Prop_H6LUT_SLICEL_I1_O)
                                                      0.150     4.673 r  chiptop0/gated_clock_debug_clock_gate/ABSTRACTAUTOReg_autoexecdata[7]_i_5/O
                         net (fo=1, routed)           0.394     5.067    chiptop0_n_240
    BUFGCE_X1Y48         BUFGCE (Prop_BUFCE_BUFGCE_I_O)
                                                      0.028     5.095 r  ABSTRACTAUTOReg_autoexecdata_reg[7]_i_3/O
    X2Y3 (CLOCK_ROOT)    net (fo=1068, routed)        1.387     6.482    chiptop0/system/tlDM/dmInner/dmactive_synced_dmactive_synced_dmactiveSync/output_chain/sync_0_reg_rep_3
    SLICE_X85Y234        FDCE                                         r  chiptop0/system/tlDM/dmInner/dmactive_synced_dmactive_synced_dmactiveSync/output_chain/sync_0_reg_rep/C
                         clock pessimism              0.348     6.830    
    SLICE_X85Y234        FDCE (Remov_EFF2_SLICEL_C_CLR)
                                                     -0.032     6.798    chiptop0/system/tlDM/dmInner/dmactive_synced_dmactive_synced_dmactiveSync/output_chain/sync_0_reg_rep
  -------------------------------------------------------------------
                         required time                         -6.798    
                         arrival time                           7.023    
  -------------------------------------------------------------------
                         slack                                  0.225    

Slack (MET) :             0.225ns  (arrival time - required time)
  Source:                 chiptop0/debug_reset_syncd_debug_reset_sync/output_chain/sync_0_reg/C
                            (rising edge-triggered cell FDCE clocked by clk_out1_harnessSysPLL  {rise@0.000ns fall@9.999ns period=19.998ns})
  Destination:            chiptop0/system/tlDM/dmInner/dmactive_synced_dmactive_synced_dmactiveSync/output_chain/sync_1_reg/CLR
                            (removal check against rising-edge clock clk_out1_harnessSysPLL  {rise@0.000ns fall@9.999ns period=19.998ns})
  Path Group:             **async_default**
  Path Type:              Removal (Min at Slow Process Corner)
  Requirement:            0.000ns  (clk_out1_harnessSysPLL rise@0.000ns - clk_out1_harnessSysPLL rise@0.000ns)
  Data Path Delay:        2.234ns  (logic 0.058ns (2.596%)  route 2.176ns (97.404%))
  Logic Levels:           0  
  Clock Path Skew:        2.041ns (DCD - SCD - CPR)
    Destination Clock Delay (DCD):    6.482ns
    Source Clock Delay      (SCD):    4.789ns
    Clock Pessimism Removal (CPR):    -0.348ns
  Clock Net Delay (Source):      2.346ns (routing 1.148ns, distribution 1.198ns)
  Clock Net Delay (Destination): 1.387ns (routing 0.532ns, distribution 0.855ns)

    Location             Delay type                Incr(ns)  Path(ns)    Netlist Resource(s)
  -------------------------------------------------------------------    -------------------
                         (clock clk_out1_harnessSysPLL rise edge)
                                                      0.000     0.000 r  
    H11                                               0.000     0.000 r  sys_clock_p (IN)
                         net (fo=0)                   0.000     0.000    sys_clock_ibufds/I
    HPIOBDIFFINBUF_X1Y132
                         DIFFINBUF (Prop_DIFFINBUF_HPIOBDIFFINBUF_DIFF_IN_P_O)
                                                      0.401     0.401 r  sys_clock_ibufds/DIFFINBUF_INST/O
                         net (fo=1, routed)           0.040     0.441    sys_clock_ibufds/OUT
    H11                  IBUFCTRL (Prop_IBUFCTRL_HPIOB_M_I_O)
                                                      0.000     0.441 r  sys_clock_ibufds/IBUFCTRL_INST/O
                         net (fo=1, routed)           0.286     0.727    _sys_clock_ibufds_O
    BUFGCE_X1Y129        BUFGCE (Prop_BUFCE_BUFGCE_I_O)
                                                      0.024     0.751 r  _sys_clock_ibufds_O_BUFG_inst/O
                         net (fo=2, routed)           0.822     1.573    harnessSysPLL/inst/clk_in1
    MMCM_X1Y5            MMCME4_ADV (Prop_MMCM_CLKIN1_CLKOUT0)
                                                      0.630     2.203 r  harnessSysPLL/inst/mmcme4_adv_inst/CLKOUT0
                         net (fo=1, routed)           0.216     2.419    harnessSysPLL/inst/clk_out1_harnessSysPLL
    BUFGCE_X1Y137        BUFGCE (Prop_BUFCE_BUFGCE_I_O)
                                                      0.024     2.443 r  harnessSysPLL/inst/clkout1_buf/O
    X1Y2 (CLOCK_ROOT)    net (fo=29752, routed)       2.346     4.789    chiptop0/debug_reset_syncd_debug_reset_sync/output_chain/clk_out1
    SLICE_X86Y213        FDCE                                         r  chiptop0/debug_reset_syncd_debug_reset_sync/output_chain/sync_0_reg/C
  -------------------------------------------------------------------    -------------------
    SLICE_X86Y213        FDCE (Prop_AFF_SLICEM_C_Q)
                                                      0.058     4.847 r  chiptop0/debug_reset_syncd_debug_reset_sync/output_chain/sync_0_reg/Q
                         net (fo=33, routed)          2.176     7.023    chiptop0/system/tlDM/dmInner/dmactive_synced_dmactive_synced_dmactiveSync/output_chain/debug_reset
    SLICE_X85Y234        FDCE                                         f  chiptop0/system/tlDM/dmInner/dmactive_synced_dmactive_synced_dmactiveSync/output_chain/sync_1_reg/CLR  (IS_INVERTED)
  -------------------------------------------------------------------    -------------------

                         (clock clk_out1_harnessSysPLL rise edge)
                                                      0.000     0.000 r  
    H11                                               0.000     0.000 r  sys_clock_p (IN)
                         net (fo=0)                   0.000     0.000    sys_clock_ibufds/I
    HPIOBDIFFINBUF_X1Y132
                         DIFFINBUF (Prop_DIFFINBUF_HPIOBDIFFINBUF_DIFF_IN_P_O)
                                                      0.497     0.497 r  sys_clock_ibufds/DIFFINBUF_INST/O
                         net (fo=1, routed)           0.050     0.547    sys_clock_ibufds/OUT
    H11                  IBUFCTRL (Prop_IBUFCTRL_HPIOB_M_I_O)
                                                      0.000     0.547 r  sys_clock_ibufds/IBUFCTRL_INST/O
                         net (fo=1, routed)           0.323     0.870    _sys_clock_ibufds_O
    BUFGCE_X1Y129        BUFGCE (Prop_BUFCE_BUFGCE_I_O)
                                                      0.028     0.898 r  _sys_clock_ibufds_O_BUFG_inst/O
                         net (fo=2, routed)           0.934     1.832    harnessSysPLL/inst/clk_in1
    MMCM_X1Y5            MMCME4_ADV (Prop_MMCM_CLKIN1_CLKOUT0)
                                                     -0.127     1.705 r  harnessSysPLL/inst/mmcme4_adv_inst/CLKOUT0
                         net (fo=1, routed)           0.245     1.950    harnessSysPLL/inst/clk_out1_harnessSysPLL
    BUFGCE_X1Y137        BUFGCE (Prop_BUFCE_BUFGCE_I_O)
                                                      0.028     1.978 r  harnessSysPLL/inst/clkout1_buf/O
                         net (fo=29752, routed)       2.545     4.523    chiptop0/gated_clock_debug_clock_gate/clk_out1
    SLICE_X66Y151        LUT2 (Prop_H6LUT_SLICEL_I1_O)
                                                      0.150     4.673 r  chiptop0/gated_clock_debug_clock_gate/ABSTRACTAUTOReg_autoexecdata[7]_i_5/O
                         net (fo=1, routed)           0.394     5.067    chiptop0_n_240
    BUFGCE_X1Y48         BUFGCE (Prop_BUFCE_BUFGCE_I_O)
                                                      0.028     5.095 r  ABSTRACTAUTOReg_autoexecdata_reg[7]_i_3/O
    X2Y3 (CLOCK_ROOT)    net (fo=1068, routed)        1.387     6.482    chiptop0/system/tlDM/dmInner/dmactive_synced_dmactive_synced_dmactiveSync/output_chain/sync_0_reg_rep_3
    SLICE_X85Y234        FDCE                                         r  chiptop0/system/tlDM/dmInner/dmactive_synced_dmactive_synced_dmactiveSync/output_chain/sync_1_reg/C
                         clock pessimism              0.348     6.830    
    SLICE_X85Y234        FDCE (Remov_FFF_SLICEL_C_CLR)
                                                     -0.032     6.798    chiptop0/system/tlDM/dmInner/dmactive_synced_dmactive_synced_dmactiveSync/output_chain/sync_1_reg
  -------------------------------------------------------------------
                         required time                         -6.798    
                         arrival time                           7.023    
  -------------------------------------------------------------------
                         slack                                  0.225    





report_timing_summary: Time (s): cpu = 00:00:21 ; elapsed = 00:00:13 . Memory (MB): peak = 3432.617 ; gain = 272.363
# close_design
# exit
INFO: [Common 17-206] Exiting Vivado at Tue Mar 17 12:55:51 2026...
