'\\wsl.localhost\Ubuntu-22.04\root\chipyard\fpga'
用作为当前目录的以上路径启动了 CMD.EXE。
UNC 路径不受支持。默认值设为 Windows 目录。

==== check inputs ====
PAYLOAD_FILE=\\wsl.localhost\Ubuntu-22.04\root\chipyard\software\firemarshal\boards\default\firmware\opensbi\build\platform\generic\firmware\fw_payload.bin
PAYLOAD_SIZE_ALIGNED=0x1AD5000
BOOTADDR=0x80000000

==== connect and recover ====
attempting to launch hw_server

****** Xilinx hw_server v2021.2
  **** Build date : Oct 19 2021 at 03:13:30
    ** Copyright 1986-2021 Xilinx, Inc. All Rights Reserved.

INFO: hw_server application started
INFO: Use Ctrl-C to exit hw_server application



****** Xilinx hw_server v2021.2

  **** Build date : Oct 19 2021 at 03:13:30

    ** Copyright 1986-2021 Xilinx, Inc. All Rights Reserved.



INFO: hw_server application started

INFO: Use Ctrl-C to exit hw_server application




INFO: To connect to this hw_server instance use url: TCP:127.0.0.1:3121




==== psu init and fpga ====

==== payload download and bootaddr ====
POST_BOOTADDR_LO=1000:   80000000
POST_BOOTADDR_HI=1004:   00000000
POST_MSIP=2000000:   00000001

==== window compare ====
WINDOW_BASE=0x0
OFFSET_HYPOTHESIS=+0x2000
TARGET_WORDS=C7818BA1,17EA4785,37838CDD,8BC1F784,4785C781,8CDD17EE,F7843783,0207F793,4785C781,8CDD17F2,F7843783,0407F793,4785C781,8CDD17F6,051B85A6,20EF3209
PAYLOAD_SAME_WORDS=00050433,000584B3,00060933,55C000EF,00050833,00040533,000485B3,00090633,046358FD,1D630118,08170B05,08130004,4885FDE8,0118282F,0A081463,00040297
PAYLOAD_PLUS2000_WORDS=C7818BA1,17EA4785,37838CDD,8BC1F784,4785C781,8CDD17EE,F7843783,0207F793,4785C781,8CDD17F2,F7843783,0407F793,4785C781,8CDD17F6,051B85A6,20EF3209
WORD_0=target=C7818BA1 same=00050433 plus2000=C7818BA1 same_match=NO plus2000_match=YES
WORD_1=target=17EA4785 same=000584B3 plus2000=17EA4785 same_match=NO plus2000_match=YES
WORD_2=target=37838CDD same=00060933 plus2000=37838CDD same_match=NO plus2000_match=YES
WORD_3=target=8BC1F784 same=55C000EF plus2000=8BC1F784 same_match=NO plus2000_match=YES
WORD_4=target=4785C781 same=00050833 plus2000=4785C781 same_match=NO plus2000_match=YES
WORD_5=target=8CDD17EE same=00040533 plus2000=8CDD17EE same_match=NO plus2000_match=YES
WORD_6=target=F7843783 same=000485B3 plus2000=F7843783 same_match=NO plus2000_match=YES
WORD_7=target=0207F793 same=00090633 plus2000=0207F793 same_match=NO plus2000_match=YES
WORD_8=target=4785C781 same=046358FD plus2000=4785C781 same_match=NO plus2000_match=YES
WORD_9=target=8CDD17F2 same=1D630118 plus2000=8CDD17F2 same_match=NO plus2000_match=YES
WORD_10=target=F7843783 same=08170B05 plus2000=F7843783 same_match=NO plus2000_match=YES
WORD_11=target=0407F793 same=08130004 plus2000=0407F793 same_match=NO plus2000_match=YES
WORD_12=target=4785C781 same=4885FDE8 plus2000=4785C781 same_match=NO plus2000_match=YES
WORD_13=target=8CDD17F6 same=0118282F plus2000=8CDD17F6 same_match=NO plus2000_match=YES
WORD_14=target=051B85A6 same=0A081463 plus2000=051B85A6 same_match=NO plus2000_match=YES
WORD_15=target=20EF3209 same=00040297 plus2000=20EF3209 same_match=NO plus2000_match=YES
MATCH_SAME_OFFSET=0/16
MATCH_PLUS_2000=16/16
FULL_MATCH_SAME_OFFSET=NO
FULL_MATCH_PLUS_2000=YES
WINDOW_SUMMARY=base=0x0 match_self=no match_plus_0x2000=yes matched_words_self=0/16 matched_words_plus_0x2000=16/16
WINDOW_MISMATCH_ADDRS_SELF=0x0,0x4,0x8,0xC,0x10,0x14,0x18,0x1C,0x20,0x24,0x28,0x2C,0x30,0x34,0x38,0x3C
WINDOW_MISMATCH_ADDRS_PLUS_0X2000=none
WINDOW_BASE=0x40
OFFSET_HYPOTHESIS=+0x2000
TARGET_WORDS=6B0A52D0,7C467BE6,7D067CA6,A8CD6DE6,F7843783,0017F713,20071363,F6843783,0B93FCDE,0593F884,855E0400,F8F43423,088040EF,0005091B,03F00713,000A849B
PAYLOAD_SAME_WORDS=FDC28293,00000317,FBC30313,0062B023,00040297,FD028293,0002B283,405303B3,00040E17,FA0E0E13,007E3023,00027297,33C28293,00029317,55430313,06628363
PAYLOAD_PLUS2000_WORDS=6B0A52D0,7C467BE6,7D067CA6,A8CD6DE6,F7843783,0017F713,20071363,F6843783,0B93FCDE,0593F884,855E0400,F8F43423,088040EF,0005091B,03F00713,000A849B
WORD_0=target=6B0A52D0 same=FDC28293 plus2000=6B0A52D0 same_match=NO plus2000_match=YES
WORD_1=target=7C467BE6 same=00000317 plus2000=7C467BE6 same_match=NO plus2000_match=YES
WORD_2=target=7D067CA6 same=FBC30313 plus2000=7D067CA6 same_match=NO plus2000_match=YES
WORD_3=target=A8CD6DE6 same=0062B023 plus2000=A8CD6DE6 same_match=NO plus2000_match=YES
WORD_4=target=F7843783 same=00040297 plus2000=F7843783 same_match=NO plus2000_match=YES
WORD_5=target=0017F713 same=FD028293 plus2000=0017F713 same_match=NO plus2000_match=YES
WORD_6=target=20071363 same=0002B283 plus2000=20071363 same_match=NO plus2000_match=YES
WORD_7=target=F6843783 same=405303B3 plus2000=F6843783 same_match=NO plus2000_match=YES
WORD_8=target=0B93FCDE same=00040E17 plus2000=0B93FCDE same_match=NO plus2000_match=YES
WORD_9=target=0593F884 same=FA0E0E13 plus2000=0593F884 same_match=NO plus2000_match=YES
WORD_10=target=855E0400 same=007E3023 plus2000=855E0400 same_match=NO plus2000_match=YES
WORD_11=target=F8F43423 same=00027297 plus2000=F8F43423 same_match=NO plus2000_match=YES
WORD_12=target=088040EF same=33C28293 plus2000=088040EF same_match=NO plus2000_match=YES
WORD_13=target=0005091B same=00029317 plus2000=0005091B same_match=NO plus2000_match=YES
WORD_14=target=03F00713 same=55430313 plus2000=03F00713 same_match=NO plus2000_match=YES
WORD_15=target=000A849B same=06628363 plus2000=000A849B same_match=NO plus2000_match=YES
MATCH_SAME_OFFSET=0/16
MATCH_PLUS_2000=16/16
FULL_MATCH_SAME_OFFSET=NO
FULL_MATCH_PLUS_2000=YES
WINDOW_SUMMARY=base=0x40 match_self=no match_plus_0x2000=yes matched_words_self=0/16 matched_words_plus_0x2000=16/16
WINDOW_MISMATCH_ADDRS_SELF=0x40,0x44,0x48,0x4C,0x50,0x54,0x58,0x5C,0x60,0x64,0x68,0x6C,0x70,0x74,0x78,0x7C
WINDOW_MISMATCH_ADDRS_PLUS_0X2000=none
WINDOW_BASE=0x80
OFFSET_HYPOTHESIS=+0x2000
TARGET_WORDS=23274B63,6C03F8E2,E15AF604,1A93F4E6,9AE2001C,4B17F0EA,0B130004,0A925C2B,0C935D7D,268303F0,87B3000A,078A012A,0099073B,676397DA,260302D7,8DE2014A
PAYLOAD_SAME_WORDS=BF03A8A1,4E0DFF02,01CF1B63,FE82BE03,FF82BF03,9E1E9F1E,01EE3023,7E97A835,8E930002,BF03F62E,5F93FF02,7F13020F,4E090FFF,03CF1263,FE82BE03,8FB34F61
PAYLOAD_PLUS2000_WORDS=23274B63,6C03F8E2,E15AF604,1A93F4E6,9AE2001C,4B17F0EA,0B130004,0A925C2B,0C935D7D,268303F0,87B3000A,078A012A,0099073B,676397DA,260302D7,8DE2014A
WORD_0=target=23274B63 same=BF03A8A1 plus2000=23274B63 same_match=NO plus2000_match=YES
WORD_1=target=6C03F8E2 same=4E0DFF02 plus2000=6C03F8E2 same_match=NO plus2000_match=YES
WORD_2=target=E15AF604 same=01CF1B63 plus2000=E15AF604 same_match=NO plus2000_match=YES
WORD_3=target=1A93F4E6 same=FE82BE03 plus2000=1A93F4E6 same_match=NO plus2000_match=YES
WORD_4=target=9AE2001C same=FF82BF03 plus2000=9AE2001C same_match=NO plus2000_match=YES
WORD_5=target=4B17F0EA same=9E1E9F1E plus2000=4B17F0EA same_match=NO plus2000_match=YES
WORD_6=target=0B130004 same=01EE3023 plus2000=0B130004 same_match=NO plus2000_match=YES
WORD_7=target=0A925C2B same=7E97A835 plus2000=0A925C2B same_match=NO plus2000_match=YES
WORD_8=target=0C935D7D same=8E930002 plus2000=0C935D7D same_match=NO plus2000_match=YES
WORD_9=target=268303F0 same=BF03F62E plus2000=268303F0 same_match=NO plus2000_match=YES
WORD_10=target=87B3000A same=5F93FF02 plus2000=87B3000A same_match=NO plus2000_match=YES
WORD_11=target=078A012A same=7F13020F plus2000=078A012A same_match=NO plus2000_match=YES
WORD_12=target=0099073B same=4E090FFF plus2000=0099073B same_match=NO plus2000_match=YES
WORD_13=target=676397DA same=03CF1263 plus2000=676397DA same_match=NO plus2000_match=YES
WORD_14=target=260302D7 same=FE82BE03 plus2000=260302D7 same_match=NO plus2000_match=YES
WORD_15=target=8DE2014A same=8FB34F61 plus2000=8DE2014A same_match=NO plus2000_match=YES
MATCH_SAME_OFFSET=0/16
MATCH_PLUS_2000=16/16
FULL_MATCH_SAME_OFFSET=NO
FULL_MATCH_PLUS_2000=YES
WINDOW_SUMMARY=base=0x80 match_self=no match_plus_0x2000=yes matched_words_self=0/16 matched_words_plus_0x2000=16/16
WINDOW_MISMATCH_ADDRS_SELF=0x80,0x84,0x88,0x8C,0x90,0x94,0x98,0x9C,0xA0,0xA4,0xA8,0xAC,0xB0,0xB4,0xB8,0xBC
WINDOW_MISMATCH_ADDRS_PLUS_0X2000=none
WINDOW_BASE=0xC0
OFFSET_HYPOTHESIS=+0x2000
TARGET_WORDS=02C77263,85CE439C,40D7053B,01A79C63,F46347D5,37830D37,C3E1008A,CFD5779C,ED459782,0019061B,04000593,40EF855E,091B1D60,D8E30005,6B0AFB2C,7C467BE6
PAYLOAD_SAME_WORDS=8AB303EF,BF8301FE,BF03FF82,9F7E008A,9E1E9F1E,01EE3023,54E302E1,A011FA53,0297ACB1,82930004,4305F2E2,0062B023,0330000F,00EF4081,2A174320,0A130004
PAYLOAD_PLUS2000_WORDS=02C77263,85CE439C,40D7053B,01A79C63,F46347D5,37830D37,C3E1008A,CFD5779C,ED459782,0019061B,04000593,40EF855E,091B1D60,D8E30005,6B0AFB2C,7C467BE6
WORD_0=target=02C77263 same=8AB303EF plus2000=02C77263 same_match=NO plus2000_match=YES
WORD_1=target=85CE439C same=BF8301FE plus2000=85CE439C same_match=NO plus2000_match=YES
WORD_2=target=40D7053B same=BF03FF82 plus2000=40D7053B same_match=NO plus2000_match=YES
WORD_3=target=01A79C63 same=9F7E008A plus2000=01A79C63 same_match=NO plus2000_match=YES
WORD_4=target=F46347D5 same=9E1E9F1E plus2000=F46347D5 same_match=NO plus2000_match=YES
WORD_5=target=37830D37 same=01EE3023 plus2000=37830D37 same_match=NO plus2000_match=YES
WORD_6=target=C3E1008A same=54E302E1 plus2000=C3E1008A same_match=NO plus2000_match=YES
WORD_7=target=CFD5779C same=A011FA53 plus2000=CFD5779C same_match=NO plus2000_match=YES
WORD_8=target=ED459782 same=0297ACB1 plus2000=ED459782 same_match=NO plus2000_match=YES
WORD_9=target=0019061B same=82930004 plus2000=0019061B same_match=NO plus2000_match=YES
WORD_10=target=04000593 same=4305F2E2 plus2000=04000593 same_match=NO plus2000_match=YES
WORD_11=target=40EF855E same=0062B023 plus2000=40EF855E same_match=NO plus2000_match=YES
WORD_12=target=091B1D60 same=0330000F plus2000=091B1D60 same_match=NO plus2000_match=YES
WORD_13=target=D8E30005 same=00EF4081 plus2000=D8E30005 same_match=NO plus2000_match=YES
WORD_14=target=6B0AFB2C same=2A174320 plus2000=6B0AFB2C same_match=NO plus2000_match=YES
WORD_15=target=7C467BE6 same=0A130004 plus2000=7C467BE6 same_match=NO plus2000_match=YES
MATCH_SAME_OFFSET=0/16
MATCH_PLUS_2000=16/16
FULL_MATCH_SAME_OFFSET=NO
FULL_MATCH_PLUS_2000=YES
WINDOW_SUMMARY=base=0xC0 match_self=no match_plus_0x2000=yes matched_words_self=0/16 matched_words_plus_0x2000=16/16
WINDOW_MISMATCH_ADDRS_SELF=0xC0,0xC4,0xC8,0xCC,0xD0,0xD4,0xD8,0xDC,0xE0,0xE4,0xE8,0xEC,0xF0,0xF4,0xF8,0xFC
WINDOW_MISMATCH_ADDRS_PLUS_0X2000=none
WINDOW_BASE=0x100
OFFSET_HYPOTHESIS=+0x2000
TARGET_WORDS=7D067CA6,69EA6DE6,B3D95979,051B6505,4581B005,0125053B,453020EF,6B0AB539,7C467BE6,7D067CA6,37836DE6,891BF404,D3630007,597D0007,F4043783,FC07C5E3
PAYLOAD_SAME_WORDS=7A97F06A,8A930005,3023F76A,0A21000A,FF5A4DE3,00000A17,2F4A0A13,305A1073,00058A17,EE0A0A13,01336A89,0433015A,84B30005,09330005,89B30006,0A330006
PAYLOAD_PLUS2000_WORDS=7D067CA6,69EA6DE6,B3D95979,051B6505,4581B005,0125053B,453020EF,6B0AB539,7C467BE6,7D067CA6,37836DE6,891BF404,D3630007,597D0007,F4043783,FC07C5E3
WORD_0=target=7D067CA6 same=7A97F06A plus2000=7D067CA6 same_match=NO plus2000_match=YES
WORD_1=target=69EA6DE6 same=8A930005 plus2000=69EA6DE6 same_match=NO plus2000_match=YES
WORD_2=target=B3D95979 same=3023F76A plus2000=B3D95979 same_match=NO plus2000_match=YES
WORD_3=target=051B6505 same=0A21000A plus2000=051B6505 same_match=NO plus2000_match=YES
WORD_4=target=4581B005 same=FF5A4DE3 plus2000=4581B005 same_match=NO plus2000_match=YES
WORD_5=target=0125053B same=00000A17 plus2000=0125053B same_match=NO plus2000_match=YES
WORD_6=target=453020EF same=2F4A0A13 plus2000=453020EF same_match=NO plus2000_match=YES
WORD_7=target=6B0AB539 same=305A1073 plus2000=6B0AB539 same_match=NO plus2000_match=YES
WORD_8=target=7C467BE6 same=00058A17 plus2000=7C467BE6 same_match=NO plus2000_match=YES
WORD_9=target=7D067CA6 same=EE0A0A13 plus2000=7D067CA6 same_match=NO plus2000_match=YES
WORD_10=target=37836DE6 same=01336A89 plus2000=37836DE6 same_match=NO plus2000_match=YES
WORD_11=target=891BF404 same=0433015A plus2000=891BF404 same_match=NO plus2000_match=YES
WORD_12=target=D3630007 same=84B30005 plus2000=D3630007 same_match=NO plus2000_match=YES
WORD_13=target=597D0007 same=09330005 plus2000=597D0007 same_match=NO plus2000_match=YES
WORD_14=target=F4043783 same=89B30006 plus2000=F4043783 same_match=NO plus2000_match=YES
WORD_15=target=FC07C5E3 same=0A330006 plus2000=FC07C5E3 same_match=NO plus2000_match=YES
MATCH_SAME_OFFSET=0/16
MATCH_PLUS_2000=16/16
FULL_MATCH_SAME_OFFSET=NO
FULL_MATCH_PLUS_2000=YES
WINDOW_SUMMARY=base=0x100 match_self=no match_plus_0x2000=yes matched_words_self=0/16 matched_words_plus_0x2000=16/16
WINDOW_MISMATCH_ADDRS_SELF=0x100,0x104,0x108,0x10C,0x110,0x114,0x118,0x11C,0x120,0x124,0x128,0x12C,0x130,0x134,0x138,0x13C
WINDOW_MISMATCH_ADDRS_PLUS_0X2000=none
WINDOW_BASE=0x140
OFFSET_HYPOTHESIS=+0x2000
TARGET_WORDS=F6046703,00171793,079297BA,471797CA,07130004,078A50A7,370397BA,C398F504,F4843783,DA078EE3,B39D69EA,F8043423,F1402973,340026F3,000A6703,F6D43823
PAYLOAD_SAME_WORDS=00EF0007,053342E0,85B30004,06330004,86B30009,07330009,0433000A,84B30005,09330005,89B30006,0A330006,40EF0007,02B30C60,05330005,85B30004,06330004
PAYLOAD_PLUS2000_WORDS=F6046703,00171793,079297BA,471797CA,07130004,078A50A7,370397BA,C398F504,F4843783,DA078EE3,B39D69EA,F8043423,F1402973,340026F3,000A6703,F6D43823
WORD_0=target=F6046703 same=00EF0007 plus2000=F6046703 same_match=NO plus2000_match=YES
WORD_1=target=00171793 same=053342E0 plus2000=00171793 same_match=NO plus2000_match=YES
WORD_2=target=079297BA same=85B30004 plus2000=079297BA same_match=NO plus2000_match=YES
WORD_3=target=471797CA same=06330004 plus2000=471797CA same_match=NO plus2000_match=YES
WORD_4=target=07130004 same=86B30009 plus2000=07130004 same_match=NO plus2000_match=YES
WORD_5=target=078A50A7 same=07330009 plus2000=078A50A7 same_match=NO plus2000_match=YES
WORD_6=target=370397BA same=0433000A plus2000=370397BA same_match=NO plus2000_match=YES
WORD_7=target=C398F504 same=84B30005 plus2000=C398F504 same_match=NO plus2000_match=YES
WORD_8=target=F4843783 same=09330005 plus2000=F4843783 same_match=NO plus2000_match=YES
WORD_9=target=DA078EE3 same=89B30006 plus2000=DA078EE3 same_match=NO plus2000_match=YES
WORD_10=target=B39D69EA same=0A330006 plus2000=B39D69EA same_match=NO plus2000_match=YES
WORD_11=target=F8043423 same=40EF0007 plus2000=F8043423 same_match=NO plus2000_match=YES
WORD_12=target=F1402973 same=02B30C60 plus2000=F1402973 same_match=NO plus2000_match=YES
WORD_13=target=340026F3 same=05330005 plus2000=340026F3 same_match=NO plus2000_match=YES
WORD_14=target=000A6703 same=85B30004 plus2000=000A6703 same_match=NO plus2000_match=YES
WORD_15=target=F6D43823 same=06330004 plus2000=F6D43823 same_match=NO plus2000_match=YES
MATCH_SAME_OFFSET=0/16
MATCH_PLUS_2000=16/16
FULL_MATCH_SAME_OFFSET=NO
FULL_MATCH_PLUS_2000=YES
WINDOW_SUMMARY=base=0x140 match_self=no match_plus_0x2000=yes matched_words_self=0/16 matched_words_plus_0x2000=16/16
WINDOW_MISMATCH_ADDRS_SELF=0x140,0x144,0x148,0x14C,0x150,0x154,0x158,0x15C,0x160,0x164,0x168,0x16C,0x170,0x174,0x178,0x17C
WINDOW_MISMATCH_ADDRS_PLUS_0X2000=none
WINDOW_BASE=0x180
OFFSET_HYPOTHESIS=+0x2000
TARGET_WORDS=F8EAF3E3,34234705,3023F404,83E3F404,BE59BAE4,F4043903,40E3B765,1793F609,97E2001C,97CA0792,9B3E078A,F5043783,00FB2023,7BE66B0A,7CA67C46,37837D06
PAYLOAD_SAME_WORDS=86B30009,07330009,85B3000A,07170002,07130004,6B830527,6C030507,82170547,02130005,87B3E622,923E038B,00020E33,43014385,000E0233,026C07B3,40F20233
PAYLOAD_PLUS2000_WORDS=F8EAF3E3,34234705,3023F404,83E3F404,BE59BAE4,F4043903,40E3B765,1793F609,97E2001C,97CA0792,9B3E078A,F5043783,00FB2023,7BE66B0A,7CA67C46,37837D06
WORD_0=target=F8EAF3E3 same=86B30009 plus2000=F8EAF3E3 same_match=NO plus2000_match=YES
WORD_1=target=34234705 same=07330009 plus2000=34234705 same_match=NO plus2000_match=YES
WORD_2=target=3023F404 same=85B3000A plus2000=3023F404 same_match=NO plus2000_match=YES
WORD_3=target=83E3F404 same=07170002 plus2000=83E3F404 same_match=NO plus2000_match=YES
WORD_4=target=BE59BAE4 same=07130004 plus2000=BE59BAE4 same_match=NO plus2000_match=YES
WORD_5=target=F4043903 same=6B830527 plus2000=F4043903 same_match=NO plus2000_match=YES
WORD_6=target=40E3B765 same=6C030507 plus2000=40E3B765 same_match=NO plus2000_match=YES
WORD_7=target=1793F609 same=82170547 plus2000=1793F609 same_match=NO plus2000_match=YES
WORD_8=target=97E2001C same=02130005 plus2000=97E2001C same_match=NO plus2000_match=YES
WORD_9=target=97CA0792 same=87B3E622 plus2000=97CA0792 same_match=NO plus2000_match=YES
WORD_10=target=9B3E078A same=923E038B plus2000=9B3E078A same_match=NO plus2000_match=YES
WORD_11=target=F5043783 same=00020E33 plus2000=F5043783 same_match=NO plus2000_match=YES
WORD_12=target=00FB2023 same=43014385 plus2000=00FB2023 same_match=NO plus2000_match=YES
WORD_13=target=7BE66B0A same=000E0233 plus2000=7BE66B0A same_match=NO plus2000_match=YES
WORD_14=target=7CA67C46 same=026C07B3 plus2000=7CA67C46 same_match=NO plus2000_match=YES
WORD_15=target=37837D06 same=40F20233 plus2000=37837D06 same_match=NO plus2000_match=YES
MATCH_SAME_OFFSET=0/16
MATCH_PLUS_2000=16/16
FULL_MATCH_SAME_OFFSET=NO
FULL_MATCH_PLUS_2000=YES
WINDOW_SUMMARY=base=0x180 match_self=no match_plus_0x2000=yes matched_words_self=0/16 matched_words_plus_0x2000=16/16
WINDOW_MISMATCH_ADDRS_SELF=0x180,0x184,0x188,0x18C,0x190,0x194,0x198,0x19C,0x1A0,0x1A4,0x1A8,0x1AC,0x1B0,0x1B4,0x1B8,0x1BC
WINDOW_MISMATCH_ADDRS_PLUS_0X2000=none
WINDOW_BASE=0x1C0
OFFSET_HYPOTHESIS=+0x2000
TARGET_WORDS=8B89F784,2703C395,9793000A,073B004D,170240E9,97BA9301,0717078E,07130004,97BA47E7,0007B023,F7843783,8CE38B91,47D5CC07,000A2703,0009049B,0537F263
PAYLOAD_SAME_WORDS=02336785,071740F2,07130000,07B3E3A7,302340EE,342300E2,071700F2,07130004,631CE567,00F23823,00050433,000584B3,00060933,384000EF,00A23C23,00040533
PAYLOAD_PLUS2000_WORDS=8B89F784,2703C395,9793000A,073B004D,170240E9,97BA9301,0717078E,07130004,97BA47E7,0007B023,F7843783,8CE38B91,47D5CC07,000A2703,0009049B,0537F263
WORD_0=target=8B89F784 same=02336785 plus2000=8B89F784 same_match=NO plus2000_match=YES
WORD_1=target=2703C395 same=071740F2 plus2000=2703C395 same_match=NO plus2000_match=YES
WORD_2=target=9793000A same=07130000 plus2000=9793000A same_match=NO plus2000_match=YES
WORD_3=target=073B004D same=07B3E3A7 plus2000=073B004D same_match=NO plus2000_match=YES
WORD_4=target=170240E9 same=302340EE plus2000=170240E9 same_match=NO plus2000_match=YES
WORD_5=target=97BA9301 same=342300E2 plus2000=97BA9301 same_match=NO plus2000_match=YES
WORD_6=target=0717078E same=071700F2 plus2000=0717078E same_match=NO plus2000_match=YES
WORD_7=target=07130004 same=07130004 plus2000=07130004 same_match=YES plus2000_match=YES
WORD_8=target=97BA47E7 same=631CE567 plus2000=97BA47E7 same_match=NO plus2000_match=YES
WORD_9=target=0007B023 same=00F23823 plus2000=0007B023 same_match=NO plus2000_match=YES
WORD_10=target=F7843783 same=00050433 plus2000=F7843783 same_match=NO plus2000_match=YES
WORD_11=target=8CE38B91 same=000584B3 plus2000=8CE38B91 same_match=NO plus2000_match=YES
WORD_12=target=47D5CC07 same=00060933 plus2000=47D5CC07 same_match=NO plus2000_match=YES
WORD_13=target=000A2703 same=384000EF plus2000=000A2703 same_match=NO plus2000_match=YES
WORD_14=target=0009049B same=00A23C23 plus2000=0009049B same_match=NO plus2000_match=YES
WORD_15=target=0537F263 same=00040533 plus2000=0537F263 same_match=NO plus2000_match=YES
MATCH_SAME_OFFSET=1/16
MATCH_PLUS_2000=16/16
FULL_MATCH_SAME_OFFSET=NO
FULL_MATCH_PLUS_2000=YES
WINDOW_SUMMARY=base=0x1C0 match_self=no match_plus_0x2000=yes matched_words_self=1/16 matched_words_plus_0x2000=16/16
WINDOW_MISMATCH_ADDRS_SELF=0x1C0,0x1C4,0x1C8,0x1CC,0x1D0,0x1D4,0x1D8,0x1E0,0x1E4,0x1E8,0x1EC,0x1F0,0x1F4,0x1F8,0x1FC
WINDOW_MISMATCH_ADDRS_PLUS_0X2000=none
WINDOW_BASE=0x200
OFFSET_HYPOTHESIS=+0x2000
TARGET_WORDS=008A3783,B883CF95,8B630387,873B0208,169340E4,92810207,004D9793,078E97B6,00040697,43868693,639097B6,85CE4685,0007051B,C5099882,6DE669EA,B949892A
PAYLOAD_SAME_WORDS=000485B3,00090633,00050433,000584B3,00060933,36C000EF,02A23023,00040533,000485B3,00090633,00050433,000584B3,00060933,35C000EF,02A23423,00040533
PAYLOAD_PLUS2000_WORDS=008A3783,B883CF95,8B630387,873B0208,169340E4,92810207,004D9793,078E97B6,00040697,43868693,639097B6,85CE4685,0007051B,C5099882,6DE669EA,B949892A
WORD_0=target=008A3783 same=000485B3 plus2000=008A3783 same_match=NO plus2000_match=YES
WORD_1=target=B883CF95 same=00090633 plus2000=B883CF95 same_match=NO plus2000_match=YES
WORD_2=target=8B630387 same=00050433 plus2000=8B630387 same_match=NO plus2000_match=YES
WORD_3=target=873B0208 same=000584B3 plus2000=873B0208 same_match=NO plus2000_match=YES
WORD_4=target=169340E4 same=00060933 plus2000=169340E4 same_match=NO plus2000_match=YES
WORD_5=target=92810207 same=36C000EF plus2000=92810207 same_match=NO plus2000_match=YES
WORD_6=target=004D9793 same=02A23023 plus2000=004D9793 same_match=NO plus2000_match=YES
WORD_7=target=078E97B6 same=00040533 plus2000=078E97B6 same_match=NO plus2000_match=YES
WORD_8=target=00040697 same=000485B3 plus2000=00040697 same_match=NO plus2000_match=YES
WORD_9=target=43868693 same=00090633 plus2000=43868693 same_match=NO plus2000_match=YES
WORD_10=target=639097B6 same=00050433 plus2000=639097B6 same_match=NO plus2000_match=YES
WORD_11=target=85CE4685 same=000584B3 plus2000=85CE4685 same_match=NO plus2000_match=YES
WORD_12=target=0007051B same=00060933 plus2000=0007051B same_match=NO plus2000_match=YES
WORD_13=target=C5099882 same=35C000EF plus2000=C5099882 same_match=NO plus2000_match=YES
WORD_14=target=6DE669EA same=02A23423 plus2000=6DE669EA same_match=NO plus2000_match=YES
WORD_15=target=B949892A same=00040533 plus2000=B949892A same_match=NO plus2000_match=YES
MATCH_SAME_OFFSET=0/16
MATCH_PLUS_2000=16/16
FULL_MATCH_SAME_OFFSET=NO
FULL_MATCH_PLUS_2000=YES
WINDOW_SUMMARY=base=0x200 match_self=no match_plus_0x2000=yes matched_words_self=0/16 matched_words_plus_0x2000=16/16
WINDOW_MISMATCH_ADDRS_SELF=0x200,0x204,0x208,0x20C,0x210,0x214,0x218,0x21C,0x220,0x224,0x228,0x22C,0x230,0x234,0x238,0x23C
WINDOW_MISMATCH_ADDRS_PLUS_0X2000=none
WINDOW_BASE=0x240
OFFSET_HYPOTHESIS=+0x2000
TARGET_WORDS=000A2783,003D9713,6F149752,47859C9D,009797B3,EF1C8FD5,6DE669EA,6D83B995,4697F604,86930004,97133F66,976E001D,97560712,9736070A,577D4314,C6E683E3
PAYLOAD_SAME_WORDS=000485B3,00090633,00000717,10C70713,02E23823,00040717,F8C70713,02E23C23,00000717,17870713,04E23023,00000717,23A70713,04E23423,04023823,00050433
PAYLOAD_PLUS2000_WORDS=000A2783,003D9713,6F149752,47859C9D,009797B3,EF1C8FD5,6DE669EA,6D83B995,4697F604,86930004,97133F66,976E001D,97560712,9736070A,577D4314,C6E683E3
WORD_0=target=000A2783 same=000485B3 plus2000=000A2783 same_match=NO plus2000_match=YES
WORD_1=target=003D9713 same=00090633 plus2000=003D9713 same_match=NO plus2000_match=YES
WORD_2=target=6F149752 same=00000717 plus2000=6F149752 same_match=NO plus2000_match=YES
WORD_3=target=47859C9D same=10C70713 plus2000=47859C9D same_match=NO plus2000_match=YES
WORD_4=target=009797B3 same=02E23823 plus2000=009797B3 same_match=NO plus2000_match=YES
WORD_5=target=EF1C8FD5 same=00040717 plus2000=EF1C8FD5 same_match=NO plus2000_match=YES
WORD_6=target=6DE669EA same=F8C70713 plus2000=6DE669EA same_match=NO plus2000_match=YES
WORD_7=target=6D83B995 same=02E23C23 plus2000=6D83B995 same_match=NO plus2000_match=YES
WORD_8=target=4697F604 same=00000717 plus2000=4697F604 same_match=NO plus2000_match=YES
WORD_9=target=86930004 same=17870713 plus2000=86930004 same_match=NO plus2000_match=YES
WORD_10=target=97133F66 same=04E23023 plus2000=97133F66 same_match=NO plus2000_match=YES
WORD_11=target=976E001D same=00000717 plus2000=976E001D same_match=NO plus2000_match=YES
WORD_12=target=97560712 same=23A70713 plus2000=97560712 same_match=NO plus2000_match=YES
WORD_13=target=9736070A same=04E23423 plus2000=9736070A same_match=NO plus2000_match=YES
WORD_14=target=577D4314 same=04023823 plus2000=577D4314 same_match=NO plus2000_match=YES
WORD_15=target=C6E683E3 same=00050433 plus2000=C6E683E3 same_match=NO plus2000_match=YES
MATCH_SAME_OFFSET=0/16
MATCH_PLUS_2000=16/16
FULL_MATCH_SAME_OFFSET=NO
FULL_MATCH_PLUS_2000=YES
WINDOW_SUMMARY=base=0x240 match_self=no match_plus_0x2000=yes matched_words_self=0/16 matched_words_plus_0x2000=16/16
WINDOW_MISMATCH_ADDRS_SELF=0x240,0x244,0x248,0x24C,0x250,0x254,0x258,0x25C,0x260,0x264,0x268,0x26C,0x270,0x274,0x278,0x27C
WINDOW_MISMATCH_ADDRS_PLUS_0X2000=none
WINDOW_BASE=0x280
OFFSET_HYPOTHESIS=+0x2000
TARGET_WORDS=000A891B,3783BF2D,89E3F484,3423DD27,2973F804,26F3F140,67033400,3823000A,6DE6F6D4,A8EAE2E3,6DE6BDB9,57F5B995,F4F43023,7BE6B479,B5B16DE6,E4221141
PAYLOAD_SAME_WORDS=000584B3,00060933,310000EF,04A23C23,00040533,000485B3,00090633,4BE3931E,C1D9F173,0FF00713,00050433,000584B3,00060933,2C4000EF,00050333,00040533
PAYLOAD_PLUS2000_WORDS=000A891B,3783BF2D,89E3F484,3423DD27,2973F804,26F3F140,67033400,3823000A,6DE6F6D4,A8EAE2E3,6DE6BDB9,57F5B995,F4F43023,7BE6B479,B5B16DE6,E4221141
WORD_0=target=000A891B same=000584B3 plus2000=000A891B same_match=NO plus2000_match=YES
WORD_1=target=3783BF2D same=00060933 plus2000=3783BF2D same_match=NO plus2000_match=YES
WORD_2=target=89E3F484 same=310000EF plus2000=89E3F484 same_match=NO plus2000_match=YES
WORD_3=target=3423DD27 same=04A23C23 plus2000=3423DD27 same_match=NO plus2000_match=YES
WORD_4=target=2973F804 same=00040533 plus2000=2973F804 same_match=NO plus2000_match=YES
WORD_5=target=26F3F140 same=000485B3 plus2000=26F3F140 same_match=NO plus2000_match=YES
WORD_6=target=67033400 same=00090633 plus2000=67033400 same_match=NO plus2000_match=YES
WORD_7=target=3823000A same=4BE3931E plus2000=3823000A same_match=NO plus2000_match=YES
WORD_8=target=6DE6F6D4 same=C1D9F173 plus2000=6DE6F6D4 same_match=NO plus2000_match=YES
WORD_9=target=A8EAE2E3 same=0FF00713 plus2000=A8EAE2E3 same_match=NO plus2000_match=YES
WORD_10=target=6DE6BDB9 same=00050433 plus2000=6DE6BDB9 same_match=NO plus2000_match=YES
WORD_11=target=57F5B995 same=000584B3 plus2000=57F5B995 same_match=NO plus2000_match=YES
WORD_12=target=F4F43023 same=00060933 plus2000=F4F43023 same_match=NO plus2000_match=YES
WORD_13=target=7BE6B479 same=2C4000EF plus2000=7BE6B479 same_match=NO plus2000_match=YES
WORD_14=target=B5B16DE6 same=00050333 plus2000=B5B16DE6 same_match=NO plus2000_match=YES
WORD_15=target=E4221141 same=00040533 plus2000=E4221141 same_match=NO plus2000_match=YES
MATCH_SAME_OFFSET=0/16
MATCH_PLUS_2000=16/16
FULL_MATCH_SAME_OFFSET=NO
FULL_MATCH_PLUS_2000=YES
WINDOW_SUMMARY=base=0x280 match_self=no match_plus_0x2000=yes matched_words_self=0/16 matched_words_plus_0x2000=16/16
WINDOW_MISMATCH_ADDRS_SELF=0x280,0x284,0x288,0x28C,0x290,0x294,0x298,0x29C,0x2A0,0x2A4,0x2A8,0x2AC,0x2B0,0x2B4,0x2B8,0x2BC
WINDOW_MISMATCH_ADDRS_PLUS_0X2000=none
WINDOW_BASE=0x2C0
OFFSET_HYPOTHESIS=+0x2000
TARGET_WORDS=27730800,1593F140,91810207,00040697,F7468693,00359793,6F9097B6,4501E609,01416422,47D58082,06A7E863,0006A883,0146A803,FF08F5E3,00159713,02089793
PAYLOAD_SAME_WORDS=000485B3,00090633,06030063,04B30E63,000582B3,0042E383,00038E33,010E5E13,00EE7E33,8EB30E22,DE930003,FEB3008E,0EC200EE,00038F33,00EF7F33,D3930F62
PAYLOAD_PLUS2000_WORDS=27730800,1593F140,91810207,00040697,F7468693,00359793,6F9097B6,4501E609,01416422,47D58082,06A7E863,0006A883,0146A803,FF08F5E3,00159713,02089793
WORD_0=target=27730800 same=000485B3 plus2000=27730800 same_match=NO plus2000_match=YES
WORD_1=target=1593F140 same=00090633 plus2000=1593F140 same_match=NO plus2000_match=YES
WORD_2=target=91810207 same=06030063 plus2000=91810207 same_match=NO plus2000_match=YES
WORD_3=target=00040697 same=04B30E63 plus2000=00040697 same_match=NO plus2000_match=YES
WORD_4=target=F7468693 same=000582B3 plus2000=F7468693 same_match=NO plus2000_match=YES
WORD_5=target=00359793 same=0042E383 plus2000=00359793 same_match=NO plus2000_match=YES
WORD_6=target=6F9097B6 same=00038E33 plus2000=6F9097B6 same_match=NO plus2000_match=YES
WORD_7=target=4501E609 same=010E5E13 plus2000=4501E609 same_match=NO plus2000_match=YES
WORD_8=target=01416422 same=00EE7E33 plus2000=01416422 same_match=NO plus2000_match=YES
WORD_9=target=47D58082 same=8EB30E22 plus2000=47D58082 same_match=NO plus2000_match=YES
WORD_10=target=06A7E863 same=DE930003 plus2000=06A7E863 same_match=NO plus2000_match=YES
WORD_11=target=0006A883 same=FEB3008E plus2000=0006A883 same_match=NO plus2000_match=YES
WORD_12=target=0146A803 same=0EC200EE plus2000=0146A803 same_match=NO plus2000_match=YES
WORD_13=target=FF08F5E3 same=00038F33 plus2000=FF08F5E3 same_match=NO plus2000_match=YES
WORD_14=target=00159713 same=00EF7F33 plus2000=00159713 same_match=NO plus2000_match=YES
WORD_15=target=02089793 same=D3930F62 plus2000=02089793 same_match=NO plus2000_match=YES
MATCH_SAME_OFFSET=0/16
MATCH_PLUS_2000=16/16
FULL_MATCH_SAME_OFFSET=NO
FULL_MATCH_PLUS_2000=YES
WINDOW_SUMMARY=base=0x2C0 match_self=no match_plus_0x2000=yes matched_words_self=0/16 matched_words_plus_0x2000=16/16
WINDOW_MISMATCH_ADDRS_SELF=0x2C0,0x2C4,0x2C8,0x2CC,0x2D0,0x2D4,0x2D8,0x2DC,0x2E0,0x2E4,0x2E8,0x2EC,0x2F0,0x2F4,0x2F8,0x2FC
WINDOW_MISMATCH_ADDRS_PLUS_0X2000=none
WINDOW_BASE=0x300
OFFSET_HYPOTHESIS=+0x2000
TARGET_WORDS=9381972E,973E0712,4797070A,87930004,083B34E7,68C14118,4681973E,A02118FD,8EE32685,431CFB06,F7B30711,99E30117,57B3FEA7,8B8500D6,1682D7E5,97939281
PAYLOAD_SAME_WORDS=F3B30183,E3B300E3,E3B301C3,E3B301D3,939A01E3,00735A63,0002BE03,01C33023,032102A1,FE734AE3,03174289,03130004,3023CE63,000F0053,A8290330,03174289
PAYLOAD_PLUS2000_WORDS=9381972E,973E0712,4797070A,87930004,083B34E7,68C14118,4681973E,A02118FD,8EE32685,431CFB06,F7B30711,99E30117,57B3FEA7,8B8500D6,1682D7E5,97939281
WORD_0=target=9381972E same=F3B30183 plus2000=9381972E same_match=NO plus2000_match=YES
WORD_1=target=973E0712 same=E3B300E3 plus2000=973E0712 same_match=NO plus2000_match=YES
WORD_2=target=4797070A same=E3B301C3 plus2000=4797070A same_match=NO plus2000_match=YES
WORD_3=target=87930004 same=E3B301D3 plus2000=87930004 same_match=NO plus2000_match=YES
WORD_4=target=083B34E7 same=939A01E3 plus2000=083B34E7 same_match=NO plus2000_match=YES
WORD_5=target=68C14118 same=00735A63 plus2000=68C14118 same_match=NO plus2000_match=YES
WORD_6=target=4681973E same=0002BE03 plus2000=4681973E same_match=NO plus2000_match=YES
WORD_7=target=A02118FD same=01C33023 plus2000=A02118FD same_match=NO plus2000_match=YES
WORD_8=target=8EE32685 same=032102A1 plus2000=8EE32685 same_match=NO plus2000_match=YES
WORD_9=target=431CFB06 same=FE734AE3 plus2000=431CFB06 same_match=NO plus2000_match=YES
WORD_10=target=F7B30711 same=03174289 plus2000=F7B30711 same_match=NO plus2000_match=YES
WORD_11=target=99E30117 same=03130004 plus2000=99E30117 same_match=NO plus2000_match=YES
WORD_12=target=57B3FEA7 same=3023CE63 plus2000=57B3FEA7 same_match=NO plus2000_match=YES
WORD_13=target=8B8500D6 same=000F0053 plus2000=8B8500D6 same_match=NO plus2000_match=YES
WORD_14=target=1682D7E5 same=A8290330 plus2000=1682D7E5 same_match=NO plus2000_match=YES
WORD_15=target=97939281 same=03174289 plus2000=97939281 same_match=NO plus2000_match=YES
MATCH_SAME_OFFSET=0/16
MATCH_PLUS_2000=16/16
FULL_MATCH_SAME_OFFSET=NO
FULL_MATCH_PLUS_2000=YES
WINDOW_SUMMARY=base=0x300 match_self=no match_plus_0x2000=yes matched_words_self=0/16 matched_words_plus_0x2000=16/16
WINDOW_MISMATCH_ADDRS_SELF=0x300,0x304,0x308,0x30C,0x310,0x314,0x318,0x31C,0x320,0x324,0x328,0x32C,0x330,0x334,0x338,0x33C
WINDOW_MISMATCH_ADDRS_PLUS_0X2000=none
WINDOW_BASE=0x340
OFFSET_HYPOTHESIS=+0x2000
TARGET_WORDS=97B60045,00040717,31470713,97BA078E,07056398,B761E398,B7595575,E4221141,64220800,00040517,EDC52503,15022541,01419101,26F38082,07973400,87930004
PAYLOAD_SAME_WORDS=03130004,3303CD23,00010003,00010001,FE6296E3,00EF4081,10731D20,02933040,B0730220,07173442,07130004,6B83E7A7,6C030507,3C830547,2B730687,8E63F140
PAYLOAD_PLUS2000_WORDS=97B60045,00040717,31470713,97BA078E,07056398,B761E398,B7595575,E4221141,64220800,00040517,EDC52503,15022541,01419101,26F38082,07973400,87930004
WORD_0=target=97B60045 same=03130004 plus2000=97B60045 same_match=NO plus2000_match=YES
WORD_1=target=00040717 same=3303CD23 plus2000=00040717 same_match=NO plus2000_match=YES
WORD_2=target=31470713 same=00010003 plus2000=31470713 same_match=NO plus2000_match=YES
WORD_3=target=97BA078E same=00010001 plus2000=97BA078E same_match=NO plus2000_match=YES
WORD_4=target=07056398 same=FE6296E3 plus2000=07056398 same_match=NO plus2000_match=YES
WORD_5=target=B761E398 same=00EF4081 plus2000=B761E398 same_match=NO plus2000_match=YES
WORD_6=target=B7595575 same=10731D20 plus2000=B7595575 same_match=NO plus2000_match=YES
WORD_7=target=E4221141 same=02933040 plus2000=E4221141 same_match=NO plus2000_match=YES
WORD_8=target=64220800 same=B0730220 plus2000=64220800 same_match=NO plus2000_match=YES
WORD_9=target=00040517 same=07173442 plus2000=00040517 same_match=NO plus2000_match=YES
WORD_10=target=EDC52503 same=07130004 plus2000=EDC52503 same_match=NO plus2000_match=YES
WORD_11=target=15022541 same=6B83E7A7 plus2000=15022541 same_match=NO plus2000_match=YES
WORD_12=target=01419101 same=6C030507 plus2000=01419101 same_match=NO plus2000_match=YES
WORD_13=target=26F38082 same=3C830547 plus2000=26F38082 same_match=NO plus2000_match=YES
WORD_14=target=07973400 same=2B730687 plus2000=07973400 same_match=NO plus2000_match=YES
WORD_15=target=87930004 same=8E63F140 plus2000=87930004 same_match=NO plus2000_match=YES
MATCH_SAME_OFFSET=0/16
MATCH_PLUS_2000=16/16
FULL_MATCH_SAME_OFFSET=NO
FULL_MATCH_PLUS_2000=YES
WINDOW_SUMMARY=base=0x340 match_self=no match_plus_0x2000=yes matched_words_self=0/16 matched_words_plus_0x2000=16/16
WINDOW_MISMATCH_ADDRS_SELF=0x340,0x344,0x348,0x34C,0x350,0x354,0x358,0x35C,0x360,0x364,0x368,0x36C,0x370,0x374,0x378,0x37C
WINDOW_MISMATCH_ADDRS_PLUS_0X2000=none
WINDOW_BASE=0x380
OFFSET_HYPOTHESIS=+0x2000
TARGET_WORDS=4BD8EC67,06E57263,0F634705,717904E5,F406F022,1800EC26,7663439C,648502F5,C004849B,14D29CA9,FFD57793,CF9190D1,3C238536,60EFFCB4,357D1820,FD843583
PAYLOAD_SAME_WORDS=4701000C,000CE783,01678763,07050C91,FF774AE3,0B33577D,57630007,8217077B,02130005,87B3C622,923E038B,036C07B3,40F20233,02336785,107340F2,01333402
PAYLOAD_PLUS2000_WORDS=4BD8EC67,06E57263,0F634705,717904E5,F406F022,1800EC26,7663439C,648502F5,C004849B,14D29CA9,FFD57793,CF9190D1,3C238536,60EFFCB4,357D1820,FD843583
WORD_0=target=4BD8EC67 same=4701000C plus2000=4BD8EC67 same_match=NO plus2000_match=YES
WORD_1=target=06E57263 same=000CE783 plus2000=06E57263 same_match=NO plus2000_match=YES
WORD_2=target=0F634705 same=01678763 plus2000=0F634705 same_match=NO plus2000_match=YES
WORD_3=target=717904E5 same=07050C91 plus2000=717904E5 same_match=NO plus2000_match=YES
WORD_4=target=F406F022 same=FF774AE3 plus2000=F406F022 same_match=NO plus2000_match=YES
WORD_5=target=1800EC26 same=0B33577D plus2000=1800EC26 same_match=NO plus2000_match=YES
WORD_6=target=7663439C same=57630007 plus2000=7663439C same_match=NO plus2000_match=YES
WORD_7=target=648502F5 same=8217077B plus2000=648502F5 same_match=NO plus2000_match=YES
WORD_8=target=C004849B same=02130005 plus2000=C004849B same_match=NO plus2000_match=YES
WORD_9=target=14D29CA9 same=87B3C622 plus2000=14D29CA9 same_match=NO plus2000_match=YES
WORD_10=target=FFD57793 same=923E038B plus2000=FFD57793 same_match=NO plus2000_match=YES
WORD_11=target=CF9190D1 same=036C07B3 plus2000=CF9190D1 same_match=NO plus2000_match=YES
WORD_12=target=3C238536 same=40F20233 plus2000=3C238536 same_match=NO plus2000_match=YES
WORD_13=target=60EFFCB4 same=02336785 plus2000=60EFFCB4 same_match=NO plus2000_match=YES
WORD_14=target=357D1820 same=107340F2 plus2000=357D1820 same_match=NO plus2000_match=YES
WORD_15=target=FD843583 same=01333402 plus2000=FD843583 same_match=NO plus2000_match=YES
MATCH_SAME_OFFSET=0/16
MATCH_PLUS_2000=16/16
FULL_MATCH_SAME_OFFSET=NO
FULL_MATCH_PLUS_2000=YES
WINDOW_SUMMARY=base=0x380 match_self=no match_plus_0x2000=yes matched_words_self=0/16 matched_words_plus_0x2000=16/16
WINDOW_MISMATCH_ADDRS_SELF=0x380,0x384,0x388,0x38C,0x390,0x394,0x398,0x39C,0x3A0,0x3A4,0x3A8,0x3AC,0x3B0,0x3B4,0x3B8,0x3BC
WINDOW_MISMATCH_ADDRS_PLUS_0X2000=none
WINDOW_BASE=0x3C0
OFFSET_HYPOTHESIS=+0x2000
TARGET_WORDS=03F57513,54FDA029,051314FE,17B703F0,17FDFFFC,8CFD0532,E1848CC9,740270A2,450164E2,80826145,80825575,E4221141,64220800,00040517,E5453503,80820141
PAYLOAD_SAME_WORDS=07170002,07130000,10730567,25733057,00EF3400,A80D1EA0,00040397,E0838393,0543E283,0503E383,40B383B3,025383B3,00058317,C1030313,6385931E,40730533
PAYLOAD_PLUS2000_WORDS=03F57513,54FDA029,051314FE,17B703F0,17FDFFFC,8CFD0532,E1848CC9,740270A2,450164E2,80826145,80825575,E4221141,64220800,00040517,E5453503,80820141
WORD_0=target=03F57513 same=07170002 plus2000=03F57513 same_match=NO plus2000_match=YES
WORD_1=target=54FDA029 same=07130000 plus2000=54FDA029 same_match=NO plus2000_match=YES
WORD_2=target=051314FE same=10730567 plus2000=051314FE same_match=NO plus2000_match=YES
WORD_3=target=17B703F0 same=25733057 plus2000=17B703F0 same_match=NO plus2000_match=YES
WORD_4=target=17FDFFFC same=00EF3400 plus2000=17FDFFFC same_match=NO plus2000_match=YES
WORD_5=target=8CFD0532 same=A80D1EA0 plus2000=8CFD0532 same_match=NO plus2000_match=YES
WORD_6=target=E1848CC9 same=00040397 plus2000=E1848CC9 same_match=NO plus2000_match=YES
WORD_7=target=740270A2 same=E0838393 plus2000=740270A2 same_match=NO plus2000_match=YES
WORD_8=target=450164E2 same=0543E283 plus2000=450164E2 same_match=NO plus2000_match=YES
WORD_9=target=80826145 same=0503E383 plus2000=80826145 same_match=NO plus2000_match=YES
WORD_10=target=80825575 same=40B383B3 plus2000=80825575 same_match=NO plus2000_match=YES
WORD_11=target=E4221141 same=025383B3 plus2000=E4221141 same_match=NO plus2000_match=YES
WORD_12=target=64220800 same=00058317 plus2000=64220800 same_match=NO plus2000_match=YES
WORD_13=target=00040517 same=C1030313 plus2000=00040517 same_match=NO plus2000_match=YES
WORD_14=target=E5453503 same=6385931E plus2000=E5453503 same_match=NO plus2000_match=YES
WORD_15=target=80820141 same=40730533 plus2000=80820141 same_match=NO plus2000_match=YES
MATCH_SAME_OFFSET=0/16
MATCH_PLUS_2000=16/16
FULL_MATCH_SAME_OFFSET=NO
FULL_MATCH_PLUS_2000=YES
WINDOW_SUMMARY=base=0x3C0 match_self=no match_plus_0x2000=yes matched_words_self=0/16 matched_words_plus_0x2000=16/16
WINDOW_MISMATCH_ADDRS_SELF=0x3C0,0x3C4,0x3C8,0x3CC,0x3D0,0x3D4,0x3D8,0x3DC,0x3E0,0x3E4,0x3E8,0x3EC,0x3F0,0x3F4,0x3F8,0x3FC
WINDOW_MISMATCH_ADDRS_PLUS_0X2000=none
WINDOW_BASE=0x400
OFFSET_HYPOTHESIS=+0x2000
TARGET_WORDS=E4221141,C5190800,00040797,E3878793,C7016798,01416422,E7888082,01416422,71798082,E44EF022,EC26F406,1800E84A,297389AA,60EFF140,47852700,0009049B
PAYLOAD_SAME_WORDS=00018082,00000013,10500073,0001BFF5,00058533,00018082,34021273,04523823,300022F3,00B2D293,0032F293,0032A293,413312FD,F2B30041,41330022,42B30041
PAYLOAD_PLUS2000_WORDS=E4221141,C5190800,00040797,E3878793,C7016798,01416422,E7888082,01416422,71798082,E44EF022,EC26F406,1800E84A,297389AA,60EFF140,47852700,0009049B
WORD_0=target=E4221141 same=00018082 plus2000=E4221141 same_match=NO plus2000_match=YES
WORD_1=target=C5190800 same=00000013 plus2000=C5190800 same_match=NO plus2000_match=YES
WORD_2=target=00040797 same=10500073 plus2000=00040797 same_match=NO plus2000_match=YES
WORD_3=target=E3878793 same=0001BFF5 plus2000=E3878793 same_match=NO plus2000_match=YES
WORD_4=target=C7016798 same=00058533 plus2000=C7016798 same_match=NO plus2000_match=YES
WORD_5=target=01416422 same=00018082 plus2000=01416422 same_match=NO plus2000_match=YES
WORD_6=target=E7888082 same=34021273 plus2000=E7888082 same_match=NO plus2000_match=YES
WORD_7=target=01416422 same=04523823 plus2000=01416422 same_match=NO plus2000_match=YES
WORD_8=target=71798082 same=300022F3 plus2000=71798082 same_match=NO plus2000_match=YES
WORD_9=target=E44EF022 same=00B2D293 plus2000=E44EF022 same_match=NO plus2000_match=YES
WORD_10=target=EC26F406 same=0032F293 plus2000=EC26F406 same_match=NO plus2000_match=YES
WORD_11=target=1800E84A same=0032A293 plus2000=1800E84A same_match=NO plus2000_match=YES
WORD_12=target=297389AA same=413312FD plus2000=297389AA same_match=NO plus2000_match=YES
WORD_13=target=60EFF140 same=F2B30041 plus2000=60EFF140 same_match=NO plus2000_match=YES
WORD_14=target=47852700 same=41330022 plus2000=47852700 same_match=NO plus2000_match=YES
WORD_15=target=0009049B same=42B30041 plus2000=0009049B same_match=NO plus2000_match=YES
MATCH_SAME_OFFSET=0/16
MATCH_PLUS_2000=16/16
FULL_MATCH_SAME_OFFSET=NO
FULL_MATCH_PLUS_2000=YES
WINDOW_SUMMARY=base=0x400 match_self=no match_plus_0x2000=yes matched_words_self=0/16 matched_words_plus_0x2000=16/16
WINDOW_MISMATCH_ADDRS_SELF=0x400,0x404,0x408,0x40C,0x410,0x414,0x418,0x41C,0x420,0x424,0x428,0x42C,0x430,0x434,0x438,0x43C
WINDOW_MISMATCH_ADDRS_PLUS_0X2000=none
WINDOW_BASE=0x440
OFFSET_HYPOTHESIS=+0x2000
TARGET_WORDS=00A7D663,17E11782,32079073,60EF854E,55632580,57FD00A0,30679073,00040617,DE460613,478D4A58,04E7F063,02091693,97939281,97B60016,FFC7069B,97131682
PAYLOAD_SAME_WORDS=BC230052,8113EE22,3283EE82,F4160502,34021273,341022F3,22F3E216,E6163000,E002EA02,EC0EE406,F81AF012,E0A2FC1E,E8AAE4A6,F0B2ECAE,F8BAF4B6,E142FCBE
PAYLOAD_PLUS2000_WORDS=00A7D663,17E11782,32079073,60EF854E,55632580,57FD00A0,30679073,00040617,DE460613,478D4A58,04E7F063,02091693,97939281,97B60016,FFC7069B,97131682
WORD_0=target=00A7D663 same=BC230052 plus2000=00A7D663 same_match=NO plus2000_match=YES
WORD_1=target=17E11782 same=8113EE22 plus2000=17E11782 same_match=NO plus2000_match=YES
WORD_2=target=32079073 same=3283EE82 plus2000=32079073 same_match=NO plus2000_match=YES
WORD_3=target=60EF854E same=F4160502 plus2000=60EF854E same_match=NO plus2000_match=YES
WORD_4=target=55632580 same=34021273 plus2000=55632580 same_match=NO plus2000_match=YES
WORD_5=target=57FD00A0 same=341022F3 plus2000=57FD00A0 same_match=NO plus2000_match=YES
WORD_6=target=30679073 same=22F3E216 plus2000=30679073 same_match=NO plus2000_match=YES
WORD_7=target=00040617 same=E6163000 plus2000=00040617 same_match=NO plus2000_match=YES
WORD_8=target=DE460613 same=E002EA02 plus2000=DE460613 same_match=NO plus2000_match=YES
WORD_9=target=478D4A58 same=EC0EE406 plus2000=478D4A58 same_match=NO plus2000_match=YES
WORD_10=target=04E7F063 same=F81AF012 plus2000=04E7F063 same_match=NO plus2000_match=YES
WORD_11=target=02091693 same=E0A2FC1E plus2000=02091693 same_match=NO plus2000_match=YES
WORD_12=target=97939281 same=E8AAE4A6 plus2000=97939281 same_match=NO plus2000_match=YES
WORD_13=target=97B60016 same=F0B2ECAE plus2000=97B60016 same_match=NO plus2000_match=YES
WORD_14=target=FFC7069B same=F8BAF4B6 plus2000=FFC7069B same_match=NO plus2000_match=YES
WORD_15=target=97131682 same=E142FCBE plus2000=97131682 same_match=NO plus2000_match=YES
MATCH_SAME_OFFSET=0/16
MATCH_PLUS_2000=16/16
FULL_MATCH_SAME_OFFSET=NO
FULL_MATCH_PLUS_2000=YES
WINDOW_SUMMARY=base=0x440 match_self=no match_plus_0x2000=yes matched_words_self=0/16 matched_words_plus_0x2000=16/16
WINDOW_MISMATCH_ADDRS_SELF=0x440,0x444,0x448,0x44C,0x450,0x454,0x458,0x45C,0x460,0x464,0x468,0x46C,0x470,0x474,0x478,0x47C
WINDOW_MISMATCH_ADDRS_PLUS_0X2000=none
WINDOW_BASE=0x480
OFFSET_HYPOTHESIS=+0x2000
TARGET_WORDS=92810047,079A9736,00044697,1D068693,97B6070A,00044697,1C868693,56FD9736,0791C7D4,FEE79EE3,02091793,0197D913,00040717,22870713,00040797,1A078793
PAYLOAD_SAME_WORDS=E94AE546,F152ED4E,F95AF556,E1E2FD5E,E9EAE5E6,F1F2EDEE,F9FAF5F6,0533FDFE,30EF0001,30835CA0,31030085,31830105,32030185,33030205,33830305,61200385
PAYLOAD_PLUS2000_WORDS=92810047,079A9736,00044697,1D068693,97B6070A,00044697,1C868693,56FD9736,0791C7D4,FEE79EE3,02091793,0197D913,00040717,22870713,00040797,1A078793
WORD_0=target=92810047 same=E94AE546 plus2000=92810047 same_match=NO plus2000_match=YES
WORD_1=target=079A9736 same=F152ED4E plus2000=079A9736 same_match=NO plus2000_match=YES
WORD_2=target=00044697 same=F95AF556 plus2000=00044697 same_match=NO plus2000_match=YES
WORD_3=target=1D068693 same=E1E2FD5E plus2000=1D068693 same_match=NO plus2000_match=YES
WORD_4=target=97B6070A same=E9EAE5E6 plus2000=97B6070A same_match=NO plus2000_match=YES
WORD_5=target=00044697 same=F1F2EDEE plus2000=00044697 same_match=NO plus2000_match=YES
WORD_6=target=1C868693 same=F9FAF5F6 plus2000=1C868693 same_match=NO plus2000_match=YES
WORD_7=target=56FD9736 same=0533FDFE plus2000=56FD9736 same_match=NO plus2000_match=YES
WORD_8=target=0791C7D4 same=30EF0001 plus2000=0791C7D4 same_match=NO plus2000_match=YES
WORD_9=target=FEE79EE3 same=30835CA0 plus2000=FEE79EE3 same_match=NO plus2000_match=YES
WORD_10=target=02091793 same=31030085 plus2000=02091793 same_match=NO plus2000_match=YES
WORD_11=target=0197D913 same=31830105 plus2000=0197D913 same_match=NO plus2000_match=YES
WORD_12=target=00040717 same=32030185 plus2000=00040717 same_match=NO plus2000_match=YES
WORD_13=target=22870713 same=33030205 plus2000=22870713 same_match=NO plus2000_match=YES
WORD_14=target=00040797 same=33830305 plus2000=00040797 same_match=NO plus2000_match=YES
WORD_15=target=1A078793 same=61200385 plus2000=1A078793 same_match=NO plus2000_match=YES
MATCH_SAME_OFFSET=0/16
MATCH_PLUS_2000=16/16
FULL_MATCH_SAME_OFFSET=NO
FULL_MATCH_PLUS_2000=YES
WINDOW_SUMMARY=base=0x480 match_self=no match_plus_0x2000=yes matched_words_self=0/16 matched_words_plus_0x2000=16/16
WINDOW_MISMATCH_ADDRS_SELF=0x480,0x484,0x488,0x48C,0x490,0x494,0x498,0x49C,0x4A0,0x4A4,0x4A8,0x4AC,0x4B0,0x4B4,0x4B8,0x4BC
WINDOW_MISMATCH_ADDRS_PLUS_0X2000=none
WINDOW_BASE=0x4C0
OFFSET_HYPOTHESIS=+0x2000
TARGET_WORDS=974A97CA,0007B023,9DE307A1,9793FEE7,D4930204,962601D7,00063C23,740270A2,694264E2,614569A2,71798082,F406F022,E84AEC26,29731800,049BF140,E1DD0009
PAYLOAD_SAME_WORDS=6D2C6524,75347130,7D3C7938,08053803,08853883,09053903,09853983,0A053A03,0A853A83,0B053B03,0B853B83,0C053C03,0C853C83,0D053D03,0D853D83,0E053E03
PAYLOAD_PLUS2000_WORDS=974A97CA,0007B023,9DE307A1,9793FEE7,D4930204,962601D7,00063C23,740270A2,694264E2,614569A2,71798082,F406F022,E84AEC26,29731800,049BF140,E1DD0009
WORD_0=target=974A97CA same=6D2C6524 plus2000=974A97CA same_match=NO plus2000_match=YES
WORD_1=target=0007B023 same=75347130 plus2000=0007B023 same_match=NO plus2000_match=YES
WORD_2=target=9DE307A1 same=7D3C7938 plus2000=9DE307A1 same_match=NO plus2000_match=YES
WORD_3=target=9793FEE7 same=08053803 plus2000=9793FEE7 same_match=NO plus2000_match=YES
WORD_4=target=D4930204 same=08853883 plus2000=D4930204 same_match=NO plus2000_match=YES
WORD_5=target=962601D7 same=09053903 plus2000=962601D7 same_match=NO plus2000_match=YES
WORD_6=target=00063C23 same=09853983 plus2000=00063C23 same_match=NO plus2000_match=YES
WORD_7=target=740270A2 same=0A053A03 plus2000=740270A2 same_match=NO plus2000_match=YES
WORD_8=target=694264E2 same=0A853A83 plus2000=694264E2 same_match=NO plus2000_match=YES
WORD_9=target=614569A2 same=0B053B03 plus2000=614569A2 same_match=NO plus2000_match=YES
WORD_10=target=71798082 same=0B853B83 plus2000=71798082 same_match=NO plus2000_match=YES
WORD_11=target=F406F022 same=0C053C03 plus2000=F406F022 same_match=NO plus2000_match=YES
WORD_12=target=E84AEC26 same=0C853C83 plus2000=E84AEC26 same_match=NO plus2000_match=YES
WORD_13=target=29731800 same=0D053D03 plus2000=29731800 same_match=NO plus2000_match=YES
WORD_14=target=049BF140 same=0D853D83 plus2000=049BF140 same_match=NO plus2000_match=YES
WORD_15=target=E1DD0009 same=0E053E03 plus2000=E1DD0009 same_match=NO plus2000_match=YES
MATCH_SAME_OFFSET=0/16
MATCH_PLUS_2000=16/16
FULL_MATCH_SAME_OFFSET=NO
FULL_MATCH_PLUS_2000=YES
WINDOW_SUMMARY=base=0x4C0 match_self=no match_plus_0x2000=yes matched_words_self=0/16 matched_words_plus_0x2000=16/16
WINDOW_MISMATCH_ADDRS_SELF=0x4C0,0x4C4,0x4C8,0x4CC,0x4D0,0x4D4,0x4D8,0x4DC,0x4E0,0x4E4,0x4E8,0x4EC,0x4F0,0x4F4,0x4F8,0x4FC
WINDOW_MISMATCH_ADDRS_PLUS_0X2000=none
WINDOW_BASE=0x500
OFFSET_HYPOTHESIS=+0x2000
TARGET_WORDS=00040617,D4060613,478D4A58,0CE7F463,02091693,97939281,97B60016,FFC7069B,97131682,92810047,079A9736,00044697,13068693,00044597,12458593,9736070A
PAYLOAD_SAME_WORDS=0E853E83,0F053F03,0F853F83,10053283,34129073,10853283,30029073,02853283,00736928,00013020,0000100F,41814101,42814201,43814301,44814401,47014681
PAYLOAD_PLUS2000_WORDS=00040617,D4060613,478D4A58,0CE7F463,02091693,97939281,97B60016,FFC7069B,97131682,92810047,079A9736,00044697,13068693,00044597,12458593,9736070A
WORD_0=target=00040617 same=0E853E83 plus2000=00040617 same_match=NO plus2000_match=YES
WORD_1=target=D4060613 same=0F053F03 plus2000=D4060613 same_match=NO plus2000_match=YES
WORD_2=target=478D4A58 same=0F853F83 plus2000=478D4A58 same_match=NO plus2000_match=YES
WORD_3=target=0CE7F463 same=10053283 plus2000=0CE7F463 same_match=NO plus2000_match=YES
WORD_4=target=02091693 same=34129073 plus2000=02091693 same_match=NO plus2000_match=YES
WORD_5=target=97939281 same=10853283 plus2000=97939281 same_match=NO plus2000_match=YES
WORD_6=target=97B60016 same=30029073 plus2000=97B60016 same_match=NO plus2000_match=YES
WORD_7=target=FFC7069B same=02853283 plus2000=FFC7069B same_match=NO plus2000_match=YES
WORD_8=target=97131682 same=00736928 plus2000=97131682 same_match=NO plus2000_match=YES
WORD_9=target=92810047 same=00013020 plus2000=92810047 same_match=NO plus2000_match=YES
WORD_10=target=079A9736 same=0000100F plus2000=079A9736 same_match=NO plus2000_match=YES
WORD_11=target=00044697 same=41814101 plus2000=00044697 same_match=NO plus2000_match=YES
WORD_12=target=13068693 same=42814201 plus2000=13068693 same_match=NO plus2000_match=YES
WORD_13=target=00044597 same=43814301 plus2000=00044597 same_match=NO plus2000_match=YES
WORD_14=target=12458593 same=44814401 plus2000=12458593 same_match=NO plus2000_match=YES
WORD_15=target=9736070A same=47014681 plus2000=9736070A same_match=NO plus2000_match=YES
MATCH_SAME_OFFSET=0/16
MATCH_PLUS_2000=16/16
FULL_MATCH_SAME_OFFSET=NO
FULL_MATCH_PLUS_2000=YES
WINDOW_SUMMARY=base=0x500 match_self=no match_plus_0x2000=yes matched_words_self=0/16 matched_words_plus_0x2000=16/16
WINDOW_MISMATCH_ADDRS_SELF=0x500,0x504,0x508,0x50C,0x510,0x514,0x518,0x51C,0x520,0x524,0x528,0x52C,0x530,0x534,0x538,0x53C
WINDOW_MISMATCH_ADDRS_PLUS_0X2000=none
WINDOW_BASE=0x540
OFFSET_HYPOTHESIS=+0x2000
TARGET_WORDS=56FD97AE,0791C7D4,FEE79EE3,02091793,0197D913,00040717,18470713,00040797,0FC78793,974A97CA,0007B023,9DE307A1,9793FEE7,93810204,00179693,577D96BE
PAYLOAD_SAME_WORDS=48014781,49014881,4A014981,4B014A81,4C014B81,4D014C81,4E014D81,4F014E81,50734F81,80823400,8082557D,00000013,00018082,00000013,2070051B,8082055A
PAYLOAD_PLUS2000_WORDS=56FD97AE,0791C7D4,FEE79EE3,02091793,0197D913,00040717,18470713,00040797,0FC78793,974A97CA,0007B023,9DE307A1,9793FEE7,93810204,00179693,577D96BE
WORD_0=target=56FD97AE same=48014781 plus2000=56FD97AE same_match=NO plus2000_match=YES
WORD_1=target=0791C7D4 same=49014881 plus2000=0791C7D4 same_match=NO plus2000_match=YES
WORD_2=target=FEE79EE3 same=4A014981 plus2000=FEE79EE3 same_match=NO plus2000_match=YES
WORD_3=target=02091793 same=4B014A81 plus2000=02091793 same_match=NO plus2000_match=YES
WORD_4=target=0197D913 same=4C014B81 plus2000=0197D913 same_match=NO plus2000_match=YES
WORD_5=target=00040717 same=4D014C81 plus2000=00040717 same_match=NO plus2000_match=YES
WORD_6=target=18470713 same=4E014D81 plus2000=18470713 same_match=NO plus2000_match=YES
WORD_7=target=00040797 same=4F014E81 plus2000=00040797 same_match=NO plus2000_match=YES
WORD_8=target=0FC78793 same=50734F81 plus2000=0FC78793 same_match=NO plus2000_match=YES
WORD_9=target=974A97CA same=80823400 plus2000=974A97CA same_match=NO plus2000_match=YES
WORD_10=target=0007B023 same=8082557D plus2000=0007B023 same_match=NO plus2000_match=YES
WORD_11=target=9DE307A1 same=00000013 plus2000=9DE307A1 same_match=NO plus2000_match=YES
WORD_12=target=9793FEE7 same=00018082 plus2000=9793FEE7 same_match=NO plus2000_match=YES
WORD_13=target=93810204 same=00000013 plus2000=93810204 same_match=NO plus2000_match=YES
WORD_14=target=00179693 same=2070051B plus2000=00179693 same_match=NO plus2000_match=YES
WORD_15=target=577D96BE same=8082055A plus2000=577D96BE same_match=NO plus2000_match=YES
MATCH_SAME_OFFSET=0/16
MATCH_PLUS_2000=16/16
FULL_MATCH_SAME_OFFSET=NO
FULL_MATCH_PLUS_2000=YES
WINDOW_SUMMARY=base=0x540 match_self=no match_plus_0x2000=yes matched_words_self=0/16 matched_words_plus_0x2000=16/16
WINDOW_MISMATCH_ADDRS_SELF=0x540,0x544,0x548,0x54C,0x550,0x554,0x558,0x55C,0x560,0x564,0x568,0x56C,0x570,0x574,0x578,0x57C
WINDOW_MISMATCH_ADDRS_PLUS_0X2000=none
WINDOW_BASE=0x580
OFFSET_HYPOTHESIS=+0x2000
TARGET_WORDS=069A078E,96AE1702,0705963E,3C234789,E2980006,70A2C69C,64E27402,45016942,80826145,7D1CE44E,C78989AA,6BBC6FBC,9782C391,50EF854E,06177230,06130004
PAYLOAD_SAME_WORDS=00200517,A8050513,00018082,00000013,80824505,00000013,00000533,00008082,3580206F,00000013,32E0206F,00000013,36A0206F,00000013,3B20206F,E1A27155
PAYLOAD_PLUS2000_WORDS=069A078E,96AE1702,0705963E,3C234789,E2980006,70A2C69C,64E27402,45016942,80826145,7D1CE44E,C78989AA,6BBC6FBC,9782C391,50EF854E,06177230,06130004
WORD_0=target=069A078E same=00200517 plus2000=069A078E same_match=NO plus2000_match=YES
WORD_1=target=96AE1702 same=A8050513 plus2000=96AE1702 same_match=NO plus2000_match=YES
WORD_2=target=0705963E same=00018082 plus2000=0705963E same_match=NO plus2000_match=YES
WORD_3=target=3C234789 same=00000013 plus2000=3C234789 same_match=NO plus2000_match=YES
WORD_4=target=E2980006 same=80824505 plus2000=E2980006 same_match=NO plus2000_match=YES
WORD_5=target=70A2C69C same=00000013 plus2000=70A2C69C same_match=NO plus2000_match=YES
WORD_6=target=64E27402 same=00000533 plus2000=64E27402 same_match=NO plus2000_match=YES
WORD_7=target=45016942 same=00008082 plus2000=45016942 same_match=NO plus2000_match=YES
WORD_8=target=80826145 same=3580206F plus2000=80826145 same_match=NO plus2000_match=YES
WORD_9=target=7D1CE44E same=00000013 plus2000=7D1CE44E same_match=NO plus2000_match=YES
WORD_10=target=C78989AA same=32E0206F plus2000=C78989AA same_match=NO plus2000_match=YES
WORD_11=target=6BBC6FBC same=00000013 plus2000=6BBC6FBC same_match=NO plus2000_match=YES
WORD_12=target=9782C391 same=36A0206F plus2000=9782C391 same_match=NO plus2000_match=YES
WORD_13=target=50EF854E same=00000013 plus2000=50EF854E same_match=NO plus2000_match=YES
WORD_14=target=06177230 same=3B20206F plus2000=06177230 same_match=NO plus2000_match=YES
WORD_15=target=06130004 same=E1A27155 plus2000=06130004 same_match=NO plus2000_match=YES
MATCH_SAME_OFFSET=0/16
MATCH_PLUS_2000=16/16
FULL_MATCH_SAME_OFFSET=NO
FULL_MATCH_PLUS_2000=YES
WINDOW_SUMMARY=base=0x580 match_self=no match_plus_0x2000=yes matched_words_self=0/16 matched_words_plus_0x2000=16/16
WINDOW_MISMATCH_ADDRS_SELF=0x580,0x584,0x588,0x58C,0x590,0x594,0x598,0x59C,0x5A0,0x5A4,0x5A8,0x5AC,0x5B0,0x5B4,0x5B8,0x5BC
WINDOW_MISMATCH_ADDRS_PLUS_0X2000=none
WINDOW_BASE=0x5C0
OFFSET_HYPOTHESIS=+0x2000
TARGET_WORDS=071BC866,250D0135,CA58C208,69A2478D,F4E7E0E3,00044597,08458593,715DBF85,FC26E0A2,F84AE486,F052F44E,E85AEC56,E062E45E,39830880,44810385,08000793
PAYLOAD_SAME_WORDS=FD26E586,F54EF94A,ED56F152,E55EE95A,2A730980,0793F140,099B07F0,3903000A,E9630385,07630537,2A830409,84AA0509,854A85CE,627000EF,7D632501,749C0355
PAYLOAD_PLUS2000_WORDS=071BC866,250D0135,CA58C208,69A2478D,F4E7E0E3,00044597,08458593,715DBF85,FC26E0A2,F84AE486,F052F44E,E85AEC56,E062E45E,39830880,44810385,08000793
WORD_0=target=071BC866 same=FD26E586 plus2000=071BC866 same_match=NO plus2000_match=YES
WORD_1=target=250D0135 same=F54EF94A plus2000=250D0135 same_match=NO plus2000_match=YES
WORD_2=target=CA58C208 same=ED56F152 plus2000=CA58C208 same_match=NO plus2000_match=YES
WORD_3=target=69A2478D same=E55EE95A plus2000=69A2478D same_match=NO plus2000_match=YES
WORD_4=target=F4E7E0E3 same=2A730980 plus2000=F4E7E0E3 same_match=NO plus2000_match=YES
WORD_5=target=00044597 same=0793F140 plus2000=00044597 same_match=NO plus2000_match=YES
WORD_6=target=08458593 same=099B07F0 plus2000=08458593 same_match=NO plus2000_match=YES
WORD_7=target=715DBF85 same=3903000A plus2000=715DBF85 same_match=NO plus2000_match=YES
WORD_8=target=FC26E0A2 same=E9630385 plus2000=FC26E0A2 same_match=NO plus2000_match=YES
WORD_9=target=F84AE486 same=07630537 plus2000=F84AE486 same_match=NO plus2000_match=YES
WORD_10=target=F052F44E same=2A830409 plus2000=F052F44E same_match=NO plus2000_match=YES
WORD_11=target=E85AEC56 same=84AA0509 plus2000=E85AEC56 same_match=NO plus2000_match=YES
WORD_12=target=E062E45E same=854A85CE plus2000=E062E45E same_match=NO plus2000_match=YES
WORD_13=target=39830880 same=627000EF plus2000=39830880 same_match=NO plus2000_match=YES
WORD_14=target=44810385 same=7D632501 plus2000=44810385 same_match=NO plus2000_match=YES
WORD_15=target=08000793 same=749C0355 plus2000=08000793 same_match=NO plus2000_match=YES
MATCH_SAME_OFFSET=0/16
MATCH_PLUS_2000=16/16
FULL_MATCH_SAME_OFFSET=NO
FULL_MATCH_PLUS_2000=YES
WINDOW_SUMMARY=base=0x5C0 match_self=no match_plus_0x2000=yes matched_words_self=0/16 matched_words_plus_0x2000=16/16
WINDOW_MISMATCH_ADDRS_SELF=0x5C0,0x5C4,0x5C8,0x5CC,0x5D0,0x5D4,0x5D8,0x5DC,0x5E0,0x5E4,0x5E8,0x5EC,0x5F0,0x5F4,0x5F8,0x5FC
WINDOW_MISMATCH_ADDRS_PLUS_0X2000=none
WINDOW_BASE=0x600
OFFSET_HYPOTHESIS=+0x2000
TARGET_WORDS=02099263,9FE30485,60A6FEF4,74E26406,79A27942,6AE27A02,6BA26B42,45016C02,80826161,CA178B2A,0A130004,4901032A,0003EB97,A10B8B93,08000A93,891BA019
PAYLOAD_SAME_WORDS=8C634705,470D02E7,28E78B63,0513E785,40EF0550,3AB31680,378300A0,639C0589,854ECFC1,E9499782,05893783,CF89679C,C9199782,A0EFE162,051339E0,40EF0530
PAYLOAD_PLUS2000_WORDS=02099263,9FE30485,60A6FEF4,74E26406,79A27942,6AE27A02,6BA26B42,45016C02,80826161,CA178B2A,0A130004,4901032A,0003EB97,A10B8B93,08000A93,891BA019
WORD_0=target=02099263 same=8C634705 plus2000=02099263 same_match=NO plus2000_match=YES
WORD_1=target=9FE30485 same=470D02E7 plus2000=9FE30485 same_match=NO plus2000_match=YES
WORD_2=target=60A6FEF4 same=28E78B63 plus2000=60A6FEF4 same_match=NO plus2000_match=YES
WORD_3=target=74E26406 same=0513E785 plus2000=74E26406 same_match=NO plus2000_match=YES
WORD_4=target=79A27942 same=40EF0550 plus2000=79A27942 same_match=NO plus2000_match=YES
WORD_5=target=6AE27A02 same=3AB31680 plus2000=6AE27A02 same_match=NO plus2000_match=YES
WORD_6=target=6BA26B42 same=378300A0 plus2000=6BA26B42 same_match=NO plus2000_match=YES
WORD_7=target=45016C02 same=639C0589 plus2000=45016C02 same_match=NO plus2000_match=YES
WORD_8=target=80826161 same=854ECFC1 plus2000=80826161 same_match=NO plus2000_match=YES
WORD_9=target=CA178B2A same=E9499782 plus2000=CA178B2A same_match=NO plus2000_match=YES
WORD_10=target=0A130004 same=05893783 plus2000=0A130004 same_match=NO plus2000_match=YES
WORD_11=target=4901032A same=CF89679C plus2000=4901032A same_match=NO plus2000_match=YES
WORD_12=target=0003EB97 same=C9199782 plus2000=0003EB97 same_match=NO plus2000_match=YES
WORD_13=target=A10B8B93 same=A0EFE162 plus2000=A10B8B93 same_match=NO plus2000_match=YES
WORD_14=target=08000A93 same=051339E0 plus2000=08000A93 same_match=NO plus2000_match=YES
WORD_15=target=891BA019 same=40EF0530 plus2000=891BA019 same_match=NO plus2000_match=YES
MATCH_SAME_OFFSET=0/16
MATCH_PLUS_2000=16/16
FULL_MATCH_SAME_OFFSET=NO
FULL_MATCH_PLUS_2000=YES
WINDOW_SUMMARY=base=0x600 match_self=no match_plus_0x2000=yes matched_words_self=0/16 matched_words_plus_0x2000=16/16
WINDOW_MISMATCH_ADDRS_SELF=0x600,0x604,0x608,0x60C,0x610,0x614,0x618,0x61C,0x620,0x624,0x628,0x62C,0x630,0x634,0x638,0x63C
WINDOW_MISMATCH_ADDRS_PLUS_0X2000=none
WINDOW_BASE=0x640
OFFSET_HYPOTHESIS=+0x2000
TARGET_WORDS=85CA0004,AC03854E,E0EF0509,87AADD1F,85CA2781,F063854E,3C030387,E0EF040B,1593DBDF,91810205,9C028526,00AA3023,A023C119,0485012B,92E30A21,B771FD54
PAYLOAD_SAME_WORDS=3AB313C0,BFD100A0,30402BF3,87936785,A0738087,25173047,05130004,40EF9C25,579B6950,078E406A,00042A97,9B8A8A93,B7839ABE,4B05000A,013B1B33,0167E7B3
PAYLOAD_PLUS2000_WORDS=85CA0004,AC03854E,E0EF0509,87AADD1F,85CA2781,F063854E,3C030387,E0EF040B,1593DBDF,91810205,9C028526,00AA3023,A023C119,0485012B,92E30A21,B771FD54
WORD_0=target=85CA0004 same=3AB313C0 plus2000=85CA0004 same_match=NO plus2000_match=YES
WORD_1=target=AC03854E same=BFD100A0 plus2000=AC03854E same_match=NO plus2000_match=YES
WORD_2=target=E0EF0509 same=30402BF3 plus2000=E0EF0509 same_match=NO plus2000_match=YES
WORD_3=target=87AADD1F same=87936785 plus2000=87AADD1F same_match=NO plus2000_match=YES
WORD_4=target=85CA2781 same=A0738087 plus2000=85CA2781 same_match=NO plus2000_match=YES
WORD_5=target=F063854E same=25173047 plus2000=F063854E same_match=NO plus2000_match=YES
WORD_6=target=3C030387 same=05130004 plus2000=3C030387 same_match=NO plus2000_match=YES
WORD_7=target=E0EF040B same=40EF9C25 plus2000=E0EF040B same_match=NO plus2000_match=YES
WORD_8=target=1593DBDF same=579B6950 plus2000=1593DBDF same_match=NO plus2000_match=YES
WORD_9=target=91810205 same=078E406A plus2000=91810205 same_match=NO plus2000_match=YES
WORD_10=target=9C028526 same=00042A97 plus2000=9C028526 same_match=NO plus2000_match=YES
WORD_11=target=00AA3023 same=9B8A8A93 plus2000=00AA3023 same_match=NO plus2000_match=YES
WORD_12=target=A023C119 same=B7839ABE plus2000=A023C119 same_match=NO plus2000_match=YES
WORD_13=target=0485012B same=4B05000A plus2000=0485012B same_match=NO plus2000_match=YES
WORD_14=target=92E30A21 same=013B1B33 plus2000=92E30A21 same_match=NO plus2000_match=YES
WORD_15=target=B771FD54 same=0167E7B3 plus2000=B771FD54 same_match=NO plus2000_match=YES
MATCH_SAME_OFFSET=0/16
MATCH_PLUS_2000=16/16
FULL_MATCH_SAME_OFFSET=NO
FULL_MATCH_PLUS_2000=YES
WINDOW_SUMMARY=base=0x640 match_self=no match_plus_0x2000=yes matched_words_self=0/16 matched_words_plus_0x2000=16/16
WINDOW_MISMATCH_ADDRS_SELF=0x640,0x644,0x648,0x64C,0x650,0x654,0x658,0x65C,0x660,0x664,0x668,0x66C,0x670,0x674,0x678,0x67C
WINDOW_MISMATCH_ADDRS_PLUS_0X2000=none
WINDOW_BASE=0x680
OFFSET_HYPOTHESIS=+0x2000
TARGET_WORDS=F8227139,E852FC06,C9490080,E456F426,00757793,C78184AA,FF857493,C51704A1,05130004,EA973BA5,8A930003,20EF99AA,BA036450,6705008A,0004C517,3A050513
PAYLOAD_SAME_WORDS=00042517,99850513,00FAB023,693040EF,00042917,97090913,01093783,0230000F,0E079963,10500073,344027F3,0037D713,10177713,B7CDDB65,F60A88E3,25174585
PAYLOAD_PLUS2000_WORDS=F8227139,E852FC06,C9490080,E456F426,00757793,C78184AA,FF857493,C51704A1,05130004,EA973BA5,8A930003,20EF99AA,BA036450,6705008A,0004C517,3A050513
WORD_0=target=F8227139 same=00042517 plus2000=F8227139 same_match=NO plus2000_match=YES
WORD_1=target=E852FC06 same=99850513 plus2000=E852FC06 same_match=NO plus2000_match=YES
WORD_2=target=C9490080 same=00FAB023 plus2000=C9490080 same_match=NO plus2000_match=YES
WORD_3=target=E456F426 same=693040EF plus2000=E456F426 same_match=NO plus2000_match=YES
WORD_4=target=00757793 same=00042917 plus2000=00757793 same_match=NO plus2000_match=YES
WORD_5=target=C78184AA same=97090913 plus2000=C78184AA same_match=NO plus2000_match=YES
WORD_6=target=FF857493 same=01093783 plus2000=FF857493 same_match=NO plus2000_match=YES
WORD_7=target=C51704A1 same=0230000F plus2000=C51704A1 same_match=NO plus2000_match=YES
WORD_8=target=05130004 same=0E079963 plus2000=05130004 same_match=NO plus2000_match=YES
WORD_9=target=EA973BA5 same=10500073 plus2000=EA973BA5 same_match=NO plus2000_match=YES
WORD_10=target=8A930003 same=344027F3 plus2000=8A930003 same_match=NO plus2000_match=YES
WORD_11=target=20EF99AA same=0037D713 plus2000=20EF99AA same_match=NO plus2000_match=YES
WORD_12=target=BA036450 same=10177713 plus2000=BA036450 same_match=NO plus2000_match=YES
WORD_13=target=6705008A same=B7CDDB65 plus2000=6705008A same_match=NO plus2000_match=YES
WORD_14=target=0004C517 same=F60A88E3 plus2000=0004C517 same_match=NO plus2000_match=YES
WORD_15=target=3A050513 same=25174585 plus2000=3A050513 same_match=NO plus2000_match=YES
MATCH_SAME_OFFSET=0/16
MATCH_PLUS_2000=16/16
FULL_MATCH_SAME_OFFSET=NO
FULL_MATCH_PLUS_2000=YES
WINDOW_SUMMARY=base=0x680 match_self=no match_plus_0x2000=yes matched_words_self=0/16 matched_words_plus_0x2000=16/16
WINDOW_MISMATCH_ADDRS_SELF=0x680,0x684,0x688,0x68C,0x690,0x694,0x698,0x69C,0x6A0,0x6A4,0x6A8,0x6AC,0x6B0,0x6B4,0x6B8,0x6BC
WINDOW_MISMATCH_ADDRS_PLUS_0X2000=none
WINDOW_BASE=0x6C0
OFFSET_HYPOTHESIS=+0x2000
TARGET_WORDS=009A07B3,04F76863,00FAB423,653020EF,040A0D63,EC4EF04A,C9974901,89930004,B783F7E9,86260009,85334581,C3990147,1E6000EF,000AA783,09A12905,FF27F3E3
PAYLOAD_SAME_WORDS=05130004,40EF9425,37834AB0,892A0589,C399679C,FD399782,F60918E3,BA838526,10EF0384,F5396FD0,852685CE,107070EF,4521F131,78D010EF,00042917,90890913
PAYLOAD_PLUS2000_WORDS=009A07B3,04F76863,00FAB423,653020EF,040A0D63,EC4EF04A,C9974901,89930004,B783F7E9,86260009,85334581,C3990147,1E6000EF,000AA783,09A12905,FF27F3E3
WORD_0=target=009A07B3 same=05130004 plus2000=009A07B3 same_match=NO plus2000_match=YES
WORD_1=target=04F76863 same=40EF9425 plus2000=04F76863 same_match=NO plus2000_match=YES
WORD_2=target=00FAB423 same=37834AB0 plus2000=00FAB423 same_match=NO plus2000_match=YES
WORD_3=target=653020EF same=892A0589 plus2000=653020EF same_match=NO plus2000_match=YES
WORD_4=target=040A0D63 same=C399679C plus2000=040A0D63 same_match=NO plus2000_match=YES
WORD_5=target=EC4EF04A same=FD399782 plus2000=EC4EF04A same_match=NO plus2000_match=YES
WORD_6=target=C9974901 same=F60918E3 plus2000=C9974901 same_match=NO plus2000_match=YES
WORD_7=target=89930004 same=BA838526 plus2000=89930004 same_match=NO plus2000_match=YES
WORD_8=target=B783F7E9 same=10EF0384 plus2000=B783F7E9 same_match=NO plus2000_match=YES
WORD_9=target=86260009 same=F5396FD0 plus2000=86260009 same_match=NO plus2000_match=YES
WORD_10=target=85334581 same=852685CE plus2000=85334581 same_match=NO plus2000_match=YES
WORD_11=target=C3990147 same=107070EF plus2000=C3990147 same_match=NO plus2000_match=YES
WORD_12=target=1E6000EF same=4521F131 plus2000=1E6000EF same_match=NO plus2000_match=YES
WORD_13=target=000AA783 same=78D010EF plus2000=000AA783 same_match=NO plus2000_match=YES
WORD_14=target=09A12905 same=00042917 plus2000=09A12905 same_match=NO plus2000_match=YES
WORD_15=target=FF27F3E3 same=90890913 plus2000=FF27F3E3 same_match=NO plus2000_match=YES
MATCH_SAME_OFFSET=0/16
MATCH_PLUS_2000=16/16
FULL_MATCH_SAME_OFFSET=NO
FULL_MATCH_PLUS_2000=YES
WINDOW_SUMMARY=base=0x6C0 match_self=no match_plus_0x2000=yes matched_words_self=0/16 matched_words_plus_0x2000=16/16
WINDOW_MISMATCH_ADDRS_SELF=0x6C0,0x6C4,0x6C8,0x6CC,0x6D0,0x6D4,0x6D8,0x6DC,0x6E0,0x6E4,0x6E8,0x6EC,0x6F0,0x6F4,0x6F8,0x6FC
WINDOW_MISMATCH_ADDRS_PLUS_0X2000=none
WINDOW_BASE=0x700
OFFSET_HYPOTHESIS=+0x2000
TARGET_WORDS=744270E2,790274A2,6AA269E2,6A428552,80826121,60B020EF,6AA274A2,70E24A01,85527442,61216A42,74A28082,4A016AA2,1141B7FD,0800E422,01416422,11418082
PAYLOAD_SAME_WORDS=00A93423,4605D905,852685CE,63C0A0EF,8A63F115,B783000A,6B9C058A,4505C789,19E39782,4585F005,80EF8526,13E334A0,8526F005,0CD060EF,EE051EE3,85264585
PAYLOAD_PLUS2000_WORDS=744270E2,790274A2,6AA269E2,6A428552,80826121,60B020EF,6AA274A2,70E24A01,85527442,61216A42,74A28082,4A016AA2,1141B7FD,0800E422,01416422,11418082
WORD_0=target=744270E2 same=00A93423 plus2000=744270E2 same_match=NO plus2000_match=YES
WORD_1=target=790274A2 same=4605D905 plus2000=790274A2 same_match=NO plus2000_match=YES
WORD_2=target=6AA269E2 same=852685CE plus2000=6AA269E2 same_match=NO plus2000_match=YES
WORD_3=target=6A428552 same=63C0A0EF plus2000=6A428552 same_match=NO plus2000_match=YES
WORD_4=target=80826121 same=8A63F115 plus2000=80826121 same_match=NO plus2000_match=YES
WORD_5=target=60B020EF same=B783000A plus2000=60B020EF same_match=NO plus2000_match=YES
WORD_6=target=6AA274A2 same=6B9C058A plus2000=6AA274A2 same_match=NO plus2000_match=YES
WORD_7=target=70E24A01 same=4505C789 plus2000=70E24A01 same_match=NO plus2000_match=YES
WORD_8=target=85527442 same=19E39782 plus2000=85527442 same_match=NO plus2000_match=YES
WORD_9=target=61216A42 same=4585F005 plus2000=61216A42 same_match=NO plus2000_match=YES
WORD_10=target=74A28082 same=80EF8526 plus2000=74A28082 same_match=NO plus2000_match=YES
WORD_11=target=4A016AA2 same=13E334A0 plus2000=4A016AA2 same_match=NO plus2000_match=YES
WORD_12=target=1141B7FD same=8526F005 plus2000=1141B7FD same_match=NO plus2000_match=YES
WORD_13=target=0800E422 same=0CD060EF plus2000=0800E422 same_match=NO plus2000_match=YES
WORD_14=target=01416422 same=EE051EE3 plus2000=01416422 same_match=NO plus2000_match=YES
WORD_15=target=11418082 same=85264585 plus2000=11418082 same_match=NO plus2000_match=YES
MATCH_SAME_OFFSET=0/16
MATCH_PLUS_2000=16/16
FULL_MATCH_SAME_OFFSET=NO
FULL_MATCH_PLUS_2000=YES
WINDOW_SUMMARY=base=0x700 match_self=no match_plus_0x2000=yes matched_words_self=0/16 matched_words_plus_0x2000=16/16
WINDOW_MISMATCH_ADDRS_SELF=0x700,0x704,0x708,0x70C,0x710,0x714,0x718,0x71C,0x720,0x724,0x728,0x72C,0x730,0x734,0x738,0x73C
WINDOW_MISMATCH_ADDRS_PLUS_0X2000=none
WINDOW_BASE=0x740
OFFSET_HYPOTHESIS=+0x2000
TARGET_WORDS=0800E422,00054783,0005C703,00E78963,4783A839,C7030005,9A630005,050500E7,FBE50585,45016422,01419D19,64228082,0007851B,01419D19,11418082,0800E422
PAYLOAD_SAME_WORDS=5AB010EF,EE0518E3,8B856CBC,4609EF99,95174585,05130001,60EF8B65,95176CC0,05130001,60EF8C25,45856C00,00EF8526,862A3710,14050D63,0001A597,4E058593
PAYLOAD_PLUS2000_WORDS=0800E422,00054783,0005C703,00E78963,4783A839,C7030005,9A630005,050500E7,FBE50585,45016422,01419D19,64228082,0007851B,01419D19,11418082,0800E422
WORD_0=target=0800E422 same=5AB010EF plus2000=0800E422 same_match=NO plus2000_match=YES
WORD_1=target=00054783 same=EE0518E3 plus2000=00054783 same_match=NO plus2000_match=YES
WORD_2=target=0005C703 same=8B856CBC plus2000=0005C703 same_match=NO plus2000_match=YES
WORD_3=target=00E78963 same=4609EF99 plus2000=00E78963 same_match=NO plus2000_match=YES
WORD_4=target=4783A839 same=95174585 plus2000=4783A839 same_match=NO plus2000_match=YES
WORD_5=target=C7030005 same=05130001 plus2000=C7030005 same_match=NO plus2000_match=YES
WORD_6=target=9A630005 same=60EF8B65 plus2000=9A630005 same_match=NO plus2000_match=YES
WORD_7=target=050500E7 same=95176CC0 plus2000=050500E7 same_match=NO plus2000_match=YES
WORD_8=target=FBE50585 same=05130001 plus2000=FBE50585 same_match=NO plus2000_match=YES
WORD_9=target=45016422 same=60EF8C25 plus2000=45016422 same_match=NO plus2000_match=YES
WORD_10=target=01419D19 same=45856C00 plus2000=01419D19 same_match=NO plus2000_match=YES
WORD_11=target=64228082 same=00EF8526 plus2000=64228082 same_match=NO plus2000_match=YES
WORD_12=target=0007851B same=862A3710 plus2000=0007851B same_match=NO plus2000_match=YES
WORD_13=target=01419D19 same=14050D63 plus2000=01419D19 same_match=NO plus2000_match=YES
WORD_14=target=11418082 same=0001A597 plus2000=11418082 same_match=NO plus2000_match=YES
WORD_15=target=0800E422 same=4E058593 plus2000=0800E422 same_match=NO plus2000_match=YES
MATCH_SAME_OFFSET=0/16
MATCH_PLUS_2000=16/16
FULL_MATCH_SAME_OFFSET=NO
FULL_MATCH_PLUS_2000=YES
WINDOW_SUMMARY=base=0x740 match_self=no match_plus_0x2000=yes matched_words_self=0/16 matched_words_plus_0x2000=16/16
WINDOW_MISMATCH_ADDRS_SELF=0x740,0x744,0x748,0x74C,0x750,0x754,0x758,0x75C,0x760,0x764,0x768,0x76C,0x770,0x774,0x778,0x77C
WINDOW_MISMATCH_ADDRS_PLUS_0X2000=none
WINDOW_BASE=0x780
OFFSET_HYPOTHESIS=+0x2000
TARGET_WORDS=A025E611,0505CB99,C2050585,0005C783,00054703,87E3167D,4503FEE7,C7830005,64220005,01419D1D,64228082,01414501,11418082,0800E422,00054783,872ACF81
PAYLOAD_SAME_WORDS=00019517,9C850513,60EFE162,A0EF69C0,25172460,05130004,40EF8865,B7835590,4B13000A,2517FFFB,05130004,F7B38725,B0230167,40EF00FA,90735690,2773304B
PAYLOAD_PLUS2000_WORDS=A025E611,0505CB99,C2050585,0005C783,00054703,87E3167D,4503FEE7,C7830005,64220005,01419D1D,64228082,01414501,11418082,0800E422,00054783,872ACF81
WORD_0=target=A025E611 same=00019517 plus2000=A025E611 same_match=NO plus2000_match=YES
WORD_1=target=0505CB99 same=9C850513 plus2000=0505CB99 same_match=NO plus2000_match=YES
WORD_2=target=C2050585 same=60EFE162 plus2000=C2050585 same_match=NO plus2000_match=YES
WORD_3=target=0005C783 same=A0EF69C0 plus2000=0005C783 same_match=NO plus2000_match=YES
WORD_4=target=00054703 same=25172460 plus2000=00054703 same_match=NO plus2000_match=YES
WORD_5=target=87E3167D same=05130004 plus2000=87E3167D same_match=NO plus2000_match=YES
WORD_6=target=4503FEE7 same=40EF8865 plus2000=4503FEE7 same_match=NO plus2000_match=YES
WORD_7=target=C7830005 same=B7835590 plus2000=C7830005 same_match=NO plus2000_match=YES
WORD_8=target=64220005 same=4B13000A plus2000=64220005 same_match=NO plus2000_match=YES
WORD_9=target=01419D1D same=2517FFFB plus2000=01419D1D same_match=NO plus2000_match=YES
WORD_10=target=64228082 same=05130004 plus2000=64228082 same_match=NO plus2000_match=YES
WORD_11=target=01414501 same=F7B38725 plus2000=01414501 same_match=NO plus2000_match=YES
WORD_12=target=11418082 same=B0230167 plus2000=11418082 same_match=NO plus2000_match=YES
WORD_13=target=0800E422 same=40EF00FA plus2000=0800E422 same_match=NO plus2000_match=YES
WORD_14=target=00054783 same=90735690 plus2000=00054783 same_match=NO plus2000_match=YES
WORD_15=target=872ACF81 same=2773304B plus2000=872ACF81 same_match=NO plus2000_match=YES
MATCH_SAME_OFFSET=0/16
MATCH_PLUS_2000=16/16
FULL_MATCH_SAME_OFFSET=NO
FULL_MATCH_PLUS_2000=YES
WINDOW_SUMMARY=base=0x780 match_self=no match_plus_0x2000=yes matched_words_self=0/16 matched_words_plus_0x2000=16/16
WINDOW_MISMATCH_ADDRS_SELF=0x780,0x784,0x788,0x78C,0x790,0x794,0x798,0x79C,0x7A0,0x7A4,0x7A8,0x7AC,0x7B0,0x7B4,0x7B8,0x7BC
WINDOW_MISMATCH_ADDRS_PLUS_0X2000=none
WINDOW_BASE=0x7C0
OFFSET_HYPOTHESIS=+0x2000
TARGET_WORDS=05054501,00A707B3,0007C783,6422FBFD,80820141,45016422,80820141,E4221141,47830800,C3850005,872ACD99,A0194501,00A58863,07B30505,C78300A7,FBED0007
PAYLOAD_SAME_WORDS=1793F140,D7130207,179701D7,B7830004,97BA1CE7,85CE6388,3DC0A0EF,E4054CE3,05634791,37830CF5,BA830089,83E30384,4601E407,852685CE,5500A0EF,E2051CE3
PAYLOAD_PLUS2000_WORDS=05054501,00A707B3,0007C783,6422FBFD,80820141,45016422,80820141,E4221141,47830800,C3850005,872ACD99,A0194501,00A58863,07B30505,C78300A7,FBED0007
WORD_0=target=05054501 same=1793F140 plus2000=05054501 same_match=NO plus2000_match=YES
WORD_1=target=00A707B3 same=D7130207 plus2000=00A707B3 same_match=NO plus2000_match=YES
WORD_2=target=0007C783 same=179701D7 plus2000=0007C783 same_match=NO plus2000_match=YES
WORD_3=target=6422FBFD same=B7830004 plus2000=6422FBFD same_match=NO plus2000_match=YES
WORD_4=target=80820141 same=97BA1CE7 plus2000=80820141 same_match=NO plus2000_match=YES
WORD_5=target=45016422 same=85CE6388 plus2000=45016422 same_match=NO plus2000_match=YES
WORD_6=target=80820141 same=3DC0A0EF plus2000=80820141 same_match=NO plus2000_match=YES
WORD_7=target=E4221141 same=E4054CE3 plus2000=E4221141 same_match=NO plus2000_match=YES
WORD_8=target=47830800 same=05634791 plus2000=47830800 same_match=NO plus2000_match=YES
WORD_9=target=C3850005 same=37830CF5 plus2000=C3850005 same_match=NO plus2000_match=YES
WORD_10=target=872ACD99 same=BA830089 plus2000=872ACD99 same_match=NO plus2000_match=YES
WORD_11=target=A0194501 same=83E30384 plus2000=A0194501 same_match=NO plus2000_match=YES
WORD_12=target=00A58863 same=4601E407 plus2000=00A58863 same_match=NO plus2000_match=YES
WORD_13=target=07B30505 same=852685CE plus2000=07B30505 same_match=NO plus2000_match=YES
WORD_14=target=C78300A7 same=5500A0EF plus2000=C78300A7 same_match=NO plus2000_match=YES
WORD_15=target=FBED0007 same=E2051CE3 plus2000=FBED0007 same_match=NO plus2000_match=YES
MATCH_SAME_OFFSET=0/16
MATCH_PLUS_2000=16/16
FULL_MATCH_SAME_OFFSET=NO
FULL_MATCH_PLUS_2000=YES
WINDOW_SUMMARY=base=0x7C0 match_self=no match_plus_0x2000=yes matched_words_self=0/16 matched_words_plus_0x2000=16/16
WINDOW_MISMATCH_ADDRS_SELF=0x7C0,0x7C4,0x7C8,0x7CC,0x7D0,0x7D4,0x7D8,0x7DC,0x7E0,0x7E4,0x7E8,0x7EC,0x7F0,0x7F4,0x7F8,0x7FC
WINDOW_MISMATCH_ADDRS_PLUS_0X2000=none
WINDOW_BASE=0x800
OFFSET_HYPOTHESIS=+0x2000
TARGET_WORDS=01416422,64228082,01414501,11418082,0800E422,0005C783,872ACB89,00F70023,0015C783,07050585,6422FBF5,80820141,E4221141,CE090800,87AA962A,8FA3A029
PAYLOAD_SAME_WORDS=000A8963,058AB783,C7816B9C,13E39782,4581E205,80EF8526,1DE325E0,4581E005,10EF8526,17E34C90,4581E005,00EF8526,11E32B10,4581E005,00EF8526,1BE314B0
PAYLOAD_PLUS2000_WORDS=01416422,64228082,01414501,11418082,0800E422,0005C783,872ACB89,00F70023,0015C783,07050585,6422FBF5,80820141,E4221141,CE090800,87AA962A,8FA3A029
WORD_0=target=01416422 same=000A8963 plus2000=01416422 same_match=NO plus2000_match=YES
WORD_1=target=64228082 same=058AB783 plus2000=64228082 same_match=NO plus2000_match=YES
WORD_2=target=01414501 same=C7816B9C plus2000=01414501 same_match=NO plus2000_match=YES
WORD_3=target=11418082 same=13E39782 plus2000=11418082 same_match=NO plus2000_match=YES
WORD_4=target=0800E422 same=4581E205 plus2000=0800E422 same_match=NO plus2000_match=YES
WORD_5=target=0005C783 same=80EF8526 plus2000=0005C783 same_match=NO plus2000_match=YES
WORD_6=target=872ACB89 same=1DE325E0 plus2000=872ACB89 same_match=NO plus2000_match=YES
WORD_7=target=00F70023 same=4581E005 plus2000=00F70023 same_match=NO plus2000_match=YES
WORD_8=target=0015C783 same=10EF8526 plus2000=0015C783 same_match=NO plus2000_match=YES
WORD_9=target=07050585 same=17E34C90 plus2000=07050585 same_match=NO plus2000_match=YES
WORD_10=target=6422FBF5 same=4581E005 plus2000=6422FBF5 same_match=NO plus2000_match=YES
WORD_11=target=80820141 same=00EF8526 plus2000=80820141 same_match=NO plus2000_match=YES
WORD_12=target=E4221141 same=11E32B10 plus2000=E4221141 same_match=NO plus2000_match=YES
WORD_13=target=CE090800 same=4581E005 plus2000=CE090800 same_match=NO plus2000_match=YES
WORD_14=target=87AA962A same=00EF8526 plus2000=87AA962A same_match=NO plus2000_match=YES
WORD_15=target=8FA3A029 same=1BE314B0 plus2000=8FA3A029 same_match=NO plus2000_match=YES
MATCH_SAME_OFFSET=0/16
MATCH_PLUS_2000=16/16
FULL_MATCH_SAME_OFFSET=NO
FULL_MATCH_PLUS_2000=YES
WINDOW_SUMMARY=base=0x800 match_self=no match_plus_0x2000=yes matched_words_self=0/16 matched_words_plus_0x2000=16/16
WINDOW_MISMATCH_ADDRS_SELF=0x800,0x804,0x808,0x80C,0x810,0x814,0x818,0x81C,0x820,0x824,0x828,0x82C,0x830,0x834,0x838,0x83C
WINDOW_MISMATCH_ADDRS_PLUS_0X2000=none
WINDOW_BASE=0x840
OFFSET_HYPOTHESIS=+0x2000
TARGET_WORDS=8763FEE7,C70300C7,07850005,FB650585,01416422,11418082,0800E422,00054783,F593CB89,87630FF5,478300F5,05050015,4501FBFD,01416422,11418082,0800E422
PAYLOAD_SAME_WORDS=4581DE05,20EF8526,15E37590,4581DE05,20EF8526,1FE30330,8526DC05,4F5070EF,DC051AE3,000A8963,058AB783,C7816F9C,11E39782,3783DC05,85CE0089,97A68526
PAYLOAD_PLUS2000_WORDS=8763FEE7,C70300C7,07850005,FB650585,01416422,11418082,0800E422,00054783,F593CB89,87630FF5,478300F5,05050015,4501FBFD,01416422,11418082,0800E422
WORD_0=target=8763FEE7 same=4581DE05 plus2000=8763FEE7 same_match=NO plus2000_match=YES
WORD_1=target=C70300C7 same=20EF8526 plus2000=C70300C7 same_match=NO plus2000_match=YES
WORD_2=target=07850005 same=15E37590 plus2000=07850005 same_match=NO plus2000_match=YES
WORD_3=target=FB650585 same=4581DE05 plus2000=FB650585 same_match=NO plus2000_match=YES
WORD_4=target=01416422 same=20EF8526 plus2000=01416422 same_match=NO plus2000_match=YES
WORD_5=target=11418082 same=1FE30330 plus2000=11418082 same_match=NO plus2000_match=YES
WORD_6=target=0800E422 same=8526DC05 plus2000=0800E422 same_match=NO plus2000_match=YES
WORD_7=target=00054783 same=4F5070EF plus2000=00054783 same_match=NO plus2000_match=YES
WORD_8=target=F593CB89 same=DC051AE3 plus2000=F593CB89 same_match=NO plus2000_match=YES
WORD_9=target=87630FF5 same=000A8963 plus2000=87630FF5 same_match=NO plus2000_match=YES
WORD_10=target=478300F5 same=058AB783 plus2000=478300F5 same_match=NO plus2000_match=YES
WORD_11=target=05050015 same=C7816F9C plus2000=05050015 same_match=NO plus2000_match=YES
WORD_12=target=4501FBFD same=11E39782 plus2000=4501FBFD same_match=NO plus2000_match=YES
WORD_13=target=01416422 same=3783DC05 plus2000=01416422 same_match=NO plus2000_match=YES
WORD_14=target=11418082 same=85CE0089 plus2000=11418082 same_match=NO plus2000_match=YES
WORD_15=target=0800E422 same=97A68526 plus2000=0800E422 same_match=NO plus2000_match=YES
MATCH_SAME_OFFSET=0/16
MATCH_PLUS_2000=16/16
FULL_MATCH_SAME_OFFSET=NO
FULL_MATCH_PLUS_2000=YES
WINDOW_SUMMARY=base=0x840 match_self=no match_plus_0x2000=yes matched_words_self=0/16 matched_words_plus_0x2000=16/16
WINDOW_MISMATCH_ADDRS_SELF=0x840,0x844,0x848,0x84C,0x850,0x854,0x858,0x85C,0x860,0x864,0x868,0x86C,0x870,0x874,0x878,0x87C
WINDOW_MISMATCH_ADDRS_PLUS_0X2000=none
WINDOW_BASE=0x880
OFFSET_HYPOTHESIS=+0x2000
TARGET_WORDS=00054683,F593872A,C2B10FF5,07854781,00F70533,00054683,87AAFAFD,00A76663,0C63A839,853E00F7,00054683,FFF50793,FEB699E3,01416422,46838082,8663FFF5
PAYLOAD_SAME_WORDS=07056398,A0EFE398,E16244A0,70907494,15136C8C,4701020A,A0EF9101,378314A0,4A850589,9EE3639C,BD09D607,A0EF8526,852673A0,7D7070EF,D6051EE3,70EF8526
PAYLOAD_PLUS2000_WORDS=00054683,F593872A,C2B10FF5,07854781,00F70533,00054683,87AAFAFD,00A76663,0C63A839,853E00F7,00054683,FFF50793,FEB699E3,01416422,46838082,8663FFF5
WORD_0=target=00054683 same=07056398 plus2000=00054683 same_match=NO plus2000_match=YES
WORD_1=target=F593872A same=A0EFE398 plus2000=F593872A same_match=NO plus2000_match=YES
WORD_2=target=C2B10FF5 same=E16244A0 plus2000=C2B10FF5 same_match=NO plus2000_match=YES
WORD_3=target=07854781 same=70907494 plus2000=07854781 same_match=NO plus2000_match=YES
WORD_4=target=00F70533 same=15136C8C plus2000=00F70533 same_match=NO plus2000_match=YES
WORD_5=target=00054683 same=4701020A plus2000=00054683 same_match=NO plus2000_match=YES
WORD_6=target=87AAFAFD same=A0EF9101 plus2000=87AAFAFD same_match=NO plus2000_match=YES
WORD_7=target=00A76663 same=378314A0 plus2000=00A76663 same_match=NO plus2000_match=YES
WORD_8=target=0C63A839 same=4A850589 plus2000=0C63A839 same_match=NO plus2000_match=YES
WORD_9=target=853E00F7 same=9EE3639C plus2000=853E00F7 same_match=NO plus2000_match=YES
WORD_10=target=00054683 same=BD09D607 plus2000=00054683 same_match=NO plus2000_match=YES
WORD_11=target=FFF50793 same=A0EF8526 plus2000=FFF50793 same_match=NO plus2000_match=YES
WORD_12=target=FEB699E3 same=852673A0 plus2000=FEB699E3 same_match=NO plus2000_match=YES
WORD_13=target=01416422 same=7D7070EF plus2000=01416422 same_match=NO plus2000_match=YES
WORD_14=target=46838082 same=D6051EE3 plus2000=46838082 same_match=NO plus2000_match=YES
WORD_15=target=8663FFF5 same=70EF8526 plus2000=8663FFF5 same_match=NO plus2000_match=YES
MATCH_SAME_OFFSET=0/16
MATCH_PLUS_2000=16/16
FULL_MATCH_SAME_OFFSET=NO
FULL_MATCH_PLUS_2000=YES
WINDOW_SUMMARY=base=0x880 match_self=no match_plus_0x2000=yes matched_words_self=0/16 matched_words_plus_0x2000=16/16
WINDOW_MISMATCH_ADDRS_SELF=0x880,0x884,0x888,0x88C,0x890,0x894,0x898,0x89C,0x8A0,0x8A4,0x8A8,0x8AC,0x8B0,0x8B4,0x8B8,0x8BC
WINDOW_MISMATCH_ADDRS_PLUS_0X2000=none
WINDOW_BASE=0x8C0
OFFSET_HYPOTHESIS=+0x2000
TARGET_WORDS=642200B6,01414501,853E8082,87AAB7E5,FEB699E3,1141BFDD,0800E422,00C50733,F593CA09,87AA0FF5,8FA30785,1DE3FEB7,6422FEF7,80820141,E4221141,CA190800
PAYLOAD_SAME_WORDS=19E34930,8526D605,7720A0EF,4585BF7D,00EF8526,862A0B30,A597CD11,85930001,951737E5,05130001,E16288E5,53A060EF,0E40A0EF,85264585,6A7020EF,CD11862A
PAYLOAD_PLUS2000_WORDS=642200B6,01414501,853E8082,87AAB7E5,FEB699E3,1141BFDD,0800E422,00C50733,F593CA09,87AA0FF5,8FA30785,1DE3FEB7,6422FEF7,80820141,E4221141,CA190800
WORD_0=target=642200B6 same=19E34930 plus2000=642200B6 same_match=NO plus2000_match=YES
WORD_1=target=01414501 same=8526D605 plus2000=01414501 same_match=NO plus2000_match=YES
WORD_2=target=853E8082 same=7720A0EF plus2000=853E8082 same_match=NO plus2000_match=YES
WORD_3=target=87AAB7E5 same=4585BF7D plus2000=87AAB7E5 same_match=NO plus2000_match=YES
WORD_4=target=FEB699E3 same=00EF8526 plus2000=FEB699E3 same_match=NO plus2000_match=YES
WORD_5=target=1141BFDD same=862A0B30 plus2000=1141BFDD same_match=NO plus2000_match=YES
WORD_6=target=0800E422 same=A597CD11 plus2000=0800E422 same_match=NO plus2000_match=YES
WORD_7=target=00C50733 same=85930001 plus2000=00C50733 same_match=NO plus2000_match=YES
WORD_8=target=F593CA09 same=951737E5 plus2000=F593CA09 same_match=NO plus2000_match=YES
WORD_9=target=87AA0FF5 same=05130001 plus2000=87AA0FF5 same_match=NO plus2000_match=YES
WORD_10=target=8FA30785 same=E16288E5 plus2000=8FA30785 same_match=NO plus2000_match=YES
WORD_11=target=1DE3FEB7 same=53A060EF plus2000=1DE3FEB7 same_match=NO plus2000_match=YES
WORD_12=target=6422FEF7 same=0E40A0EF plus2000=6422FEF7 same_match=NO plus2000_match=YES
WORD_13=target=80820141 same=85264585 plus2000=80820141 same_match=NO plus2000_match=YES
WORD_14=target=E4221141 same=6A7020EF plus2000=E4221141 same_match=NO plus2000_match=YES
WORD_15=target=CA190800 same=CD11862A plus2000=CA190800 same_match=NO plus2000_match=YES
MATCH_SAME_OFFSET=0/16
MATCH_PLUS_2000=16/16
FULL_MATCH_SAME_OFFSET=NO
FULL_MATCH_PLUS_2000=YES
WINDOW_SUMMARY=base=0x8C0 match_self=no match_plus_0x2000=yes matched_words_self=0/16 matched_words_plus_0x2000=16/16
WINDOW_MISMATCH_ADDRS_SELF=0x8C0,0x8C4,0x8C8,0x8CC,0x8D0,0x8D4,0x8D8,0x8DC,0x8E0,0x8E4,0x8E8,0x8EC,0x8F0,0x8F4,0x8F8,0x8FC
WINDOW_MISMATCH_ADDRS_PLUS_0X2000=none
WINDOW_BASE=0x900
OFFSET_HYPOTHESIS=+0x2000
TARGET_WORDS=87AA962A,0005C703,05850785,FEE78FA3,FEF61AE3,01416422,11418082,0800E422,00B50F63,02B57063,962ACA19,C70387AA,07850005,8FA30585,1AE3FEE7,6422FEF6
PAYLOAD_SAME_WORDS=0001A597,35858593,00019517,88850513,60EFE162,A0EF5140,45850BE0,20EF8526,862A7660,A597CD11,85930001,95173325,05130001,E1628825,4EE060EF,0980A0EF
PAYLOAD_PLUS2000_WORDS=87AA962A,0005C703,05850785,FEE78FA3,FEF61AE3,01416422,11418082,0800E422,00B50F63,02B57063,962ACA19,C70387AA,07850005,8FA30585,1AE3FEE7,6422FEF6
WORD_0=target=87AA962A same=0001A597 plus2000=87AA962A same_match=NO plus2000_match=YES
WORD_1=target=0005C703 same=35858593 plus2000=0005C703 same_match=NO plus2000_match=YES
WORD_2=target=05850785 same=00019517 plus2000=05850785 same_match=NO plus2000_match=YES
WORD_3=target=FEE78FA3 same=88850513 plus2000=FEE78FA3 same_match=NO plus2000_match=YES
WORD_4=target=FEF61AE3 same=60EFE162 plus2000=FEF61AE3 same_match=NO plus2000_match=YES
WORD_5=target=01416422 same=A0EF5140 plus2000=01416422 same_match=NO plus2000_match=YES
WORD_6=target=11418082 same=45850BE0 plus2000=11418082 same_match=NO plus2000_match=YES
WORD_7=target=0800E422 same=20EF8526 plus2000=0800E422 same_match=NO plus2000_match=YES
WORD_8=target=00B50F63 same=862A7660 plus2000=00B50F63 same_match=NO plus2000_match=YES
WORD_9=target=02B57063 same=A597CD11 plus2000=02B57063 same_match=NO plus2000_match=YES
WORD_10=target=962ACA19 same=85930001 plus2000=962ACA19 same_match=NO plus2000_match=YES
WORD_11=target=C70387AA same=95173325 plus2000=C70387AA same_match=NO plus2000_match=YES
WORD_12=target=07850005 same=05130001 plus2000=07850005 same_match=NO plus2000_match=YES
WORD_13=target=8FA30585 same=E1628825 plus2000=8FA30585 same_match=NO plus2000_match=YES
WORD_14=target=1AE3FEE7 same=4EE060EF plus2000=1AE3FEE7 same_match=NO plus2000_match=YES
WORD_15=target=6422FEF6 same=0980A0EF plus2000=6422FEF6 same_match=NO plus2000_match=YES
MATCH_SAME_OFFSET=0/16
MATCH_PLUS_2000=16/16
FULL_MATCH_SAME_OFFSET=NO
FULL_MATCH_PLUS_2000=YES
WINDOW_SUMMARY=base=0x900 match_self=no match_plus_0x2000=yes matched_words_self=0/16 matched_words_plus_0x2000=16/16
WINDOW_MISMATCH_ADDRS_SELF=0x900,0x904,0x908,0x90C,0x910,0x914,0x918,0x91C,0x920,0x924,0x928,0x92C,0x930,0x934,0x938,0x93C
WINDOW_MISMATCH_ADDRS_PLUS_0X2000=none
WINDOW_BASE=0x940
OFFSET_HYPOTHESIS=+0x2000
TARGET_WORDS=80820141,FFF60713,00E507B3,DA6595BA,FFF50693,0005C703,15FD17FD,00E780A3,FEF69AE3,01416422,11418082,0800E422,A01DE609,05850505,4703C205,C7830005
PAYLOAD_SAME_WORDS=5F9040EF,CD11862A,0001A597,31058593,00019517,88850513,60EFE162,A0EF4CC0,85CE0760,70EF8526,862A5480,A597CD11,85930001,95172EA5,05130001,E16288A5
PAYLOAD_PLUS2000_WORDS=80820141,FFF60713,00E507B3,DA6595BA,FFF50693,0005C703,15FD17FD,00E780A3,FEF69AE3,01416422,11418082,0800E422,A01DE609,05850505,4703C205,C7830005
WORD_0=target=80820141 same=5F9040EF plus2000=80820141 same_match=NO plus2000_match=YES
WORD_1=target=FFF60713 same=CD11862A plus2000=FFF60713 same_match=NO plus2000_match=YES
WORD_2=target=00E507B3 same=0001A597 plus2000=00E507B3 same_match=NO plus2000_match=YES
WORD_3=target=DA6595BA same=31058593 plus2000=DA6595BA same_match=NO plus2000_match=YES
WORD_4=target=FFF50693 same=00019517 plus2000=FFF50693 same_match=NO plus2000_match=YES
WORD_5=target=0005C703 same=88850513 plus2000=0005C703 same_match=NO plus2000_match=YES
WORD_6=target=15FD17FD same=60EFE162 plus2000=15FD17FD same_match=NO plus2000_match=YES
WORD_7=target=00E780A3 same=A0EF4CC0 plus2000=00E780A3 same_match=NO plus2000_match=YES
WORD_8=target=FEF69AE3 same=85CE0760 plus2000=FEF69AE3 same_match=NO plus2000_match=YES
WORD_9=target=01416422 same=70EF8526 plus2000=01416422 same_match=NO plus2000_match=YES
WORD_10=target=11418082 same=862A5480 plus2000=11418082 same_match=NO plus2000_match=YES
WORD_11=target=0800E422 same=A597CD11 plus2000=0800E422 same_match=NO plus2000_match=YES
WORD_12=target=A01DE609 same=85930001 plus2000=A01DE609 same_match=NO plus2000_match=YES
WORD_13=target=05850505 same=95172EA5 plus2000=05850505 same_match=NO plus2000_match=YES
WORD_14=target=4703C205 same=05130001 plus2000=4703C205 same_match=NO plus2000_match=YES
WORD_15=target=C7830005 same=E16288A5 plus2000=C7830005 same_match=NO plus2000_match=YES
MATCH_SAME_OFFSET=0/16
MATCH_PLUS_2000=16/16
FULL_MATCH_SAME_OFFSET=NO
FULL_MATCH_PLUS_2000=YES
WINDOW_SUMMARY=base=0x940 match_self=no match_plus_0x2000=yes matched_words_self=0/16 matched_words_plus_0x2000=16/16
WINDOW_MISMATCH_ADDRS_SELF=0x940,0x944,0x948,0x94C,0x950,0x954,0x958,0x95C,0x960,0x964,0x968,0x96C,0x970,0x974,0x978,0x97C
WINDOW_MISMATCH_ADDRS_PLUS_0X2000=none
WINDOW_BASE=0x980
OFFSET_HYPOTHESIS=+0x2000
TARGET_WORDS=167D0005,FEF708E3,00054503,0005C783,9D1D6422,80820141,45016422,80820141,E4221141,C20D0800,F59387AA,962A0FF5,0B63A019,C70300F6,853E0007,1AE30785
PAYLOAD_SAME_WORDS=4A6060EF,0500A0EF,70EF8526,862A3C70,A597CD11,85930001,95172C65,05130001,E16288E5,482060EF,02C0A0EF,020A8763,058AB783,C3956F9C,97824505,CD11862A
PAYLOAD_PLUS2000_WORDS=167D0005,FEF708E3,00054503,0005C783,9D1D6422,80820141,45016422,80820141,E4221141,C20D0800,F59387AA,962A0FF5,0B63A019,C70300F6,853E0007,1AE30785
WORD_0=target=167D0005 same=4A6060EF plus2000=167D0005 same_match=NO plus2000_match=YES
WORD_1=target=FEF708E3 same=0500A0EF plus2000=FEF708E3 same_match=NO plus2000_match=YES
WORD_2=target=00054503 same=70EF8526 plus2000=00054503 same_match=NO plus2000_match=YES
WORD_3=target=0005C783 same=862A3C70 plus2000=0005C783 same_match=NO plus2000_match=YES
WORD_4=target=9D1D6422 same=A597CD11 plus2000=9D1D6422 same_match=NO plus2000_match=YES
WORD_5=target=80820141 same=85930001 plus2000=80820141 same_match=NO plus2000_match=YES
WORD_6=target=45016422 same=95172C65 plus2000=45016422 same_match=NO plus2000_match=YES
WORD_7=target=80820141 same=05130001 plus2000=80820141 same_match=NO plus2000_match=YES
WORD_8=target=E4221141 same=E16288E5 plus2000=E4221141 same_match=NO plus2000_match=YES
WORD_9=target=C20D0800 same=482060EF plus2000=C20D0800 same_match=NO plus2000_match=YES
WORD_10=target=F59387AA same=02C0A0EF plus2000=F59387AA same_match=NO plus2000_match=YES
WORD_11=target=962A0FF5 same=020A8763 plus2000=962A0FF5 same_match=NO plus2000_match=YES
WORD_12=target=0B63A019 same=058AB783 plus2000=0B63A019 same_match=NO plus2000_match=YES
WORD_13=target=C70300F6 same=C3956F9C plus2000=C70300F6 same_match=NO plus2000_match=YES
WORD_14=target=853E0007 same=97824505 plus2000=853E0007 same_match=NO plus2000_match=YES
WORD_15=target=1AE30785 same=CD11862A plus2000=1AE30785 same_match=NO plus2000_match=YES
MATCH_SAME_OFFSET=0/16
MATCH_PLUS_2000=16/16
FULL_MATCH_SAME_OFFSET=NO
FULL_MATCH_PLUS_2000=YES
WINDOW_SUMMARY=base=0x980 match_self=no match_plus_0x2000=yes matched_words_self=0/16 matched_words_plus_0x2000=16/16
WINDOW_MISMATCH_ADDRS_SELF=0x980,0x984,0x988,0x98C,0x990,0x994,0x998,0x99C,0x9A0,0x9A4,0x9A8,0x9AC,0x9B0,0x9B4,0x9B8,0x9BC
WINDOW_MISMATCH_ADDRS_PLUS_0X2000=none
WINDOW_BASE=0x9C0
OFFSET_HYPOTHESIS=+0x2000
TARGET_WORDS=6422FEB7,80820141,45016422,80820141,E4221141,64220800,00153513,80820141,1141E50D,E406E022,65050800,46014681,3E800593,38850513,412000EF,10500073
PAYLOAD_SAME_WORDS=0001A597,29858593,00019517,88850513,60EFE162,90EF4540,BA837FF0,FA930584,9063001A,BB03160A,09630384,0593340B,9517008B,05130001,60EF88E5,0B9342C0
PAYLOAD_PLUS2000_WORDS=6422FEB7,80820141,45016422,80820141,E4221141,64220800,00153513,80820141,1141E50D,E406E022,65050800,46014681,3E800593,38850513,412000EF,10500073
WORD_0=target=6422FEB7 same=0001A597 plus2000=6422FEB7 same_match=NO plus2000_match=YES
WORD_1=target=80820141 same=29858593 plus2000=80820141 same_match=NO plus2000_match=YES
WORD_2=target=45016422 same=00019517 plus2000=45016422 same_match=NO plus2000_match=YES
WORD_3=target=80820141 same=88850513 plus2000=80820141 same_match=NO plus2000_match=YES
WORD_4=target=E4221141 same=60EFE162 plus2000=E4221141 same_match=NO plus2000_match=YES
WORD_5=target=64220800 same=90EF4540 plus2000=64220800 same_match=NO plus2000_match=YES
WORD_6=target=00153513 same=BA837FF0 plus2000=00153513 same_match=NO plus2000_match=YES
WORD_7=target=80820141 same=FA930584 plus2000=80820141 same_match=NO plus2000_match=YES
WORD_8=target=1141E50D same=9063001A plus2000=1141E50D same_match=NO plus2000_match=YES
WORD_9=target=E406E022 same=BB03160A plus2000=E406E022 same_match=NO plus2000_match=YES
WORD_10=target=65050800 same=09630384 plus2000=65050800 same_match=NO plus2000_match=YES
WORD_11=target=46014681 same=0593340B plus2000=46014681 same_match=NO plus2000_match=YES
WORD_12=target=3E800593 same=9517008B plus2000=3E800593 same_match=NO plus2000_match=YES
WORD_13=target=38850513 same=05130001 plus2000=38850513 same_match=NO plus2000_match=YES
WORD_14=target=412000EF same=60EF88E5 plus2000=412000EF same_match=NO plus2000_match=YES
WORD_15=target=10500073 same=0B9342C0 plus2000=10500073 same_match=NO plus2000_match=YES
MATCH_SAME_OFFSET=0/16
MATCH_PLUS_2000=16/16
FULL_MATCH_SAME_OFFSET=NO
FULL_MATCH_PLUS_2000=YES
WINDOW_SUMMARY=base=0x9C0 match_self=no match_plus_0x2000=yes matched_words_self=0/16 matched_words_plus_0x2000=16/16
WINDOW_MISMATCH_ADDRS_SELF=0x9C0,0x9C4,0x9C8,0x9CC,0x9D0,0x9D4,0x9D8,0x9DC,0x9E0,0x9E4,0x9E8,0x9EC,0x9F0,0x9F4,0x9F8,0x9FC
WINDOW_MISMATCH_ADDRS_PLUS_0X2000=none
WINDOW_BASE=0xA00
OFFSET_HYPOTHESIS=+0x2000
TARGET_WORDS=640260A2,01414501,55758082,71398082,E852F822,F426FC06,0080E05A,0003DA17,74CA0A13,000A3483,05448363,EC4EF04A,892AE456,4A8189AE,B7834B01,85CEFF04
PAYLOAD_SAME_WORDS=0613F304,85DE0800,00EF855A,85DE17B0,00019517,89050513,40E060EF,050B2583,00019517,8A050513,3FE060EF,71E000EF,006385AA,95173005,05130001,60EF8AA5
PAYLOAD_PLUS2000_WORDS=640260A2,01414501,55758082,71398082,E852F822,F426FC06,0080E05A,0003DA17,74CA0A13,000A3483,05448363,EC4EF04A,892AE456,4A8189AE,B7834B01,85CEFF04
WORD_0=target=640260A2 same=0613F304 plus2000=640260A2 same_match=NO plus2000_match=YES
WORD_1=target=01414501 same=85DE0800 plus2000=01414501 same_match=NO plus2000_match=YES
WORD_2=target=55758082 same=00EF855A plus2000=55758082 same_match=NO plus2000_match=YES
WORD_3=target=71398082 same=85DE17B0 plus2000=71398082 same_match=NO plus2000_match=YES
WORD_4=target=E852F822 same=00019517 plus2000=E852F822 same_match=NO plus2000_match=YES
WORD_5=target=F426FC06 same=89050513 plus2000=F426FC06 same_match=NO plus2000_match=YES
WORD_6=target=0080E05A same=40E060EF plus2000=0080E05A same_match=NO plus2000_match=YES
WORD_7=target=0003DA17 same=050B2583 plus2000=0003DA17 same_match=NO plus2000_match=YES
WORD_8=target=74CA0A13 same=00019517 plus2000=74CA0A13 same_match=NO plus2000_match=YES
WORD_9=target=000A3483 same=8A050513 plus2000=000A3483 same_match=NO plus2000_match=YES
WORD_10=target=05448363 same=3FE060EF plus2000=05448363 same_match=NO plus2000_match=YES
WORD_11=target=EC4EF04A same=71E000EF plus2000=EC4EF04A same_match=NO plus2000_match=YES
WORD_12=target=892AE456 same=006385AA plus2000=892AE456 same_match=NO plus2000_match=YES
WORD_13=target=4A8189AE same=95173005 plus2000=4A8189AE same_match=NO plus2000_match=YES
WORD_14=target=B7834B01 same=05130001 plus2000=B7834B01 same_match=NO plus2000_match=YES
WORD_15=target=85CEFF04 same=60EF8AA5 plus2000=85CEFF04 same_match=NO plus2000_match=YES
MATCH_SAME_OFFSET=0/16
MATCH_PLUS_2000=16/16
FULL_MATCH_SAME_OFFSET=NO
FULL_MATCH_PLUS_2000=YES
WINDOW_SUMMARY=base=0xA00 match_self=no match_plus_0x2000=yes matched_words_self=0/16 matched_words_plus_0x2000=16/16
WINDOW_MISMATCH_ADDRS_SELF=0xA00,0xA04,0xA08,0xA0C,0xA10,0xA14,0xA18,0xA1C,0xA20,0xA24,0xA28,0xA2C,0xA30,0xA34,0xA38,0xA3C
WINDOW_MISMATCH_ADDRS_PLUS_0X2000=none
WINDOW_BASE=0xA40
OFFSET_HYPOTHESIS=+0x2000
TARGET_WORDS=CB81854A,C5119782,00AAD563,FD048B13,60848AAA,FF4493E3,744270E2,69E27902,74A26AA2,855A6A42,61216B02,70E28082,4B017442,6A4274A2,6B02855A,80826121
PAYLOAD_SAME_WORDS=20EF3E80,85AA6060,2E050063,02053A83,95178656,05130001,60EF8AE5,60EF3CC0,85AA56C0,2A050D63,00019517,8C050513,3B6060EF,29E0A0EF,0D6385AA,95172805
PAYLOAD_PLUS2000_WORDS=CB81854A,C5119782,00AAD563,FD048B13,60848AAA,FF4493E3,744270E2,69E27902,74A26AA2,855A6A42,61216B02,70E28082,4B017442,6A4274A2,6B02855A,80826121
WORD_0=target=CB81854A same=20EF3E80 plus2000=CB81854A same_match=NO plus2000_match=YES
WORD_1=target=C5119782 same=85AA6060 plus2000=C5119782 same_match=NO plus2000_match=YES
WORD_2=target=00AAD563 same=2E050063 plus2000=00AAD563 same_match=NO plus2000_match=YES
WORD_3=target=FD048B13 same=02053A83 plus2000=FD048B13 same_match=NO plus2000_match=YES
WORD_4=target=60848AAA same=95178656 plus2000=60848AAA same_match=NO plus2000_match=YES
WORD_5=target=FF4493E3 same=05130001 plus2000=FF4493E3 same_match=NO plus2000_match=YES
WORD_6=target=744270E2 same=60EF8AE5 plus2000=744270E2 same_match=NO plus2000_match=YES
WORD_7=target=69E27902 same=60EF3CC0 plus2000=69E27902 same_match=NO plus2000_match=YES
WORD_8=target=74A26AA2 same=85AA56C0 plus2000=74A26AA2 same_match=NO plus2000_match=YES
WORD_9=target=855A6A42 same=2A050D63 plus2000=855A6A42 same_match=NO plus2000_match=YES
WORD_10=target=61216B02 same=00019517 plus2000=61216B02 same_match=NO plus2000_match=YES
WORD_11=target=70E28082 same=8C050513 plus2000=70E28082 same_match=NO plus2000_match=YES
WORD_12=target=4B017442 same=3B6060EF plus2000=4B017442 same_match=NO plus2000_match=YES
WORD_13=target=6A4274A2 same=29E0A0EF plus2000=6A4274A2 same_match=NO plus2000_match=YES
WORD_14=target=6B02855A same=0D6385AA plus2000=6B02855A same_match=NO plus2000_match=YES
WORD_15=target=80826121 same=95172805 plus2000=80826121 same_match=NO plus2000_match=YES
MATCH_SAME_OFFSET=0/16
MATCH_PLUS_2000=16/16
FULL_MATCH_SAME_OFFSET=NO
FULL_MATCH_PLUS_2000=YES
WINDOW_SUMMARY=base=0xA40 match_self=no match_plus_0x2000=yes matched_words_self=0/16 matched_words_plus_0x2000=16/16
WINDOW_MISMATCH_ADDRS_SELF=0xA40,0xA44,0xA48,0xA4C,0xA50,0xA54,0xA58,0xA5C,0xA60,0xA64,0xA68,0xA6C,0xA70,0xA74,0xA78,0xA7C
WINDOW_MISMATCH_ADDRS_PLUS_0X2000=none
WINDOW_BASE=0xA80
OFFSET_HYPOTHESIS=+0x2000
TARGET_WORDS=E4221141,CD110800,CF81711C,0003D797,6DC78793,06936398,FD1C0305,E394F918,6422E714,80820141,F8227139,FC06E852,0080F426,0003DA17,6B4A0A13,000A3483
PAYLOAD_SAME_WORDS=05130001,60EF8CA5,10EF3A00,85AA1630,26050D63,00019517,8D450513,38A060EF,45054581,76B010EF,0B6385AA,95172405,05130001,60EF8DA5,45813700,10EF4501
PAYLOAD_PLUS2000_WORDS=E4221141,CD110800,CF81711C,0003D797,6DC78793,06936398,FD1C0305,E394F918,6422E714,80820141,F8227139,FC06E852,0080F426,0003DA17,6B4A0A13,000A3483
WORD_0=target=E4221141 same=05130001 plus2000=E4221141 same_match=NO plus2000_match=YES
WORD_1=target=CD110800 same=60EF8CA5 plus2000=CD110800 same_match=NO plus2000_match=YES
WORD_2=target=CF81711C same=10EF3A00 plus2000=CF81711C same_match=NO plus2000_match=YES
WORD_3=target=0003D797 same=85AA1630 plus2000=0003D797 same_match=NO plus2000_match=YES
WORD_4=target=6DC78793 same=26050D63 plus2000=6DC78793 same_match=NO plus2000_match=YES
WORD_5=target=06936398 same=00019517 plus2000=06936398 same_match=NO plus2000_match=YES
WORD_6=target=FD1C0305 same=8D450513 plus2000=FD1C0305 same_match=NO plus2000_match=YES
WORD_7=target=E394F918 same=38A060EF plus2000=E394F918 same_match=NO plus2000_match=YES
WORD_8=target=6422E714 same=45054581 plus2000=6422E714 same_match=NO plus2000_match=YES
WORD_9=target=80820141 same=76B010EF plus2000=80820141 same_match=NO plus2000_match=YES
WORD_10=target=F8227139 same=0B6385AA plus2000=F8227139 same_match=NO plus2000_match=YES
WORD_11=target=FC06E852 same=95172405 plus2000=FC06E852 same_match=NO plus2000_match=YES
WORD_12=target=0080F426 same=05130001 plus2000=0080F426 same_match=NO plus2000_match=YES
WORD_13=target=0003DA17 same=60EF8DA5 plus2000=0003DA17 same_match=NO plus2000_match=YES
WORD_14=target=6B4A0A13 same=45813700 plus2000=6B4A0A13 same_match=NO plus2000_match=YES
WORD_15=target=000A3483 same=10EF4501 plus2000=000A3483 same_match=NO plus2000_match=YES
MATCH_SAME_OFFSET=0/16
MATCH_PLUS_2000=16/16
FULL_MATCH_SAME_OFFSET=NO
FULL_MATCH_PLUS_2000=YES
WINDOW_SUMMARY=base=0xA80 match_self=no match_plus_0x2000=yes matched_words_self=0/16 matched_words_plus_0x2000=16/16
WINDOW_MISMATCH_ADDRS_SELF=0xA80,0xA84,0xA88,0xA8C,0xA90,0xA94,0xA98,0xA9C,0xAA0,0xAA4,0xAA8,0xAAC,0xAB0,0xAB4,0xAB8,0xABC
WINDOW_MISMATCH_ADDRS_PLUS_0X2000=none
WINDOW_BASE=0xAC0
OFFSET_HYPOTHESIS=+0x2000
TARGET_WORDS=05448563,EC4EF04A,E05AE456,89AE892A,4A814B01,FF04B783,854A85CE,9782CB81,D563C511,8B1300AA,8AAAFD04,93E36084,70E2FF44,79027442,6AA269E2,6A4274A2
PAYLOAD_SAME_WORDS=85AA7510,22050963,00019517,8E050513,356060EF,102020EF,026385AA,95171E05,05130001,60EF8EA5,608C3400,00019517,8FC50513,332060EF,9517648C,05130001
PAYLOAD_PLUS2000_WORDS=05448563,EC4EF04A,E05AE456,89AE892A,4A814B01,FF04B783,854A85CE,9782CB81,D563C511,8B1300AA,8AAAFD04,93E36084,70E2FF44,79027442,6AA269E2,6A4274A2
WORD_0=target=05448563 same=85AA7510 plus2000=05448563 same_match=NO plus2000_match=YES
WORD_1=target=EC4EF04A same=22050963 plus2000=EC4EF04A same_match=NO plus2000_match=YES
WORD_2=target=E05AE456 same=00019517 plus2000=E05AE456 same_match=NO plus2000_match=YES
WORD_3=target=89AE892A same=8E050513 plus2000=89AE892A same_match=NO plus2000_match=YES
WORD_4=target=4A814B01 same=356060EF plus2000=4A814B01 same_match=NO plus2000_match=YES
WORD_5=target=FF04B783 same=102020EF plus2000=FF04B783 same_match=NO plus2000_match=YES
WORD_6=target=854A85CE same=026385AA plus2000=854A85CE same_match=NO plus2000_match=YES
WORD_7=target=9782CB81 same=95171E05 plus2000=9782CB81 same_match=NO plus2000_match=YES
WORD_8=target=D563C511 same=05130001 plus2000=D563C511 same_match=NO plus2000_match=YES
WORD_9=target=8B1300AA same=60EF8EA5 plus2000=8B1300AA same_match=NO plus2000_match=YES
WORD_10=target=8AAAFD04 same=608C3400 plus2000=8AAAFD04 same_match=NO plus2000_match=YES
WORD_11=target=93E36084 same=00019517 plus2000=93E36084 same_match=NO plus2000_match=YES
WORD_12=target=70E2FF44 same=8FC50513 plus2000=70E2FF44 same_match=NO plus2000_match=YES
WORD_13=target=79027442 same=332060EF plus2000=79027442 same_match=NO plus2000_match=YES
WORD_14=target=6AA269E2 same=9517648C plus2000=6AA269E2 same_match=NO plus2000_match=YES
WORD_15=target=6A4274A2 same=05130001 plus2000=6A4274A2 same_match=NO plus2000_match=YES
MATCH_SAME_OFFSET=0/16
MATCH_PLUS_2000=16/16
FULL_MATCH_SAME_OFFSET=NO
FULL_MATCH_PLUS_2000=YES
WINDOW_SUMMARY=base=0xAC0 match_self=no match_plus_0x2000=yes matched_words_self=0/16 matched_words_plus_0x2000=16/16
WINDOW_MISMATCH_ADDRS_SELF=0xAC0,0xAC4,0xAC8,0xACC,0xAD0,0xAD4,0xAD8,0xADC,0xAE0,0xAE4,0xAE8,0xAEC,0xAF0,0xAF4,0xAF8,0xAFC
WINDOW_MISMATCH_ADDRS_PLUS_0X2000=none
WINDOW_BASE=0xB00
OFFSET_HYPOTHESIS=+0x2000
TARGET_WORDS=01603533,61216B02,70E28082,74A27442,45016A42,80826121,F0A27159,F062F45E,ECA6F486,E4CEE8CA,FC56E0D2,EC66F85A,8BAA1880,29738C2E,0B1BF140,27730009
PAYLOAD_SAME_WORDS=81A99165,60EF2581,688C3200,00019517,92C50513,312060EF,221040EF,40EF8AAA,061B2290,859B0005,9517000A,05130001,60EF9365,85172F40,05130001,60EF60A5
PAYLOAD_PLUS2000_WORDS=01603533,61216B02,70E28082,74A27442,45016A42,80826121,F0A27159,F062F45E,ECA6F486,E4CEE8CA,FC56E0D2,EC66F85A,8BAA1880,29738C2E,0B1BF140,27730009
WORD_0=target=01603533 same=81A99165 plus2000=01603533 same_match=NO plus2000_match=YES
WORD_1=target=61216B02 same=60EF2581 plus2000=61216B02 same_match=NO plus2000_match=YES
WORD_2=target=70E28082 same=688C3200 plus2000=70E28082 same_match=NO plus2000_match=YES
WORD_3=target=74A27442 same=00019517 plus2000=74A27442 same_match=NO plus2000_match=YES
WORD_4=target=45016A42 same=92C50513 plus2000=45016A42 same_match=NO plus2000_match=YES
WORD_5=target=80826121 same=312060EF plus2000=80826121 same_match=NO plus2000_match=YES
WORD_6=target=F0A27159 same=221040EF plus2000=F0A27159 same_match=NO plus2000_match=YES
WORD_7=target=F062F45E same=40EF8AAA plus2000=F062F45E same_match=NO plus2000_match=YES
WORD_8=target=ECA6F486 same=061B2290 plus2000=ECA6F486 same_match=NO plus2000_match=YES
WORD_9=target=E4CEE8CA same=859B0005 plus2000=E4CEE8CA same_match=NO plus2000_match=YES
WORD_10=target=FC56E0D2 same=9517000A plus2000=FC56E0D2 same_match=NO plus2000_match=YES
WORD_11=target=EC66F85A same=05130001 plus2000=EC66F85A same_match=NO plus2000_match=YES
WORD_12=target=8BAA1880 same=60EF9365 plus2000=8BAA1880 same_match=NO plus2000_match=YES
WORD_13=target=29738C2E same=85172F40 plus2000=29738C2E same_match=NO plus2000_match=YES
WORD_14=target=0B1BF140 same=05130001 plus2000=0B1BF140 same_match=NO plus2000_match=YES
WORD_15=target=27730009 same=60EF60A5 plus2000=27730009 same_match=NO plus2000_match=YES
MATCH_SAME_OFFSET=0/16
MATCH_PLUS_2000=16/16
FULL_MATCH_SAME_OFFSET=NO
FULL_MATCH_PLUS_2000=YES
WINDOW_SUMMARY=base=0xB00 match_self=no match_plus_0x2000=yes matched_words_self=0/16 matched_words_plus_0x2000=16/16
WINDOW_MISMATCH_ADDRS_SELF=0xB00,0xB04,0xB08,0xB0C,0xB10,0xB14,0xB18,0xB1C,0xB20,0xB24,0xB28,0xB2C,0xB30,0xB34,0xB38,0xB3C
WINDOW_MISMATCH_ADDRS_PLUS_0X2000=none
WINDOW_BASE=0xB40
OFFSET_HYPOTHESIS=+0x2000
TARGET_WORDS=1793F140,D7130207,F79701D7,B7830003,97BAE4E7,0007B983,34002CF3,0A134481,1902F984,85A68652,5913854E,4A850209,08A080EF,3503E51D,6B63F984,07BB0099
PAYLOAD_SAME_WORDS=6CBC2E80,E7998B85,00019517,94050513,64F060EF,F1402773,8B856CBC,10079063,02071793,01D7D713,00041797,E307B783,BA8397BA,30EF0007,8B2A4650,14A05663
PAYLOAD_PLUS2000_WORDS=1793F140,D7130207,F79701D7,B7830003,97BAE4E7,0007B983,34002CF3,0A134481,1902F984,85A68652,5913854E,4A850209,08A080EF,3503E51D,6B63F984,07BB0099
WORD_0=target=1793F140 same=6CBC2E80 plus2000=1793F140 same_match=NO plus2000_match=YES
WORD_1=target=D7130207 same=E7998B85 plus2000=D7130207 same_match=NO plus2000_match=YES
WORD_2=target=F79701D7 same=00019517 plus2000=F79701D7 same_match=NO plus2000_match=YES
WORD_3=target=B7830003 same=94050513 plus2000=B7830003 same_match=NO plus2000_match=YES
WORD_4=target=97BAE4E7 same=64F060EF plus2000=97BAE4E7 same_match=NO plus2000_match=YES
WORD_5=target=0007B983 same=F1402773 plus2000=0007B983 same_match=NO plus2000_match=YES
WORD_6=target=34002CF3 same=8B856CBC plus2000=34002CF3 same_match=NO plus2000_match=YES
WORD_7=target=0A134481 same=10079063 plus2000=0A134481 same_match=NO plus2000_match=YES
WORD_8=target=1902F984 same=02071793 plus2000=1902F984 same_match=NO plus2000_match=YES
WORD_9=target=85A68652 same=01D7D713 plus2000=85A68652 same_match=NO plus2000_match=YES
WORD_10=target=5913854E same=00041797 plus2000=5913854E same_match=NO plus2000_match=YES
WORD_11=target=4A850209 same=E307B783 plus2000=4A850209 same_match=NO plus2000_match=YES
WORD_12=target=08A080EF same=BA8397BA plus2000=08A080EF same_match=NO plus2000_match=YES
WORD_13=target=3503E51D same=30EF0007 plus2000=3503E51D same_match=NO plus2000_match=YES
WORD_14=target=6B63F984 same=8B2A4650 plus2000=6B63F984 same_match=NO plus2000_match=YES
WORD_15=target=07BB0099 same=14A05663 plus2000=07BB0099 same_match=NO plus2000_match=YES
MATCH_SAME_OFFSET=0/16
MATCH_PLUS_2000=16/16
FULL_MATCH_SAME_OFFSET=NO
FULL_MATCH_PLUS_2000=YES
WINDOW_SUMMARY=base=0xB40 match_self=no match_plus_0x2000=yes matched_words_self=0/16 matched_words_plus_0x2000=16/16
WINDOW_MISMATCH_ADDRS_SELF=0xB40,0xB44,0xB48,0xB4C,0xB50,0xB54,0xB58,0xB5C,0xB60,0xB64,0xB68,0xB6C,0xB70,0xB74,0xB78,0xB7C
WINDOW_MISMATCH_ADDRS_PLUS_0X2000=none
WINDOW_BASE=0xB80
OFFSET_HYPOTHESIS=+0x2000
TARGET_WORDS=97B3409B,C79300FA,8D7DFFF7,F8A43C23,8493E11D,86520404,854E85A6,05E080EF,4581D979,80EF8566,A7833AE0,EB910889,E0EF8566,85A69FCF,CD4FE0EF,04048493
PAYLOAD_SAME_WORDS=951785CE,05130001,60EF92E5,859329C0,9517018A,05130001,0A9393E5,60EFF304,06132880,85D60800,70EF8526,85D63150,00019517,94050513,26E060EF,08000613
PAYLOAD_PLUS2000_WORDS=97B3409B,C79300FA,8D7DFFF7,F8A43C23,8493E11D,86520404,854E85A6,05E080EF,4581D979,80EF8566,A7833AE0,EB910889,E0EF8566,85A69FCF,CD4FE0EF,04048493
WORD_0=target=97B3409B same=951785CE plus2000=97B3409B same_match=NO plus2000_match=YES
WORD_1=target=C79300FA same=05130001 plus2000=C79300FA same_match=NO plus2000_match=YES
WORD_2=target=8D7DFFF7 same=60EF92E5 plus2000=8D7DFFF7 same_match=NO plus2000_match=YES
WORD_3=target=F8A43C23 same=859329C0 plus2000=F8A43C23 same_match=NO plus2000_match=YES
WORD_4=target=8493E11D same=9517018A plus2000=8493E11D same_match=NO plus2000_match=YES
WORD_5=target=86520404 same=05130001 plus2000=86520404 same_match=NO plus2000_match=YES
WORD_6=target=854E85A6 same=0A9393E5 plus2000=854E85A6 same_match=NO plus2000_match=YES
WORD_7=target=05E080EF same=60EFF304 plus2000=05E080EF same_match=NO plus2000_match=YES
WORD_8=target=4581D979 same=06132880 plus2000=4581D979 same_match=NO plus2000_match=YES
WORD_9=target=80EF8566 same=85D60800 plus2000=80EF8566 same_match=NO plus2000_match=YES
WORD_10=target=A7833AE0 same=70EF8526 plus2000=A7833AE0 same_match=NO plus2000_match=YES
WORD_11=target=EB910889 same=85D63150 plus2000=EB910889 same_match=NO plus2000_match=YES
WORD_12=target=E0EF8566 same=00019517 plus2000=E0EF8566 same_match=NO plus2000_match=YES
WORD_13=target=85A69FCF same=94050513 plus2000=85A69FCF same_match=NO plus2000_match=YES
WORD_14=target=CD4FE0EF same=26E060EF plus2000=CD4FE0EF same_match=NO plus2000_match=YES
WORD_15=target=04048493 same=08000613 plus2000=04048493 same_match=NO plus2000_match=YES
MATCH_SAME_OFFSET=0/16
MATCH_PLUS_2000=16/16
FULL_MATCH_SAME_OFFSET=NO
FULL_MATCH_PLUS_2000=YES
WINDOW_SUMMARY=base=0xB80 match_self=no match_plus_0x2000=yes matched_words_self=0/16 matched_words_plus_0x2000=16/16
WINDOW_MISMATCH_ADDRS_SELF=0xB80,0xB84,0xB88,0xB8C,0xB90,0xB94,0xB98,0xB9C,0xBA0,0xBA4,0xBA8,0xBAC,0xBB0,0xBB4,0xBB8,0xBBC
WINDOW_MISMATCH_ADDRS_PLUS_0X2000=none
WINDOW_BASE=0xBC0
OFFSET_HYPOTHESIS=+0x2000
TARGET_WORDS=85E2BFD9,F0EF855E,D17DE49F,85E2751C,9782855E,1141BFF1,0800E422,C5176422,35030004,0141E825,11418082,0800E422,C797C519,87930004,6398E6E7,6422C701
PAYLOAD_SAME_WORDS=855A85D6,45B030EF,951785D6,05130001,60EF9465,06132540,85D60800,70EF8526,85D638F0,00019517,94C50513,23A060EF,70EF8526,059B0FF0,95170005,05130001
PAYLOAD_PLUS2000_WORDS=85E2BFD9,F0EF855E,D17DE49F,85E2751C,9782855E,1141BFF1,0800E422,C5176422,35030004,0141E825,11418082,0800E422,C797C519,87930004,6398E6E7,6422C701
WORD_0=target=85E2BFD9 same=855A85D6 plus2000=85E2BFD9 same_match=NO plus2000_match=YES
WORD_1=target=F0EF855E same=45B030EF plus2000=F0EF855E same_match=NO plus2000_match=YES
WORD_2=target=D17DE49F same=951785D6 plus2000=D17DE49F same_match=NO plus2000_match=YES
WORD_3=target=85E2751C same=05130001 plus2000=85E2751C same_match=NO plus2000_match=YES
WORD_4=target=9782855E same=60EF9465 plus2000=9782855E same_match=NO plus2000_match=YES
WORD_5=target=1141BFF1 same=06132540 plus2000=1141BFF1 same_match=NO plus2000_match=YES
WORD_6=target=0800E422 same=85D60800 plus2000=0800E422 same_match=NO plus2000_match=YES
WORD_7=target=C5176422 same=70EF8526 plus2000=C5176422 same_match=NO plus2000_match=YES
WORD_8=target=35030004 same=85D638F0 plus2000=35030004 same_match=NO plus2000_match=YES
WORD_9=target=0141E825 same=00019517 plus2000=0141E825 same_match=NO plus2000_match=YES
WORD_10=target=11418082 same=94C50513 plus2000=11418082 same_match=NO plus2000_match=YES
WORD_11=target=0800E422 same=23A060EF plus2000=0800E422 same_match=NO plus2000_match=YES
WORD_12=target=C797C519 same=70EF8526 plus2000=C797C519 same_match=NO plus2000_match=YES
WORD_13=target=87930004 same=059B0FF0 plus2000=87930004 same_match=NO plus2000_match=YES
WORD_14=target=6398E6E7 same=95170005 plus2000=6398E6E7 same_match=NO plus2000_match=YES
WORD_15=target=6422C701 same=05130001 plus2000=6422C701 same_match=NO plus2000_match=YES
MATCH_SAME_OFFSET=0/16
MATCH_PLUS_2000=16/16
FULL_MATCH_SAME_OFFSET=NO
FULL_MATCH_PLUS_2000=YES
WINDOW_SUMMARY=base=0xBC0 match_self=no match_plus_0x2000=yes matched_words_self=0/16 matched_words_plus_0x2000=16/16
WINDOW_MISMATCH_ADDRS_SELF=0xBC0,0xBC4,0xBC8,0xBCC,0xBD0,0xBD4,0xBD8,0xBDC,0xBE0,0xBE4,0xBE8,0xBEC,0xBF0,0xBF4,0xBF8,0xBFC
WINDOW_MISMATCH_ADDRS_PLUS_0X2000=none
WINDOW_BASE=0xC00
OFFSET_HYPOTHESIS=+0x2000
TARGET_WORDS=80820141,6422E388,80820141,E4221141,C7970800,87930004,6398E4E7,D717E711,07130003,E39855A7,01416422,C7978082,B7830004,C385E327,47817398,1141CF11
PAYLOAD_SAME_WORDS=60EF9565,85262240,101070EF,951785AA,05130001,60EF9625,85262100,105070EF,0005059B,00019517,97450513,1FA060EF,70EF8526,059B0A70,95170005,05130001
PAYLOAD_PLUS2000_WORDS=80820141,6422E388,80820141,E4221141,C7970800,87930004,6398E4E7,D717E711,07130003,E39855A7,01416422,C7978082,B7830004,C385E327,47817398,1141CF11
WORD_0=target=80820141 same=60EF9565 plus2000=80820141 same_match=NO plus2000_match=YES
WORD_1=target=6422E388 same=85262240 plus2000=6422E388 same_match=NO plus2000_match=YES
WORD_2=target=80820141 same=101070EF plus2000=80820141 same_match=NO plus2000_match=YES
WORD_3=target=E4221141 same=951785AA plus2000=E4221141 same_match=NO plus2000_match=YES
WORD_4=target=C7970800 same=05130001 plus2000=C7970800 same_match=NO plus2000_match=YES
WORD_5=target=87930004 same=60EF9625 plus2000=87930004 same_match=NO plus2000_match=YES
WORD_6=target=6398E4E7 same=85262100 plus2000=6398E4E7 same_match=NO plus2000_match=YES
WORD_7=target=D717E711 same=105070EF plus2000=D717E711 same_match=NO plus2000_match=YES
WORD_8=target=07130003 same=0005059B plus2000=07130003 same_match=NO plus2000_match=YES
WORD_9=target=E39855A7 same=00019517 plus2000=E39855A7 same_match=NO plus2000_match=YES
WORD_10=target=01416422 same=97450513 plus2000=01416422 same_match=NO plus2000_match=YES
WORD_11=target=C7978082 same=1FA060EF plus2000=C7978082 same_match=NO plus2000_match=YES
WORD_12=target=B7830004 same=70EF8526 plus2000=B7830004 same_match=NO plus2000_match=YES
WORD_13=target=C385E327 same=059B0A70 plus2000=C385E327 same_match=NO plus2000_match=YES
WORD_14=target=47817398 same=95170005 plus2000=47817398 same_match=NO plus2000_match=YES
WORD_15=target=1141CF11 same=05130001 plus2000=1141CF11 same_match=NO plus2000_match=YES
MATCH_SAME_OFFSET=0/16
MATCH_PLUS_2000=16/16
FULL_MATCH_SAME_OFFSET=NO
FULL_MATCH_PLUS_2000=YES
WINDOW_SUMMARY=base=0xC00 match_self=no match_plus_0x2000=yes matched_words_self=0/16 matched_words_plus_0x2000=16/16
WINDOW_MISMATCH_ADDRS_SELF=0xC00,0xC04,0xC08,0xC0C,0xC10,0xC14,0xC18,0xC1C,0xC20,0xC24,0xC28,0xC2C,0xC30,0xC34,0xC38,0xC3C
WINDOW_MISMATCH_ADDRS_PLUS_0X2000=none
WINDOW_BASE=0xC40
OFFSET_HYPOTHESIS=+0x2000
TARGET_WORDS=E406E022,97020800,640260A2,00A037B3,0141853E,47818082,8082853E,F8A27119,0100FC86,E4D6F4A6,3423FC5E,2773F8A4,1793F140,D7130207,F79701D7,B7830003
PAYLOAD_SAME_WORDS=60EF97E5,96171E40,06130001,95979926,85930001,852699A5,033070EF,000FE162,47850310,00041517,3B450513,00F93823,40EF4A81,1C170810,3C030004,0B93DB2C
PAYLOAD_PLUS2000_WORDS=E406E022,97020800,640260A2,00A037B3,0141853E,47818082,8082853E,F8A27119,0100FC86,E4D6F4A6,3423FC5E,2773F8A4,1793F140,D7130207,F79701D7,B7830003
WORD_0=target=E406E022 same=60EF97E5 plus2000=E406E022 same_match=NO plus2000_match=YES
WORD_1=target=97020800 same=96171E40 plus2000=97020800 same_match=NO plus2000_match=YES
WORD_2=target=640260A2 same=06130001 plus2000=640260A2 same_match=NO plus2000_match=YES
WORD_3=target=00A037B3 same=95979926 plus2000=00A037B3 same_match=NO plus2000_match=YES
WORD_4=target=0141853E same=85930001 plus2000=0141853E same_match=NO plus2000_match=YES
WORD_5=target=47818082 same=852699A5 plus2000=47818082 same_match=NO plus2000_match=YES
WORD_6=target=8082853E same=033070EF plus2000=8082853E same_match=NO plus2000_match=YES
WORD_7=target=F8A27119 same=000FE162 plus2000=F8A27119 same_match=NO plus2000_match=YES
WORD_8=target=0100FC86 same=47850310 plus2000=0100FC86 same_match=NO plus2000_match=YES
WORD_9=target=E4D6F4A6 same=00041517 plus2000=E4D6F4A6 same_match=NO plus2000_match=YES
WORD_10=target=3423FC5E same=3B450513 plus2000=3423FC5E same_match=NO plus2000_match=YES
WORD_11=target=2773F8A4 same=00F93823 plus2000=2773F8A4 same_match=NO plus2000_match=YES
WORD_12=target=1793F140 same=40EF4A81 plus2000=1793F140 same_match=NO plus2000_match=YES
WORD_13=target=D7130207 same=1C170810 plus2000=D7130207 same_match=NO plus2000_match=YES
WORD_14=target=F79701D7 same=3C030004 plus2000=F79701D7 same_match=NO plus2000_match=YES
WORD_15=target=B7830003 same=0B93DB2C plus2000=B7830003 same_match=NO plus2000_match=YES
MATCH_SAME_OFFSET=0/16
MATCH_PLUS_2000=16/16
FULL_MATCH_SAME_OFFSET=NO
FULL_MATCH_PLUS_2000=YES
WINDOW_SUMMARY=base=0xC40 match_self=no match_plus_0x2000=yes matched_words_self=0/16 matched_words_plus_0x2000=16/16
WINDOW_MISMATCH_ADDRS_SELF=0xC40,0xC44,0xC48,0xC4C,0xC50,0xC54,0xC58,0xC5C,0xC60,0xC64,0xC68,0xC6C,0xC70,0xC74,0xC78,0xC7C
WINDOW_MISMATCH_ADDRS_PLUS_0X2000=none
WINDOW_BASE=0xC80
OFFSET_HYPOTHESIS=+0x2000
TARGET_WORDS=97BAD1E7,0007BB83,34002AF3,030AB783,F8F43023,F14024F3,120B8B63,08CBA783,12078763,CD97EC6E,8D930004,B783DBAD,8D63000D,77981007,10070A63,C39D739C
PAYLOAD_SAME_WORDS=1B1707F0,0B130004,846339EB,F7630159,2783055B,2A85000C,FF57F9E3,00041517,37C50513,07B040EF,00893783,852685CE,639897A6,E3980705,0180A0EF,8597BEC1
PAYLOAD_PLUS2000_WORDS=97BAD1E7,0007BB83,34002AF3,030AB783,F8F43023,F14024F3,120B8B63,08CBA783,12078763,CD97EC6E,8D930004,B783DBAD,8D63000D,77981007,10070A63,C39D739C
WORD_0=target=97BAD1E7 same=1B1707F0 plus2000=97BAD1E7 same_match=NO plus2000_match=YES
WORD_1=target=0007BB83 same=0B130004 plus2000=0007BB83 same_match=NO plus2000_match=YES
WORD_2=target=34002AF3 same=846339EB plus2000=34002AF3 same_match=NO plus2000_match=YES
WORD_3=target=030AB783 same=F7630159 plus2000=030AB783 same_match=NO plus2000_match=YES
WORD_4=target=F8F43023 same=2783055B plus2000=F8F43023 same_match=NO plus2000_match=YES
WORD_5=target=F14024F3 same=2A85000C plus2000=F14024F3 same_match=NO plus2000_match=YES
WORD_6=target=120B8B63 same=FF57F9E3 plus2000=120B8B63 same_match=NO plus2000_match=YES
WORD_7=target=08CBA783 same=00041517 plus2000=08CBA783 same_match=NO plus2000_match=YES
WORD_8=target=12078763 same=37C50513 plus2000=12078763 same_match=NO plus2000_match=YES
WORD_9=target=CD97EC6E same=07B040EF plus2000=CD97EC6E same_match=NO plus2000_match=YES
WORD_10=target=8D930004 same=00893783 plus2000=8D930004 same_match=NO plus2000_match=YES
WORD_11=target=B783DBAD same=852685CE plus2000=B783DBAD same_match=NO plus2000_match=YES
WORD_12=target=8D63000D same=639897A6 plus2000=8D63000D same_match=NO plus2000_match=YES
WORD_13=target=77981007 same=E3980705 plus2000=77981007 same_match=NO plus2000_match=YES
WORD_14=target=10070A63 same=0180A0EF plus2000=10070A63 same_match=NO plus2000_match=YES
WORD_15=target=C39D739C same=8597BEC1 plus2000=C39D739C same_match=NO plus2000_match=YES
MATCH_SAME_OFFSET=0/16
MATCH_PLUS_2000=16/16
FULL_MATCH_SAME_OFFSET=NO
FULL_MATCH_PLUS_2000=YES
WINDOW_SUMMARY=base=0xC80 match_self=no match_plus_0x2000=yes matched_words_self=0/16 matched_words_plus_0x2000=16/16
WINDOW_MISMATCH_ADDRS_SELF=0xC80,0xC84,0xC88,0xC8C,0xC90,0xC94,0xC98,0xC9C,0xCA0,0xCA4,0xCA8,0xCAC,0xCB0,0xCB4,0xCB8,0xCBC
WINDOW_MISMATCH_ADDRS_PLUS_0X2000=none
WINDOW_BASE=0xCC0
OFFSET_HYPOTHESIS=+0x2000
TARGET_WORDS=F06AF862,ECCEF0CA,E0DAE8D2,8C2EF466,97828D32,7906E115,6A4669E6,7C426B06,7D027CA2,744670E6,6DE254F9,7BE26AA6,74A68526,80826109,30002B73,033B1793
PAYLOAD_SAME_WORDS=85930001,BD213425,851785AA,05130001,E1627C65,152060EF,4FD090EF,406AD793,97DA078E,D7B3639C,8B850157,8556D3DD,434000EF,8597BF79,85930001,B3E930A5
PAYLOAD_PLUS2000_WORDS=F06AF862,ECCEF0CA,E0DAE8D2,8C2EF466,97828D32,7906E115,6A4669E6,7C426B06,7D027CA2,744670E6,6DE254F9,7BE26AA6,74A68526,80826109,30002B73,033B1793
WORD_0=target=F06AF862 same=85930001 plus2000=F06AF862 same_match=NO plus2000_match=YES
WORD_1=target=ECCEF0CA same=BD213425 plus2000=ECCEF0CA same_match=NO plus2000_match=YES
WORD_2=target=E0DAE8D2 same=851785AA plus2000=E0DAE8D2 same_match=NO plus2000_match=YES
WORD_3=target=8C2EF466 same=05130001 plus2000=8C2EF466 same_match=NO plus2000_match=YES
WORD_4=target=97828D32 same=E1627C65 plus2000=97828D32 same_match=NO plus2000_match=YES
WORD_5=target=7906E115 same=152060EF plus2000=7906E115 same_match=NO plus2000_match=YES
WORD_6=target=6A4669E6 same=4FD090EF plus2000=6A4669E6 same_match=NO plus2000_match=YES
WORD_7=target=7C426B06 same=406AD793 plus2000=7C426B06 same_match=NO plus2000_match=YES
WORD_8=target=7D027CA2 same=97DA078E plus2000=7D027CA2 same_match=NO plus2000_match=YES
WORD_9=target=744670E6 same=D7B3639C plus2000=744670E6 same_match=NO plus2000_match=YES
WORD_10=target=6DE254F9 same=8B850157 plus2000=6DE254F9 same_match=NO plus2000_match=YES
WORD_11=target=7BE26AA6 same=8556D3DD plus2000=7BE26AA6 same_match=NO plus2000_match=YES
WORD_12=target=74A68526 same=434000EF plus2000=74A68526 same_match=NO plus2000_match=YES
WORD_13=target=80826109 same=8597BF79 plus2000=80826109 same_match=NO plus2000_match=YES
WORD_14=target=30002B73 same=85930001 plus2000=30002B73 same_match=NO plus2000_match=YES
WORD_15=target=033B1793 same=B3E930A5 plus2000=033B1793 same_match=NO plus2000_match=YES
MATCH_SAME_OFFSET=0/16
MATCH_PLUS_2000=16/16
FULL_MATCH_SAME_OFFSET=NO
FULL_MATCH_PLUS_2000=YES
WINDOW_SUMMARY=base=0xCC0 match_self=no match_plus_0x2000=yes matched_words_self=0/16 matched_words_plus_0x2000=16/16
WINDOW_MISMATCH_ADDRS_SELF=0xCC0,0xCC4,0xCC8,0xCCC,0xCD0,0xCD4,0xCD8,0xCDC,0xCE0,0xCE4,0xCE8,0xCEC,0xCF0,0xCF4,0xCF8,0xCFC
WINDOW_MISMATCH_ADDRS_PLUS_0X2000=none
WINDOW_BASE=0xD00
OFFSET_HYPOTHESIS=+0x2000
TARGET_WORDS=0A07CF63,008B8913,08000593,30EF854A,14823EA0,07F00793,90818CAA,09934A05,E46307F0,886302A7,851B0194,70EF000C,166364D0,86130945,0593001C,854A0800
PAYLOAD_SAME_WORDS=00018597,30058593,8597B35D,85930001,B3492F65,00018597,2EC58593,8597B38D,85930001,B3892E25,00018597,2D858593,8597B305,85930001,B9F52CE5,00019597
PAYLOAD_PLUS2000_WORDS=0A07CF63,008B8913,08000593,30EF854A,14823EA0,07F00793,90818CAA,09934A05,E46307F0,886302A7,851B0194,70EF000C,166364D0,86130945,0593001C,854A0800
WORD_0=target=0A07CF63 same=00018597 plus2000=0A07CF63 same_match=NO plus2000_match=YES
WORD_1=target=008B8913 same=30058593 plus2000=008B8913 same_match=NO plus2000_match=YES
WORD_2=target=08000593 same=8597B35D plus2000=08000593 same_match=NO plus2000_match=YES
WORD_3=target=30EF854A same=85930001 plus2000=30EF854A same_match=NO plus2000_match=YES
WORD_4=target=14823EA0 same=B3492F65 plus2000=14823EA0 same_match=NO plus2000_match=YES
WORD_5=target=07F00793 same=00018597 plus2000=07F00793 same_match=NO plus2000_match=YES
WORD_6=target=90818CAA same=2EC58593 plus2000=90818CAA same_match=NO plus2000_match=YES
WORD_7=target=09934A05 same=8597B38D plus2000=09934A05 same_match=NO plus2000_match=YES
WORD_8=target=E46307F0 same=85930001 plus2000=E46307F0 same_match=NO plus2000_match=YES
WORD_9=target=886302A7 same=B3892E25 plus2000=886302A7 same_match=NO plus2000_match=YES
WORD_10=target=851B0194 same=00018597 plus2000=851B0194 same_match=NO plus2000_match=YES
WORD_11=target=70EF000C same=2D858593 plus2000=70EF000C same_match=NO plus2000_match=YES
WORD_12=target=166364D0 same=8597B305 plus2000=166364D0 same_match=NO plus2000_match=YES
WORD_13=target=86130945 same=85930001 plus2000=86130945 same_match=NO plus2000_match=YES
WORD_14=target=0593001C same=B9F52CE5 plus2000=0593001C same_match=NO plus2000_match=YES
WORD_15=target=854A0800 same=00019597 plus2000=854A0800 same_match=NO plus2000_match=YES
MATCH_SAME_OFFSET=0/16
MATCH_PLUS_2000=16/16
FULL_MATCH_SAME_OFFSET=NO
FULL_MATCH_PLUS_2000=YES
WINDOW_SUMMARY=base=0xD00 match_self=no match_plus_0x2000=yes matched_words_self=0/16 matched_words_plus_0x2000=16/16
WINDOW_MISMATCH_ADDRS_SELF=0xD00,0xD04,0xD08,0xD0C,0xD10,0xD14,0xD18,0xD1C,0xD20,0xD24,0xD28,0xD2C,0xD30,0xD34,0xD38,0xD3C
WINDOW_MISMATCH_ADDRS_PLUS_0X2000=none
WINDOW_BASE=0xD40
OFFSET_HYPOTHESIS=+0x2000
TARGET_WORDS=584030EF,F0E38CAA,5B13FEA9,7B1300BB,4691003B,85E2865A,40EF855E,C1493D20,45814611,70EF8556,C9315C90,B4238556,B023036A,BC23038A,80EF01AA,B7832480
PAYLOAD_SAME_WORDS=8BC58593,00018517,53C50513,0DA060EF,F3040B13,08000613,450185DA,628000EF,851785DA,05130001,60EF53E5,45810BC0,1141B945,0800E422,00041717,29073703
PAYLOAD_PLUS2000_WORDS=584030EF,F0E38CAA,5B13FEA9,7B1300BB,4691003B,85E2865A,40EF855E,C1493D20,45814611,70EF8556,C9315C90,B4238556,B023036A,BC23038A,80EF01AA,B7832480
WORD_0=target=584030EF same=8BC58593 plus2000=584030EF same_match=NO plus2000_match=YES
WORD_1=target=F0E38CAA same=00018517 plus2000=F0E38CAA same_match=NO plus2000_match=YES
WORD_2=target=5B13FEA9 same=53C50513 plus2000=5B13FEA9 same_match=NO plus2000_match=YES
WORD_3=target=7B1300BB same=0DA060EF plus2000=7B1300BB same_match=NO plus2000_match=YES
WORD_4=target=4691003B same=F3040B13 plus2000=4691003B same_match=NO plus2000_match=YES
WORD_5=target=85E2865A same=08000613 plus2000=85E2865A same_match=NO plus2000_match=YES
WORD_6=target=40EF855E same=450185DA plus2000=40EF855E same_match=NO plus2000_match=YES
WORD_7=target=C1493D20 same=628000EF plus2000=C1493D20 same_match=NO plus2000_match=YES
WORD_8=target=45814611 same=851785DA plus2000=45814611 same_match=NO plus2000_match=YES
WORD_9=target=70EF8556 same=05130001 plus2000=70EF8556 same_match=NO plus2000_match=YES
WORD_10=target=C9315C90 same=60EF53E5 plus2000=C9315C90 same_match=NO plus2000_match=YES
WORD_11=target=B4238556 same=45810BC0 plus2000=B4238556 same_match=NO plus2000_match=YES
WORD_12=target=B023036A same=1141B945 plus2000=B023036A same_match=NO plus2000_match=YES
WORD_13=target=BC23038A same=0800E422 plus2000=BC23038A same_match=NO plus2000_match=YES
WORD_14=target=80EF01AA same=00041717 plus2000=80EF01AA same_match=NO plus2000_match=YES
WORD_15=target=B7832480 same=29073703 plus2000=B7832480 same_match=NO plus2000_match=YES
MATCH_SAME_OFFSET=0/16
MATCH_PLUS_2000=16/16
FULL_MATCH_SAME_OFFSET=NO
FULL_MATCH_PLUS_2000=YES
WINDOW_SUMMARY=base=0xD40 match_self=no match_plus_0x2000=yes matched_words_self=0/16 matched_words_plus_0x2000=16/16
WINDOW_MISMATCH_ADDRS_SELF=0xD40,0xD44,0xD48,0xD4C,0xD50,0xD54,0xD58,0xD5C,0xD60,0xD64,0xD68,0xD6C,0xD70,0xD74,0xD78,0xD7C
WINDOW_MISMATCH_ADDRS_PLUS_0X2000=none
WINDOW_BASE=0xD80
OFFSET_HYPOTHESIS=+0x2000
TARGET_WORDS=B583000D,3503030A,779CF884,84AA9782,4601C931,85564591,597070EF,70E6C539,79067446,6A4669E6,7C426B06,7D027CA2,6AA66DE2,85267BE2,610974A6,79068082
PAYLOAD_SAME_WORDS=1693CF11,D7930205,169701D6,B6830004,97B6C1E6,C799639C,639897BA,853A6422,80820141,47016422,0141853A,71798082,F406F022,E84AEC26,1800E44E,F14025F3
PAYLOAD_PLUS2000_WORDS=B583000D,3503030A,779CF884,84AA9782,4601C931,85564591,597070EF,70E6C539,79067446,6A4669E6,7C426B06,7D027CA2,6AA66DE2,85267BE2,610974A6,79068082
WORD_0=target=B583000D same=1693CF11 plus2000=B583000D same_match=NO plus2000_match=YES
WORD_1=target=3503030A same=D7930205 plus2000=3503030A same_match=NO plus2000_match=YES
WORD_2=target=779CF884 same=169701D6 plus2000=779CF884 same_match=NO plus2000_match=YES
WORD_3=target=84AA9782 same=B6830004 plus2000=84AA9782 same_match=NO plus2000_match=YES
WORD_4=target=4601C931 same=97B6C1E6 plus2000=4601C931 same_match=NO plus2000_match=YES
WORD_5=target=85564591 same=C799639C plus2000=85564591 same_match=NO plus2000_match=YES
WORD_6=target=597070EF same=639897BA plus2000=597070EF same_match=NO plus2000_match=YES
WORD_7=target=70E6C539 same=853A6422 plus2000=70E6C539 same_match=NO plus2000_match=YES
WORD_8=target=79067446 same=80820141 plus2000=79067446 same_match=NO plus2000_match=YES
WORD_9=target=6A4669E6 same=47016422 plus2000=6A4669E6 same_match=NO plus2000_match=YES
WORD_10=target=7C426B06 same=0141853A plus2000=7C426B06 same_match=NO plus2000_match=YES
WORD_11=target=7D027CA2 same=71798082 plus2000=7D027CA2 same_match=NO plus2000_match=YES
WORD_12=target=6AA66DE2 same=F406F022 plus2000=6AA66DE2 same_match=NO plus2000_match=YES
WORD_13=target=85267BE2 same=E84AEC26 plus2000=85267BE2 same_match=NO plus2000_match=YES
WORD_14=target=610974A6 same=1800E44E plus2000=610974A6 same_match=NO plus2000_match=YES
WORD_15=target=79068082 same=F14025F3 plus2000=79068082 same_match=NO plus2000_match=YES
MATCH_SAME_OFFSET=0/16
MATCH_PLUS_2000=16/16
FULL_MATCH_SAME_OFFSET=NO
FULL_MATCH_PLUS_2000=YES
WINDOW_SUMMARY=base=0xD80 match_self=no match_plus_0x2000=yes matched_words_self=0/16 matched_words_plus_0x2000=16/16
WINDOW_MISMATCH_ADDRS_SELF=0xD80,0xD84,0xD88,0xD8C,0xD90,0xD94,0xD98,0xD9C,0xDA0,0xDA4,0xDA8,0xDAC,0xDB0,0xDB4,0xDB8,0xDBC
WINDOW_MISMATCH_ADDRS_PLUS_0X2000=none
WINDOW_BASE=0xDC0
OFFSET_HYPOTHESIS=+0x2000
TARGET_WORDS=6A4669E6,7C426B06,7D027CA2,70E66DE2,54FD7446,7BE26AA6,74A68526,80826109,BF7554ED,F8043783,70EF9782,11413EB0,0800E422,C0102573,01416422,11418082
PAYLOAD_SAME_WORDS=03853903,04090563,05092983,258184AA,00EF854A,25016480,03357B63,05893783,C391739C,85269782,63A010EF,20EF8526,852631A0,480000EF,00EF8526,378354E0
PAYLOAD_PLUS2000_WORDS=6A4669E6,7C426B06,7D027CA2,70E66DE2,54FD7446,7BE26AA6,74A68526,80826109,BF7554ED,F8043783,70EF9782,11413EB0,0800E422,C0102573,01416422,11418082
WORD_0=target=6A4669E6 same=03853903 plus2000=6A4669E6 same_match=NO plus2000_match=YES
WORD_1=target=7C426B06 same=04090563 plus2000=7C426B06 same_match=NO plus2000_match=YES
WORD_2=target=7D027CA2 same=05092983 plus2000=7D027CA2 same_match=NO plus2000_match=YES
WORD_3=target=70E66DE2 same=258184AA plus2000=70E66DE2 same_match=NO plus2000_match=YES
WORD_4=target=54FD7446 same=00EF854A plus2000=54FD7446 same_match=NO plus2000_match=YES
WORD_5=target=7BE26AA6 same=25016480 plus2000=7BE26AA6 same_match=NO plus2000_match=YES
WORD_6=target=74A68526 same=03357B63 plus2000=74A68526 same_match=NO plus2000_match=YES
WORD_7=target=80826109 same=05893783 plus2000=80826109 same_match=NO plus2000_match=YES
WORD_8=target=BF7554ED same=C391739C plus2000=BF7554ED same_match=NO plus2000_match=YES
WORD_9=target=F8043783 same=85269782 plus2000=F8043783 same_match=NO plus2000_match=YES
WORD_10=target=70EF9782 same=63A010EF plus2000=70EF9782 same_match=NO plus2000_match=YES
WORD_11=target=11413EB0 same=20EF8526 plus2000=11413EB0 same_match=NO plus2000_match=YES
WORD_12=target=0800E422 same=852631A0 plus2000=0800E422 same_match=NO plus2000_match=YES
WORD_13=target=C0102573 same=480000EF plus2000=C0102573 same_match=NO plus2000_match=YES
WORD_14=target=01416422 same=00EF8526 plus2000=01416422 same_match=NO plus2000_match=YES
WORD_15=target=11418082 same=378354E0 plus2000=11418082 same_match=NO plus2000_match=YES
MATCH_SAME_OFFSET=0/16
MATCH_PLUS_2000=16/16
FULL_MATCH_SAME_OFFSET=NO
FULL_MATCH_PLUS_2000=YES
WINDOW_SUMMARY=base=0xDC0 match_self=no match_plus_0x2000=yes matched_words_self=0/16 matched_words_plus_0x2000=16/16
WINDOW_MISMATCH_ADDRS_SELF=0xDC0,0xDC4,0xDC8,0xDCC,0xDD0,0xDD4,0xDD8,0xDDC,0xDE0,0xDE4,0xDE8,0xDEC,0xDF0,0xDF4,0xDF8,0xDFC
WINDOW_MISMATCH_ADDRS_PLUS_0X2000=none
WINDOW_BASE=0xE00
OFFSET_HYPOTHESIS=+0x2000
TARGET_WORDS=0800E422,01416422,71398082,F04AF822,0080FC06,0004C917,C5490913,00093783,3783CFA1,CBA90089,EC4EF426,E456E852,84AAE05A,89B28B2E,97828A36,00093783
PAYLOAD_SAME_WORDS=779C0589,9782C391,90EF8526,90EF7E50,11413C70,0800E422,34416073,01416422,11418082,E406E022,45850800,1280A0EF,640260A2,80820141,03F00793,0AC7EB63
PAYLOAD_PLUS2000_WORDS=0800E422,01416422,71398082,F04AF822,0080FC06,0004C917,C5490913,00093783,3783CFA1,CBA90089,EC4EF426,E456E852,84AAE05A,89B28B2E,97828A36,00093783
WORD_0=target=0800E422 same=779C0589 plus2000=0800E422 same_match=NO plus2000_match=YES
WORD_1=target=01416422 same=9782C391 plus2000=01416422 same_match=NO plus2000_match=YES
WORD_2=target=71398082 same=90EF8526 plus2000=71398082 same_match=NO plus2000_match=YES
WORD_3=target=F04AF822 same=90EF7E50 plus2000=F04AF822 same_match=NO plus2000_match=YES
WORD_4=target=0080FC06 same=11413C70 plus2000=0080FC06 same_match=NO plus2000_match=YES
WORD_5=target=0004C917 same=0800E422 plus2000=0004C917 same_match=NO plus2000_match=YES
WORD_6=target=C5490913 same=34416073 plus2000=C5490913 same_match=NO plus2000_match=YES
WORD_7=target=00093783 same=01416422 plus2000=00093783 same_match=NO plus2000_match=YES
WORD_8=target=3783CFA1 same=11418082 plus2000=3783CFA1 same_match=NO plus2000_match=YES
WORD_9=target=CBA90089 same=E406E022 plus2000=CBA90089 same_match=NO plus2000_match=YES
WORD_10=target=EC4EF426 same=45850800 plus2000=EC4EF426 same_match=NO plus2000_match=YES
WORD_11=target=E456E852 same=1280A0EF plus2000=E456E852 same_match=NO plus2000_match=YES
WORD_12=target=84AAE05A same=640260A2 plus2000=84AAE05A same_match=NO plus2000_match=YES
WORD_13=target=89B28B2E same=80820141 plus2000=89B28B2E same_match=NO plus2000_match=YES
WORD_14=target=97828A36 same=03F00793 plus2000=97828A36 same_match=NO plus2000_match=YES
WORD_15=target=00093783 same=0AC7EB63 plus2000=00093783 same_match=NO plus2000_match=YES
MATCH_SAME_OFFSET=0/16
MATCH_PLUS_2000=16/16
FULL_MATCH_SAME_OFFSET=NO
FULL_MATCH_PLUS_2000=YES
WINDOW_SUMMARY=base=0xE00 match_self=no match_plus_0x2000=yes matched_words_self=0/16 matched_words_plus_0x2000=16/16
WINDOW_MISMATCH_ADDRS_SELF=0xE00,0xE04,0xE08,0xE0C,0xE10,0xE14,0xE18,0xE1C,0xE20,0xE24,0xE28,0xE2C,0xE30,0xE34,0xE38,0xE3C
WINDOW_MISMATCH_ADDRS_PLUS_0X2000=none
WINDOW_BASE=0xE40
OFFSET_HYPOTHESIS=+0x2000
TARGET_WORDS=739C8AAA,02F484B3,0364D4B3,00099463,9982A099,00893783,07B39782,85524155,FE97E9E3,744270E2,69E274A2,6AA26A42,79026B02,80826121,00018597,DF058593
PAYLOAD_SAME_WORDS=17137139,F8220206,E852F426,EC4EFC06,1A170080,0A130004,57931DEA,97D201D7,0007B983,856384B2,97930609,D7130205,179701D7,B7830004,F04AB367,892E97BA
PAYLOAD_PLUS2000_WORDS=739C8AAA,02F484B3,0364D4B3,00099463,9982A099,00893783,07B39782,85524155,FE97E9E3,744270E2,69E274A2,6AA26A42,79026B02,80826121,00018597,DF058593
WORD_0=target=739C8AAA same=17137139 plus2000=739C8AAA same_match=NO plus2000_match=YES
WORD_1=target=02F484B3 same=F8220206 plus2000=02F484B3 same_match=NO plus2000_match=YES
WORD_2=target=0364D4B3 same=E852F426 plus2000=0364D4B3 same_match=NO plus2000_match=YES
WORD_3=target=00099463 same=EC4EFC06 plus2000=00099463 same_match=NO plus2000_match=YES
WORD_4=target=9982A099 same=1A170080 plus2000=9982A099 same_match=NO plus2000_match=YES
WORD_5=target=00893783 same=0A130004 plus2000=00893783 same_match=NO plus2000_match=YES
WORD_6=target=07B39782 same=57931DEA plus2000=07B39782 same_match=NO plus2000_match=YES
WORD_7=target=85524155 same=97D201D7 plus2000=85524155 same_match=NO plus2000_match=YES
WORD_8=target=FE97E9E3 same=0007B983 plus2000=FE97E9E3 same_match=NO plus2000_match=YES
WORD_9=target=744270E2 same=856384B2 plus2000=744270E2 same_match=NO plus2000_match=YES
WORD_10=target=69E274A2 same=97930609 plus2000=69E274A2 same_match=NO plus2000_match=YES
WORD_11=target=6AA26A42 same=D7130205 plus2000=6AA26A42 same_match=NO plus2000_match=YES
WORD_12=target=79026B02 same=179701D7 plus2000=79026B02 same_match=NO plus2000_match=YES
WORD_13=target=80826121 same=B7830004 plus2000=80826121 same_match=NO plus2000_match=YES
WORD_14=target=00018597 same=F04AB367 plus2000=00018597 same_match=NO plus2000_match=YES
WORD_15=target=DF058593 same=892E97BA plus2000=DF058593 same_match=NO plus2000_match=YES
MATCH_SAME_OFFSET=0/16
MATCH_PLUS_2000=16/16
FULL_MATCH_SAME_OFFSET=NO
FULL_MATCH_PLUS_2000=YES
WINDOW_SUMMARY=base=0xE40 match_self=no match_plus_0x2000=yes matched_words_self=0/16 matched_words_plus_0x2000=16/16
WINDOW_MISMATCH_ADDRS_SELF=0xE40,0xE44,0xE48,0xE4C,0xE50,0xE54,0xE58,0xE5C,0xE60,0xE64,0xE68,0xE6C,0xE70,0xE74,0xE78,0xE7C
WINDOW_MISMATCH_ADDRS_PLUS_0X2000=none
WINDOW_BASE=0xE80
OFFSET_HYPOTHESIS=+0x2000
TARGET_WORDS=00016517,7C850513,79F030EF,744270E2,61217902,09978082,89930000,BF5DF689,F8227139,EC4EF426,E456E852,FC06E05A,0080F04A,0004CA97,BB4A8A93,008AB783
PAYLOAD_SAME_WORDS=C9AD638C,E05AE456,200A3783,0209B703,8B338AAA,C70900F5,9702864A,04054163,852685DA,548040EF,0110000F,208A3783,739CC789,854AC399,45199782,400010EF
PAYLOAD_PLUS2000_WORDS=00016517,7C850513,79F030EF,744270E2,61217902,09978082,89930000,BF5DF689,F8227139,EC4EF426,E456E852,FC06E05A,0080F04A,0004CA97,BB4A8A93,008AB783
WORD_0=target=00016517 same=C9AD638C plus2000=00016517 same_match=NO plus2000_match=YES
WORD_1=target=7C850513 same=E05AE456 plus2000=7C850513 same_match=NO plus2000_match=YES
WORD_2=target=79F030EF same=200A3783 plus2000=79F030EF same_match=NO plus2000_match=YES
WORD_3=target=744270E2 same=0209B703 plus2000=744270E2 same_match=NO plus2000_match=YES
WORD_4=target=61217902 same=8B338AAA plus2000=61217902 same_match=NO plus2000_match=YES
WORD_5=target=09978082 same=C70900F5 plus2000=09978082 same_match=NO plus2000_match=YES
WORD_6=target=89930000 same=9702864A plus2000=89930000 same_match=NO plus2000_match=YES
WORD_7=target=BF5DF689 same=04054163 plus2000=BF5DF689 same_match=NO plus2000_match=YES
WORD_8=target=F8227139 same=852685DA plus2000=F8227139 same_match=NO plus2000_match=YES
WORD_9=target=EC4EF426 same=548040EF plus2000=EC4EF426 same_match=NO plus2000_match=YES
WORD_10=target=E456E852 same=0110000F plus2000=E456E852 same_match=NO plus2000_match=YES
WORD_11=target=FC06E05A same=208A3783 plus2000=FC06E05A same_match=NO plus2000_match=YES
WORD_12=target=0080F04A same=739CC789 plus2000=0080F04A same_match=NO plus2000_match=YES
WORD_13=target=0004CA97 same=854AC399 plus2000=0004CA97 same_match=NO plus2000_match=YES
WORD_14=target=BB4A8A93 same=45199782 plus2000=BB4A8A93 same_match=NO plus2000_match=YES
WORD_15=target=008AB783 same=400010EF plus2000=008AB783 same_match=NO plus2000_match=YES
MATCH_SAME_OFFSET=0/16
MATCH_PLUS_2000=16/16
FULL_MATCH_SAME_OFFSET=NO
FULL_MATCH_PLUS_2000=YES
WINDOW_SUMMARY=base=0xE80 match_self=no match_plus_0x2000=yes matched_words_self=0/16 matched_words_plus_0x2000=16/16
WINDOW_MISMATCH_ADDRS_SELF=0xE80,0xE84,0xE88,0xE8C,0xE90,0xE94,0xE98,0xE9C,0xEA0,0xEA4,0xEA8,0xEAC,0xEB0,0xEB4,0xEB8,0xEBC
WINDOW_MISMATCH_ADDRS_PLUS_0X2000=none
WINDOW_BASE=0xEC0
OFFSET_HYPOTHESIS=+0x2000
TARGET_WORDS=8A2E89AA,4B0184B2,9782C399,B7838B2A,B903000A,07930207,59333E80,093302F9,A8190299,008AB703,C3194781,87AA9702,416787B3,0127F763,99828552,D17D84AA
PAYLOAD_SAME_WORDS=0289B783,8556CF89,79029782,6B026AA2,744270E2,69E274A2,61216A42,70E28082,79027442,6B026AA2,69E274A2,61216A42,80828082,BFE97902,E8A2711D,F852FC4E
PAYLOAD_PLUS2000_WORDS=8A2E89AA,4B0184B2,9782C399,B7838B2A,B903000A,07930207,59333E80,093302F9,A8190299,008AB703,C3194781,87AA9702,416787B3,0127F763,99828552,D17D84AA
WORD_0=target=8A2E89AA same=0289B783 plus2000=8A2E89AA same_match=NO plus2000_match=YES
WORD_1=target=4B0184B2 same=8556CF89 plus2000=4B0184B2 same_match=NO plus2000_match=YES
WORD_2=target=9782C399 same=79029782 plus2000=9782C399 same_match=NO plus2000_match=YES
WORD_3=target=B7838B2A same=6B026AA2 plus2000=B7838B2A same_match=NO plus2000_match=YES
WORD_4=target=B903000A same=744270E2 plus2000=B903000A same_match=NO plus2000_match=YES
WORD_5=target=07930207 same=69E274A2 plus2000=07930207 same_match=NO plus2000_match=YES
WORD_6=target=59333E80 same=61216A42 plus2000=59333E80 same_match=NO plus2000_match=YES
WORD_7=target=093302F9 same=70E28082 plus2000=093302F9 same_match=NO plus2000_match=YES
WORD_8=target=A8190299 same=79027442 plus2000=A8190299 same_match=NO plus2000_match=YES
WORD_9=target=008AB703 same=6B026AA2 plus2000=008AB703 same_match=NO plus2000_match=YES
WORD_10=target=C3194781 same=69E274A2 plus2000=C3194781 same_match=NO plus2000_match=YES
WORD_11=target=87AA9702 same=61216A42 plus2000=87AA9702 same_match=NO plus2000_match=YES
WORD_12=target=416787B3 same=80828082 plus2000=416787B3 same_match=NO plus2000_match=YES
WORD_13=target=0127F763 same=BFE97902 plus2000=0127F763 same_match=NO plus2000_match=YES
WORD_14=target=99828552 same=E8A2711D plus2000=99828552 same_match=NO plus2000_match=YES
WORD_15=target=D17D84AA same=F852FC4E plus2000=D17D84AA same_match=NO plus2000_match=YES
MATCH_SAME_OFFSET=0/16
MATCH_PLUS_2000=16/16
FULL_MATCH_SAME_OFFSET=NO
FULL_MATCH_PLUS_2000=YES
WINDOW_SUMMARY=base=0xEC0 match_self=no match_plus_0x2000=yes matched_words_self=0/16 matched_words_plus_0x2000=16/16
WINDOW_MISMATCH_ADDRS_SELF=0xEC0,0xEC4,0xEC8,0xECC,0xED0,0xED4,0xED8,0xEDC,0xEE0,0xEE4,0xEE8,0xEEC,0xEF0,0xEF4,0xEF8,0xEFC
WINDOW_MISMATCH_ADDRS_PLUS_0X2000=none
WINDOW_BASE=0xF00
OFFSET_HYPOTHESIS=+0x2000
TARGET_WORDS=70E24485,79027442,6A4269E2,6B026AA2,74A28526,80826121,0004C797,B587B783,1141CB91,E406E022,97820800,640260A2,80820141,80824501,E8221101,E426EC06
PAYLOAD_SAME_WORDS=E4A6EC86,F456E0CA,1080F05A,8A3689B2,F1402773,02071793,01D7D713,00041797,A7C7B783,BB0397BA,2AF30007,57FD3400,06F59B63,4901EC5E,FA840B93,85CA865E
PAYLOAD_PLUS2000_WORDS=70E24485,79027442,6A4269E2,6B026AA2,74A28526,80826121,0004C797,B587B783,1141CB91,E406E022,97820800,640260A2,80820141,80824501,E8221101,E426EC06
WORD_0=target=70E24485 same=E4A6EC86 plus2000=70E24485 same_match=NO plus2000_match=YES
WORD_1=target=79027442 same=F456E0CA plus2000=79027442 same_match=NO plus2000_match=YES
WORD_2=target=6A4269E2 same=1080F05A plus2000=6A4269E2 same_match=NO plus2000_match=YES
WORD_3=target=6B026AA2 same=8A3689B2 plus2000=6B026AA2 same_match=NO plus2000_match=YES
WORD_4=target=74A28526 same=F1402773 plus2000=74A28526 same_match=NO plus2000_match=YES
WORD_5=target=80826121 same=02071793 plus2000=80826121 same_match=NO plus2000_match=YES
WORD_6=target=0004C797 same=01D7D713 plus2000=0004C797 same_match=NO plus2000_match=YES
WORD_7=target=B587B783 same=00041797 plus2000=B587B783 same_match=NO plus2000_match=YES
WORD_8=target=1141CB91 same=A7C7B783 plus2000=1141CB91 same_match=NO plus2000_match=YES
WORD_9=target=E406E022 same=BB0397BA plus2000=E406E022 same_match=NO plus2000_match=YES
WORD_10=target=97820800 same=2AF30007 plus2000=97820800 same_match=NO plus2000_match=YES
WORD_11=target=640260A2 same=57FD3400 plus2000=640260A2 same_match=NO plus2000_match=YES
WORD_12=target=80820141 same=06F59B63 plus2000=80820141 same_match=NO plus2000_match=YES
WORD_13=target=80824501 same=4901EC5E plus2000=80824501 same_match=NO plus2000_match=YES
WORD_14=target=E8221101 same=FA840B93 plus2000=E8221101 same_match=NO plus2000_match=YES
WORD_15=target=E426EC06 same=85CA865E plus2000=E426EC06 same_match=NO plus2000_match=YES
MATCH_SAME_OFFSET=0/16
MATCH_PLUS_2000=16/16
FULL_MATCH_SAME_OFFSET=NO
FULL_MATCH_PLUS_2000=YES
WINDOW_SUMMARY=base=0xF00 match_self=no match_plus_0x2000=yes matched_words_self=0/16 matched_words_plus_0x2000=16/16
WINDOW_MISMATCH_ADDRS_SELF=0xF00,0xF04,0xF08,0xF0C,0xF10,0xF14,0xF18,0xF1C,0xF20,0xF24,0xF28,0xF2C,0xF30,0xF34,0xF38,0xF3C
WINDOW_MISMATCH_ADDRS_PLUS_0X2000=none
WINDOW_BASE=0xF40
OFFSET_HYPOTHESIS=+0x2000
TARGET_WORDS=24F31000,C7973400,87930004,6B98B227,4501679C,C39194BA,609C9782,644260E2,953E64A2,80826105,E4221141,27730800,64223400,0004C797,B047B783,638897BA
PAYLOAD_SAME_WORDS=90EF855A,E5214B90,FA843783,E79984CA,8385A03D,FAF43423,C3950485,0017F713,859BDB6D,86D20004,8556864E,ECDFF0EF,FA843783,83850485,FAF43423,0913F3E5
PAYLOAD_PLUS2000_WORDS=24F31000,C7973400,87930004,6B98B227,4501679C,C39194BA,609C9782,644260E2,953E64A2,80826105,E4221141,27730800,64223400,0004C797,B047B783,638897BA
WORD_0=target=24F31000 same=90EF855A plus2000=24F31000 same_match=NO plus2000_match=YES
WORD_1=target=C7973400 same=E5214B90 plus2000=C7973400 same_match=NO plus2000_match=YES
WORD_2=target=87930004 same=FA843783 plus2000=87930004 same_match=NO plus2000_match=YES
WORD_3=target=6B98B227 same=E79984CA plus2000=6B98B227 same_match=NO plus2000_match=YES
WORD_4=target=4501679C same=8385A03D plus2000=4501679C same_match=NO plus2000_match=YES
WORD_5=target=C39194BA same=FAF43423 plus2000=C39194BA same_match=NO plus2000_match=YES
WORD_6=target=609C9782 same=C3950485 plus2000=609C9782 same_match=NO plus2000_match=YES
WORD_7=target=644260E2 same=0017F713 plus2000=644260E2 same_match=NO plus2000_match=YES
WORD_8=target=953E64A2 same=859BDB6D plus2000=953E64A2 same_match=NO plus2000_match=YES
WORD_9=target=80826105 same=86D20004 plus2000=80826105 same_match=NO plus2000_match=YES
WORD_10=target=E4221141 same=8556864E plus2000=E4221141 same_match=NO plus2000_match=YES
WORD_11=target=27730800 same=ECDFF0EF plus2000=27730800 same_match=NO plus2000_match=YES
WORD_12=target=64223400 same=FA843783 plus2000=64223400 same_match=NO plus2000_match=YES
WORD_13=target=0004C797 same=83850485 plus2000=0004C797 same_match=NO plus2000_match=YES
WORD_14=target=B047B783 same=FAF43423 plus2000=B047B783 same_match=NO plus2000_match=YES
WORD_15=target=638897BA same=0913F3E5 plus2000=638897BA same_match=NO plus2000_match=YES
MATCH_SAME_OFFSET=0/16
MATCH_PLUS_2000=16/16
FULL_MATCH_SAME_OFFSET=NO
FULL_MATCH_PLUS_2000=YES
WINDOW_SUMMARY=base=0xF40 match_self=no match_plus_0x2000=yes matched_words_self=0/16 matched_words_plus_0x2000=16/16
WINDOW_MISMATCH_ADDRS_SELF=0xF40,0xF44,0xF48,0xF4C,0xF50,0xF54,0xF58,0xF5C,0xF60,0xF64,0xF68,0xF6C,0xF70,0xF74,0xF78,0xF7C
WINDOW_MISMATCH_ADDRS_PLUS_0X2000=none
WINDOW_BASE=0xF80
OFFSET_HYPOTHESIS=+0x2000
TARGET_WORDS=80820141,E4221141,27730800,C7973400,B7830004,97BAAEA7,6422E388,80820141,E4221141,27F30800,C7173400,37030004,97BAACE7,6422C3C8,80820141,E8221101
PAYLOAD_SAME_WORDS=865E0409,855A85CA,473090EF,6BE2DD55,60E64501,64A66446,79E26906,7AA27A42,61257B02,84AA8082,FA840613,892E855A,44B090EF,3783FD79,F733FA84,342300F4
PAYLOAD_PLUS2000_WORDS=80820141,E4221141,27730800,C7973400,B7830004,97BAAEA7,6422E388,80820141,E4221141,27F30800,C7173400,37030004,97BAACE7,6422C3C8,80820141,E8221101
WORD_0=target=80820141 same=865E0409 plus2000=80820141 same_match=NO plus2000_match=YES
WORD_1=target=E4221141 same=855A85CA plus2000=E4221141 same_match=NO plus2000_match=YES
WORD_2=target=27730800 same=473090EF plus2000=27730800 same_match=NO plus2000_match=YES
WORD_3=target=C7973400 same=6BE2DD55 plus2000=C7973400 same_match=NO plus2000_match=YES
WORD_4=target=B7830004 same=60E64501 plus2000=B7830004 same_match=NO plus2000_match=YES
WORD_5=target=97BAAEA7 same=64A66446 plus2000=97BAAEA7 same_match=NO plus2000_match=YES
WORD_6=target=6422E388 same=79E26906 plus2000=6422E388 same_match=NO plus2000_match=YES
WORD_7=target=80820141 same=7AA27A42 plus2000=80820141 same_match=NO plus2000_match=YES
WORD_8=target=E4221141 same=61257B02 plus2000=E4221141 same_match=NO plus2000_match=YES
WORD_9=target=27F30800 same=84AA8082 plus2000=27F30800 same_match=NO plus2000_match=YES
WORD_10=target=C7173400 same=FA840613 plus2000=C7173400 same_match=NO plus2000_match=YES
WORD_11=target=37030004 same=892E855A plus2000=37030004 same_match=NO plus2000_match=YES
WORD_12=target=97BAACE7 same=44B090EF plus2000=97BAACE7 same_match=NO plus2000_match=YES
WORD_13=target=6422C3C8 same=3783FD79 plus2000=6422C3C8 same_match=NO plus2000_match=YES
WORD_14=target=80820141 same=F733FA84 plus2000=80820141 same_match=NO plus2000_match=YES
WORD_15=target=E8221101 same=342300F4 plus2000=E8221101 same_match=NO plus2000_match=YES
MATCH_SAME_OFFSET=0/16
MATCH_PLUS_2000=16/16
FULL_MATCH_SAME_OFFSET=NO
FULL_MATCH_PLUS_2000=YES
WINDOW_SUMMARY=base=0xF80 match_self=no match_plus_0x2000=yes matched_words_self=0/16 matched_words_plus_0x2000=16/16
WINDOW_MISMATCH_ADDRS_SELF=0xF80,0xF84,0xF88,0xF8C,0xF90,0xF94,0xF98,0xF9C,0xFA0,0xFA4,0xFA8,0xFAC,0xFB0,0xFB4,0xFB8,0xFBC
WINDOW_MISMATCH_ADDRS_PLUS_0X2000=none
WINDOW_BASE=0xFC0
OFFSET_HYPOTHESIS=+0x2000
TARGET_WORDS=EC06E426,84AA1000,F0EF4515,2573AF2F,45913400,77A050EF,9073CD01,079314D4,A0730800,60E23047,64A26442,80826105,0004C797,A787B783,7B9CD3FD,8526D3ED
PAYLOAD_SAME_WORDS=87BAFAE4,B7E9EB01,34238385,0905FAF4,DFDD873E,DB6D8B05,864E86D2,0009059B,F0EF8556,3783E57F,BFF9FA84,E4221141,CD1D0800,862A791C,1597CF85,85930004
PAYLOAD_PLUS2000_WORDS=EC06E426,84AA1000,F0EF4515,2573AF2F,45913400,77A050EF,9073CD01,079314D4,A0730800,60E23047,64A26442,80826105,0004C797,A787B783,7B9CD3FD,8526D3ED
WORD_0=target=EC06E426 same=87BAFAE4 plus2000=EC06E426 same_match=NO plus2000_match=YES
WORD_1=target=84AA1000 same=B7E9EB01 plus2000=84AA1000 same_match=NO plus2000_match=YES
WORD_2=target=F0EF4515 same=34238385 plus2000=F0EF4515 same_match=NO plus2000_match=YES
WORD_3=target=2573AF2F same=0905FAF4 plus2000=2573AF2F same_match=NO plus2000_match=YES
WORD_4=target=45913400 same=DFDD873E plus2000=45913400 same_match=NO plus2000_match=YES
WORD_5=target=77A050EF same=DB6D8B05 plus2000=77A050EF same_match=NO plus2000_match=YES
WORD_6=target=9073CD01 same=864E86D2 plus2000=9073CD01 same_match=NO plus2000_match=YES
WORD_7=target=079314D4 same=0009059B plus2000=079314D4 same_match=NO plus2000_match=YES
WORD_8=target=A0730800 same=F0EF8556 plus2000=A0730800 same_match=NO plus2000_match=YES
WORD_9=target=60E23047 same=3783E57F plus2000=60E23047 same_match=NO plus2000_match=YES
WORD_10=target=64A26442 same=BFF9FA84 plus2000=64A26442 same_match=NO plus2000_match=YES
WORD_11=target=80826105 same=E4221141 plus2000=80826105 same_match=NO plus2000_match=YES
WORD_12=target=0004C797 same=CD1D0800 plus2000=0004C797 same_match=NO plus2000_match=YES
WORD_13=target=A787B783 same=862A791C plus2000=A787B783 same_match=NO plus2000_match=YES
WORD_14=target=7B9CD3FD same=1597CF85 plus2000=7B9CD3FD same_match=NO plus2000_match=YES
WORD_15=target=8526D3ED same=85930004 plus2000=8526D3ED same_match=NO plus2000_match=YES
MATCH_SAME_OFFSET=0/16
MATCH_PLUS_2000=16/16
FULL_MATCH_SAME_OFFSET=NO
FULL_MATCH_PLUS_2000=YES
WINDOW_SUMMARY=base=0xFC0 match_self=no match_plus_0x2000=yes matched_words_self=0/16 matched_words_plus_0x2000=16/16
WINDOW_MISMATCH_ADDRS_SELF=0xFC0,0xFC4,0xFC8,0xFCC,0xFD0,0xFD4,0xFD8,0xFDC,0xFE0,0xFE4,0xFE8,0xFEC,0xFF0,0xFF4,0xFF8,0xFFC
WINDOW_MISMATCH_ADDRS_PLUS_0X2000=none
WINDOW_BASE=0x1000
OFFSET_HYPOTHESIS=+0x2000
TARGET_WORDS=80000000,00000000,07933447,A0730800,60E23047,64A26442,80826105,E0221141,0800E406,08000793,3047B073,34002573,50EF4591,E50971C0,02000793,3447A073
PAYLOAD_SAME_WORDS=87AE0365,06934501,A0210400,0C632505,639800D5,FB7D07A1,00351793,E19095BE,01416422,64228082,C1300513,80820141,B7FD5575,E4221141,07930800,ED6303F0
PAYLOAD_PLUS2000_WORDS=07939782,B0730200,07933447,A0730800,60E23047,64A26442,80826105,E0221141,0800E406,08000793,3047B073,34002573,50EF4591,E50971C0,02000793,3447A073
WORD_0=target=80000000 same=87AE0365 plus2000=07939782 same_match=NO plus2000_match=NO
WORD_1=target=00000000 same=06934501 plus2000=B0730200 same_match=NO plus2000_match=NO
WORD_2=target=07933447 same=A0210400 plus2000=07933447 same_match=NO plus2000_match=YES
WORD_3=target=A0730800 same=0C632505 plus2000=A0730800 same_match=NO plus2000_match=YES
WORD_4=target=60E23047 same=639800D5 plus2000=60E23047 same_match=NO plus2000_match=YES
WORD_5=target=64A26442 same=FB7D07A1 plus2000=64A26442 same_match=NO plus2000_match=YES
WORD_6=target=80826105 same=00351793 plus2000=80826105 same_match=NO plus2000_match=YES
WORD_7=target=E0221141 same=E19095BE plus2000=E0221141 same_match=NO plus2000_match=YES
WORD_8=target=0800E406 same=01416422 plus2000=0800E406 same_match=NO plus2000_match=YES
WORD_9=target=08000793 same=64228082 plus2000=08000793 same_match=NO plus2000_match=YES
WORD_10=target=3047B073 same=C1300513 plus2000=3047B073 same_match=NO plus2000_match=YES
WORD_11=target=34002573 same=80820141 plus2000=34002573 same_match=NO plus2000_match=YES
WORD_12=target=50EF4591 same=B7FD5575 plus2000=50EF4591 same_match=NO plus2000_match=YES
WORD_13=target=E50971C0 same=E4221141 plus2000=E50971C0 same_match=NO plus2000_match=YES
WORD_14=target=02000793 same=07930800 plus2000=02000793 same_match=NO plus2000_match=YES
WORD_15=target=3447A073 same=ED6303F0 plus2000=3447A073 same_match=NO plus2000_match=YES
MATCH_SAME_OFFSET=0/16
MATCH_PLUS_2000=14/16
FULL_MATCH_SAME_OFFSET=NO
FULL_MATCH_PLUS_2000=NO
WINDOW_SUMMARY=base=0x1000 match_self=no match_plus_0x2000=no matched_words_self=0/16 matched_words_plus_0x2000=14/16
WINDOW_MISMATCH_ADDRS_SELF=0x1000,0x1004,0x1008,0x100C,0x1010,0x1014,0x1018,0x101C,0x1020,0x1024,0x1028,0x102C,0x1030,0x1034,0x1038,0x103C
WINDOW_MISMATCH_ADDRS_PLUS_0X2000=0x1000,0x1004
PARTIAL_PLUS_WINDOW_DETAIL=base=0x1000 mismatch_addrs=0x1000,0x1004
WINDOW_BASE=0x1040
OFFSET_HYPOTHESIS=+0x2000
TARGET_WORDS=640260A2,80820141,E4221141,64220800,0004C517,A1853503,80820141,E4221141,C5190800,0004C797,A0478793,C7016398,01416422,67988082,FB7DE388,DB6D7518
PAYLOAD_SAME_WORDS=179300A7,D5130205,179701D7,87930004,97AAFE67,0007B023,01416422,11418082,E406E022,46810800,0003F617,FD062603,E89FF0EF,640260A2,80820141,E4221141
PAYLOAD_PLUS2000_WORDS=640260A2,80820141,E4221141,64220800,0004C517,A1853503,80820141,E4221141,C5190800,0004C797,A0478793,C7016398,01416422,67988082,FB7DE388,DB6D7518
WORD_0=target=640260A2 same=179300A7 plus2000=640260A2 same_match=NO plus2000_match=YES
WORD_1=target=80820141 same=D5130205 plus2000=80820141 same_match=NO plus2000_match=YES
WORD_2=target=E4221141 same=179701D7 plus2000=E4221141 same_match=NO plus2000_match=YES
WORD_3=target=64220800 same=87930004 plus2000=64220800 same_match=NO plus2000_match=YES
WORD_4=target=0004C517 same=97AAFE67 plus2000=0004C517 same_match=NO plus2000_match=YES
WORD_5=target=A1853503 same=0007B023 plus2000=A1853503 same_match=NO plus2000_match=YES
WORD_6=target=80820141 same=01416422 plus2000=80820141 same_match=NO plus2000_match=YES
WORD_7=target=E4221141 same=11418082 plus2000=E4221141 same_match=NO plus2000_match=YES
WORD_8=target=C5190800 same=E406E022 plus2000=C5190800 same_match=NO plus2000_match=YES
WORD_9=target=0004C797 same=46810800 plus2000=0004C797 same_match=NO plus2000_match=YES
WORD_10=target=A0478793 same=0003F617 plus2000=A0478793 same_match=NO plus2000_match=YES
WORD_11=target=C7016398 same=FD062603 plus2000=C7016398 same_match=NO plus2000_match=YES
WORD_12=target=01416422 same=E89FF0EF plus2000=01416422 same_match=NO plus2000_match=YES
WORD_13=target=67988082 same=640260A2 plus2000=67988082 same_match=NO plus2000_match=YES
WORD_14=target=FB7DE388 same=80820141 plus2000=FB7DE388 same_match=NO plus2000_match=YES
WORD_15=target=DB6D7518 same=E4221141 plus2000=DB6D7518 same_match=NO plus2000_match=YES
MATCH_SAME_OFFSET=0/16
MATCH_PLUS_2000=16/16
FULL_MATCH_SAME_OFFSET=NO
FULL_MATCH_PLUS_2000=YES
WINDOW_SUMMARY=base=0x1040 match_self=no match_plus_0x2000=yes matched_words_self=0/16 matched_words_plus_0x2000=16/16
WINDOW_MISMATCH_ADDRS_SELF=0x1040,0x1044,0x1048,0x104C,0x1050,0x1054,0x1058,0x105C,0x1060,0x1064,0x1068,0x106C,0x1070,0x1074,0x1078,0x107C
WINDOW_MISMATCH_ADDRS_PLUS_0X2000=none
WINDOW_BASE=0x1080
OFFSET_HYPOTHESIS=+0x2000
TARGET_WORDS=B7FDE798,F0227179,E84AEC26,E44EF406,39831800,84AA0385,E98D892E,0004C797,9DC7B783,94BECFB9,0004B023,88634501,B7830009,6BDC0589,854AC399,70A29782
PAYLOAD_SAME_WORDS=70730800,64223441,80820141,E0221141,0800E406,F6174681,26030003,F0EFFA66,60A2E5BF,01416402,71798082,F406F022,E84AEC26,E052E44E,29F31800,19173400
PAYLOAD_PLUS2000_WORDS=B7FDE798,F0227179,E84AEC26,E44EF406,39831800,84AA0385,E98D892E,0004C797,9DC7B783,94BECFB9,0004B023,88634501,B7830009,6BDC0589,854AC399,70A29782
WORD_0=target=B7FDE798 same=70730800 plus2000=B7FDE798 same_match=NO plus2000_match=YES
WORD_1=target=F0227179 same=64223441 plus2000=F0227179 same_match=NO plus2000_match=YES
WORD_2=target=E84AEC26 same=80820141 plus2000=E84AEC26 same_match=NO plus2000_match=YES
WORD_3=target=E44EF406 same=E0221141 plus2000=E44EF406 same_match=NO plus2000_match=YES
WORD_4=target=39831800 same=0800E406 plus2000=39831800 same_match=NO plus2000_match=YES
WORD_5=target=84AA0385 same=F6174681 plus2000=84AA0385 same_match=NO plus2000_match=YES
WORD_6=target=E98D892E same=26030003 plus2000=E98D892E same_match=NO plus2000_match=YES
WORD_7=target=0004C797 same=F0EFFA66 plus2000=0004C797 same_match=NO plus2000_match=YES
WORD_8=target=9DC7B783 same=60A2E5BF plus2000=9DC7B783 same_match=NO plus2000_match=YES
WORD_9=target=94BECFB9 same=01416402 plus2000=94BECFB9 same_match=NO plus2000_match=YES
WORD_10=target=0004B023 same=71798082 plus2000=0004B023 same_match=NO plus2000_match=YES
WORD_11=target=88634501 same=F406F022 plus2000=88634501 same_match=NO plus2000_match=YES
WORD_12=target=B7830009 same=E84AEC26 plus2000=B7830009 same_match=NO plus2000_match=YES
WORD_13=target=6BDC0589 same=E052E44E plus2000=6BDC0589 same_match=NO plus2000_match=YES
WORD_14=target=854AC399 same=29F31800 plus2000=854AC399 same_match=NO plus2000_match=YES
WORD_15=target=70A29782 same=19173400 plus2000=70A29782 same_match=NO plus2000_match=YES
MATCH_SAME_OFFSET=0/16
MATCH_PLUS_2000=16/16
FULL_MATCH_SAME_OFFSET=NO
FULL_MATCH_PLUS_2000=YES
WINDOW_SUMMARY=base=0x1080 match_self=no match_plus_0x2000=yes matched_words_self=0/16 matched_words_plus_0x2000=16/16
WINDOW_MISMATCH_ADDRS_SELF=0x1080,0x1084,0x1088,0x108C,0x1090,0x1094,0x1098,0x109C,0x10A0,0x10A4,0x10A8,0x10AC,0x10B0,0x10B4,0x10B8,0x10BC
WINDOW_MISMATCH_ADDRS_PLUS_0X2000=none
WINDOW_BASE=0x10C0
OFFSET_HYPOTHESIS=+0x2000
TARGET_WORDS=64E27402,69A26942,80826145,E0524521,DB0FF0EF,0004CA17,994A0A13,00AA3823,4585C105,50EF8526,37836680,C519010A,00000717,CFE70713,00EA3423,B7656A02
PAYLOAD_SAME_WORDS=09130004,3483F729,94CE2009,F1402A73,10EF451D,37831EA0,C7912089,C781779C,000A051B,85269782,40EF4581,84AA2DA0,1917C115,09130004,F793F3E9,CB810014
PAYLOAD_PLUS2000_WORDS=64E27402,69A26942,80826145,E0524521,DB0FF0EF,0004CA17,994A0A13,00AA3823,4585C105,50EF8526,37836680,C519010A,00000717,CFE70713,00EA3423,B7656A02
WORD_0=target=64E27402 same=09130004 plus2000=64E27402 same_match=NO plus2000_match=YES
WORD_1=target=69A26942 same=3483F729 plus2000=69A26942 same_match=NO plus2000_match=YES
WORD_2=target=80826145 same=94CE2009 plus2000=80826145 same_match=NO plus2000_match=YES
WORD_3=target=E0524521 same=F1402A73 plus2000=E0524521 same_match=NO plus2000_match=YES
WORD_4=target=DB0FF0EF same=10EF451D plus2000=DB0FF0EF same_match=NO plus2000_match=YES
WORD_5=target=0004CA17 same=37831EA0 plus2000=0004CA17 same_match=NO plus2000_match=YES
WORD_6=target=994A0A13 same=C7912089 plus2000=994A0A13 same_match=NO plus2000_match=YES
WORD_7=target=00AA3823 same=C781779C plus2000=00AA3823 same_match=NO plus2000_match=YES
WORD_8=target=4585C105 same=000A051B plus2000=4585C105 same_match=NO plus2000_match=YES
WORD_9=target=50EF8526 same=85269782 plus2000=50EF8526 same_match=NO plus2000_match=YES
WORD_10=target=37836680 same=40EF4581 plus2000=37836680 same_match=NO plus2000_match=YES
WORD_11=target=C519010A same=84AA2DA0 plus2000=C519010A same_match=NO plus2000_match=YES
WORD_12=target=00000717 same=1917C115 plus2000=00000717 same_match=NO plus2000_match=YES
WORD_13=target=CFE70713 same=09130004 plus2000=CFE70713 same_match=NO plus2000_match=YES
WORD_14=target=00EA3423 same=F793F3E9 plus2000=00EA3423 same_match=NO plus2000_match=YES
WORD_15=target=B7656A02 same=CB810014 plus2000=B7656A02 same_match=NO plus2000_match=YES
MATCH_SAME_OFFSET=0/16
MATCH_PLUS_2000=16/16
FULL_MATCH_SAME_OFFSET=NO
FULL_MATCH_PLUS_2000=YES
WINDOW_SUMMARY=base=0x10C0 match_self=no match_plus_0x2000=yes matched_words_self=0/16 matched_words_plus_0x2000=16/16
WINDOW_MISMATCH_ADDRS_SELF=0x10C0,0x10C4,0x10C8,0x10CC,0x10D0,0x10D4,0x10D8,0x10DC,0x10E0,0x10E4,0x10E8,0x10EC,0x10F0,0x10F4,0x10F8,0x10FC
WINDOW_MISMATCH_ADDRS_PLUS_0X2000=none
WINDOW_BASE=0x1100
OFFSET_HYPOTHESIS=+0x2000
TARGET_WORDS=05136A02,BF65C120,E8221101,EC06E426,C7971000,B7830004,84AA9567,7F9CC781,9782C391,02000793,3447B073,08000793,3047B073,C7897C9C,6FDC6FBC,9782C391
PAYLOAD_SAME_WORDS=00093783,C781854E,C3917B9C,80859782,F4E50921,740270A2,694264E2,6A0269A2,80826145,00041797,1147B783,739CCF89,1141CB99,E406E022,97820800,640260A2
PAYLOAD_PLUS2000_WORDS=05136A02,BF65C120,E8221101,EC06E426,C7971000,B7830004,84AA9567,7F9CC781,9782C391,02000793,3447B073,08000793,3047B073,C7897C9C,6FDC6FBC,9782C391
WORD_0=target=05136A02 same=00093783 plus2000=05136A02 same_match=NO plus2000_match=YES
WORD_1=target=BF65C120 same=C781854E plus2000=BF65C120 same_match=NO plus2000_match=YES
WORD_2=target=E8221101 same=C3917B9C plus2000=E8221101 same_match=NO plus2000_match=YES
WORD_3=target=EC06E426 same=80859782 plus2000=EC06E426 same_match=NO plus2000_match=YES
WORD_4=target=C7971000 same=F4E50921 plus2000=C7971000 same_match=NO plus2000_match=YES
WORD_5=target=B7830004 same=740270A2 plus2000=B7830004 same_match=NO plus2000_match=YES
WORD_6=target=84AA9567 same=694264E2 plus2000=84AA9567 same_match=NO plus2000_match=YES
WORD_7=target=7F9CC781 same=6A0269A2 plus2000=7F9CC781 same_match=NO plus2000_match=YES
WORD_8=target=9782C391 same=80826145 plus2000=9782C391 same_match=NO plus2000_match=YES
WORD_9=target=02000793 same=00041797 plus2000=02000793 same_match=NO plus2000_match=YES
WORD_10=target=3447B073 same=1147B783 plus2000=3447B073 same_match=NO plus2000_match=YES
WORD_11=target=08000793 same=739CCF89 plus2000=08000793 same_match=NO plus2000_match=YES
WORD_12=target=3047B073 same=1141CB99 plus2000=3047B073 same_match=NO plus2000_match=YES
WORD_13=target=C7897C9C same=E406E022 plus2000=C7897C9C same_match=NO plus2000_match=YES
WORD_14=target=6FDC6FBC same=97820800 plus2000=6FDC6FBC same_match=NO plus2000_match=YES
WORD_15=target=9782C391 same=640260A2 plus2000=9782C391 same_match=NO plus2000_match=YES
MATCH_SAME_OFFSET=0/16
MATCH_PLUS_2000=16/16
FULL_MATCH_SAME_OFFSET=NO
FULL_MATCH_PLUS_2000=YES
WINDOW_SUMMARY=base=0x1100 match_self=no match_plus_0x2000=yes matched_words_self=0/16 matched_words_plus_0x2000=16/16
WINDOW_MISMATCH_ADDRS_SELF=0x1100,0x1104,0x1108,0x110C,0x1110,0x1114,0x1118,0x111C,0x1120,0x1124,0x1128,0x112C,0x1130,0x1134,0x1138,0x113C
WINDOW_MISMATCH_ADDRS_PLUS_0X2000=none
WINDOW_BASE=0x1140
OFFSET_HYPOTHESIS=+0x2000
TARGET_WORDS=644260E2,610564A2,11018082,EC06E822,E04AE426,87AA1000,0007B903,452D6784,95CFF0EF,009967B3,57FDC785,02F48263,66854781,0733C881,007300F9,97B61207
PAYLOAD_SAME_WORDS=01414501,55758082,11418082,0800E422,15176422,35030004,01410E65,11418082,0800E422,1797C901,87930004,B703ECA7,C7012087,01416422,B4238082,642220A7
PAYLOAD_PLUS2000_WORDS=644260E2,610564A2,11018082,EC06E822,E04AE426,87AA1000,0007B903,452D6784,95CFF0EF,009967B3,57FDC785,02F48263,66854781,0733C881,007300F9,97B61207
WORD_0=target=644260E2 same=01414501 plus2000=644260E2 same_match=NO plus2000_match=YES
WORD_1=target=610564A2 same=55758082 plus2000=610564A2 same_match=NO plus2000_match=YES
WORD_2=target=11018082 same=11418082 plus2000=11018082 same_match=NO plus2000_match=YES
WORD_3=target=EC06E822 same=0800E422 plus2000=EC06E822 same_match=NO plus2000_match=YES
WORD_4=target=E04AE426 same=15176422 plus2000=E04AE426 same_match=NO plus2000_match=YES
WORD_5=target=87AA1000 same=35030004 plus2000=87AA1000 same_match=NO plus2000_match=YES
WORD_6=target=0007B903 same=01410E65 plus2000=0007B903 same_match=NO plus2000_match=YES
WORD_7=target=452D6784 same=11418082 plus2000=452D6784 same_match=NO plus2000_match=YES
WORD_8=target=95CFF0EF same=0800E422 plus2000=95CFF0EF same_match=NO plus2000_match=YES
WORD_9=target=009967B3 same=1797C901 plus2000=009967B3 same_match=NO plus2000_match=YES
WORD_10=target=57FDC785 same=87930004 plus2000=57FDC785 same_match=NO plus2000_match=YES
WORD_11=target=02F48263 same=B703ECA7 plus2000=02F48263 same_match=NO plus2000_match=YES
WORD_12=target=66854781 same=C7012087 plus2000=66854781 same_match=NO plus2000_match=YES
WORD_13=target=0733C881 same=01416422 plus2000=0733C881 same_match=NO plus2000_match=YES
WORD_14=target=007300F9 same=B4238082 plus2000=007300F9 same_match=NO plus2000_match=YES
WORD_15=target=97B61207 same=642220A7 plus2000=97B61207 same_match=NO plus2000_match=YES
MATCH_SAME_OFFSET=0/16
MATCH_PLUS_2000=16/16
FULL_MATCH_SAME_OFFSET=NO
FULL_MATCH_PLUS_2000=YES
WINDOW_SUMMARY=base=0x1140 match_self=no match_plus_0x2000=yes matched_words_self=0/16 matched_words_plus_0x2000=16/16
WINDOW_MISMATCH_ADDRS_SELF=0x1140,0x1144,0x1148,0x114C,0x1150,0x1154,0x1158,0x115C,0x1160,0x1164,0x1168,0x116C,0x1170,0x1174,0x1178,0x117C
WINDOW_MISMATCH_ADDRS_PLUS_0X2000=none
WINDOW_BASE=0x1180
OFFSET_HYPOTHESIS=+0x2000
TARGET_WORDS=FE97EBE3,644260E2,690264A2,80826105,12000073,644260E2,690264A2,80826105,F0227179,EC26F406,E44EE84A,87AA1800,0007B903,45356784,0107B983,900FF0EF
PAYLOAD_SAME_WORDS=80820141,E8221101,E04AE426,1000EC06,84AA892E,1817E5B1,38030004,066309A8,F7170C08,07130003,431CE967,07134354,8FD503F0,0AF76363,30239826,7C9C0008
PAYLOAD_PLUS2000_WORDS=FE97EBE3,644260E2,690264A2,80826105,12000073,644260E2,690264A2,80826105,F0227179,EC26F406,E44EE84A,87AA1800,0007B903,45356784,0107B983,900FF0EF
WORD_0=target=FE97EBE3 same=80820141 plus2000=FE97EBE3 same_match=NO plus2000_match=YES
WORD_1=target=644260E2 same=E8221101 plus2000=644260E2 same_match=NO plus2000_match=YES
WORD_2=target=690264A2 same=E04AE426 plus2000=690264A2 same_match=NO plus2000_match=YES
WORD_3=target=80826105 same=1000EC06 plus2000=80826105 same_match=NO plus2000_match=YES
WORD_4=target=12000073 same=84AA892E plus2000=12000073 same_match=NO plus2000_match=YES
WORD_5=target=644260E2 same=1817E5B1 plus2000=644260E2 same_match=NO plus2000_match=YES
WORD_6=target=690264A2 same=38030004 plus2000=690264A2 same_match=NO plus2000_match=YES
WORD_7=target=80826105 same=066309A8 plus2000=80826105 same_match=NO plus2000_match=YES
WORD_8=target=F0227179 same=F7170C08 plus2000=F0227179 same_match=NO plus2000_match=YES
WORD_9=target=EC26F406 same=07130003 plus2000=EC26F406 same_match=NO plus2000_match=YES
WORD_10=target=E44EE84A same=431CE967 plus2000=E44EE84A same_match=NO plus2000_match=YES
WORD_11=target=87AA1800 same=07134354 plus2000=87AA1800 same_match=NO plus2000_match=YES
WORD_12=target=0007B903 same=8FD503F0 plus2000=0007B903 same_match=NO plus2000_match=YES
WORD_13=target=45356784 same=0AF76363 plus2000=45356784 same_match=NO plus2000_match=YES
WORD_14=target=0107B983 same=30239826 plus2000=0107B983 same_match=NO plus2000_match=YES
WORD_15=target=900FF0EF same=7C9C0008 plus2000=900FF0EF same_match=NO plus2000_match=YES
MATCH_SAME_OFFSET=0/16
MATCH_PLUS_2000=16/16
FULL_MATCH_SAME_OFFSET=NO
FULL_MATCH_PLUS_2000=YES
WINDOW_SUMMARY=base=0x1180 match_self=no match_plus_0x2000=yes matched_words_self=0/16 matched_words_plus_0x2000=16/16
WINDOW_MISMATCH_ADDRS_SELF=0x1180,0x1184,0x1188,0x118C,0x1190,0x1194,0x1198,0x119C,0x11A0,0x11A4,0x11A8,0x11AC,0x11B0,0x11B4,0x11B8,0x11BC
WINDOW_MISMATCH_ADDRS_PLUS_0X2000=none
WINDOW_BASE=0x11C0
OFFSET_HYPOTHESIS=+0x2000
TARGET_WORDS=009967B3,57FDC78D,02F48C63,66854781,0733C881,007300F9,97B61337,FE97EBE3,740270A2,694264E2,614569A2,00738082,70A21200,64E27402,69A26942,80826145
PAYLOAD_SAME_WORDS=6FBCC799,C7817FBC,9782854A,6073E501,45013044,644260E2,690264A2,80826105,10EF4521,131749E0,03130004,3023E4A3,882A20A3,F597C93D,85930003,799CEFA5
PAYLOAD_PLUS2000_WORDS=009967B3,57FDC78D,02F48C63,66854781,0733C881,007300F9,97B61337,FE97EBE3,740270A2,694264E2,614569A2,00738082,70A21200,64E27402,69A26942,80826145
WORD_0=target=009967B3 same=6FBCC799 plus2000=009967B3 same_match=NO plus2000_match=YES
WORD_1=target=57FDC78D same=C7817FBC plus2000=57FDC78D same_match=NO plus2000_match=YES
WORD_2=target=02F48C63 same=9782854A plus2000=02F48C63 same_match=NO plus2000_match=YES
WORD_3=target=66854781 same=6073E501 plus2000=66854781 same_match=NO plus2000_match=YES
WORD_4=target=0733C881 same=45013044 plus2000=0733C881 same_match=NO plus2000_match=YES
WORD_5=target=007300F9 same=644260E2 plus2000=007300F9 same_match=NO plus2000_match=YES
WORD_6=target=97B61337 same=690264A2 plus2000=97B61337 same_match=NO plus2000_match=YES
WORD_7=target=FE97EBE3 same=80826105 plus2000=FE97EBE3 same_match=NO plus2000_match=YES
WORD_8=target=740270A2 same=10EF4521 plus2000=740270A2 same_match=NO plus2000_match=YES
WORD_9=target=694264E2 same=131749E0 plus2000=694264E2 same_match=NO plus2000_match=YES
WORD_10=target=614569A2 same=03130004 plus2000=614569A2 same_match=NO plus2000_match=YES
WORD_11=target=00738082 same=3023E4A3 plus2000=00738082 same_match=NO plus2000_match=YES
WORD_12=target=70A21200 same=882A20A3 plus2000=70A21200 same_match=NO plus2000_match=YES
WORD_13=target=64E27402 same=F597C93D plus2000=64E27402 same_match=NO plus2000_match=YES
WORD_14=target=69A26942 same=85930003 plus2000=69A26942 same_match=NO plus2000_match=YES
WORD_15=target=80826145 same=799CEFA5 plus2000=80826145 same_match=NO plus2000_match=YES
MATCH_SAME_OFFSET=0/16
MATCH_PLUS_2000=16/16
FULL_MATCH_SAME_OFFSET=NO
FULL_MATCH_PLUS_2000=YES
WINDOW_SUMMARY=base=0x11C0 match_self=no match_plus_0x2000=yes matched_words_self=0/16 matched_words_plus_0x2000=16/16
WINDOW_MISMATCH_ADDRS_SELF=0x11C0,0x11C4,0x11C8,0x11CC,0x11D0,0x11D4,0x11D8,0x11DC,0x11E0,0x11E4,0x11E8,0x11EC,0x11F0,0x11F4,0x11F8,0x11FC
WINDOW_MISMATCH_ADDRS_PLUS_0X2000=none
WINDOW_BASE=0x1200
OFFSET_HYPOTHESIS=+0x2000
TARGET_WORDS=13300073,740270A2,694264E2,614569A2,11418082,E406E022,45250800,8A0FF0EF,0000100F,640260A2,80820141,F8227139,F04AFC06,E852EC4E,87AA0080,0187B983
PAYLOAD_SAME_WORDS=869ACBA5,4701879A,04000893,2705A021,05170563,07A16390,1793FA7D,75B00037,F517979A,05130003,E38CE165,C229C118,06134781,A0210400,80632785,629802C7
PAYLOAD_PLUS2000_WORDS=13300073,740270A2,694264E2,614569A2,11418082,E406E022,45250800,8A0FF0EF,0000100F,640260A2,80820141,F8227139,F04AFC06,E852EC4E,87AA0080,0187B983
WORD_0=target=13300073 same=869ACBA5 plus2000=13300073 same_match=NO plus2000_match=YES
WORD_1=target=740270A2 same=4701879A plus2000=740270A2 same_match=NO plus2000_match=YES
WORD_2=target=694264E2 same=04000893 plus2000=694264E2 same_match=NO plus2000_match=YES
WORD_3=target=614569A2 same=2705A021 plus2000=614569A2 same_match=NO plus2000_match=YES
WORD_4=target=11418082 same=05170563 plus2000=11418082 same_match=NO plus2000_match=YES
WORD_5=target=E406E022 same=07A16390 plus2000=E406E022 same_match=NO plus2000_match=YES
WORD_6=target=45250800 same=1793FA7D plus2000=45250800 same_match=NO plus2000_match=YES
WORD_7=target=8A0FF0EF same=75B00037 plus2000=8A0FF0EF same_match=NO plus2000_match=YES
WORD_8=target=0000100F same=F517979A plus2000=0000100F same_match=NO plus2000_match=YES
WORD_9=target=640260A2 same=05130003 plus2000=640260A2 same_match=NO plus2000_match=YES
WORD_10=target=80820141 same=E38CE165 plus2000=80820141 same_match=NO plus2000_match=YES
WORD_11=target=F8227139 same=C229C118 plus2000=F8227139 same_match=NO plus2000_match=YES
WORD_12=target=F04AFC06 same=06134781 plus2000=F04AFC06 same_match=NO plus2000_match=YES
WORD_13=target=E852EC4E same=A0210400 plus2000=E852EC4E same_match=NO plus2000_match=YES
WORD_14=target=87AA0080 same=80632785 plus2000=87AA0080 same_match=NO plus2000_match=YES
WORD_15=target=0187B983 same=629802C7 plus2000=0187B983 same_match=NO plus2000_match=YES
MATCH_SAME_OFFSET=0/16
MATCH_PLUS_2000=16/16
FULL_MATCH_SAME_OFFSET=NO
FULL_MATCH_PLUS_2000=YES
WINDOW_SUMMARY=base=0x1200 match_self=no match_plus_0x2000=yes matched_words_self=0/16 matched_words_plus_0x2000=16/16
WINDOW_MISMATCH_ADDRS_SELF=0x1200,0x1204,0x1208,0x120C,0x1210,0x1214,0x1218,0x121C,0x1220,0x1224,0x1228,0x122C,0x1230,0x1234,0x1238,0x123C
WINDOW_MISMATCH_ADDRS_PLUS_0X2000=none
WINDOW_BASE=0x1240
OFFSET_HYPOTHESIS=+0x2000
TARGET_WORDS=BA03454D,B9030007,F0EF0087,F7B7872F,178203FF,F9B319B2,99F300F9,67B36809,CF85012A,0A6357FD,F42602F9,4481E456,09636A85,05330009,94D6009A,0A5070EF
PAYLOAD_SAME_WORDS=FB7D06A1,00379713,F717933A,07130003,3023EDE7,C15C00E3,60E2B785,64A26442,05136902,6105C130,05138082,B79DC120,B78D5575,E8221101,EC06E426,84AA1000
PAYLOAD_PLUS2000_WORDS=BA03454D,B9030007,F0EF0087,F7B7872F,178203FF,F9B319B2,99F300F9,67B36809,CF85012A,0A6357FD,F42602F9,4481E456,09636A85,05330009,94D6009A,0A5070EF
WORD_0=target=BA03454D same=FB7D06A1 plus2000=BA03454D same_match=NO plus2000_match=YES
WORD_1=target=B9030007 same=00379713 plus2000=B9030007 same_match=NO plus2000_match=YES
WORD_2=target=F0EF0087 same=F717933A plus2000=F0EF0087 same_match=NO plus2000_match=YES
WORD_3=target=F7B7872F same=07130003 plus2000=F7B7872F same_match=NO plus2000_match=YES
WORD_4=target=178203FF same=3023EDE7 plus2000=178203FF same_match=NO plus2000_match=YES
WORD_5=target=F9B319B2 same=C15C00E3 plus2000=F9B319B2 same_match=NO plus2000_match=YES
WORD_6=target=99F300F9 same=60E2B785 plus2000=99F300F9 same_match=NO plus2000_match=YES
WORD_7=target=67B36809 same=64A26442 plus2000=67B36809 same_match=NO plus2000_match=YES
WORD_8=target=CF85012A same=05136902 plus2000=CF85012A same_match=NO plus2000_match=YES
WORD_9=target=0A6357FD same=6105C130 plus2000=0A6357FD same_match=NO plus2000_match=YES
WORD_10=target=F42602F9 same=05138082 plus2000=F42602F9 same_match=NO plus2000_match=YES
WORD_11=target=4481E456 same=B79DC120 plus2000=4481E456 same_match=NO plus2000_match=YES
WORD_12=target=09636A85 same=B78D5575 plus2000=09636A85 same_match=NO plus2000_match=YES
WORD_13=target=05330009 same=E8221101 plus2000=05330009 same_match=NO plus2000_match=YES
WORD_14=target=94D6009A same=EC06E426 plus2000=94D6009A same_match=NO plus2000_match=YES
WORD_15=target=0A5070EF same=84AA1000 plus2000=0A5070EF same_match=NO plus2000_match=YES
MATCH_SAME_OFFSET=0/16
MATCH_PLUS_2000=16/16
FULL_MATCH_SAME_OFFSET=NO
FULL_MATCH_PLUS_2000=YES
WINDOW_SUMMARY=base=0x1240 match_self=no match_plus_0x2000=yes matched_words_self=0/16 matched_words_plus_0x2000=16/16
WINDOW_MISMATCH_ADDRS_SELF=0x1240,0x1244,0x1248,0x124C,0x1250,0x1254,0x1258,0x125C,0x1260,0x1264,0x1268,0x126C,0x1270,0x1274,0x1278,0x127C
WINDOW_MISMATCH_ADDRS_PLUS_0X2000=none
WINDOW_BASE=0x1280
OFFSET_HYPOTHESIS=+0x2000
TARGET_WORDS=FF24EBE3,6AA274A2,68099073,744270E2,69E27902,61216A42,70EF8082,907308F0,70E26809,79027442,6A4269E2,80826121,F0227179,E84AF406,1800E44E,B98387AA
PAYLOAD_SAME_WORDS=30447073,E27FF0EF,C7897C9C,63DC6FBC,9782C391,644260E2,610564A2,11418082,0800E422,05136422,0141C180,11418082,0800E422,F797C509,B5230003,6422EAA7
PAYLOAD_PLUS2000_WORDS=FF24EBE3,6AA274A2,68099073,744270E2,69E27902,61216A42,70EF8082,907308F0,70E26809,79027442,6A4269E2,80826121,F0227179,E84AF406,1800E44E,B98387AA
WORD_0=target=FF24EBE3 same=30447073 plus2000=FF24EBE3 same_match=NO plus2000_match=YES
WORD_1=target=6AA274A2 same=E27FF0EF plus2000=6AA274A2 same_match=NO plus2000_match=YES
WORD_2=target=68099073 same=C7897C9C plus2000=68099073 same_match=NO plus2000_match=YES
WORD_3=target=744270E2 same=63DC6FBC plus2000=744270E2 same_match=NO plus2000_match=YES
WORD_4=target=69E27902 same=9782C391 plus2000=69E27902 same_match=NO plus2000_match=YES
WORD_5=target=61216A42 same=644260E2 plus2000=61216A42 same_match=NO plus2000_match=YES
WORD_6=target=70EF8082 same=610564A2 plus2000=70EF8082 same_match=NO plus2000_match=YES
WORD_7=target=907308F0 same=11418082 plus2000=907308F0 same_match=NO plus2000_match=YES
WORD_8=target=70E26809 same=0800E422 plus2000=70E26809 same_match=NO plus2000_match=YES
WORD_9=target=79027442 same=05136422 plus2000=79027442 same_match=NO plus2000_match=YES
WORD_10=target=6A4269E2 same=0141C180 plus2000=6A4269E2 same_match=NO plus2000_match=YES
WORD_11=target=80826121 same=11418082 plus2000=80826121 same_match=NO plus2000_match=YES
WORD_12=target=F0227179 same=0800E422 plus2000=F0227179 same_match=NO plus2000_match=YES
WORD_13=target=E84AF406 same=F797C509 plus2000=E84AF406 same_match=NO plus2000_match=YES
WORD_14=target=1800E44E same=B5230003 plus2000=1800E44E same_match=NO plus2000_match=YES
WORD_15=target=B98387AA same=6422EAA7 plus2000=B98387AA same_match=NO plus2000_match=YES
MATCH_SAME_OFFSET=0/16
MATCH_PLUS_2000=16/16
FULL_MATCH_SAME_OFFSET=NO
FULL_MATCH_PLUS_2000=YES
WINDOW_SUMMARY=base=0x1280 match_self=no match_plus_0x2000=yes matched_words_self=0/16 matched_words_plus_0x2000=16/16
WINDOW_MISMATCH_ADDRS_SELF=0x1280,0x1284,0x1288,0x128C,0x1290,0x1294,0x1298,0x129C,0x12A0,0x12A4,0x12A8,0x12AC,0x12B0,0x12B4,0x12B8,0x12BC
WINDOW_MISMATCH_ADDRS_PLUS_0X2000=none
WINDOW_BASE=0x12C0
OFFSET_HYPOTHESIS=+0x2000
TARGET_WORDS=B9030007,453D0087,FF5FE0EF,0129E7B3,57FDCB95,02F90863,E052EC26,6A054481,00090A63,00998533,94D28109,015070EF,FF24EAE3,740270A2,6A0264E2,69A26942
PAYLOAD_SAME_WORDS=80820141,E0221141,0800E406,0003F797,E947B783,60A29782,01416402,7D1C8082,6FBCCF99,CF8177BC,E0221141,0800E406,9782852E,60A2C515,01416402,F7178082
PAYLOAD_PLUS2000_WORDS=B9030007,453D0087,FF5FE0EF,0129E7B3,57FDCB95,02F90863,E052EC26,6A054481,00090A63,00998533,94D28109,015070EF,FF24EAE3,740270A2,6A0264E2,69A26942
WORD_0=target=B9030007 same=80820141 plus2000=B9030007 same_match=NO plus2000_match=YES
WORD_1=target=453D0087 same=E0221141 plus2000=453D0087 same_match=NO plus2000_match=YES
WORD_2=target=FF5FE0EF same=0800E406 plus2000=FF5FE0EF same_match=NO plus2000_match=YES
WORD_3=target=0129E7B3 same=0003F797 plus2000=0129E7B3 same_match=NO plus2000_match=YES
WORD_4=target=57FDCB95 same=E947B783 plus2000=57FDCB95 same_match=NO plus2000_match=YES
WORD_5=target=02F90863 same=60A29782 plus2000=02F90863 same_match=NO plus2000_match=YES
WORD_6=target=E052EC26 same=01416402 plus2000=E052EC26 same_match=NO plus2000_match=YES
WORD_7=target=6A054481 same=7D1C8082 plus2000=6A054481 same_match=NO plus2000_match=YES
WORD_8=target=00090A63 same=6FBCCF99 plus2000=00090A63 same_match=NO plus2000_match=YES
WORD_9=target=00998533 same=CF8177BC plus2000=00998533 same_match=NO plus2000_match=YES
WORD_10=target=94D28109 same=E0221141 plus2000=94D28109 same_match=NO plus2000_match=YES
WORD_11=target=015070EF same=0800E406 plus2000=015070EF same_match=NO plus2000_match=YES
WORD_12=target=FF24EAE3 same=9782852E plus2000=FF24EAE3 same_match=NO plus2000_match=YES
WORD_13=target=740270A2 same=60A2C515 plus2000=740270A2 same_match=NO plus2000_match=YES
WORD_14=target=6A0264E2 same=01416402 plus2000=6A0264E2 same_match=NO plus2000_match=YES
WORD_15=target=69A26942 same=F7178082 plus2000=69A26942 same_match=NO plus2000_match=YES
MATCH_SAME_OFFSET=0/16
MATCH_PLUS_2000=16/16
FULL_MATCH_SAME_OFFSET=NO
FULL_MATCH_PLUS_2000=YES
WINDOW_SUMMARY=base=0x12C0 match_self=no match_plus_0x2000=yes matched_words_self=0/16 matched_words_plus_0x2000=16/16
WINDOW_MISMATCH_ADDRS_SELF=0x12C0,0x12C4,0x12C8,0x12CC,0x12D0,0x12D4,0x12D8,0x12DC,0x12E0,0x12E4,0x12E8,0x12EC,0x12F0,0x12F4,0x12F8,0x12FC
WINDOW_MISMATCH_ADDRS_PLUS_0X2000=none
WINDOW_BASE=0x1300
OFFSET_HYPOTHESIS=+0x2000
TARGET_WORDS=80826145,005070EF,740270A2,69A26942,80826145,F8227139,F04AFC06,E852EC4E,0080E456,B98387AA,45550187,0007BA03,0087B903,0107BA83,F85FE0EF,03FFF7B7
PAYLOAD_SAME_WORDS=37030003,0797E627,87930000,0763F987,678500F7,80078793,3047A073,80824501,0003F717,E4073703,00000797,F7678793,00F70763,87936785,A0738007,60A23047
PAYLOAD_PLUS2000_WORDS=80826145,005070EF,740270A2,69A26942,80826145,F8227139,F04AFC06,E852EC4E,0080E456,B98387AA,45550187,0007BA03,0087B903,0107BA83,F85FE0EF,03FFF7B7
WORD_0=target=80826145 same=37030003 plus2000=80826145 same_match=NO plus2000_match=YES
WORD_1=target=005070EF same=0797E627 plus2000=005070EF same_match=NO plus2000_match=YES
WORD_2=target=740270A2 same=87930000 plus2000=740270A2 same_match=NO plus2000_match=YES
WORD_3=target=69A26942 same=0763F987 plus2000=69A26942 same_match=NO plus2000_match=YES
WORD_4=target=80826145 same=678500F7 plus2000=80826145 same_match=NO plus2000_match=YES
WORD_5=target=F8227139 same=80078793 plus2000=F8227139 same_match=NO plus2000_match=YES
WORD_6=target=F04AFC06 same=3047A073 plus2000=F04AFC06 same_match=NO plus2000_match=YES
WORD_7=target=E852EC4E same=80824501 plus2000=E852EC4E same_match=NO plus2000_match=YES
WORD_8=target=0080E456 same=0003F717 plus2000=0080E456 same_match=NO plus2000_match=YES
WORD_9=target=B98387AA same=E4073703 plus2000=B98387AA same_match=NO plus2000_match=YES
WORD_10=target=45550187 same=00000797 plus2000=45550187 same_match=NO plus2000_match=YES
WORD_11=target=0007BA03 same=F7678793 plus2000=0007BA03 same_match=NO plus2000_match=YES
WORD_12=target=0087B903 same=00F70763 plus2000=0087B903 same_match=NO plus2000_match=YES
WORD_13=target=0107BA83 same=87936785 plus2000=0107BA83 same_match=NO plus2000_match=YES
WORD_14=target=F85FE0EF same=A0738007 plus2000=F85FE0EF same_match=NO plus2000_match=YES
WORD_15=target=03FFF7B7 same=60A23047 plus2000=03FFF7B7 same_match=NO plus2000_match=YES
MATCH_SAME_OFFSET=0/16
MATCH_PLUS_2000=16/16
FULL_MATCH_SAME_OFFSET=NO
FULL_MATCH_PLUS_2000=YES
WINDOW_SUMMARY=base=0x1300 match_self=no match_plus_0x2000=yes matched_words_self=0/16 matched_words_plus_0x2000=16/16
WINDOW_MISMATCH_ADDRS_SELF=0x1300,0x1304,0x1308,0x130C,0x1310,0x1314,0x1318,0x131C,0x1320,0x1324,0x1328,0x132C,0x1330,0x1334,0x1338,0x133C
WINDOW_MISMATCH_ADDRS_PLUS_0X2000=none
WINDOW_BASE=0x1340
OFFSET_HYPOTHESIS=+0x2000
TARGET_WORDS=19B21782,00F9F9B3,680999F3,012A67B3,57FDCF95,02F90F63,E05AF426,6B054481,00090A63,009A0533,94DA85D6,7A4070EF,FF24EAE3,6B0274A2,68099073,744270E2
PAYLOAD_SAME_WORDS=45016402,80820141,0003F697,E186B683,00000797,F4E78793,87637D18,678500F6,80078793,3047B073,6F3CCF09,CB917BBC,E0221141,0800E406,60A29782,01416402
PAYLOAD_PLUS2000_WORDS=19B21782,00F9F9B3,680999F3,012A67B3,57FDCF95,02F90F63,E05AF426,6B054481,00090A63,009A0533,94DA85D6,7A4070EF,FF24EAE3,6B0274A2,68099073,744270E2
WORD_0=target=19B21782 same=45016402 plus2000=19B21782 same_match=NO plus2000_match=YES
WORD_1=target=00F9F9B3 same=80820141 plus2000=00F9F9B3 same_match=NO plus2000_match=YES
WORD_2=target=680999F3 same=0003F697 plus2000=680999F3 same_match=NO plus2000_match=YES
WORD_3=target=012A67B3 same=E186B683 plus2000=012A67B3 same_match=NO plus2000_match=YES
WORD_4=target=57FDCF95 same=00000797 plus2000=57FDCF95 same_match=NO plus2000_match=YES
WORD_5=target=02F90F63 same=F4E78793 plus2000=02F90F63 same_match=NO plus2000_match=YES
WORD_6=target=E05AF426 same=87637D18 plus2000=E05AF426 same_match=NO plus2000_match=YES
WORD_7=target=6B054481 same=678500F6 plus2000=6B054481 same_match=NO plus2000_match=YES
WORD_8=target=00090A63 same=80078793 plus2000=00090A63 same_match=NO plus2000_match=YES
WORD_9=target=009A0533 same=3047B073 plus2000=009A0533 same_match=NO plus2000_match=YES
WORD_10=target=94DA85D6 same=6F3CCF09 plus2000=94DA85D6 same_match=NO plus2000_match=YES
WORD_11=target=7A4070EF same=CB917BBC plus2000=7A4070EF same_match=NO plus2000_match=YES
WORD_12=target=FF24EAE3 same=E0221141 plus2000=FF24EAE3 same_match=NO plus2000_match=YES
WORD_13=target=6B0274A2 same=0800E406 plus2000=6B0274A2 same_match=NO plus2000_match=YES
WORD_14=target=68099073 same=60A29782 plus2000=68099073 same_match=NO plus2000_match=YES
WORD_15=target=744270E2 same=01416402 plus2000=744270E2 same_match=NO plus2000_match=YES
MATCH_SAME_OFFSET=0/16
MATCH_PLUS_2000=16/16
FULL_MATCH_SAME_OFFSET=NO
FULL_MATCH_PLUS_2000=YES
WINDOW_SUMMARY=base=0x1340 match_self=no match_plus_0x2000=yes matched_words_self=0/16 matched_words_plus_0x2000=16/16
WINDOW_MISMATCH_ADDRS_SELF=0x1340,0x1344,0x1348,0x134C,0x1350,0x1354,0x1358,0x135C,0x1360,0x1364,0x1368,0x136C,0x1370,0x1374,0x1378,0x137C
WINDOW_MISMATCH_ADDRS_PLUS_0X2000=none
WINDOW_BASE=0x1380
OFFSET_HYPOTHESIS=+0x2000
TARGET_WORDS=69E27902,6AA26A42,80826121,79C070EF,8556B7E5,784070EF,7139B7C5,FC06F822,EC4EF04A,0080E852,B98387AA,B9030007,45450087,0187BA03,F05FE0EF,0129E7B3
PAYLOAD_SAME_WORDS=80828082,7179C951,EC26F022,1800F406,C58984AE,89B2E44E,69A2E619,740270A2,614564E2,E84A8082,892A4581,10EF8526,37835280,C3B10489,C3A18B89,00018697
PAYLOAD_PLUS2000_WORDS=69E27902,6AA26A42,80826121,79C070EF,8556B7E5,784070EF,7139B7C5,FC06F822,EC4EF04A,0080E852,B98387AA,B9030007,45450087,0187BA03,F05FE0EF,0129E7B3
WORD_0=target=69E27902 same=80828082 plus2000=69E27902 same_match=NO plus2000_match=YES
WORD_1=target=6AA26A42 same=7179C951 plus2000=6AA26A42 same_match=NO plus2000_match=YES
WORD_2=target=80826121 same=EC26F022 plus2000=80826121 same_match=NO plus2000_match=YES
WORD_3=target=79C070EF same=1800F406 plus2000=79C070EF same_match=NO plus2000_match=YES
WORD_4=target=8556B7E5 same=C58984AE plus2000=8556B7E5 same_match=NO plus2000_match=YES
WORD_5=target=784070EF same=89B2E44E plus2000=784070EF same_match=NO plus2000_match=YES
WORD_6=target=7139B7C5 same=69A2E619 plus2000=7139B7C5 same_match=NO plus2000_match=YES
WORD_7=target=FC06F822 same=740270A2 plus2000=FC06F822 same_match=NO plus2000_match=YES
WORD_8=target=EC4EF04A same=614564E2 plus2000=EC4EF04A same_match=NO plus2000_match=YES
WORD_9=target=0080E852 same=E84A8082 plus2000=0080E852 same_match=NO plus2000_match=YES
WORD_10=target=B98387AA same=892A4581 plus2000=B98387AA same_match=NO plus2000_match=YES
WORD_11=target=B9030007 same=10EF8526 plus2000=B9030007 same_match=NO plus2000_match=YES
WORD_12=target=45450087 same=37835280 plus2000=45450087 same_match=NO plus2000_match=YES
WORD_13=target=0187BA03 same=C3B10489 plus2000=0187BA03 same_match=NO plus2000_match=YES
WORD_14=target=F05FE0EF same=C3A18B89 plus2000=F05FE0EF same_match=NO plus2000_match=YES
WORD_15=target=0129E7B3 same=00018697 plus2000=0129E7B3 same_match=NO plus2000_match=YES
MATCH_SAME_OFFSET=0/16
MATCH_PLUS_2000=16/16
FULL_MATCH_SAME_OFFSET=NO
FULL_MATCH_PLUS_2000=YES
WINDOW_SUMMARY=base=0x1380 match_self=no match_plus_0x2000=yes matched_words_self=0/16 matched_words_plus_0x2000=16/16
WINDOW_MISMATCH_ADDRS_SELF=0x1380,0x1384,0x1388,0x138C,0x1390,0x1394,0x1398,0x139C,0x13A0,0x13A4,0x13A8,0x13AC,0x13B0,0x13B4,0x13B8,0x13BC
WINDOW_MISMATCH_ADDRS_PLUS_0X2000=none
WINDOW_BASE=0x13C0
OFFSET_HYPOTHESIS=+0x2000
TARGET_WORDS=57FDCF85,04F90363,E456F426,6A854481,00090B63,00998533,810985D2,70EF94D6,E9E37120,74A2FF24,70E26AA2,79027442,6A4269E2,80826121,710070EF,744270E2
PAYLOAD_SAME_WORDS=24468693,00018617,24460613,852685CE,3AD050EF,02054363,0009879B,01355463,0005079B,94BECB99,FE048FA3,740270A2,69A26942,614564E2,864E8082,85978526
PAYLOAD_PLUS2000_WORDS=57FDCF85,04F90363,E456F426,6A854481,00090B63,00998533,810985D2,70EF94D6,E9E37120,74A2FF24,70E26AA2,79027442,6A4269E2,80826121,710070EF,744270E2
WORD_0=target=57FDCF85 same=24468693 plus2000=57FDCF85 same_match=NO plus2000_match=YES
WORD_1=target=04F90363 same=00018617 plus2000=04F90363 same_match=NO plus2000_match=YES
WORD_2=target=E456F426 same=24460613 plus2000=E456F426 same_match=NO plus2000_match=YES
WORD_3=target=6A854481 same=852685CE plus2000=6A854481 same_match=NO plus2000_match=YES
WORD_4=target=00090B63 same=3AD050EF plus2000=00090B63 same_match=NO plus2000_match=YES
WORD_5=target=00998533 same=02054363 plus2000=00998533 same_match=NO plus2000_match=YES
WORD_6=target=810985D2 same=0009879B plus2000=810985D2 same_match=NO plus2000_match=YES
WORD_7=target=70EF94D6 same=01355463 plus2000=70EF94D6 same_match=NO plus2000_match=YES
WORD_8=target=E9E37120 same=0005079B plus2000=E9E37120 same_match=NO plus2000_match=YES
WORD_9=target=74A2FF24 same=94BECB99 plus2000=74A2FF24 same_match=NO plus2000_match=YES
WORD_10=target=70E26AA2 same=FE048FA3 plus2000=70E26AA2 same_match=NO plus2000_match=YES
WORD_11=target=79027442 same=740270A2 plus2000=79027442 same_match=NO plus2000_match=YES
WORD_12=target=6A4269E2 same=69A26942 plus2000=6A4269E2 same_match=NO plus2000_match=YES
WORD_13=target=80826121 same=614564E2 plus2000=80826121 same_match=NO plus2000_match=YES
WORD_14=target=710070EF same=864E8082 plus2000=710070EF same_match=NO plus2000_match=YES
WORD_15=target=744270E2 same=85978526 plus2000=744270E2 same_match=NO plus2000_match=YES
MATCH_SAME_OFFSET=0/16
MATCH_PLUS_2000=16/16
FULL_MATCH_SAME_OFFSET=NO
FULL_MATCH_PLUS_2000=YES
WINDOW_SUMMARY=base=0x13C0 match_self=no match_plus_0x2000=yes matched_words_self=0/16 matched_words_plus_0x2000=16/16
WINDOW_MISMATCH_ADDRS_SELF=0x13C0,0x13C4,0x13C8,0x13CC,0x13D0,0x13D4,0x13D8,0x13DC,0x13E0,0x13E4,0x13E8,0x13EC,0x13F0,0x13F4,0x13F8,0x13FC
WINDOW_MISMATCH_ADDRS_PLUS_0X2000=none
WINDOW_BASE=0x1400
OFFSET_HYPOTHESIS=+0x2000
TARGET_WORDS=69E27902,61216A42,85528082,6EC070EF,7139BFE9,F822FC06,EC4EF04A,711C0080,899389AA,97820289,08000593,20EF854E,091B4CB0,07930005,E06307F0,E8520727
PAYLOAD_SAME_WORDS=85930001,10EF2125,70A242A0,69427402,64E269A2,80826145,11418082,0800E422,753CC11D,852E872A,4B34CF81,4501CE89,2505A021,00D50963,07914398,FEB71BE3
PAYLOAD_PLUS2000_WORDS=69E27902,61216A42,85528082,6EC070EF,7139BFE9,F822FC06,EC4EF04A,711C0080,899389AA,97820289,08000593,20EF854E,091B4CB0,07930005,E06307F0,E8520727
WORD_0=target=69E27902 same=85930001 plus2000=69E27902 same_match=NO plus2000_match=YES
WORD_1=target=61216A42 same=10EF2125 plus2000=61216A42 same_match=NO plus2000_match=YES
WORD_2=target=85528082 same=70A242A0 plus2000=85528082 same_match=NO plus2000_match=YES
WORD_3=target=6EC070EF same=69427402 plus2000=6EC070EF same_match=NO plus2000_match=YES
WORD_4=target=7139BFE9 same=64E269A2 plus2000=7139BFE9 same_match=NO plus2000_match=YES
WORD_5=target=F822FC06 same=80826145 plus2000=F822FC06 same_match=NO plus2000_match=YES
WORD_6=target=EC4EF04A same=11418082 plus2000=EC4EF04A same_match=NO plus2000_match=YES
WORD_7=target=711C0080 same=0800E422 plus2000=711C0080 same_match=NO plus2000_match=YES
WORD_8=target=899389AA same=753CC11D plus2000=899389AA same_match=NO plus2000_match=YES
WORD_9=target=97820289 same=852E872A plus2000=97820289 same_match=NO plus2000_match=YES
WORD_10=target=08000593 same=4B34CF81 plus2000=08000593 same_match=NO plus2000_match=YES
WORD_11=target=20EF854E same=4501CE89 plus2000=20EF854E same_match=NO plus2000_match=YES
WORD_12=target=091B4CB0 same=2505A021 plus2000=091B4CB0 same_match=NO plus2000_match=YES
WORD_13=target=07930005 same=00D50963 plus2000=07930005 same_match=NO plus2000_match=YES
WORD_14=target=E06307F0 same=07914398 plus2000=E06307F0 same_match=NO plus2000_match=YES
WORD_15=target=E8520727 same=FEB71BE3 plus2000=E8520727 same_match=NO plus2000_match=YES
MATCH_SAME_OFFSET=0/16
MATCH_PLUS_2000=16/16
FULL_MATCH_SAME_OFFSET=NO
FULL_MATCH_PLUS_2000=YES
WINDOW_SUMMARY=base=0x1400 match_self=no match_plus_0x2000=yes matched_words_self=0/16 matched_words_plus_0x2000=16/16
WINDOW_MISMATCH_ADDRS_SELF=0x1400,0x1404,0x1408,0x140C,0x1410,0x1414,0x1418,0x141C,0x1420,0x1424,0x1428,0x142C,0x1430,0x1434,0x1438,0x143C
WINDOW_MISMATCH_ADDRS_PLUS_0X2000=none
WINDOW_BASE=0x1440
OFFSET_HYPOTHESIS=+0x2000
TARGET_WORDS=E05AE456,EA97F426,BA830003,BB17562A,0B130004,0A13632B,171307F0,57930209,97D601D7,C8896384,000B3783,458594BE,10EF8526,FD657530,0019061B,92011602
PAYLOAD_SAME_WORDS=01416422,64228082,0141557D,711D8082,EC86E8A2,EC5EF456,2BF31080,1A973400,8A930004,A783DE2A,7A63000A,E4A60EF5,4905E0CA,006384AA,855E0F25,F852FC4E
PAYLOAD_PLUS2000_WORDS=E05AE456,EA97F426,BA830003,BB17562A,0B130004,0A13632B,171307F0,57930209,97D601D7,C8896384,000B3783,458594BE,10EF8526,FD657530,0019061B,92011602
WORD_0=target=E05AE456 same=01416422 plus2000=E05AE456 same_match=NO plus2000_match=YES
WORD_1=target=EA97F426 same=64228082 plus2000=EA97F426 same_match=NO plus2000_match=YES
WORD_2=target=BA830003 same=0141557D plus2000=BA830003 same_match=NO plus2000_match=YES
WORD_3=target=BB17562A same=711D8082 plus2000=BB17562A same_match=NO plus2000_match=YES
WORD_4=target=0B130004 same=EC86E8A2 plus2000=0B130004 same_match=NO plus2000_match=YES
WORD_5=target=0A13632B same=EC5EF456 plus2000=0A13632B same_match=NO plus2000_match=YES
WORD_6=target=171307F0 same=2BF31080 plus2000=171307F0 same_match=NO plus2000_match=YES
WORD_7=target=57930209 same=1A973400 plus2000=57930209 same_match=NO plus2000_match=YES
WORD_8=target=97D601D7 same=8A930004 plus2000=97D601D7 same_match=NO plus2000_match=YES
WORD_9=target=C8896384 same=A783DE2A plus2000=C8896384 same_match=NO plus2000_match=YES
WORD_10=target=000B3783 same=7A63000A plus2000=000B3783 same_match=NO plus2000_match=YES
WORD_11=target=458594BE same=E4A60EF5 plus2000=458594BE same_match=NO plus2000_match=YES
WORD_12=target=10EF8526 same=4905E0CA plus2000=10EF8526 same_match=NO plus2000_match=YES
WORD_13=target=FD657530 same=006384AA plus2000=FD657530 same_match=NO plus2000_match=YES
WORD_14=target=0019061B same=855E0F25 plus2000=0019061B same_match=NO plus2000_match=YES
WORD_15=target=92011602 same=F852FC4E plus2000=92011602 same_match=NO plus2000_match=YES
MATCH_SAME_OFFSET=0/16
MATCH_PLUS_2000=16/16
FULL_MATCH_SAME_OFFSET=NO
FULL_MATCH_PLUS_2000=YES
WINDOW_SUMMARY=base=0x1440 match_self=no match_plus_0x2000=yes matched_words_self=0/16 matched_words_plus_0x2000=16/16
WINDOW_MISMATCH_ADDRS_SELF=0x1440,0x1444,0x1448,0x144C,0x1450,0x1454,0x1458,0x145C,0x1460,0x1464,0x1468,0x146C,0x1470,0x1474,0x1478,0x147C
WINDOW_MISMATCH_ADDRS_PLUS_0X2000=none
WINDOW_BASE=0x1480
OFFSET_HYPOTHESIS=+0x2000
TARGET_WORDS=08000593,20EF854E,091B63F0,76E30005,74A2FD2A,6AA26A42,70E26B02,79027442,612169E2,711D8082,E4A6E8A2,1080E0CA,B797EC86,B7830004,09335D67,049300F5
PAYLOAD_SAME_WORDS=8A2E89B2,222070EF,06A95463,2773F05A,D7933200,D79B43F4,9FA501A7,4067D79B,3423078E,0713FAE4,973EFA84,F693631C,8B1B03F4,D7B30004,8B8500D7,631CC7D1
PAYLOAD_PLUS2000_WORDS=08000593,20EF854E,091B63F0,76E30005,74A2FD2A,6AA26A42,70E26B02,79027442,612169E2,711D8082,E4A6E8A2,1080E0CA,B797EC86,B7830004,09335D67,049300F5
WORD_0=target=08000593 same=8A2E89B2 plus2000=08000593 same_match=NO plus2000_match=YES
WORD_1=target=20EF854E same=222070EF plus2000=20EF854E same_match=NO plus2000_match=YES
WORD_2=target=091B63F0 same=06A95463 plus2000=091B63F0 same_match=NO plus2000_match=YES
WORD_3=target=76E30005 same=2773F05A plus2000=76E30005 same_match=NO plus2000_match=YES
WORD_4=target=74A2FD2A same=D7933200 plus2000=74A2FD2A same_match=NO plus2000_match=YES
WORD_5=target=6AA26A42 same=D79B43F4 plus2000=6AA26A42 same_match=NO plus2000_match=YES
WORD_6=target=70E26B02 same=9FA501A7 plus2000=70E26B02 same_match=NO plus2000_match=YES
WORD_7=target=79027442 same=4067D79B plus2000=79027442 same_match=NO plus2000_match=YES
WORD_8=target=612169E2 same=3423078E plus2000=612169E2 same_match=NO plus2000_match=YES
WORD_9=target=711D8082 same=0713FAE4 plus2000=711D8082 same_match=NO plus2000_match=YES
WORD_10=target=E4A6E8A2 same=973EFA84 plus2000=E4A6E8A2 same_match=NO plus2000_match=YES
WORD_11=target=1080E0CA same=F693631C plus2000=1080E0CA same_match=NO plus2000_match=YES
WORD_12=target=B797EC86 same=8B1B03F4 plus2000=B797EC86 same_match=NO plus2000_match=YES
WORD_13=target=B7830004 same=D7B30004 plus2000=B7830004 same_match=NO plus2000_match=YES
WORD_14=target=09335D67 same=8B8500D7 plus2000=09335D67 same_match=NO plus2000_match=YES
WORD_15=target=049300F5 same=631CC7D1 plus2000=049300F5 same_match=NO plus2000_match=YES
MATCH_SAME_OFFSET=0/16
MATCH_PLUS_2000=16/16
FULL_MATCH_SAME_OFFSET=NO
FULL_MATCH_PLUS_2000=YES
WINDOW_SUMMARY=base=0x1480 match_self=no match_plus_0x2000=yes matched_words_self=0/16 matched_words_plus_0x2000=16/16
WINDOW_MISMATCH_ADDRS_SELF=0x1480,0x1484,0x1488,0x148C,0x1490,0x1494,0x1498,0x149C,0x14A0,0x14A4,0x14A8,0x14AC,0x14B0,0x14B4,0x14B8,0x14BC
WINDOW_MISMATCH_ADDRS_PLUS_0X2000=none
WINDOW_BASE=0x14C0
OFFSET_HYPOTHESIS=+0x2000
TARGET_WORDS=A019FA84,F4FFF0EF,854A85A6,72B040EF,852687AA,60E6DBE5,64A66446,61256906,71358082,FCCEE922,F0DAF8D2,ED06ECDE,E8E2F4D6,8BAA1100,8B328A2E,2AF389B6
PAYLOAD_SAME_WORDS=00D91933,FFF94913,0127F7B3,855E4581,70EFE31C,E91527C0,008AB783,67BCC789,8526C399,37839782,9073FA84,7B023207,04099463,690664A6,7A4279E2,60E64501
PAYLOAD_PLUS2000_WORDS=A019FA84,F4FFF0EF,854A85A6,72B040EF,852687AA,60E6DBE5,64A66446,61256906,71358082,FCCEE922,F0DAF8D2,ED06ECDE,E8E2F4D6,8BAA1100,8B328A2E,2AF389B6
WORD_0=target=A019FA84 same=00D91933 plus2000=A019FA84 same_match=NO plus2000_match=YES
WORD_1=target=F4FFF0EF same=FFF94913 plus2000=F4FFF0EF same_match=NO plus2000_match=YES
WORD_2=target=854A85A6 same=0127F7B3 plus2000=854A85A6 same_match=NO plus2000_match=YES
WORD_3=target=72B040EF same=855E4581 plus2000=72B040EF same_match=NO plus2000_match=YES
WORD_4=target=852687AA same=70EFE31C plus2000=852687AA same_match=NO plus2000_match=YES
WORD_5=target=60E6DBE5 same=E91527C0 plus2000=60E6DBE5 same_match=NO plus2000_match=YES
WORD_6=target=64A66446 same=008AB783 plus2000=64A66446 same_match=NO plus2000_match=YES
WORD_7=target=61256906 same=67BCC789 plus2000=61256906 same_match=NO plus2000_match=YES
WORD_8=target=71358082 same=8526C399 plus2000=71358082 same_match=NO plus2000_match=YES
WORD_9=target=FCCEE922 same=37839782 plus2000=FCCEE922 same_match=NO plus2000_match=YES
WORD_10=target=F0DAF8D2 same=9073FA84 plus2000=F0DAF8D2 same_match=NO plus2000_match=YES
WORD_11=target=ED06ECDE same=7B023207 plus2000=ED06ECDE same_match=NO plus2000_match=YES
WORD_12=target=E8E2F4D6 same=04099463 plus2000=E8E2F4D6 same_match=NO plus2000_match=YES
WORD_13=target=8BAA1100 same=690664A6 plus2000=8BAA1100 same_match=NO plus2000_match=YES
WORD_14=target=8B328A2E same=7A4279E2 plus2000=8B328A2E same_match=NO plus2000_match=YES
WORD_15=target=2AF389B6 same=60E64501 plus2000=2AF389B6 same_match=NO plus2000_match=YES
MATCH_SAME_OFFSET=0/16
MATCH_PLUS_2000=16/16
FULL_MATCH_SAME_OFFSET=NO
FULL_MATCH_PLUS_2000=YES
WINDOW_SUMMARY=base=0x14C0 match_self=no match_plus_0x2000=yes matched_words_self=0/16 matched_words_plus_0x2000=16/16
WINDOW_MISMATCH_ADDRS_SELF=0x14C0,0x14C4,0x14C8,0x14CC,0x14D0,0x14D4,0x14D8,0x14DC,0x14E0,0x14E4,0x14E8,0x14EC,0x14F0,0x14F4,0x14F8,0x14FC
WINDOW_MISMATCH_ADDRS_PLUS_0X2000=none
WINDOW_BASE=0x1500
OFFSET_HYPOTHESIS=+0x2000
TARGET_WORDS=BC17F140,0C130004,669857EC,010C3783,F6632A81,57FD00E7,0006B023,8A63E69C,3783096A,0617008C,06130000,85CE1106,85529A3E,591040EF,4789872A,10634505
PAYLOAD_SAME_WORDS=7AA26446,61256BE2,879B8082,4771FFD4,FCF764E3,320B0B1B,30EF855A,27F34820,97133440,49E30327,0506FA07,00155593,30EF855A,B74D0390,051B6505,85D2B005
PAYLOAD_PLUS2000_WORDS=BC17F140,0C130004,669857EC,010C3783,F6632A81,57FD00E7,0006B023,8A63E69C,3783096A,0617008C,06130000,85CE1106,85529A3E,591040EF,4789872A,10634505
WORD_0=target=BC17F140 same=7AA26446 plus2000=BC17F140 same_match=NO plus2000_match=YES
WORD_1=target=0C130004 same=61256BE2 plus2000=0C130004 same_match=NO plus2000_match=YES
WORD_2=target=669857EC same=879B8082 plus2000=669857EC same_match=NO plus2000_match=YES
WORD_3=target=010C3783 same=4771FFD4 plus2000=010C3783 same_match=NO plus2000_match=YES
WORD_4=target=F6632A81 same=FCF764E3 plus2000=F6632A81 same_match=NO plus2000_match=YES
WORD_5=target=57FD00E7 same=320B0B1B plus2000=57FD00E7 same_match=NO plus2000_match=YES
WORD_6=target=0006B023 same=30EF855A plus2000=0006B023 same_match=NO plus2000_match=YES
WORD_7=target=8A63E69C same=27F34820 plus2000=8A63E69C same_match=NO plus2000_match=YES
WORD_8=target=3783096A same=97133440 plus2000=3783096A same_match=NO plus2000_match=YES
WORD_9=target=0617008C same=49E30327 plus2000=0617008C same_match=NO plus2000_match=YES
WORD_10=target=06130000 same=0506FA07 plus2000=06130000 same_match=NO plus2000_match=YES
WORD_11=target=85CE1106 same=00155593 plus2000=85CE1106 same_match=NO plus2000_match=YES
WORD_12=target=85529A3E same=30EF855A plus2000=85529A3E same_match=NO plus2000_match=YES
WORD_13=target=591040EF same=B74D0390 plus2000=591040EF same_match=NO plus2000_match=YES
WORD_14=target=4789872A same=051B6505 plus2000=4789872A same_match=NO plus2000_match=YES
WORD_15=target=10634505 same=85D2B005 plus2000=10634505 same_match=NO plus2000_match=YES
MATCH_SAME_OFFSET=0/16
MATCH_PLUS_2000=16/16
FULL_MATCH_SAME_OFFSET=NO
FULL_MATCH_PLUS_2000=YES
WINDOW_SUMMARY=base=0x1500 match_self=no match_plus_0x2000=yes matched_words_self=0/16 matched_words_plus_0x2000=16/16
WINDOW_MISMATCH_ADDRS_SELF=0x1500,0x1504,0x1508,0x150C,0x1510,0x1514,0x1518,0x151C,0x1520,0x1524,0x1528,0x152C,0x1530,0x1534,0x1538,0x153C
WINDOW_MISMATCH_ADDRS_PLUS_0X2000=none
WINDOW_BASE=0x1540
OFFSET_HYPOTHESIS=+0x2000
TARGET_WORDS=E14A06F7,E526E4E6,F6840913,00016C97,124C8C93,3483A815,94DE008C,40EF8526,87AA6990,EF81854A,EABFF0EF,852685CA,687040EF,854A87AA,F0EFE399,865AE99F
PAYLOAD_SAME_WORDS=30EF9D25,B77D0290,690664A6,7A4279E2,55657B02,64A6B76D,55756906,5575B74D,715DBF79,FC26E0A2,F052F84A,E85AEC56,E486E45E,0880F44E,00041B97,CC8B8B93
PAYLOAD_PLUS2000_WORDS=E14A06F7,E526E4E6,F6840913,00016C97,124C8C93,3483A815,94DE008C,40EF8526,87AA6990,EF81854A,EABFF0EF,852685CA,687040EF,854A87AA,F0EFE399,865AE99F
WORD_0=target=E14A06F7 same=30EF9D25 plus2000=E14A06F7 same_match=NO plus2000_match=YES
WORD_1=target=E526E4E6 same=B77D0290 plus2000=E526E4E6 same_match=NO plus2000_match=YES
WORD_2=target=F6840913 same=690664A6 plus2000=F6840913 same_match=NO plus2000_match=YES
WORD_3=target=00016C97 same=7A4279E2 plus2000=00016C97 same_match=NO plus2000_match=YES
WORD_4=target=124C8C93 same=55657B02 plus2000=124C8C93 same_match=NO plus2000_match=YES
WORD_5=target=3483A815 same=64A6B76D plus2000=3483A815 same_match=NO plus2000_match=YES
WORD_6=target=94DE008C same=55756906 plus2000=94DE008C same_match=NO plus2000_match=YES
WORD_7=target=40EF8526 same=5575B74D plus2000=40EF8526 same_match=NO plus2000_match=YES
WORD_8=target=87AA6990 same=715DBF79 plus2000=87AA6990 same_match=NO plus2000_match=YES
WORD_9=target=EF81854A same=FC26E0A2 plus2000=EF81854A same_match=NO plus2000_match=YES
WORD_10=target=EABFF0EF same=F052F84A plus2000=EABFF0EF same_match=NO plus2000_match=YES
WORD_11=target=852685CA same=E85AEC56 plus2000=852685CA same_match=NO plus2000_match=YES
WORD_12=target=687040EF same=E486E45E plus2000=687040EF same_match=NO plus2000_match=YES
WORD_13=target=854A87AA same=0880F44E plus2000=854A87AA same_match=NO plus2000_match=YES
WORD_14=target=F0EFE399 same=00041B97 plus2000=F0EFE399 same_match=NO plus2000_match=YES
WORD_15=target=865AE99F same=CC8B8B93 plus2000=865AE99F same_match=NO plus2000_match=YES
MATCH_SAME_OFFSET=0/16
MATCH_PLUS_2000=16/16
FULL_MATCH_SAME_OFFSET=NO
FULL_MATCH_PLUS_2000=YES
WINDOW_SUMMARY=base=0x1540 match_self=no match_plus_0x2000=yes matched_words_self=0/16 matched_words_plus_0x2000=16/16
WINDOW_MISMATCH_ADDRS_SELF=0x1540,0x1544,0x1548,0x154C,0x1550,0x1554,0x1558,0x155C,0x1560,0x1564,0x1568,0x156C,0x1570,0x1574,0x1578,0x157C
WINDOW_MISMATCH_ADDRS_PLUS_0X2000=none
WINDOW_BASE=0x1580
OFFSET_HYPOTHESIS=+0x2000
TARGET_WORDS=856685D6,0F9030EF,855285CE,5E3040EF,42E385CA,64AAFC05,6CA6690A,60EA4501,79E6644A,7AA67A46,6BE67B06,610D6C46,B7838082,854E0209,557D9782,7119B7CD
PAYLOAD_SAME_WORDS=010BA983,892E84AA,8AB68A32,25738B3A,60EF3400,47897470,F5632501,77930097,EBF1007A,010BA683,0FE00793,0CD7E763,02099313,02035313,0004B717,0A070713
PAYLOAD_PLUS2000_WORDS=856685D6,0F9030EF,855285CE,5E3040EF,42E385CA,64AAFC05,6CA6690A,60EA4501,79E6644A,7AA67A46,6BE67B06,610D6C46,B7838082,854E0209,557D9782,7119B7CD
WORD_0=target=856685D6 same=010BA983 plus2000=856685D6 same_match=NO plus2000_match=YES
WORD_1=target=0F9030EF same=892E84AA plus2000=0F9030EF same_match=NO plus2000_match=YES
WORD_2=target=855285CE same=8AB68A32 plus2000=855285CE same_match=NO plus2000_match=YES
WORD_3=target=5E3040EF same=25738B3A plus2000=5E3040EF same_match=NO plus2000_match=YES
WORD_4=target=42E385CA same=60EF3400 plus2000=42E385CA same_match=NO plus2000_match=YES
WORD_5=target=64AAFC05 same=47897470 plus2000=64AAFC05 same_match=NO plus2000_match=YES
WORD_6=target=6CA6690A same=F5632501 plus2000=6CA6690A same_match=NO plus2000_match=YES
WORD_7=target=60EA4501 same=77930097 plus2000=60EA4501 same_match=NO plus2000_match=YES
WORD_8=target=79E6644A same=EBF1007A plus2000=79E6644A same_match=NO plus2000_match=YES
WORD_9=target=7AA67A46 same=010BA683 plus2000=7AA67A46 same_match=NO plus2000_match=YES
WORD_10=target=6BE67B06 same=0FE00793 plus2000=6BE67B06 same_match=NO plus2000_match=YES
WORD_11=target=610D6C46 same=0CD7E763 plus2000=610D6C46 same_match=NO plus2000_match=YES
WORD_12=target=B7838082 same=02099313 plus2000=B7838082 same_match=NO plus2000_match=YES
WORD_13=target=854E0209 same=02035313 plus2000=854E0209 same_match=NO plus2000_match=YES
WORD_14=target=557D9782 same=0004B717 plus2000=557D9782 same_match=NO plus2000_match=YES
WORD_15=target=7119B7CD same=0A070713 plus2000=7119B7CD same_match=NO plus2000_match=YES
MATCH_SAME_OFFSET=0/16
MATCH_PLUS_2000=16/16
FULL_MATCH_SAME_OFFSET=NO
FULL_MATCH_PLUS_2000=YES
WINDOW_SUMMARY=base=0x1580 match_self=no match_plus_0x2000=yes matched_words_self=0/16 matched_words_plus_0x2000=16/16
WINDOW_MISMATCH_ADDRS_SELF=0x1580,0x1584,0x1588,0x158C,0x1590,0x1594,0x1598,0x159C,0x15A0,0x15A4,0x15A8,0x15AC,0x15B0,0x15B4,0x15B8,0x15BC
WINDOW_MISMATCH_ADDRS_PLUS_0X2000=none
WINDOW_BASE=0x15C0
OFFSET_HYPOTHESIS=+0x2000
TARGET_WORDS=F0CAF8A2,E4D6E8D2,F4A6FC86,0100ECCE,0004BA97,4B0A8A93,000AB983,09138A2A,99AAF884,854E4581,5DD010EF,E91D85CA,008AB483,852694D2,5FF040EF,854A87AA
PAYLOAD_SAME_WORDS=00531793,C3C497BA,0127A423,9613C2C9,55930206,B79701B6,87930004,06370867,95BE0002,04C48663,0047A803,0007A883,00987463,05286963,0514E563,933A0316
PAYLOAD_PLUS2000_WORDS=F0CAF8A2,E4D6E8D2,F4A6FC86,0100ECCE,0004BA97,4B0A8A93,000AB983,09138A2A,99AAF884,854E4581,5DD010EF,E91D85CA,008AB483,852694D2,5FF040EF,854A87AA
WORD_0=target=F0CAF8A2 same=00531793 plus2000=F0CAF8A2 same_match=NO plus2000_match=YES
WORD_1=target=E4D6E8D2 same=C3C497BA plus2000=E4D6E8D2 same_match=NO plus2000_match=YES
WORD_2=target=F4A6FC86 same=0127A423 plus2000=F4A6FC86 same_match=NO plus2000_match=YES
WORD_3=target=0100ECCE same=9613C2C9 plus2000=0100ECCE same_match=NO plus2000_match=YES
WORD_4=target=0004BA97 same=55930206 plus2000=0004BA97 same_match=NO plus2000_match=YES
WORD_5=target=4B0A8A93 same=B79701B6 plus2000=4B0A8A93 same_match=NO plus2000_match=YES
WORD_6=target=000AB983 same=87930004 plus2000=000AB983 same_match=NO plus2000_match=YES
WORD_7=target=09138A2A same=06370867 plus2000=09138A2A same_match=NO plus2000_match=YES
WORD_8=target=99AAF884 same=95BE0002 plus2000=99AAF884 same_match=NO plus2000_match=YES
WORD_9=target=854E4581 same=04C48663 plus2000=854E4581 same_match=NO plus2000_match=YES
WORD_10=target=5DD010EF same=0047A803 plus2000=5DD010EF same_match=NO plus2000_match=YES
WORD_11=target=E91D85CA same=0007A883 plus2000=E91D85CA same_match=NO plus2000_match=YES
WORD_12=target=008AB483 same=00987463 plus2000=008AB483 same_match=NO plus2000_match=YES
WORD_13=target=852694D2 same=05286963 plus2000=852694D2 same_match=NO plus2000_match=YES
WORD_14=target=5FF040EF same=0514E563 plus2000=5FF040EF same_match=NO plus2000_match=YES
WORD_15=target=854A87AA same=933A0316 plus2000=854A87AA same_match=NO plus2000_match=YES
MATCH_SAME_OFFSET=0/16
MATCH_PLUS_2000=16/16
FULL_MATCH_SAME_OFFSET=NO
FULL_MATCH_PLUS_2000=YES
WINDOW_SUMMARY=base=0x15C0 match_self=no match_plus_0x2000=yes matched_words_self=0/16 matched_words_plus_0x2000=16/16
WINDOW_MISMATCH_ADDRS_SELF=0x15C0,0x15C4,0x15C8,0x15CC,0x15D0,0x15D4,0x15D8,0x15DC,0x15E0,0x15E4,0x15E8,0x15EC,0x15F0,0x15F4,0x15F8,0x15FC
WINDOW_MISMATCH_ADDRS_PLUS_0X2000=none
WINDOW_BASE=0x1600
OFFSET_HYPOTHESIS=+0x2000
TARGET_WORDS=F0EFF3F5,85CAE11F,40EF8526,87AA5ED0,FBE9854A,DFFFF0EF,854E4581,5A9010EF,D57985CA,744670E6,790674A6,6A4669E6,61096AA6,CD258082,1141C9BD,E406E022
PAYLOAD_SAME_WORDS=00032223,00032423,60A65575,74E26406,79A27942,6AE27A02,6BA26B42,80826161,0147B603,02078793,FCCB0AE3,02B78163,00C7B603,FECA86E3,02078793,FEB79AE3
PAYLOAD_PLUS2000_WORDS=F0EFF3F5,85CAE11F,40EF8526,87AA5ED0,FBE9854A,DFFFF0EF,854E4581,5A9010EF,D57985CA,744670E6,790674A6,6A4669E6,61096AA6,CD258082,1141C9BD,E406E022
WORD_0=target=F0EFF3F5 same=00032223 plus2000=F0EFF3F5 same_match=NO plus2000_match=YES
WORD_1=target=85CAE11F same=00032423 plus2000=85CAE11F same_match=NO plus2000_match=YES
WORD_2=target=40EF8526 same=60A65575 plus2000=40EF8526 same_match=NO plus2000_match=YES
WORD_3=target=87AA5ED0 same=74E26406 plus2000=87AA5ED0 same_match=NO plus2000_match=YES
WORD_4=target=FBE9854A same=79A27942 plus2000=FBE9854A same_match=NO plus2000_match=YES
WORD_5=target=DFFFF0EF same=6AE27A02 plus2000=DFFFF0EF same_match=NO plus2000_match=YES
WORD_6=target=854E4581 same=6BA26B42 plus2000=854E4581 same_match=NO plus2000_match=YES
WORD_7=target=5A9010EF same=80826161 plus2000=5A9010EF same_match=NO plus2000_match=YES
WORD_8=target=D57985CA same=0147B603 plus2000=D57985CA same_match=NO plus2000_match=YES
WORD_9=target=744670E6 same=02078793 plus2000=744670E6 same_match=NO plus2000_match=YES
WORD_10=target=790674A6 same=FCCB0AE3 plus2000=790674A6 same_match=NO plus2000_match=YES
WORD_11=target=6A4669E6 same=02B78163 plus2000=6A4669E6 same_match=NO plus2000_match=YES
WORD_12=target=61096AA6 same=00C7B603 plus2000=61096AA6 same_match=NO plus2000_match=YES
WORD_13=target=CD258082 same=FECA86E3 plus2000=CD258082 same_match=NO plus2000_match=YES
WORD_14=target=1141C9BD same=02078793 plus2000=1141C9BD same_match=NO plus2000_match=YES
WORD_15=target=E406E022 same=FEB79AE3 plus2000=E406E022 same_match=NO plus2000_match=YES
MATCH_SAME_OFFSET=0/16
MATCH_PLUS_2000=16/16
FULL_MATCH_SAME_OFFSET=NO
FULL_MATCH_PLUS_2000=YES
WINDOW_SUMMARY=base=0x1600 match_self=no match_plus_0x2000=yes matched_words_self=0/16 matched_words_plus_0x2000=16/16
WINDOW_MISMATCH_ADDRS_SELF=0x1600,0x1604,0x1608,0x160C,0x1610,0x1614,0x1618,0x161C,0x1620,0x1624,0x1628,0x162C,0x1630,0x1634,0x1638,0x163C
WINDOW_MISMATCH_ADDRS_PLUS_0X2000=none
WINDOW_BASE=0x1640
OFFSET_HYPOTHESIS=+0x2000
TARGET_WORDS=711C0800,00000717,B5C70713,8063862A,071702E7,07130000,4509AF87,00E79563,0E637198,60A200F7,01416402,71988082,1AE34509,6A18FEF7,16E3699C,6214FEF7
PAYLOAD_SAME_WORDS=7DE3A039,8793FB19,9FE30207,4675F8B7,57FD9E09,D7BB0316,971A00C7,00FA7A33,3C232685,20230167,38230147,A8230157,450100DB,5571BF59,0593BF49,85171000
PAYLOAD_PLUS2000_WORDS=711C0800,00000717,B5C70713,8063862A,071702E7,07130000,4509AF87,00E79563,0E637198,60A200F7,01416402,71988082,1AE34509,6A18FEF7,16E3699C,6214FEF7
WORD_0=target=711C0800 same=7DE3A039 plus2000=711C0800 same_match=NO plus2000_match=YES
WORD_1=target=00000717 same=8793FB19 plus2000=00000717 same_match=NO plus2000_match=YES
WORD_2=target=B5C70713 same=9FE30207 plus2000=B5C70713 same_match=NO plus2000_match=YES
WORD_3=target=8063862A same=4675F8B7 plus2000=8063862A same_match=NO plus2000_match=YES
WORD_4=target=071702E7 same=57FD9E09 plus2000=071702E7 same_match=NO plus2000_match=YES
WORD_5=target=07130000 same=D7BB0316 plus2000=07130000 same_match=NO plus2000_match=YES
WORD_6=target=4509AF87 same=971A00C7 plus2000=4509AF87 same_match=NO plus2000_match=YES
WORD_7=target=00E79563 same=00FA7A33 plus2000=00E79563 same_match=NO plus2000_match=YES
WORD_8=target=0E637198 same=3C232685 plus2000=0E637198 same_match=NO plus2000_match=YES
WORD_9=target=60A200F7 same=20230167 plus2000=60A200F7 same_match=NO plus2000_match=YES
WORD_10=target=01416402 same=38230147 plus2000=01416402 same_match=NO plus2000_match=YES
WORD_11=target=71988082 same=A8230157 plus2000=71988082 same_match=NO plus2000_match=YES
WORD_12=target=1AE34509 same=450100DB plus2000=1AE34509 same_match=NO plus2000_match=YES
WORD_13=target=6A18FEF7 same=5571BF59 plus2000=6A18FEF7 same_match=NO plus2000_match=YES
WORD_14=target=16E3699C same=0593BF49 plus2000=16E3699C same_match=NO plus2000_match=YES
WORD_15=target=6214FEF7 same=85171000 plus2000=6214FEF7 same_match=NO plus2000_match=YES
MATCH_SAME_OFFSET=0/16
MATCH_PLUS_2000=16/16
FULL_MATCH_SAME_OFFSET=NO
FULL_MATCH_PLUS_2000=YES
WINDOW_SUMMARY=base=0x1640 match_self=no match_plus_0x2000=yes matched_words_self=0/16 matched_words_plus_0x2000=16/16
WINDOW_MISMATCH_ADDRS_SELF=0x1640,0x1644,0x1648,0x164C,0x1650,0x1654,0x1658,0x165C,0x1660,0x1664,0x1668,0x166C,0x1670,0x1674,0x1678,0x167C
WINDOW_MISMATCH_ADDRS_PLUS_0X2000=none
WINDOW_BASE=0x1680
OFFSET_HYPOTHESIS=+0x2000
TARGET_WORDS=B8036618,659C0005,97C29736,02D86363,02E7E463,FD0699E3,02858593,0693852E,06130800,20EF0286,45011DF0,4509BF6D,EAE38082,B7CDFAE7,6618E194,02858793
PAYLOAD_SAME_WORDS=05130001,50EFF9A5,557D7A00,7139BFBD,FC06F822,0080E852,F14027F3,F14026F3,00041A17,BA0A0A13,014A2603,0CC57563,16822681,97139281,97360016,02051693
PAYLOAD_PLUS2000_WORDS=B8036618,659C0005,97C29736,02D86363,02E7E463,FD0699E3,02858593,0693852E,06130800,20EF0286,45011DF0,4509BF6D,EAE38082,B7CDFAE7,6618E194,02858793
WORD_0=target=B8036618 same=05130001 plus2000=B8036618 same_match=NO plus2000_match=YES
WORD_1=target=659C0005 same=50EFF9A5 plus2000=659C0005 same_match=NO plus2000_match=YES
WORD_2=target=97C29736 same=557D7A00 plus2000=97C29736 same_match=NO plus2000_match=YES
WORD_3=target=02D86363 same=7139BFBD plus2000=02D86363 same_match=NO plus2000_match=YES
WORD_4=target=02E7E463 same=FC06F822 plus2000=02E7E463 same_match=NO plus2000_match=YES
WORD_5=target=FD0699E3 same=0080E852 plus2000=FD0699E3 same_match=NO plus2000_match=YES
WORD_6=target=02858593 same=F14027F3 plus2000=02858593 same_match=NO plus2000_match=YES
WORD_7=target=0693852E same=F14026F3 plus2000=0693852E same_match=NO plus2000_match=YES
WORD_8=target=06130800 same=00041A17 plus2000=06130800 same_match=NO plus2000_match=YES
WORD_9=target=20EF0286 same=BA0A0A13 plus2000=20EF0286 same_match=NO plus2000_match=YES
WORD_10=target=45011DF0 same=014A2603 plus2000=45011DF0 same_match=NO plus2000_match=YES
WORD_11=target=4509BF6D same=0CC57563 plus2000=4509BF6D same_match=NO plus2000_match=YES
WORD_12=target=EAE38082 same=16822681 plus2000=EAE38082 same_match=NO plus2000_match=YES
WORD_13=target=B7CDFAE7 same=97139281 plus2000=B7CDFAE7 same_match=NO plus2000_match=YES
WORD_14=target=6618E194 same=97360016 plus2000=6618E194 same_match=NO plus2000_match=YES
WORD_15=target=02858793 same=02051693 plus2000=02858793 same_match=NO plus2000_match=YES
MATCH_SAME_OFFSET=0/16
MATCH_PLUS_2000=16/16
FULL_MATCH_SAME_OFFSET=NO
FULL_MATCH_PLUS_2000=YES
WINDOW_SUMMARY=base=0x1680 match_self=no match_plus_0x2000=yes matched_words_self=0/16 matched_words_plus_0x2000=16/16
WINDOW_MISMATCH_ADDRS_SELF=0x1680,0x1684,0x1688,0x168C,0x1690,0x1694,0x1698,0x169C,0x16A0,0x16A4,0x16A8,0x16AC,0x16B0,0x16B4,0x16B8,0x16BC
WINDOW_MISMATCH_ADDRS_PLUS_0X2000=none
WINDOW_BASE=0x16C0
OFFSET_HYPOTHESIS=+0x2000
TARGET_WORDS=E598853E,08000693,02860613,20EF85BE,45051B70,721CBF49,7179C3E9,EC26F022,E44EE84A,1800F406,00000717,B2A70713,892A84B2,8A6389AE,071706E7,07130000
PAYLOAD_SAME_WORDS=07129281,070A9736,00045697,F9068693,EC4EF04A,429496BA,0007891B,89AA57FD,08F68D63,000F0637,07B78E75,16C2000F,146392C1,F42608F6,84AE47D5,04D7F163
PAYLOAD_PLUS2000_WORDS=E598853E,08000693,02860613,20EF85BE,45051B70,721CBF49,7179C3E9,EC26F022,E44EE84A,1800F406,00000717,B2A70713,892A84B2,8A6389AE,071706E7,07130000
WORD_0=target=E598853E same=07129281 plus2000=E598853E same_match=NO plus2000_match=YES
WORD_1=target=08000693 same=070A9736 plus2000=08000693 same_match=NO plus2000_match=YES
WORD_2=target=02860613 same=00045697 plus2000=02860613 same_match=NO plus2000_match=YES
WORD_3=target=20EF85BE same=F9068693 plus2000=20EF85BE same_match=NO plus2000_match=YES
WORD_4=target=45051B70 same=EC4EF04A plus2000=45051B70 same_match=NO plus2000_match=YES
WORD_5=target=721CBF49 same=429496BA plus2000=721CBF49 same_match=NO plus2000_match=YES
WORD_6=target=7179C3E9 same=0007891B plus2000=7179C3E9 same_match=NO plus2000_match=YES
WORD_7=target=EC26F022 same=89AA57FD plus2000=EC26F022 same_match=NO plus2000_match=YES
WORD_8=target=E44EE84A same=08F68D63 plus2000=E44EE84A same_match=NO plus2000_match=YES
WORD_9=target=1800F406 same=000F0637 plus2000=1800F406 same_match=NO plus2000_match=YES
WORD_10=target=00000717 same=07B78E75 plus2000=00000717 same_match=NO plus2000_match=YES
WORD_11=target=B2A70713 same=16C2000F plus2000=B2A70713 same_match=NO plus2000_match=YES
WORD_12=target=892A84B2 same=146392C1 plus2000=892A84B2 same_match=NO plus2000_match=YES
WORD_13=target=8A6389AE same=F42608F6 plus2000=8A6389AE same_match=NO plus2000_match=YES
WORD_14=target=071706E7 same=84AE47D5 plus2000=071706E7 same_match=NO plus2000_match=YES
WORD_15=target=07130000 same=04D7F163 plus2000=07130000 same_match=NO plus2000_match=YES
MATCH_SAME_OFFSET=0/16
MATCH_PLUS_2000=16/16
FULL_MATCH_SAME_OFFSET=NO
FULL_MATCH_PLUS_2000=YES
WINDOW_SUMMARY=base=0x16C0 match_self=no match_plus_0x2000=yes matched_words_self=0/16 matched_words_plus_0x2000=16/16
WINDOW_MISMATCH_ADDRS_SELF=0x16C0,0x16C4,0x16C8,0x16CC,0x16D0,0x16D4,0x16D8,0x16DC,0x16E0,0x16E4,0x16E8,0x16EC,0x16F0,0x16F4,0x16F8,0x16FC
WINDOW_MISMATCH_ADDRS_PLUS_0X2000=none
WINDOW_BASE=0x1700
OFFSET_HYPOTHESIS=+0x2000
TARGET_WORDS=8863A507,071706E7,07130000,8663A9A7,071706E7,07130000,8463B9E7,071704E7,07130000,8E63C7C7,071704E7,07130000,8C63B027,071704E7,07130000,8A63BDE7
PAYLOAD_SAME_WORDS=008A3783,7B9CCF8D,E456CB9D,000A2A83,41550ABB,000A851B,17939782,93810209,DA931A82,9713020A,97560047,00041697,F2C68693,9736070E,6AA2E308,1793A801
PAYLOAD_PLUS2000_WORDS=8863A507,071706E7,07130000,8663A9A7,071706E7,07130000,8463B9E7,071704E7,07130000,8E63C7C7,071704E7,07130000,8C63B027,071704E7,07130000,8A63BDE7
WORD_0=target=8863A507 same=008A3783 plus2000=8863A507 same_match=NO plus2000_match=YES
WORD_1=target=071706E7 same=7B9CCF8D plus2000=071706E7 same_match=NO plus2000_match=YES
WORD_2=target=07130000 same=E456CB9D plus2000=07130000 same_match=NO plus2000_match=YES
WORD_3=target=8663A9A7 same=000A2A83 plus2000=8663A9A7 same_match=NO plus2000_match=YES
WORD_4=target=071706E7 same=41550ABB plus2000=071706E7 same_match=NO plus2000_match=YES
WORD_5=target=07130000 same=000A851B plus2000=07130000 same_match=NO plus2000_match=YES
WORD_6=target=8463B9E7 same=17939782 plus2000=8463B9E7 same_match=NO plus2000_match=YES
WORD_7=target=071704E7 same=93810209 plus2000=071704E7 same_match=NO plus2000_match=YES
WORD_8=target=07130000 same=DA931A82 plus2000=07130000 same_match=NO plus2000_match=YES
WORD_9=target=8E63C7C7 same=9713020A plus2000=8E63C7C7 same_match=NO plus2000_match=YES
WORD_10=target=071704E7 same=97560047 plus2000=071704E7 same_match=NO plus2000_match=YES
WORD_11=target=07130000 same=00041697 plus2000=07130000 same_match=NO plus2000_match=YES
WORD_12=target=8C63B027 same=F2C68693 plus2000=8C63B027 same_match=NO plus2000_match=YES
WORD_13=target=071704E7 same=9736070E plus2000=071704E7 same_match=NO plus2000_match=YES
WORD_14=target=07130000 same=6AA2E308 plus2000=07130000 same_match=NO plus2000_match=YES
WORD_15=target=8A63BDE7 same=1793A801 plus2000=8A63BDE7 same_match=NO plus2000_match=YES
MATCH_SAME_OFFSET=0/16
MATCH_PLUS_2000=16/16
FULL_MATCH_SAME_OFFSET=NO
FULL_MATCH_PLUS_2000=YES
WINDOW_SUMMARY=base=0x1700 match_self=no match_plus_0x2000=yes matched_words_self=0/16 matched_words_plus_0x2000=16/16
WINDOW_MISMATCH_ADDRS_SELF=0x1700,0x1704,0x1708,0x170C,0x1710,0x1714,0x1718,0x171C,0x1720,0x1724,0x1728,0x172C,0x1730,0x1734,0x1738,0x173C
WINDOW_MISMATCH_ADDRS_PLUS_0X2000=none
WINDOW_BASE=0x1740
OFFSET_HYPOTHESIS=+0x2000
TARGET_WORDS=86A604E7,854A85CE,0003D617,90862603,FA8FD0EF,740270A2,694264E2,614569A2,45398082,B59FE0EF,4521BFE9,B51FE0EF,4529BFC9,B49FE0EF,4531B7E9,B41FE0EF
PAYLOAD_SAME_WORDS=16970209,86930004,9381F166,000A2703,45010792,40E9873B,93011702,078E97BA,629C96BE,74A2E09C,69E27902,744270E2,61216A42,55758082,7902BFD5,557569E2
PAYLOAD_PLUS2000_WORDS=86A604E7,854A85CE,0003D617,90862603,FA8FD0EF,740270A2,694264E2,614569A2,45398082,B59FE0EF,4521BFE9,B51FE0EF,4529BFC9,B49FE0EF,4531B7E9,B41FE0EF
WORD_0=target=86A604E7 same=16970209 plus2000=86A604E7 same_match=NO plus2000_match=YES
WORD_1=target=854A85CE same=86930004 plus2000=854A85CE same_match=NO plus2000_match=YES
WORD_2=target=0003D617 same=9381F166 plus2000=0003D617 same_match=NO plus2000_match=YES
WORD_3=target=90862603 same=000A2703 plus2000=90862603 same_match=NO plus2000_match=YES
WORD_4=target=FA8FD0EF same=45010792 plus2000=FA8FD0EF same_match=NO plus2000_match=YES
WORD_5=target=740270A2 same=40E9873B plus2000=740270A2 same_match=NO plus2000_match=YES
WORD_6=target=694264E2 same=93011702 plus2000=694264E2 same_match=NO plus2000_match=YES
WORD_7=target=614569A2 same=078E97BA plus2000=614569A2 same_match=NO plus2000_match=YES
WORD_8=target=45398082 same=629C96BE plus2000=45398082 same_match=NO plus2000_match=YES
WORD_9=target=B59FE0EF same=74A2E09C plus2000=B59FE0EF same_match=NO plus2000_match=YES
WORD_10=target=4521BFE9 same=69E27902 plus2000=4521BFE9 same_match=NO plus2000_match=YES
WORD_11=target=B51FE0EF same=744270E2 plus2000=B51FE0EF same_match=NO plus2000_match=YES
WORD_12=target=4529BFC9 same=61216A42 plus2000=4529BFC9 same_match=NO plus2000_match=YES
WORD_13=target=B49FE0EF same=55758082 plus2000=B49FE0EF same_match=NO plus2000_match=YES
WORD_14=target=4531B7E9 same=7902BFD5 plus2000=4531B7E9 same_match=NO plus2000_match=YES
WORD_15=target=B41FE0EF same=557569E2 plus2000=B41FE0EF same_match=NO plus2000_match=YES
MATCH_SAME_OFFSET=0/16
MATCH_PLUS_2000=16/16
FULL_MATCH_SAME_OFFSET=NO
FULL_MATCH_PLUS_2000=YES
WINDOW_SUMMARY=base=0x1740 match_self=no match_plus_0x2000=yes matched_words_self=0/16 matched_words_plus_0x2000=16/16
WINDOW_MISMATCH_ADDRS_SELF=0x1740,0x1744,0x1748,0x174C,0x1750,0x1754,0x1758,0x175C,0x1760,0x1764,0x1768,0x176C,0x1770,0x1774,0x1778,0x177C
WINDOW_MISMATCH_ADDRS_PLUS_0X2000=none
WINDOW_BASE=0x1780
OFFSET_HYPOTHESIS=+0x2000
TARGET_WORDS=4541B7C9,B39FE0EF,4549BF6D,B31FE0EF,4551BF4D,B29FE0EF,5575B76D,71798082,EC26F022,E84AF406,1800E052,03853A03,E5B184AA,0004B717,2CC70713,CBE9631C
PAYLOAD_SAME_WORDS=E463B7F5,06B702A5,00630002,8E6302D5,114100D5,E406E022,47010800,F0EF4681,60A2DC5F,01416402,55758082,11418082,E406E022,86AA0800,0537872E,05B70002
PAYLOAD_PLUS2000_WORDS=4541B7C9,B39FE0EF,4549BF6D,B31FE0EF,4551BF4D,B29FE0EF,5575B76D,71798082,EC26F022,E84AF406,1800E052,03853A03,E5B184AA,0004B717,2CC70713,CBE9631C
WORD_0=target=4541B7C9 same=E463B7F5 plus2000=4541B7C9 same_match=NO plus2000_match=YES
WORD_1=target=B39FE0EF same=06B702A5 plus2000=B39FE0EF same_match=NO plus2000_match=YES
WORD_2=target=4549BF6D same=00630002 plus2000=4549BF6D same_match=NO plus2000_match=YES
WORD_3=target=B31FE0EF same=8E6302D5 plus2000=B31FE0EF same_match=NO plus2000_match=YES
WORD_4=target=4551BF4D same=114100D5 plus2000=4551BF4D same_match=NO plus2000_match=YES
WORD_5=target=B29FE0EF same=E406E022 plus2000=B29FE0EF same_match=NO plus2000_match=YES
WORD_6=target=5575B76D same=47010800 plus2000=5575B76D same_match=NO plus2000_match=YES
WORD_7=target=71798082 same=F0EF4681 plus2000=71798082 same_match=NO plus2000_match=YES
WORD_8=target=EC26F022 same=60A2DC5F plus2000=EC26F022 same_match=NO plus2000_match=YES
WORD_9=target=E84AF406 same=01416402 plus2000=E84AF406 same_match=NO plus2000_match=YES
WORD_10=target=1800E052 same=55758082 plus2000=1800E052 same_match=NO plus2000_match=YES
WORD_11=target=03853A03 same=11418082 plus2000=03853A03 same_match=NO plus2000_match=YES
WORD_12=target=E5B184AA same=E406E022 plus2000=E5B184AA same_match=NO plus2000_match=YES
WORD_13=target=0004B717 same=86AA0800 plus2000=0004B717 same_match=NO plus2000_match=YES
WORD_14=target=2CC70713 same=0537872E plus2000=2CC70713 same_match=NO plus2000_match=YES
WORD_15=target=CBE9631C same=05B70002 plus2000=CBE9631C same_match=NO plus2000_match=YES
MATCH_SAME_OFFSET=0/16
MATCH_PLUS_2000=16/16
FULL_MATCH_SAME_OFFSET=NO
FULL_MATCH_PLUS_2000=YES
WINDOW_SUMMARY=base=0x1780 match_self=no match_plus_0x2000=yes matched_words_self=0/16 matched_words_plus_0x2000=16/16
WINDOW_MISMATCH_ADDRS_SELF=0x1780,0x1784,0x1788,0x178C,0x1790,0x1794,0x1798,0x179C,0x17A0,0x17A4,0x17A8,0x17AC,0x17B0,0x17B4,0x17B8,0x17BC
WINDOW_MISMATCH_ADDRS_PLUS_0X2000=none
WINDOW_BASE=0x17C0
OFFSET_HYPOTHESIS=+0x2000
TARGET_WORDS=C5796708,C5E96F0C,0003D697,8886A683,03F00713,0CD76163,B02397A6,06930007,46210380,952695A6,1B1040EF,70A24901,64E27402,854A6A02,61456942,45218082
PAYLOAD_SAME_WORDS=F0EF0002,60A2DA1F,01416402,11418082,E406E022,25730800,45813400,773060EF,1797ED09,B7830004,C781A667,C3916FBC,60A29782,01416402,60A28082,65096402
PAYLOAD_PLUS2000_WORDS=C5796708,C5E96F0C,0003D697,8886A683,03F00713,0CD76163,B02397A6,06930007,46210380,952695A6,1B1040EF,70A24901,64E27402,854A6A02,61456942,45218082
WORD_0=target=C5796708 same=F0EF0002 plus2000=C5796708 same_match=NO plus2000_match=YES
WORD_1=target=C5E96F0C same=60A2DA1F plus2000=C5E96F0C same_match=NO plus2000_match=YES
WORD_2=target=0003D697 same=01416402 plus2000=0003D697 same_match=NO plus2000_match=YES
WORD_3=target=8886A683 same=11418082 plus2000=8886A683 same_match=NO plus2000_match=YES
WORD_4=target=03F00713 same=E406E022 plus2000=03F00713 same_match=NO plus2000_match=YES
WORD_5=target=0CD76163 same=25730800 plus2000=0CD76163 same_match=NO plus2000_match=YES
WORD_6=target=B02397A6 same=45813400 plus2000=B02397A6 same_match=NO plus2000_match=YES
WORD_7=target=06930007 same=773060EF plus2000=06930007 same_match=NO plus2000_match=YES
WORD_8=target=46210380 same=1797ED09 plus2000=46210380 same_match=NO plus2000_match=YES
WORD_9=target=952695A6 same=B7830004 plus2000=952695A6 same_match=NO plus2000_match=YES
WORD_10=target=1B1040EF same=C781A667 plus2000=1B1040EF same_match=NO plus2000_match=YES
WORD_11=target=70A24901 same=C3916FBC plus2000=70A24901 same_match=NO plus2000_match=YES
WORD_12=target=64E27402 same=60A29782 plus2000=64E27402 same_match=NO plus2000_match=YES
WORD_13=target=854A6A02 same=01416402 plus2000=854A6A02 same_match=NO plus2000_match=YES
WORD_14=target=61456942 same=60A28082 plus2000=61456942 same_match=NO plus2000_match=YES
WORD_15=target=45218082 same=65096402 plus2000=45218082 same_match=NO plus2000_match=YES
MATCH_SAME_OFFSET=0/16
MATCH_PLUS_2000=16/16
FULL_MATCH_SAME_OFFSET=NO
FULL_MATCH_PLUS_2000=YES
WINDOW_SUMMARY=base=0x17C0 match_self=no match_plus_0x2000=yes matched_words_self=0/16 matched_words_plus_0x2000=16/16
WINDOW_MISMATCH_ADDRS_SELF=0x17C0,0x17C4,0x17C8,0x17CC,0x17D0,0x17D4,0x17D8,0x17DC,0x17E0,0x17E4,0x17E8,0x17EC,0x17F0,0x17F4,0x17F8,0x17FC
WINDOW_MISMATCH_ADDRS_PLUS_0X2000=none
WINDOW_BASE=0x1800
OFFSET_HYPOTHESIS=+0x2000
TARGET_WORDS=E0EFE44E,B997E7FF,89930004,B02327A9,CD3500A9,E0EF4561,B423E6BF,C15900A9,1C000513,E5DFE0EF,00A9BC23,D517C925,05130003,D0EF97A5,892AFB6F,02054963
PAYLOAD_SAME_WORDS=80820141,E9227135,E4E6E14A,ED061100,FCCEE526,3423577D,9301F8B4,8CB6892A,03F00793,00B76463,47FD1582,8341577D,00B76463,05C237C1,8321577D,00B76463
PAYLOAD_PLUS2000_WORDS=E0EFE44E,B997E7FF,89930004,B02327A9,CD3500A9,E0EF4561,B423E6BF,C15900A9,1C000513,E5DFE0EF,00A9BC23,D517C925,05130003,D0EF97A5,892AFB6F,02054963
WORD_0=target=E0EFE44E same=80820141 plus2000=E0EFE44E same_match=NO plus2000_match=YES
WORD_1=target=B997E7FF same=E9227135 plus2000=B997E7FF same_match=NO plus2000_match=YES
WORD_2=target=89930004 same=E4E6E14A plus2000=89930004 same_match=NO plus2000_match=YES
WORD_3=target=B02327A9 same=ED061100 plus2000=B02327A9 same_match=NO plus2000_match=YES
WORD_4=target=CD3500A9 same=FCCEE526 plus2000=CD3500A9 same_match=NO plus2000_match=YES
WORD_5=target=E0EF4561 same=3423577D plus2000=E0EF4561 same_match=NO plus2000_match=YES
WORD_6=target=B423E6BF same=9301F8B4 plus2000=B423E6BF same_match=NO plus2000_match=YES
WORD_7=target=C15900A9 same=8CB6892A plus2000=C15900A9 same_match=NO plus2000_match=YES
WORD_8=target=1C000513 same=03F00793 plus2000=1C000513 same_match=NO plus2000_match=YES
WORD_9=target=E5DFE0EF same=00B76463 plus2000=E5DFE0EF same_match=NO plus2000_match=YES
WORD_10=target=00A9BC23 same=47FD1582 plus2000=00A9BC23 same_match=NO plus2000_match=YES
WORD_11=target=D517C925 same=8341577D plus2000=D517C925 same_match=NO plus2000_match=YES
WORD_12=target=05130003 same=00B76463 plus2000=05130003 same_match=NO plus2000_match=YES
WORD_13=target=D0EF97A5 same=05C237C1 plus2000=D0EF97A5 same_match=NO plus2000_match=YES
WORD_14=target=892AFB6F same=8321577D plus2000=892AFB6F same_match=NO plus2000_match=YES
WORD_15=target=02054963 same=00B76463 plus2000=02054963 same_match=NO plus2000_match=YES
MATCH_SAME_OFFSET=0/16
MATCH_PLUS_2000=16/16
FULL_MATCH_SAME_OFFSET=NO
FULL_MATCH_PLUS_2000=YES
WINDOW_SUMMARY=base=0x1800 match_self=no match_plus_0x2000=yes matched_words_self=0/16 matched_words_plus_0x2000=16/16
WINDOW_MISMATCH_ADDRS_SELF=0x1800,0x1804,0x1808,0x180C,0x1810,0x1814,0x1818,0x181C,0x1820,0x1824,0x1828,0x182C,0x1830,0x1834,0x1838,0x183C
WINDOW_MISMATCH_ADDRS_PLUS_0X2000=none
WINDOW_BASE=0x1840
OFFSET_HYPOTHESIS=+0x2000
TARGET_WORDS=0003D797,80A7A823,040A0163,058A3783,67DC6705,9782C399,B823872A,B78300E9,B5030009,B5830089,69A20189,B503B7B5,E0EF0189,B503EC1F,E0EF0089,B503EB9F
PAYLOAD_SAME_WORDS=05A237E1,8311577D,00B76463,059237F1,8309577D,00B76463,058A37F9,0005C363,199737FD,89930004,E5839DE9,97CA0149,16B7F563,0A13F8D2,7793F884,85520016
PAYLOAD_PLUS2000_WORDS=0003D797,80A7A823,040A0163,058A3783,67DC6705,9782C399,B823872A,B78300E9,B5030009,B5830089,69A20189,B503B7B5,E0EF0189,B503EC1F,E0EF0089,B503EB9F
WORD_0=target=0003D797 same=05A237E1 plus2000=0003D797 same_match=NO plus2000_match=YES
WORD_1=target=80A7A823 same=8311577D plus2000=80A7A823 same_match=NO plus2000_match=YES
WORD_2=target=040A0163 same=00B76463 plus2000=040A0163 same_match=NO plus2000_match=YES
WORD_3=target=058A3783 same=059237F1 plus2000=058A3783 same_match=NO plus2000_match=YES
WORD_4=target=67DC6705 same=8309577D plus2000=67DC6705 same_match=NO plus2000_match=YES
WORD_5=target=9782C399 same=00B76463 plus2000=9782C399 same_match=NO plus2000_match=YES
WORD_6=target=B823872A same=058A37F9 plus2000=B823872A same_match=NO plus2000_match=YES
WORD_7=target=B78300E9 same=0005C363 plus2000=B78300E9 same_match=NO plus2000_match=YES
WORD_8=target=B5030009 same=199737FD plus2000=B5030009 same_match=NO plus2000_match=YES
WORD_9=target=B5830089 same=89930004 plus2000=B5830089 same_match=NO plus2000_match=YES
WORD_10=target=69A20189 same=E5839DE9 plus2000=69A20189 same_match=NO plus2000_match=YES
WORD_11=target=B503B7B5 same=97CA0149 plus2000=B503B7B5 same_match=NO plus2000_match=YES
WORD_12=target=E0EF0189 same=16B7F563 plus2000=E0EF0189 same_match=NO plus2000_match=YES
WORD_13=target=B503EC1F same=0A13F8D2 plus2000=B503EC1F same_match=NO plus2000_match=YES
WORD_14=target=E0EF0089 same=7793F884 plus2000=E0EF0089 same_match=NO plus2000_match=YES
WORD_15=target=B503EB9F same=85520016 plus2000=B503EB9F same_match=NO plus2000_match=YES
MATCH_SAME_OFFSET=0/16
MATCH_PLUS_2000=16/16
FULL_MATCH_SAME_OFFSET=NO
FULL_MATCH_PLUS_2000=YES
WINDOW_SUMMARY=base=0x1840 match_self=no match_plus_0x2000=yes matched_words_self=0/16 matched_words_plus_0x2000=16/16
WINDOW_MISMATCH_ADDRS_SELF=0x1840,0x1844,0x1848,0x184C,0x1850,0x1854,0x1858,0x185C,0x1860,0x1864,0x1868,0x186C,0x1870,0x1874,0x1878,0x187C
WINDOW_MISMATCH_ADDRS_PLUS_0X2000=none
WINDOW_BASE=0x1880
OFFSET_HYPOTHESIS=+0x2000
TARGET_WORDS=E0EF0009,69A2EB1F,6705B79D,69A2B7F9,C1200913,0913BFA9,BF91C130,0089B503,E93FE0EF,0009B503,C1200913,E87FE0EF,BF3569A2,F0227179,F406E052,37831800
PAYLOAD_SAME_WORDS=3C23FC6E,3023F6F4,40EFF8F4,A78306F0,0D9B0149,F0630005,E0EA14FD,F4D66D41,ECDEF0DA,2901E8E2,5B1754F5,0B130004,5AFDDAEB,000F0C37,000F0BB7,A0351D7D
PAYLOAD_PLUS2000_WORDS=E0EF0009,69A2EB1F,6705B79D,69A2B7F9,C1200913,0913BFA9,BF91C130,0089B503,E93FE0EF,0009B503,C1200913,E87FE0EF,BF3569A2,F0227179,F406E052,37831800
WORD_0=target=E0EF0009 same=3C23FC6E plus2000=E0EF0009 same_match=NO plus2000_match=YES
WORD_1=target=69A2EB1F same=3023F6F4 plus2000=69A2EB1F same_match=NO plus2000_match=YES
WORD_2=target=6705B79D same=40EFF8F4 plus2000=6705B79D same_match=NO plus2000_match=YES
WORD_3=target=69A2B7F9 same=A78306F0 plus2000=69A2B7F9 same_match=NO plus2000_match=YES
WORD_4=target=C1200913 same=0D9B0149 plus2000=C1200913 same_match=NO plus2000_match=YES
WORD_5=target=0913BFA9 same=F0630005 plus2000=0913BFA9 same_match=NO plus2000_match=YES
WORD_6=target=BF91C130 same=E0EA14FD plus2000=BF91C130 same_match=NO plus2000_match=YES
WORD_7=target=0089B503 same=F4D66D41 plus2000=0089B503 same_match=NO plus2000_match=YES
WORD_8=target=E93FE0EF same=ECDEF0DA plus2000=E93FE0EF same_match=NO plus2000_match=YES
WORD_9=target=0009B503 same=2901E8E2 plus2000=0009B503 same_match=NO plus2000_match=YES
WORD_10=target=C1200913 same=5B1754F5 plus2000=C1200913 same_match=NO plus2000_match=YES
WORD_11=target=E87FE0EF same=0B130004 plus2000=E87FE0EF same_match=NO plus2000_match=YES
WORD_12=target=BF3569A2 same=5AFDDAEB plus2000=BF3569A2 same_match=NO plus2000_match=YES
WORD_13=target=F0227179 same=000F0C37 plus2000=F0227179 same_match=NO plus2000_match=YES
WORD_14=target=F406E052 same=000F0BB7 plus2000=F406E052 same_match=NO plus2000_match=YES
WORD_15=target=37831800 same=A0351D7D plus2000=37831800 same_match=NO plus2000_match=YES
MATCH_SAME_OFFSET=0/16
MATCH_PLUS_2000=16/16
FULL_MATCH_SAME_OFFSET=NO
FULL_MATCH_PLUS_2000=YES
WINDOW_SUMMARY=base=0x1880 match_self=no match_plus_0x2000=yes matched_words_self=0/16 matched_words_plus_0x2000=16/16
WINDOW_MISMATCH_ADDRS_SELF=0x1880,0x1884,0x1888,0x188C,0x1890,0x1894,0x1898,0x189C,0x18A0,0x18A4,0x18A8,0x18AC,0x18B0,0x18B4,0x18B8,0x18BC
WINDOW_MISMATCH_ADDRS_PLUS_0X2000=none
WINDOW_BASE=0x18C0
OFFSET_HYPOTHESIS=+0x2000
TARGET_WORDS=D7131085,7A130277,97130017,4D630337,EC261807,84AAE44E,00B7D993,04800513,F993E84A,892E0039,693000EF,0963C935,3703060A,07930089,E36303F0,27F306E7
PAYLOAD_SAME_WORDS=F8043603,F0EF85E6,A583B89F,84AA0149,861B1582,9181001D,40EF8552,A7831EB0,0D9B0149,F5630005,88BB0CFD,851B012D,27730008,A583F140,27010149,FCB57AE3
PAYLOAD_PLUS2000_WORDS=D7131085,7A130277,97130017,4D630337,EC261807,84AAE44E,00B7D993,04800513,F993E84A,892E0039,693000EF,0963C935,3703060A,07930089,E36303F0,27F306E7
WORD_0=target=D7131085 same=F8043603 plus2000=D7131085 same_match=NO plus2000_match=YES
WORD_1=target=7A130277 same=F0EF85E6 plus2000=7A130277 same_match=NO plus2000_match=YES
WORD_2=target=97130017 same=A583B89F plus2000=97130017 same_match=NO plus2000_match=YES
WORD_3=target=4D630337 same=84AA0149 plus2000=4D630337 same_match=NO plus2000_match=YES
WORD_4=target=EC261807 same=861B1582 plus2000=EC261807 same_match=NO plus2000_match=YES
WORD_5=target=84AAE44E same=9181001D plus2000=84AAE44E same_match=NO plus2000_match=YES
WORD_6=target=00B7D993 same=40EF8552 plus2000=00B7D993 same_match=NO plus2000_match=YES
WORD_7=target=04800513 same=A7831EB0 plus2000=04800513 same_match=NO plus2000_match=YES
WORD_8=target=F993E84A same=0D9B0149 plus2000=F993E84A same_match=NO plus2000_match=YES
WORD_9=target=892E0039 same=F5630005 plus2000=892E0039 same_match=NO plus2000_match=YES
WORD_10=target=693000EF same=88BB0CFD plus2000=693000EF same_match=NO plus2000_match=YES
WORD_11=target=0963C935 same=851B012D plus2000=0963C935 same_match=NO plus2000_match=YES
WORD_12=target=3703060A same=27730008 plus2000=3703060A same_match=NO plus2000_match=YES
WORD_13=target=07930089 same=A583F140 plus2000=07930089 same_match=NO plus2000_match=YES
WORD_14=target=E36303F0 same=27010149 plus2000=E36303F0 same_match=NO plus2000_match=YES
WORD_15=target=27F306E7 same=FCB57AE3 plus2000=27F306E7 same_match=NO plus2000_match=YES
MATCH_SAME_OFFSET=0/16
MATCH_PLUS_2000=16/16
FULL_MATCH_SAME_OFFSET=NO
FULL_MATCH_PLUS_2000=YES
WINDOW_SUMMARY=base=0x18C0 match_self=no match_plus_0x2000=yes matched_words_self=0/16 matched_words_plus_0x2000=16/16
WINDOW_MISMATCH_ADDRS_SELF=0x18C0,0x18C4,0x18C8,0x18CC,0x18D0,0x18D4,0x18D8,0x18DC,0x18E0,0x18E4,0x18E8,0x18EC,0x18F0,0x18F4,0x18F8,0x18FC
WINDOW_MISMATCH_ADDRS_PLUS_0X2000=none
WINDOW_BASE=0x1900
OFFSET_HYPOTHESIS=+0x2000
TARGET_WORDS=37036020,D7B30089,8B8500E7,B703EFE1,57FD1084,17FD179E,B4238FF9,051310F4,00EF0480,C9316590,600027F3,00899713,E7F7F793,E7138FD9,37830807,77130289
PAYLOAD_SAME_WORDS=93011702,00171793,971397BA,93010208,97BA0792,97DA078A,0BE34398,77B3FB57,27810187,F9779EE3,01A775B3,F14027F3,27814755,02B77963,0089B703,0009A503
PAYLOAD_PLUS2000_WORDS=37036020,D7B30089,8B8500E7,B703EFE1,57FD1084,17FD179E,B4238FF9,051310F4,00EF0480,C9316590,600027F3,00899713,E7F7F793,E7138FD9,37830807,77130289
WORD_0=target=37036020 same=93011702 plus2000=37036020 same_match=NO plus2000_match=YES
WORD_1=target=D7B30089 same=00171793 plus2000=D7B30089 same_match=NO plus2000_match=YES
WORD_2=target=8B8500E7 same=971397BA plus2000=8B8500E7 same_match=NO plus2000_match=YES
WORD_3=target=B703EFE1 same=93010208 plus2000=B703EFE1 same_match=NO plus2000_match=YES
WORD_4=target=57FD1084 same=97BA0792 plus2000=57FD1084 same_match=NO plus2000_match=YES
WORD_5=target=17FD179E same=97DA078A plus2000=17FD179E same_match=NO plus2000_match=YES
WORD_6=target=B4238FF9 same=0BE34398 plus2000=B4238FF9 same_match=NO plus2000_match=YES
WORD_7=target=051310F4 same=77B3FB57 plus2000=051310F4 same_match=NO plus2000_match=YES
WORD_8=target=00EF0480 same=27810187 plus2000=00EF0480 same_match=NO plus2000_match=YES
WORD_9=target=C9316590 same=F9779EE3 plus2000=C9316590 same_match=NO plus2000_match=YES
WORD_10=target=600027F3 same=01A775B3 plus2000=600027F3 same_match=NO plus2000_match=YES
WORD_11=target=00899713 same=F14027F3 plus2000=00899713 same_match=NO plus2000_match=YES
WORD_12=target=E7F7F793 same=27814755 plus2000=E7F7F793 same_match=NO plus2000_match=YES
WORD_13=target=E7138FD9 same=02B77963 plus2000=E7138FD9 same_match=NO plus2000_match=YES
WORD_14=target=37830807 same=0089B703 plus2000=37830807 same_match=NO plus2000_match=YES
WORD_15=target=77130289 same=0009A503 plus2000=77130289 same_match=NO plus2000_match=YES
MATCH_SAME_OFFSET=0/16
MATCH_PLUS_2000=16/16
FULL_MATCH_SAME_OFFSET=NO
FULL_MATCH_PLUS_2000=YES
WINDOW_SUMMARY=base=0x1900 match_self=no match_plus_0x2000=yes matched_words_self=0/16 matched_words_plus_0x2000=16/16
WINDOW_MISMATCH_ADDRS_SELF=0x1900,0x1904,0x1908,0x190C,0x1910,0x1914,0x1918,0x191C,0x1920,0x1924,0x1928,0x192C,0x1930,0x1934,0x1938,0x193C
WINDOW_MISMATCH_ADDRS_PLUS_0X2000=none
WINDOW_BASE=0x1940
OFFSET_HYPOTHESIS=+0x2000
TARGET_WORDS=37B3FBF7,079A00F0,90738FD9,37836007,90730189,37836437,90730209,A83164A7,1084B703,179E57FD,8FF917FD,10F4B423,04800513,607000EF,3783E16D,90730109
PAYLOAD_SAME_WORDS=7F18C31D,3683C30D,853BF804,866640A8,F6F43423,F7142A23,28839702,3783F744,84AAF684,A703E535,17820009,88BB9381,370340E8,861BF784,CF190008,D8931882
PAYLOAD_PLUS2000_WORDS=37B3FBF7,079A00F0,90738FD9,37836007,90730189,37836437,90730209,A83164A7,1084B703,179E57FD,8FF917FD,10F4B423,04800513,607000EF,3783E16D,90730109
WORD_0=target=37B3FBF7 same=7F18C31D plus2000=37B3FBF7 same_match=NO plus2000_match=YES
WORD_1=target=079A00F0 same=3683C30D plus2000=079A00F0 same_match=NO plus2000_match=YES
WORD_2=target=90738FD9 same=853BF804 plus2000=90738FD9 same_match=NO plus2000_match=YES
WORD_3=target=37836007 same=866640A8 plus2000=37836007 same_match=NO plus2000_match=YES
WORD_4=target=90730189 same=F6F43423 plus2000=90730189 same_match=NO plus2000_match=YES
WORD_5=target=37836437 same=F7142A23 plus2000=37836437 same_match=NO plus2000_match=YES
WORD_6=target=90730209 same=28839702 plus2000=90730209 same_match=NO plus2000_match=YES
WORD_7=target=A83164A7 same=3783F744 plus2000=A83164A7 same_match=NO plus2000_match=YES
WORD_8=target=1084B703 same=84AAF684 plus2000=1084B703 same_match=NO plus2000_match=YES
WORD_9=target=179E57FD same=A703E535 plus2000=179E57FD same_match=NO plus2000_match=YES
WORD_10=target=8FF917FD same=17820009 plus2000=8FF917FD same_match=NO plus2000_match=YES
WORD_11=target=10F4B423 same=88BB9381 plus2000=10F4B423 same_match=NO plus2000_match=YES
WORD_12=target=04800513 same=370340E8 plus2000=04800513 same_match=NO plus2000_match=YES
WORD_13=target=607000EF same=861BF784 plus2000=607000EF same_match=NO plus2000_match=YES
WORD_14=target=3783E16D same=CF190008 plus2000=3783E16D same_match=NO plus2000_match=YES
WORD_15=target=90730109 same=D8931882 plus2000=90730109 same_match=NO plus2000_match=YES
MATCH_SAME_OFFSET=0/16
MATCH_PLUS_2000=16/16
FULL_MATCH_SAME_OFFSET=NO
FULL_MATCH_PLUS_2000=YES
WINDOW_SUMMARY=base=0x1940 match_self=no match_plus_0x2000=yes matched_words_self=0/16 matched_words_plus_0x2000=16/16
WINDOW_MISMATCH_ADDRS_SELF=0x1940,0x1944,0x1948,0x194C,0x1950,0x1954,0x1958,0x195C,0x1960,0x1964,0x1968,0x196C,0x1970,0x1974,0x1978,0x197C
WINDOW_MISMATCH_ADDRS_PLUS_0X2000=none
WINDOW_BASE=0x1980
OFFSET_HYPOTHESIS=+0x2000
TARGET_WORDS=37831437,90730009,37831417,90730089,26F31427,B7831050,77791084,6FF70713,10D4B023,8FF94685,89636705,071302D9,8FD98007,0027F713,FDF7F793,9BF5EF09
PAYLOAD_SAME_WORDS=97130208,97460047,1697070E,86930004,9736CCE6,01973023,97CE078E,46856F98,00C696B3,A5838F55,EF980149,B70D4481,7AA67A46,6BE67B06,6D066C46,60EA7DE2
PAYLOAD_PLUS2000_WORDS=37831437,90730009,37831417,90730089,26F31427,B7831050,77791084,6FF70713,10D4B023,8FF94685,89636705,071302D9,8FD98007,0027F713,FDF7F793,9BF5EF09
WORD_0=target=37831437 same=97130208 plus2000=37831437 same_match=NO plus2000_match=YES
WORD_1=target=90730009 same=97460047 plus2000=90730009 same_match=NO plus2000_match=YES
WORD_2=target=37831417 same=1697070E plus2000=37831417 same_match=NO plus2000_match=YES
WORD_3=target=90730089 same=86930004 plus2000=90730089 same_match=NO plus2000_match=YES
WORD_4=target=26F31427 same=9736CCE6 plus2000=26F31427 same_match=NO plus2000_match=YES
WORD_5=target=B7831050 same=01973023 plus2000=B7831050 same_match=NO plus2000_match=YES
WORD_6=target=77791084 same=97CE078E plus2000=77791084 same_match=NO plus2000_match=YES
WORD_7=target=6FF70713 same=46856F98 plus2000=6FF70713 same_match=NO plus2000_match=YES
WORD_8=target=10D4B023 same=00C696B3 plus2000=10D4B023 same_match=NO plus2000_match=YES
WORD_9=target=8FF94685 same=A5838F55 plus2000=8FF94685 same_match=NO plus2000_match=YES
WORD_10=target=89636705 same=EF980149 plus2000=89636705 same_match=NO plus2000_match=YES
WORD_11=target=071302D9 same=B70D4481 plus2000=071302D9 same_match=NO plus2000_match=YES
WORD_12=target=8FD98007 same=7AA67A46 plus2000=8FD98007 same_match=NO plus2000_match=YES
WORD_13=target=0027F713 same=6BE67B06 plus2000=0027F713 same_match=NO plus2000_match=YES
WORD_14=target=FDF7F793 same=6D066C46 plus2000=FDF7F793 same_match=NO plus2000_match=YES
WORD_15=target=9BF5EF09 same=60EA7DE2 plus2000=9BF5EF09 same_match=NO plus2000_match=YES
MATCH_SAME_OFFSET=0/16
MATCH_PLUS_2000=16/16
FULL_MATCH_SAME_OFFSET=NO
FULL_MATCH_PLUS_2000=YES
WINDOW_SUMMARY=base=0x1980 match_self=no match_plus_0x2000=yes matched_words_self=0/16 matched_words_plus_0x2000=16/16
WINDOW_MISMATCH_ADDRS_SELF=0x1980,0x1984,0x1988,0x198C,0x1990,0x1994,0x1998,0x199C,0x19A0,0x19A4,0x19A8,0x19AC,0x19B0,0x19B4,0x19B8,0x19BC
WINDOW_MISMATCH_ADDRS_PLUS_0X2000=none
WINDOW_BASE=0x19C0
OFFSET_HYPOTHESIS=+0x2000
TARGET_WORDS=10F4B423,694264E2,450169A2,740270A2,61456A02,E7938082,B7D50207,90070713,BFC98FD9,1084B783,171E4705,B4238FD9,051310F4,00EF0480,37835850,4A050109
PAYLOAD_SAME_WORDS=690A644A,6CA679E6,64AA8526,8082610D,0149A583,7A46BDF5,54F57DE2,7135B7CD,E526E922,1100FCCE,F4D6ED06,84AAE8E2,F6B43C23,2C7389B2,3783F140,071BF784
PAYLOAD_PLUS2000_WORDS=10F4B423,694264E2,450169A2,740270A2,61456A02,E7938082,B7D50207,90070713,BFC98FD9,1084B783,171E4705,B4238FD9,051310F4,00EF0480,37835850,4A050109
WORD_0=target=10F4B423 same=690A644A plus2000=10F4B423 same_match=NO plus2000_match=YES
WORD_1=target=694264E2 same=6CA679E6 plus2000=694264E2 same_match=NO plus2000_match=YES
WORD_2=target=450169A2 same=64AA8526 plus2000=450169A2 same_match=NO plus2000_match=YES
WORD_3=target=740270A2 same=8082610D plus2000=740270A2 same_match=NO plus2000_match=YES
WORD_4=target=61456A02 same=0149A583 plus2000=61456A02 same_match=NO plus2000_match=YES
WORD_5=target=E7938082 same=7A46BDF5 plus2000=E7938082 same_match=NO plus2000_match=YES
WORD_6=target=B7D50207 same=54F57DE2 plus2000=B7D50207 same_match=NO plus2000_match=YES
WORD_7=target=90070713 same=7135B7CD plus2000=90070713 same_match=NO plus2000_match=YES
WORD_8=target=BFC98FD9 same=E526E922 plus2000=BFC98FD9 same_match=NO plus2000_match=YES
WORD_9=target=1084B783 same=1100FCCE plus2000=1084B783 same_match=NO plus2000_match=YES
WORD_10=target=171E4705 same=F4D6ED06 plus2000=171E4705 same_match=NO plus2000_match=YES
WORD_11=target=B4238FD9 same=84AAE8E2 plus2000=B4238FD9 same_match=NO plus2000_match=YES
WORD_12=target=051310F4 same=F6B43C23 plus2000=051310F4 same_match=NO plus2000_match=YES
WORD_13=target=00EF0480 same=2C7389B2 plus2000=00EF0480 same_match=NO plus2000_match=YES
WORD_14=target=37835850 same=3783F140 plus2000=37835850 same_match=NO plus2000_match=YES
WORD_15=target=4A050109 same=071BF784 plus2000=4A050109 same_match=NO plus2000_match=YES
MATCH_SAME_OFFSET=0/16
MATCH_PLUS_2000=16/16
FULL_MATCH_SAME_OFFSET=NO
FULL_MATCH_PLUS_2000=YES
WINDOW_SUMMARY=base=0x19C0 match_self=no match_plus_0x2000=yes matched_words_self=0/16 matched_words_plus_0x2000=16/16
WINDOW_MISMATCH_ADDRS_SELF=0x19C0,0x19C4,0x19C8,0x19CC,0x19D0,0x19D4,0x19D8,0x19DC,0x19E0,0x19E4,0x19E8,0x19EC,0x19F0,0x19F4,0x19F8,0x19FC
WINDOW_MISMATCH_ADDRS_PLUS_0X2000=none
WINDOW_BASE=0x1A00
OFFSET_HYPOTHESIS=+0x2000
TARGET_WORDS=24379073,00093783,24179073,00893783,24279073,20502673,1084B783,869376F9,67057FF6,07138FF5,8FD98007,10C4B023,10F4B423,200027F3,EFF7F793,01499463
PAYLOAD_SAME_WORDS=56FD000C,F6E43423,07139281,E46303F0,178200F6,56FD477D,E46382C1,374100F6,56FD07C2,E46382A1,376100F6,56FD07A2,E4638291,377100F6,56FD0792,E4638289
PAYLOAD_PLUS2000_WORDS=24379073,00093783,24179073,00893783,24279073,20502673,1084B783,869376F9,67057FF6,07138FF5,8FD98007,10C4B023,10F4B423,200027F3,EFF7F793,01499463
WORD_0=target=24379073 same=56FD000C plus2000=24379073 same_match=NO plus2000_match=YES
WORD_1=target=00093783 same=F6E43423 plus2000=00093783 same_match=NO plus2000_match=YES
WORD_2=target=24179073 same=07139281 plus2000=24179073 same_match=NO plus2000_match=YES
WORD_3=target=00893783 same=E46303F0 plus2000=00893783 same_match=NO plus2000_match=YES
WORD_4=target=24279073 same=178200F6 plus2000=24279073 same_match=NO plus2000_match=YES
WORD_5=target=20502673 same=56FD477D plus2000=20502673 same_match=NO plus2000_match=YES
WORD_6=target=1084B783 same=E46382C1 plus2000=1084B783 same_match=NO plus2000_match=YES
WORD_7=target=869376F9 same=374100F6 plus2000=869376F9 same_match=NO plus2000_match=YES
WORD_8=target=67057FF6 same=56FD07C2 plus2000=67057FF6 same_match=NO plus2000_match=YES
WORD_9=target=07138FF5 same=E46382A1 plus2000=07138FF5 same_match=NO plus2000_match=YES
WORD_10=target=8FD98007 same=376100F6 plus2000=8FD98007 same_match=NO plus2000_match=YES
WORD_11=target=10C4B023 same=56FD07A2 plus2000=10C4B023 same_match=NO plus2000_match=YES
WORD_12=target=10F4B423 same=E4638291 plus2000=10F4B423 same_match=NO plus2000_match=YES
WORD_13=target=200027F3 same=377100F6 plus2000=200027F3 same_match=NO plus2000_match=YES
WORD_14=target=EFF7F793 same=56FD0792 plus2000=EFF7F793 same_match=NO plus2000_match=YES
WORD_15=target=01499463 same=E4638289 plus2000=01499463 same_match=NO plus2000_match=YES
MATCH_SAME_OFFSET=0/16
MATCH_PLUS_2000=16/16
FULL_MATCH_SAME_OFFSET=NO
FULL_MATCH_PLUS_2000=YES
WINDOW_SUMMARY=base=0x1A00 match_self=no match_plus_0x2000=yes matched_words_self=0/16 matched_words_plus_0x2000=16/16
WINDOW_MISMATCH_ADDRS_SELF=0x1A00,0x1A04,0x1A08,0x1A0C,0x1A10,0x1A14,0x1A18,0x1A1C,0x1A20,0x1A24,0x1A28,0x1A2C,0x1A30,0x1A34,0x1A38,0x1A3C
WINDOW_MISMATCH_ADDRS_PLUS_0X2000=none
WINDOW_BASE=0x1A40
OFFSET_HYPOTHESIS=+0x2000
TARGET_WORDS=1007E793,0027F713,FDF7F793,E793C319,9BF50207,20079073,27F3B7B5,F7136000,0CE3F7F7,B5D9EC0A,B78D5579,F8A27119,FC86F4A6,ECCEF0CA,E4D6E8D2,84AA0100
PAYLOAD_SAME_WORDS=377900F6,C363078A,377D0007,00040C17,7F4C0C13,014C6583,75639726,F8D21AB7,F7840A13,E4E68552,690040EF,014C2783,00050C9B,18FCF663,F6846783,ECDEF0DA
PAYLOAD_PLUS2000_WORDS=1007E793,0027F713,FDF7F793,E793C319,9BF50207,20079073,27F3B7B5,F7136000,0CE3F7F7,B5D9EC0A,B78D5579,F8A27119,FC86F4A6,ECCEF0CA,E4D6E8D2,84AA0100
WORD_0=target=1007E793 same=377900F6 plus2000=1007E793 same_match=NO plus2000_match=YES
WORD_1=target=0027F713 same=C363078A plus2000=0027F713 same_match=NO plus2000_match=YES
WORD_2=target=FDF7F793 same=377D0007 plus2000=FDF7F793 same_match=NO plus2000_match=YES
WORD_3=target=E793C319 same=00040C17 plus2000=E793C319 same_match=NO plus2000_match=YES
WORD_4=target=9BF50207 same=7F4C0C13 plus2000=9BF50207 same_match=NO plus2000_match=YES
WORD_5=target=20079073 same=014C6583 plus2000=20079073 same_match=NO plus2000_match=YES
WORD_6=target=27F3B7B5 same=75639726 plus2000=27F3B7B5 same_match=NO plus2000_match=YES
WORD_7=target=F7136000 same=F8D21AB7 plus2000=F7136000 same_match=NO plus2000_match=YES
WORD_8=target=0CE3F7F7 same=F7840A13 plus2000=0CE3F7F7 same_match=NO plus2000_match=YES
WORD_9=target=B5D9EC0A same=E4E68552 plus2000=B5D9EC0A same_match=NO plus2000_match=YES
WORD_10=target=B78D5579 same=690040EF plus2000=B78D5579 same_match=NO plus2000_match=YES
WORD_11=target=F8A27119 same=014C2783 plus2000=F8A27119 same_match=NO plus2000_match=YES
WORD_12=target=FC86F4A6 same=00050C9B plus2000=FC86F4A6 same_match=NO plus2000_match=YES
WORD_13=target=ECCEF0CA same=18FCF663 plus2000=ECCEF0CA same_match=NO plus2000_match=YES
WORD_14=target=E4D6E8D2 same=F6846783 plus2000=E4D6E8D2 same_match=NO plus2000_match=YES
WORD_15=target=84AA0100 same=ECDEF0DA plus2000=84AA0100 same_match=NO plus2000_match=YES
MATCH_SAME_OFFSET=0/16
MATCH_PLUS_2000=16/16
FULL_MATCH_SAME_OFFSET=NO
FULL_MATCH_PLUS_2000=YES
WINDOW_SUMMARY=base=0x1A40 match_self=no match_plus_0x2000=yes matched_words_self=0/16 matched_words_plus_0x2000=16/16
WINDOW_MISMATCH_ADDRS_SELF=0x1A40,0x1A44,0x1A48,0x1A4C,0x1A50,0x1A54,0x1A58,0x1A5C,0x1A60,0x1A64,0x1A68,0x1A6C,0x1A70,0x1A74,0x1A78,0x1A7C
WINDOW_MISMATCH_ADDRS_PLUS_0X2000=none
WINDOW_BASE=0x1A80
OFFSET_HYPOTHESIS=+0x2000
TARGET_WORDS=34202973,34302AF3,04800513,4EF000EF,29F3C505,2A7334B0,436334A0,47AD0209,3927E263,00017717,1DC70713,00291793,439C97BA,878297BA,49814A01,FE0951E3
PAYLOAD_SAME_WORDS=00179B13,17939B3E,6BC1004B,E0EAE14A,2481FC6E,59175AF5,09130004,F993BC29,38230019,1BFDF6F4,009C8D3B,000D0D9B,F1402773,014C2583,FB632701,170208BD
PAYLOAD_PLUS2000_WORDS=34202973,34302AF3,04800513,4EF000EF,29F3C505,2A7334B0,436334A0,47AD0209,3927E263,00017717,1DC70713,00291793,439C97BA,878297BA,49814A01,FE0951E3
WORD_0=target=34202973 same=00179B13 plus2000=34202973 same_match=NO plus2000_match=YES
WORD_1=target=34302AF3 same=17939B3E plus2000=34302AF3 same_match=NO plus2000_match=YES
WORD_2=target=04800513 same=6BC1004B plus2000=04800513 same_match=NO plus2000_match=YES
WORD_3=target=4EF000EF same=E0EAE14A plus2000=4EF000EF same_match=NO plus2000_match=YES
WORD_4=target=29F3C505 same=2481FC6E plus2000=29F3C505 same_match=NO plus2000_match=YES
WORD_5=target=2A7334B0 same=59175AF5 plus2000=2A7334B0 same_match=NO plus2000_match=YES
WORD_6=target=436334A0 same=09130004 plus2000=436334A0 same_match=NO plus2000_match=YES
WORD_7=target=47AD0209 same=F993BC29 plus2000=47AD0209 same_match=NO plus2000_match=YES
WORD_8=target=3927E263 same=38230019 plus2000=3927E263 same_match=NO plus2000_match=YES
WORD_9=target=00017717 same=1BFDF6F4 plus2000=00017717 same_match=NO plus2000_match=YES
WORD_10=target=1DC70713 same=009C8D3B plus2000=1DC70713 same_match=NO plus2000_match=YES
WORD_11=target=00291793 same=000D0D9B plus2000=00291793 same_match=NO plus2000_match=YES
WORD_12=target=439C97BA same=F1402773 plus2000=439C97BA same_match=NO plus2000_match=YES
WORD_13=target=878297BA same=014C2583 plus2000=878297BA same_match=NO plus2000_match=YES
WORD_14=target=49814A01 same=FB632701 plus2000=49814A01 same_match=NO plus2000_match=YES
WORD_15=target=FE0951E3 same=170208BD plus2000=FE0951E3 same_match=NO plus2000_match=YES
MATCH_SAME_OFFSET=0/16
MATCH_PLUS_2000=16/16
FULL_MATCH_SAME_OFFSET=NO
FULL_MATCH_PLUS_2000=YES
WINDOW_SUMMARY=base=0x1A80 match_self=no match_plus_0x2000=yes matched_words_self=0/16 matched_words_plus_0x2000=16/16
WINDOW_MISMATCH_ADDRS_SELF=0x1A80,0x1A84,0x1A88,0x1A8C,0x1A90,0x1A94,0x1A98,0x1A9C,0x1AA0,0x1AA4,0x1AA8,0x1AAC,0x1AB0,0x1AB4,0x1AB8,0x1ABC
WINDOW_MISMATCH_ADDRS_PLUS_0X2000=none
WINDOW_BASE=0x1AC0
OFFSET_HYPOTHESIS=+0x2000
TARGET_WORDS=34002573,40EF4589,0B634890,E0DA3A05,F862FC5E,FB0027F3,4BAD4B1D,88634C0D,83C14207,43678E63,43778763,41878B63,C0F00513,00016697,C3468693,F1402B73
PAYLOAD_SAME_WORDS=17939301,97BA0017,020D1713,07929301,078A97BA,439897CA,0B635B7D,07B70767,8FF9000F,000F05B7,0CB78463,34002573,3B7060EF,58634705,25F304A7,27833200
PAYLOAD_PLUS2000_WORDS=34002573,40EF4589,0B634890,E0DA3A05,F862FC5E,FB0027F3,4BAD4B1D,88634C0D,83C14207,43678E63,43778763,41878B63,C0F00513,00016697,C3468693,F1402B73
WORD_0=target=34002573 same=17939301 plus2000=34002573 same_match=NO plus2000_match=YES
WORD_1=target=40EF4589 same=97BA0017 plus2000=40EF4589 same_match=NO plus2000_match=YES
WORD_2=target=0B634890 same=020D1713 plus2000=0B634890 same_match=NO plus2000_match=YES
WORD_3=target=E0DA3A05 same=07929301 plus2000=E0DA3A05 same_match=NO plus2000_match=YES
WORD_4=target=F862FC5E same=078A97BA plus2000=F862FC5E same_match=NO plus2000_match=YES
WORD_5=target=FB0027F3 same=439897CA plus2000=FB0027F3 same_match=NO plus2000_match=YES
WORD_6=target=4BAD4B1D same=0B635B7D plus2000=4BAD4B1D same_match=NO plus2000_match=YES
WORD_7=target=88634C0D same=07B70767 plus2000=88634C0D same_match=NO plus2000_match=YES
WORD_8=target=83C14207 same=8FF9000F plus2000=83C14207 same_match=NO plus2000_match=YES
WORD_9=target=43678E63 same=000F05B7 plus2000=43678E63 same_match=NO plus2000_match=YES
WORD_10=target=43778763 same=0CB78463 plus2000=43778763 same_match=NO plus2000_match=YES
WORD_11=target=41878B63 same=34002573 plus2000=41878B63 same_match=NO plus2000_match=YES
WORD_12=target=C0F00513 same=3B7060EF plus2000=C0F00513 same_match=NO plus2000_match=YES
WORD_13=target=00016697 same=58634705 plus2000=00016697 same_match=NO plus2000_match=YES
WORD_14=target=C3468693 same=25F304A7 plus2000=C3468693 same_match=NO plus2000_match=YES
WORD_15=target=F1402B73 same=27833200 plus2000=F1402B73 same_match=NO plus2000_match=YES
MATCH_SAME_OFFSET=0/16
MATCH_PLUS_2000=16/16
FULL_MATCH_SAME_OFFSET=NO
FULL_MATCH_PLUS_2000=YES
WINDOW_SUMMARY=base=0x1AC0 match_self=no match_plus_0x2000=yes matched_words_self=0/16 matched_words_plus_0x2000=16/16
WINDOW_MISMATCH_ADDRS_SELF=0x1AC0,0x1AC4,0x1AC8,0x1ACC,0x1AD0,0x1AD4,0x1AD8,0x1ADC,0x1AE0,0x1AE4,0x1AE8,0x1AEC,0x1AF0,0x1AF4,0x1AF8,0x1AFC
WINDOW_MISMATCH_ADDRS_PLUS_0X2000=none
WINDOW_BASE=0x1B00
OFFSET_HYPOTHESIS=+0x2000
TARGET_WORDS=872A2B01,7597865A,85930001,65171AA5,05130001,30EFC3A5,87563100,865A86CA,00017597,19058593,00016517,C4050513,2F6030EF,04800513,443000EF,3E051B63
PAYLOAD_SAME_WORDS=3423000C,F563F8B4,876310FD,579B10ED,D79B41FD,87BB01A7,D79B01A7,078E4067,F8840613,621C963E,03FD7593,00B7D7B3,EBF98B85,1733621C,8FD900B7,3783E21C
PAYLOAD_PLUS2000_WORDS=872A2B01,7597865A,85930001,65171AA5,05130001,30EFC3A5,87563100,865A86CA,00017597,19058593,00016517,C4050513,2F6030EF,04800513,443000EF,3E051B63
WORD_0=target=872A2B01 same=3423000C plus2000=872A2B01 same_match=NO plus2000_match=YES
WORD_1=target=7597865A same=F563F8B4 plus2000=7597865A same_match=NO plus2000_match=YES
WORD_2=target=85930001 same=876310FD plus2000=85930001 same_match=NO plus2000_match=YES
WORD_3=target=65171AA5 same=579B10ED plus2000=65171AA5 same_match=NO plus2000_match=YES
WORD_4=target=05130001 same=D79B41FD plus2000=05130001 same_match=NO plus2000_match=YES
WORD_5=target=30EFC3A5 same=87BB01A7 plus2000=30EFC3A5 same_match=NO plus2000_match=YES
WORD_6=target=87563100 same=D79B01A7 plus2000=87563100 same_match=NO plus2000_match=YES
WORD_7=target=865A86CA same=078E4067 plus2000=865A86CA same_match=NO plus2000_match=YES
WORD_8=target=00017597 same=F8840613 plus2000=00017597 same_match=NO plus2000_match=YES
WORD_9=target=19058593 same=621C963E plus2000=19058593 same_match=NO plus2000_match=YES
WORD_10=target=00016517 same=03FD7593 plus2000=00016517 same_match=NO plus2000_match=YES
WORD_11=target=C4050513 same=00B7D7B3 plus2000=C4050513 same_match=NO plus2000_match=YES
WORD_12=target=2F6030EF same=EBF98B85 plus2000=2F6030EF same_match=NO plus2000_match=YES
WORD_13=target=04800513 same=1733621C plus2000=04800513 same_match=NO plus2000_match=YES
WORD_14=target=443000EF same=8FD900B7 plus2000=443000EF same_match=NO plus2000_match=YES
WORD_15=target=3E051B63 same=3783E21C plus2000=3E051B63 same_match=NO plus2000_match=YES
MATCH_SAME_OFFSET=0/16
MATCH_PLUS_2000=16/16
FULL_MATCH_SAME_OFFSET=NO
FULL_MATCH_PLUS_2000=YES
WINDOW_SUMMARY=base=0x1B00 match_self=no match_plus_0x2000=yes matched_words_self=0/16 matched_words_plus_0x2000=16/16
WINDOW_MISMATCH_ADDRS_SELF=0x1B00,0x1B04,0x1B08,0x1B0C,0x1B10,0x1B14,0x1B18,0x1B1C,0x1B20,0x1B24,0x1B28,0x1B2C,0x1B30,0x1B34,0x1B38,0x1B3C
WINDOW_MISMATCH_ADDRS_PLUS_0X2000=none
WINDOW_BASE=0x1B40
OFFSET_HYPOTHESIS=+0x2000
TARGET_WORDS=1084B703,1004B683,7597865A,85930001,65171665,05130001,30EFC765,B8032CC0,64980104,00016797,C9478793,00016697,C9468693,7597865A,85930001,651713A5
PAYLOAD_SAME_WORDS=9073F884,4A813207,04099163,014C2583,861B1582,9181001C,40EF8552,278376A0,0C9B014C,E1E30005,690AF4FC,7B067A46,6CA66BE6,7DE26D06,644A60EA,79E664AA
PAYLOAD_PLUS2000_WORDS=1084B703,1004B683,7597865A,85930001,65171665,05130001,30EFC765,B8032CC0,64980104,00016797,C9478793,00016697,C9468693,7597865A,85930001,651713A5
WORD_0=target=1084B703 same=9073F884 plus2000=1084B703 same_match=NO plus2000_match=YES
WORD_1=target=1004B683 same=4A813207 plus2000=1004B683 same_match=NO plus2000_match=YES
WORD_2=target=7597865A same=04099163 plus2000=7597865A same_match=NO plus2000_match=YES
WORD_3=target=85930001 same=014C2583 plus2000=85930001 same_match=NO plus2000_match=YES
WORD_4=target=65171665 same=861B1582 plus2000=65171665 same_match=NO plus2000_match=YES
WORD_5=target=05130001 same=9181001C plus2000=05130001 same_match=NO plus2000_match=YES
WORD_6=target=30EFC765 same=40EF8552 plus2000=30EFC765 same_match=NO plus2000_match=YES
WORD_7=target=B8032CC0 same=278376A0 plus2000=B8032CC0 same_match=NO plus2000_match=YES
WORD_8=target=64980104 same=0C9B014C plus2000=64980104 same_match=NO plus2000_match=YES
WORD_9=target=00016797 same=E1E30005 plus2000=00016797 same_match=NO plus2000_match=YES
WORD_10=target=C9478793 same=690AF4FC plus2000=C9478793 same_match=NO plus2000_match=YES
WORD_11=target=00016697 same=7B067A46 plus2000=00016697 same_match=NO plus2000_match=YES
WORD_12=target=C9468693 same=6CA66BE6 plus2000=C9468693 same_match=NO plus2000_match=YES
WORD_13=target=7597865A same=7DE26D06 plus2000=7597865A same_match=NO plus2000_match=YES
WORD_14=target=85930001 same=644A60EA plus2000=85930001 same_match=NO plus2000_match=YES
WORD_15=target=651713A5 same=79E664AA plus2000=651713A5 same_match=NO plus2000_match=YES
MATCH_SAME_OFFSET=0/16
MATCH_PLUS_2000=16/16
FULL_MATCH_SAME_OFFSET=NO
FULL_MATCH_PLUS_2000=YES
WINDOW_SUMMARY=base=0x1B40 match_self=no match_plus_0x2000=yes matched_words_self=0/16 matched_words_plus_0x2000=16/16
WINDOW_MISMATCH_ADDRS_SELF=0x1B40,0x1B44,0x1B48,0x1B4C,0x1B50,0x1B54,0x1B58,0x1B5C,0x1B60,0x1B64,0x1B68,0x1B6C,0x1B70,0x1B74,0x1B78,0x1B7C
WINDOW_MISMATCH_ADDRS_PLUS_0X2000=none
WINDOW_BASE=0x1B80
OFFSET_HYPOTHESIS=+0x2000
TARGET_WORDS=05130001,30EFC8A5,B8032A00,6C980204,00016797,CA078793,00016697,CA068693,7597865A,85930001,651710E5,05130001,30EFC5E5,B8032740,60B80484,00016797
PAYLOAD_SAME_WORDS=85566C46,610D7AA6,37838082,4771F704,0D8A9DBE,9DCA57FD,00FDA023,FFDD079B,FAF766E3,051B4581,30EF320D,BF791C00,01777733,FE6347D5,378300E7,CB91008C
PAYLOAD_PLUS2000_WORDS=05130001,30EFC8A5,B8032A00,6C980204,00016797,CA078793,00016697,CA068693,7597865A,85930001,651710E5,05130001,30EFC5E5,B8032740,60B80484,00016797
WORD_0=target=05130001 same=85566C46 plus2000=05130001 same_match=NO plus2000_match=YES
WORD_1=target=30EFC8A5 same=610D7AA6 plus2000=30EFC8A5 same_match=NO plus2000_match=YES
WORD_2=target=B8032A00 same=37838082 plus2000=B8032A00 same_match=NO plus2000_match=YES
WORD_3=target=6C980204 same=4771F704 plus2000=6C980204 same_match=NO plus2000_match=YES
WORD_4=target=00016797 same=0D8A9DBE plus2000=00016797 same_match=NO plus2000_match=YES
WORD_5=target=CA078793 same=9DCA57FD plus2000=CA078793 same_match=NO plus2000_match=YES
WORD_6=target=00016697 same=00FDA023 plus2000=00016697 same_match=NO plus2000_match=YES
WORD_7=target=CA068693 same=FFDD079B plus2000=CA068693 same_match=NO plus2000_match=YES
WORD_8=target=7597865A same=FAF766E3 plus2000=7597865A same_match=NO plus2000_match=YES
WORD_9=target=85930001 same=051B4581 plus2000=85930001 same_match=NO plus2000_match=YES
WORD_10=target=651710E5 same=30EF320D plus2000=651710E5 same_match=NO plus2000_match=YES
WORD_11=target=05130001 same=BF791C00 plus2000=05130001 same_match=NO plus2000_match=YES
WORD_12=target=30EFC5E5 same=01777733 plus2000=30EFC5E5 same_match=NO plus2000_match=YES
WORD_13=target=B8032740 same=FE6347D5 plus2000=B8032740 same_match=NO plus2000_match=YES
WORD_14=target=60B80484 same=378300E7 plus2000=60B80484 same_match=NO plus2000_match=YES
WORD_15=target=00016797 same=CB91008C plus2000=00016797 same_match=NO plus2000_match=YES
MATCH_SAME_OFFSET=0/16
MATCH_PLUS_2000=16/16
FULL_MATCH_SAME_OFFSET=NO
FULL_MATCH_PLUS_2000=YES
WINDOW_SUMMARY=base=0x1B80 match_self=no match_plus_0x2000=yes matched_words_self=0/16 matched_words_plus_0x2000=16/16
WINDOW_MISMATCH_ADDRS_SELF=0x1B80,0x1B84,0x1B88,0x1B8C,0x1B90,0x1B94,0x1B98,0x1B9C,0x1BA0,0x1BA4,0x1BA8,0x1BAC,0x1BB0,0x1BB4,0x1BB8,0x1BBC
WINDOW_MISMATCH_ADDRS_PLUS_0X2000=none
WINDOW_BASE=0x1BC0
OFFSET_HYPOTHESIS=+0x2000
TARGET_WORDS=C8478793,00016697,C8468693,7597865A,85930001,65170E25,05130001,30EFC325,B8032480,68B80584,00016797,C6878793,00016697,C6868693,7597865A,85930001
PAYLOAD_SAME_WORDS=CB8163BC,000C2503,40AD053B,8AAA9782,2773FD25,1793F140,26030207,D713000C,976201D7,063B6F0C,478540CD,00C797B3,FFF7C793,EF1C8FED,89E34A81,B771F409
PAYLOAD_PLUS2000_WORDS=C8478793,00016697,C8468693,7597865A,85930001,65170E25,05130001,30EFC325,B8032480,68B80584,00016797,C6878793,00016697,C6868693,7597865A,85930001
WORD_0=target=C8478793 same=CB8163BC plus2000=C8478793 same_match=NO plus2000_match=YES
WORD_1=target=00016697 same=000C2503 plus2000=00016697 same_match=NO plus2000_match=YES
WORD_2=target=C8468693 same=40AD053B plus2000=C8468693 same_match=NO plus2000_match=YES
WORD_3=target=7597865A same=8AAA9782 plus2000=7597865A same_match=NO plus2000_match=YES
WORD_4=target=85930001 same=2773FD25 plus2000=85930001 same_match=NO plus2000_match=YES
WORD_5=target=65170E25 same=1793F140 plus2000=65170E25 same_match=NO plus2000_match=YES
WORD_6=target=05130001 same=26030207 plus2000=05130001 same_match=NO plus2000_match=YES
WORD_7=target=30EFC325 same=D713000C plus2000=30EFC325 same_match=NO plus2000_match=YES
WORD_8=target=B8032480 same=976201D7 plus2000=B8032480 same_match=NO plus2000_match=YES
WORD_9=target=68B80584 same=063B6F0C plus2000=68B80584 same_match=NO plus2000_match=YES
WORD_10=target=00016797 same=478540CD plus2000=00016797 same_match=NO plus2000_match=YES
WORD_11=target=C6878793 same=00C797B3 plus2000=C6878793 same_match=NO plus2000_match=YES
WORD_12=target=00016697 same=FFF7C793 plus2000=00016697 same_match=NO plus2000_match=YES
WORD_13=target=C6868693 same=EF1C8FED plus2000=C6868693 same_match=NO plus2000_match=YES
WORD_14=target=7597865A same=89E34A81 plus2000=7597865A same_match=NO plus2000_match=YES
WORD_15=target=85930001 same=B771F409 plus2000=85930001 same_match=NO plus2000_match=YES
MATCH_SAME_OFFSET=0/16
MATCH_PLUS_2000=16/16
FULL_MATCH_SAME_OFFSET=NO
FULL_MATCH_PLUS_2000=YES
WINDOW_SUMMARY=base=0x1BC0 match_self=no match_plus_0x2000=yes matched_words_self=0/16 matched_words_plus_0x2000=16/16
WINDOW_MISMATCH_ADDRS_SELF=0x1BC0,0x1BC4,0x1BC8,0x1BCC,0x1BD0,0x1BD4,0x1BD8,0x1BDC,0x1BE0,0x1BE4,0x1BE8,0x1BEC,0x1BF0,0x1BF4,0x1BF8,0x1BFC
WINDOW_MISMATCH_ADDRS_PLUS_0X2000=none
WINDOW_BASE=0x1C00
OFFSET_HYPOTHESIS=+0x2000
TARGET_WORDS=65170B65,05130001,30EFC065,B80321C0,70B80684,00016797,C4C78793,00016697,C4C68693,7597865A,85930001,651708A5,05130001,30EFBDA5,B8031F00,78B80784
PAYLOAD_SAME_WORDS=6CA67A46,BF8D5AF5,81E35AE1,BFB5F409,8DE35AF5,BF95F209,00099663,014C2583,B73D5AF5,F6846703,014C2583,17935AF5,97BA0017,97CA079A,0167A223,7131BF11
PAYLOAD_PLUS2000_WORDS=65170B65,05130001,30EFC065,B80321C0,70B80684,00016797,C4C78793,00016697,C4C68693,7597865A,85930001,651708A5,05130001,30EFBDA5,B8031F00,78B80784
WORD_0=target=65170B65 same=6CA67A46 plus2000=65170B65 same_match=NO plus2000_match=YES
WORD_1=target=05130001 same=BF8D5AF5 plus2000=05130001 same_match=NO plus2000_match=YES
WORD_2=target=30EFC065 same=81E35AE1 plus2000=30EFC065 same_match=NO plus2000_match=YES
WORD_3=target=B80321C0 same=BFB5F409 plus2000=B80321C0 same_match=NO plus2000_match=YES
WORD_4=target=70B80684 same=8DE35AF5 plus2000=70B80684 same_match=NO plus2000_match=YES
WORD_5=target=00016797 same=BF95F209 plus2000=00016797 same_match=NO plus2000_match=YES
WORD_6=target=C4C78793 same=00099663 plus2000=C4C78793 same_match=NO plus2000_match=YES
WORD_7=target=00016697 same=014C2583 plus2000=00016697 same_match=NO plus2000_match=YES
WORD_8=target=C4C68693 same=B73D5AF5 plus2000=C4C68693 same_match=NO plus2000_match=YES
WORD_9=target=7597865A same=F6846703 plus2000=7597865A same_match=NO plus2000_match=YES
WORD_10=target=85930001 same=014C2583 plus2000=85930001 same_match=NO plus2000_match=YES
WORD_11=target=651708A5 same=17935AF5 plus2000=651708A5 same_match=NO plus2000_match=YES
WORD_12=target=05130001 same=97BA0017 plus2000=05130001 same_match=NO plus2000_match=YES
WORD_13=target=30EFBDA5 same=97CA079A plus2000=30EFBDA5 same_match=NO plus2000_match=YES
WORD_14=target=B8031F00 same=0167A223 plus2000=B8031F00 same_match=NO plus2000_match=YES
WORD_15=target=78B80784 same=7131BF11 plus2000=78B80784 same_match=NO plus2000_match=YES
MATCH_SAME_OFFSET=0/16
MATCH_PLUS_2000=16/16
FULL_MATCH_SAME_OFFSET=NO
FULL_MATCH_PLUS_2000=YES
WINDOW_SUMMARY=base=0x1C00 match_self=no match_plus_0x2000=yes matched_words_self=0/16 matched_words_plus_0x2000=16/16
WINDOW_MISMATCH_ADDRS_SELF=0x1C00,0x1C04,0x1C08,0x1C0C,0x1C10,0x1C14,0x1C18,0x1C1C,0x1C20,0x1C24,0x1C28,0x1C2C,0x1C30,0x1C34,0x1C38,0x1C3C
WINDOW_MISMATCH_ADDRS_PLUS_0X2000=none
WINDOW_BASE=0x1C40
OFFSET_HYPOTHESIS=+0x2000
TARGET_WORDS=00016797,C3078793,00016697,C3068693,7597865A,85930001,651705E5,05130001,30EFBAE5,B8031C40,60D80884,00016797,C1478793,00016697,C1468693,7597865A
PAYLOAD_SAME_WORDS=F526F922,E5560180,F14AFD06,8AAAE952,F6B43423,F6C43C23,3C2384B6,26F3F4E4,577DF140,0006879B,30239301,6363F6F4,97131EB7,46FD0205,8241567D,00E66463
PAYLOAD_PLUS2000_WORDS=00016797,C3078793,00016697,C3068693,7597865A,85930001,651705E5,05130001,30EFBAE5,B8031C40,60D80884,00016797,C1478793,00016697,C1468693,7597865A
WORD_0=target=00016797 same=F526F922 plus2000=00016797 same_match=NO plus2000_match=YES
WORD_1=target=C3078793 same=E5560180 plus2000=C3078793 same_match=NO plus2000_match=YES
WORD_2=target=00016697 same=F14AFD06 plus2000=00016697 same_match=NO plus2000_match=YES
WORD_3=target=C3068693 same=8AAAE952 plus2000=C3068693 same_match=NO plus2000_match=YES
WORD_4=target=7597865A same=F6B43423 plus2000=7597865A same_match=NO plus2000_match=YES
WORD_5=target=85930001 same=F6C43C23 plus2000=85930001 same_match=NO plus2000_match=YES
WORD_6=target=651705E5 same=3C2384B6 plus2000=651705E5 same_match=NO plus2000_match=YES
WORD_7=target=05130001 same=26F3F4E4 plus2000=05130001 same_match=NO plus2000_match=YES
WORD_8=target=30EFBAE5 same=577DF140 plus2000=30EFBAE5 same_match=NO plus2000_match=YES
WORD_9=target=B8031C40 same=0006879B plus2000=B8031C40 same_match=NO plus2000_match=YES
WORD_10=target=60D80884 same=30239301 plus2000=60D80884 same_match=NO plus2000_match=YES
WORD_11=target=00016797 same=6363F6F4 plus2000=00016797 same_match=NO plus2000_match=YES
WORD_12=target=C1478793 same=97131EB7 plus2000=C1478793 same_match=NO plus2000_match=YES
WORD_13=target=00016697 same=46FD0205 plus2000=00016697 same_match=NO plus2000_match=YES
WORD_14=target=C1468693 same=8241567D plus2000=C1468693 same_match=NO plus2000_match=YES
WORD_15=target=7597865A same=00E66463 plus2000=7597865A same_match=NO plus2000_match=YES
MATCH_SAME_OFFSET=0/16
MATCH_PLUS_2000=16/16
FULL_MATCH_SAME_OFFSET=NO
FULL_MATCH_PLUS_2000=YES
WINDOW_SUMMARY=base=0x1C40 match_self=no match_plus_0x2000=yes matched_words_self=0/16 matched_words_plus_0x2000=16/16
WINDOW_MISMATCH_ADDRS_SELF=0x1C40,0x1C44,0x1C48,0x1C4C,0x1C50,0x1C54,0x1C58,0x1C5C,0x1C60,0x1C64,0x1C68,0x1C6C,0x1C70,0x1C74,0x1C78,0x1C7C
WINDOW_MISMATCH_ADDRS_PLUS_0X2000=none
WINDOW_BASE=0x1C80
OFFSET_HYPOTHESIS=+0x2000
TARGET_WORDS=85930001,65170325,05130001,30EFB825,B8031980,68D80984,00016797,BF878793,00016697,BF868693,7597865A,85930001,65170065,05130001,30EFB565,B80316C0
PAYLOAD_SAME_WORDS=074236C1,8221567D,00E66463,072236E1,8211567D,00E66463,071236F1,8209567D,00E66463,070A36F9,00074363,0A1736FD,0A130004,6703592A,96D6014A,20E6F963
PAYLOAD_PLUS2000_WORDS=85930001,65170325,05130001,30EFB825,B8031980,68D80984,00016797,BF878793,00016697,BF868693,7597865A,85930001,65170065,05130001,30EFB565,B80316C0
WORD_0=target=85930001 same=074236C1 plus2000=85930001 same_match=NO plus2000_match=YES
WORD_1=target=65170325 same=8221567D plus2000=65170325 same_match=NO plus2000_match=YES
WORD_2=target=05130001 same=00E66463 plus2000=05130001 same_match=NO plus2000_match=YES
WORD_3=target=30EFB825 same=072236E1 plus2000=30EFB825 same_match=NO plus2000_match=YES
WORD_4=target=B8031980 same=8211567D plus2000=B8031980 same_match=NO plus2000_match=YES
WORD_5=target=68D80984 same=00E66463 plus2000=68D80984 same_match=NO plus2000_match=YES
WORD_6=target=00016797 same=071236F1 plus2000=00016797 same_match=NO plus2000_match=YES
WORD_7=target=BF878793 same=8209567D plus2000=BF878793 same_match=NO plus2000_match=YES
WORD_8=target=00016697 same=00E66463 plus2000=00016697 same_match=NO plus2000_match=YES
WORD_9=target=BF868693 same=070A36F9 plus2000=BF868693 same_match=NO plus2000_match=YES
WORD_10=target=7597865A same=00074363 plus2000=7597865A same_match=NO plus2000_match=YES
WORD_11=target=85930001 same=0A1736FD plus2000=85930001 same_match=NO plus2000_match=YES
WORD_12=target=65170065 same=0A130004 plus2000=65170065 same_match=NO plus2000_match=YES
WORD_13=target=05130001 same=6703592A plus2000=05130001 same_match=NO plus2000_match=YES
WORD_14=target=30EFB565 same=96D6014A plus2000=30EFB565 same_match=NO plus2000_match=YES
WORD_15=target=B80316C0 same=20E6F963 plus2000=B80316C0 same_match=NO plus2000_match=YES
MATCH_SAME_OFFSET=0/16
MATCH_PLUS_2000=16/16
FULL_MATCH_SAME_OFFSET=NO
FULL_MATCH_PLUS_2000=YES
WINDOW_SUMMARY=base=0x1C80 match_self=no match_plus_0x2000=yes matched_words_self=0/16 matched_words_plus_0x2000=16/16
WINDOW_MISMATCH_ADDRS_SELF=0x1C80,0x1C84,0x1C88,0x1C8C,0x1C90,0x1C94,0x1C98,0x1C9C,0x1CA0,0x1CA4,0x1CA8,0x1CAC,0x1CB0,0x1CB4,0x1CB8,0x1CBC
WINDOW_MISMATCH_ADDRS_PLUS_0X2000=none
WINDOW_BASE=0x1CC0
OFFSET_HYPOTHESIS=+0x2000
TARGET_WORDS=70D80A84,00016797,BDC78793,00016697,BDC68693,7597865A,85930001,6517FDA5,05130001,30EFB2A5,B8031400,78D80B84,00016797,BC078793,00016697,BC068693
PAYLOAD_SAME_WORDS=0104D913,0004879B,7913ED4E,999300F9,47090304,F4F43823,0309D993,26E90563,17276F63,20090263,0004879B,0067F713,D9934699,0B630039,E9631CD7,37831D36
PAYLOAD_PLUS2000_WORDS=70D80A84,00016797,BDC78793,00016697,BDC68693,7597865A,85930001,6517FDA5,05130001,30EFB2A5,B8031400,78D80B84,00016797,BC078793,00016697,BC068693
WORD_0=target=70D80A84 same=0104D913 plus2000=70D80A84 same_match=NO plus2000_match=YES
WORD_1=target=00016797 same=0004879B plus2000=00016797 same_match=NO plus2000_match=YES
WORD_2=target=BDC78793 same=7913ED4E plus2000=BDC78793 same_match=NO plus2000_match=YES
WORD_3=target=00016697 same=999300F9 plus2000=00016697 same_match=NO plus2000_match=YES
WORD_4=target=BDC68693 same=47090304 plus2000=BDC68693 same_match=NO plus2000_match=YES
WORD_5=target=7597865A same=F4F43823 plus2000=7597865A same_match=NO plus2000_match=YES
WORD_6=target=85930001 same=0309D993 plus2000=85930001 same_match=NO plus2000_match=YES
WORD_7=target=6517FDA5 same=26E90563 plus2000=6517FDA5 same_match=NO plus2000_match=YES
WORD_8=target=05130001 same=17276F63 plus2000=05130001 same_match=NO plus2000_match=YES
WORD_9=target=30EFB2A5 same=20090263 plus2000=30EFB2A5 same_match=NO plus2000_match=YES
WORD_10=target=B8031400 same=0004879B plus2000=B8031400 same_match=NO plus2000_match=YES
WORD_11=target=78D80B84 same=0067F713 plus2000=78D80B84 same_match=NO plus2000_match=YES
WORD_12=target=00016797 same=D9934699 plus2000=00016797 same_match=NO plus2000_match=YES
WORD_13=target=BC078793 same=0B630039 plus2000=BC078793 same_match=NO plus2000_match=YES
WORD_14=target=00016697 same=E9631CD7 plus2000=00016697 same_match=NO plus2000_match=YES
WORD_15=target=BC068693 same=37831D36 plus2000=BC068693 same_match=NO plus2000_match=YES
MATCH_SAME_OFFSET=0/16
MATCH_PLUS_2000=16/16
FULL_MATCH_SAME_OFFSET=NO
FULL_MATCH_PLUS_2000=YES
WINDOW_SUMMARY=base=0x1CC0 match_self=no match_plus_0x2000=yes matched_words_self=0/16 matched_words_plus_0x2000=16/16
WINDOW_MISMATCH_ADDRS_SELF=0x1CC0,0x1CC4,0x1CC8,0x1CCC,0x1CD0,0x1CD4,0x1CD8,0x1CDC,0x1CE0,0x1CE4,0x1CE8,0x1CEC,0x1CF0,0x1CF4,0x1CF8,0x1CFC
WINDOW_MISMATCH_ADDRS_PLUS_0X2000=none
WINDOW_BASE=0x1D00
OFFSET_HYPOTHESIS=+0x2000
TARGET_WORDS=7597865A,85930001,6517FAE5,05130001,30EFAFE5,B8031140,60F80C84,00016797,BA478793,00016697,BA468693,7597865A,85930001,6517F825,05130001,30EFAD25
PAYLOAD_SAME_WORDS=F713F784,17630017,34232607,2973F804,26F3F140,67033400,3823000A,F463F6D4,47853EEA,F4F43423,92634709,478958E4,F4F43023,F7043503,60EF4581,0B632150
PAYLOAD_PLUS2000_WORDS=7597865A,85930001,6517FAE5,05130001,30EFAFE5,B8031140,60F80C84,00016797,BA478793,00016697,BA468693,7597865A,85930001,6517F825,05130001,30EFAD25
WORD_0=target=7597865A same=F713F784 plus2000=7597865A same_match=NO plus2000_match=YES
WORD_1=target=85930001 same=17630017 plus2000=85930001 same_match=NO plus2000_match=YES
WORD_2=target=6517FAE5 same=34232607 plus2000=6517FAE5 same_match=NO plus2000_match=YES
WORD_3=target=05130001 same=2973F804 plus2000=05130001 same_match=NO plus2000_match=YES
WORD_4=target=30EFAFE5 same=26F3F140 plus2000=30EFAFE5 same_match=NO plus2000_match=YES
WORD_5=target=B8031140 same=67033400 plus2000=B8031140 same_match=NO plus2000_match=YES
WORD_6=target=60F80C84 same=3823000A plus2000=60F80C84 same_match=NO plus2000_match=YES
WORD_7=target=00016797 same=F463F6D4 plus2000=00016797 same_match=NO plus2000_match=YES
WORD_8=target=BA478793 same=47853EEA plus2000=BA478793 same_match=NO plus2000_match=YES
WORD_9=target=00016697 same=F4F43423 plus2000=00016697 same_match=NO plus2000_match=YES
WORD_10=target=BA468693 same=92634709 plus2000=BA468693 same_match=NO plus2000_match=YES
WORD_11=target=7597865A same=478958E4 plus2000=7597865A same_match=NO plus2000_match=YES
WORD_12=target=85930001 same=F4F43023 plus2000=85930001 same_match=NO plus2000_match=YES
WORD_13=target=6517F825 same=F7043503 plus2000=6517F825 same_match=NO plus2000_match=YES
WORD_14=target=05130001 same=60EF4581 plus2000=05130001 same_match=NO plus2000_match=YES
WORD_15=target=30EFAD25 same=0B632150 plus2000=30EFAD25 same_match=NO plus2000_match=YES
MATCH_SAME_OFFSET=0/16
MATCH_PLUS_2000=16/16
FULL_MATCH_SAME_OFFSET=NO
FULL_MATCH_PLUS_2000=YES
WINDOW_SUMMARY=base=0x1D00 match_self=no match_plus_0x2000=yes matched_words_self=0/16 matched_words_plus_0x2000=16/16
WINDOW_MISMATCH_ADDRS_SELF=0x1D00,0x1D04,0x1D08,0x1D0C,0x1D10,0x1D14,0x1D18,0x1D1C,0x1D20,0x1D24,0x1D28,0x1D2C,0x1D30,0x1D34,0x1D38,0x1D3C
WINDOW_MISMATCH_ADDRS_PLUS_0X2000=none
WINDOW_BASE=0x1D40
OFFSET_HYPOTHESIS=+0x2000
TARGET_WORDS=B8030E80,68F80D84,00016797,B8878793,00016697,B8868693,7597865A,85930001,6517F565,05130001,30EFAA65,B8030BC0,74980304,00016797,B6C78793,00016697
PAYLOAD_SAME_WORDS=35034405,60EFF704,47051610,00A75663,32002773,F8E43423,010A2703,3C070763,59131902,E15A0209,00191B13,FCDE9B4A,ECEEF8E2,F0EAF4E6,0004B997,8E098993
PAYLOAD_PLUS2000_WORDS=B8030E80,68F80D84,00016797,B8878793,00016697,B8868693,7597865A,85930001,6517F565,05130001,30EFAA65,B8030BC0,74980304,00016797,B6C78793,00016697
WORD_0=target=B8030E80 same=35034405 plus2000=B8030E80 same_match=NO plus2000_match=YES
WORD_1=target=68F80D84 same=60EFF704 plus2000=68F80D84 same_match=NO plus2000_match=YES
WORD_2=target=00016797 same=47051610 plus2000=00016797 same_match=NO plus2000_match=YES
WORD_3=target=B8878793 same=00A75663 plus2000=B8878793 same_match=NO plus2000_match=YES
WORD_4=target=00016697 same=32002773 plus2000=00016697 same_match=NO plus2000_match=YES
WORD_5=target=B8868693 same=F8E43423 plus2000=B8868693 same_match=NO plus2000_match=YES
WORD_6=target=7597865A same=010A2703 plus2000=7597865A same_match=NO plus2000_match=YES
WORD_7=target=85930001 same=3C070763 plus2000=85930001 same_match=NO plus2000_match=YES
WORD_8=target=6517F565 same=59131902 plus2000=6517F565 same_match=NO plus2000_match=YES
WORD_9=target=05130001 same=E15A0209 plus2000=05130001 same_match=NO plus2000_match=YES
WORD_10=target=30EFAA65 same=00191B13 plus2000=30EFAA65 same_match=NO plus2000_match=YES
WORD_11=target=B8030BC0 same=FCDE9B4A plus2000=B8030BC0 same_match=NO plus2000_match=YES
WORD_12=target=74980304 same=ECEEF8E2 plus2000=74980304 same_match=NO plus2000_match=YES
WORD_13=target=00016797 same=F0EAF4E6 plus2000=00016797 same_match=NO plus2000_match=YES
WORD_14=target=B6C78793 same=0004B997 plus2000=B6C78793 same_match=NO plus2000_match=YES
WORD_15=target=00016697 same=8E098993 plus2000=00016697 same_match=NO plus2000_match=YES
MATCH_SAME_OFFSET=0/16
MATCH_PLUS_2000=16/16
FULL_MATCH_SAME_OFFSET=NO
FULL_MATCH_PLUS_2000=YES
WINDOW_SUMMARY=base=0x1D40 match_self=no match_plus_0x2000=yes matched_words_self=0/16 matched_words_plus_0x2000=16/16
WINDOW_MISMATCH_ADDRS_SELF=0x1D40,0x1D44,0x1D48,0x1D4C,0x1D50,0x1D54,0x1D58,0x1D5C,0x1D60,0x1D64,0x1D68,0x1D6C,0x1D70,0x1D74,0x1D78,0x1D7C
WINDOW_MISMATCH_ADDRS_PLUS_0X2000=none
WINDOW_BASE=0x1D80
OFFSET_HYPOTHESIS=+0x2000
TARGET_WORDS=B6C68693,7597865A,85930001,6517F2A5,05130001,30EFA7A5,B8030900,7C980E04,00016797,B5078793,00016697,B5068693,7597865A,85930001,6517EFE5,05130001
PAYLOAD_SAME_WORDS=4B815979,F8040C13,00045D97,8D0D8D93,A80D0B12,0089E703,00E4EF63,00020737,04E49063,0189B703,F5843783,0109B683,87638F7D,270302E6,2B85010A,02098993
PAYLOAD_PLUS2000_WORDS=B6C68693,7597865A,85930001,6517F2A5,05130001,30EFA7A5,B8030900,7C980E04,00016797,B5078793,00016697,B5068693,7597865A,85930001,6517EFE5,05130001
WORD_0=target=B6C68693 same=4B815979 plus2000=B6C68693 same_match=NO plus2000_match=YES
WORD_1=target=7597865A same=F8040C13 plus2000=7597865A same_match=NO plus2000_match=YES
WORD_2=target=85930001 same=00045D97 plus2000=85930001 same_match=NO plus2000_match=YES
WORD_3=target=6517F2A5 same=8D0D8D93 plus2000=6517F2A5 same_match=NO plus2000_match=YES
WORD_4=target=05130001 same=A80D0B12 plus2000=05130001 same_match=NO plus2000_match=YES
WORD_5=target=30EFA7A5 same=0089E703 plus2000=30EFA7A5 same_match=NO plus2000_match=YES
WORD_6=target=B8030900 same=00E4EF63 plus2000=B8030900 same_match=NO plus2000_match=YES
WORD_7=target=7C980E04 same=00020737 plus2000=7C980E04 same_match=NO plus2000_match=YES
WORD_8=target=00016797 same=04E49063 plus2000=00016797 same_match=NO plus2000_match=YES
WORD_9=target=B5078793 same=0189B703 plus2000=B5078793 same_match=NO plus2000_match=YES
WORD_10=target=00016697 same=F5843783 plus2000=00016697 same_match=NO plus2000_match=YES
WORD_11=target=B5068693 same=0109B683 plus2000=B5068693 same_match=NO plus2000_match=YES
WORD_12=target=7597865A same=87638F7D plus2000=7597865A same_match=NO plus2000_match=YES
WORD_13=target=85930001 same=270302E6 plus2000=85930001 same_match=NO plus2000_match=YES
WORD_14=target=6517EFE5 same=2B85010A plus2000=6517EFE5 same_match=NO plus2000_match=YES
WORD_15=target=05130001 same=02098993 plus2000=05130001 same_match=NO plus2000_match=YES
MATCH_SAME_OFFSET=0/16
MATCH_PLUS_2000=16/16
FULL_MATCH_SAME_OFFSET=NO
FULL_MATCH_PLUS_2000=YES
WINDOW_SUMMARY=base=0x1D80 match_self=no match_plus_0x2000=yes matched_words_self=0/16 matched_words_plus_0x2000=16/16
WINDOW_MISMATCH_ADDRS_SELF=0x1D80,0x1D84,0x1D88,0x1D8C,0x1D90,0x1D94,0x1D98,0x1D9C,0x1DA0,0x1DA4,0x1DA8,0x1DAC,0x1DB0,0x1DB4,0x1DB8,0x1DBC
WINDOW_MISMATCH_ADDRS_PLUS_0X2000=none
WINDOW_BASE=0x1DC0
OFFSET_HYPOTHESIS=+0x2000
TARGET_WORDS=30EFA4E5,B8030640,74F80F04,00016797,B3478793,00016697,B3468693,7597865A,85930001,6517ED25,05130001,30EFA225,7CF80380,00016697,B1C68693,7597865A
PAYLOAD_SAME_WORDS=1CEBFF63,0049E703,FCE4E6E3,FC9778E3,0089E703,FE9761E3,00020737,FCE484E3,F6843783,0009E703,96B38656,77B30157,9BE100D7,02000593,30238562,40EFF8F4
PAYLOAD_PLUS2000_WORDS=30EFA4E5,B8030640,74F80F04,00016797,B3478793,00016697,B3468693,7597865A,85930001,6517ED25,05130001,30EFA225,7CF80380,00016697,B1C68693,7597865A
WORD_0=target=30EFA4E5 same=1CEBFF63 plus2000=30EFA4E5 same_match=NO plus2000_match=YES
WORD_1=target=B8030640 same=0049E703 plus2000=B8030640 same_match=NO plus2000_match=YES
WORD_2=target=74F80F04 same=FCE4E6E3 plus2000=74F80F04 same_match=NO plus2000_match=YES
WORD_3=target=00016797 same=FC9778E3 plus2000=00016797 same_match=NO plus2000_match=YES
WORD_4=target=B3478793 same=0089E703 plus2000=B3478793 same_match=NO plus2000_match=YES
WORD_5=target=00016697 same=FE9761E3 plus2000=00016697 same_match=NO plus2000_match=YES
WORD_6=target=B3468693 same=00020737 plus2000=B3468693 same_match=NO plus2000_match=YES
WORD_7=target=7597865A same=FCE484E3 plus2000=7597865A same_match=NO plus2000_match=YES
WORD_8=target=85930001 same=F6843783 plus2000=85930001 same_match=NO plus2000_match=YES
WORD_9=target=6517ED25 same=0009E703 plus2000=6517ED25 same_match=NO plus2000_match=YES
WORD_10=target=05130001 same=96B38656 plus2000=05130001 same_match=NO plus2000_match=YES
WORD_11=target=30EFA225 same=77B30157 plus2000=30EFA225 same_match=NO plus2000_match=YES
WORD_12=target=7CF80380 same=9BE100D7 plus2000=7CF80380 same_match=NO plus2000_match=YES
WORD_13=target=00016697 same=02000593 plus2000=00016697 same_match=NO plus2000_match=YES
WORD_14=target=B1C68693 same=30238562 plus2000=B1C68693 same_match=NO plus2000_match=YES
WORD_15=target=7597865A same=40EFF8F4 plus2000=7597865A same_match=NO plus2000_match=YES
MATCH_SAME_OFFSET=0/16
MATCH_PLUS_2000=16/16
FULL_MATCH_SAME_OFFSET=NO
FULL_MATCH_PLUS_2000=YES
WINDOW_SUMMARY=base=0x1DC0 match_self=no match_plus_0x2000=yes matched_words_self=0/16 matched_words_plus_0x2000=16/16
WINDOW_MISMATCH_ADDRS_SELF=0x1DC0,0x1DC4,0x1DC8,0x1DCC,0x1DD0,0x1DD4,0x1DD8,0x1DDC,0x1DE0,0x1DE4,0x1DE8,0x1DEC,0x1DF0,0x1DF4,0x1DF8,0x1DFC
WINDOW_MISMATCH_ADDRS_PLUS_0X2000=none
WINDOW_BASE=0x1E00
OFFSET_HYPOTHESIS=+0x2000
TARGET_WORDS=85930001,6517EB25,05130001,30EFB125,60EF0180,05133C30,3533FFB9,050900A0,C9CFE0EF,1084B783,1004B703,F8040593,8B859399,30238526,3423F8E4,3823F924
PAYLOAD_SAME_WORDS=477D4C60,68E38AAA,5D7DFAA7,A8194CFD,001A8613,02000593,40EF8562,8AAA4AA0,F8ACEBE3,015B0733,976E070A,11E34318,3503FFA7,60EFF704,47850710,000A869B
PAYLOAD_PLUS2000_WORDS=85930001,6517EB25,05130001,30EFB125,60EF0180,05133C30,3533FFB9,050900A0,C9CFE0EF,1084B783,1004B703,F8040593,8B859399,30238526,3423F8E4,3823F924
WORD_0=target=85930001 same=477D4C60 plus2000=85930001 same_match=NO plus2000_match=YES
WORD_1=target=6517EB25 same=68E38AAA plus2000=6517EB25 same_match=NO plus2000_match=YES
WORD_2=target=05130001 same=5D7DFAA7 plus2000=05130001 same_match=NO plus2000_match=YES
WORD_3=target=30EFB125 same=A8194CFD plus2000=30EFB125 same_match=NO plus2000_match=YES
WORD_4=target=60EF0180 same=001A8613 plus2000=60EF0180 same_match=NO plus2000_match=YES
WORD_5=target=05133C30 same=02000593 plus2000=05133C30 same_match=NO plus2000_match=YES
WORD_6=target=3533FFB9 same=40EF8562 plus2000=3533FFB9 same_match=NO plus2000_match=YES
WORD_7=target=050900A0 same=8AAA4AA0 plus2000=050900A0 same_match=NO plus2000_match=YES
WORD_8=target=C9CFE0EF same=F8ACEBE3 plus2000=C9CFE0EF same_match=NO plus2000_match=YES
WORD_9=target=1084B783 same=015B0733 plus2000=1084B783 same_match=NO plus2000_match=YES
WORD_10=target=1004B703 same=976E070A plus2000=1004B703 same_match=NO plus2000_match=YES
WORD_11=target=F8040593 same=11E34318 plus2000=F8040593 same_match=NO plus2000_match=YES
WORD_12=target=8B859399 same=3503FFA7 plus2000=8B859399 same_match=NO plus2000_match=YES
WORD_13=target=30238526 same=60EFF704 plus2000=30238526 same_match=NO plus2000_match=YES
WORD_14=target=3423F8E4 same=47850710 plus2000=3423F8E4 same_match=NO plus2000_match=YES
WORD_15=target=3823F924 same=000A869B plus2000=3823F924 same_match=NO plus2000_match=YES
MATCH_SAME_OFFSET=0/16
MATCH_PLUS_2000=16/16
FULL_MATCH_SAME_OFFSET=NO
FULL_MATCH_PLUS_2000=YES
WINDOW_SUMMARY=base=0x1E00 match_self=no match_plus_0x2000=yes matched_words_self=0/16 matched_words_plus_0x2000=16/16
WINDOW_MISMATCH_ADDRS_SELF=0x1E00,0x1E04,0x1E08,0x1E0C,0x1E10,0x1E14,0x1E18,0x1E1C,0x1E20,0x1E24,0x1E28,0x1E2C,0x1E30,0x1E34,0x1E38,0x1E3C
WINDOW_MISMATCH_ADDRS_PLUS_0X2000=none
WINDOW_BASE=0x1E40
OFFSET_HYPOTHESIS=+0x2000
TARGET_WORDS=3C23F954,3023F934,3423FB44,F0EFFAF4,6697A67F,86930001,E14583E6,744670E6,69E67906,6AA66A46,74A68526,80826109,10EF8526,66977C60,86930001,BFF189A6
PAYLOAD_SAME_WORDS=00A7D863,F8843703,00D75733,D3698B05,BF7D8936,F6843703,03F00693,473DBD31,06E91663,4755ECEE,1F377463,008A3703,7318CB2D,854EC73D,34239702,4263F4A4
PAYLOAD_PLUS2000_WORDS=3C23F954,3023F934,3423FB44,F0EFFAF4,6697A67F,86930001,E14583E6,744670E6,69E67906,6AA66A46,74A68526,80826109,10EF8526,66977C60,86930001,BFF189A6
WORD_0=target=3C23F954 same=00A7D863 plus2000=3C23F954 same_match=NO plus2000_match=YES
WORD_1=target=3023F934 same=F8843703 plus2000=3023F934 same_match=NO plus2000_match=YES
WORD_2=target=3423FB44 same=00D75733 plus2000=3423FB44 same_match=NO plus2000_match=YES
WORD_3=target=F0EFFAF4 same=D3698B05 plus2000=F0EFFAF4 same_match=NO plus2000_match=YES
WORD_4=target=6697A67F same=BF7D8936 plus2000=6697A67F same_match=NO plus2000_match=YES
WORD_5=target=86930001 same=F6843703 plus2000=86930001 same_match=NO plus2000_match=YES
WORD_6=target=E14583E6 same=03F00693 plus2000=E14583E6 same_match=NO plus2000_match=YES
WORD_7=target=744670E6 same=473DBD31 plus2000=744670E6 same_match=NO plus2000_match=YES
WORD_8=target=69E67906 same=06E91663 plus2000=69E67906 same_match=NO plus2000_match=YES
WORD_9=target=6AA66A46 same=4755ECEE plus2000=6AA66A46 same_match=NO plus2000_match=YES
WORD_10=target=74A68526 same=1F377463 plus2000=74A68526 same_match=NO plus2000_match=YES
WORD_11=target=80826109 same=008A3703 plus2000=80826109 same_match=NO plus2000_match=YES
WORD_12=target=10EF8526 same=7318CB2D plus2000=10EF8526 same_match=NO plus2000_match=YES
WORD_13=target=66977C60 same=854EC73D plus2000=66977C60 same_match=NO plus2000_match=YES
WORD_14=target=86930001 same=34239702 plus2000=86930001 same_match=NO plus2000_match=YES
WORD_15=target=BFF189A6 same=4263F4A4 plus2000=BFF189A6 same_match=NO plus2000_match=YES
MATCH_SAME_OFFSET=0/16
MATCH_PLUS_2000=16/16
FULL_MATCH_SAME_OFFSET=NO
FULL_MATCH_PLUS_2000=YES
WINDOW_SUMMARY=base=0x1E40 match_self=no match_plus_0x2000=yes matched_words_self=0/16 matched_words_plus_0x2000=16/16
WINDOW_MISMATCH_ADDRS_SELF=0x1E40,0x1E44,0x1E48,0x1E4C,0x1E50,0x1E54,0x1E58,0x1E5C,0x1E60,0x1E64,0x1E68,0x1E6C,0x1E70,0x1E74,0x1E78,0x1E7C
WINDOW_MISMATCH_ADDRS_PLUS_0X2000=none
WINDOW_BASE=0x1E80
OFFSET_HYPOTHESIS=+0x2000
TARGET_WORDS=00191793,471D8385,0AE78263,8E63472D,470D04E7,08E78963,00016697,89068693,C0F00513,FC5EE0DA,B989F862,855685A6,570070EF,00015697,7F468693,86A6BF79
PAYLOAD_SAME_WORDS=37830605,F713F784,0E630017,6D833E07,4697F604,86930004,97137C66,976E001D,97560712,9736070A,577D4314,02E68B63,F4843783,000A891B,3E078963,F4843703
PAYLOAD_PLUS2000_WORDS=00191793,471D8385,0AE78263,8E63472D,470D04E7,08E78963,00016697,89068693,C0F00513,FC5EE0DA,B989F862,855685A6,570070EF,00015697,7F468693,86A6BF79
WORD_0=target=00191793 same=37830605 plus2000=00191793 same_match=NO plus2000_match=YES
WORD_1=target=471D8385 same=F713F784 plus2000=471D8385 same_match=NO plus2000_match=YES
WORD_2=target=0AE78263 same=0E630017 plus2000=0AE78263 same_match=NO plus2000_match=YES
WORD_3=target=8E63472D same=6D833E07 plus2000=8E63472D same_match=NO plus2000_match=YES
WORD_4=target=470D04E7 same=4697F604 plus2000=470D04E7 same_match=NO plus2000_match=YES
WORD_5=target=08E78963 same=86930004 plus2000=08E78963 same_match=NO plus2000_match=YES
WORD_6=target=00016697 same=97137C66 plus2000=00016697 same_match=NO plus2000_match=YES
WORD_7=target=89068693 same=976E001D plus2000=89068693 same_match=NO plus2000_match=YES
WORD_8=target=C0F00513 same=97560712 plus2000=C0F00513 same_match=NO plus2000_match=YES
WORD_9=target=FC5EE0DA same=9736070A plus2000=FC5EE0DA same_match=NO plus2000_match=YES
WORD_10=target=B989F862 same=577D4314 plus2000=B989F862 same_match=NO plus2000_match=YES
WORD_11=target=855685A6 same=02E68B63 plus2000=855685A6 same_match=NO plus2000_match=YES
WORD_12=target=570070EF same=F4843783 plus2000=570070EF same_match=NO plus2000_match=YES
WORD_13=target=00015697 same=000A891B plus2000=00015697 same_match=NO plus2000_match=YES
WORD_14=target=7F468693 same=3E078963 plus2000=7F468693 same_match=NO plus2000_match=YES
WORD_15=target=86A6BF79 same=F4843703 plus2000=86A6BF79 same_match=NO plus2000_match=YES
MATCH_SAME_OFFSET=0/16
MATCH_PLUS_2000=16/16
FULL_MATCH_SAME_OFFSET=NO
FULL_MATCH_PLUS_2000=YES
WINDOW_SUMMARY=base=0x1E80 match_self=no match_plus_0x2000=yes matched_words_self=0/16 matched_words_plus_0x2000=16/16
WINDOW_MISMATCH_ADDRS_SELF=0x1E80,0x1E84,0x1E88,0x1E8C,0x1E90,0x1E94,0x1E98,0x1E9C,0x1EA0,0x1EA4,0x1EA8,0x1EAC,0x1EB0,0x1EB4,0x1EB8,0x1EBC
WINDOW_MISMATCH_ADDRS_PLUS_0X2000=none
WINDOW_BASE=0x1EC0
OFFSET_HYPOTHESIS=+0x2000
TARGET_WORDS=85CE8652,70EF8556,66976080,86930001,B7618066,865286A6,855685CE,0A3070EF,00016697,81068693,8526BF8D,BD8FD0EF,6697D535,86930001,E0DA8366,F862FC5E
PAYLOAD_SAME_WORDS=0E6347BD,69EA2EF7,A0196DE6,597569EA,744A70EA,6A4A74AA,854A6AAA,6129790A,69EA8082,B7E56DE6,61E34729,3783FF37,F713F784,0B630017,67032607,891BF604
PAYLOAD_PLUS2000_WORDS=85CE8652,70EF8556,66976080,86930001,B7618066,865286A6,855685CE,0A3070EF,00016697,81068693,8526BF8D,BD8FD0EF,6697D535,86930001,E0DA8366,F862FC5E
WORD_0=target=85CE8652 same=0E6347BD plus2000=85CE8652 same_match=NO plus2000_match=YES
WORD_1=target=70EF8556 same=69EA2EF7 plus2000=70EF8556 same_match=NO plus2000_match=YES
WORD_2=target=66976080 same=A0196DE6 plus2000=66976080 same_match=NO plus2000_match=YES
WORD_3=target=86930001 same=597569EA plus2000=86930001 same_match=NO plus2000_match=YES
WORD_4=target=B7618066 same=744A70EA plus2000=B7618066 same_match=NO plus2000_match=YES
WORD_5=target=865286A6 same=6A4A74AA plus2000=865286A6 same_match=NO plus2000_match=YES
WORD_6=target=855685CE same=854A6AAA plus2000=855685CE same_match=NO plus2000_match=YES
WORD_7=target=0A3070EF same=6129790A plus2000=0A3070EF same_match=NO plus2000_match=YES
WORD_8=target=00016697 same=69EA8082 plus2000=00016697 same_match=NO plus2000_match=YES
WORD_9=target=81068693 same=B7E56DE6 plus2000=81068693 same_match=NO plus2000_match=YES
WORD_10=target=8526BF8D same=61E34729 plus2000=8526BF8D same_match=NO plus2000_match=YES
WORD_11=target=BD8FD0EF same=3783FF37 plus2000=BD8FD0EF same_match=NO plus2000_match=YES
WORD_12=target=6697D535 same=F713F784 plus2000=6697D535 same_match=NO plus2000_match=YES
WORD_13=target=86930001 same=0B630017 plus2000=86930001 same_match=NO plus2000_match=YES
WORD_14=target=E0DA8366 same=67032607 plus2000=E0DA8366 same_match=NO plus2000_match=YES
WORD_15=target=F862FC5E same=891BF604 plus2000=F862FC5E same_match=NO plus2000_match=YES
MATCH_SAME_OFFSET=0/16
MATCH_PLUS_2000=16/16
FULL_MATCH_SAME_OFFSET=NO
FULL_MATCH_PLUS_2000=YES
WINDOW_SUMMARY=base=0x1EC0 match_self=no match_plus_0x2000=yes matched_words_self=0/16 matched_words_plus_0x2000=16/16
WINDOW_MISMATCH_ADDRS_SELF=0x1EC0,0x1EC4,0x1EC8,0x1ECC,0x1ED0,0x1ED4,0x1ED8,0x1EDC,0x1EE0,0x1EE4,0x1EE8,0x1EEC,0x1EF0,0x1EF4,0x1EF8,0x1EFC
WINDOW_MISMATCH_ADDRS_PLUS_0X2000=none
WINDOW_BASE=0x1F00
OFFSET_HYPOTHESIS=+0x2000
TARGET_WORDS=D0EFBEF5,27F39A8F,9CE3FB00,6B06BC07,7C427BE2,8526B7A1,BACFD0EF,BED9D56D,8FCFF0EF,D0EFB7CD,BF0D984F,8F0FF0EF,8752B735,865A86CE,00017597,D7858593
PAYLOAD_SAME_WORDS=1693000A,97360017,97560712,00044697,74C68693,9736070A,577D4314,FAE688E3,F7843783,93638B89,37831E07,8B91F784,69EAE399,4601BF71,051B4581,F0EF0009
PAYLOAD_PLUS2000_WORDS=D0EFBEF5,27F39A8F,9CE3FB00,6B06BC07,7C427BE2,8526B7A1,BACFD0EF,BED9D56D,8FCFF0EF,D0EFB7CD,BF0D984F,8F0FF0EF,8752B735,865A86CE,00017597,D7858593
WORD_0=target=D0EFBEF5 same=1693000A plus2000=D0EFBEF5 same_match=NO plus2000_match=YES
WORD_1=target=27F39A8F same=97360017 plus2000=27F39A8F same_match=NO plus2000_match=YES
WORD_2=target=9CE3FB00 same=97560712 plus2000=9CE3FB00 same_match=NO plus2000_match=YES
WORD_3=target=6B06BC07 same=00044697 plus2000=6B06BC07 same_match=NO plus2000_match=YES
WORD_4=target=7C427BE2 same=74C68693 plus2000=7C427BE2 same_match=NO plus2000_match=YES
WORD_5=target=8526B7A1 same=9736070A plus2000=8526B7A1 same_match=NO plus2000_match=YES
WORD_6=target=BACFD0EF same=577D4314 plus2000=BACFD0EF same_match=NO plus2000_match=YES
WORD_7=target=BED9D56D same=FAE688E3 plus2000=BED9D56D same_match=NO plus2000_match=YES
WORD_8=target=8FCFF0EF same=F7843783 plus2000=8FCFF0EF same_match=NO plus2000_match=YES
WORD_9=target=D0EFB7CD same=93638B89 plus2000=D0EFB7CD same_match=NO plus2000_match=YES
WORD_10=target=BF0D984F same=37831E07 plus2000=BF0D984F same_match=NO plus2000_match=YES
WORD_11=target=8F0FF0EF same=8B91F784 plus2000=8F0FF0EF same_match=NO plus2000_match=YES
WORD_12=target=8752B735 same=69EAE399 plus2000=8752B735 same_match=NO plus2000_match=YES
WORD_13=target=865A86CE same=4601BF71 plus2000=865A86CE same_match=NO plus2000_match=YES
WORD_14=target=00017597 same=051B4581 plus2000=00017597 same_match=NO plus2000_match=YES
WORD_15=target=D7858593 same=F0EF0009 plus2000=D7858593 same_match=NO plus2000_match=YES
MATCH_SAME_OFFSET=0/16
MATCH_PLUS_2000=16/16
FULL_MATCH_SAME_OFFSET=NO
FULL_MATCH_PLUS_2000=YES
WINDOW_SUMMARY=base=0x1F00 match_self=no match_plus_0x2000=yes matched_words_self=0/16 matched_words_plus_0x2000=16/16
WINDOW_MISMATCH_ADDRS_SELF=0x1F00,0x1F04,0x1F08,0x1F0C,0x1F10,0x1F14,0x1F18,0x1F1C,0x1F20,0x1F24,0x1F28,0x1F2C,0x1F30,0x1F34,0x1F38,0x1F3C
WINDOW_MISMATCH_ADDRS_PLUS_0X2000=none
WINDOW_BASE=0x1F40
OFFSET_HYPOTHESIS=+0x2000
TARGET_WORDS=00016517,85850513,6DF020EF,1141BED5,E406E022,27F30800,67BC3400,B7179782,07130004,631CB427,6F94CF91,CE814785,E0221141,0800E406,9682670C,640260A2
PAYLOAD_SAME_WORDS=69EAD10F,93E3B771,3783F809,F713F784,E30D0017,F8043423,F1402973,340026F3,000A6703,F6D43823,18EAFF63,34234789,BB5DF4F4,F6046683,00169713,07129736
PAYLOAD_PLUS2000_WORDS=00016517,85850513,6DF020EF,1141BED5,E406E022,27F30800,67BC3400,B7179782,07130004,631CB427,6F94CF91,CE814785,E0221141,0800E406,9682670C,640260A2
WORD_0=target=00016517 same=69EAD10F plus2000=00016517 same_match=NO plus2000_match=YES
WORD_1=target=85850513 same=93E3B771 plus2000=85850513 same_match=NO plus2000_match=YES
WORD_2=target=6DF020EF same=3783F809 plus2000=6DF020EF same_match=NO plus2000_match=YES
WORD_3=target=1141BED5 same=F713F784 plus2000=1141BED5 same_match=NO plus2000_match=YES
WORD_4=target=E406E022 same=E30D0017 plus2000=E406E022 same_match=NO plus2000_match=YES
WORD_5=target=27F30800 same=F8043423 plus2000=27F30800 same_match=NO plus2000_match=YES
WORD_6=target=67BC3400 same=F1402973 plus2000=67BC3400 same_match=NO plus2000_match=YES
WORD_7=target=B7179782 same=340026F3 plus2000=B7179782 same_match=NO plus2000_match=YES
WORD_8=target=07130004 same=000A6703 plus2000=07130004 same_match=NO plus2000_match=YES
WORD_9=target=631CB427 same=F6D43823 plus2000=631CB427 same_match=NO plus2000_match=YES
WORD_10=target=6F94CF91 same=18EAFF63 plus2000=6F94CF91 same_match=NO plus2000_match=YES
WORD_11=target=CE814785 same=34234789 plus2000=CE814785 same_match=NO plus2000_match=YES
WORD_12=target=E0221141 same=BB5DF4F4 plus2000=E0221141 same_match=NO plus2000_match=YES
WORD_13=target=0800E406 same=F6046683 plus2000=0800E406 same_match=NO plus2000_match=YES
WORD_14=target=9682670C same=00169713 plus2000=9682670C same_match=NO plus2000_match=YES
WORD_15=target=640260A2 same=07129736 plus2000=640260A2 same_match=NO plus2000_match=YES
MATCH_SAME_OFFSET=0/16
MATCH_PLUS_2000=16/16
FULL_MATCH_SAME_OFFSET=NO
FULL_MATCH_PLUS_2000=YES
WINDOW_SUMMARY=base=0x1F40 match_self=no match_plus_0x2000=yes matched_words_self=0/16 matched_words_plus_0x2000=16/16
WINDOW_MISMATCH_ADDRS_SELF=0x1F40,0x1F44,0x1F48,0x1F4C,0x1F50,0x1F54,0x1F58,0x1F5C,0x1F60,0x1F64,0x1F68,0x1F6C,0x1F70,0x1F74,0x1F78,0x1F7C
WINDOW_MISMATCH_ADDRS_PLUS_0X2000=none
WINDOW_BASE=0x1F80
OFFSET_HYPOTHESIS=+0x2000
TARGET_WORDS=80820141,853E4785,B7178082,07130004,631CB167,739CCF89,1141CB99,E406E022,670C0800,60A29782,01416402,45018082,11418082,0800E422,0004B797,AE87B783
PAYLOAD_SAME_WORDS=46979756,86930004,070A6D66,43149736,8DE3577D,69EAF2E6,000A891B,57F9BF15,16F90F63,340029F3,0389B783,14078763,6FBC6FBC,14078363,F5843583,F5043503
PAYLOAD_PLUS2000_WORDS=80820141,853E4785,B7178082,07130004,631CB167,739CCF89,1141CB99,E406E022,670C0800,60A29782,01416402,45018082,11418082,0800E422,0004B797,AE87B783
WORD_0=target=80820141 same=46979756 plus2000=80820141 same_match=NO plus2000_match=YES
WORD_1=target=853E4785 same=86930004 plus2000=853E4785 same_match=NO plus2000_match=YES
WORD_2=target=B7178082 same=070A6D66 plus2000=B7178082 same_match=NO plus2000_match=YES
WORD_3=target=07130004 same=43149736 plus2000=07130004 same_match=NO plus2000_match=YES
WORD_4=target=631CB167 same=8DE3577D plus2000=631CB167 same_match=NO plus2000_match=YES
WORD_5=target=739CCF89 same=69EAF2E6 plus2000=739CCF89 same_match=NO plus2000_match=YES
WORD_6=target=1141CB99 same=000A891B plus2000=1141CB99 same_match=NO plus2000_match=YES
WORD_7=target=E406E022 same=57F9BF15 plus2000=E406E022 same_match=NO plus2000_match=YES
WORD_8=target=670C0800 same=16F90F63 plus2000=670C0800 same_match=NO plus2000_match=YES
WORD_9=target=60A29782 same=340029F3 plus2000=60A29782 same_match=NO plus2000_match=YES
WORD_10=target=01416402 same=0389B783 plus2000=01416402 same_match=NO plus2000_match=YES
WORD_11=target=45018082 same=14078763 plus2000=45018082 same_match=NO plus2000_match=YES
WORD_12=target=11418082 same=6FBC6FBC plus2000=11418082 same_match=NO plus2000_match=YES
WORD_13=target=0800E422 same=14078363 plus2000=0800E422 same_match=NO plus2000_match=YES
WORD_14=target=0004B797 same=F5843583 plus2000=0004B797 same_match=NO plus2000_match=YES
WORD_15=target=AE87B783 same=F5043503 plus2000=AE87B783 same_match=NO plus2000_match=YES
MATCH_SAME_OFFSET=0/16
MATCH_PLUS_2000=16/16
FULL_MATCH_SAME_OFFSET=NO
FULL_MATCH_PLUS_2000=YES
WINDOW_SUMMARY=base=0x1F80 match_self=no match_plus_0x2000=yes matched_words_self=0/16 matched_words_plus_0x2000=16/16
WINDOW_MISMATCH_ADDRS_SELF=0x1F80,0x1F84,0x1F88,0x1F8C,0x1F90,0x1F94,0x1F98,0x1F9C,0x1FA0,0x1FA4,0x1FA8,0x1FAC,0x1FB0,0x1FB4,0x1FB8,0x1FBC
WINDOW_MISMATCH_ADDRS_PLUS_0X2000=none
WINDOW_BASE=0x1FC0
OFFSET_HYPOTHESIS=+0x2000
TARGET_WORDS=C7814501,35336FA8,642200A0,80820141,E0221141,0800E406,0004B797,AC878793,0007B803,37836798,97820588,640260A2,80820141,0004B717,AAC70713,CF89631C
PAYLOAD_SAME_WORDS=84AA9782,12050B63,FFD9079B,0A9B4771,64630009,458112F7,60EF854E,C9017740,D71357FD,8F650107,64B317FA,378300F7,C789008A,C3996BBC,97828556,F7843783
PAYLOAD_PLUS2000_WORDS=C7814501,35336FA8,642200A0,80820141,E0221141,0800E406,0004B797,AC878793,0007B803,37836798,97820588,640260A2,80820141,0004B717,AAC70713,CF89631C
WORD_0=target=C7814501 same=84AA9782 plus2000=C7814501 same_match=NO plus2000_match=YES
WORD_1=target=35336FA8 same=12050B63 plus2000=35336FA8 same_match=NO plus2000_match=YES
WORD_2=target=642200A0 same=FFD9079B plus2000=642200A0 same_match=NO plus2000_match=YES
WORD_3=target=80820141 same=0A9B4771 plus2000=80820141 same_match=NO plus2000_match=YES
WORD_4=target=E0221141 same=64630009 plus2000=E0221141 same_match=NO plus2000_match=YES
WORD_5=target=0800E406 same=458112F7 plus2000=0800E406 same_match=NO plus2000_match=YES
WORD_6=target=0004B797 same=60EF854E plus2000=0004B797 same_match=NO plus2000_match=YES
WORD_7=target=AC878793 same=C9017740 plus2000=AC878793 same_match=NO plus2000_match=YES
WORD_8=target=0007B803 same=D71357FD plus2000=0007B803 same_match=NO plus2000_match=YES
WORD_9=target=37836798 same=8F650107 plus2000=37836798 same_match=NO plus2000_match=YES
WORD_10=target=97820588 same=64B317FA plus2000=97820588 same_match=NO plus2000_match=YES
WORD_11=target=640260A2 same=378300F7 plus2000=640260A2 same_match=NO plus2000_match=YES
WORD_12=target=80820141 same=C789008A plus2000=80820141 same_match=NO plus2000_match=YES
WORD_13=target=0004B717 same=C3996BBC plus2000=0004B717 same_match=NO plus2000_match=YES
WORD_14=target=AAC70713 same=97828556 plus2000=AAC70713 same_match=NO plus2000_match=YES
WORD_15=target=CF89631C same=F7843783 plus2000=CF89631C same_match=NO plus2000_match=YES
MATCH_SAME_OFFSET=0/16
MATCH_PLUS_2000=16/16
FULL_MATCH_SAME_OFFSET=NO
FULL_MATCH_PLUS_2000=YES
WINDOW_SUMMARY=base=0x1FC0 match_self=no match_plus_0x2000=yes matched_words_self=0/16 matched_words_plus_0x2000=16/16
WINDOW_MISMATCH_ADDRS_SELF=0x1FC0,0x1FC4,0x1FC8,0x1FCC,0x1FD0,0x1FD4,0x1FD8,0x1FDC,0x1FE0,0x1FE4,0x1FE8,0x1FEC,0x1FF0,0x1FF4,0x1FF8,0x1FFC
WINDOW_MISMATCH_ADDRS_PLUS_0X2000=none
WINDOW_BASE=0x2000
OFFSET_HYPOTHESIS=+0x2000
TARGET_WORDS=C7818BA1,17EA4785,37838CDD,8BC1F784,4785C781,8CDD17EE,F7843783,0207F793,4785C781,8CDD17F2,F7843783,0407F793,4785C781,8CDD17F6,051B85A6,20EF3209
PAYLOAD_SAME_WORDS=C7818BA1,17EA4785,37838CDD,8BC1F784,4785C781,8CDD17EE,F7843783,0207F793,4785C781,8CDD17F2,F7843783,0407F793,4785C781,8CDD17F6,051B85A6,20EF3209
PAYLOAD_PLUS2000_WORDS=CB997B9C,E0221141,0800E406,97826708,640260A2,80820141,B7178082,07130004,631CA867,7F9CCF89,1141CB99,E406E022,67080800,60A29782,01416402,80828082
WORD_0=target=C7818BA1 same=C7818BA1 plus2000=CB997B9C same_match=YES plus2000_match=NO
WORD_1=target=17EA4785 same=17EA4785 plus2000=E0221141 same_match=YES plus2000_match=NO
WORD_2=target=37838CDD same=37838CDD plus2000=0800E406 same_match=YES plus2000_match=NO
WORD_3=target=8BC1F784 same=8BC1F784 plus2000=97826708 same_match=YES plus2000_match=NO
WORD_4=target=4785C781 same=4785C781 plus2000=640260A2 same_match=YES plus2000_match=NO
WORD_5=target=8CDD17EE same=8CDD17EE plus2000=80820141 same_match=YES plus2000_match=NO
WORD_6=target=F7843783 same=F7843783 plus2000=B7178082 same_match=YES plus2000_match=NO
WORD_7=target=0207F793 same=0207F793 plus2000=07130004 same_match=YES plus2000_match=NO
WORD_8=target=4785C781 same=4785C781 plus2000=631CA867 same_match=YES plus2000_match=NO
WORD_9=target=8CDD17F2 same=8CDD17F2 plus2000=7F9CCF89 same_match=YES plus2000_match=NO
WORD_10=target=F7843783 same=F7843783 plus2000=1141CB99 same_match=YES plus2000_match=NO
WORD_11=target=0407F793 same=0407F793 plus2000=E406E022 same_match=YES plus2000_match=NO
WORD_12=target=4785C781 same=4785C781 plus2000=67080800 same_match=YES plus2000_match=NO
WORD_13=target=8CDD17F6 same=8CDD17F6 plus2000=60A29782 same_match=YES plus2000_match=NO
WORD_14=target=051B85A6 same=051B85A6 plus2000=01416402 same_match=YES plus2000_match=NO
WORD_15=target=20EF3209 same=20EF3209 plus2000=80828082 same_match=YES plus2000_match=NO
MATCH_SAME_OFFSET=16/16
MATCH_PLUS_2000=0/16
FULL_MATCH_SAME_OFFSET=YES
FULL_MATCH_PLUS_2000=NO
WINDOW_SUMMARY=base=0x2000 match_self=yes match_plus_0x2000=no matched_words_self=16/16 matched_words_plus_0x2000=0/16
WINDOW_MISMATCH_ADDRS_SELF=none
WINDOW_MISMATCH_ADDRS_PLUS_0X2000=0x2000,0x2004,0x2008,0x200C,0x2010,0x2014,0x2018,0x201C,0x2020,0x2024,0x2028,0x202C,0x2030,0x2034,0x2038,0x203C

==== summary ====
FULL_MATCH_PLUS_2000_BASES=0x0,0x40,0x80,0xC0,0x100,0x140,0x180,0x1C0,0x200,0x240,0x280,0x2C0,0x300,0x340,0x380,0x3C0,0x400,0x440,0x480,0x4C0,0x500,0x540,0x580,0x5C0,0x600,0x640,0x680,0x6C0,0x700,0x740,0x780,0x7C0,0x800,0x840,0x880,0x8C0,0x900,0x940,0x980,0x9C0,0xA00,0xA40,0xA80,0xAC0,0xB00,0xB40,0xB80,0xBC0,0xC00,0xC40,0xC80,0xCC0,0xD00,0xD40,0xD80,0xDC0,0xE00,0xE40,0xE80,0xEC0,0xF00,0xF40,0xF80,0xFC0,0x1040,0x1080,0x10C0,0x1100,0x1140,0x1180,0x11C0,0x1200,0x1240,0x1280,0x12C0,0x1300,0x1340,0x1380,0x13C0,0x1400,0x1440,0x1480,0x14C0,0x1500,0x1540,0x1580,0x15C0,0x1600,0x1640,0x1680,0x16C0,0x1700,0x1740,0x1780,0x17C0,0x1800,0x1840,0x1880,0x18C0,0x1900,0x1940,0x1980,0x19C0,0x1A00,0x1A40,0x1A80,0x1AC0,0x1B00,0x1B40,0x1B80,0x1BC0,0x1C00,0x1C40,0x1C80,0x1CC0,0x1D00,0x1D40,0x1D80,0x1DC0,0x1E00,0x1E40,0x1E80,0x1EC0,0x1F00,0x1F40,0x1F80,0x1FC0
PARTIAL_MATCH_PLUS_2000_BASES=0x1000
NO_MATCH_PLUS_2000_BASES=0x2000
FULL_MATCH_SAME_OFFSET_BASES=0x2000
FULL_MATCH_PLUS_2000_RUNS=0x0-0xFC0,0x1040-0x1FC0
FULL_MATCH_SELF_RUNS=0x2000-0x2000
LAST_FULL_PLUS_BASE=0x1FC0
FIRST_FULL_SELF_BASE=0x2000
TRANSITION_INTERVAL=between 0x1FC0 and 0x2000
FULL_PLUS_CONTIGUOUS_FROM_ZERO=NO
IS_PLUS_2000_GLOBAL_ACROSS_SAMPLES=NO
PLUS_2000_MATCH_SCOPE=BROADER_THAN_SINGLE_WINDOW
LIKELY_ALIAS_REMAP_WINDOW=YES
