'\\wsl.localhost\Ubuntu-22.04\root\chipyard\fpga'
用作为当前目录的以上路径启动了 CMD.EXE。
UNC 路径不受支持。默认值设为 Windows 目录。

==== check inputs ====
PAYLOAD_FILE=\\wsl.localhost\Ubuntu-22.04\root\chipyard\software\firemarshal\boards\default\firmware\opensbi\build\platform\generic\firmware\fw_payload.bin
PAYLOAD_SIZE_ALIGNED=0x1AD5000
BOOTADDR=0x80000000

==== connect and recover ====
attempting to launch hw_server

****** Xilinx hw_server v2021.2
  **** Build date : Oct 19 2021 at 03:13:30
    ** Copyright 1986-2021 Xilinx, Inc. All Rights Reserved.

INFO: hw_server application started
INFO: Use Ctrl-C to exit hw_server application



****** Xilinx hw_server v2021.2

  **** Build date : Oct 19 2021 at 03:13:30

    ** Copyright 1986-2021 Xilinx, Inc. All Rights Reserved.



INFO: hw_server application started

INFO: Use Ctrl-C to exit hw_server application




INFO: To connect to this hw_server instance use url: TCP:127.0.0.1:3121




==== psu init and fpga ====

==== payload download and bootaddr ====
POST_BOOTADDR_LO=1000:   80000000
POST_BOOTADDR_HI=1004:   00000000
POST_MSIP=2000000:   00000001

==== window compare ====
WINDOW_BASE=0x0
OFFSET_HYPOTHESIS=+0x2000
TARGET_WORDS=C7818BA1,17EA4785,37838CDD,8BC1F784,4785C781,8CDD17EE,F7843783,0207F793
PAYLOAD_SAME_WORDS=00050433,000584B3,00060933,55C000EF,00050833,00040533,000485B3,00090633
PAYLOAD_PLUS2000_WORDS=C7818BA1,17EA4785,37838CDD,8BC1F784,4785C781,8CDD17EE,F7843783,0207F793
WORD_0=target=C7818BA1 same=00050433 plus2000=C7818BA1 same_match=NO plus2000_match=YES
WORD_1=target=17EA4785 same=000584B3 plus2000=17EA4785 same_match=NO plus2000_match=YES
WORD_2=target=37838CDD same=00060933 plus2000=37838CDD same_match=NO plus2000_match=YES
WORD_3=target=8BC1F784 same=55C000EF plus2000=8BC1F784 same_match=NO plus2000_match=YES
WORD_4=target=4785C781 same=00050833 plus2000=4785C781 same_match=NO plus2000_match=YES
WORD_5=target=8CDD17EE same=00040533 plus2000=8CDD17EE same_match=NO plus2000_match=YES
WORD_6=target=F7843783 same=000485B3 plus2000=F7843783 same_match=NO plus2000_match=YES
WORD_7=target=0207F793 same=00090633 plus2000=0207F793 same_match=NO plus2000_match=YES
MATCH_SAME_OFFSET=0/8
MATCH_PLUS_2000=8/8
FULL_MATCH_SAME_OFFSET=NO
FULL_MATCH_PLUS_2000=YES
WINDOW_BASE=0x40
OFFSET_HYPOTHESIS=+0x2000
TARGET_WORDS=6B0A52D0,7C467BE6,7D067CA6,A8CD6DE6,F7843783,0017F713,20071363,F6843783
PAYLOAD_SAME_WORDS=FDC28293,00000317,FBC30313,0062B023,00040297,FD028293,0002B283,405303B3
PAYLOAD_PLUS2000_WORDS=6B0A52D0,7C467BE6,7D067CA6,A8CD6DE6,F7843783,0017F713,20071363,F6843783
WORD_0=target=6B0A52D0 same=FDC28293 plus2000=6B0A52D0 same_match=NO plus2000_match=YES
WORD_1=target=7C467BE6 same=00000317 plus2000=7C467BE6 same_match=NO plus2000_match=YES
WORD_2=target=7D067CA6 same=FBC30313 plus2000=7D067CA6 same_match=NO plus2000_match=YES
WORD_3=target=A8CD6DE6 same=0062B023 plus2000=A8CD6DE6 same_match=NO plus2000_match=YES
WORD_4=target=F7843783 same=00040297 plus2000=F7843783 same_match=NO plus2000_match=YES
WORD_5=target=0017F713 same=FD028293 plus2000=0017F713 same_match=NO plus2000_match=YES
WORD_6=target=20071363 same=0002B283 plus2000=20071363 same_match=NO plus2000_match=YES
WORD_7=target=F6843783 same=405303B3 plus2000=F6843783 same_match=NO plus2000_match=YES
MATCH_SAME_OFFSET=0/8
MATCH_PLUS_2000=8/8
FULL_MATCH_SAME_OFFSET=NO
FULL_MATCH_PLUS_2000=YES
WINDOW_BASE=0x80
OFFSET_HYPOTHESIS=+0x2000
TARGET_WORDS=23274B63,6C03F8E2,E15AF604,1A93F4E6,9AE2001C,4B17F0EA,0B130004,0A925C2B
PAYLOAD_SAME_WORDS=BF03A8A1,4E0DFF02,01CF1B63,FE82BE03,FF82BF03,9E1E9F1E,01EE3023,7E97A835
PAYLOAD_PLUS2000_WORDS=23274B63,6C03F8E2,E15AF604,1A93F4E6,9AE2001C,4B17F0EA,0B130004,0A925C2B
WORD_0=target=23274B63 same=BF03A8A1 plus2000=23274B63 same_match=NO plus2000_match=YES
WORD_1=target=6C03F8E2 same=4E0DFF02 plus2000=6C03F8E2 same_match=NO plus2000_match=YES
WORD_2=target=E15AF604 same=01CF1B63 plus2000=E15AF604 same_match=NO plus2000_match=YES
WORD_3=target=1A93F4E6 same=FE82BE03 plus2000=1A93F4E6 same_match=NO plus2000_match=YES
WORD_4=target=9AE2001C same=FF82BF03 plus2000=9AE2001C same_match=NO plus2000_match=YES
WORD_5=target=4B17F0EA same=9E1E9F1E plus2000=4B17F0EA same_match=NO plus2000_match=YES
WORD_6=target=0B130004 same=01EE3023 plus2000=0B130004 same_match=NO plus2000_match=YES
WORD_7=target=0A925C2B same=7E97A835 plus2000=0A925C2B same_match=NO plus2000_match=YES
MATCH_SAME_OFFSET=0/8
MATCH_PLUS_2000=8/8
FULL_MATCH_SAME_OFFSET=NO
FULL_MATCH_PLUS_2000=YES
WINDOW_BASE=0xC0
OFFSET_HYPOTHESIS=+0x2000
TARGET_WORDS=02C77263,85CE439C,40D7053B,01A79C63,F46347D5,37830D37,C3E1008A,CFD5779C
PAYLOAD_SAME_WORDS=8AB303EF,BF8301FE,BF03FF82,9F7E008A,9E1E9F1E,01EE3023,54E302E1,A011FA53
PAYLOAD_PLUS2000_WORDS=02C77263,85CE439C,40D7053B,01A79C63,F46347D5,37830D37,C3E1008A,CFD5779C
WORD_0=target=02C77263 same=8AB303EF plus2000=02C77263 same_match=NO plus2000_match=YES
WORD_1=target=85CE439C same=BF8301FE plus2000=85CE439C same_match=NO plus2000_match=YES
WORD_2=target=40D7053B same=BF03FF82 plus2000=40D7053B same_match=NO plus2000_match=YES
WORD_3=target=01A79C63 same=9F7E008A plus2000=01A79C63 same_match=NO plus2000_match=YES
WORD_4=target=F46347D5 same=9E1E9F1E plus2000=F46347D5 same_match=NO plus2000_match=YES
WORD_5=target=37830D37 same=01EE3023 plus2000=37830D37 same_match=NO plus2000_match=YES
WORD_6=target=C3E1008A same=54E302E1 plus2000=C3E1008A same_match=NO plus2000_match=YES
WORD_7=target=CFD5779C same=A011FA53 plus2000=CFD5779C same_match=NO plus2000_match=YES
MATCH_SAME_OFFSET=0/8
MATCH_PLUS_2000=8/8
FULL_MATCH_SAME_OFFSET=NO
FULL_MATCH_PLUS_2000=YES
WINDOW_BASE=0x100
OFFSET_HYPOTHESIS=+0x2000
TARGET_WORDS=7D067CA6,69EA6DE6,B3D95979,051B6505,4581B005,0125053B,453020EF,6B0AB539
PAYLOAD_SAME_WORDS=7A97F06A,8A930005,3023F76A,0A21000A,FF5A4DE3,00000A17,2F4A0A13,305A1073
PAYLOAD_PLUS2000_WORDS=7D067CA6,69EA6DE6,B3D95979,051B6505,4581B005,0125053B,453020EF,6B0AB539
WORD_0=target=7D067CA6 same=7A97F06A plus2000=7D067CA6 same_match=NO plus2000_match=YES
WORD_1=target=69EA6DE6 same=8A930005 plus2000=69EA6DE6 same_match=NO plus2000_match=YES
WORD_2=target=B3D95979 same=3023F76A plus2000=B3D95979 same_match=NO plus2000_match=YES
WORD_3=target=051B6505 same=0A21000A plus2000=051B6505 same_match=NO plus2000_match=YES
WORD_4=target=4581B005 same=FF5A4DE3 plus2000=4581B005 same_match=NO plus2000_match=YES
WORD_5=target=0125053B same=00000A17 plus2000=0125053B same_match=NO plus2000_match=YES
WORD_6=target=453020EF same=2F4A0A13 plus2000=453020EF same_match=NO plus2000_match=YES
WORD_7=target=6B0AB539 same=305A1073 plus2000=6B0AB539 same_match=NO plus2000_match=YES
MATCH_SAME_OFFSET=0/8
MATCH_PLUS_2000=8/8
FULL_MATCH_SAME_OFFSET=NO
FULL_MATCH_PLUS_2000=YES
WINDOW_BASE=0x140
OFFSET_HYPOTHESIS=+0x2000
TARGET_WORDS=F6046703,00171793,079297BA,471797CA,07130004,078A50A7,370397BA,C398F504
PAYLOAD_SAME_WORDS=00EF0007,053342E0,85B30004,06330004,86B30009,07330009,0433000A,84B30005
PAYLOAD_PLUS2000_WORDS=F6046703,00171793,079297BA,471797CA,07130004,078A50A7,370397BA,C398F504
WORD_0=target=F6046703 same=00EF0007 plus2000=F6046703 same_match=NO plus2000_match=YES
WORD_1=target=00171793 same=053342E0 plus2000=00171793 same_match=NO plus2000_match=YES
WORD_2=target=079297BA same=85B30004 plus2000=079297BA same_match=NO plus2000_match=YES
WORD_3=target=471797CA same=06330004 plus2000=471797CA same_match=NO plus2000_match=YES
WORD_4=target=07130004 same=86B30009 plus2000=07130004 same_match=NO plus2000_match=YES
WORD_5=target=078A50A7 same=07330009 plus2000=078A50A7 same_match=NO plus2000_match=YES
WORD_6=target=370397BA same=0433000A plus2000=370397BA same_match=NO plus2000_match=YES
WORD_7=target=C398F504 same=84B30005 plus2000=C398F504 same_match=NO plus2000_match=YES
MATCH_SAME_OFFSET=0/8
MATCH_PLUS_2000=8/8
FULL_MATCH_SAME_OFFSET=NO
FULL_MATCH_PLUS_2000=YES
WINDOW_BASE=0x180
OFFSET_HYPOTHESIS=+0x2000
TARGET_WORDS=F8EAF3E3,34234705,3023F404,83E3F404,BE59BAE4,F4043903,40E3B765,1793F609
PAYLOAD_SAME_WORDS=86B30009,07330009,85B3000A,07170002,07130004,6B830527,6C030507,82170547
PAYLOAD_PLUS2000_WORDS=F8EAF3E3,34234705,3023F404,83E3F404,BE59BAE4,F4043903,40E3B765,1793F609
WORD_0=target=F8EAF3E3 same=86B30009 plus2000=F8EAF3E3 same_match=NO plus2000_match=YES
WORD_1=target=34234705 same=07330009 plus2000=34234705 same_match=NO plus2000_match=YES
WORD_2=target=3023F404 same=85B3000A plus2000=3023F404 same_match=NO plus2000_match=YES
WORD_3=target=83E3F404 same=07170002 plus2000=83E3F404 same_match=NO plus2000_match=YES
WORD_4=target=BE59BAE4 same=07130004 plus2000=BE59BAE4 same_match=NO plus2000_match=YES
WORD_5=target=F4043903 same=6B830527 plus2000=F4043903 same_match=NO plus2000_match=YES
WORD_6=target=40E3B765 same=6C030507 plus2000=40E3B765 same_match=NO plus2000_match=YES
WORD_7=target=1793F609 same=82170547 plus2000=1793F609 same_match=NO plus2000_match=YES
MATCH_SAME_OFFSET=0/8
MATCH_PLUS_2000=8/8
FULL_MATCH_SAME_OFFSET=NO
FULL_MATCH_PLUS_2000=YES
WINDOW_BASE=0x1C0
OFFSET_HYPOTHESIS=+0x2000
TARGET_WORDS=8B89F784,2703C395,9793000A,073B004D,170240E9,97BA9301,0717078E,07130004
PAYLOAD_SAME_WORDS=02336785,071740F2,07130000,07B3E3A7,302340EE,342300E2,071700F2,07130004
PAYLOAD_PLUS2000_WORDS=8B89F784,2703C395,9793000A,073B004D,170240E9,97BA9301,0717078E,07130004
WORD_0=target=8B89F784 same=02336785 plus2000=8B89F784 same_match=NO plus2000_match=YES
WORD_1=target=2703C395 same=071740F2 plus2000=2703C395 same_match=NO plus2000_match=YES
WORD_2=target=9793000A same=07130000 plus2000=9793000A same_match=NO plus2000_match=YES
WORD_3=target=073B004D same=07B3E3A7 plus2000=073B004D same_match=NO plus2000_match=YES
WORD_4=target=170240E9 same=302340EE plus2000=170240E9 same_match=NO plus2000_match=YES
WORD_5=target=97BA9301 same=342300E2 plus2000=97BA9301 same_match=NO plus2000_match=YES
WORD_6=target=0717078E same=071700F2 plus2000=0717078E same_match=NO plus2000_match=YES
WORD_7=target=07130004 same=07130004 plus2000=07130004 same_match=YES plus2000_match=YES
MATCH_SAME_OFFSET=1/8
MATCH_PLUS_2000=8/8
FULL_MATCH_SAME_OFFSET=NO
FULL_MATCH_PLUS_2000=YES
WINDOW_BASE=0x200
OFFSET_HYPOTHESIS=+0x2000
TARGET_WORDS=008A3783,B883CF95,8B630387,873B0208,169340E4,92810207,004D9793,078E97B6
PAYLOAD_SAME_WORDS=000485B3,00090633,00050433,000584B3,00060933,36C000EF,02A23023,00040533
PAYLOAD_PLUS2000_WORDS=008A3783,B883CF95,8B630387,873B0208,169340E4,92810207,004D9793,078E97B6
WORD_0=target=008A3783 same=000485B3 plus2000=008A3783 same_match=NO plus2000_match=YES
WORD_1=target=B883CF95 same=00090633 plus2000=B883CF95 same_match=NO plus2000_match=YES
WORD_2=target=8B630387 same=00050433 plus2000=8B630387 same_match=NO plus2000_match=YES
WORD_3=target=873B0208 same=000584B3 plus2000=873B0208 same_match=NO plus2000_match=YES
WORD_4=target=169340E4 same=00060933 plus2000=169340E4 same_match=NO plus2000_match=YES
WORD_5=target=92810207 same=36C000EF plus2000=92810207 same_match=NO plus2000_match=YES
WORD_6=target=004D9793 same=02A23023 plus2000=004D9793 same_match=NO plus2000_match=YES
WORD_7=target=078E97B6 same=00040533 plus2000=078E97B6 same_match=NO plus2000_match=YES
MATCH_SAME_OFFSET=0/8
MATCH_PLUS_2000=8/8
FULL_MATCH_SAME_OFFSET=NO
FULL_MATCH_PLUS_2000=YES
WINDOW_BASE=0x240
OFFSET_HYPOTHESIS=+0x2000
TARGET_WORDS=000A2783,003D9713,6F149752,47859C9D,009797B3,EF1C8FD5,6DE669EA,6D83B995
PAYLOAD_SAME_WORDS=000485B3,00090633,00000717,10C70713,02E23823,00040717,F8C70713,02E23C23
PAYLOAD_PLUS2000_WORDS=000A2783,003D9713,6F149752,47859C9D,009797B3,EF1C8FD5,6DE669EA,6D83B995
WORD_0=target=000A2783 same=000485B3 plus2000=000A2783 same_match=NO plus2000_match=YES
WORD_1=target=003D9713 same=00090633 plus2000=003D9713 same_match=NO plus2000_match=YES
WORD_2=target=6F149752 same=00000717 plus2000=6F149752 same_match=NO plus2000_match=YES
WORD_3=target=47859C9D same=10C70713 plus2000=47859C9D same_match=NO plus2000_match=YES
WORD_4=target=009797B3 same=02E23823 plus2000=009797B3 same_match=NO plus2000_match=YES
WORD_5=target=EF1C8FD5 same=00040717 plus2000=EF1C8FD5 same_match=NO plus2000_match=YES
WORD_6=target=6DE669EA same=F8C70713 plus2000=6DE669EA same_match=NO plus2000_match=YES
WORD_7=target=6D83B995 same=02E23C23 plus2000=6D83B995 same_match=NO plus2000_match=YES
MATCH_SAME_OFFSET=0/8
MATCH_PLUS_2000=8/8
FULL_MATCH_SAME_OFFSET=NO
FULL_MATCH_PLUS_2000=YES
WINDOW_BASE=0x280
OFFSET_HYPOTHESIS=+0x2000
TARGET_WORDS=000A891B,3783BF2D,89E3F484,3423DD27,2973F804,26F3F140,67033400,3823000A
PAYLOAD_SAME_WORDS=000584B3,00060933,310000EF,04A23C23,00040533,000485B3,00090633,4BE3931E
PAYLOAD_PLUS2000_WORDS=000A891B,3783BF2D,89E3F484,3423DD27,2973F804,26F3F140,67033400,3823000A
WORD_0=target=000A891B same=000584B3 plus2000=000A891B same_match=NO plus2000_match=YES
WORD_1=target=3783BF2D same=00060933 plus2000=3783BF2D same_match=NO plus2000_match=YES
WORD_2=target=89E3F484 same=310000EF plus2000=89E3F484 same_match=NO plus2000_match=YES
WORD_3=target=3423DD27 same=04A23C23 plus2000=3423DD27 same_match=NO plus2000_match=YES
WORD_4=target=2973F804 same=00040533 plus2000=2973F804 same_match=NO plus2000_match=YES
WORD_5=target=26F3F140 same=000485B3 plus2000=26F3F140 same_match=NO plus2000_match=YES
WORD_6=target=67033400 same=00090633 plus2000=67033400 same_match=NO plus2000_match=YES
WORD_7=target=3823000A same=4BE3931E plus2000=3823000A same_match=NO plus2000_match=YES
MATCH_SAME_OFFSET=0/8
MATCH_PLUS_2000=8/8
FULL_MATCH_SAME_OFFSET=NO
FULL_MATCH_PLUS_2000=YES
WINDOW_BASE=0x2C0
OFFSET_HYPOTHESIS=+0x2000
TARGET_WORDS=27730800,1593F140,91810207,00040697,F7468693,00359793,6F9097B6,4501E609
PAYLOAD_SAME_WORDS=000485B3,00090633,06030063,04B30E63,000582B3,0042E383,00038E33,010E5E13
PAYLOAD_PLUS2000_WORDS=27730800,1593F140,91810207,00040697,F7468693,00359793,6F9097B6,4501E609
WORD_0=target=27730800 same=000485B3 plus2000=27730800 same_match=NO plus2000_match=YES
WORD_1=target=1593F140 same=00090633 plus2000=1593F140 same_match=NO plus2000_match=YES
WORD_2=target=91810207 same=06030063 plus2000=91810207 same_match=NO plus2000_match=YES
WORD_3=target=00040697 same=04B30E63 plus2000=00040697 same_match=NO plus2000_match=YES
WORD_4=target=F7468693 same=000582B3 plus2000=F7468693 same_match=NO plus2000_match=YES
WORD_5=target=00359793 same=0042E383 plus2000=00359793 same_match=NO plus2000_match=YES
WORD_6=target=6F9097B6 same=00038E33 plus2000=6F9097B6 same_match=NO plus2000_match=YES
WORD_7=target=4501E609 same=010E5E13 plus2000=4501E609 same_match=NO plus2000_match=YES
MATCH_SAME_OFFSET=0/8
MATCH_PLUS_2000=8/8
FULL_MATCH_SAME_OFFSET=NO
FULL_MATCH_PLUS_2000=YES
WINDOW_BASE=0x300
OFFSET_HYPOTHESIS=+0x2000
TARGET_WORDS=9381972E,973E0712,4797070A,87930004,083B34E7,68C14118,4681973E,A02118FD
PAYLOAD_SAME_WORDS=F3B30183,E3B300E3,E3B301C3,E3B301D3,939A01E3,00735A63,0002BE03,01C33023
PAYLOAD_PLUS2000_WORDS=9381972E,973E0712,4797070A,87930004,083B34E7,68C14118,4681973E,A02118FD
WORD_0=target=9381972E same=F3B30183 plus2000=9381972E same_match=NO plus2000_match=YES
WORD_1=target=973E0712 same=E3B300E3 plus2000=973E0712 same_match=NO plus2000_match=YES
WORD_2=target=4797070A same=E3B301C3 plus2000=4797070A same_match=NO plus2000_match=YES
WORD_3=target=87930004 same=E3B301D3 plus2000=87930004 same_match=NO plus2000_match=YES
WORD_4=target=083B34E7 same=939A01E3 plus2000=083B34E7 same_match=NO plus2000_match=YES
WORD_5=target=68C14118 same=00735A63 plus2000=68C14118 same_match=NO plus2000_match=YES
WORD_6=target=4681973E same=0002BE03 plus2000=4681973E same_match=NO plus2000_match=YES
WORD_7=target=A02118FD same=01C33023 plus2000=A02118FD same_match=NO plus2000_match=YES
MATCH_SAME_OFFSET=0/8
MATCH_PLUS_2000=8/8
FULL_MATCH_SAME_OFFSET=NO
FULL_MATCH_PLUS_2000=YES
WINDOW_BASE=0x340
OFFSET_HYPOTHESIS=+0x2000
TARGET_WORDS=97B60045,00040717,31470713,97BA078E,07056398,B761E398,B7595575,E4221141
PAYLOAD_SAME_WORDS=03130004,3303CD23,00010003,00010001,FE6296E3,00EF4081,10731D20,02933040
PAYLOAD_PLUS2000_WORDS=97B60045,00040717,31470713,97BA078E,07056398,B761E398,B7595575,E4221141
WORD_0=target=97B60045 same=03130004 plus2000=97B60045 same_match=NO plus2000_match=YES
WORD_1=target=00040717 same=3303CD23 plus2000=00040717 same_match=NO plus2000_match=YES
WORD_2=target=31470713 same=00010003 plus2000=31470713 same_match=NO plus2000_match=YES
WORD_3=target=97BA078E same=00010001 plus2000=97BA078E same_match=NO plus2000_match=YES
WORD_4=target=07056398 same=FE6296E3 plus2000=07056398 same_match=NO plus2000_match=YES
WORD_5=target=B761E398 same=00EF4081 plus2000=B761E398 same_match=NO plus2000_match=YES
WORD_6=target=B7595575 same=10731D20 plus2000=B7595575 same_match=NO plus2000_match=YES
WORD_7=target=E4221141 same=02933040 plus2000=E4221141 same_match=NO plus2000_match=YES
MATCH_SAME_OFFSET=0/8
MATCH_PLUS_2000=8/8
FULL_MATCH_SAME_OFFSET=NO
FULL_MATCH_PLUS_2000=YES
WINDOW_BASE=0x380
OFFSET_HYPOTHESIS=+0x2000
TARGET_WORDS=4BD8EC67,06E57263,0F634705,717904E5,F406F022,1800EC26,7663439C,648502F5
PAYLOAD_SAME_WORDS=4701000C,000CE783,01678763,07050C91,FF774AE3,0B33577D,57630007,8217077B
PAYLOAD_PLUS2000_WORDS=4BD8EC67,06E57263,0F634705,717904E5,F406F022,1800EC26,7663439C,648502F5
WORD_0=target=4BD8EC67 same=4701000C plus2000=4BD8EC67 same_match=NO plus2000_match=YES
WORD_1=target=06E57263 same=000CE783 plus2000=06E57263 same_match=NO plus2000_match=YES
WORD_2=target=0F634705 same=01678763 plus2000=0F634705 same_match=NO plus2000_match=YES
WORD_3=target=717904E5 same=07050C91 plus2000=717904E5 same_match=NO plus2000_match=YES
WORD_4=target=F406F022 same=FF774AE3 plus2000=F406F022 same_match=NO plus2000_match=YES
WORD_5=target=1800EC26 same=0B33577D plus2000=1800EC26 same_match=NO plus2000_match=YES
WORD_6=target=7663439C same=57630007 plus2000=7663439C same_match=NO plus2000_match=YES
WORD_7=target=648502F5 same=8217077B plus2000=648502F5 same_match=NO plus2000_match=YES
MATCH_SAME_OFFSET=0/8
MATCH_PLUS_2000=8/8
FULL_MATCH_SAME_OFFSET=NO
FULL_MATCH_PLUS_2000=YES
WINDOW_BASE=0x3C0
OFFSET_HYPOTHESIS=+0x2000
TARGET_WORDS=03F57513,54FDA029,051314FE,17B703F0,17FDFFFC,8CFD0532,E1848CC9,740270A2
PAYLOAD_SAME_WORDS=07170002,07130000,10730567,25733057,00EF3400,A80D1EA0,00040397,E0838393
PAYLOAD_PLUS2000_WORDS=03F57513,54FDA029,051314FE,17B703F0,17FDFFFC,8CFD0532,E1848CC9,740270A2
WORD_0=target=03F57513 same=07170002 plus2000=03F57513 same_match=NO plus2000_match=YES
WORD_1=target=54FDA029 same=07130000 plus2000=54FDA029 same_match=NO plus2000_match=YES
WORD_2=target=051314FE same=10730567 plus2000=051314FE same_match=NO plus2000_match=YES
WORD_3=target=17B703F0 same=25733057 plus2000=17B703F0 same_match=NO plus2000_match=YES
WORD_4=target=17FDFFFC same=00EF3400 plus2000=17FDFFFC same_match=NO plus2000_match=YES
WORD_5=target=8CFD0532 same=A80D1EA0 plus2000=8CFD0532 same_match=NO plus2000_match=YES
WORD_6=target=E1848CC9 same=00040397 plus2000=E1848CC9 same_match=NO plus2000_match=YES
WORD_7=target=740270A2 same=E0838393 plus2000=740270A2 same_match=NO plus2000_match=YES
MATCH_SAME_OFFSET=0/8
MATCH_PLUS_2000=8/8
FULL_MATCH_SAME_OFFSET=NO
FULL_MATCH_PLUS_2000=YES
WINDOW_BASE=0x400
OFFSET_HYPOTHESIS=+0x2000
TARGET_WORDS=E4221141,C5190800,00040797,E3878793,C7016798,01416422,E7888082,01416422
PAYLOAD_SAME_WORDS=00018082,00000013,10500073,0001BFF5,00058533,00018082,34021273,04523823
PAYLOAD_PLUS2000_WORDS=E4221141,C5190800,00040797,E3878793,C7016798,01416422,E7888082,01416422
WORD_0=target=E4221141 same=00018082 plus2000=E4221141 same_match=NO plus2000_match=YES
WORD_1=target=C5190800 same=00000013 plus2000=C5190800 same_match=NO plus2000_match=YES
WORD_2=target=00040797 same=10500073 plus2000=00040797 same_match=NO plus2000_match=YES
WORD_3=target=E3878793 same=0001BFF5 plus2000=E3878793 same_match=NO plus2000_match=YES
WORD_4=target=C7016798 same=00058533 plus2000=C7016798 same_match=NO plus2000_match=YES
WORD_5=target=01416422 same=00018082 plus2000=01416422 same_match=NO plus2000_match=YES
WORD_6=target=E7888082 same=34021273 plus2000=E7888082 same_match=NO plus2000_match=YES
WORD_7=target=01416422 same=04523823 plus2000=01416422 same_match=NO plus2000_match=YES
MATCH_SAME_OFFSET=0/8
MATCH_PLUS_2000=8/8
FULL_MATCH_SAME_OFFSET=NO
FULL_MATCH_PLUS_2000=YES
WINDOW_BASE=0x440
OFFSET_HYPOTHESIS=+0x2000
TARGET_WORDS=00A7D663,17E11782,32079073,60EF854E,55632580,57FD00A0,30679073,00040617
PAYLOAD_SAME_WORDS=BC230052,8113EE22,3283EE82,F4160502,34021273,341022F3,22F3E216,E6163000
PAYLOAD_PLUS2000_WORDS=00A7D663,17E11782,32079073,60EF854E,55632580,57FD00A0,30679073,00040617
WORD_0=target=00A7D663 same=BC230052 plus2000=00A7D663 same_match=NO plus2000_match=YES
WORD_1=target=17E11782 same=8113EE22 plus2000=17E11782 same_match=NO plus2000_match=YES
WORD_2=target=32079073 same=3283EE82 plus2000=32079073 same_match=NO plus2000_match=YES
WORD_3=target=60EF854E same=F4160502 plus2000=60EF854E same_match=NO plus2000_match=YES
WORD_4=target=55632580 same=34021273 plus2000=55632580 same_match=NO plus2000_match=YES
WORD_5=target=57FD00A0 same=341022F3 plus2000=57FD00A0 same_match=NO plus2000_match=YES
WORD_6=target=30679073 same=22F3E216 plus2000=30679073 same_match=NO plus2000_match=YES
WORD_7=target=00040617 same=E6163000 plus2000=00040617 same_match=NO plus2000_match=YES
MATCH_SAME_OFFSET=0/8
MATCH_PLUS_2000=8/8
FULL_MATCH_SAME_OFFSET=NO
FULL_MATCH_PLUS_2000=YES
WINDOW_BASE=0x480
OFFSET_HYPOTHESIS=+0x2000
TARGET_WORDS=92810047,079A9736,00044697,1D068693,97B6070A,00044697,1C868693,56FD9736
PAYLOAD_SAME_WORDS=E94AE546,F152ED4E,F95AF556,E1E2FD5E,E9EAE5E6,F1F2EDEE,F9FAF5F6,0533FDFE
PAYLOAD_PLUS2000_WORDS=92810047,079A9736,00044697,1D068693,97B6070A,00044697,1C868693,56FD9736
WORD_0=target=92810047 same=E94AE546 plus2000=92810047 same_match=NO plus2000_match=YES
WORD_1=target=079A9736 same=F152ED4E plus2000=079A9736 same_match=NO plus2000_match=YES
WORD_2=target=00044697 same=F95AF556 plus2000=00044697 same_match=NO plus2000_match=YES
WORD_3=target=1D068693 same=E1E2FD5E plus2000=1D068693 same_match=NO plus2000_match=YES
WORD_4=target=97B6070A same=E9EAE5E6 plus2000=97B6070A same_match=NO plus2000_match=YES
WORD_5=target=00044697 same=F1F2EDEE plus2000=00044697 same_match=NO plus2000_match=YES
WORD_6=target=1C868693 same=F9FAF5F6 plus2000=1C868693 same_match=NO plus2000_match=YES
WORD_7=target=56FD9736 same=0533FDFE plus2000=56FD9736 same_match=NO plus2000_match=YES
MATCH_SAME_OFFSET=0/8
MATCH_PLUS_2000=8/8
FULL_MATCH_SAME_OFFSET=NO
FULL_MATCH_PLUS_2000=YES
WINDOW_BASE=0x4C0
OFFSET_HYPOTHESIS=+0x2000
TARGET_WORDS=974A97CA,0007B023,9DE307A1,9793FEE7,D4930204,962601D7,00063C23,740270A2
PAYLOAD_SAME_WORDS=6D2C6524,75347130,7D3C7938,08053803,08853883,09053903,09853983,0A053A03
PAYLOAD_PLUS2000_WORDS=974A97CA,0007B023,9DE307A1,9793FEE7,D4930204,962601D7,00063C23,740270A2
WORD_0=target=974A97CA same=6D2C6524 plus2000=974A97CA same_match=NO plus2000_match=YES
WORD_1=target=0007B023 same=75347130 plus2000=0007B023 same_match=NO plus2000_match=YES
WORD_2=target=9DE307A1 same=7D3C7938 plus2000=9DE307A1 same_match=NO plus2000_match=YES
WORD_3=target=9793FEE7 same=08053803 plus2000=9793FEE7 same_match=NO plus2000_match=YES
WORD_4=target=D4930204 same=08853883 plus2000=D4930204 same_match=NO plus2000_match=YES
WORD_5=target=962601D7 same=09053903 plus2000=962601D7 same_match=NO plus2000_match=YES
WORD_6=target=00063C23 same=09853983 plus2000=00063C23 same_match=NO plus2000_match=YES
WORD_7=target=740270A2 same=0A053A03 plus2000=740270A2 same_match=NO plus2000_match=YES
MATCH_SAME_OFFSET=0/8
MATCH_PLUS_2000=8/8
FULL_MATCH_SAME_OFFSET=NO
FULL_MATCH_PLUS_2000=YES
WINDOW_BASE=0x500
OFFSET_HYPOTHESIS=+0x2000
TARGET_WORDS=00040617,D4060613,478D4A58,0CE7F463,02091693,97939281,97B60016,FFC7069B
PAYLOAD_SAME_WORDS=0E853E83,0F053F03,0F853F83,10053283,34129073,10853283,30029073,02853283
PAYLOAD_PLUS2000_WORDS=00040617,D4060613,478D4A58,0CE7F463,02091693,97939281,97B60016,FFC7069B
WORD_0=target=00040617 same=0E853E83 plus2000=00040617 same_match=NO plus2000_match=YES
WORD_1=target=D4060613 same=0F053F03 plus2000=D4060613 same_match=NO plus2000_match=YES
WORD_2=target=478D4A58 same=0F853F83 plus2000=478D4A58 same_match=NO plus2000_match=YES
WORD_3=target=0CE7F463 same=10053283 plus2000=0CE7F463 same_match=NO plus2000_match=YES
WORD_4=target=02091693 same=34129073 plus2000=02091693 same_match=NO plus2000_match=YES
WORD_5=target=97939281 same=10853283 plus2000=97939281 same_match=NO plus2000_match=YES
WORD_6=target=97B60016 same=30029073 plus2000=97B60016 same_match=NO plus2000_match=YES
WORD_7=target=FFC7069B same=02853283 plus2000=FFC7069B same_match=NO plus2000_match=YES
MATCH_SAME_OFFSET=0/8
MATCH_PLUS_2000=8/8
FULL_MATCH_SAME_OFFSET=NO
FULL_MATCH_PLUS_2000=YES
WINDOW_BASE=0x540
OFFSET_HYPOTHESIS=+0x2000
TARGET_WORDS=56FD97AE,0791C7D4,FEE79EE3,02091793,0197D913,00040717,18470713,00040797
PAYLOAD_SAME_WORDS=48014781,49014881,4A014981,4B014A81,4C014B81,4D014C81,4E014D81,4F014E81
PAYLOAD_PLUS2000_WORDS=56FD97AE,0791C7D4,FEE79EE3,02091793,0197D913,00040717,18470713,00040797
WORD_0=target=56FD97AE same=48014781 plus2000=56FD97AE same_match=NO plus2000_match=YES
WORD_1=target=0791C7D4 same=49014881 plus2000=0791C7D4 same_match=NO plus2000_match=YES
WORD_2=target=FEE79EE3 same=4A014981 plus2000=FEE79EE3 same_match=NO plus2000_match=YES
WORD_3=target=02091793 same=4B014A81 plus2000=02091793 same_match=NO plus2000_match=YES
WORD_4=target=0197D913 same=4C014B81 plus2000=0197D913 same_match=NO plus2000_match=YES
WORD_5=target=00040717 same=4D014C81 plus2000=00040717 same_match=NO plus2000_match=YES
WORD_6=target=18470713 same=4E014D81 plus2000=18470713 same_match=NO plus2000_match=YES
WORD_7=target=00040797 same=4F014E81 plus2000=00040797 same_match=NO plus2000_match=YES
MATCH_SAME_OFFSET=0/8
MATCH_PLUS_2000=8/8
FULL_MATCH_SAME_OFFSET=NO
FULL_MATCH_PLUS_2000=YES
WINDOW_BASE=0x580
OFFSET_HYPOTHESIS=+0x2000
TARGET_WORDS=069A078E,96AE1702,0705963E,3C234789,E2980006,70A2C69C,64E27402,45016942
PAYLOAD_SAME_WORDS=00200517,A8050513,00018082,00000013,80824505,00000013,00000533,00008082
PAYLOAD_PLUS2000_WORDS=069A078E,96AE1702,0705963E,3C234789,E2980006,70A2C69C,64E27402,45016942
WORD_0=target=069A078E same=00200517 plus2000=069A078E same_match=NO plus2000_match=YES
WORD_1=target=96AE1702 same=A8050513 plus2000=96AE1702 same_match=NO plus2000_match=YES
WORD_2=target=0705963E same=00018082 plus2000=0705963E same_match=NO plus2000_match=YES
WORD_3=target=3C234789 same=00000013 plus2000=3C234789 same_match=NO plus2000_match=YES
WORD_4=target=E2980006 same=80824505 plus2000=E2980006 same_match=NO plus2000_match=YES
WORD_5=target=70A2C69C same=00000013 plus2000=70A2C69C same_match=NO plus2000_match=YES
WORD_6=target=64E27402 same=00000533 plus2000=64E27402 same_match=NO plus2000_match=YES
WORD_7=target=45016942 same=00008082 plus2000=45016942 same_match=NO plus2000_match=YES
MATCH_SAME_OFFSET=0/8
MATCH_PLUS_2000=8/8
FULL_MATCH_SAME_OFFSET=NO
FULL_MATCH_PLUS_2000=YES
WINDOW_BASE=0x5C0
OFFSET_HYPOTHESIS=+0x2000
TARGET_WORDS=071BC866,250D0135,CA58C208,69A2478D,F4E7E0E3,00044597,08458593,715DBF85
PAYLOAD_SAME_WORDS=FD26E586,F54EF94A,ED56F152,E55EE95A,2A730980,0793F140,099B07F0,3903000A
PAYLOAD_PLUS2000_WORDS=071BC866,250D0135,CA58C208,69A2478D,F4E7E0E3,00044597,08458593,715DBF85
WORD_0=target=071BC866 same=FD26E586 plus2000=071BC866 same_match=NO plus2000_match=YES
WORD_1=target=250D0135 same=F54EF94A plus2000=250D0135 same_match=NO plus2000_match=YES
WORD_2=target=CA58C208 same=ED56F152 plus2000=CA58C208 same_match=NO plus2000_match=YES
WORD_3=target=69A2478D same=E55EE95A plus2000=69A2478D same_match=NO plus2000_match=YES
WORD_4=target=F4E7E0E3 same=2A730980 plus2000=F4E7E0E3 same_match=NO plus2000_match=YES
WORD_5=target=00044597 same=0793F140 plus2000=00044597 same_match=NO plus2000_match=YES
WORD_6=target=08458593 same=099B07F0 plus2000=08458593 same_match=NO plus2000_match=YES
WORD_7=target=715DBF85 same=3903000A plus2000=715DBF85 same_match=NO plus2000_match=YES
MATCH_SAME_OFFSET=0/8
MATCH_PLUS_2000=8/8
FULL_MATCH_SAME_OFFSET=NO
FULL_MATCH_PLUS_2000=YES
WINDOW_BASE=0x600
OFFSET_HYPOTHESIS=+0x2000
TARGET_WORDS=02099263,9FE30485,60A6FEF4,74E26406,79A27942,6AE27A02,6BA26B42,45016C02
PAYLOAD_SAME_WORDS=8C634705,470D02E7,28E78B63,0513E785,40EF0550,3AB31680,378300A0,639C0589
PAYLOAD_PLUS2000_WORDS=02099263,9FE30485,60A6FEF4,74E26406,79A27942,6AE27A02,6BA26B42,45016C02
WORD_0=target=02099263 same=8C634705 plus2000=02099263 same_match=NO plus2000_match=YES
WORD_1=target=9FE30485 same=470D02E7 plus2000=9FE30485 same_match=NO plus2000_match=YES
WORD_2=target=60A6FEF4 same=28E78B63 plus2000=60A6FEF4 same_match=NO plus2000_match=YES
WORD_3=target=74E26406 same=0513E785 plus2000=74E26406 same_match=NO plus2000_match=YES
WORD_4=target=79A27942 same=40EF0550 plus2000=79A27942 same_match=NO plus2000_match=YES
WORD_5=target=6AE27A02 same=3AB31680 plus2000=6AE27A02 same_match=NO plus2000_match=YES
WORD_6=target=6BA26B42 same=378300A0 plus2000=6BA26B42 same_match=NO plus2000_match=YES
WORD_7=target=45016C02 same=639C0589 plus2000=45016C02 same_match=NO plus2000_match=YES
MATCH_SAME_OFFSET=0/8
MATCH_PLUS_2000=8/8
FULL_MATCH_SAME_OFFSET=NO
FULL_MATCH_PLUS_2000=YES
WINDOW_BASE=0x640
OFFSET_HYPOTHESIS=+0x2000
TARGET_WORDS=85CA0004,AC03854E,E0EF0509,87AADD1F,85CA2781,F063854E,3C030387,E0EF040B
PAYLOAD_SAME_WORDS=3AB313C0,BFD100A0,30402BF3,87936785,A0738087,25173047,05130004,40EF9C25
PAYLOAD_PLUS2000_WORDS=85CA0004,AC03854E,E0EF0509,87AADD1F,85CA2781,F063854E,3C030387,E0EF040B
WORD_0=target=85CA0004 same=3AB313C0 plus2000=85CA0004 same_match=NO plus2000_match=YES
WORD_1=target=AC03854E same=BFD100A0 plus2000=AC03854E same_match=NO plus2000_match=YES
WORD_2=target=E0EF0509 same=30402BF3 plus2000=E0EF0509 same_match=NO plus2000_match=YES
WORD_3=target=87AADD1F same=87936785 plus2000=87AADD1F same_match=NO plus2000_match=YES
WORD_4=target=85CA2781 same=A0738087 plus2000=85CA2781 same_match=NO plus2000_match=YES
WORD_5=target=F063854E same=25173047 plus2000=F063854E same_match=NO plus2000_match=YES
WORD_6=target=3C030387 same=05130004 plus2000=3C030387 same_match=NO plus2000_match=YES
WORD_7=target=E0EF040B same=40EF9C25 plus2000=E0EF040B same_match=NO plus2000_match=YES
MATCH_SAME_OFFSET=0/8
MATCH_PLUS_2000=8/8
FULL_MATCH_SAME_OFFSET=NO
FULL_MATCH_PLUS_2000=YES
WINDOW_BASE=0x680
OFFSET_HYPOTHESIS=+0x2000
TARGET_WORDS=F8227139,E852FC06,C9490080,E456F426,00757793,C78184AA,FF857493,C51704A1
PAYLOAD_SAME_WORDS=00042517,99850513,00FAB023,693040EF,00042917,97090913,01093783,0230000F
PAYLOAD_PLUS2000_WORDS=F8227139,E852FC06,C9490080,E456F426,00757793,C78184AA,FF857493,C51704A1
WORD_0=target=F8227139 same=00042517 plus2000=F8227139 same_match=NO plus2000_match=YES
WORD_1=target=E852FC06 same=99850513 plus2000=E852FC06 same_match=NO plus2000_match=YES
WORD_2=target=C9490080 same=00FAB023 plus2000=C9490080 same_match=NO plus2000_match=YES
WORD_3=target=E456F426 same=693040EF plus2000=E456F426 same_match=NO plus2000_match=YES
WORD_4=target=00757793 same=00042917 plus2000=00757793 same_match=NO plus2000_match=YES
WORD_5=target=C78184AA same=97090913 plus2000=C78184AA same_match=NO plus2000_match=YES
WORD_6=target=FF857493 same=01093783 plus2000=FF857493 same_match=NO plus2000_match=YES
WORD_7=target=C51704A1 same=0230000F plus2000=C51704A1 same_match=NO plus2000_match=YES
MATCH_SAME_OFFSET=0/8
MATCH_PLUS_2000=8/8
FULL_MATCH_SAME_OFFSET=NO
FULL_MATCH_PLUS_2000=YES
WINDOW_BASE=0x6C0
OFFSET_HYPOTHESIS=+0x2000
TARGET_WORDS=009A07B3,04F76863,00FAB423,653020EF,040A0D63,EC4EF04A,C9974901,89930004
PAYLOAD_SAME_WORDS=05130004,40EF9425,37834AB0,892A0589,C399679C,FD399782,F60918E3,BA838526
PAYLOAD_PLUS2000_WORDS=009A07B3,04F76863,00FAB423,653020EF,040A0D63,EC4EF04A,C9974901,89930004
WORD_0=target=009A07B3 same=05130004 plus2000=009A07B3 same_match=NO plus2000_match=YES
WORD_1=target=04F76863 same=40EF9425 plus2000=04F76863 same_match=NO plus2000_match=YES
WORD_2=target=00FAB423 same=37834AB0 plus2000=00FAB423 same_match=NO plus2000_match=YES
WORD_3=target=653020EF same=892A0589 plus2000=653020EF same_match=NO plus2000_match=YES
WORD_4=target=040A0D63 same=C399679C plus2000=040A0D63 same_match=NO plus2000_match=YES
WORD_5=target=EC4EF04A same=FD399782 plus2000=EC4EF04A same_match=NO plus2000_match=YES
WORD_6=target=C9974901 same=F60918E3 plus2000=C9974901 same_match=NO plus2000_match=YES
WORD_7=target=89930004 same=BA838526 plus2000=89930004 same_match=NO plus2000_match=YES
MATCH_SAME_OFFSET=0/8
MATCH_PLUS_2000=8/8
FULL_MATCH_SAME_OFFSET=NO
FULL_MATCH_PLUS_2000=YES
WINDOW_BASE=0x700
OFFSET_HYPOTHESIS=+0x2000
TARGET_WORDS=744270E2,790274A2,6AA269E2,6A428552,80826121,60B020EF,6AA274A2,70E24A01
PAYLOAD_SAME_WORDS=00A93423,4605D905,852685CE,63C0A0EF,8A63F115,B783000A,6B9C058A,4505C789
PAYLOAD_PLUS2000_WORDS=744270E2,790274A2,6AA269E2,6A428552,80826121,60B020EF,6AA274A2,70E24A01
WORD_0=target=744270E2 same=00A93423 plus2000=744270E2 same_match=NO plus2000_match=YES
WORD_1=target=790274A2 same=4605D905 plus2000=790274A2 same_match=NO plus2000_match=YES
WORD_2=target=6AA269E2 same=852685CE plus2000=6AA269E2 same_match=NO plus2000_match=YES
WORD_3=target=6A428552 same=63C0A0EF plus2000=6A428552 same_match=NO plus2000_match=YES
WORD_4=target=80826121 same=8A63F115 plus2000=80826121 same_match=NO plus2000_match=YES
WORD_5=target=60B020EF same=B783000A plus2000=60B020EF same_match=NO plus2000_match=YES
WORD_6=target=6AA274A2 same=6B9C058A plus2000=6AA274A2 same_match=NO plus2000_match=YES
WORD_7=target=70E24A01 same=4505C789 plus2000=70E24A01 same_match=NO plus2000_match=YES
MATCH_SAME_OFFSET=0/8
MATCH_PLUS_2000=8/8
FULL_MATCH_SAME_OFFSET=NO
FULL_MATCH_PLUS_2000=YES
WINDOW_BASE=0x740
OFFSET_HYPOTHESIS=+0x2000
TARGET_WORDS=0800E422,00054783,0005C703,00E78963,4783A839,C7030005,9A630005,050500E7
PAYLOAD_SAME_WORDS=5AB010EF,EE0518E3,8B856CBC,4609EF99,95174585,05130001,60EF8B65,95176CC0
PAYLOAD_PLUS2000_WORDS=0800E422,00054783,0005C703,00E78963,4783A839,C7030005,9A630005,050500E7
WORD_0=target=0800E422 same=5AB010EF plus2000=0800E422 same_match=NO plus2000_match=YES
WORD_1=target=00054783 same=EE0518E3 plus2000=00054783 same_match=NO plus2000_match=YES
WORD_2=target=0005C703 same=8B856CBC plus2000=0005C703 same_match=NO plus2000_match=YES
WORD_3=target=00E78963 same=4609EF99 plus2000=00E78963 same_match=NO plus2000_match=YES
WORD_4=target=4783A839 same=95174585 plus2000=4783A839 same_match=NO plus2000_match=YES
WORD_5=target=C7030005 same=05130001 plus2000=C7030005 same_match=NO plus2000_match=YES
WORD_6=target=9A630005 same=60EF8B65 plus2000=9A630005 same_match=NO plus2000_match=YES
WORD_7=target=050500E7 same=95176CC0 plus2000=050500E7 same_match=NO plus2000_match=YES
MATCH_SAME_OFFSET=0/8
MATCH_PLUS_2000=8/8
FULL_MATCH_SAME_OFFSET=NO
FULL_MATCH_PLUS_2000=YES
WINDOW_BASE=0x780
OFFSET_HYPOTHESIS=+0x2000
TARGET_WORDS=A025E611,0505CB99,C2050585,0005C783,00054703,87E3167D,4503FEE7,C7830005
PAYLOAD_SAME_WORDS=00019517,9C850513,60EFE162,A0EF69C0,25172460,05130004,40EF8865,B7835590
PAYLOAD_PLUS2000_WORDS=A025E611,0505CB99,C2050585,0005C783,00054703,87E3167D,4503FEE7,C7830005
WORD_0=target=A025E611 same=00019517 plus2000=A025E611 same_match=NO plus2000_match=YES
WORD_1=target=0505CB99 same=9C850513 plus2000=0505CB99 same_match=NO plus2000_match=YES
WORD_2=target=C2050585 same=60EFE162 plus2000=C2050585 same_match=NO plus2000_match=YES
WORD_3=target=0005C783 same=A0EF69C0 plus2000=0005C783 same_match=NO plus2000_match=YES
WORD_4=target=00054703 same=25172460 plus2000=00054703 same_match=NO plus2000_match=YES
WORD_5=target=87E3167D same=05130004 plus2000=87E3167D same_match=NO plus2000_match=YES
WORD_6=target=4503FEE7 same=40EF8865 plus2000=4503FEE7 same_match=NO plus2000_match=YES
WORD_7=target=C7830005 same=B7835590 plus2000=C7830005 same_match=NO plus2000_match=YES
MATCH_SAME_OFFSET=0/8
MATCH_PLUS_2000=8/8
FULL_MATCH_SAME_OFFSET=NO
FULL_MATCH_PLUS_2000=YES
WINDOW_BASE=0x7C0
OFFSET_HYPOTHESIS=+0x2000
TARGET_WORDS=05054501,00A707B3,0007C783,6422FBFD,80820141,45016422,80820141,E4221141
PAYLOAD_SAME_WORDS=1793F140,D7130207,179701D7,B7830004,97BA1CE7,85CE6388,3DC0A0EF,E4054CE3
PAYLOAD_PLUS2000_WORDS=05054501,00A707B3,0007C783,6422FBFD,80820141,45016422,80820141,E4221141
WORD_0=target=05054501 same=1793F140 plus2000=05054501 same_match=NO plus2000_match=YES
WORD_1=target=00A707B3 same=D7130207 plus2000=00A707B3 same_match=NO plus2000_match=YES
WORD_2=target=0007C783 same=179701D7 plus2000=0007C783 same_match=NO plus2000_match=YES
WORD_3=target=6422FBFD same=B7830004 plus2000=6422FBFD same_match=NO plus2000_match=YES
WORD_4=target=80820141 same=97BA1CE7 plus2000=80820141 same_match=NO plus2000_match=YES
WORD_5=target=45016422 same=85CE6388 plus2000=45016422 same_match=NO plus2000_match=YES
WORD_6=target=80820141 same=3DC0A0EF plus2000=80820141 same_match=NO plus2000_match=YES
WORD_7=target=E4221141 same=E4054CE3 plus2000=E4221141 same_match=NO plus2000_match=YES
MATCH_SAME_OFFSET=0/8
MATCH_PLUS_2000=8/8
FULL_MATCH_SAME_OFFSET=NO
FULL_MATCH_PLUS_2000=YES
WINDOW_BASE=0x800
OFFSET_HYPOTHESIS=+0x2000
TARGET_WORDS=01416422,64228082,01414501,11418082,0800E422,0005C783,872ACB89,00F70023
PAYLOAD_SAME_WORDS=000A8963,058AB783,C7816B9C,13E39782,4581E205,80EF8526,1DE325E0,4581E005
PAYLOAD_PLUS2000_WORDS=01416422,64228082,01414501,11418082,0800E422,0005C783,872ACB89,00F70023
WORD_0=target=01416422 same=000A8963 plus2000=01416422 same_match=NO plus2000_match=YES
WORD_1=target=64228082 same=058AB783 plus2000=64228082 same_match=NO plus2000_match=YES
WORD_2=target=01414501 same=C7816B9C plus2000=01414501 same_match=NO plus2000_match=YES
WORD_3=target=11418082 same=13E39782 plus2000=11418082 same_match=NO plus2000_match=YES
WORD_4=target=0800E422 same=4581E205 plus2000=0800E422 same_match=NO plus2000_match=YES
WORD_5=target=0005C783 same=80EF8526 plus2000=0005C783 same_match=NO plus2000_match=YES
WORD_6=target=872ACB89 same=1DE325E0 plus2000=872ACB89 same_match=NO plus2000_match=YES
WORD_7=target=00F70023 same=4581E005 plus2000=00F70023 same_match=NO plus2000_match=YES
MATCH_SAME_OFFSET=0/8
MATCH_PLUS_2000=8/8
FULL_MATCH_SAME_OFFSET=NO
FULL_MATCH_PLUS_2000=YES
WINDOW_BASE=0x840
OFFSET_HYPOTHESIS=+0x2000
TARGET_WORDS=8763FEE7,C70300C7,07850005,FB650585,01416422,11418082,0800E422,00054783
PAYLOAD_SAME_WORDS=4581DE05,20EF8526,15E37590,4581DE05,20EF8526,1FE30330,8526DC05,4F5070EF
PAYLOAD_PLUS2000_WORDS=8763FEE7,C70300C7,07850005,FB650585,01416422,11418082,0800E422,00054783
WORD_0=target=8763FEE7 same=4581DE05 plus2000=8763FEE7 same_match=NO plus2000_match=YES
WORD_1=target=C70300C7 same=20EF8526 plus2000=C70300C7 same_match=NO plus2000_match=YES
WORD_2=target=07850005 same=15E37590 plus2000=07850005 same_match=NO plus2000_match=YES
WORD_3=target=FB650585 same=4581DE05 plus2000=FB650585 same_match=NO plus2000_match=YES
WORD_4=target=01416422 same=20EF8526 plus2000=01416422 same_match=NO plus2000_match=YES
WORD_5=target=11418082 same=1FE30330 plus2000=11418082 same_match=NO plus2000_match=YES
WORD_6=target=0800E422 same=8526DC05 plus2000=0800E422 same_match=NO plus2000_match=YES
WORD_7=target=00054783 same=4F5070EF plus2000=00054783 same_match=NO plus2000_match=YES
MATCH_SAME_OFFSET=0/8
MATCH_PLUS_2000=8/8
FULL_MATCH_SAME_OFFSET=NO
FULL_MATCH_PLUS_2000=YES
WINDOW_BASE=0x880
OFFSET_HYPOTHESIS=+0x2000
TARGET_WORDS=00054683,F593872A,C2B10FF5,07854781,00F70533,00054683,87AAFAFD,00A76663
PAYLOAD_SAME_WORDS=07056398,A0EFE398,E16244A0,70907494,15136C8C,4701020A,A0EF9101,378314A0
PAYLOAD_PLUS2000_WORDS=00054683,F593872A,C2B10FF5,07854781,00F70533,00054683,87AAFAFD,00A76663
WORD_0=target=00054683 same=07056398 plus2000=00054683 same_match=NO plus2000_match=YES
WORD_1=target=F593872A same=A0EFE398 plus2000=F593872A same_match=NO plus2000_match=YES
WORD_2=target=C2B10FF5 same=E16244A0 plus2000=C2B10FF5 same_match=NO plus2000_match=YES
WORD_3=target=07854781 same=70907494 plus2000=07854781 same_match=NO plus2000_match=YES
WORD_4=target=00F70533 same=15136C8C plus2000=00F70533 same_match=NO plus2000_match=YES
WORD_5=target=00054683 same=4701020A plus2000=00054683 same_match=NO plus2000_match=YES
WORD_6=target=87AAFAFD same=A0EF9101 plus2000=87AAFAFD same_match=NO plus2000_match=YES
WORD_7=target=00A76663 same=378314A0 plus2000=00A76663 same_match=NO plus2000_match=YES
MATCH_SAME_OFFSET=0/8
MATCH_PLUS_2000=8/8
FULL_MATCH_SAME_OFFSET=NO
FULL_MATCH_PLUS_2000=YES
WINDOW_BASE=0x8C0
OFFSET_HYPOTHESIS=+0x2000
TARGET_WORDS=642200B6,01414501,853E8082,87AAB7E5,FEB699E3,1141BFDD,0800E422,00C50733
PAYLOAD_SAME_WORDS=19E34930,8526D605,7720A0EF,4585BF7D,00EF8526,862A0B30,A597CD11,85930001
PAYLOAD_PLUS2000_WORDS=642200B6,01414501,853E8082,87AAB7E5,FEB699E3,1141BFDD,0800E422,00C50733
WORD_0=target=642200B6 same=19E34930 plus2000=642200B6 same_match=NO plus2000_match=YES
WORD_1=target=01414501 same=8526D605 plus2000=01414501 same_match=NO plus2000_match=YES
WORD_2=target=853E8082 same=7720A0EF plus2000=853E8082 same_match=NO plus2000_match=YES
WORD_3=target=87AAB7E5 same=4585BF7D plus2000=87AAB7E5 same_match=NO plus2000_match=YES
WORD_4=target=FEB699E3 same=00EF8526 plus2000=FEB699E3 same_match=NO plus2000_match=YES
WORD_5=target=1141BFDD same=862A0B30 plus2000=1141BFDD same_match=NO plus2000_match=YES
WORD_6=target=0800E422 same=A597CD11 plus2000=0800E422 same_match=NO plus2000_match=YES
WORD_7=target=00C50733 same=85930001 plus2000=00C50733 same_match=NO plus2000_match=YES
MATCH_SAME_OFFSET=0/8
MATCH_PLUS_2000=8/8
FULL_MATCH_SAME_OFFSET=NO
FULL_MATCH_PLUS_2000=YES
WINDOW_BASE=0x900
OFFSET_HYPOTHESIS=+0x2000
TARGET_WORDS=87AA962A,0005C703,05850785,FEE78FA3,FEF61AE3,01416422,11418082,0800E422
PAYLOAD_SAME_WORDS=0001A597,35858593,00019517,88850513,60EFE162,A0EF5140,45850BE0,20EF8526
PAYLOAD_PLUS2000_WORDS=87AA962A,0005C703,05850785,FEE78FA3,FEF61AE3,01416422,11418082,0800E422
WORD_0=target=87AA962A same=0001A597 plus2000=87AA962A same_match=NO plus2000_match=YES
WORD_1=target=0005C703 same=35858593 plus2000=0005C703 same_match=NO plus2000_match=YES
WORD_2=target=05850785 same=00019517 plus2000=05850785 same_match=NO plus2000_match=YES
WORD_3=target=FEE78FA3 same=88850513 plus2000=FEE78FA3 same_match=NO plus2000_match=YES
WORD_4=target=FEF61AE3 same=60EFE162 plus2000=FEF61AE3 same_match=NO plus2000_match=YES
WORD_5=target=01416422 same=A0EF5140 plus2000=01416422 same_match=NO plus2000_match=YES
WORD_6=target=11418082 same=45850BE0 plus2000=11418082 same_match=NO plus2000_match=YES
WORD_7=target=0800E422 same=20EF8526 plus2000=0800E422 same_match=NO plus2000_match=YES
MATCH_SAME_OFFSET=0/8
MATCH_PLUS_2000=8/8
FULL_MATCH_SAME_OFFSET=NO
FULL_MATCH_PLUS_2000=YES
WINDOW_BASE=0x940
OFFSET_HYPOTHESIS=+0x2000
TARGET_WORDS=80820141,FFF60713,00E507B3,DA6595BA,FFF50693,0005C703,15FD17FD,00E780A3
PAYLOAD_SAME_WORDS=5F9040EF,CD11862A,0001A597,31058593,00019517,88850513,60EFE162,A0EF4CC0
PAYLOAD_PLUS2000_WORDS=80820141,FFF60713,00E507B3,DA6595BA,FFF50693,0005C703,15FD17FD,00E780A3
WORD_0=target=80820141 same=5F9040EF plus2000=80820141 same_match=NO plus2000_match=YES
WORD_1=target=FFF60713 same=CD11862A plus2000=FFF60713 same_match=NO plus2000_match=YES
WORD_2=target=00E507B3 same=0001A597 plus2000=00E507B3 same_match=NO plus2000_match=YES
WORD_3=target=DA6595BA same=31058593 plus2000=DA6595BA same_match=NO plus2000_match=YES
WORD_4=target=FFF50693 same=00019517 plus2000=FFF50693 same_match=NO plus2000_match=YES
WORD_5=target=0005C703 same=88850513 plus2000=0005C703 same_match=NO plus2000_match=YES
WORD_6=target=15FD17FD same=60EFE162 plus2000=15FD17FD same_match=NO plus2000_match=YES
WORD_7=target=00E780A3 same=A0EF4CC0 plus2000=00E780A3 same_match=NO plus2000_match=YES
MATCH_SAME_OFFSET=0/8
MATCH_PLUS_2000=8/8
FULL_MATCH_SAME_OFFSET=NO
FULL_MATCH_PLUS_2000=YES
WINDOW_BASE=0x980
OFFSET_HYPOTHESIS=+0x2000
TARGET_WORDS=167D0005,FEF708E3,00054503,0005C783,9D1D6422,80820141,45016422,80820141
PAYLOAD_SAME_WORDS=4A6060EF,0500A0EF,70EF8526,862A3C70,A597CD11,85930001,95172C65,05130001
PAYLOAD_PLUS2000_WORDS=167D0005,FEF708E3,00054503,0005C783,9D1D6422,80820141,45016422,80820141
WORD_0=target=167D0005 same=4A6060EF plus2000=167D0005 same_match=NO plus2000_match=YES
WORD_1=target=FEF708E3 same=0500A0EF plus2000=FEF708E3 same_match=NO plus2000_match=YES
WORD_2=target=00054503 same=70EF8526 plus2000=00054503 same_match=NO plus2000_match=YES
WORD_3=target=0005C783 same=862A3C70 plus2000=0005C783 same_match=NO plus2000_match=YES
WORD_4=target=9D1D6422 same=A597CD11 plus2000=9D1D6422 same_match=NO plus2000_match=YES
WORD_5=target=80820141 same=85930001 plus2000=80820141 same_match=NO plus2000_match=YES
WORD_6=target=45016422 same=95172C65 plus2000=45016422 same_match=NO plus2000_match=YES
WORD_7=target=80820141 same=05130001 plus2000=80820141 same_match=NO plus2000_match=YES
MATCH_SAME_OFFSET=0/8
MATCH_PLUS_2000=8/8
FULL_MATCH_SAME_OFFSET=NO
FULL_MATCH_PLUS_2000=YES
WINDOW_BASE=0x9C0
OFFSET_HYPOTHESIS=+0x2000
TARGET_WORDS=6422FEB7,80820141,45016422,80820141,E4221141,64220800,00153513,80820141
PAYLOAD_SAME_WORDS=0001A597,29858593,00019517,88850513,60EFE162,90EF4540,BA837FF0,FA930584
PAYLOAD_PLUS2000_WORDS=6422FEB7,80820141,45016422,80820141,E4221141,64220800,00153513,80820141
WORD_0=target=6422FEB7 same=0001A597 plus2000=6422FEB7 same_match=NO plus2000_match=YES
WORD_1=target=80820141 same=29858593 plus2000=80820141 same_match=NO plus2000_match=YES
WORD_2=target=45016422 same=00019517 plus2000=45016422 same_match=NO plus2000_match=YES
WORD_3=target=80820141 same=88850513 plus2000=80820141 same_match=NO plus2000_match=YES
WORD_4=target=E4221141 same=60EFE162 plus2000=E4221141 same_match=NO plus2000_match=YES
WORD_5=target=64220800 same=90EF4540 plus2000=64220800 same_match=NO plus2000_match=YES
WORD_6=target=00153513 same=BA837FF0 plus2000=00153513 same_match=NO plus2000_match=YES
WORD_7=target=80820141 same=FA930584 plus2000=80820141 same_match=NO plus2000_match=YES
MATCH_SAME_OFFSET=0/8
MATCH_PLUS_2000=8/8
FULL_MATCH_SAME_OFFSET=NO
FULL_MATCH_PLUS_2000=YES
WINDOW_BASE=0xA00
OFFSET_HYPOTHESIS=+0x2000
TARGET_WORDS=640260A2,01414501,55758082,71398082,E852F822,F426FC06,0080E05A,0003DA17
PAYLOAD_SAME_WORDS=0613F304,85DE0800,00EF855A,85DE17B0,00019517,89050513,40E060EF,050B2583
PAYLOAD_PLUS2000_WORDS=640260A2,01414501,55758082,71398082,E852F822,F426FC06,0080E05A,0003DA17
WORD_0=target=640260A2 same=0613F304 plus2000=640260A2 same_match=NO plus2000_match=YES
WORD_1=target=01414501 same=85DE0800 plus2000=01414501 same_match=NO plus2000_match=YES
WORD_2=target=55758082 same=00EF855A plus2000=55758082 same_match=NO plus2000_match=YES
WORD_3=target=71398082 same=85DE17B0 plus2000=71398082 same_match=NO plus2000_match=YES
WORD_4=target=E852F822 same=00019517 plus2000=E852F822 same_match=NO plus2000_match=YES
WORD_5=target=F426FC06 same=89050513 plus2000=F426FC06 same_match=NO plus2000_match=YES
WORD_6=target=0080E05A same=40E060EF plus2000=0080E05A same_match=NO plus2000_match=YES
WORD_7=target=0003DA17 same=050B2583 plus2000=0003DA17 same_match=NO plus2000_match=YES
MATCH_SAME_OFFSET=0/8
MATCH_PLUS_2000=8/8
FULL_MATCH_SAME_OFFSET=NO
FULL_MATCH_PLUS_2000=YES
WINDOW_BASE=0xA40
OFFSET_HYPOTHESIS=+0x2000
TARGET_WORDS=CB81854A,C5119782,00AAD563,FD048B13,60848AAA,FF4493E3,744270E2,69E27902
PAYLOAD_SAME_WORDS=20EF3E80,85AA6060,2E050063,02053A83,95178656,05130001,60EF8AE5,60EF3CC0
PAYLOAD_PLUS2000_WORDS=CB81854A,C5119782,00AAD563,FD048B13,60848AAA,FF4493E3,744270E2,69E27902
WORD_0=target=CB81854A same=20EF3E80 plus2000=CB81854A same_match=NO plus2000_match=YES
WORD_1=target=C5119782 same=85AA6060 plus2000=C5119782 same_match=NO plus2000_match=YES
WORD_2=target=00AAD563 same=2E050063 plus2000=00AAD563 same_match=NO plus2000_match=YES
WORD_3=target=FD048B13 same=02053A83 plus2000=FD048B13 same_match=NO plus2000_match=YES
WORD_4=target=60848AAA same=95178656 plus2000=60848AAA same_match=NO plus2000_match=YES
WORD_5=target=FF4493E3 same=05130001 plus2000=FF4493E3 same_match=NO plus2000_match=YES
WORD_6=target=744270E2 same=60EF8AE5 plus2000=744270E2 same_match=NO plus2000_match=YES
WORD_7=target=69E27902 same=60EF3CC0 plus2000=69E27902 same_match=NO plus2000_match=YES
MATCH_SAME_OFFSET=0/8
MATCH_PLUS_2000=8/8
FULL_MATCH_SAME_OFFSET=NO
FULL_MATCH_PLUS_2000=YES
WINDOW_BASE=0xA80
OFFSET_HYPOTHESIS=+0x2000
TARGET_WORDS=E4221141,CD110800,CF81711C,0003D797,6DC78793,06936398,FD1C0305,E394F918
PAYLOAD_SAME_WORDS=05130001,60EF8CA5,10EF3A00,85AA1630,26050D63,00019517,8D450513,38A060EF
PAYLOAD_PLUS2000_WORDS=E4221141,CD110800,CF81711C,0003D797,6DC78793,06936398,FD1C0305,E394F918
WORD_0=target=E4221141 same=05130001 plus2000=E4221141 same_match=NO plus2000_match=YES
WORD_1=target=CD110800 same=60EF8CA5 plus2000=CD110800 same_match=NO plus2000_match=YES
WORD_2=target=CF81711C same=10EF3A00 plus2000=CF81711C same_match=NO plus2000_match=YES
WORD_3=target=0003D797 same=85AA1630 plus2000=0003D797 same_match=NO plus2000_match=YES
WORD_4=target=6DC78793 same=26050D63 plus2000=6DC78793 same_match=NO plus2000_match=YES
WORD_5=target=06936398 same=00019517 plus2000=06936398 same_match=NO plus2000_match=YES
WORD_6=target=FD1C0305 same=8D450513 plus2000=FD1C0305 same_match=NO plus2000_match=YES
WORD_7=target=E394F918 same=38A060EF plus2000=E394F918 same_match=NO plus2000_match=YES
MATCH_SAME_OFFSET=0/8
MATCH_PLUS_2000=8/8
FULL_MATCH_SAME_OFFSET=NO
FULL_MATCH_PLUS_2000=YES
WINDOW_BASE=0xAC0
OFFSET_HYPOTHESIS=+0x2000
TARGET_WORDS=05448563,EC4EF04A,E05AE456,89AE892A,4A814B01,FF04B783,854A85CE,9782CB81
PAYLOAD_SAME_WORDS=85AA7510,22050963,00019517,8E050513,356060EF,102020EF,026385AA,95171E05
PAYLOAD_PLUS2000_WORDS=05448563,EC4EF04A,E05AE456,89AE892A,4A814B01,FF04B783,854A85CE,9782CB81
WORD_0=target=05448563 same=85AA7510 plus2000=05448563 same_match=NO plus2000_match=YES
WORD_1=target=EC4EF04A same=22050963 plus2000=EC4EF04A same_match=NO plus2000_match=YES
WORD_2=target=E05AE456 same=00019517 plus2000=E05AE456 same_match=NO plus2000_match=YES
WORD_3=target=89AE892A same=8E050513 plus2000=89AE892A same_match=NO plus2000_match=YES
WORD_4=target=4A814B01 same=356060EF plus2000=4A814B01 same_match=NO plus2000_match=YES
WORD_5=target=FF04B783 same=102020EF plus2000=FF04B783 same_match=NO plus2000_match=YES
WORD_6=target=854A85CE same=026385AA plus2000=854A85CE same_match=NO plus2000_match=YES
WORD_7=target=9782CB81 same=95171E05 plus2000=9782CB81 same_match=NO plus2000_match=YES
MATCH_SAME_OFFSET=0/8
MATCH_PLUS_2000=8/8
FULL_MATCH_SAME_OFFSET=NO
FULL_MATCH_PLUS_2000=YES
WINDOW_BASE=0xB00
OFFSET_HYPOTHESIS=+0x2000
TARGET_WORDS=01603533,61216B02,70E28082,74A27442,45016A42,80826121,F0A27159,F062F45E
PAYLOAD_SAME_WORDS=81A99165,60EF2581,688C3200,00019517,92C50513,312060EF,221040EF,40EF8AAA
PAYLOAD_PLUS2000_WORDS=01603533,61216B02,70E28082,74A27442,45016A42,80826121,F0A27159,F062F45E
WORD_0=target=01603533 same=81A99165 plus2000=01603533 same_match=NO plus2000_match=YES
WORD_1=target=61216B02 same=60EF2581 plus2000=61216B02 same_match=NO plus2000_match=YES
WORD_2=target=70E28082 same=688C3200 plus2000=70E28082 same_match=NO plus2000_match=YES
WORD_3=target=74A27442 same=00019517 plus2000=74A27442 same_match=NO plus2000_match=YES
WORD_4=target=45016A42 same=92C50513 plus2000=45016A42 same_match=NO plus2000_match=YES
WORD_5=target=80826121 same=312060EF plus2000=80826121 same_match=NO plus2000_match=YES
WORD_6=target=F0A27159 same=221040EF plus2000=F0A27159 same_match=NO plus2000_match=YES
WORD_7=target=F062F45E same=40EF8AAA plus2000=F062F45E same_match=NO plus2000_match=YES
MATCH_SAME_OFFSET=0/8
MATCH_PLUS_2000=8/8
FULL_MATCH_SAME_OFFSET=NO
FULL_MATCH_PLUS_2000=YES
WINDOW_BASE=0xB40
OFFSET_HYPOTHESIS=+0x2000
TARGET_WORDS=1793F140,D7130207,F79701D7,B7830003,97BAE4E7,0007B983,34002CF3,0A134481
PAYLOAD_SAME_WORDS=6CBC2E80,E7998B85,00019517,94050513,64F060EF,F1402773,8B856CBC,10079063
PAYLOAD_PLUS2000_WORDS=1793F140,D7130207,F79701D7,B7830003,97BAE4E7,0007B983,34002CF3,0A134481
WORD_0=target=1793F140 same=6CBC2E80 plus2000=1793F140 same_match=NO plus2000_match=YES
WORD_1=target=D7130207 same=E7998B85 plus2000=D7130207 same_match=NO plus2000_match=YES
WORD_2=target=F79701D7 same=00019517 plus2000=F79701D7 same_match=NO plus2000_match=YES
WORD_3=target=B7830003 same=94050513 plus2000=B7830003 same_match=NO plus2000_match=YES
WORD_4=target=97BAE4E7 same=64F060EF plus2000=97BAE4E7 same_match=NO plus2000_match=YES
WORD_5=target=0007B983 same=F1402773 plus2000=0007B983 same_match=NO plus2000_match=YES
WORD_6=target=34002CF3 same=8B856CBC plus2000=34002CF3 same_match=NO plus2000_match=YES
WORD_7=target=0A134481 same=10079063 plus2000=0A134481 same_match=NO plus2000_match=YES
MATCH_SAME_OFFSET=0/8
MATCH_PLUS_2000=8/8
FULL_MATCH_SAME_OFFSET=NO
FULL_MATCH_PLUS_2000=YES
WINDOW_BASE=0xB80
OFFSET_HYPOTHESIS=+0x2000
TARGET_WORDS=97B3409B,C79300FA,8D7DFFF7,F8A43C23,8493E11D,86520404,854E85A6,05E080EF
PAYLOAD_SAME_WORDS=951785CE,05130001,60EF92E5,859329C0,9517018A,05130001,0A9393E5,60EFF304
PAYLOAD_PLUS2000_WORDS=97B3409B,C79300FA,8D7DFFF7,F8A43C23,8493E11D,86520404,854E85A6,05E080EF
WORD_0=target=97B3409B same=951785CE plus2000=97B3409B same_match=NO plus2000_match=YES
WORD_1=target=C79300FA same=05130001 plus2000=C79300FA same_match=NO plus2000_match=YES
WORD_2=target=8D7DFFF7 same=60EF92E5 plus2000=8D7DFFF7 same_match=NO plus2000_match=YES
WORD_3=target=F8A43C23 same=859329C0 plus2000=F8A43C23 same_match=NO plus2000_match=YES
WORD_4=target=8493E11D same=9517018A plus2000=8493E11D same_match=NO plus2000_match=YES
WORD_5=target=86520404 same=05130001 plus2000=86520404 same_match=NO plus2000_match=YES
WORD_6=target=854E85A6 same=0A9393E5 plus2000=854E85A6 same_match=NO plus2000_match=YES
WORD_7=target=05E080EF same=60EFF304 plus2000=05E080EF same_match=NO plus2000_match=YES
MATCH_SAME_OFFSET=0/8
MATCH_PLUS_2000=8/8
FULL_MATCH_SAME_OFFSET=NO
FULL_MATCH_PLUS_2000=YES
WINDOW_BASE=0xBC0
OFFSET_HYPOTHESIS=+0x2000
TARGET_WORDS=85E2BFD9,F0EF855E,D17DE49F,85E2751C,9782855E,1141BFF1,0800E422,C5176422
PAYLOAD_SAME_WORDS=855A85D6,45B030EF,951785D6,05130001,60EF9465,06132540,85D60800,70EF8526
PAYLOAD_PLUS2000_WORDS=85E2BFD9,F0EF855E,D17DE49F,85E2751C,9782855E,1141BFF1,0800E422,C5176422
WORD_0=target=85E2BFD9 same=855A85D6 plus2000=85E2BFD9 same_match=NO plus2000_match=YES
WORD_1=target=F0EF855E same=45B030EF plus2000=F0EF855E same_match=NO plus2000_match=YES
WORD_2=target=D17DE49F same=951785D6 plus2000=D17DE49F same_match=NO plus2000_match=YES
WORD_3=target=85E2751C same=05130001 plus2000=85E2751C same_match=NO plus2000_match=YES
WORD_4=target=9782855E same=60EF9465 plus2000=9782855E same_match=NO plus2000_match=YES
WORD_5=target=1141BFF1 same=06132540 plus2000=1141BFF1 same_match=NO plus2000_match=YES
WORD_6=target=0800E422 same=85D60800 plus2000=0800E422 same_match=NO plus2000_match=YES
WORD_7=target=C5176422 same=70EF8526 plus2000=C5176422 same_match=NO plus2000_match=YES
MATCH_SAME_OFFSET=0/8
MATCH_PLUS_2000=8/8
FULL_MATCH_SAME_OFFSET=NO
FULL_MATCH_PLUS_2000=YES
WINDOW_BASE=0xC00
OFFSET_HYPOTHESIS=+0x2000
TARGET_WORDS=80820141,6422E388,80820141,E4221141,C7970800,87930004,6398E4E7,D717E711
PAYLOAD_SAME_WORDS=60EF9565,85262240,101070EF,951785AA,05130001,60EF9625,85262100,105070EF
PAYLOAD_PLUS2000_WORDS=80820141,6422E388,80820141,E4221141,C7970800,87930004,6398E4E7,D717E711
WORD_0=target=80820141 same=60EF9565 plus2000=80820141 same_match=NO plus2000_match=YES
WORD_1=target=6422E388 same=85262240 plus2000=6422E388 same_match=NO plus2000_match=YES
WORD_2=target=80820141 same=101070EF plus2000=80820141 same_match=NO plus2000_match=YES
WORD_3=target=E4221141 same=951785AA plus2000=E4221141 same_match=NO plus2000_match=YES
WORD_4=target=C7970800 same=05130001 plus2000=C7970800 same_match=NO plus2000_match=YES
WORD_5=target=87930004 same=60EF9625 plus2000=87930004 same_match=NO plus2000_match=YES
WORD_6=target=6398E4E7 same=85262100 plus2000=6398E4E7 same_match=NO plus2000_match=YES
WORD_7=target=D717E711 same=105070EF plus2000=D717E711 same_match=NO plus2000_match=YES
MATCH_SAME_OFFSET=0/8
MATCH_PLUS_2000=8/8
FULL_MATCH_SAME_OFFSET=NO
FULL_MATCH_PLUS_2000=YES
WINDOW_BASE=0xC40
OFFSET_HYPOTHESIS=+0x2000
TARGET_WORDS=E406E022,97020800,640260A2,00A037B3,0141853E,47818082,8082853E,F8A27119
PAYLOAD_SAME_WORDS=60EF97E5,96171E40,06130001,95979926,85930001,852699A5,033070EF,000FE162
PAYLOAD_PLUS2000_WORDS=E406E022,97020800,640260A2,00A037B3,0141853E,47818082,8082853E,F8A27119
WORD_0=target=E406E022 same=60EF97E5 plus2000=E406E022 same_match=NO plus2000_match=YES
WORD_1=target=97020800 same=96171E40 plus2000=97020800 same_match=NO plus2000_match=YES
WORD_2=target=640260A2 same=06130001 plus2000=640260A2 same_match=NO plus2000_match=YES
WORD_3=target=00A037B3 same=95979926 plus2000=00A037B3 same_match=NO plus2000_match=YES
WORD_4=target=0141853E same=85930001 plus2000=0141853E same_match=NO plus2000_match=YES
WORD_5=target=47818082 same=852699A5 plus2000=47818082 same_match=NO plus2000_match=YES
WORD_6=target=8082853E same=033070EF plus2000=8082853E same_match=NO plus2000_match=YES
WORD_7=target=F8A27119 same=000FE162 plus2000=F8A27119 same_match=NO plus2000_match=YES
MATCH_SAME_OFFSET=0/8
MATCH_PLUS_2000=8/8
FULL_MATCH_SAME_OFFSET=NO
FULL_MATCH_PLUS_2000=YES
WINDOW_BASE=0xC80
OFFSET_HYPOTHESIS=+0x2000
TARGET_WORDS=97BAD1E7,0007BB83,34002AF3,030AB783,F8F43023,F14024F3,120B8B63,08CBA783
PAYLOAD_SAME_WORDS=1B1707F0,0B130004,846339EB,F7630159,2783055B,2A85000C,FF57F9E3,00041517
PAYLOAD_PLUS2000_WORDS=97BAD1E7,0007BB83,34002AF3,030AB783,F8F43023,F14024F3,120B8B63,08CBA783
WORD_0=target=97BAD1E7 same=1B1707F0 plus2000=97BAD1E7 same_match=NO plus2000_match=YES
WORD_1=target=0007BB83 same=0B130004 plus2000=0007BB83 same_match=NO plus2000_match=YES
WORD_2=target=34002AF3 same=846339EB plus2000=34002AF3 same_match=NO plus2000_match=YES
WORD_3=target=030AB783 same=F7630159 plus2000=030AB783 same_match=NO plus2000_match=YES
WORD_4=target=F8F43023 same=2783055B plus2000=F8F43023 same_match=NO plus2000_match=YES
WORD_5=target=F14024F3 same=2A85000C plus2000=F14024F3 same_match=NO plus2000_match=YES
WORD_6=target=120B8B63 same=FF57F9E3 plus2000=120B8B63 same_match=NO plus2000_match=YES
WORD_7=target=08CBA783 same=00041517 plus2000=08CBA783 same_match=NO plus2000_match=YES
MATCH_SAME_OFFSET=0/8
MATCH_PLUS_2000=8/8
FULL_MATCH_SAME_OFFSET=NO
FULL_MATCH_PLUS_2000=YES
WINDOW_BASE=0xCC0
OFFSET_HYPOTHESIS=+0x2000
TARGET_WORDS=F06AF862,ECCEF0CA,E0DAE8D2,8C2EF466,97828D32,7906E115,6A4669E6,7C426B06
PAYLOAD_SAME_WORDS=85930001,BD213425,851785AA,05130001,E1627C65,152060EF,4FD090EF,406AD793
PAYLOAD_PLUS2000_WORDS=F06AF862,ECCEF0CA,E0DAE8D2,8C2EF466,97828D32,7906E115,6A4669E6,7C426B06
WORD_0=target=F06AF862 same=85930001 plus2000=F06AF862 same_match=NO plus2000_match=YES
WORD_1=target=ECCEF0CA same=BD213425 plus2000=ECCEF0CA same_match=NO plus2000_match=YES
WORD_2=target=E0DAE8D2 same=851785AA plus2000=E0DAE8D2 same_match=NO plus2000_match=YES
WORD_3=target=8C2EF466 same=05130001 plus2000=8C2EF466 same_match=NO plus2000_match=YES
WORD_4=target=97828D32 same=E1627C65 plus2000=97828D32 same_match=NO plus2000_match=YES
WORD_5=target=7906E115 same=152060EF plus2000=7906E115 same_match=NO plus2000_match=YES
WORD_6=target=6A4669E6 same=4FD090EF plus2000=6A4669E6 same_match=NO plus2000_match=YES
WORD_7=target=7C426B06 same=406AD793 plus2000=7C426B06 same_match=NO plus2000_match=YES
MATCH_SAME_OFFSET=0/8
MATCH_PLUS_2000=8/8
FULL_MATCH_SAME_OFFSET=NO
FULL_MATCH_PLUS_2000=YES
WINDOW_BASE=0xD00
OFFSET_HYPOTHESIS=+0x2000
TARGET_WORDS=0A07CF63,008B8913,08000593,30EF854A,14823EA0,07F00793,90818CAA,09934A05
PAYLOAD_SAME_WORDS=00018597,30058593,8597B35D,85930001,B3492F65,00018597,2EC58593,8597B38D
PAYLOAD_PLUS2000_WORDS=0A07CF63,008B8913,08000593,30EF854A,14823EA0,07F00793,90818CAA,09934A05
WORD_0=target=0A07CF63 same=00018597 plus2000=0A07CF63 same_match=NO plus2000_match=YES
WORD_1=target=008B8913 same=30058593 plus2000=008B8913 same_match=NO plus2000_match=YES
WORD_2=target=08000593 same=8597B35D plus2000=08000593 same_match=NO plus2000_match=YES
WORD_3=target=30EF854A same=85930001 plus2000=30EF854A same_match=NO plus2000_match=YES
WORD_4=target=14823EA0 same=B3492F65 plus2000=14823EA0 same_match=NO plus2000_match=YES
WORD_5=target=07F00793 same=00018597 plus2000=07F00793 same_match=NO plus2000_match=YES
WORD_6=target=90818CAA same=2EC58593 plus2000=90818CAA same_match=NO plus2000_match=YES
WORD_7=target=09934A05 same=8597B38D plus2000=09934A05 same_match=NO plus2000_match=YES
MATCH_SAME_OFFSET=0/8
MATCH_PLUS_2000=8/8
FULL_MATCH_SAME_OFFSET=NO
FULL_MATCH_PLUS_2000=YES
WINDOW_BASE=0xD40
OFFSET_HYPOTHESIS=+0x2000
TARGET_WORDS=584030EF,F0E38CAA,5B13FEA9,7B1300BB,4691003B,85E2865A,40EF855E,C1493D20
PAYLOAD_SAME_WORDS=8BC58593,00018517,53C50513,0DA060EF,F3040B13,08000613,450185DA,628000EF
PAYLOAD_PLUS2000_WORDS=584030EF,F0E38CAA,5B13FEA9,7B1300BB,4691003B,85E2865A,40EF855E,C1493D20
WORD_0=target=584030EF same=8BC58593 plus2000=584030EF same_match=NO plus2000_match=YES
WORD_1=target=F0E38CAA same=00018517 plus2000=F0E38CAA same_match=NO plus2000_match=YES
WORD_2=target=5B13FEA9 same=53C50513 plus2000=5B13FEA9 same_match=NO plus2000_match=YES
WORD_3=target=7B1300BB same=0DA060EF plus2000=7B1300BB same_match=NO plus2000_match=YES
WORD_4=target=4691003B same=F3040B13 plus2000=4691003B same_match=NO plus2000_match=YES
WORD_5=target=85E2865A same=08000613 plus2000=85E2865A same_match=NO plus2000_match=YES
WORD_6=target=40EF855E same=450185DA plus2000=40EF855E same_match=NO plus2000_match=YES
WORD_7=target=C1493D20 same=628000EF plus2000=C1493D20 same_match=NO plus2000_match=YES
MATCH_SAME_OFFSET=0/8
MATCH_PLUS_2000=8/8
FULL_MATCH_SAME_OFFSET=NO
FULL_MATCH_PLUS_2000=YES
WINDOW_BASE=0xD80
OFFSET_HYPOTHESIS=+0x2000
TARGET_WORDS=B583000D,3503030A,779CF884,84AA9782,4601C931,85564591,597070EF,70E6C539
PAYLOAD_SAME_WORDS=1693CF11,D7930205,169701D6,B6830004,97B6C1E6,C799639C,639897BA,853A6422
PAYLOAD_PLUS2000_WORDS=B583000D,3503030A,779CF884,84AA9782,4601C931,85564591,597070EF,70E6C539
WORD_0=target=B583000D same=1693CF11 plus2000=B583000D same_match=NO plus2000_match=YES
WORD_1=target=3503030A same=D7930205 plus2000=3503030A same_match=NO plus2000_match=YES
WORD_2=target=779CF884 same=169701D6 plus2000=779CF884 same_match=NO plus2000_match=YES
WORD_3=target=84AA9782 same=B6830004 plus2000=84AA9782 same_match=NO plus2000_match=YES
WORD_4=target=4601C931 same=97B6C1E6 plus2000=4601C931 same_match=NO plus2000_match=YES
WORD_5=target=85564591 same=C799639C plus2000=85564591 same_match=NO plus2000_match=YES
WORD_6=target=597070EF same=639897BA plus2000=597070EF same_match=NO plus2000_match=YES
WORD_7=target=70E6C539 same=853A6422 plus2000=70E6C539 same_match=NO plus2000_match=YES
MATCH_SAME_OFFSET=0/8
MATCH_PLUS_2000=8/8
FULL_MATCH_SAME_OFFSET=NO
FULL_MATCH_PLUS_2000=YES
WINDOW_BASE=0xDC0
OFFSET_HYPOTHESIS=+0x2000
TARGET_WORDS=6A4669E6,7C426B06,7D027CA2,70E66DE2,54FD7446,7BE26AA6,74A68526,80826109
PAYLOAD_SAME_WORDS=03853903,04090563,05092983,258184AA,00EF854A,25016480,03357B63,05893783
PAYLOAD_PLUS2000_WORDS=6A4669E6,7C426B06,7D027CA2,70E66DE2,54FD7446,7BE26AA6,74A68526,80826109
WORD_0=target=6A4669E6 same=03853903 plus2000=6A4669E6 same_match=NO plus2000_match=YES
WORD_1=target=7C426B06 same=04090563 plus2000=7C426B06 same_match=NO plus2000_match=YES
WORD_2=target=7D027CA2 same=05092983 plus2000=7D027CA2 same_match=NO plus2000_match=YES
WORD_3=target=70E66DE2 same=258184AA plus2000=70E66DE2 same_match=NO plus2000_match=YES
WORD_4=target=54FD7446 same=00EF854A plus2000=54FD7446 same_match=NO plus2000_match=YES
WORD_5=target=7BE26AA6 same=25016480 plus2000=7BE26AA6 same_match=NO plus2000_match=YES
WORD_6=target=74A68526 same=03357B63 plus2000=74A68526 same_match=NO plus2000_match=YES
WORD_7=target=80826109 same=05893783 plus2000=80826109 same_match=NO plus2000_match=YES
MATCH_SAME_OFFSET=0/8
MATCH_PLUS_2000=8/8
FULL_MATCH_SAME_OFFSET=NO
FULL_MATCH_PLUS_2000=YES
WINDOW_BASE=0xE00
OFFSET_HYPOTHESIS=+0x2000
TARGET_WORDS=0800E422,01416422,71398082,F04AF822,0080FC06,0004C917,C5490913,00093783
PAYLOAD_SAME_WORDS=779C0589,9782C391,90EF8526,90EF7E50,11413C70,0800E422,34416073,01416422
PAYLOAD_PLUS2000_WORDS=0800E422,01416422,71398082,F04AF822,0080FC06,0004C917,C5490913,00093783
WORD_0=target=0800E422 same=779C0589 plus2000=0800E422 same_match=NO plus2000_match=YES
WORD_1=target=01416422 same=9782C391 plus2000=01416422 same_match=NO plus2000_match=YES
WORD_2=target=71398082 same=90EF8526 plus2000=71398082 same_match=NO plus2000_match=YES
WORD_3=target=F04AF822 same=90EF7E50 plus2000=F04AF822 same_match=NO plus2000_match=YES
WORD_4=target=0080FC06 same=11413C70 plus2000=0080FC06 same_match=NO plus2000_match=YES
WORD_5=target=0004C917 same=0800E422 plus2000=0004C917 same_match=NO plus2000_match=YES
WORD_6=target=C5490913 same=34416073 plus2000=C5490913 same_match=NO plus2000_match=YES
WORD_7=target=00093783 same=01416422 plus2000=00093783 same_match=NO plus2000_match=YES
MATCH_SAME_OFFSET=0/8
MATCH_PLUS_2000=8/8
FULL_MATCH_SAME_OFFSET=NO
FULL_MATCH_PLUS_2000=YES
WINDOW_BASE=0xE40
OFFSET_HYPOTHESIS=+0x2000
TARGET_WORDS=739C8AAA,02F484B3,0364D4B3,00099463,9982A099,00893783,07B39782,85524155
PAYLOAD_SAME_WORDS=17137139,F8220206,E852F426,EC4EFC06,1A170080,0A130004,57931DEA,97D201D7
PAYLOAD_PLUS2000_WORDS=739C8AAA,02F484B3,0364D4B3,00099463,9982A099,00893783,07B39782,85524155
WORD_0=target=739C8AAA same=17137139 plus2000=739C8AAA same_match=NO plus2000_match=YES
WORD_1=target=02F484B3 same=F8220206 plus2000=02F484B3 same_match=NO plus2000_match=YES
WORD_2=target=0364D4B3 same=E852F426 plus2000=0364D4B3 same_match=NO plus2000_match=YES
WORD_3=target=00099463 same=EC4EFC06 plus2000=00099463 same_match=NO plus2000_match=YES
WORD_4=target=9982A099 same=1A170080 plus2000=9982A099 same_match=NO plus2000_match=YES
WORD_5=target=00893783 same=0A130004 plus2000=00893783 same_match=NO plus2000_match=YES
WORD_6=target=07B39782 same=57931DEA plus2000=07B39782 same_match=NO plus2000_match=YES
WORD_7=target=85524155 same=97D201D7 plus2000=85524155 same_match=NO plus2000_match=YES
MATCH_SAME_OFFSET=0/8
MATCH_PLUS_2000=8/8
FULL_MATCH_SAME_OFFSET=NO
FULL_MATCH_PLUS_2000=YES
WINDOW_BASE=0xE80
OFFSET_HYPOTHESIS=+0x2000
TARGET_WORDS=00016517,7C850513,79F030EF,744270E2,61217902,09978082,89930000,BF5DF689
PAYLOAD_SAME_WORDS=C9AD638C,E05AE456,200A3783,0209B703,8B338AAA,C70900F5,9702864A,04054163
PAYLOAD_PLUS2000_WORDS=00016517,7C850513,79F030EF,744270E2,61217902,09978082,89930000,BF5DF689
WORD_0=target=00016517 same=C9AD638C plus2000=00016517 same_match=NO plus2000_match=YES
WORD_1=target=7C850513 same=E05AE456 plus2000=7C850513 same_match=NO plus2000_match=YES
WORD_2=target=79F030EF same=200A3783 plus2000=79F030EF same_match=NO plus2000_match=YES
WORD_3=target=744270E2 same=0209B703 plus2000=744270E2 same_match=NO plus2000_match=YES
WORD_4=target=61217902 same=8B338AAA plus2000=61217902 same_match=NO plus2000_match=YES
WORD_5=target=09978082 same=C70900F5 plus2000=09978082 same_match=NO plus2000_match=YES
WORD_6=target=89930000 same=9702864A plus2000=89930000 same_match=NO plus2000_match=YES
WORD_7=target=BF5DF689 same=04054163 plus2000=BF5DF689 same_match=NO plus2000_match=YES
MATCH_SAME_OFFSET=0/8
MATCH_PLUS_2000=8/8
FULL_MATCH_SAME_OFFSET=NO
FULL_MATCH_PLUS_2000=YES
WINDOW_BASE=0xEC0
OFFSET_HYPOTHESIS=+0x2000
TARGET_WORDS=8A2E89AA,4B0184B2,9782C399,B7838B2A,B903000A,07930207,59333E80,093302F9
PAYLOAD_SAME_WORDS=0289B783,8556CF89,79029782,6B026AA2,744270E2,69E274A2,61216A42,70E28082
PAYLOAD_PLUS2000_WORDS=8A2E89AA,4B0184B2,9782C399,B7838B2A,B903000A,07930207,59333E80,093302F9
WORD_0=target=8A2E89AA same=0289B783 plus2000=8A2E89AA same_match=NO plus2000_match=YES
WORD_1=target=4B0184B2 same=8556CF89 plus2000=4B0184B2 same_match=NO plus2000_match=YES
WORD_2=target=9782C399 same=79029782 plus2000=9782C399 same_match=NO plus2000_match=YES
WORD_3=target=B7838B2A same=6B026AA2 plus2000=B7838B2A same_match=NO plus2000_match=YES
WORD_4=target=B903000A same=744270E2 plus2000=B903000A same_match=NO plus2000_match=YES
WORD_5=target=07930207 same=69E274A2 plus2000=07930207 same_match=NO plus2000_match=YES
WORD_6=target=59333E80 same=61216A42 plus2000=59333E80 same_match=NO plus2000_match=YES
WORD_7=target=093302F9 same=70E28082 plus2000=093302F9 same_match=NO plus2000_match=YES
MATCH_SAME_OFFSET=0/8
MATCH_PLUS_2000=8/8
FULL_MATCH_SAME_OFFSET=NO
FULL_MATCH_PLUS_2000=YES
WINDOW_BASE=0xF00
OFFSET_HYPOTHESIS=+0x2000
TARGET_WORDS=70E24485,79027442,6A4269E2,6B026AA2,74A28526,80826121,0004C797,B587B783
PAYLOAD_SAME_WORDS=E4A6EC86,F456E0CA,1080F05A,8A3689B2,F1402773,02071793,01D7D713,00041797
PAYLOAD_PLUS2000_WORDS=70E24485,79027442,6A4269E2,6B026AA2,74A28526,80826121,0004C797,B587B783
WORD_0=target=70E24485 same=E4A6EC86 plus2000=70E24485 same_match=NO plus2000_match=YES
WORD_1=target=79027442 same=F456E0CA plus2000=79027442 same_match=NO plus2000_match=YES
WORD_2=target=6A4269E2 same=1080F05A plus2000=6A4269E2 same_match=NO plus2000_match=YES
WORD_3=target=6B026AA2 same=8A3689B2 plus2000=6B026AA2 same_match=NO plus2000_match=YES
WORD_4=target=74A28526 same=F1402773 plus2000=74A28526 same_match=NO plus2000_match=YES
WORD_5=target=80826121 same=02071793 plus2000=80826121 same_match=NO plus2000_match=YES
WORD_6=target=0004C797 same=01D7D713 plus2000=0004C797 same_match=NO plus2000_match=YES
WORD_7=target=B587B783 same=00041797 plus2000=B587B783 same_match=NO plus2000_match=YES
MATCH_SAME_OFFSET=0/8
MATCH_PLUS_2000=8/8
FULL_MATCH_SAME_OFFSET=NO
FULL_MATCH_PLUS_2000=YES
WINDOW_BASE=0xF40
OFFSET_HYPOTHESIS=+0x2000
TARGET_WORDS=24F31000,C7973400,87930004,6B98B227,4501679C,C39194BA,609C9782,644260E2
PAYLOAD_SAME_WORDS=90EF855A,E5214B90,FA843783,E79984CA,8385A03D,FAF43423,C3950485,0017F713
PAYLOAD_PLUS2000_WORDS=24F31000,C7973400,87930004,6B98B227,4501679C,C39194BA,609C9782,644260E2
WORD_0=target=24F31000 same=90EF855A plus2000=24F31000 same_match=NO plus2000_match=YES
WORD_1=target=C7973400 same=E5214B90 plus2000=C7973400 same_match=NO plus2000_match=YES
WORD_2=target=87930004 same=FA843783 plus2000=87930004 same_match=NO plus2000_match=YES
WORD_3=target=6B98B227 same=E79984CA plus2000=6B98B227 same_match=NO plus2000_match=YES
WORD_4=target=4501679C same=8385A03D plus2000=4501679C same_match=NO plus2000_match=YES
WORD_5=target=C39194BA same=FAF43423 plus2000=C39194BA same_match=NO plus2000_match=YES
WORD_6=target=609C9782 same=C3950485 plus2000=609C9782 same_match=NO plus2000_match=YES
WORD_7=target=644260E2 same=0017F713 plus2000=644260E2 same_match=NO plus2000_match=YES
MATCH_SAME_OFFSET=0/8
MATCH_PLUS_2000=8/8
FULL_MATCH_SAME_OFFSET=NO
FULL_MATCH_PLUS_2000=YES
WINDOW_BASE=0xF80
OFFSET_HYPOTHESIS=+0x2000
TARGET_WORDS=80820141,E4221141,27730800,C7973400,B7830004,97BAAEA7,6422E388,80820141
PAYLOAD_SAME_WORDS=865E0409,855A85CA,473090EF,6BE2DD55,60E64501,64A66446,79E26906,7AA27A42
PAYLOAD_PLUS2000_WORDS=80820141,E4221141,27730800,C7973400,B7830004,97BAAEA7,6422E388,80820141
WORD_0=target=80820141 same=865E0409 plus2000=80820141 same_match=NO plus2000_match=YES
WORD_1=target=E4221141 same=855A85CA plus2000=E4221141 same_match=NO plus2000_match=YES
WORD_2=target=27730800 same=473090EF plus2000=27730800 same_match=NO plus2000_match=YES
WORD_3=target=C7973400 same=6BE2DD55 plus2000=C7973400 same_match=NO plus2000_match=YES
WORD_4=target=B7830004 same=60E64501 plus2000=B7830004 same_match=NO plus2000_match=YES
WORD_5=target=97BAAEA7 same=64A66446 plus2000=97BAAEA7 same_match=NO plus2000_match=YES
WORD_6=target=6422E388 same=79E26906 plus2000=6422E388 same_match=NO plus2000_match=YES
WORD_7=target=80820141 same=7AA27A42 plus2000=80820141 same_match=NO plus2000_match=YES
MATCH_SAME_OFFSET=0/8
MATCH_PLUS_2000=8/8
FULL_MATCH_SAME_OFFSET=NO
FULL_MATCH_PLUS_2000=YES
WINDOW_BASE=0xFC0
OFFSET_HYPOTHESIS=+0x2000
TARGET_WORDS=EC06E426,84AA1000,F0EF4515,2573AF2F,45913400,77A050EF,9073CD01,079314D4
PAYLOAD_SAME_WORDS=87BAFAE4,B7E9EB01,34238385,0905FAF4,DFDD873E,DB6D8B05,864E86D2,0009059B
PAYLOAD_PLUS2000_WORDS=EC06E426,84AA1000,F0EF4515,2573AF2F,45913400,77A050EF,9073CD01,079314D4
WORD_0=target=EC06E426 same=87BAFAE4 plus2000=EC06E426 same_match=NO plus2000_match=YES
WORD_1=target=84AA1000 same=B7E9EB01 plus2000=84AA1000 same_match=NO plus2000_match=YES
WORD_2=target=F0EF4515 same=34238385 plus2000=F0EF4515 same_match=NO plus2000_match=YES
WORD_3=target=2573AF2F same=0905FAF4 plus2000=2573AF2F same_match=NO plus2000_match=YES
WORD_4=target=45913400 same=DFDD873E plus2000=45913400 same_match=NO plus2000_match=YES
WORD_5=target=77A050EF same=DB6D8B05 plus2000=77A050EF same_match=NO plus2000_match=YES
WORD_6=target=9073CD01 same=864E86D2 plus2000=9073CD01 same_match=NO plus2000_match=YES
WORD_7=target=079314D4 same=0009059B plus2000=079314D4 same_match=NO plus2000_match=YES
MATCH_SAME_OFFSET=0/8
MATCH_PLUS_2000=8/8
FULL_MATCH_SAME_OFFSET=NO
FULL_MATCH_PLUS_2000=YES
WINDOW_BASE=0x1000
OFFSET_HYPOTHESIS=+0x2000
TARGET_WORDS=80000000,00000000,07933447,A0730800,60E23047,64A26442,80826105,E0221141
PAYLOAD_SAME_WORDS=87AE0365,06934501,A0210400,0C632505,639800D5,FB7D07A1,00351793,E19095BE
PAYLOAD_PLUS2000_WORDS=07939782,B0730200,07933447,A0730800,60E23047,64A26442,80826105,E0221141
WORD_0=target=80000000 same=87AE0365 plus2000=07939782 same_match=NO plus2000_match=NO
WORD_1=target=00000000 same=06934501 plus2000=B0730200 same_match=NO plus2000_match=NO
WORD_2=target=07933447 same=A0210400 plus2000=07933447 same_match=NO plus2000_match=YES
WORD_3=target=A0730800 same=0C632505 plus2000=A0730800 same_match=NO plus2000_match=YES
WORD_4=target=60E23047 same=639800D5 plus2000=60E23047 same_match=NO plus2000_match=YES
WORD_5=target=64A26442 same=FB7D07A1 plus2000=64A26442 same_match=NO plus2000_match=YES
WORD_6=target=80826105 same=00351793 plus2000=80826105 same_match=NO plus2000_match=YES
WORD_7=target=E0221141 same=E19095BE plus2000=E0221141 same_match=NO plus2000_match=YES
MATCH_SAME_OFFSET=0/8
MATCH_PLUS_2000=6/8
FULL_MATCH_SAME_OFFSET=NO
FULL_MATCH_PLUS_2000=NO
WINDOW_BASE=0x1040
OFFSET_HYPOTHESIS=+0x2000
TARGET_WORDS=640260A2,80820141,E4221141,64220800,0004C517,A1853503,80820141,E4221141
PAYLOAD_SAME_WORDS=179300A7,D5130205,179701D7,87930004,97AAFE67,0007B023,01416422,11418082
PAYLOAD_PLUS2000_WORDS=640260A2,80820141,E4221141,64220800,0004C517,A1853503,80820141,E4221141
WORD_0=target=640260A2 same=179300A7 plus2000=640260A2 same_match=NO plus2000_match=YES
WORD_1=target=80820141 same=D5130205 plus2000=80820141 same_match=NO plus2000_match=YES
WORD_2=target=E4221141 same=179701D7 plus2000=E4221141 same_match=NO plus2000_match=YES
WORD_3=target=64220800 same=87930004 plus2000=64220800 same_match=NO plus2000_match=YES
WORD_4=target=0004C517 same=97AAFE67 plus2000=0004C517 same_match=NO plus2000_match=YES
WORD_5=target=A1853503 same=0007B023 plus2000=A1853503 same_match=NO plus2000_match=YES
WORD_6=target=80820141 same=01416422 plus2000=80820141 same_match=NO plus2000_match=YES
WORD_7=target=E4221141 same=11418082 plus2000=E4221141 same_match=NO plus2000_match=YES
MATCH_SAME_OFFSET=0/8
MATCH_PLUS_2000=8/8
FULL_MATCH_SAME_OFFSET=NO
FULL_MATCH_PLUS_2000=YES
WINDOW_BASE=0x1080
OFFSET_HYPOTHESIS=+0x2000
TARGET_WORDS=B7FDE798,F0227179,E84AEC26,E44EF406,39831800,84AA0385,E98D892E,0004C797
PAYLOAD_SAME_WORDS=70730800,64223441,80820141,E0221141,0800E406,F6174681,26030003,F0EFFA66
PAYLOAD_PLUS2000_WORDS=B7FDE798,F0227179,E84AEC26,E44EF406,39831800,84AA0385,E98D892E,0004C797
WORD_0=target=B7FDE798 same=70730800 plus2000=B7FDE798 same_match=NO plus2000_match=YES
WORD_1=target=F0227179 same=64223441 plus2000=F0227179 same_match=NO plus2000_match=YES
WORD_2=target=E84AEC26 same=80820141 plus2000=E84AEC26 same_match=NO plus2000_match=YES
WORD_3=target=E44EF406 same=E0221141 plus2000=E44EF406 same_match=NO plus2000_match=YES
WORD_4=target=39831800 same=0800E406 plus2000=39831800 same_match=NO plus2000_match=YES
WORD_5=target=84AA0385 same=F6174681 plus2000=84AA0385 same_match=NO plus2000_match=YES
WORD_6=target=E98D892E same=26030003 plus2000=E98D892E same_match=NO plus2000_match=YES
WORD_7=target=0004C797 same=F0EFFA66 plus2000=0004C797 same_match=NO plus2000_match=YES
MATCH_SAME_OFFSET=0/8
MATCH_PLUS_2000=8/8
FULL_MATCH_SAME_OFFSET=NO
FULL_MATCH_PLUS_2000=YES
WINDOW_BASE=0x10C0
OFFSET_HYPOTHESIS=+0x2000
TARGET_WORDS=64E27402,69A26942,80826145,E0524521,DB0FF0EF,0004CA17,994A0A13,00AA3823
PAYLOAD_SAME_WORDS=09130004,3483F729,94CE2009,F1402A73,10EF451D,37831EA0,C7912089,C781779C
PAYLOAD_PLUS2000_WORDS=64E27402,69A26942,80826145,E0524521,DB0FF0EF,0004CA17,994A0A13,00AA3823
WORD_0=target=64E27402 same=09130004 plus2000=64E27402 same_match=NO plus2000_match=YES
WORD_1=target=69A26942 same=3483F729 plus2000=69A26942 same_match=NO plus2000_match=YES
WORD_2=target=80826145 same=94CE2009 plus2000=80826145 same_match=NO plus2000_match=YES
WORD_3=target=E0524521 same=F1402A73 plus2000=E0524521 same_match=NO plus2000_match=YES
WORD_4=target=DB0FF0EF same=10EF451D plus2000=DB0FF0EF same_match=NO plus2000_match=YES
WORD_5=target=0004CA17 same=37831EA0 plus2000=0004CA17 same_match=NO plus2000_match=YES
WORD_6=target=994A0A13 same=C7912089 plus2000=994A0A13 same_match=NO plus2000_match=YES
WORD_7=target=00AA3823 same=C781779C plus2000=00AA3823 same_match=NO plus2000_match=YES
MATCH_SAME_OFFSET=0/8
MATCH_PLUS_2000=8/8
FULL_MATCH_SAME_OFFSET=NO
FULL_MATCH_PLUS_2000=YES
WINDOW_BASE=0x1100
OFFSET_HYPOTHESIS=+0x2000
TARGET_WORDS=05136A02,BF65C120,E8221101,EC06E426,C7971000,B7830004,84AA9567,7F9CC781
PAYLOAD_SAME_WORDS=00093783,C781854E,C3917B9C,80859782,F4E50921,740270A2,694264E2,6A0269A2
PAYLOAD_PLUS2000_WORDS=05136A02,BF65C120,E8221101,EC06E426,C7971000,B7830004,84AA9567,7F9CC781
WORD_0=target=05136A02 same=00093783 plus2000=05136A02 same_match=NO plus2000_match=YES
WORD_1=target=BF65C120 same=C781854E plus2000=BF65C120 same_match=NO plus2000_match=YES
WORD_2=target=E8221101 same=C3917B9C plus2000=E8221101 same_match=NO plus2000_match=YES
WORD_3=target=EC06E426 same=80859782 plus2000=EC06E426 same_match=NO plus2000_match=YES
WORD_4=target=C7971000 same=F4E50921 plus2000=C7971000 same_match=NO plus2000_match=YES
WORD_5=target=B7830004 same=740270A2 plus2000=B7830004 same_match=NO plus2000_match=YES
WORD_6=target=84AA9567 same=694264E2 plus2000=84AA9567 same_match=NO plus2000_match=YES
WORD_7=target=7F9CC781 same=6A0269A2 plus2000=7F9CC781 same_match=NO plus2000_match=YES
MATCH_SAME_OFFSET=0/8
MATCH_PLUS_2000=8/8
FULL_MATCH_SAME_OFFSET=NO
FULL_MATCH_PLUS_2000=YES
WINDOW_BASE=0x1140
OFFSET_HYPOTHESIS=+0x2000
TARGET_WORDS=644260E2,610564A2,11018082,EC06E822,E04AE426,87AA1000,0007B903,452D6784
PAYLOAD_SAME_WORDS=01414501,55758082,11418082,0800E422,15176422,35030004,01410E65,11418082
PAYLOAD_PLUS2000_WORDS=644260E2,610564A2,11018082,EC06E822,E04AE426,87AA1000,0007B903,452D6784
WORD_0=target=644260E2 same=01414501 plus2000=644260E2 same_match=NO plus2000_match=YES
WORD_1=target=610564A2 same=55758082 plus2000=610564A2 same_match=NO plus2000_match=YES
WORD_2=target=11018082 same=11418082 plus2000=11018082 same_match=NO plus2000_match=YES
WORD_3=target=EC06E822 same=0800E422 plus2000=EC06E822 same_match=NO plus2000_match=YES
WORD_4=target=E04AE426 same=15176422 plus2000=E04AE426 same_match=NO plus2000_match=YES
WORD_5=target=87AA1000 same=35030004 plus2000=87AA1000 same_match=NO plus2000_match=YES
WORD_6=target=0007B903 same=01410E65 plus2000=0007B903 same_match=NO plus2000_match=YES
WORD_7=target=452D6784 same=11418082 plus2000=452D6784 same_match=NO plus2000_match=YES
MATCH_SAME_OFFSET=0/8
MATCH_PLUS_2000=8/8
FULL_MATCH_SAME_OFFSET=NO
FULL_MATCH_PLUS_2000=YES
WINDOW_BASE=0x1180
OFFSET_HYPOTHESIS=+0x2000
TARGET_WORDS=FE97EBE3,644260E2,690264A2,80826105,12000073,644260E2,690264A2,80826105
PAYLOAD_SAME_WORDS=80820141,E8221101,E04AE426,1000EC06,84AA892E,1817E5B1,38030004,066309A8
PAYLOAD_PLUS2000_WORDS=FE97EBE3,644260E2,690264A2,80826105,12000073,644260E2,690264A2,80826105
WORD_0=target=FE97EBE3 same=80820141 plus2000=FE97EBE3 same_match=NO plus2000_match=YES
WORD_1=target=644260E2 same=E8221101 plus2000=644260E2 same_match=NO plus2000_match=YES
WORD_2=target=690264A2 same=E04AE426 plus2000=690264A2 same_match=NO plus2000_match=YES
WORD_3=target=80826105 same=1000EC06 plus2000=80826105 same_match=NO plus2000_match=YES
WORD_4=target=12000073 same=84AA892E plus2000=12000073 same_match=NO plus2000_match=YES
WORD_5=target=644260E2 same=1817E5B1 plus2000=644260E2 same_match=NO plus2000_match=YES
WORD_6=target=690264A2 same=38030004 plus2000=690264A2 same_match=NO plus2000_match=YES
WORD_7=target=80826105 same=066309A8 plus2000=80826105 same_match=NO plus2000_match=YES
MATCH_SAME_OFFSET=0/8
MATCH_PLUS_2000=8/8
FULL_MATCH_SAME_OFFSET=NO
FULL_MATCH_PLUS_2000=YES
WINDOW_BASE=0x11C0
OFFSET_HYPOTHESIS=+0x2000
TARGET_WORDS=009967B3,57FDC78D,02F48C63,66854781,0733C881,007300F9,97B61337,FE97EBE3
PAYLOAD_SAME_WORDS=6FBCC799,C7817FBC,9782854A,6073E501,45013044,644260E2,690264A2,80826105
PAYLOAD_PLUS2000_WORDS=009967B3,57FDC78D,02F48C63,66854781,0733C881,007300F9,97B61337,FE97EBE3
WORD_0=target=009967B3 same=6FBCC799 plus2000=009967B3 same_match=NO plus2000_match=YES
WORD_1=target=57FDC78D same=C7817FBC plus2000=57FDC78D same_match=NO plus2000_match=YES
WORD_2=target=02F48C63 same=9782854A plus2000=02F48C63 same_match=NO plus2000_match=YES
WORD_3=target=66854781 same=6073E501 plus2000=66854781 same_match=NO plus2000_match=YES
WORD_4=target=0733C881 same=45013044 plus2000=0733C881 same_match=NO plus2000_match=YES
WORD_5=target=007300F9 same=644260E2 plus2000=007300F9 same_match=NO plus2000_match=YES
WORD_6=target=97B61337 same=690264A2 plus2000=97B61337 same_match=NO plus2000_match=YES
WORD_7=target=FE97EBE3 same=80826105 plus2000=FE97EBE3 same_match=NO plus2000_match=YES
MATCH_SAME_OFFSET=0/8
MATCH_PLUS_2000=8/8
FULL_MATCH_SAME_OFFSET=NO
FULL_MATCH_PLUS_2000=YES
WINDOW_BASE=0x1200
OFFSET_HYPOTHESIS=+0x2000
TARGET_WORDS=13300073,740270A2,694264E2,614569A2,11418082,E406E022,45250800,8A0FF0EF
PAYLOAD_SAME_WORDS=869ACBA5,4701879A,04000893,2705A021,05170563,07A16390,1793FA7D,75B00037
PAYLOAD_PLUS2000_WORDS=13300073,740270A2,694264E2,614569A2,11418082,E406E022,45250800,8A0FF0EF
WORD_0=target=13300073 same=869ACBA5 plus2000=13300073 same_match=NO plus2000_match=YES
WORD_1=target=740270A2 same=4701879A plus2000=740270A2 same_match=NO plus2000_match=YES
WORD_2=target=694264E2 same=04000893 plus2000=694264E2 same_match=NO plus2000_match=YES
WORD_3=target=614569A2 same=2705A021 plus2000=614569A2 same_match=NO plus2000_match=YES
WORD_4=target=11418082 same=05170563 plus2000=11418082 same_match=NO plus2000_match=YES
WORD_5=target=E406E022 same=07A16390 plus2000=E406E022 same_match=NO plus2000_match=YES
WORD_6=target=45250800 same=1793FA7D plus2000=45250800 same_match=NO plus2000_match=YES
WORD_7=target=8A0FF0EF same=75B00037 plus2000=8A0FF0EF same_match=NO plus2000_match=YES
MATCH_SAME_OFFSET=0/8
MATCH_PLUS_2000=8/8
FULL_MATCH_SAME_OFFSET=NO
FULL_MATCH_PLUS_2000=YES
WINDOW_BASE=0x1240
OFFSET_HYPOTHESIS=+0x2000
TARGET_WORDS=BA03454D,B9030007,F0EF0087,F7B7872F,178203FF,F9B319B2,99F300F9,67B36809
PAYLOAD_SAME_WORDS=FB7D06A1,00379713,F717933A,07130003,3023EDE7,C15C00E3,60E2B785,64A26442
PAYLOAD_PLUS2000_WORDS=BA03454D,B9030007,F0EF0087,F7B7872F,178203FF,F9B319B2,99F300F9,67B36809
WORD_0=target=BA03454D same=FB7D06A1 plus2000=BA03454D same_match=NO plus2000_match=YES
WORD_1=target=B9030007 same=00379713 plus2000=B9030007 same_match=NO plus2000_match=YES
WORD_2=target=F0EF0087 same=F717933A plus2000=F0EF0087 same_match=NO plus2000_match=YES
WORD_3=target=F7B7872F same=07130003 plus2000=F7B7872F same_match=NO plus2000_match=YES
WORD_4=target=178203FF same=3023EDE7 plus2000=178203FF same_match=NO plus2000_match=YES
WORD_5=target=F9B319B2 same=C15C00E3 plus2000=F9B319B2 same_match=NO plus2000_match=YES
WORD_6=target=99F300F9 same=60E2B785 plus2000=99F300F9 same_match=NO plus2000_match=YES
WORD_7=target=67B36809 same=64A26442 plus2000=67B36809 same_match=NO plus2000_match=YES
MATCH_SAME_OFFSET=0/8
MATCH_PLUS_2000=8/8
FULL_MATCH_SAME_OFFSET=NO
FULL_MATCH_PLUS_2000=YES
WINDOW_BASE=0x1280
OFFSET_HYPOTHESIS=+0x2000
TARGET_WORDS=FF24EBE3,6AA274A2,68099073,744270E2,69E27902,61216A42,70EF8082,907308F0
PAYLOAD_SAME_WORDS=30447073,E27FF0EF,C7897C9C,63DC6FBC,9782C391,644260E2,610564A2,11418082
PAYLOAD_PLUS2000_WORDS=FF24EBE3,6AA274A2,68099073,744270E2,69E27902,61216A42,70EF8082,907308F0
WORD_0=target=FF24EBE3 same=30447073 plus2000=FF24EBE3 same_match=NO plus2000_match=YES
WORD_1=target=6AA274A2 same=E27FF0EF plus2000=6AA274A2 same_match=NO plus2000_match=YES
WORD_2=target=68099073 same=C7897C9C plus2000=68099073 same_match=NO plus2000_match=YES
WORD_3=target=744270E2 same=63DC6FBC plus2000=744270E2 same_match=NO plus2000_match=YES
WORD_4=target=69E27902 same=9782C391 plus2000=69E27902 same_match=NO plus2000_match=YES
WORD_5=target=61216A42 same=644260E2 plus2000=61216A42 same_match=NO plus2000_match=YES
WORD_6=target=70EF8082 same=610564A2 plus2000=70EF8082 same_match=NO plus2000_match=YES
WORD_7=target=907308F0 same=11418082 plus2000=907308F0 same_match=NO plus2000_match=YES
MATCH_SAME_OFFSET=0/8
MATCH_PLUS_2000=8/8
FULL_MATCH_SAME_OFFSET=NO
FULL_MATCH_PLUS_2000=YES
WINDOW_BASE=0x12C0
OFFSET_HYPOTHESIS=+0x2000
TARGET_WORDS=B9030007,453D0087,FF5FE0EF,0129E7B3,57FDCB95,02F90863,E052EC26,6A054481
PAYLOAD_SAME_WORDS=80820141,E0221141,0800E406,0003F797,E947B783,60A29782,01416402,7D1C8082
PAYLOAD_PLUS2000_WORDS=B9030007,453D0087,FF5FE0EF,0129E7B3,57FDCB95,02F90863,E052EC26,6A054481
WORD_0=target=B9030007 same=80820141 plus2000=B9030007 same_match=NO plus2000_match=YES
WORD_1=target=453D0087 same=E0221141 plus2000=453D0087 same_match=NO plus2000_match=YES
WORD_2=target=FF5FE0EF same=0800E406 plus2000=FF5FE0EF same_match=NO plus2000_match=YES
WORD_3=target=0129E7B3 same=0003F797 plus2000=0129E7B3 same_match=NO plus2000_match=YES
WORD_4=target=57FDCB95 same=E947B783 plus2000=57FDCB95 same_match=NO plus2000_match=YES
WORD_5=target=02F90863 same=60A29782 plus2000=02F90863 same_match=NO plus2000_match=YES
WORD_6=target=E052EC26 same=01416402 plus2000=E052EC26 same_match=NO plus2000_match=YES
WORD_7=target=6A054481 same=7D1C8082 plus2000=6A054481 same_match=NO plus2000_match=YES
MATCH_SAME_OFFSET=0/8
MATCH_PLUS_2000=8/8
FULL_MATCH_SAME_OFFSET=NO
FULL_MATCH_PLUS_2000=YES
WINDOW_BASE=0x1300
OFFSET_HYPOTHESIS=+0x2000
TARGET_WORDS=80826145,005070EF,740270A2,69A26942,80826145,F8227139,F04AFC06,E852EC4E
PAYLOAD_SAME_WORDS=37030003,0797E627,87930000,0763F987,678500F7,80078793,3047A073,80824501
PAYLOAD_PLUS2000_WORDS=80826145,005070EF,740270A2,69A26942,80826145,F8227139,F04AFC06,E852EC4E
WORD_0=target=80826145 same=37030003 plus2000=80826145 same_match=NO plus2000_match=YES
WORD_1=target=005070EF same=0797E627 plus2000=005070EF same_match=NO plus2000_match=YES
WORD_2=target=740270A2 same=87930000 plus2000=740270A2 same_match=NO plus2000_match=YES
WORD_3=target=69A26942 same=0763F987 plus2000=69A26942 same_match=NO plus2000_match=YES
WORD_4=target=80826145 same=678500F7 plus2000=80826145 same_match=NO plus2000_match=YES
WORD_5=target=F8227139 same=80078793 plus2000=F8227139 same_match=NO plus2000_match=YES
WORD_6=target=F04AFC06 same=3047A073 plus2000=F04AFC06 same_match=NO plus2000_match=YES
WORD_7=target=E852EC4E same=80824501 plus2000=E852EC4E same_match=NO plus2000_match=YES
MATCH_SAME_OFFSET=0/8
MATCH_PLUS_2000=8/8
FULL_MATCH_SAME_OFFSET=NO
FULL_MATCH_PLUS_2000=YES
WINDOW_BASE=0x1340
OFFSET_HYPOTHESIS=+0x2000
TARGET_WORDS=19B21782,00F9F9B3,680999F3,012A67B3,57FDCF95,02F90F63,E05AF426,6B054481
PAYLOAD_SAME_WORDS=45016402,80820141,0003F697,E186B683,00000797,F4E78793,87637D18,678500F6
PAYLOAD_PLUS2000_WORDS=19B21782,00F9F9B3,680999F3,012A67B3,57FDCF95,02F90F63,E05AF426,6B054481
WORD_0=target=19B21782 same=45016402 plus2000=19B21782 same_match=NO plus2000_match=YES
WORD_1=target=00F9F9B3 same=80820141 plus2000=00F9F9B3 same_match=NO plus2000_match=YES
WORD_2=target=680999F3 same=0003F697 plus2000=680999F3 same_match=NO plus2000_match=YES
WORD_3=target=012A67B3 same=E186B683 plus2000=012A67B3 same_match=NO plus2000_match=YES
WORD_4=target=57FDCF95 same=00000797 plus2000=57FDCF95 same_match=NO plus2000_match=YES
WORD_5=target=02F90F63 same=F4E78793 plus2000=02F90F63 same_match=NO plus2000_match=YES
WORD_6=target=E05AF426 same=87637D18 plus2000=E05AF426 same_match=NO plus2000_match=YES
WORD_7=target=6B054481 same=678500F6 plus2000=6B054481 same_match=NO plus2000_match=YES
MATCH_SAME_OFFSET=0/8
MATCH_PLUS_2000=8/8
FULL_MATCH_SAME_OFFSET=NO
FULL_MATCH_PLUS_2000=YES
WINDOW_BASE=0x1380
OFFSET_HYPOTHESIS=+0x2000
TARGET_WORDS=69E27902,6AA26A42,80826121,79C070EF,8556B7E5,784070EF,7139B7C5,FC06F822
PAYLOAD_SAME_WORDS=80828082,7179C951,EC26F022,1800F406,C58984AE,89B2E44E,69A2E619,740270A2
PAYLOAD_PLUS2000_WORDS=69E27902,6AA26A42,80826121,79C070EF,8556B7E5,784070EF,7139B7C5,FC06F822
WORD_0=target=69E27902 same=80828082 plus2000=69E27902 same_match=NO plus2000_match=YES
WORD_1=target=6AA26A42 same=7179C951 plus2000=6AA26A42 same_match=NO plus2000_match=YES
WORD_2=target=80826121 same=EC26F022 plus2000=80826121 same_match=NO plus2000_match=YES
WORD_3=target=79C070EF same=1800F406 plus2000=79C070EF same_match=NO plus2000_match=YES
WORD_4=target=8556B7E5 same=C58984AE plus2000=8556B7E5 same_match=NO plus2000_match=YES
WORD_5=target=784070EF same=89B2E44E plus2000=784070EF same_match=NO plus2000_match=YES
WORD_6=target=7139B7C5 same=69A2E619 plus2000=7139B7C5 same_match=NO plus2000_match=YES
WORD_7=target=FC06F822 same=740270A2 plus2000=FC06F822 same_match=NO plus2000_match=YES
MATCH_SAME_OFFSET=0/8
MATCH_PLUS_2000=8/8
FULL_MATCH_SAME_OFFSET=NO
FULL_MATCH_PLUS_2000=YES
WINDOW_BASE=0x13C0
OFFSET_HYPOTHESIS=+0x2000
TARGET_WORDS=57FDCF85,04F90363,E456F426,6A854481,00090B63,00998533,810985D2,70EF94D6
PAYLOAD_SAME_WORDS=24468693,00018617,24460613,852685CE,3AD050EF,02054363,0009879B,01355463
PAYLOAD_PLUS2000_WORDS=57FDCF85,04F90363,E456F426,6A854481,00090B63,00998533,810985D2,70EF94D6
WORD_0=target=57FDCF85 same=24468693 plus2000=57FDCF85 same_match=NO plus2000_match=YES
WORD_1=target=04F90363 same=00018617 plus2000=04F90363 same_match=NO plus2000_match=YES
WORD_2=target=E456F426 same=24460613 plus2000=E456F426 same_match=NO plus2000_match=YES
WORD_3=target=6A854481 same=852685CE plus2000=6A854481 same_match=NO plus2000_match=YES
WORD_4=target=00090B63 same=3AD050EF plus2000=00090B63 same_match=NO plus2000_match=YES
WORD_5=target=00998533 same=02054363 plus2000=00998533 same_match=NO plus2000_match=YES
WORD_6=target=810985D2 same=0009879B plus2000=810985D2 same_match=NO plus2000_match=YES
WORD_7=target=70EF94D6 same=01355463 plus2000=70EF94D6 same_match=NO plus2000_match=YES
MATCH_SAME_OFFSET=0/8
MATCH_PLUS_2000=8/8
FULL_MATCH_SAME_OFFSET=NO
FULL_MATCH_PLUS_2000=YES
WINDOW_BASE=0x1400
OFFSET_HYPOTHESIS=+0x2000
TARGET_WORDS=69E27902,61216A42,85528082,6EC070EF,7139BFE9,F822FC06,EC4EF04A,711C0080
PAYLOAD_SAME_WORDS=85930001,10EF2125,70A242A0,69427402,64E269A2,80826145,11418082,0800E422
PAYLOAD_PLUS2000_WORDS=69E27902,61216A42,85528082,6EC070EF,7139BFE9,F822FC06,EC4EF04A,711C0080
WORD_0=target=69E27902 same=85930001 plus2000=69E27902 same_match=NO plus2000_match=YES
WORD_1=target=61216A42 same=10EF2125 plus2000=61216A42 same_match=NO plus2000_match=YES
WORD_2=target=85528082 same=70A242A0 plus2000=85528082 same_match=NO plus2000_match=YES
WORD_3=target=6EC070EF same=69427402 plus2000=6EC070EF same_match=NO plus2000_match=YES
WORD_4=target=7139BFE9 same=64E269A2 plus2000=7139BFE9 same_match=NO plus2000_match=YES
WORD_5=target=F822FC06 same=80826145 plus2000=F822FC06 same_match=NO plus2000_match=YES
WORD_6=target=EC4EF04A same=11418082 plus2000=EC4EF04A same_match=NO plus2000_match=YES
WORD_7=target=711C0080 same=0800E422 plus2000=711C0080 same_match=NO plus2000_match=YES
MATCH_SAME_OFFSET=0/8
MATCH_PLUS_2000=8/8
FULL_MATCH_SAME_OFFSET=NO
FULL_MATCH_PLUS_2000=YES
WINDOW_BASE=0x1440
OFFSET_HYPOTHESIS=+0x2000
TARGET_WORDS=E05AE456,EA97F426,BA830003,BB17562A,0B130004,0A13632B,171307F0,57930209
PAYLOAD_SAME_WORDS=01416422,64228082,0141557D,711D8082,EC86E8A2,EC5EF456,2BF31080,1A973400
PAYLOAD_PLUS2000_WORDS=E05AE456,EA97F426,BA830003,BB17562A,0B130004,0A13632B,171307F0,57930209
WORD_0=target=E05AE456 same=01416422 plus2000=E05AE456 same_match=NO plus2000_match=YES
WORD_1=target=EA97F426 same=64228082 plus2000=EA97F426 same_match=NO plus2000_match=YES
WORD_2=target=BA830003 same=0141557D plus2000=BA830003 same_match=NO plus2000_match=YES
WORD_3=target=BB17562A same=711D8082 plus2000=BB17562A same_match=NO plus2000_match=YES
WORD_4=target=0B130004 same=EC86E8A2 plus2000=0B130004 same_match=NO plus2000_match=YES
WORD_5=target=0A13632B same=EC5EF456 plus2000=0A13632B same_match=NO plus2000_match=YES
WORD_6=target=171307F0 same=2BF31080 plus2000=171307F0 same_match=NO plus2000_match=YES
WORD_7=target=57930209 same=1A973400 plus2000=57930209 same_match=NO plus2000_match=YES
MATCH_SAME_OFFSET=0/8
MATCH_PLUS_2000=8/8
FULL_MATCH_SAME_OFFSET=NO
FULL_MATCH_PLUS_2000=YES
WINDOW_BASE=0x1480
OFFSET_HYPOTHESIS=+0x2000
TARGET_WORDS=08000593,20EF854E,091B63F0,76E30005,74A2FD2A,6AA26A42,70E26B02,79027442
PAYLOAD_SAME_WORDS=8A2E89B2,222070EF,06A95463,2773F05A,D7933200,D79B43F4,9FA501A7,4067D79B
PAYLOAD_PLUS2000_WORDS=08000593,20EF854E,091B63F0,76E30005,74A2FD2A,6AA26A42,70E26B02,79027442
WORD_0=target=08000593 same=8A2E89B2 plus2000=08000593 same_match=NO plus2000_match=YES
WORD_1=target=20EF854E same=222070EF plus2000=20EF854E same_match=NO plus2000_match=YES
WORD_2=target=091B63F0 same=06A95463 plus2000=091B63F0 same_match=NO plus2000_match=YES
WORD_3=target=76E30005 same=2773F05A plus2000=76E30005 same_match=NO plus2000_match=YES
WORD_4=target=74A2FD2A same=D7933200 plus2000=74A2FD2A same_match=NO plus2000_match=YES
WORD_5=target=6AA26A42 same=D79B43F4 plus2000=6AA26A42 same_match=NO plus2000_match=YES
WORD_6=target=70E26B02 same=9FA501A7 plus2000=70E26B02 same_match=NO plus2000_match=YES
WORD_7=target=79027442 same=4067D79B plus2000=79027442 same_match=NO plus2000_match=YES
MATCH_SAME_OFFSET=0/8
MATCH_PLUS_2000=8/8
FULL_MATCH_SAME_OFFSET=NO
FULL_MATCH_PLUS_2000=YES
WINDOW_BASE=0x14C0
OFFSET_HYPOTHESIS=+0x2000
TARGET_WORDS=A019FA84,F4FFF0EF,854A85A6,72B040EF,852687AA,60E6DBE5,64A66446,61256906
PAYLOAD_SAME_WORDS=00D91933,FFF94913,0127F7B3,855E4581,70EFE31C,E91527C0,008AB783,67BCC789
PAYLOAD_PLUS2000_WORDS=A019FA84,F4FFF0EF,854A85A6,72B040EF,852687AA,60E6DBE5,64A66446,61256906
WORD_0=target=A019FA84 same=00D91933 plus2000=A019FA84 same_match=NO plus2000_match=YES
WORD_1=target=F4FFF0EF same=FFF94913 plus2000=F4FFF0EF same_match=NO plus2000_match=YES
WORD_2=target=854A85A6 same=0127F7B3 plus2000=854A85A6 same_match=NO plus2000_match=YES
WORD_3=target=72B040EF same=855E4581 plus2000=72B040EF same_match=NO plus2000_match=YES
WORD_4=target=852687AA same=70EFE31C plus2000=852687AA same_match=NO plus2000_match=YES
WORD_5=target=60E6DBE5 same=E91527C0 plus2000=60E6DBE5 same_match=NO plus2000_match=YES
WORD_6=target=64A66446 same=008AB783 plus2000=64A66446 same_match=NO plus2000_match=YES
WORD_7=target=61256906 same=67BCC789 plus2000=61256906 same_match=NO plus2000_match=YES
MATCH_SAME_OFFSET=0/8
MATCH_PLUS_2000=8/8
FULL_MATCH_SAME_OFFSET=NO
FULL_MATCH_PLUS_2000=YES
WINDOW_BASE=0x1500
OFFSET_HYPOTHESIS=+0x2000
TARGET_WORDS=BC17F140,0C130004,669857EC,010C3783,F6632A81,57FD00E7,0006B023,8A63E69C
PAYLOAD_SAME_WORDS=7AA26446,61256BE2,879B8082,4771FFD4,FCF764E3,320B0B1B,30EF855A,27F34820
PAYLOAD_PLUS2000_WORDS=BC17F140,0C130004,669857EC,010C3783,F6632A81,57FD00E7,0006B023,8A63E69C
WORD_0=target=BC17F140 same=7AA26446 plus2000=BC17F140 same_match=NO plus2000_match=YES
WORD_1=target=0C130004 same=61256BE2 plus2000=0C130004 same_match=NO plus2000_match=YES
WORD_2=target=669857EC same=879B8082 plus2000=669857EC same_match=NO plus2000_match=YES
WORD_3=target=010C3783 same=4771FFD4 plus2000=010C3783 same_match=NO plus2000_match=YES
WORD_4=target=F6632A81 same=FCF764E3 plus2000=F6632A81 same_match=NO plus2000_match=YES
WORD_5=target=57FD00E7 same=320B0B1B plus2000=57FD00E7 same_match=NO plus2000_match=YES
WORD_6=target=0006B023 same=30EF855A plus2000=0006B023 same_match=NO plus2000_match=YES
WORD_7=target=8A63E69C same=27F34820 plus2000=8A63E69C same_match=NO plus2000_match=YES
MATCH_SAME_OFFSET=0/8
MATCH_PLUS_2000=8/8
FULL_MATCH_SAME_OFFSET=NO
FULL_MATCH_PLUS_2000=YES
WINDOW_BASE=0x1540
OFFSET_HYPOTHESIS=+0x2000
TARGET_WORDS=E14A06F7,E526E4E6,F6840913,00016C97,124C8C93,3483A815,94DE008C,40EF8526
PAYLOAD_SAME_WORDS=30EF9D25,B77D0290,690664A6,7A4279E2,55657B02,64A6B76D,55756906,5575B74D
PAYLOAD_PLUS2000_WORDS=E14A06F7,E526E4E6,F6840913,00016C97,124C8C93,3483A815,94DE008C,40EF8526
WORD_0=target=E14A06F7 same=30EF9D25 plus2000=E14A06F7 same_match=NO plus2000_match=YES
WORD_1=target=E526E4E6 same=B77D0290 plus2000=E526E4E6 same_match=NO plus2000_match=YES
WORD_2=target=F6840913 same=690664A6 plus2000=F6840913 same_match=NO plus2000_match=YES
WORD_3=target=00016C97 same=7A4279E2 plus2000=00016C97 same_match=NO plus2000_match=YES
WORD_4=target=124C8C93 same=55657B02 plus2000=124C8C93 same_match=NO plus2000_match=YES
WORD_5=target=3483A815 same=64A6B76D plus2000=3483A815 same_match=NO plus2000_match=YES
WORD_6=target=94DE008C same=55756906 plus2000=94DE008C same_match=NO plus2000_match=YES
WORD_7=target=40EF8526 same=5575B74D plus2000=40EF8526 same_match=NO plus2000_match=YES
MATCH_SAME_OFFSET=0/8
MATCH_PLUS_2000=8/8
FULL_MATCH_SAME_OFFSET=NO
FULL_MATCH_PLUS_2000=YES
WINDOW_BASE=0x1580
OFFSET_HYPOTHESIS=+0x2000
TARGET_WORDS=856685D6,0F9030EF,855285CE,5E3040EF,42E385CA,64AAFC05,6CA6690A,60EA4501
PAYLOAD_SAME_WORDS=010BA983,892E84AA,8AB68A32,25738B3A,60EF3400,47897470,F5632501,77930097
PAYLOAD_PLUS2000_WORDS=856685D6,0F9030EF,855285CE,5E3040EF,42E385CA,64AAFC05,6CA6690A,60EA4501
WORD_0=target=856685D6 same=010BA983 plus2000=856685D6 same_match=NO plus2000_match=YES
WORD_1=target=0F9030EF same=892E84AA plus2000=0F9030EF same_match=NO plus2000_match=YES
WORD_2=target=855285CE same=8AB68A32 plus2000=855285CE same_match=NO plus2000_match=YES
WORD_3=target=5E3040EF same=25738B3A plus2000=5E3040EF same_match=NO plus2000_match=YES
WORD_4=target=42E385CA same=60EF3400 plus2000=42E385CA same_match=NO plus2000_match=YES
WORD_5=target=64AAFC05 same=47897470 plus2000=64AAFC05 same_match=NO plus2000_match=YES
WORD_6=target=6CA6690A same=F5632501 plus2000=6CA6690A same_match=NO plus2000_match=YES
WORD_7=target=60EA4501 same=77930097 plus2000=60EA4501 same_match=NO plus2000_match=YES
MATCH_SAME_OFFSET=0/8
MATCH_PLUS_2000=8/8
FULL_MATCH_SAME_OFFSET=NO
FULL_MATCH_PLUS_2000=YES
WINDOW_BASE=0x15C0
OFFSET_HYPOTHESIS=+0x2000
TARGET_WORDS=F0CAF8A2,E4D6E8D2,F4A6FC86,0100ECCE,0004BA97,4B0A8A93,000AB983,09138A2A
PAYLOAD_SAME_WORDS=00531793,C3C497BA,0127A423,9613C2C9,55930206,B79701B6,87930004,06370867
PAYLOAD_PLUS2000_WORDS=F0CAF8A2,E4D6E8D2,F4A6FC86,0100ECCE,0004BA97,4B0A8A93,000AB983,09138A2A
WORD_0=target=F0CAF8A2 same=00531793 plus2000=F0CAF8A2 same_match=NO plus2000_match=YES
WORD_1=target=E4D6E8D2 same=C3C497BA plus2000=E4D6E8D2 same_match=NO plus2000_match=YES
WORD_2=target=F4A6FC86 same=0127A423 plus2000=F4A6FC86 same_match=NO plus2000_match=YES
WORD_3=target=0100ECCE same=9613C2C9 plus2000=0100ECCE same_match=NO plus2000_match=YES
WORD_4=target=0004BA97 same=55930206 plus2000=0004BA97 same_match=NO plus2000_match=YES
WORD_5=target=4B0A8A93 same=B79701B6 plus2000=4B0A8A93 same_match=NO plus2000_match=YES
WORD_6=target=000AB983 same=87930004 plus2000=000AB983 same_match=NO plus2000_match=YES
WORD_7=target=09138A2A same=06370867 plus2000=09138A2A same_match=NO plus2000_match=YES
MATCH_SAME_OFFSET=0/8
MATCH_PLUS_2000=8/8
FULL_MATCH_SAME_OFFSET=NO
FULL_MATCH_PLUS_2000=YES
WINDOW_BASE=0x1600
OFFSET_HYPOTHESIS=+0x2000
TARGET_WORDS=F0EFF3F5,85CAE11F,40EF8526,87AA5ED0,FBE9854A,DFFFF0EF,854E4581,5A9010EF
PAYLOAD_SAME_WORDS=00032223,00032423,60A65575,74E26406,79A27942,6AE27A02,6BA26B42,80826161
PAYLOAD_PLUS2000_WORDS=F0EFF3F5,85CAE11F,40EF8526,87AA5ED0,FBE9854A,DFFFF0EF,854E4581,5A9010EF
WORD_0=target=F0EFF3F5 same=00032223 plus2000=F0EFF3F5 same_match=NO plus2000_match=YES
WORD_1=target=85CAE11F same=00032423 plus2000=85CAE11F same_match=NO plus2000_match=YES
WORD_2=target=40EF8526 same=60A65575 plus2000=40EF8526 same_match=NO plus2000_match=YES
WORD_3=target=87AA5ED0 same=74E26406 plus2000=87AA5ED0 same_match=NO plus2000_match=YES
WORD_4=target=FBE9854A same=79A27942 plus2000=FBE9854A same_match=NO plus2000_match=YES
WORD_5=target=DFFFF0EF same=6AE27A02 plus2000=DFFFF0EF same_match=NO plus2000_match=YES
WORD_6=target=854E4581 same=6BA26B42 plus2000=854E4581 same_match=NO plus2000_match=YES
WORD_7=target=5A9010EF same=80826161 plus2000=5A9010EF same_match=NO plus2000_match=YES
MATCH_SAME_OFFSET=0/8
MATCH_PLUS_2000=8/8
FULL_MATCH_SAME_OFFSET=NO
FULL_MATCH_PLUS_2000=YES
WINDOW_BASE=0x1640
OFFSET_HYPOTHESIS=+0x2000
TARGET_WORDS=711C0800,00000717,B5C70713,8063862A,071702E7,07130000,4509AF87,00E79563
PAYLOAD_SAME_WORDS=7DE3A039,8793FB19,9FE30207,4675F8B7,57FD9E09,D7BB0316,971A00C7,00FA7A33
PAYLOAD_PLUS2000_WORDS=711C0800,00000717,B5C70713,8063862A,071702E7,07130000,4509AF87,00E79563
WORD_0=target=711C0800 same=7DE3A039 plus2000=711C0800 same_match=NO plus2000_match=YES
WORD_1=target=00000717 same=8793FB19 plus2000=00000717 same_match=NO plus2000_match=YES
WORD_2=target=B5C70713 same=9FE30207 plus2000=B5C70713 same_match=NO plus2000_match=YES
WORD_3=target=8063862A same=4675F8B7 plus2000=8063862A same_match=NO plus2000_match=YES
WORD_4=target=071702E7 same=57FD9E09 plus2000=071702E7 same_match=NO plus2000_match=YES
WORD_5=target=07130000 same=D7BB0316 plus2000=07130000 same_match=NO plus2000_match=YES
WORD_6=target=4509AF87 same=971A00C7 plus2000=4509AF87 same_match=NO plus2000_match=YES
WORD_7=target=00E79563 same=00FA7A33 plus2000=00E79563 same_match=NO plus2000_match=YES
MATCH_SAME_OFFSET=0/8
MATCH_PLUS_2000=8/8
FULL_MATCH_SAME_OFFSET=NO
FULL_MATCH_PLUS_2000=YES
WINDOW_BASE=0x1680
OFFSET_HYPOTHESIS=+0x2000
TARGET_WORDS=B8036618,659C0005,97C29736,02D86363,02E7E463,FD0699E3,02858593,0693852E
PAYLOAD_SAME_WORDS=05130001,50EFF9A5,557D7A00,7139BFBD,FC06F822,0080E852,F14027F3,F14026F3
PAYLOAD_PLUS2000_WORDS=B8036618,659C0005,97C29736,02D86363,02E7E463,FD0699E3,02858593,0693852E
WORD_0=target=B8036618 same=05130001 plus2000=B8036618 same_match=NO plus2000_match=YES
WORD_1=target=659C0005 same=50EFF9A5 plus2000=659C0005 same_match=NO plus2000_match=YES
WORD_2=target=97C29736 same=557D7A00 plus2000=97C29736 same_match=NO plus2000_match=YES
WORD_3=target=02D86363 same=7139BFBD plus2000=02D86363 same_match=NO plus2000_match=YES
WORD_4=target=02E7E463 same=FC06F822 plus2000=02E7E463 same_match=NO plus2000_match=YES
WORD_5=target=FD0699E3 same=0080E852 plus2000=FD0699E3 same_match=NO plus2000_match=YES
WORD_6=target=02858593 same=F14027F3 plus2000=02858593 same_match=NO plus2000_match=YES
WORD_7=target=0693852E same=F14026F3 plus2000=0693852E same_match=NO plus2000_match=YES
MATCH_SAME_OFFSET=0/8
MATCH_PLUS_2000=8/8
FULL_MATCH_SAME_OFFSET=NO
FULL_MATCH_PLUS_2000=YES
WINDOW_BASE=0x16C0
OFFSET_HYPOTHESIS=+0x2000
TARGET_WORDS=E598853E,08000693,02860613,20EF85BE,45051B70,721CBF49,7179C3E9,EC26F022
PAYLOAD_SAME_WORDS=07129281,070A9736,00045697,F9068693,EC4EF04A,429496BA,0007891B,89AA57FD
PAYLOAD_PLUS2000_WORDS=E598853E,08000693,02860613,20EF85BE,45051B70,721CBF49,7179C3E9,EC26F022
WORD_0=target=E598853E same=07129281 plus2000=E598853E same_match=NO plus2000_match=YES
WORD_1=target=08000693 same=070A9736 plus2000=08000693 same_match=NO plus2000_match=YES
WORD_2=target=02860613 same=00045697 plus2000=02860613 same_match=NO plus2000_match=YES
WORD_3=target=20EF85BE same=F9068693 plus2000=20EF85BE same_match=NO plus2000_match=YES
WORD_4=target=45051B70 same=EC4EF04A plus2000=45051B70 same_match=NO plus2000_match=YES
WORD_5=target=721CBF49 same=429496BA plus2000=721CBF49 same_match=NO plus2000_match=YES
WORD_6=target=7179C3E9 same=0007891B plus2000=7179C3E9 same_match=NO plus2000_match=YES
WORD_7=target=EC26F022 same=89AA57FD plus2000=EC26F022 same_match=NO plus2000_match=YES
MATCH_SAME_OFFSET=0/8
MATCH_PLUS_2000=8/8
FULL_MATCH_SAME_OFFSET=NO
FULL_MATCH_PLUS_2000=YES
WINDOW_BASE=0x1700
OFFSET_HYPOTHESIS=+0x2000
TARGET_WORDS=8863A507,071706E7,07130000,8663A9A7,071706E7,07130000,8463B9E7,071704E7
PAYLOAD_SAME_WORDS=008A3783,7B9CCF8D,E456CB9D,000A2A83,41550ABB,000A851B,17939782,93810209
PAYLOAD_PLUS2000_WORDS=8863A507,071706E7,07130000,8663A9A7,071706E7,07130000,8463B9E7,071704E7
WORD_0=target=8863A507 same=008A3783 plus2000=8863A507 same_match=NO plus2000_match=YES
WORD_1=target=071706E7 same=7B9CCF8D plus2000=071706E7 same_match=NO plus2000_match=YES
WORD_2=target=07130000 same=E456CB9D plus2000=07130000 same_match=NO plus2000_match=YES
WORD_3=target=8663A9A7 same=000A2A83 plus2000=8663A9A7 same_match=NO plus2000_match=YES
WORD_4=target=071706E7 same=41550ABB plus2000=071706E7 same_match=NO plus2000_match=YES
WORD_5=target=07130000 same=000A851B plus2000=07130000 same_match=NO plus2000_match=YES
WORD_6=target=8463B9E7 same=17939782 plus2000=8463B9E7 same_match=NO plus2000_match=YES
WORD_7=target=071704E7 same=93810209 plus2000=071704E7 same_match=NO plus2000_match=YES
MATCH_SAME_OFFSET=0/8
MATCH_PLUS_2000=8/8
FULL_MATCH_SAME_OFFSET=NO
FULL_MATCH_PLUS_2000=YES
WINDOW_BASE=0x1740
OFFSET_HYPOTHESIS=+0x2000
TARGET_WORDS=86A604E7,854A85CE,0003D617,90862603,FA8FD0EF,740270A2,694264E2,614569A2
PAYLOAD_SAME_WORDS=16970209,86930004,9381F166,000A2703,45010792,40E9873B,93011702,078E97BA
PAYLOAD_PLUS2000_WORDS=86A604E7,854A85CE,0003D617,90862603,FA8FD0EF,740270A2,694264E2,614569A2
WORD_0=target=86A604E7 same=16970209 plus2000=86A604E7 same_match=NO plus2000_match=YES
WORD_1=target=854A85CE same=86930004 plus2000=854A85CE same_match=NO plus2000_match=YES
WORD_2=target=0003D617 same=9381F166 plus2000=0003D617 same_match=NO plus2000_match=YES
WORD_3=target=90862603 same=000A2703 plus2000=90862603 same_match=NO plus2000_match=YES
WORD_4=target=FA8FD0EF same=45010792 plus2000=FA8FD0EF same_match=NO plus2000_match=YES
WORD_5=target=740270A2 same=40E9873B plus2000=740270A2 same_match=NO plus2000_match=YES
WORD_6=target=694264E2 same=93011702 plus2000=694264E2 same_match=NO plus2000_match=YES
WORD_7=target=614569A2 same=078E97BA plus2000=614569A2 same_match=NO plus2000_match=YES
MATCH_SAME_OFFSET=0/8
MATCH_PLUS_2000=8/8
FULL_MATCH_SAME_OFFSET=NO
FULL_MATCH_PLUS_2000=YES
WINDOW_BASE=0x1780
OFFSET_HYPOTHESIS=+0x2000
TARGET_WORDS=4541B7C9,B39FE0EF,4549BF6D,B31FE0EF,4551BF4D,B29FE0EF,5575B76D,71798082
PAYLOAD_SAME_WORDS=E463B7F5,06B702A5,00630002,8E6302D5,114100D5,E406E022,47010800,F0EF4681
PAYLOAD_PLUS2000_WORDS=4541B7C9,B39FE0EF,4549BF6D,B31FE0EF,4551BF4D,B29FE0EF,5575B76D,71798082
WORD_0=target=4541B7C9 same=E463B7F5 plus2000=4541B7C9 same_match=NO plus2000_match=YES
WORD_1=target=B39FE0EF same=06B702A5 plus2000=B39FE0EF same_match=NO plus2000_match=YES
WORD_2=target=4549BF6D same=00630002 plus2000=4549BF6D same_match=NO plus2000_match=YES
WORD_3=target=B31FE0EF same=8E6302D5 plus2000=B31FE0EF same_match=NO plus2000_match=YES
WORD_4=target=4551BF4D same=114100D5 plus2000=4551BF4D same_match=NO plus2000_match=YES
WORD_5=target=B29FE0EF same=E406E022 plus2000=B29FE0EF same_match=NO plus2000_match=YES
WORD_6=target=5575B76D same=47010800 plus2000=5575B76D same_match=NO plus2000_match=YES
WORD_7=target=71798082 same=F0EF4681 plus2000=71798082 same_match=NO plus2000_match=YES
MATCH_SAME_OFFSET=0/8
MATCH_PLUS_2000=8/8
FULL_MATCH_SAME_OFFSET=NO
FULL_MATCH_PLUS_2000=YES
WINDOW_BASE=0x17C0
OFFSET_HYPOTHESIS=+0x2000
TARGET_WORDS=C5796708,C5E96F0C,0003D697,8886A683,03F00713,0CD76163,B02397A6,06930007
PAYLOAD_SAME_WORDS=F0EF0002,60A2DA1F,01416402,11418082,E406E022,25730800,45813400,773060EF
PAYLOAD_PLUS2000_WORDS=C5796708,C5E96F0C,0003D697,8886A683,03F00713,0CD76163,B02397A6,06930007
WORD_0=target=C5796708 same=F0EF0002 plus2000=C5796708 same_match=NO plus2000_match=YES
WORD_1=target=C5E96F0C same=60A2DA1F plus2000=C5E96F0C same_match=NO plus2000_match=YES
WORD_2=target=0003D697 same=01416402 plus2000=0003D697 same_match=NO plus2000_match=YES
WORD_3=target=8886A683 same=11418082 plus2000=8886A683 same_match=NO plus2000_match=YES
WORD_4=target=03F00713 same=E406E022 plus2000=03F00713 same_match=NO plus2000_match=YES
WORD_5=target=0CD76163 same=25730800 plus2000=0CD76163 same_match=NO plus2000_match=YES
WORD_6=target=B02397A6 same=45813400 plus2000=B02397A6 same_match=NO plus2000_match=YES
WORD_7=target=06930007 same=773060EF plus2000=06930007 same_match=NO plus2000_match=YES
MATCH_SAME_OFFSET=0/8
MATCH_PLUS_2000=8/8
FULL_MATCH_SAME_OFFSET=NO
FULL_MATCH_PLUS_2000=YES
WINDOW_BASE=0x1800
OFFSET_HYPOTHESIS=+0x2000
TARGET_WORDS=E0EFE44E,B997E7FF,89930004,B02327A9,CD3500A9,E0EF4561,B423E6BF,C15900A9
PAYLOAD_SAME_WORDS=80820141,E9227135,E4E6E14A,ED061100,FCCEE526,3423577D,9301F8B4,8CB6892A
PAYLOAD_PLUS2000_WORDS=E0EFE44E,B997E7FF,89930004,B02327A9,CD3500A9,E0EF4561,B423E6BF,C15900A9
WORD_0=target=E0EFE44E same=80820141 plus2000=E0EFE44E same_match=NO plus2000_match=YES
WORD_1=target=B997E7FF same=E9227135 plus2000=B997E7FF same_match=NO plus2000_match=YES
WORD_2=target=89930004 same=E4E6E14A plus2000=89930004 same_match=NO plus2000_match=YES
WORD_3=target=B02327A9 same=ED061100 plus2000=B02327A9 same_match=NO plus2000_match=YES
WORD_4=target=CD3500A9 same=FCCEE526 plus2000=CD3500A9 same_match=NO plus2000_match=YES
WORD_5=target=E0EF4561 same=3423577D plus2000=E0EF4561 same_match=NO plus2000_match=YES
WORD_6=target=B423E6BF same=9301F8B4 plus2000=B423E6BF same_match=NO plus2000_match=YES
WORD_7=target=C15900A9 same=8CB6892A plus2000=C15900A9 same_match=NO plus2000_match=YES
MATCH_SAME_OFFSET=0/8
MATCH_PLUS_2000=8/8
FULL_MATCH_SAME_OFFSET=NO
FULL_MATCH_PLUS_2000=YES
WINDOW_BASE=0x1840
OFFSET_HYPOTHESIS=+0x2000
TARGET_WORDS=0003D797,80A7A823,040A0163,058A3783,67DC6705,9782C399,B823872A,B78300E9
PAYLOAD_SAME_WORDS=05A237E1,8311577D,00B76463,059237F1,8309577D,00B76463,058A37F9,0005C363
PAYLOAD_PLUS2000_WORDS=0003D797,80A7A823,040A0163,058A3783,67DC6705,9782C399,B823872A,B78300E9
WORD_0=target=0003D797 same=05A237E1 plus2000=0003D797 same_match=NO plus2000_match=YES
WORD_1=target=80A7A823 same=8311577D plus2000=80A7A823 same_match=NO plus2000_match=YES
WORD_2=target=040A0163 same=00B76463 plus2000=040A0163 same_match=NO plus2000_match=YES
WORD_3=target=058A3783 same=059237F1 plus2000=058A3783 same_match=NO plus2000_match=YES
WORD_4=target=67DC6705 same=8309577D plus2000=67DC6705 same_match=NO plus2000_match=YES
WORD_5=target=9782C399 same=00B76463 plus2000=9782C399 same_match=NO plus2000_match=YES
WORD_6=target=B823872A same=058A37F9 plus2000=B823872A same_match=NO plus2000_match=YES
WORD_7=target=B78300E9 same=0005C363 plus2000=B78300E9 same_match=NO plus2000_match=YES
MATCH_SAME_OFFSET=0/8
MATCH_PLUS_2000=8/8
FULL_MATCH_SAME_OFFSET=NO
FULL_MATCH_PLUS_2000=YES
WINDOW_BASE=0x1880
OFFSET_HYPOTHESIS=+0x2000
TARGET_WORDS=E0EF0009,69A2EB1F,6705B79D,69A2B7F9,C1200913,0913BFA9,BF91C130,0089B503
PAYLOAD_SAME_WORDS=3C23FC6E,3023F6F4,40EFF8F4,A78306F0,0D9B0149,F0630005,E0EA14FD,F4D66D41
PAYLOAD_PLUS2000_WORDS=E0EF0009,69A2EB1F,6705B79D,69A2B7F9,C1200913,0913BFA9,BF91C130,0089B503
WORD_0=target=E0EF0009 same=3C23FC6E plus2000=E0EF0009 same_match=NO plus2000_match=YES
WORD_1=target=69A2EB1F same=3023F6F4 plus2000=69A2EB1F same_match=NO plus2000_match=YES
WORD_2=target=6705B79D same=40EFF8F4 plus2000=6705B79D same_match=NO plus2000_match=YES
WORD_3=target=69A2B7F9 same=A78306F0 plus2000=69A2B7F9 same_match=NO plus2000_match=YES
WORD_4=target=C1200913 same=0D9B0149 plus2000=C1200913 same_match=NO plus2000_match=YES
WORD_5=target=0913BFA9 same=F0630005 plus2000=0913BFA9 same_match=NO plus2000_match=YES
WORD_6=target=BF91C130 same=E0EA14FD plus2000=BF91C130 same_match=NO plus2000_match=YES
WORD_7=target=0089B503 same=F4D66D41 plus2000=0089B503 same_match=NO plus2000_match=YES
MATCH_SAME_OFFSET=0/8
MATCH_PLUS_2000=8/8
FULL_MATCH_SAME_OFFSET=NO
FULL_MATCH_PLUS_2000=YES
WINDOW_BASE=0x18C0
OFFSET_HYPOTHESIS=+0x2000
TARGET_WORDS=D7131085,7A130277,97130017,4D630337,EC261807,84AAE44E,00B7D993,04800513
PAYLOAD_SAME_WORDS=F8043603,F0EF85E6,A583B89F,84AA0149,861B1582,9181001D,40EF8552,A7831EB0
PAYLOAD_PLUS2000_WORDS=D7131085,7A130277,97130017,4D630337,EC261807,84AAE44E,00B7D993,04800513
WORD_0=target=D7131085 same=F8043603 plus2000=D7131085 same_match=NO plus2000_match=YES
WORD_1=target=7A130277 same=F0EF85E6 plus2000=7A130277 same_match=NO plus2000_match=YES
WORD_2=target=97130017 same=A583B89F plus2000=97130017 same_match=NO plus2000_match=YES
WORD_3=target=4D630337 same=84AA0149 plus2000=4D630337 same_match=NO plus2000_match=YES
WORD_4=target=EC261807 same=861B1582 plus2000=EC261807 same_match=NO plus2000_match=YES
WORD_5=target=84AAE44E same=9181001D plus2000=84AAE44E same_match=NO plus2000_match=YES
WORD_6=target=00B7D993 same=40EF8552 plus2000=00B7D993 same_match=NO plus2000_match=YES
WORD_7=target=04800513 same=A7831EB0 plus2000=04800513 same_match=NO plus2000_match=YES
MATCH_SAME_OFFSET=0/8
MATCH_PLUS_2000=8/8
FULL_MATCH_SAME_OFFSET=NO
FULL_MATCH_PLUS_2000=YES
WINDOW_BASE=0x1900
OFFSET_HYPOTHESIS=+0x2000
TARGET_WORDS=37036020,D7B30089,8B8500E7,B703EFE1,57FD1084,17FD179E,B4238FF9,051310F4
PAYLOAD_SAME_WORDS=93011702,00171793,971397BA,93010208,97BA0792,97DA078A,0BE34398,77B3FB57
PAYLOAD_PLUS2000_WORDS=37036020,D7B30089,8B8500E7,B703EFE1,57FD1084,17FD179E,B4238FF9,051310F4
WORD_0=target=37036020 same=93011702 plus2000=37036020 same_match=NO plus2000_match=YES
WORD_1=target=D7B30089 same=00171793 plus2000=D7B30089 same_match=NO plus2000_match=YES
WORD_2=target=8B8500E7 same=971397BA plus2000=8B8500E7 same_match=NO plus2000_match=YES
WORD_3=target=B703EFE1 same=93010208 plus2000=B703EFE1 same_match=NO plus2000_match=YES
WORD_4=target=57FD1084 same=97BA0792 plus2000=57FD1084 same_match=NO plus2000_match=YES
WORD_5=target=17FD179E same=97DA078A plus2000=17FD179E same_match=NO plus2000_match=YES
WORD_6=target=B4238FF9 same=0BE34398 plus2000=B4238FF9 same_match=NO plus2000_match=YES
WORD_7=target=051310F4 same=77B3FB57 plus2000=051310F4 same_match=NO plus2000_match=YES
MATCH_SAME_OFFSET=0/8
MATCH_PLUS_2000=8/8
FULL_MATCH_SAME_OFFSET=NO
FULL_MATCH_PLUS_2000=YES
WINDOW_BASE=0x1940
OFFSET_HYPOTHESIS=+0x2000
TARGET_WORDS=37B3FBF7,079A00F0,90738FD9,37836007,90730189,37836437,90730209,A83164A7
PAYLOAD_SAME_WORDS=7F18C31D,3683C30D,853BF804,866640A8,F6F43423,F7142A23,28839702,3783F744
PAYLOAD_PLUS2000_WORDS=37B3FBF7,079A00F0,90738FD9,37836007,90730189,37836437,90730209,A83164A7
WORD_0=target=37B3FBF7 same=7F18C31D plus2000=37B3FBF7 same_match=NO plus2000_match=YES
WORD_1=target=079A00F0 same=3683C30D plus2000=079A00F0 same_match=NO plus2000_match=YES
WORD_2=target=90738FD9 same=853BF804 plus2000=90738FD9 same_match=NO plus2000_match=YES
WORD_3=target=37836007 same=866640A8 plus2000=37836007 same_match=NO plus2000_match=YES
WORD_4=target=90730189 same=F6F43423 plus2000=90730189 same_match=NO plus2000_match=YES
WORD_5=target=37836437 same=F7142A23 plus2000=37836437 same_match=NO plus2000_match=YES
WORD_6=target=90730209 same=28839702 plus2000=90730209 same_match=NO plus2000_match=YES
WORD_7=target=A83164A7 same=3783F744 plus2000=A83164A7 same_match=NO plus2000_match=YES
MATCH_SAME_OFFSET=0/8
MATCH_PLUS_2000=8/8
FULL_MATCH_SAME_OFFSET=NO
FULL_MATCH_PLUS_2000=YES
WINDOW_BASE=0x1980
OFFSET_HYPOTHESIS=+0x2000
TARGET_WORDS=37831437,90730009,37831417,90730089,26F31427,B7831050,77791084,6FF70713
PAYLOAD_SAME_WORDS=97130208,97460047,1697070E,86930004,9736CCE6,01973023,97CE078E,46856F98
PAYLOAD_PLUS2000_WORDS=37831437,90730009,37831417,90730089,26F31427,B7831050,77791084,6FF70713
WORD_0=target=37831437 same=97130208 plus2000=37831437 same_match=NO plus2000_match=YES
WORD_1=target=90730009 same=97460047 plus2000=90730009 same_match=NO plus2000_match=YES
WORD_2=target=37831417 same=1697070E plus2000=37831417 same_match=NO plus2000_match=YES
WORD_3=target=90730089 same=86930004 plus2000=90730089 same_match=NO plus2000_match=YES
WORD_4=target=26F31427 same=9736CCE6 plus2000=26F31427 same_match=NO plus2000_match=YES
WORD_5=target=B7831050 same=01973023 plus2000=B7831050 same_match=NO plus2000_match=YES
WORD_6=target=77791084 same=97CE078E plus2000=77791084 same_match=NO plus2000_match=YES
WORD_7=target=6FF70713 same=46856F98 plus2000=6FF70713 same_match=NO plus2000_match=YES
MATCH_SAME_OFFSET=0/8
MATCH_PLUS_2000=8/8
FULL_MATCH_SAME_OFFSET=NO
FULL_MATCH_PLUS_2000=YES
WINDOW_BASE=0x19C0
OFFSET_HYPOTHESIS=+0x2000
TARGET_WORDS=10F4B423,694264E2,450169A2,740270A2,61456A02,E7938082,B7D50207,90070713
PAYLOAD_SAME_WORDS=690A644A,6CA679E6,64AA8526,8082610D,0149A583,7A46BDF5,54F57DE2,7135B7CD
PAYLOAD_PLUS2000_WORDS=10F4B423,694264E2,450169A2,740270A2,61456A02,E7938082,B7D50207,90070713
WORD_0=target=10F4B423 same=690A644A plus2000=10F4B423 same_match=NO plus2000_match=YES
WORD_1=target=694264E2 same=6CA679E6 plus2000=694264E2 same_match=NO plus2000_match=YES
WORD_2=target=450169A2 same=64AA8526 plus2000=450169A2 same_match=NO plus2000_match=YES
WORD_3=target=740270A2 same=8082610D plus2000=740270A2 same_match=NO plus2000_match=YES
WORD_4=target=61456A02 same=0149A583 plus2000=61456A02 same_match=NO plus2000_match=YES
WORD_5=target=E7938082 same=7A46BDF5 plus2000=E7938082 same_match=NO plus2000_match=YES
WORD_6=target=B7D50207 same=54F57DE2 plus2000=B7D50207 same_match=NO plus2000_match=YES
WORD_7=target=90070713 same=7135B7CD plus2000=90070713 same_match=NO plus2000_match=YES
MATCH_SAME_OFFSET=0/8
MATCH_PLUS_2000=8/8
FULL_MATCH_SAME_OFFSET=NO
FULL_MATCH_PLUS_2000=YES
WINDOW_BASE=0x1A00
OFFSET_HYPOTHESIS=+0x2000
TARGET_WORDS=24379073,00093783,24179073,00893783,24279073,20502673,1084B783,869376F9
PAYLOAD_SAME_WORDS=56FD000C,F6E43423,07139281,E46303F0,178200F6,56FD477D,E46382C1,374100F6
PAYLOAD_PLUS2000_WORDS=24379073,00093783,24179073,00893783,24279073,20502673,1084B783,869376F9
WORD_0=target=24379073 same=56FD000C plus2000=24379073 same_match=NO plus2000_match=YES
WORD_1=target=00093783 same=F6E43423 plus2000=00093783 same_match=NO plus2000_match=YES
WORD_2=target=24179073 same=07139281 plus2000=24179073 same_match=NO plus2000_match=YES
WORD_3=target=00893783 same=E46303F0 plus2000=00893783 same_match=NO plus2000_match=YES
WORD_4=target=24279073 same=178200F6 plus2000=24279073 same_match=NO plus2000_match=YES
WORD_5=target=20502673 same=56FD477D plus2000=20502673 same_match=NO plus2000_match=YES
WORD_6=target=1084B783 same=E46382C1 plus2000=1084B783 same_match=NO plus2000_match=YES
WORD_7=target=869376F9 same=374100F6 plus2000=869376F9 same_match=NO plus2000_match=YES
MATCH_SAME_OFFSET=0/8
MATCH_PLUS_2000=8/8
FULL_MATCH_SAME_OFFSET=NO
FULL_MATCH_PLUS_2000=YES
WINDOW_BASE=0x1A40
OFFSET_HYPOTHESIS=+0x2000
TARGET_WORDS=1007E793,0027F713,FDF7F793,E793C319,9BF50207,20079073,27F3B7B5,F7136000
PAYLOAD_SAME_WORDS=377900F6,C363078A,377D0007,00040C17,7F4C0C13,014C6583,75639726,F8D21AB7
PAYLOAD_PLUS2000_WORDS=1007E793,0027F713,FDF7F793,E793C319,9BF50207,20079073,27F3B7B5,F7136000
WORD_0=target=1007E793 same=377900F6 plus2000=1007E793 same_match=NO plus2000_match=YES
WORD_1=target=0027F713 same=C363078A plus2000=0027F713 same_match=NO plus2000_match=YES
WORD_2=target=FDF7F793 same=377D0007 plus2000=FDF7F793 same_match=NO plus2000_match=YES
WORD_3=target=E793C319 same=00040C17 plus2000=E793C319 same_match=NO plus2000_match=YES
WORD_4=target=9BF50207 same=7F4C0C13 plus2000=9BF50207 same_match=NO plus2000_match=YES
WORD_5=target=20079073 same=014C6583 plus2000=20079073 same_match=NO plus2000_match=YES
WORD_6=target=27F3B7B5 same=75639726 plus2000=27F3B7B5 same_match=NO plus2000_match=YES
WORD_7=target=F7136000 same=F8D21AB7 plus2000=F7136000 same_match=NO plus2000_match=YES
MATCH_SAME_OFFSET=0/8
MATCH_PLUS_2000=8/8
FULL_MATCH_SAME_OFFSET=NO
FULL_MATCH_PLUS_2000=YES
WINDOW_BASE=0x1A80
OFFSET_HYPOTHESIS=+0x2000
TARGET_WORDS=34202973,34302AF3,04800513,4EF000EF,29F3C505,2A7334B0,436334A0,47AD0209
PAYLOAD_SAME_WORDS=00179B13,17939B3E,6BC1004B,E0EAE14A,2481FC6E,59175AF5,09130004,F993BC29
PAYLOAD_PLUS2000_WORDS=34202973,34302AF3,04800513,4EF000EF,29F3C505,2A7334B0,436334A0,47AD0209
WORD_0=target=34202973 same=00179B13 plus2000=34202973 same_match=NO plus2000_match=YES
WORD_1=target=34302AF3 same=17939B3E plus2000=34302AF3 same_match=NO plus2000_match=YES
WORD_2=target=04800513 same=6BC1004B plus2000=04800513 same_match=NO plus2000_match=YES
WORD_3=target=4EF000EF same=E0EAE14A plus2000=4EF000EF same_match=NO plus2000_match=YES
WORD_4=target=29F3C505 same=2481FC6E plus2000=29F3C505 same_match=NO plus2000_match=YES
WORD_5=target=2A7334B0 same=59175AF5 plus2000=2A7334B0 same_match=NO plus2000_match=YES
WORD_6=target=436334A0 same=09130004 plus2000=436334A0 same_match=NO plus2000_match=YES
WORD_7=target=47AD0209 same=F993BC29 plus2000=47AD0209 same_match=NO plus2000_match=YES
MATCH_SAME_OFFSET=0/8
MATCH_PLUS_2000=8/8
FULL_MATCH_SAME_OFFSET=NO
FULL_MATCH_PLUS_2000=YES
WINDOW_BASE=0x1AC0
OFFSET_HYPOTHESIS=+0x2000
TARGET_WORDS=34002573,40EF4589,0B634890,E0DA3A05,F862FC5E,FB0027F3,4BAD4B1D,88634C0D
PAYLOAD_SAME_WORDS=17939301,97BA0017,020D1713,07929301,078A97BA,439897CA,0B635B7D,07B70767
PAYLOAD_PLUS2000_WORDS=34002573,40EF4589,0B634890,E0DA3A05,F862FC5E,FB0027F3,4BAD4B1D,88634C0D
WORD_0=target=34002573 same=17939301 plus2000=34002573 same_match=NO plus2000_match=YES
WORD_1=target=40EF4589 same=97BA0017 plus2000=40EF4589 same_match=NO plus2000_match=YES
WORD_2=target=0B634890 same=020D1713 plus2000=0B634890 same_match=NO plus2000_match=YES
WORD_3=target=E0DA3A05 same=07929301 plus2000=E0DA3A05 same_match=NO plus2000_match=YES
WORD_4=target=F862FC5E same=078A97BA plus2000=F862FC5E same_match=NO plus2000_match=YES
WORD_5=target=FB0027F3 same=439897CA plus2000=FB0027F3 same_match=NO plus2000_match=YES
WORD_6=target=4BAD4B1D same=0B635B7D plus2000=4BAD4B1D same_match=NO plus2000_match=YES
WORD_7=target=88634C0D same=07B70767 plus2000=88634C0D same_match=NO plus2000_match=YES
MATCH_SAME_OFFSET=0/8
MATCH_PLUS_2000=8/8
FULL_MATCH_SAME_OFFSET=NO
FULL_MATCH_PLUS_2000=YES
WINDOW_BASE=0x1B00
OFFSET_HYPOTHESIS=+0x2000
TARGET_WORDS=872A2B01,7597865A,85930001,65171AA5,05130001,30EFC3A5,87563100,865A86CA
PAYLOAD_SAME_WORDS=3423000C,F563F8B4,876310FD,579B10ED,D79B41FD,87BB01A7,D79B01A7,078E4067
PAYLOAD_PLUS2000_WORDS=872A2B01,7597865A,85930001,65171AA5,05130001,30EFC3A5,87563100,865A86CA
WORD_0=target=872A2B01 same=3423000C plus2000=872A2B01 same_match=NO plus2000_match=YES
WORD_1=target=7597865A same=F563F8B4 plus2000=7597865A same_match=NO plus2000_match=YES
WORD_2=target=85930001 same=876310FD plus2000=85930001 same_match=NO plus2000_match=YES
WORD_3=target=65171AA5 same=579B10ED plus2000=65171AA5 same_match=NO plus2000_match=YES
WORD_4=target=05130001 same=D79B41FD plus2000=05130001 same_match=NO plus2000_match=YES
WORD_5=target=30EFC3A5 same=87BB01A7 plus2000=30EFC3A5 same_match=NO plus2000_match=YES
WORD_6=target=87563100 same=D79B01A7 plus2000=87563100 same_match=NO plus2000_match=YES
WORD_7=target=865A86CA same=078E4067 plus2000=865A86CA same_match=NO plus2000_match=YES
MATCH_SAME_OFFSET=0/8
MATCH_PLUS_2000=8/8
FULL_MATCH_SAME_OFFSET=NO
FULL_MATCH_PLUS_2000=YES
WINDOW_BASE=0x1B40
OFFSET_HYPOTHESIS=+0x2000
TARGET_WORDS=1084B703,1004B683,7597865A,85930001,65171665,05130001,30EFC765,B8032CC0
PAYLOAD_SAME_WORDS=9073F884,4A813207,04099163,014C2583,861B1582,9181001C,40EF8552,278376A0
PAYLOAD_PLUS2000_WORDS=1084B703,1004B683,7597865A,85930001,65171665,05130001,30EFC765,B8032CC0
WORD_0=target=1084B703 same=9073F884 plus2000=1084B703 same_match=NO plus2000_match=YES
WORD_1=target=1004B683 same=4A813207 plus2000=1004B683 same_match=NO plus2000_match=YES
WORD_2=target=7597865A same=04099163 plus2000=7597865A same_match=NO plus2000_match=YES
WORD_3=target=85930001 same=014C2583 plus2000=85930001 same_match=NO plus2000_match=YES
WORD_4=target=65171665 same=861B1582 plus2000=65171665 same_match=NO plus2000_match=YES
WORD_5=target=05130001 same=9181001C plus2000=05130001 same_match=NO plus2000_match=YES
WORD_6=target=30EFC765 same=40EF8552 plus2000=30EFC765 same_match=NO plus2000_match=YES
WORD_7=target=B8032CC0 same=278376A0 plus2000=B8032CC0 same_match=NO plus2000_match=YES
MATCH_SAME_OFFSET=0/8
MATCH_PLUS_2000=8/8
FULL_MATCH_SAME_OFFSET=NO
FULL_MATCH_PLUS_2000=YES
WINDOW_BASE=0x1B80
OFFSET_HYPOTHESIS=+0x2000
TARGET_WORDS=05130001,30EFC8A5,B8032A00,6C980204,00016797,CA078793,00016697,CA068693
PAYLOAD_SAME_WORDS=85566C46,610D7AA6,37838082,4771F704,0D8A9DBE,9DCA57FD,00FDA023,FFDD079B
PAYLOAD_PLUS2000_WORDS=05130001,30EFC8A5,B8032A00,6C980204,00016797,CA078793,00016697,CA068693
WORD_0=target=05130001 same=85566C46 plus2000=05130001 same_match=NO plus2000_match=YES
WORD_1=target=30EFC8A5 same=610D7AA6 plus2000=30EFC8A5 same_match=NO plus2000_match=YES
WORD_2=target=B8032A00 same=37838082 plus2000=B8032A00 same_match=NO plus2000_match=YES
WORD_3=target=6C980204 same=4771F704 plus2000=6C980204 same_match=NO plus2000_match=YES
WORD_4=target=00016797 same=0D8A9DBE plus2000=00016797 same_match=NO plus2000_match=YES
WORD_5=target=CA078793 same=9DCA57FD plus2000=CA078793 same_match=NO plus2000_match=YES
WORD_6=target=00016697 same=00FDA023 plus2000=00016697 same_match=NO plus2000_match=YES
WORD_7=target=CA068693 same=FFDD079B plus2000=CA068693 same_match=NO plus2000_match=YES
MATCH_SAME_OFFSET=0/8
MATCH_PLUS_2000=8/8
FULL_MATCH_SAME_OFFSET=NO
FULL_MATCH_PLUS_2000=YES
WINDOW_BASE=0x1BC0
OFFSET_HYPOTHESIS=+0x2000
TARGET_WORDS=C8478793,00016697,C8468693,7597865A,85930001,65170E25,05130001,30EFC325
PAYLOAD_SAME_WORDS=CB8163BC,000C2503,40AD053B,8AAA9782,2773FD25,1793F140,26030207,D713000C
PAYLOAD_PLUS2000_WORDS=C8478793,00016697,C8468693,7597865A,85930001,65170E25,05130001,30EFC325
WORD_0=target=C8478793 same=CB8163BC plus2000=C8478793 same_match=NO plus2000_match=YES
WORD_1=target=00016697 same=000C2503 plus2000=00016697 same_match=NO plus2000_match=YES
WORD_2=target=C8468693 same=40AD053B plus2000=C8468693 same_match=NO plus2000_match=YES
WORD_3=target=7597865A same=8AAA9782 plus2000=7597865A same_match=NO plus2000_match=YES
WORD_4=target=85930001 same=2773FD25 plus2000=85930001 same_match=NO plus2000_match=YES
WORD_5=target=65170E25 same=1793F140 plus2000=65170E25 same_match=NO plus2000_match=YES
WORD_6=target=05130001 same=26030207 plus2000=05130001 same_match=NO plus2000_match=YES
WORD_7=target=30EFC325 same=D713000C plus2000=30EFC325 same_match=NO plus2000_match=YES
MATCH_SAME_OFFSET=0/8
MATCH_PLUS_2000=8/8
FULL_MATCH_SAME_OFFSET=NO
FULL_MATCH_PLUS_2000=YES
WINDOW_BASE=0x1C00
OFFSET_HYPOTHESIS=+0x2000
TARGET_WORDS=65170B65,05130001,30EFC065,B80321C0,70B80684,00016797,C4C78793,00016697
PAYLOAD_SAME_WORDS=6CA67A46,BF8D5AF5,81E35AE1,BFB5F409,8DE35AF5,BF95F209,00099663,014C2583
PAYLOAD_PLUS2000_WORDS=65170B65,05130001,30EFC065,B80321C0,70B80684,00016797,C4C78793,00016697
WORD_0=target=65170B65 same=6CA67A46 plus2000=65170B65 same_match=NO plus2000_match=YES
WORD_1=target=05130001 same=BF8D5AF5 plus2000=05130001 same_match=NO plus2000_match=YES
WORD_2=target=30EFC065 same=81E35AE1 plus2000=30EFC065 same_match=NO plus2000_match=YES
WORD_3=target=B80321C0 same=BFB5F409 plus2000=B80321C0 same_match=NO plus2000_match=YES
WORD_4=target=70B80684 same=8DE35AF5 plus2000=70B80684 same_match=NO plus2000_match=YES
WORD_5=target=00016797 same=BF95F209 plus2000=00016797 same_match=NO plus2000_match=YES
WORD_6=target=C4C78793 same=00099663 plus2000=C4C78793 same_match=NO plus2000_match=YES
WORD_7=target=00016697 same=014C2583 plus2000=00016697 same_match=NO plus2000_match=YES
MATCH_SAME_OFFSET=0/8
MATCH_PLUS_2000=8/8
FULL_MATCH_SAME_OFFSET=NO
FULL_MATCH_PLUS_2000=YES
WINDOW_BASE=0x1C40
OFFSET_HYPOTHESIS=+0x2000
TARGET_WORDS=00016797,C3078793,00016697,C3068693,7597865A,85930001,651705E5,05130001
PAYLOAD_SAME_WORDS=F526F922,E5560180,F14AFD06,8AAAE952,F6B43423,F6C43C23,3C2384B6,26F3F4E4
PAYLOAD_PLUS2000_WORDS=00016797,C3078793,00016697,C3068693,7597865A,85930001,651705E5,05130001
WORD_0=target=00016797 same=F526F922 plus2000=00016797 same_match=NO plus2000_match=YES
WORD_1=target=C3078793 same=E5560180 plus2000=C3078793 same_match=NO plus2000_match=YES
WORD_2=target=00016697 same=F14AFD06 plus2000=00016697 same_match=NO plus2000_match=YES
WORD_3=target=C3068693 same=8AAAE952 plus2000=C3068693 same_match=NO plus2000_match=YES
WORD_4=target=7597865A same=F6B43423 plus2000=7597865A same_match=NO plus2000_match=YES
WORD_5=target=85930001 same=F6C43C23 plus2000=85930001 same_match=NO plus2000_match=YES
WORD_6=target=651705E5 same=3C2384B6 plus2000=651705E5 same_match=NO plus2000_match=YES
WORD_7=target=05130001 same=26F3F4E4 plus2000=05130001 same_match=NO plus2000_match=YES
MATCH_SAME_OFFSET=0/8
MATCH_PLUS_2000=8/8
FULL_MATCH_SAME_OFFSET=NO
FULL_MATCH_PLUS_2000=YES
WINDOW_BASE=0x1C80
OFFSET_HYPOTHESIS=+0x2000
TARGET_WORDS=85930001,65170325,05130001,30EFB825,B8031980,68D80984,00016797,BF878793
PAYLOAD_SAME_WORDS=074236C1,8221567D,00E66463,072236E1,8211567D,00E66463,071236F1,8209567D
PAYLOAD_PLUS2000_WORDS=85930001,65170325,05130001,30EFB825,B8031980,68D80984,00016797,BF878793
WORD_0=target=85930001 same=074236C1 plus2000=85930001 same_match=NO plus2000_match=YES
WORD_1=target=65170325 same=8221567D plus2000=65170325 same_match=NO plus2000_match=YES
WORD_2=target=05130001 same=00E66463 plus2000=05130001 same_match=NO plus2000_match=YES
WORD_3=target=30EFB825 same=072236E1 plus2000=30EFB825 same_match=NO plus2000_match=YES
WORD_4=target=B8031980 same=8211567D plus2000=B8031980 same_match=NO plus2000_match=YES
WORD_5=target=68D80984 same=00E66463 plus2000=68D80984 same_match=NO plus2000_match=YES
WORD_6=target=00016797 same=071236F1 plus2000=00016797 same_match=NO plus2000_match=YES
WORD_7=target=BF878793 same=8209567D plus2000=BF878793 same_match=NO plus2000_match=YES
MATCH_SAME_OFFSET=0/8
MATCH_PLUS_2000=8/8
FULL_MATCH_SAME_OFFSET=NO
FULL_MATCH_PLUS_2000=YES
WINDOW_BASE=0x1CC0
OFFSET_HYPOTHESIS=+0x2000
TARGET_WORDS=70D80A84,00016797,BDC78793,00016697,BDC68693,7597865A,85930001,6517FDA5
PAYLOAD_SAME_WORDS=0104D913,0004879B,7913ED4E,999300F9,47090304,F4F43823,0309D993,26E90563
PAYLOAD_PLUS2000_WORDS=70D80A84,00016797,BDC78793,00016697,BDC68693,7597865A,85930001,6517FDA5
WORD_0=target=70D80A84 same=0104D913 plus2000=70D80A84 same_match=NO plus2000_match=YES
WORD_1=target=00016797 same=0004879B plus2000=00016797 same_match=NO plus2000_match=YES
WORD_2=target=BDC78793 same=7913ED4E plus2000=BDC78793 same_match=NO plus2000_match=YES
WORD_3=target=00016697 same=999300F9 plus2000=00016697 same_match=NO plus2000_match=YES
WORD_4=target=BDC68693 same=47090304 plus2000=BDC68693 same_match=NO plus2000_match=YES
WORD_5=target=7597865A same=F4F43823 plus2000=7597865A same_match=NO plus2000_match=YES
WORD_6=target=85930001 same=0309D993 plus2000=85930001 same_match=NO plus2000_match=YES
WORD_7=target=6517FDA5 same=26E90563 plus2000=6517FDA5 same_match=NO plus2000_match=YES
MATCH_SAME_OFFSET=0/8
MATCH_PLUS_2000=8/8
FULL_MATCH_SAME_OFFSET=NO
FULL_MATCH_PLUS_2000=YES
WINDOW_BASE=0x1D00
OFFSET_HYPOTHESIS=+0x2000
TARGET_WORDS=7597865A,85930001,6517FAE5,05130001,30EFAFE5,B8031140,60F80C84,00016797
PAYLOAD_SAME_WORDS=F713F784,17630017,34232607,2973F804,26F3F140,67033400,3823000A,F463F6D4
PAYLOAD_PLUS2000_WORDS=7597865A,85930001,6517FAE5,05130001,30EFAFE5,B8031140,60F80C84,00016797
WORD_0=target=7597865A same=F713F784 plus2000=7597865A same_match=NO plus2000_match=YES
WORD_1=target=85930001 same=17630017 plus2000=85930001 same_match=NO plus2000_match=YES
WORD_2=target=6517FAE5 same=34232607 plus2000=6517FAE5 same_match=NO plus2000_match=YES
WORD_3=target=05130001 same=2973F804 plus2000=05130001 same_match=NO plus2000_match=YES
WORD_4=target=30EFAFE5 same=26F3F140 plus2000=30EFAFE5 same_match=NO plus2000_match=YES
WORD_5=target=B8031140 same=67033400 plus2000=B8031140 same_match=NO plus2000_match=YES
WORD_6=target=60F80C84 same=3823000A plus2000=60F80C84 same_match=NO plus2000_match=YES
WORD_7=target=00016797 same=F463F6D4 plus2000=00016797 same_match=NO plus2000_match=YES
MATCH_SAME_OFFSET=0/8
MATCH_PLUS_2000=8/8
FULL_MATCH_SAME_OFFSET=NO
FULL_MATCH_PLUS_2000=YES
WINDOW_BASE=0x1D40
OFFSET_HYPOTHESIS=+0x2000
TARGET_WORDS=B8030E80,68F80D84,00016797,B8878793,00016697,B8868693,7597865A,85930001
PAYLOAD_SAME_WORDS=35034405,60EFF704,47051610,00A75663,32002773,F8E43423,010A2703,3C070763
PAYLOAD_PLUS2000_WORDS=B8030E80,68F80D84,00016797,B8878793,00016697,B8868693,7597865A,85930001
WORD_0=target=B8030E80 same=35034405 plus2000=B8030E80 same_match=NO plus2000_match=YES
WORD_1=target=68F80D84 same=60EFF704 plus2000=68F80D84 same_match=NO plus2000_match=YES
WORD_2=target=00016797 same=47051610 plus2000=00016797 same_match=NO plus2000_match=YES
WORD_3=target=B8878793 same=00A75663 plus2000=B8878793 same_match=NO plus2000_match=YES
WORD_4=target=00016697 same=32002773 plus2000=00016697 same_match=NO plus2000_match=YES
WORD_5=target=B8868693 same=F8E43423 plus2000=B8868693 same_match=NO plus2000_match=YES
WORD_6=target=7597865A same=010A2703 plus2000=7597865A same_match=NO plus2000_match=YES
WORD_7=target=85930001 same=3C070763 plus2000=85930001 same_match=NO plus2000_match=YES
MATCH_SAME_OFFSET=0/8
MATCH_PLUS_2000=8/8
FULL_MATCH_SAME_OFFSET=NO
FULL_MATCH_PLUS_2000=YES
WINDOW_BASE=0x1D80
OFFSET_HYPOTHESIS=+0x2000
TARGET_WORDS=B6C68693,7597865A,85930001,6517F2A5,05130001,30EFA7A5,B8030900,7C980E04
PAYLOAD_SAME_WORDS=4B815979,F8040C13,00045D97,8D0D8D93,A80D0B12,0089E703,00E4EF63,00020737
PAYLOAD_PLUS2000_WORDS=B6C68693,7597865A,85930001,6517F2A5,05130001,30EFA7A5,B8030900,7C980E04
WORD_0=target=B6C68693 same=4B815979 plus2000=B6C68693 same_match=NO plus2000_match=YES
WORD_1=target=7597865A same=F8040C13 plus2000=7597865A same_match=NO plus2000_match=YES
WORD_2=target=85930001 same=00045D97 plus2000=85930001 same_match=NO plus2000_match=YES
WORD_3=target=6517F2A5 same=8D0D8D93 plus2000=6517F2A5 same_match=NO plus2000_match=YES
WORD_4=target=05130001 same=A80D0B12 plus2000=05130001 same_match=NO plus2000_match=YES
WORD_5=target=30EFA7A5 same=0089E703 plus2000=30EFA7A5 same_match=NO plus2000_match=YES
WORD_6=target=B8030900 same=00E4EF63 plus2000=B8030900 same_match=NO plus2000_match=YES
WORD_7=target=7C980E04 same=00020737 plus2000=7C980E04 same_match=NO plus2000_match=YES
MATCH_SAME_OFFSET=0/8
MATCH_PLUS_2000=8/8
FULL_MATCH_SAME_OFFSET=NO
FULL_MATCH_PLUS_2000=YES
WINDOW_BASE=0x1DC0
OFFSET_HYPOTHESIS=+0x2000
TARGET_WORDS=30EFA4E5,B8030640,74F80F04,00016797,B3478793,00016697,B3468693,7597865A
PAYLOAD_SAME_WORDS=1CEBFF63,0049E703,FCE4E6E3,FC9778E3,0089E703,FE9761E3,00020737,FCE484E3
PAYLOAD_PLUS2000_WORDS=30EFA4E5,B8030640,74F80F04,00016797,B3478793,00016697,B3468693,7597865A
WORD_0=target=30EFA4E5 same=1CEBFF63 plus2000=30EFA4E5 same_match=NO plus2000_match=YES
WORD_1=target=B8030640 same=0049E703 plus2000=B8030640 same_match=NO plus2000_match=YES
WORD_2=target=74F80F04 same=FCE4E6E3 plus2000=74F80F04 same_match=NO plus2000_match=YES
WORD_3=target=00016797 same=FC9778E3 plus2000=00016797 same_match=NO plus2000_match=YES
WORD_4=target=B3478793 same=0089E703 plus2000=B3478793 same_match=NO plus2000_match=YES
WORD_5=target=00016697 same=FE9761E3 plus2000=00016697 same_match=NO plus2000_match=YES
WORD_6=target=B3468693 same=00020737 plus2000=B3468693 same_match=NO plus2000_match=YES
WORD_7=target=7597865A same=FCE484E3 plus2000=7597865A same_match=NO plus2000_match=YES
MATCH_SAME_OFFSET=0/8
MATCH_PLUS_2000=8/8
FULL_MATCH_SAME_OFFSET=NO
FULL_MATCH_PLUS_2000=YES
WINDOW_BASE=0x1E00
OFFSET_HYPOTHESIS=+0x2000
TARGET_WORDS=85930001,6517EB25,05130001,30EFB125,60EF0180,05133C30,3533FFB9,050900A0
PAYLOAD_SAME_WORDS=477D4C60,68E38AAA,5D7DFAA7,A8194CFD,001A8613,02000593,40EF8562,8AAA4AA0
PAYLOAD_PLUS2000_WORDS=85930001,6517EB25,05130001,30EFB125,60EF0180,05133C30,3533FFB9,050900A0
WORD_0=target=85930001 same=477D4C60 plus2000=85930001 same_match=NO plus2000_match=YES
WORD_1=target=6517EB25 same=68E38AAA plus2000=6517EB25 same_match=NO plus2000_match=YES
WORD_2=target=05130001 same=5D7DFAA7 plus2000=05130001 same_match=NO plus2000_match=YES
WORD_3=target=30EFB125 same=A8194CFD plus2000=30EFB125 same_match=NO plus2000_match=YES
WORD_4=target=60EF0180 same=001A8613 plus2000=60EF0180 same_match=NO plus2000_match=YES
WORD_5=target=05133C30 same=02000593 plus2000=05133C30 same_match=NO plus2000_match=YES
WORD_6=target=3533FFB9 same=40EF8562 plus2000=3533FFB9 same_match=NO plus2000_match=YES
WORD_7=target=050900A0 same=8AAA4AA0 plus2000=050900A0 same_match=NO plus2000_match=YES
MATCH_SAME_OFFSET=0/8
MATCH_PLUS_2000=8/8
FULL_MATCH_SAME_OFFSET=NO
FULL_MATCH_PLUS_2000=YES
WINDOW_BASE=0x1E40
OFFSET_HYPOTHESIS=+0x2000
TARGET_WORDS=3C23F954,3023F934,3423FB44,F0EFFAF4,6697A67F,86930001,E14583E6,744670E6
PAYLOAD_SAME_WORDS=00A7D863,F8843703,00D75733,D3698B05,BF7D8936,F6843703,03F00693,473DBD31
PAYLOAD_PLUS2000_WORDS=3C23F954,3023F934,3423FB44,F0EFFAF4,6697A67F,86930001,E14583E6,744670E6
WORD_0=target=3C23F954 same=00A7D863 plus2000=3C23F954 same_match=NO plus2000_match=YES
WORD_1=target=3023F934 same=F8843703 plus2000=3023F934 same_match=NO plus2000_match=YES
WORD_2=target=3423FB44 same=00D75733 plus2000=3423FB44 same_match=NO plus2000_match=YES
WORD_3=target=F0EFFAF4 same=D3698B05 plus2000=F0EFFAF4 same_match=NO plus2000_match=YES
WORD_4=target=6697A67F same=BF7D8936 plus2000=6697A67F same_match=NO plus2000_match=YES
WORD_5=target=86930001 same=F6843703 plus2000=86930001 same_match=NO plus2000_match=YES
WORD_6=target=E14583E6 same=03F00693 plus2000=E14583E6 same_match=NO plus2000_match=YES
WORD_7=target=744670E6 same=473DBD31 plus2000=744670E6 same_match=NO plus2000_match=YES
MATCH_SAME_OFFSET=0/8
MATCH_PLUS_2000=8/8
FULL_MATCH_SAME_OFFSET=NO
FULL_MATCH_PLUS_2000=YES
WINDOW_BASE=0x1E80
OFFSET_HYPOTHESIS=+0x2000
TARGET_WORDS=00191793,471D8385,0AE78263,8E63472D,470D04E7,08E78963,00016697,89068693
PAYLOAD_SAME_WORDS=37830605,F713F784,0E630017,6D833E07,4697F604,86930004,97137C66,976E001D
PAYLOAD_PLUS2000_WORDS=00191793,471D8385,0AE78263,8E63472D,470D04E7,08E78963,00016697,89068693
WORD_0=target=00191793 same=37830605 plus2000=00191793 same_match=NO plus2000_match=YES
WORD_1=target=471D8385 same=F713F784 plus2000=471D8385 same_match=NO plus2000_match=YES
WORD_2=target=0AE78263 same=0E630017 plus2000=0AE78263 same_match=NO plus2000_match=YES
WORD_3=target=8E63472D same=6D833E07 plus2000=8E63472D same_match=NO plus2000_match=YES
WORD_4=target=470D04E7 same=4697F604 plus2000=470D04E7 same_match=NO plus2000_match=YES
WORD_5=target=08E78963 same=86930004 plus2000=08E78963 same_match=NO plus2000_match=YES
WORD_6=target=00016697 same=97137C66 plus2000=00016697 same_match=NO plus2000_match=YES
WORD_7=target=89068693 same=976E001D plus2000=89068693 same_match=NO plus2000_match=YES
MATCH_SAME_OFFSET=0/8
MATCH_PLUS_2000=8/8
FULL_MATCH_SAME_OFFSET=NO
FULL_MATCH_PLUS_2000=YES
WINDOW_BASE=0x1EC0
OFFSET_HYPOTHESIS=+0x2000
TARGET_WORDS=85CE8652,70EF8556,66976080,86930001,B7618066,865286A6,855685CE,0A3070EF
PAYLOAD_SAME_WORDS=0E6347BD,69EA2EF7,A0196DE6,597569EA,744A70EA,6A4A74AA,854A6AAA,6129790A
PAYLOAD_PLUS2000_WORDS=85CE8652,70EF8556,66976080,86930001,B7618066,865286A6,855685CE,0A3070EF
WORD_0=target=85CE8652 same=0E6347BD plus2000=85CE8652 same_match=NO plus2000_match=YES
WORD_1=target=70EF8556 same=69EA2EF7 plus2000=70EF8556 same_match=NO plus2000_match=YES
WORD_2=target=66976080 same=A0196DE6 plus2000=66976080 same_match=NO plus2000_match=YES
WORD_3=target=86930001 same=597569EA plus2000=86930001 same_match=NO plus2000_match=YES
WORD_4=target=B7618066 same=744A70EA plus2000=B7618066 same_match=NO plus2000_match=YES
WORD_5=target=865286A6 same=6A4A74AA plus2000=865286A6 same_match=NO plus2000_match=YES
WORD_6=target=855685CE same=854A6AAA plus2000=855685CE same_match=NO plus2000_match=YES
WORD_7=target=0A3070EF same=6129790A plus2000=0A3070EF same_match=NO plus2000_match=YES
MATCH_SAME_OFFSET=0/8
MATCH_PLUS_2000=8/8
FULL_MATCH_SAME_OFFSET=NO
FULL_MATCH_PLUS_2000=YES
WINDOW_BASE=0x1F00
OFFSET_HYPOTHESIS=+0x2000
TARGET_WORDS=D0EFBEF5,27F39A8F,9CE3FB00,6B06BC07,7C427BE2,8526B7A1,BACFD0EF,BED9D56D
PAYLOAD_SAME_WORDS=1693000A,97360017,97560712,00044697,74C68693,9736070A,577D4314,FAE688E3
PAYLOAD_PLUS2000_WORDS=D0EFBEF5,27F39A8F,9CE3FB00,6B06BC07,7C427BE2,8526B7A1,BACFD0EF,BED9D56D
WORD_0=target=D0EFBEF5 same=1693000A plus2000=D0EFBEF5 same_match=NO plus2000_match=YES
WORD_1=target=27F39A8F same=97360017 plus2000=27F39A8F same_match=NO plus2000_match=YES
WORD_2=target=9CE3FB00 same=97560712 plus2000=9CE3FB00 same_match=NO plus2000_match=YES
WORD_3=target=6B06BC07 same=00044697 plus2000=6B06BC07 same_match=NO plus2000_match=YES
WORD_4=target=7C427BE2 same=74C68693 plus2000=7C427BE2 same_match=NO plus2000_match=YES
WORD_5=target=8526B7A1 same=9736070A plus2000=8526B7A1 same_match=NO plus2000_match=YES
WORD_6=target=BACFD0EF same=577D4314 plus2000=BACFD0EF same_match=NO plus2000_match=YES
WORD_7=target=BED9D56D same=FAE688E3 plus2000=BED9D56D same_match=NO plus2000_match=YES
MATCH_SAME_OFFSET=0/8
MATCH_PLUS_2000=8/8
FULL_MATCH_SAME_OFFSET=NO
FULL_MATCH_PLUS_2000=YES
WINDOW_BASE=0x1F40
OFFSET_HYPOTHESIS=+0x2000
TARGET_WORDS=00016517,85850513,6DF020EF,1141BED5,E406E022,27F30800,67BC3400,B7179782
PAYLOAD_SAME_WORDS=69EAD10F,93E3B771,3783F809,F713F784,E30D0017,F8043423,F1402973,340026F3
PAYLOAD_PLUS2000_WORDS=00016517,85850513,6DF020EF,1141BED5,E406E022,27F30800,67BC3400,B7179782
WORD_0=target=00016517 same=69EAD10F plus2000=00016517 same_match=NO plus2000_match=YES
WORD_1=target=85850513 same=93E3B771 plus2000=85850513 same_match=NO plus2000_match=YES
WORD_2=target=6DF020EF same=3783F809 plus2000=6DF020EF same_match=NO plus2000_match=YES
WORD_3=target=1141BED5 same=F713F784 plus2000=1141BED5 same_match=NO plus2000_match=YES
WORD_4=target=E406E022 same=E30D0017 plus2000=E406E022 same_match=NO plus2000_match=YES
WORD_5=target=27F30800 same=F8043423 plus2000=27F30800 same_match=NO plus2000_match=YES
WORD_6=target=67BC3400 same=F1402973 plus2000=67BC3400 same_match=NO plus2000_match=YES
WORD_7=target=B7179782 same=340026F3 plus2000=B7179782 same_match=NO plus2000_match=YES
MATCH_SAME_OFFSET=0/8
MATCH_PLUS_2000=8/8
FULL_MATCH_SAME_OFFSET=NO
FULL_MATCH_PLUS_2000=YES
WINDOW_BASE=0x1F80
OFFSET_HYPOTHESIS=+0x2000
TARGET_WORDS=80820141,853E4785,B7178082,07130004,631CB167,739CCF89,1141CB99,E406E022
PAYLOAD_SAME_WORDS=46979756,86930004,070A6D66,43149736,8DE3577D,69EAF2E6,000A891B,57F9BF15
PAYLOAD_PLUS2000_WORDS=80820141,853E4785,B7178082,07130004,631CB167,739CCF89,1141CB99,E406E022
WORD_0=target=80820141 same=46979756 plus2000=80820141 same_match=NO plus2000_match=YES
WORD_1=target=853E4785 same=86930004 plus2000=853E4785 same_match=NO plus2000_match=YES
WORD_2=target=B7178082 same=070A6D66 plus2000=B7178082 same_match=NO plus2000_match=YES
WORD_3=target=07130004 same=43149736 plus2000=07130004 same_match=NO plus2000_match=YES
WORD_4=target=631CB167 same=8DE3577D plus2000=631CB167 same_match=NO plus2000_match=YES
WORD_5=target=739CCF89 same=69EAF2E6 plus2000=739CCF89 same_match=NO plus2000_match=YES
WORD_6=target=1141CB99 same=000A891B plus2000=1141CB99 same_match=NO plus2000_match=YES
WORD_7=target=E406E022 same=57F9BF15 plus2000=E406E022 same_match=NO plus2000_match=YES
MATCH_SAME_OFFSET=0/8
MATCH_PLUS_2000=8/8
FULL_MATCH_SAME_OFFSET=NO
FULL_MATCH_PLUS_2000=YES
WINDOW_BASE=0x1FC0
OFFSET_HYPOTHESIS=+0x2000
TARGET_WORDS=C7814501,35336FA8,642200A0,80820141,E0221141,0800E406,0004B797,AC878793
PAYLOAD_SAME_WORDS=84AA9782,12050B63,FFD9079B,0A9B4771,64630009,458112F7,60EF854E,C9017740
PAYLOAD_PLUS2000_WORDS=C7814501,35336FA8,642200A0,80820141,E0221141,0800E406,0004B797,AC878793
WORD_0=target=C7814501 same=84AA9782 plus2000=C7814501 same_match=NO plus2000_match=YES
WORD_1=target=35336FA8 same=12050B63 plus2000=35336FA8 same_match=NO plus2000_match=YES
WORD_2=target=642200A0 same=FFD9079B plus2000=642200A0 same_match=NO plus2000_match=YES
WORD_3=target=80820141 same=0A9B4771 plus2000=80820141 same_match=NO plus2000_match=YES
WORD_4=target=E0221141 same=64630009 plus2000=E0221141 same_match=NO plus2000_match=YES
WORD_5=target=0800E406 same=458112F7 plus2000=0800E406 same_match=NO plus2000_match=YES
WORD_6=target=0004B797 same=60EF854E plus2000=0004B797 same_match=NO plus2000_match=YES
WORD_7=target=AC878793 same=C9017740 plus2000=AC878793 same_match=NO plus2000_match=YES
MATCH_SAME_OFFSET=0/8
MATCH_PLUS_2000=8/8
FULL_MATCH_SAME_OFFSET=NO
FULL_MATCH_PLUS_2000=YES
WINDOW_BASE=0x2000
OFFSET_HYPOTHESIS=+0x2000
TARGET_WORDS=C7818BA1,17EA4785,37838CDD,8BC1F784,4785C781,8CDD17EE,F7843783,0207F793
PAYLOAD_SAME_WORDS=C7818BA1,17EA4785,37838CDD,8BC1F784,4785C781,8CDD17EE,F7843783,0207F793
PAYLOAD_PLUS2000_WORDS=CB997B9C,E0221141,0800E406,97826708,640260A2,80820141,B7178082,07130004
WORD_0=target=C7818BA1 same=C7818BA1 plus2000=CB997B9C same_match=YES plus2000_match=NO
WORD_1=target=17EA4785 same=17EA4785 plus2000=E0221141 same_match=YES plus2000_match=NO
WORD_2=target=37838CDD same=37838CDD plus2000=0800E406 same_match=YES plus2000_match=NO
WORD_3=target=8BC1F784 same=8BC1F784 plus2000=97826708 same_match=YES plus2000_match=NO
WORD_4=target=4785C781 same=4785C781 plus2000=640260A2 same_match=YES plus2000_match=NO
WORD_5=target=8CDD17EE same=8CDD17EE plus2000=80820141 same_match=YES plus2000_match=NO
WORD_6=target=F7843783 same=F7843783 plus2000=B7178082 same_match=YES plus2000_match=NO
WORD_7=target=0207F793 same=0207F793 plus2000=07130004 same_match=YES plus2000_match=NO
MATCH_SAME_OFFSET=8/8
MATCH_PLUS_2000=0/8
FULL_MATCH_SAME_OFFSET=YES
FULL_MATCH_PLUS_2000=NO

==== summary ====
FULL_MATCH_PLUS_2000_BASES=0x0,0x40,0x80,0xC0,0x100,0x140,0x180,0x1C0,0x200,0x240,0x280,0x2C0,0x300,0x340,0x380,0x3C0,0x400,0x440,0x480,0x4C0,0x500,0x540,0x580,0x5C0,0x600,0x640,0x680,0x6C0,0x700,0x740,0x780,0x7C0,0x800,0x840,0x880,0x8C0,0x900,0x940,0x980,0x9C0,0xA00,0xA40,0xA80,0xAC0,0xB00,0xB40,0xB80,0xBC0,0xC00,0xC40,0xC80,0xCC0,0xD00,0xD40,0xD80,0xDC0,0xE00,0xE40,0xE80,0xEC0,0xF00,0xF40,0xF80,0xFC0,0x1040,0x1080,0x10C0,0x1100,0x1140,0x1180,0x11C0,0x1200,0x1240,0x1280,0x12C0,0x1300,0x1340,0x1380,0x13C0,0x1400,0x1440,0x1480,0x14C0,0x1500,0x1540,0x1580,0x15C0,0x1600,0x1640,0x1680,0x16C0,0x1700,0x1740,0x1780,0x17C0,0x1800,0x1840,0x1880,0x18C0,0x1900,0x1940,0x1980,0x19C0,0x1A00,0x1A40,0x1A80,0x1AC0,0x1B00,0x1B40,0x1B80,0x1BC0,0x1C00,0x1C40,0x1C80,0x1CC0,0x1D00,0x1D40,0x1D80,0x1DC0,0x1E00,0x1E40,0x1E80,0x1EC0,0x1F00,0x1F40,0x1F80,0x1FC0
PARTIAL_MATCH_PLUS_2000_BASES=0x1000
NO_MATCH_PLUS_2000_BASES=0x2000
FULL_MATCH_SAME_OFFSET_BASES=0x2000
FULL_MATCH_PLUS_2000_RUNS=0x0-0xFC0,0x1040-0x1FC0
FULL_MATCH_SELF_RUNS=0x2000-0x2000
LAST_FULL_PLUS_BASE=0x1FC0
FIRST_FULL_SELF_BASE=0x2000
TRANSITION_INTERVAL=between 0x1FC0 and 0x2000
FULL_PLUS_CONTIGUOUS_FROM_ZERO=NO
IS_PLUS_2000_GLOBAL_ACROSS_SAMPLES=NO
PLUS_2000_MATCH_SCOPE=BROADER_THAN_SINGLE_WINDOW
LIKELY_ALIAS_REMAP_WINDOW=YES
