[1/4] Converting source file paths to Windows UNC format...
  Created /root/chipyard/fpga/generated-src/chipyard.fpga.zcu104.ZCU104FPGATestHarness.RocketZCU104JLinkDiagFullPSLPDConfig/vsrcs_win.f (399 files)
[2/4] Creating Windows wrapper...
[2a/4] Cleaning stale Vivado project cache...
[3/4] Launching Vivado (this will take 30-90 minutes)...
  Build dir: /root/chipyard/fpga/generated-src/chipyard.fpga.zcu104.ZCU104FPGATestHarness.RocketZCU104JLinkDiagFullPSLPDConfig
  Wrapper: /mnt/c/Windows/Temp/vivado_buildsJFIuq.cmd
  Vivado: E:\PRO_APP\xilinx\Vivado\2021.2\bin\vivado.bat
'\\wsl.localhost\Ubuntu-22.04\root\chipyard\fpga'
用作为当前目录的以上路径启动了 CMD.EXE。
UNC 路径不受支持。默认值设为 Windows 目录。

****** Vivado v2021.2 (64-bit)
  **** SW Build 3367213 on Tue Oct 19 02:48:09 MDT 2021
  **** IP Build 3369179 on Thu Oct 21 08:25:16 MDT 2021
    ** Copyright 1986-2021 Xilinx, Inc. All Rights Reserved.

source Z:/root/chipyard/fpga/fpga-shells/xilinx/common/tcl/vivado.tcl
# set scriptdir [file dirname [info script]]
# source [file join $scriptdir "prologue.tcl"]
## set ip_vivado_tcls {}
## while {[llength $argv]} {
##   set argv [lassign $argv[set argv {}] flag]
##   switch -glob $flag {
##     -top-module {
##       set argv [lassign $argv[set argv {}] top]
##     }
##     -F {
##       # This should be a simple file format with one filepath per line
##       set argv [lassign $argv[set argv {}] vsrc_manifest]
##     }
##     -board {
##       set argv [lassign $argv[set argv {}] board]
##     }
##     -ip-vivado-tcls {
##       set argv [lassign $argv[set argv {}] ip_vivado_tcls]
##     }
##     -pre-impl-debug-tcl {
##       set argv [lassign $argv[set argv {}] pre_impl_debug_tcl]
##     }
##     -post-impl-debug-tcl {
##       set argv [lassign $argv[set argv {}] post_impl_debug_tcl]
##     }
##     -env-var-srcs {
##       set argv [lassign $argv[set argv {}] env_var_srcs]
##     }
##     default {
##       return -code error [list {unknown option} $flag]
##     }
##   }
## }
## if {![info exists top]} {
##   return -code error [list {--top-module option is required}]
## }
## if {![info exists vsrc_manifest]} {
##   return -code error [list {-F option is required}]
## }
## if {![info exists board]} {
##   return -code error [list {--board option is required}]
## }
## set commondir [file dirname $scriptdir]
## set boarddir [file join [file dirname $commondir] $board]
## source [file join $boarddir tcl board.tcl]
### set name {zcu104}
### set part_fpga {xczu7ev-ffvc1156-2-e}
### set part_board {xilinx.com:zcu104:part0:1.1}
## set constraintsdir [file join $boarddir constraints]
## set srcdir [file join $commondir vsrc]
## set wrkdir [file join [pwd] obj]
## set ipdir [file join $wrkdir ip]
## create_project -part $part_fpga -force $top
INFO: [ProjectBase 1-489] The host OS only allows 260 characters in a normal path. The project is stored in a path with more than 80 characters. If you experience issues with IP, Block Designs, or files not being found, please consider moving the project to a location with a shorter path. Alternately consider using the OS subst command to map part of the path to a drive letter.
Current project path is 'Z:/root/chipyard/fpga/generated-src/chipyard.fpga.zcu104.ZCU104FPGATestHarness.RocketZCU104JLinkDiagFullPSLPDConfig'
## set_param messaging.defaultLimit 1000000
## set_property -dict [list \
## 	BOARD_PART $part_board \
## 	TARGET_LANGUAGE {Verilog} \
## 	DEFAULT_LIB {xil_defaultlib} \
## 	IP_REPO_PATHS $ipdir \
## 	] [current_project]
## if {[get_filesets -quiet sources_1] eq ""} {
## 	create_fileset -srcset sources_1
## }
## set obj [current_fileset]
## proc load_vsrc_manifest {obj vsrc_manifest} {
##   set fp [open $vsrc_manifest r]
##   set files [lsearch -not -exact -all -inline [split [read $fp] "\n"] {}]
##   set relative_files {}
##   foreach path $files {
##     if {[string match {/*} $path]} {
##       lappend relative_files $path
##     } elseif {![string match {#*} $path]} {
##       lappend relative_files [file join [file dirname $vsrc_manifest] $path]
##     }
##   }
##   # Read environment variable vsrcs and append to relative_files
##   upvar #0 env_var_srcs env_var_srcs
##   set additions [info exists env_var_srcs]
##   if {$additions} {
##     if {[info exists ::env($env_var_srcs)]} {
##       set resources [split $::env($env_var_srcs) :]
##       set relative_files [list {*}$relative_files {*}$resources]
##     }
##   }
##   add_files -norecurse -fileset $obj {*}$relative_files
##   close $fp
## }
## load_vsrc_manifest $obj $vsrc_manifest
add_files: Time (s): cpu = 00:00:01 ; elapsed = 00:00:07 . Memory (MB): peak = 1602.770 ; gain = 0.000
## if {$ip_vivado_tcls ne {}} {
##   # Split string into words even with multiple consecutive spaces
##   # http://wiki.tcl.tk/989
##   set ip_vivado_tcls [regexp -inline -all -- {\S+} $ip_vivado_tcls]
## }
## if {[get_filesets -quiet sim_1] eq ""} {
## 	create_fileset -simset sim_1
## }
## set obj [current_fileset -simset]
## if {[get_filesets -quiet constrs_1] eq ""} {
## 	create_fileset -constrset constrs_1
## }
## set obj [current_fileset -constrset]
## add_files -quiet -norecurse -fileset $obj [lsort [glob -directory $constraintsdir -nocomplain {*.tcl}]]
## add_files -quiet -norecurse -fileset $obj [lsort [glob -directory $constraintsdir -nocomplain {*.xdc}]]
# source [file join $scriptdir "init.tcl"]
## source [file join $scriptdir "util.tcl"]
### proc recglob { basedir pattern } {
###   set dirlist [glob -nocomplain -directory $basedir -type d *]
###   set findlist [glob -nocomplain -directory $basedir $pattern]
###   foreach dir $dirlist {
###     set reclist [recglob $dir $pattern]
###     set findlist [concat $findlist $reclist]
###   }
###   return $findlist
### }
### proc findincludedir { basedir pattern } {
###   set vhfiles [recglob $basedir $pattern]
###   set vhdirs {}
###   foreach match $vhfiles {
###     lappend vhdirs [file dir $match]
###   }
###   set uniquevhdirs [lsort -unique $vhdirs]
###   return $uniquevhdirs
### }
## file mkdir $ipdir
## update_ip_catalog -rebuild
INFO: [IP_Flow 19-234] Refreshing IP repositories
INFO: [IP_Flow 19-1700] Loaded user IP repository 'z:/root/chipyard/fpga/generated-src/chipyard.fpga.zcu104.ZCU104FPGATestHarness.RocketZCU104JLinkDiagFullPSLPDConfig/obj/ip'.
INFO: [IP_Flow 19-2313] Loaded Vivado IP repository 'E:/PRO_APP/xilinx/Vivado/2021.2/data/ip'.
## foreach ip_vivado_tcl $ip_vivado_tcls {
##   source $ip_vivado_tcl
## }
### create_ip -name clk_wiz -vendor xilinx.com -library ip -module_name \
###  harnessSysPLL -dir $ipdir -force
create_ip: Time (s): cpu = 00:00:08 ; elapsed = 00:00:09 . Memory (MB): peak = 1993.125 ; gain = 390.355
### set_property -dict [list \
###  CONFIG.CLK_IN1_BOARD_INTERFACE {Custom} \
###  CONFIG.PRIM_SOURCE {No_buffer} \
###  CONFIG.NUM_OUT_CLKS {1} \
###  CONFIG.PRIM_IN_FREQ {125.0} \
###  CONFIG.CLKIN1_JITTER_PS {50.0} \
###  CONFIG.CLKOUT1_USED {true} \
###  CONFIG.CLKOUT2_USED {false} \
###  CONFIG.CLKOUT3_USED {false} \
###  CONFIG.CLKOUT4_USED {false} \
###  CONFIG.CLKOUT5_USED {false} \
###  CONFIG.CLKOUT6_USED {false} \
###  CONFIG.CLKOUT7_USED {false} \
###  CONFIG.CLKOUT1_REQUESTED_OUT_FREQ {50.0} \
###  CONFIG.CLKOUT1_REQUESTED_PHASE {0.0} \
###  CONFIG.CLKOUT1_REQUESTED_DUTY_CYCLE {50.0} \
### ] [get_ips harnessSysPLL]
### set mult [get_property CONFIG.MMCM_CLKFBOUT_MULT_F [get_ips harnessSysPLL]]
### set div1 [get_property CONFIG.MMCM_DIVCLK_DIVIDE [get_ips harnessSysPLL]]
### set jitter [get_property CONFIG.CLKOUT1_JITTER [get_ips harnessSysPLL]]
### if {$jitter > 300.0} {
###   puts "Output jitter $jitter ps exceeds required limit of 300.0"
###   exit 1
### }
### set phase [get_property CONFIG.MMCM_CLKOUT0_PHASE [get_ips harnessSysPLL]]
### if {$phase < -5.0 || $phase > 5.0} {
###   puts "Achieved phase $phase degrees is outside tolerated range -5.0-5.0"
###   exit 1
### }
### set div2 [get_property CONFIG.MMCM_CLKOUT0_DIVIDE_F [get_ips harnessSysPLL]]
### set freq [expr { 125.0 * $mult / $div1 / $div2 }]
### if {$freq < 49.5 || $freq > 50.5} {
###   puts "Achieved frequency $freq MHz is outside tolerated range 49.5-50.5"
###   exit 1
### }
### puts "Achieve frequency $freq MHz phase $phase degrees jitter $jitter ps"
Achieve frequency 50.0 MHz phase 0.000 degrees jitter 196.543 ps
### set shell_vivado_tcl [file normalize [info script]]
### set shell_vivado_idx [string last ".shell.vivado.tcl" $shell_vivado_tcl]
### add_files -fileset [current_fileset -constrset] [string replace $shell_vivado_tcl $shell_vivado_idx 999 ".shell.sdc"]
### add_files -fileset [current_fileset -constrset] [string replace $shell_vivado_tcl $shell_vivado_idx 999 ".shell.xdc"]
### set extra_constr [string replace $shell_vivado_tcl $shell_vivado_idx 999 ".extra.shell.xdc"]
### if [file exist $extra_constr] {
###   add_files -fileset [current_fileset -constrset] [string replace $shell_vivado_tcl $shell_vivado_idx 999 ".extra.shell.xdc"]
### }
### create_ip -vendor xilinx.com -library ip -name zynq_ultra_ps_e \
###         -module_name zcu104ps -dir $ipdir -force
### set_property -dict [list \
###         CONFIG.PSU_BANK_0_IO_STANDARD {LVCMOS18} \
###         CONFIG.PSU__CRL_APB__PL0_REF_CTRL__FREQMHZ {100} \
###         CONFIG.PSU__FPGA_PL0_ENABLE {1} \
###         CONFIG.PSU__USE__S_AXI_GP2 {1} \
###         CONFIG.PSU__SAXIGP2__DATA_WIDTH {128} \
###         CONFIG.PSU__USE__S_AXI_GP6 {1} \
###         CONFIG.PSU__SAXIGP6__DATA_WIDTH {32} \
###         CONFIG.PSU__USE__M_AXI_GP0 {0} \
###         CONFIG.PSU__USE__M_AXI_GP1 {0} \
###         CONFIG.PSU__USE__M_AXI_GP2 {0} \
###         CONFIG.PSU__UART1__PERIPHERAL__ENABLE {1} \
###         CONFIG.PSU__UART1__PERIPHERAL__IO {MIO 36 .. 37} \
###         CONFIG.PSU__SD1__PERIPHERAL__ENABLE {1} \
###         CONFIG.PSU__SD1__PERIPHERAL__IO {MIO 46 .. 51} \
###         CONFIG.PSU__SD1__SLOT_TYPE {SD 2.0} \
###         CONFIG.PSU__DDRC__MEMORY_TYPE {DDR 4} \
###         CONFIG.PSU__DDRC__BUS_WIDTH {64 Bit} \
###         CONFIG.PSU__DDRC__DDR4_ADDR_MAPPING {0} \
###         CONFIG.PSU__DDRC__DEVICE_CAPACITY {4096 MBits} \
###         CONFIG.PSU__DDRC__DRAM_WIDTH {16 Bits} \
###         CONFIG.PSU__DDRC__ROW_ADDR_COUNT {15} \
###         CONFIG.PSU__DDRC__BG_ADDR_COUNT {1} \
###         CONFIG.PSU__DDRC__RANK_ADDR_COUNT {0} \
###       ] [get_ips zcu104ps]
### generate_target all [get_ips zcu104ps]
INFO: [IP_Flow 19-1686] Generating 'Instantiation Template' target for IP 'zcu104ps'...
INFO: [IP_Flow 19-1686] Generating 'Synthesis' target for IP 'zcu104ps'...
INFO: [xilinx.com:ip:zynq_ultra_ps_e:3.3-0] zcu104ps: 
Changes in your design (including the PCW configuration settings) are not automatically exported from Vivado to Xilinx's SDK, Petalinux or Yocto.
This is by design to avoid disrupting existing embedded development efforts. To have any changes of your design taking effect in the embedded software flow please export your
design by going through Vivado's main menu, click on File, then Export finally select Export Hardware, please ensure you click on the Include BitStream option.
The auto-generated HDF file is all you need to import in Xilinx's SDK, Petalinux or Yocto for your changes to be reflected in the Embedded Software Flow.
For more information, please consult PG201, section: Exporting PCW Settings to Embedded Software Flows
INFO: [PSU-0] Address Range of DDR (0x7ff00000 to 0x7fffffff) is reserved by PMU for internal purpose.
INFO: [IP_Flow 19-1686] Generating 'Simulation' target for IP 'zcu104ps'...
INFO: [IP_Flow 19-5611] Unable to find an associated reset port for the interface 'S_AXI_HP0_FPD'. A default connection has been created.
INFO: [IP_Flow 19-5611] Unable to find an associated reset port for the interface 'S_AXI_LPD'. A default connection has been created.
INFO: [IP_Flow 19-1686] Generating 'Miscellaneous' target for IP 'zcu104ps'...
INFO: [IP_Flow 19-1686] Generating 'Change Log' target for IP 'zcu104ps'...
INFO: [IP_Flow 19-1686] Generating 'Hardware Handoff' target for IP 'zcu104ps'...
generate_target: Time (s): cpu = 00:00:29 ; elapsed = 00:00:34 . Memory (MB): peak = 2199.113 ; gain = 44.031
## set boardiptcl [file join $boarddir tcl ip.tcl]
## if {[file exists $boardiptcl]} {
##   source $boardiptcl
## }
## set xci_files [get_files -all {*.xci}]
## foreach xci_file $xci_files {
##   set_property GENERATE_SYNTH_CHECKPOINT {false} -quiet $xci_file
## }
## set obj [get_ips]
## generate_target all $obj
INFO: [IP_Flow 19-1686] Generating 'Instantiation Template' target for IP 'harnessSysPLL'...
INFO: [IP_Flow 19-1686] Generating 'Synthesis' target for IP 'harnessSysPLL'...
INFO: [IP_Flow 19-1686] Generating 'Simulation' target for IP 'harnessSysPLL'...
INFO: [IP_Flow 19-1686] Generating 'Implementation' target for IP 'harnessSysPLL'...
INFO: [IP_Flow 19-1686] Generating 'Change Log' target for IP 'harnessSysPLL'...
INFO: [IP_Flow 19-1686] Generating 'Instantiation Template' target for IP 'zcu104ps'...
INFO: [IP_Flow 19-1686] Generating 'Synthesis' target for IP 'zcu104ps'...
INFO: [xilinx.com:ip:zynq_ultra_ps_e:3.3-0] zcu104ps: 
Changes in your design (including the PCW configuration settings) are not automatically exported from Vivado to Xilinx's SDK, Petalinux or Yocto.
This is by design to avoid disrupting existing embedded development efforts. To have any changes of your design taking effect in the embedded software flow please export your
design by going through Vivado's main menu, click on File, then Export finally select Export Hardware, please ensure you click on the Include BitStream option.
The auto-generated HDF file is all you need to import in Xilinx's SDK, Petalinux or Yocto for your changes to be reflected in the Embedded Software Flow.
For more information, please consult PG201, section: Exporting PCW Settings to Embedded Software Flows
INFO: [PSU-0] Address Range of DDR (0x7ff00000 to 0x7fffffff) is reserved by PMU for internal purpose.
INFO: [IP_Flow 19-1686] Generating 'Simulation' target for IP 'zcu104ps'...
INFO: [IP_Flow 19-5611] Unable to find an associated reset port for the interface 'S_AXI_HP0_FPD'. A default connection has been created.
INFO: [IP_Flow 19-5611] Unable to find an associated reset port for the interface 'S_AXI_LPD'. A default connection has been created.
INFO: [IP_Flow 19-1686] Generating 'Miscellaneous' target for IP 'zcu104ps'...
INFO: [IP_Flow 19-1686] Generating 'Change Log' target for IP 'zcu104ps'...
INFO: [IP_Flow 19-1686] Generating 'Hardware Handoff' target for IP 'zcu104ps'...
generate_target: Time (s): cpu = 00:00:31 ; elapsed = 00:00:36 . Memory (MB): peak = 2241.598 ; gain = 42.484
## export_ip_user_files -of_objects $obj -no_script -force
## set obj [current_fileset]
## set property_include_dirs [get_property include_dirs $obj]
## set ip_include_dirs [concat $property_include_dirs [findincludedir $ipdir "*.vh"]]
## set ip_include_dirs [concat $ip_include_dirs [findincludedir $srcdir "*.h"]]
## set ip_include_dirs [concat $ip_include_dirs [findincludedir $srcdir "*.vh"]]
# source [file join $scriptdir "synth.tcl"]
## read_ip [glob -directory $ipdir [file join * {*.xci}]]
CRITICAL WARNING: [Vivado 12-1504] The IP is already part of the fileset 'sources_1'. Requested source 'Z:/root/chipyard/fpga/generated-src/chipyard.fpga.zcu104.ZCU104FPGATestHarness.RocketZCU104JLinkDiagFullPSLPDConfig/obj/ip/harnessSysPLL/harnessSysPLL.xci' will not be added.
CRITICAL WARNING: [Vivado 12-1504] The IP is already part of the fileset 'sources_1'. Requested source 'Z:/root/chipyard/fpga/generated-src/chipyard.fpga.zcu104.ZCU104FPGATestHarness.RocketZCU104JLinkDiagFullPSLPDConfig/obj/ip/zcu104ps/zcu104ps.xci' will not be added.
## synth_design -top $top -flatten_hierarchy rebuilt
Command: synth_design -top ZCU104FPGATestHarness -flatten_hierarchy rebuilt
Starting synth_design
Using part: xczu7ev-ffvc1156-2-e
Attempting to get a license for feature 'Synthesis' and/or device 'xczu7ev'
INFO: [Common 17-349] Got license for feature 'Synthesis' and/or device 'xczu7ev'
INFO: [Device 21-403] Loading part xczu7ev-ffvc1156-2-e
INFO: [Synth 8-7079] Multithreading enabled for synth_design using a maximum of 2 processes.
INFO: [Synth 8-7078] Launching helper process for spawning children vivado processes
INFO: [Synth 8-7075] Helper process launched with PID 23696
---------------------------------------------------------------------------------
Starting RTL Elaboration : Time (s): cpu = 00:00:04 ; elapsed = 00:00:16 . Memory (MB): peak = 2678.695 ; gain = 338.016
---------------------------------------------------------------------------------
INFO: [Synth 8-6157] synthesizing module 'ZCU104FPGATestHarness' [Z:/root/chipyard/fpga/generated-src/chipyard.fpga.zcu104.ZCU104FPGATestHarness.RocketZCU104JLinkDiagFullPSLPDConfig/gen-collateral/ZCU104FPGATestHarness.sv:46]
INFO: [Synth 8-6157] synthesizing module 'ResetWrangler' [Z:/root/chipyard/fpga/generated-src/chipyard.fpga.zcu104.ZCU104FPGATestHarness.RocketZCU104JLinkDiagFullPSLPDConfig/gen-collateral/ResetWrangler.sv:2]
INFO: [Synth 8-6157] synthesizing module 'AsyncResetRegVec_w13_i0' [Z:/root/chipyard/fpga/generated-src/chipyard.fpga.zcu104.ZCU104FPGATestHarness.RocketZCU104JLinkDiagFullPSLPDConfig/gen-collateral/AsyncResetRegVec_w13_i0.sv:46]
INFO: [Synth 8-6155] done synthesizing module 'AsyncResetRegVec_w13_i0' (1#1) [Z:/root/chipyard/fpga/generated-src/chipyard.fpga.zcu104.ZCU104FPGATestHarness.RocketZCU104JLinkDiagFullPSLPDConfig/gen-collateral/AsyncResetRegVec_w13_i0.sv:46]
INFO: [Synth 8-6157] synthesizing module 'AsyncResetReg' [Z:/root/chipyard/fpga/generated-src/chipyard.fpga.zcu104.ZCU104FPGATestHarness.RocketZCU104JLinkDiagFullPSLPDConfig/gen-collateral/AsyncResetReg.sv:46]
INFO: [Synth 8-6155] done synthesizing module 'AsyncResetReg' (2#1) [Z:/root/chipyard/fpga/generated-src/chipyard.fpga.zcu104.ZCU104FPGATestHarness.RocketZCU104JLinkDiagFullPSLPDConfig/gen-collateral/AsyncResetReg.sv:46]
INFO: [Synth 8-6157] synthesizing module 'ResetCatchAndSync_d3_ZCU104FPGATestHarness_UNIQUIFIED' [Z:/root/chipyard/fpga/generated-src/chipyard.fpga.zcu104.ZCU104FPGATestHarness.RocketZCU104JLinkDiagFullPSLPDConfig/gen-collateral/ResetCatchAndSync_d3_ZCU104FPGATestHarness_UNIQUIFIED.sv:2]
INFO: [Synth 8-6157] synthesizing module 'AsyncResetSynchronizerShiftReg_w1_d3_i0_ZCU104FPGATestHarness_UNIQUIFIED' [Z:/root/chipyard/fpga/generated-src/chipyard.fpga.zcu104.ZCU104FPGATestHarness.RocketZCU104JLinkDiagFullPSLPDConfig/gen-collateral/AsyncResetSynchronizerShiftReg_w1_d3_i0_ZCU104FPGATestHarness_UNIQUIFIED.sv:2]
INFO: [Synth 8-6157] synthesizing module 'AsyncResetSynchronizerPrimitiveShiftReg_d3_i0_ZCU104FPGATestHarness_UNIQUIFIED' [Z:/root/chipyard/fpga/generated-src/chipyard.fpga.zcu104.ZCU104FPGATestHarness.RocketZCU104JLinkDiagFullPSLPDConfig/gen-collateral/AsyncResetSynchronizerPrimitiveShiftReg_d3_i0_ZCU104FPGATestHarness_UNIQUIFIED.sv:46]
INFO: [Synth 8-6155] done synthesizing module 'AsyncResetSynchronizerPrimitiveShiftReg_d3_i0_ZCU104FPGATestHarness_UNIQUIFIED' (3#1) [Z:/root/chipyard/fpga/generated-src/chipyard.fpga.zcu104.ZCU104FPGATestHarness.RocketZCU104JLinkDiagFullPSLPDConfig/gen-collateral/AsyncResetSynchronizerPrimitiveShiftReg_d3_i0_ZCU104FPGATestHarness_UNIQUIFIED.sv:46]
INFO: [Synth 8-6155] done synthesizing module 'AsyncResetSynchronizerShiftReg_w1_d3_i0_ZCU104FPGATestHarness_UNIQUIFIED' (4#1) [Z:/root/chipyard/fpga/generated-src/chipyard.fpga.zcu104.ZCU104FPGATestHarness.RocketZCU104JLinkDiagFullPSLPDConfig/gen-collateral/AsyncResetSynchronizerShiftReg_w1_d3_i0_ZCU104FPGATestHarness_UNIQUIFIED.sv:2]
INFO: [Synth 8-6155] done synthesizing module 'ResetCatchAndSync_d3_ZCU104FPGATestHarness_UNIQUIFIED' (5#1) [Z:/root/chipyard/fpga/generated-src/chipyard.fpga.zcu104.ZCU104FPGATestHarness.RocketZCU104JLinkDiagFullPSLPDConfig/gen-collateral/ResetCatchAndSync_d3_ZCU104FPGATestHarness_UNIQUIFIED.sv:2]
INFO: [Synth 8-6155] done synthesizing module 'ResetWrangler' (6#1) [Z:/root/chipyard/fpga/generated-src/chipyard.fpga.zcu104.ZCU104FPGATestHarness.RocketZCU104JLinkDiagFullPSLPDConfig/gen-collateral/ResetWrangler.sv:2]
INFO: [Synth 8-6157] synthesizing module 'XilinxZCU104PS' [Z:/root/chipyard/fpga/generated-src/chipyard.fpga.zcu104.ZCU104FPGATestHarness.RocketZCU104JLinkDiagFullPSLPDConfig/gen-collateral/XilinxZCU104PS.sv:2]
INFO: [Synth 8-6157] synthesizing module 'TLBuffer_a32d128s4k1z4u' [Z:/root/chipyard/fpga/generated-src/chipyard.fpga.zcu104.ZCU104FPGATestHarness.RocketZCU104JLinkDiagFullPSLPDConfig/gen-collateral/TLBuffer_a32d128s4k1z4u.sv:2]
INFO: [Synth 8-6157] synthesizing module 'Queue2_TLBundleA_a32d128s4k1z4u' [Z:/root/chipyard/fpga/generated-src/chipyard.fpga.zcu104.ZCU104FPGATestHarness.RocketZCU104JLinkDiagFullPSLPDConfig/gen-collateral/Queue2_TLBundleA_a32d128s4k1z4u.sv:59]
INFO: [Synth 8-6157] synthesizing module 'ram_2x187' [Z:/root/chipyard/fpga/generated-src/chipyard.fpga.zcu104.ZCU104FPGATestHarness.RocketZCU104JLinkDiagFullPSLPDConfig/gen-collateral/ram_2x187.sv:3]
INFO: [Synth 8-6155] done synthesizing module 'ram_2x187' (7#1) [Z:/root/chipyard/fpga/generated-src/chipyard.fpga.zcu104.ZCU104FPGATestHarness.RocketZCU104JLinkDiagFullPSLPDConfig/gen-collateral/ram_2x187.sv:3]
INFO: [Synth 8-6155] done synthesizing module 'Queue2_TLBundleA_a32d128s4k1z4u' (8#1) [Z:/root/chipyard/fpga/generated-src/chipyard.fpga.zcu104.ZCU104FPGATestHarness.RocketZCU104JLinkDiagFullPSLPDConfig/gen-collateral/Queue2_TLBundleA_a32d128s4k1z4u.sv:59]
INFO: [Synth 8-6157] synthesizing module 'Queue2_TLBundleD_a32d128s4k1z4u' [Z:/root/chipyard/fpga/generated-src/chipyard.fpga.zcu104.ZCU104FPGATestHarness.RocketZCU104JLinkDiagFullPSLPDConfig/gen-collateral/Queue2_TLBundleD_a32d128s4k1z4u.sv:59]
INFO: [Synth 8-6157] synthesizing module 'ram_2x144' [Z:/root/chipyard/fpga/generated-src/chipyard.fpga.zcu104.ZCU104FPGATestHarness.RocketZCU104JLinkDiagFullPSLPDConfig/gen-collateral/ram_2x144.sv:3]
INFO: [Synth 8-6155] done synthesizing module 'ram_2x144' (9#1) [Z:/root/chipyard/fpga/generated-src/chipyard.fpga.zcu104.ZCU104FPGATestHarness.RocketZCU104JLinkDiagFullPSLPDConfig/gen-collateral/ram_2x144.sv:3]
INFO: [Synth 8-6155] done synthesizing module 'Queue2_TLBundleD_a32d128s4k1z4u' (10#1) [Z:/root/chipyard/fpga/generated-src/chipyard.fpga.zcu104.ZCU104FPGATestHarness.RocketZCU104JLinkDiagFullPSLPDConfig/gen-collateral/Queue2_TLBundleD_a32d128s4k1z4u.sv:59]
INFO: [Synth 8-6155] done synthesizing module 'TLBuffer_a32d128s4k1z4u' (11#1) [Z:/root/chipyard/fpga/generated-src/chipyard.fpga.zcu104.ZCU104FPGATestHarness.RocketZCU104JLinkDiagFullPSLPDConfig/gen-collateral/TLBuffer_a32d128s4k1z4u.sv:2]
INFO: [Synth 8-6157] synthesizing module 'TLToAXI4' [Z:/root/chipyard/fpga/generated-src/chipyard.fpga.zcu104.ZCU104FPGATestHarness.RocketZCU104JLinkDiagFullPSLPDConfig/gen-collateral/TLToAXI4.sv:64]
INFO: [Synth 8-6157] synthesizing module 'Queue1_AXI4BundleW' [Z:/root/chipyard/fpga/generated-src/chipyard.fpga.zcu104.ZCU104FPGATestHarness.RocketZCU104JLinkDiagFullPSLPDConfig/gen-collateral/Queue1_AXI4BundleW.sv:46]
INFO: [Synth 8-6155] done synthesizing module 'Queue1_AXI4BundleW' (12#1) [Z:/root/chipyard/fpga/generated-src/chipyard.fpga.zcu104.ZCU104FPGATestHarness.RocketZCU104JLinkDiagFullPSLPDConfig/gen-collateral/Queue1_AXI4BundleW.sv:46]
INFO: [Synth 8-6157] synthesizing module 'Queue1_AXI4BundleARW' [Z:/root/chipyard/fpga/generated-src/chipyard.fpga.zcu104.ZCU104FPGATestHarness.RocketZCU104JLinkDiagFullPSLPDConfig/gen-collateral/Queue1_AXI4BundleARW.sv:46]
INFO: [Synth 8-6155] done synthesizing module 'Queue1_AXI4BundleARW' (13#1) [Z:/root/chipyard/fpga/generated-src/chipyard.fpga.zcu104.ZCU104FPGATestHarness.RocketZCU104JLinkDiagFullPSLPDConfig/gen-collateral/Queue1_AXI4BundleARW.sv:46]
INFO: [Synth 8-6155] done synthesizing module 'TLToAXI4' (14#1) [Z:/root/chipyard/fpga/generated-src/chipyard.fpga.zcu104.ZCU104FPGATestHarness.RocketZCU104JLinkDiagFullPSLPDConfig/gen-collateral/TLToAXI4.sv:64]
INFO: [Synth 8-6157] synthesizing module 'AXI4IdIndexer' [Z:/root/chipyard/fpga/generated-src/chipyard.fpga.zcu104.ZCU104FPGATestHarness.RocketZCU104JLinkDiagFullPSLPDConfig/gen-collateral/AXI4IdIndexer.sv:2]
INFO: [Synth 8-6155] done synthesizing module 'AXI4IdIndexer' (15#1) [Z:/root/chipyard/fpga/generated-src/chipyard.fpga.zcu104.ZCU104FPGATestHarness.RocketZCU104JLinkDiagFullPSLPDConfig/gen-collateral/AXI4IdIndexer.sv:2]
INFO: [Synth 8-6157] synthesizing module 'AXI4Deinterleaver' [Z:/root/chipyard/fpga/generated-src/chipyard.fpga.zcu104.ZCU104FPGATestHarness.RocketZCU104JLinkDiagFullPSLPDConfig/gen-collateral/AXI4Deinterleaver.sv:64]
INFO: [Synth 8-6157] synthesizing module 'Queue4_AXI4BundleR' [Z:/root/chipyard/fpga/generated-src/chipyard.fpga.zcu104.ZCU104FPGATestHarness.RocketZCU104JLinkDiagFullPSLPDConfig/gen-collateral/Queue4_AXI4BundleR.sv:59]
INFO: [Synth 8-6157] synthesizing module 'ram_4x145' [Z:/root/chipyard/fpga/generated-src/chipyard.fpga.zcu104.ZCU104FPGATestHarness.RocketZCU104JLinkDiagFullPSLPDConfig/gen-collateral/ram_4x145.sv:3]
INFO: [Synth 8-6155] done synthesizing module 'ram_4x145' (16#1) [Z:/root/chipyard/fpga/generated-src/chipyard.fpga.zcu104.ZCU104FPGATestHarness.RocketZCU104JLinkDiagFullPSLPDConfig/gen-collateral/ram_4x145.sv:3]
INFO: [Synth 8-6155] done synthesizing module 'Queue4_AXI4BundleR' (17#1) [Z:/root/chipyard/fpga/generated-src/chipyard.fpga.zcu104.ZCU104FPGATestHarness.RocketZCU104JLinkDiagFullPSLPDConfig/gen-collateral/Queue4_AXI4BundleR.sv:59]
INFO: [Synth 8-6155] done synthesizing module 'AXI4Deinterleaver' (18#1) [Z:/root/chipyard/fpga/generated-src/chipyard.fpga.zcu104.ZCU104FPGATestHarness.RocketZCU104JLinkDiagFullPSLPDConfig/gen-collateral/AXI4Deinterleaver.sv:64]
INFO: [Synth 8-6157] synthesizing module 'AXI4UserYanker' [Z:/root/chipyard/fpga/generated-src/chipyard.fpga.zcu104.ZCU104FPGATestHarness.RocketZCU104JLinkDiagFullPSLPDConfig/gen-collateral/AXI4UserYanker.sv:20]
INFO: [Synth 8-6157] synthesizing module 'Queue1_BundleMap' [Z:/root/chipyard/fpga/generated-src/chipyard.fpga.zcu104.ZCU104FPGATestHarness.RocketZCU104JLinkDiagFullPSLPDConfig/gen-collateral/Queue1_BundleMap.sv:46]
INFO: [Synth 8-6155] done synthesizing module 'Queue1_BundleMap' (19#1) [Z:/root/chipyard/fpga/generated-src/chipyard.fpga.zcu104.ZCU104FPGATestHarness.RocketZCU104JLinkDiagFullPSLPDConfig/gen-collateral/Queue1_BundleMap.sv:46]
INFO: [Synth 8-6155] done synthesizing module 'AXI4UserYanker' (20#1) [Z:/root/chipyard/fpga/generated-src/chipyard.fpga.zcu104.ZCU104FPGATestHarness.RocketZCU104JLinkDiagFullPSLPDConfig/gen-collateral/AXI4UserYanker.sv:20]
INFO: [Synth 8-6157] synthesizing module 'XilinxZCU104PSIsland' [Z:/root/chipyard/fpga/generated-src/chipyard.fpga.zcu104.ZCU104FPGATestHarness.RocketZCU104JLinkDiagFullPSLPDConfig/gen-collateral/XilinxZCU104PSIsland.sv:2]
INFO: [Synth 8-6157] synthesizing module 'AXI4AsyncCrossingSink' [Z:/root/chipyard/fpga/generated-src/chipyard.fpga.zcu104.ZCU104FPGATestHarness.RocketZCU104JLinkDiagFullPSLPDConfig/gen-collateral/AXI4AsyncCrossingSink.sv:2]
INFO: [Synth 8-6157] synthesizing module 'AsyncQueueSink_AXI4BundleAR' [Z:/root/chipyard/fpga/generated-src/chipyard.fpga.zcu104.ZCU104FPGATestHarness.RocketZCU104JLinkDiagFullPSLPDConfig/gen-collateral/AsyncQueueSink_AXI4BundleAR.sv:46]
INFO: [Synth 8-6157] synthesizing module 'AsyncResetSynchronizerShiftReg_w4_d3_i0' [Z:/root/chipyard/fpga/generated-src/chipyard.fpga.zcu104.ZCU104FPGATestHarness.RocketZCU104JLinkDiagFullPSLPDConfig/gen-collateral/AsyncResetSynchronizerShiftReg_w4_d3_i0.sv:2]
INFO: [Synth 8-6155] done synthesizing module 'AsyncResetSynchronizerShiftReg_w4_d3_i0' (21#1) [Z:/root/chipyard/fpga/generated-src/chipyard.fpga.zcu104.ZCU104FPGATestHarness.RocketZCU104JLinkDiagFullPSLPDConfig/gen-collateral/AsyncResetSynchronizerShiftReg_w4_d3_i0.sv:2]
INFO: [Synth 8-6157] synthesizing module 'ClockCrossingReg_w63' [Z:/root/chipyard/fpga/generated-src/chipyard.fpga.zcu104.ZCU104FPGATestHarness.RocketZCU104JLinkDiagFullPSLPDConfig/gen-collateral/ClockCrossingReg_w63.sv:46]
INFO: [Synth 8-6155] done synthesizing module 'ClockCrossingReg_w63' (22#1) [Z:/root/chipyard/fpga/generated-src/chipyard.fpga.zcu104.ZCU104FPGATestHarness.RocketZCU104JLinkDiagFullPSLPDConfig/gen-collateral/ClockCrossingReg_w63.sv:46]
INFO: [Synth 8-6157] synthesizing module 'AsyncValidSync_ZCU104FPGATestHarness_UNIQUIFIED' [Z:/root/chipyard/fpga/generated-src/chipyard.fpga.zcu104.ZCU104FPGATestHarness.RocketZCU104JLinkDiagFullPSLPDConfig/gen-collateral/AsyncValidSync_ZCU104FPGATestHarness_UNIQUIFIED.sv:2]
INFO: [Synth 8-6157] synthesizing module 'AsyncResetSynchronizerShiftReg_w1_d3_i0_1_ZCU104FPGATestHarness_UNIQUIFIED' [Z:/root/chipyard/fpga/generated-src/chipyard.fpga.zcu104.ZCU104FPGATestHarness.RocketZCU104JLinkDiagFullPSLPDConfig/gen-collateral/AsyncResetSynchronizerShiftReg_w1_d3_i0_1_ZCU104FPGATestHarness_UNIQUIFIED.sv:2]
INFO: [Synth 8-6155] done synthesizing module 'AsyncResetSynchronizerShiftReg_w1_d3_i0_1_ZCU104FPGATestHarness_UNIQUIFIED' (23#1) [Z:/root/chipyard/fpga/generated-src/chipyard.fpga.zcu104.ZCU104FPGATestHarness.RocketZCU104JLinkDiagFullPSLPDConfig/gen-collateral/AsyncResetSynchronizerShiftReg_w1_d3_i0_1_ZCU104FPGATestHarness_UNIQUIFIED.sv:2]
INFO: [Synth 8-6155] done synthesizing module 'AsyncValidSync_ZCU104FPGATestHarness_UNIQUIFIED' (24#1) [Z:/root/chipyard/fpga/generated-src/chipyard.fpga.zcu104.ZCU104FPGATestHarness.RocketZCU104JLinkDiagFullPSLPDConfig/gen-collateral/AsyncValidSync_ZCU104FPGATestHarness_UNIQUIFIED.sv:2]
INFO: [Synth 8-6155] done synthesizing module 'AsyncQueueSink_AXI4BundleAR' (25#1) [Z:/root/chipyard/fpga/generated-src/chipyard.fpga.zcu104.ZCU104FPGATestHarness.RocketZCU104JLinkDiagFullPSLPDConfig/gen-collateral/AsyncQueueSink_AXI4BundleAR.sv:46]
INFO: [Synth 8-6157] synthesizing module 'AsyncQueueSink_AXI4BundleAW' [Z:/root/chipyard/fpga/generated-src/chipyard.fpga.zcu104.ZCU104FPGATestHarness.RocketZCU104JLinkDiagFullPSLPDConfig/gen-collateral/AsyncQueueSink_AXI4BundleAW.sv:46]
INFO: [Synth 8-6155] done synthesizing module 'AsyncQueueSink_AXI4BundleAW' (26#1) [Z:/root/chipyard/fpga/generated-src/chipyard.fpga.zcu104.ZCU104FPGATestHarness.RocketZCU104JLinkDiagFullPSLPDConfig/gen-collateral/AsyncQueueSink_AXI4BundleAW.sv:46]
INFO: [Synth 8-6157] synthesizing module 'AsyncQueueSink_AXI4BundleW' [Z:/root/chipyard/fpga/generated-src/chipyard.fpga.zcu104.ZCU104FPGATestHarness.RocketZCU104JLinkDiagFullPSLPDConfig/gen-collateral/AsyncQueueSink_AXI4BundleW.sv:46]
INFO: [Synth 8-6157] synthesizing module 'ClockCrossingReg_w145' [Z:/root/chipyard/fpga/generated-src/chipyard.fpga.zcu104.ZCU104FPGATestHarness.RocketZCU104JLinkDiagFullPSLPDConfig/gen-collateral/ClockCrossingReg_w145.sv:46]
INFO: [Synth 8-6155] done synthesizing module 'ClockCrossingReg_w145' (27#1) [Z:/root/chipyard/fpga/generated-src/chipyard.fpga.zcu104.ZCU104FPGATestHarness.RocketZCU104JLinkDiagFullPSLPDConfig/gen-collateral/ClockCrossingReg_w145.sv:46]
INFO: [Synth 8-6155] done synthesizing module 'AsyncQueueSink_AXI4BundleW' (28#1) [Z:/root/chipyard/fpga/generated-src/chipyard.fpga.zcu104.ZCU104FPGATestHarness.RocketZCU104JLinkDiagFullPSLPDConfig/gen-collateral/AsyncQueueSink_AXI4BundleW.sv:46]
INFO: [Synth 8-6157] synthesizing module 'AsyncQueueSource_AXI4BundleR' [Z:/root/chipyard/fpga/generated-src/chipyard.fpga.zcu104.ZCU104FPGATestHarness.RocketZCU104JLinkDiagFullPSLPDConfig/gen-collateral/AsyncQueueSource_AXI4BundleR.sv:46]
INFO: [Synth 8-6155] done synthesizing module 'AsyncQueueSource_AXI4BundleR' (29#1) [Z:/root/chipyard/fpga/generated-src/chipyard.fpga.zcu104.ZCU104FPGATestHarness.RocketZCU104JLinkDiagFullPSLPDConfig/gen-collateral/AsyncQueueSource_AXI4BundleR.sv:46]
INFO: [Synth 8-6157] synthesizing module 'AsyncQueueSource_AXI4BundleB' [Z:/root/chipyard/fpga/generated-src/chipyard.fpga.zcu104.ZCU104FPGATestHarness.RocketZCU104JLinkDiagFullPSLPDConfig/gen-collateral/AsyncQueueSource_AXI4BundleB.sv:46]
INFO: [Synth 8-6155] done synthesizing module 'AsyncQueueSource_AXI4BundleB' (30#1) [Z:/root/chipyard/fpga/generated-src/chipyard.fpga.zcu104.ZCU104FPGATestHarness.RocketZCU104JLinkDiagFullPSLPDConfig/gen-collateral/AsyncQueueSource_AXI4BundleB.sv:46]
INFO: [Synth 8-6155] done synthesizing module 'AXI4AsyncCrossingSink' (31#1) [Z:/root/chipyard/fpga/generated-src/chipyard.fpga.zcu104.ZCU104FPGATestHarness.RocketZCU104JLinkDiagFullPSLPDConfig/gen-collateral/AXI4AsyncCrossingSink.sv:2]
INFO: [Synth 8-6157] synthesizing module 'zcu104ps' [z:/root/chipyard/fpga/generated-src/chipyard.fpga.zcu104.ZCU104FPGATestHarness.RocketZCU104JLinkDiagFullPSLPDConfig/obj/ip/zcu104ps/synth/zcu104ps.v:59]
INFO: [Synth 8-6157] synthesizing module 'zynq_ultra_ps_e_v3_3_6_zynq_ultra_ps_e' [z:/root/chipyard/fpga/generated-src/chipyard.fpga.zcu104.ZCU104FPGATestHarness.RocketZCU104JLinkDiagFullPSLPDConfig/obj/ip/zcu104ps/hdl/zynq_ultra_ps_e_v3_3_6.v:244]
INFO: [Synth 8-6157] synthesizing module 'BUFG_PS' [E:/PRO_APP/xilinx/Vivado/2021.2/scripts/rt/data/unisim_comp.v:1307]
INFO: [Synth 8-6155] done synthesizing module 'BUFG_PS' (32#1) [E:/PRO_APP/xilinx/Vivado/2021.2/scripts/rt/data/unisim_comp.v:1307]
INFO: [Synth 8-6157] synthesizing module 'PS8' [E:/PRO_APP/xilinx/Vivado/2021.2/scripts/rt/data/unisim_comp.v:91151]
INFO: [Synth 8-6155] done synthesizing module 'PS8' (33#1) [E:/PRO_APP/xilinx/Vivado/2021.2/scripts/rt/data/unisim_comp.v:91151]
WARNING: [Synth 8-689] width (4) of port connection 'EMIOSDIO1DATAOUT' does not match port width (8) of module 'PS8' [z:/root/chipyard/fpga/generated-src/chipyard.fpga.zcu104.ZCU104FPGATestHarness.RocketZCU104JLinkDiagFullPSLPDConfig/obj/ip/zcu104ps/hdl/zynq_ultra_ps_e_v3_3_6.v:4621]
WARNING: [Synth 8-689] width (4) of port connection 'EMIOSDIO1DATAENA' does not match port width (8) of module 'PS8' [z:/root/chipyard/fpga/generated-src/chipyard.fpga.zcu104.ZCU104FPGATestHarness.RocketZCU104JLinkDiagFullPSLPDConfig/obj/ip/zcu104ps/hdl/zynq_ultra_ps_e_v3_3_6.v:4622]
WARNING: [Synth 8-7071] port 'PSS_ALTO_CORE_PAD_MGTTXN0OUT' of module 'PS8' is unconnected for instance 'PS8_i' [z:/root/chipyard/fpga/generated-src/chipyard.fpga.zcu104.ZCU104FPGATestHarness.RocketZCU104JLinkDiagFullPSLPDConfig/obj/ip/zcu104ps/hdl/zynq_ultra_ps_e_v3_3_6.v:3798]
WARNING: [Synth 8-7071] port 'PSS_ALTO_CORE_PAD_MGTTXN1OUT' of module 'PS8' is unconnected for instance 'PS8_i' [z:/root/chipyard/fpga/generated-src/chipyard.fpga.zcu104.ZCU104FPGATestHarness.RocketZCU104JLinkDiagFullPSLPDConfig/obj/ip/zcu104ps/hdl/zynq_ultra_ps_e_v3_3_6.v:3798]
WARNING: [Synth 8-7071] port 'PSS_ALTO_CORE_PAD_MGTTXN2OUT' of module 'PS8' is unconnected for instance 'PS8_i' [z:/root/chipyard/fpga/generated-src/chipyard.fpga.zcu104.ZCU104FPGATestHarness.RocketZCU104JLinkDiagFullPSLPDConfig/obj/ip/zcu104ps/hdl/zynq_ultra_ps_e_v3_3_6.v:3798]
WARNING: [Synth 8-7071] port 'PSS_ALTO_CORE_PAD_MGTTXN3OUT' of module 'PS8' is unconnected for instance 'PS8_i' [z:/root/chipyard/fpga/generated-src/chipyard.fpga.zcu104.ZCU104FPGATestHarness.RocketZCU104JLinkDiagFullPSLPDConfig/obj/ip/zcu104ps/hdl/zynq_ultra_ps_e_v3_3_6.v:3798]
WARNING: [Synth 8-7071] port 'PSS_ALTO_CORE_PAD_MGTTXP0OUT' of module 'PS8' is unconnected for instance 'PS8_i' [z:/root/chipyard/fpga/generated-src/chipyard.fpga.zcu104.ZCU104FPGATestHarness.RocketZCU104JLinkDiagFullPSLPDConfig/obj/ip/zcu104ps/hdl/zynq_ultra_ps_e_v3_3_6.v:3798]
WARNING: [Synth 8-7071] port 'PSS_ALTO_CORE_PAD_MGTTXP1OUT' of module 'PS8' is unconnected for instance 'PS8_i' [z:/root/chipyard/fpga/generated-src/chipyard.fpga.zcu104.ZCU104FPGATestHarness.RocketZCU104JLinkDiagFullPSLPDConfig/obj/ip/zcu104ps/hdl/zynq_ultra_ps_e_v3_3_6.v:3798]
WARNING: [Synth 8-7071] port 'PSS_ALTO_CORE_PAD_MGTTXP2OUT' of module 'PS8' is unconnected for instance 'PS8_i' [z:/root/chipyard/fpga/generated-src/chipyard.fpga.zcu104.ZCU104FPGATestHarness.RocketZCU104JLinkDiagFullPSLPDConfig/obj/ip/zcu104ps/hdl/zynq_ultra_ps_e_v3_3_6.v:3798]
WARNING: [Synth 8-7071] port 'PSS_ALTO_CORE_PAD_MGTTXP3OUT' of module 'PS8' is unconnected for instance 'PS8_i' [z:/root/chipyard/fpga/generated-src/chipyard.fpga.zcu104.ZCU104FPGATestHarness.RocketZCU104JLinkDiagFullPSLPDConfig/obj/ip/zcu104ps/hdl/zynq_ultra_ps_e_v3_3_6.v:3798]
WARNING: [Synth 8-7071] port 'PSS_ALTO_CORE_PAD_PADO' of module 'PS8' is unconnected for instance 'PS8_i' [z:/root/chipyard/fpga/generated-src/chipyard.fpga.zcu104.ZCU104FPGATestHarness.RocketZCU104JLinkDiagFullPSLPDConfig/obj/ip/zcu104ps/hdl/zynq_ultra_ps_e_v3_3_6.v:3798]
WARNING: [Synth 8-7071] port 'PSS_ALTO_CORE_PAD_BOOTMODE' of module 'PS8' is unconnected for instance 'PS8_i' [z:/root/chipyard/fpga/generated-src/chipyard.fpga.zcu104.ZCU104FPGATestHarness.RocketZCU104JLinkDiagFullPSLPDConfig/obj/ip/zcu104ps/hdl/zynq_ultra_ps_e_v3_3_6.v:3798]
WARNING: [Synth 8-7071] port 'PSS_ALTO_CORE_PAD_CLK' of module 'PS8' is unconnected for instance 'PS8_i' [z:/root/chipyard/fpga/generated-src/chipyard.fpga.zcu104.ZCU104FPGATestHarness.RocketZCU104JLinkDiagFullPSLPDConfig/obj/ip/zcu104ps/hdl/zynq_ultra_ps_e_v3_3_6.v:3798]
WARNING: [Synth 8-7071] port 'PSS_ALTO_CORE_PAD_DONEB' of module 'PS8' is unconnected for instance 'PS8_i' [z:/root/chipyard/fpga/generated-src/chipyard.fpga.zcu104.ZCU104FPGATestHarness.RocketZCU104JLinkDiagFullPSLPDConfig/obj/ip/zcu104ps/hdl/zynq_ultra_ps_e_v3_3_6.v:3798]
WARNING: [Synth 8-7071] port 'PSS_ALTO_CORE_PAD_DRAMA' of module 'PS8' is unconnected for instance 'PS8_i' [z:/root/chipyard/fpga/generated-src/chipyard.fpga.zcu104.ZCU104FPGATestHarness.RocketZCU104JLinkDiagFullPSLPDConfig/obj/ip/zcu104ps/hdl/zynq_ultra_ps_e_v3_3_6.v:3798]
WARNING: [Synth 8-7071] port 'PSS_ALTO_CORE_PAD_DRAMACTN' of module 'PS8' is unconnected for instance 'PS8_i' [z:/root/chipyard/fpga/generated-src/chipyard.fpga.zcu104.ZCU104FPGATestHarness.RocketZCU104JLinkDiagFullPSLPDConfig/obj/ip/zcu104ps/hdl/zynq_ultra_ps_e_v3_3_6.v:3798]
WARNING: [Synth 8-7071] port 'PSS_ALTO_CORE_PAD_DRAMALERTN' of module 'PS8' is unconnected for instance 'PS8_i' [z:/root/chipyard/fpga/generated-src/chipyard.fpga.zcu104.ZCU104FPGATestHarness.RocketZCU104JLinkDiagFullPSLPDConfig/obj/ip/zcu104ps/hdl/zynq_ultra_ps_e_v3_3_6.v:3798]
WARNING: [Synth 8-7071] port 'PSS_ALTO_CORE_PAD_DRAMBA' of module 'PS8' is unconnected for instance 'PS8_i' [z:/root/chipyard/fpga/generated-src/chipyard.fpga.zcu104.ZCU104FPGATestHarness.RocketZCU104JLinkDiagFullPSLPDConfig/obj/ip/zcu104ps/hdl/zynq_ultra_ps_e_v3_3_6.v:3798]
WARNING: [Synth 8-7071] port 'PSS_ALTO_CORE_PAD_DRAMBG' of module 'PS8' is unconnected for instance 'PS8_i' [z:/root/chipyard/fpga/generated-src/chipyard.fpga.zcu104.ZCU104FPGATestHarness.RocketZCU104JLinkDiagFullPSLPDConfig/obj/ip/zcu104ps/hdl/zynq_ultra_ps_e_v3_3_6.v:3798]
WARNING: [Synth 8-7071] port 'PSS_ALTO_CORE_PAD_DRAMCK' of module 'PS8' is unconnected for instance 'PS8_i' [z:/root/chipyard/fpga/generated-src/chipyard.fpga.zcu104.ZCU104FPGATestHarness.RocketZCU104JLinkDiagFullPSLPDConfig/obj/ip/zcu104ps/hdl/zynq_ultra_ps_e_v3_3_6.v:3798]
WARNING: [Synth 8-7071] port 'PSS_ALTO_CORE_PAD_DRAMCKE' of module 'PS8' is unconnected for instance 'PS8_i' [z:/root/chipyard/fpga/generated-src/chipyard.fpga.zcu104.ZCU104FPGATestHarness.RocketZCU104JLinkDiagFullPSLPDConfig/obj/ip/zcu104ps/hdl/zynq_ultra_ps_e_v3_3_6.v:3798]
WARNING: [Synth 8-7071] port 'PSS_ALTO_CORE_PAD_DRAMCKN' of module 'PS8' is unconnected for instance 'PS8_i' [z:/root/chipyard/fpga/generated-src/chipyard.fpga.zcu104.ZCU104FPGATestHarness.RocketZCU104JLinkDiagFullPSLPDConfig/obj/ip/zcu104ps/hdl/zynq_ultra_ps_e_v3_3_6.v:3798]
WARNING: [Synth 8-7071] port 'PSS_ALTO_CORE_PAD_DRAMCSN' of module 'PS8' is unconnected for instance 'PS8_i' [z:/root/chipyard/fpga/generated-src/chipyard.fpga.zcu104.ZCU104FPGATestHarness.RocketZCU104JLinkDiagFullPSLPDConfig/obj/ip/zcu104ps/hdl/zynq_ultra_ps_e_v3_3_6.v:3798]
WARNING: [Synth 8-7071] port 'PSS_ALTO_CORE_PAD_DRAMDM' of module 'PS8' is unconnected for instance 'PS8_i' [z:/root/chipyard/fpga/generated-src/chipyard.fpga.zcu104.ZCU104FPGATestHarness.RocketZCU104JLinkDiagFullPSLPDConfig/obj/ip/zcu104ps/hdl/zynq_ultra_ps_e_v3_3_6.v:3798]
WARNING: [Synth 8-7071] port 'PSS_ALTO_CORE_PAD_DRAMDQ' of module 'PS8' is unconnected for instance 'PS8_i' [z:/root/chipyard/fpga/generated-src/chipyard.fpga.zcu104.ZCU104FPGATestHarness.RocketZCU104JLinkDiagFullPSLPDConfig/obj/ip/zcu104ps/hdl/zynq_ultra_ps_e_v3_3_6.v:3798]
WARNING: [Synth 8-7071] port 'PSS_ALTO_CORE_PAD_DRAMDQS' of module 'PS8' is unconnected for instance 'PS8_i' [z:/root/chipyard/fpga/generated-src/chipyard.fpga.zcu104.ZCU104FPGATestHarness.RocketZCU104JLinkDiagFullPSLPDConfig/obj/ip/zcu104ps/hdl/zynq_ultra_ps_e_v3_3_6.v:3798]
WARNING: [Synth 8-7071] port 'PSS_ALTO_CORE_PAD_DRAMDQSN' of module 'PS8' is unconnected for instance 'PS8_i' [z:/root/chipyard/fpga/generated-src/chipyard.fpga.zcu104.ZCU104FPGATestHarness.RocketZCU104JLinkDiagFullPSLPDConfig/obj/ip/zcu104ps/hdl/zynq_ultra_ps_e_v3_3_6.v:3798]
WARNING: [Synth 8-7071] port 'PSS_ALTO_CORE_PAD_DRAMODT' of module 'PS8' is unconnected for instance 'PS8_i' [z:/root/chipyard/fpga/generated-src/chipyard.fpga.zcu104.ZCU104FPGATestHarness.RocketZCU104JLinkDiagFullPSLPDConfig/obj/ip/zcu104ps/hdl/zynq_ultra_ps_e_v3_3_6.v:3798]
WARNING: [Synth 8-7071] port 'PSS_ALTO_CORE_PAD_DRAMPARITY' of module 'PS8' is unconnected for instance 'PS8_i' [z:/root/chipyard/fpga/generated-src/chipyard.fpga.zcu104.ZCU104FPGATestHarness.RocketZCU104JLinkDiagFullPSLPDConfig/obj/ip/zcu104ps/hdl/zynq_ultra_ps_e_v3_3_6.v:3798]
WARNING: [Synth 8-7071] port 'PSS_ALTO_CORE_PAD_DRAMRAMRSTN' of module 'PS8' is unconnected for instance 'PS8_i' [z:/root/chipyard/fpga/generated-src/chipyard.fpga.zcu104.ZCU104FPGATestHarness.RocketZCU104JLinkDiagFullPSLPDConfig/obj/ip/zcu104ps/hdl/zynq_ultra_ps_e_v3_3_6.v:3798]
WARNING: [Synth 8-7071] port 'PSS_ALTO_CORE_PAD_ERROROUT' of module 'PS8' is unconnected for instance 'PS8_i' [z:/root/chipyard/fpga/generated-src/chipyard.fpga.zcu104.ZCU104FPGATestHarness.RocketZCU104JLinkDiagFullPSLPDConfig/obj/ip/zcu104ps/hdl/zynq_ultra_ps_e_v3_3_6.v:3798]
WARNING: [Synth 8-7071] port 'PSS_ALTO_CORE_PAD_ERRORSTATUS' of module 'PS8' is unconnected for instance 'PS8_i' [z:/root/chipyard/fpga/generated-src/chipyard.fpga.zcu104.ZCU104FPGATestHarness.RocketZCU104JLinkDiagFullPSLPDConfig/obj/ip/zcu104ps/hdl/zynq_ultra_ps_e_v3_3_6.v:3798]
WARNING: [Synth 8-7071] port 'PSS_ALTO_CORE_PAD_INITB' of module 'PS8' is unconnected for instance 'PS8_i' [z:/root/chipyard/fpga/generated-src/chipyard.fpga.zcu104.ZCU104FPGATestHarness.RocketZCU104JLinkDiagFullPSLPDConfig/obj/ip/zcu104ps/hdl/zynq_ultra_ps_e_v3_3_6.v:3798]
WARNING: [Synth 8-7071] port 'PSS_ALTO_CORE_PAD_JTAGTCK' of module 'PS8' is unconnected for instance 'PS8_i' [z:/root/chipyard/fpga/generated-src/chipyard.fpga.zcu104.ZCU104FPGATestHarness.RocketZCU104JLinkDiagFullPSLPDConfig/obj/ip/zcu104ps/hdl/zynq_ultra_ps_e_v3_3_6.v:3798]
WARNING: [Synth 8-7071] port 'PSS_ALTO_CORE_PAD_JTAGTDI' of module 'PS8' is unconnected for instance 'PS8_i' [z:/root/chipyard/fpga/generated-src/chipyard.fpga.zcu104.ZCU104FPGATestHarness.RocketZCU104JLinkDiagFullPSLPDConfig/obj/ip/zcu104ps/hdl/zynq_ultra_ps_e_v3_3_6.v:3798]
WARNING: [Synth 8-7071] port 'PSS_ALTO_CORE_PAD_JTAGTDO' of module 'PS8' is unconnected for instance 'PS8_i' [z:/root/chipyard/fpga/generated-src/chipyard.fpga.zcu104.ZCU104FPGATestHarness.RocketZCU104JLinkDiagFullPSLPDConfig/obj/ip/zcu104ps/hdl/zynq_ultra_ps_e_v3_3_6.v:3798]
WARNING: [Synth 8-7071] port 'PSS_ALTO_CORE_PAD_JTAGTMS' of module 'PS8' is unconnected for instance 'PS8_i' [z:/root/chipyard/fpga/generated-src/chipyard.fpga.zcu104.ZCU104FPGATestHarness.RocketZCU104JLinkDiagFullPSLPDConfig/obj/ip/zcu104ps/hdl/zynq_ultra_ps_e_v3_3_6.v:3798]
WARNING: [Synth 8-7071] port 'PSS_ALTO_CORE_PAD_MIO' of module 'PS8' is unconnected for instance 'PS8_i' [z:/root/chipyard/fpga/generated-src/chipyard.fpga.zcu104.ZCU104FPGATestHarness.RocketZCU104JLinkDiagFullPSLPDConfig/obj/ip/zcu104ps/hdl/zynq_ultra_ps_e_v3_3_6.v:3798]
WARNING: [Synth 8-7071] port 'PSS_ALTO_CORE_PAD_PORB' of module 'PS8' is unconnected for instance 'PS8_i' [z:/root/chipyard/fpga/generated-src/chipyard.fpga.zcu104.ZCU104FPGATestHarness.RocketZCU104JLinkDiagFullPSLPDConfig/obj/ip/zcu104ps/hdl/zynq_ultra_ps_e_v3_3_6.v:3798]
WARNING: [Synth 8-7071] port 'PSS_ALTO_CORE_PAD_PROGB' of module 'PS8' is unconnected for instance 'PS8_i' [z:/root/chipyard/fpga/generated-src/chipyard.fpga.zcu104.ZCU104FPGATestHarness.RocketZCU104JLinkDiagFullPSLPDConfig/obj/ip/zcu104ps/hdl/zynq_ultra_ps_e_v3_3_6.v:3798]
WARNING: [Synth 8-7071] port 'PSS_ALTO_CORE_PAD_RCALIBINOUT' of module 'PS8' is unconnected for instance 'PS8_i' [z:/root/chipyard/fpga/generated-src/chipyard.fpga.zcu104.ZCU104FPGATestHarness.RocketZCU104JLinkDiagFullPSLPDConfig/obj/ip/zcu104ps/hdl/zynq_ultra_ps_e_v3_3_6.v:3798]
WARNING: [Synth 8-7071] port 'PSS_ALTO_CORE_PAD_SRSTB' of module 'PS8' is unconnected for instance 'PS8_i' [z:/root/chipyard/fpga/generated-src/chipyard.fpga.zcu104.ZCU104FPGATestHarness.RocketZCU104JLinkDiagFullPSLPDConfig/obj/ip/zcu104ps/hdl/zynq_ultra_ps_e_v3_3_6.v:3798]
WARNING: [Synth 8-7071] port 'PSS_ALTO_CORE_PAD_ZQ' of module 'PS8' is unconnected for instance 'PS8_i' [z:/root/chipyard/fpga/generated-src/chipyard.fpga.zcu104.ZCU104FPGATestHarness.RocketZCU104JLinkDiagFullPSLPDConfig/obj/ip/zcu104ps/hdl/zynq_ultra_ps_e_v3_3_6.v:3798]
WARNING: [Synth 8-7071] port 'PSS_ALTO_CORE_PAD_MGTRXN0IN' of module 'PS8' is unconnected for instance 'PS8_i' [z:/root/chipyard/fpga/generated-src/chipyard.fpga.zcu104.ZCU104FPGATestHarness.RocketZCU104JLinkDiagFullPSLPDConfig/obj/ip/zcu104ps/hdl/zynq_ultra_ps_e_v3_3_6.v:3798]
WARNING: [Synth 8-7071] port 'PSS_ALTO_CORE_PAD_MGTRXN1IN' of module 'PS8' is unconnected for instance 'PS8_i' [z:/root/chipyard/fpga/generated-src/chipyard.fpga.zcu104.ZCU104FPGATestHarness.RocketZCU104JLinkDiagFullPSLPDConfig/obj/ip/zcu104ps/hdl/zynq_ultra_ps_e_v3_3_6.v:3798]
WARNING: [Synth 8-7071] port 'PSS_ALTO_CORE_PAD_MGTRXN2IN' of module 'PS8' is unconnected for instance 'PS8_i' [z:/root/chipyard/fpga/generated-src/chipyard.fpga.zcu104.ZCU104FPGATestHarness.RocketZCU104JLinkDiagFullPSLPDConfig/obj/ip/zcu104ps/hdl/zynq_ultra_ps_e_v3_3_6.v:3798]
WARNING: [Synth 8-7071] port 'PSS_ALTO_CORE_PAD_MGTRXN3IN' of module 'PS8' is unconnected for instance 'PS8_i' [z:/root/chipyard/fpga/generated-src/chipyard.fpga.zcu104.ZCU104FPGATestHarness.RocketZCU104JLinkDiagFullPSLPDConfig/obj/ip/zcu104ps/hdl/zynq_ultra_ps_e_v3_3_6.v:3798]
WARNING: [Synth 8-7071] port 'PSS_ALTO_CORE_PAD_MGTRXP0IN' of module 'PS8' is unconnected for instance 'PS8_i' [z:/root/chipyard/fpga/generated-src/chipyard.fpga.zcu104.ZCU104FPGATestHarness.RocketZCU104JLinkDiagFullPSLPDConfig/obj/ip/zcu104ps/hdl/zynq_ultra_ps_e_v3_3_6.v:3798]
WARNING: [Synth 8-7071] port 'PSS_ALTO_CORE_PAD_MGTRXP1IN' of module 'PS8' is unconnected for instance 'PS8_i' [z:/root/chipyard/fpga/generated-src/chipyard.fpga.zcu104.ZCU104FPGATestHarness.RocketZCU104JLinkDiagFullPSLPDConfig/obj/ip/zcu104ps/hdl/zynq_ultra_ps_e_v3_3_6.v:3798]
WARNING: [Synth 8-7071] port 'PSS_ALTO_CORE_PAD_MGTRXP2IN' of module 'PS8' is unconnected for instance 'PS8_i' [z:/root/chipyard/fpga/generated-src/chipyard.fpga.zcu104.ZCU104FPGATestHarness.RocketZCU104JLinkDiagFullPSLPDConfig/obj/ip/zcu104ps/hdl/zynq_ultra_ps_e_v3_3_6.v:3798]
WARNING: [Synth 8-7071] port 'PSS_ALTO_CORE_PAD_MGTRXP3IN' of module 'PS8' is unconnected for instance 'PS8_i' [z:/root/chipyard/fpga/generated-src/chipyard.fpga.zcu104.ZCU104FPGATestHarness.RocketZCU104JLinkDiagFullPSLPDConfig/obj/ip/zcu104ps/hdl/zynq_ultra_ps_e_v3_3_6.v:3798]
WARNING: [Synth 8-7071] port 'PSS_ALTO_CORE_PAD_PADI' of module 'PS8' is unconnected for instance 'PS8_i' [z:/root/chipyard/fpga/generated-src/chipyard.fpga.zcu104.ZCU104FPGATestHarness.RocketZCU104JLinkDiagFullPSLPDConfig/obj/ip/zcu104ps/hdl/zynq_ultra_ps_e_v3_3_6.v:3798]
WARNING: [Synth 8-7071] port 'PSS_ALTO_CORE_PAD_REFN0IN' of module 'PS8' is unconnected for instance 'PS8_i' [z:/root/chipyard/fpga/generated-src/chipyard.fpga.zcu104.ZCU104FPGATestHarness.RocketZCU104JLinkDiagFullPSLPDConfig/obj/ip/zcu104ps/hdl/zynq_ultra_ps_e_v3_3_6.v:3798]
WARNING: [Synth 8-7071] port 'PSS_ALTO_CORE_PAD_REFN1IN' of module 'PS8' is unconnected for instance 'PS8_i' [z:/root/chipyard/fpga/generated-src/chipyard.fpga.zcu104.ZCU104FPGATestHarness.RocketZCU104JLinkDiagFullPSLPDConfig/obj/ip/zcu104ps/hdl/zynq_ultra_ps_e_v3_3_6.v:3798]
WARNING: [Synth 8-7071] port 'PSS_ALTO_CORE_PAD_REFN2IN' of module 'PS8' is unconnected for instance 'PS8_i' [z:/root/chipyard/fpga/generated-src/chipyard.fpga.zcu104.ZCU104FPGATestHarness.RocketZCU104JLinkDiagFullPSLPDConfig/obj/ip/zcu104ps/hdl/zynq_ultra_ps_e_v3_3_6.v:3798]
WARNING: [Synth 8-7071] port 'PSS_ALTO_CORE_PAD_REFN3IN' of module 'PS8' is unconnected for instance 'PS8_i' [z:/root/chipyard/fpga/generated-src/chipyard.fpga.zcu104.ZCU104FPGATestHarness.RocketZCU104JLinkDiagFullPSLPDConfig/obj/ip/zcu104ps/hdl/zynq_ultra_ps_e_v3_3_6.v:3798]
WARNING: [Synth 8-7071] port 'PSS_ALTO_CORE_PAD_REFP0IN' of module 'PS8' is unconnected for instance 'PS8_i' [z:/root/chipyard/fpga/generated-src/chipyard.fpga.zcu104.ZCU104FPGATestHarness.RocketZCU104JLinkDiagFullPSLPDConfig/obj/ip/zcu104ps/hdl/zynq_ultra_ps_e_v3_3_6.v:3798]
WARNING: [Synth 8-7071] port 'PSS_ALTO_CORE_PAD_REFP1IN' of module 'PS8' is unconnected for instance 'PS8_i' [z:/root/chipyard/fpga/generated-src/chipyard.fpga.zcu104.ZCU104FPGATestHarness.RocketZCU104JLinkDiagFullPSLPDConfig/obj/ip/zcu104ps/hdl/zynq_ultra_ps_e_v3_3_6.v:3798]
WARNING: [Synth 8-7071] port 'PSS_ALTO_CORE_PAD_REFP2IN' of module 'PS8' is unconnected for instance 'PS8_i' [z:/root/chipyard/fpga/generated-src/chipyard.fpga.zcu104.ZCU104FPGATestHarness.RocketZCU104JLinkDiagFullPSLPDConfig/obj/ip/zcu104ps/hdl/zynq_ultra_ps_e_v3_3_6.v:3798]
WARNING: [Synth 8-7071] port 'PSS_ALTO_CORE_PAD_REFP3IN' of module 'PS8' is unconnected for instance 'PS8_i' [z:/root/chipyard/fpga/generated-src/chipyard.fpga.zcu104.ZCU104FPGATestHarness.RocketZCU104JLinkDiagFullPSLPDConfig/obj/ip/zcu104ps/hdl/zynq_ultra_ps_e_v3_3_6.v:3798]
WARNING: [Synth 8-7023] instance 'PS8_i' of module 'PS8' has 1015 connections declared, but only 957 given [z:/root/chipyard/fpga/generated-src/chipyard.fpga.zcu104.ZCU104FPGATestHarness.RocketZCU104JLinkDiagFullPSLPDConfig/obj/ip/zcu104ps/hdl/zynq_ultra_ps_e_v3_3_6.v:3798]
WARNING: [Synth 8-3848] Net dp_audio_ref_clk in module/entity zynq_ultra_ps_e_v3_3_6_zynq_ultra_ps_e does not have driver. [z:/root/chipyard/fpga/generated-src/chipyard.fpga.zcu104.ZCU104FPGATestHarness.RocketZCU104JLinkDiagFullPSLPDConfig/obj/ip/zcu104ps/hdl/zynq_ultra_ps_e_v3_3_6.v:297]
WARNING: [Synth 8-3848] Net irq_ipi_pl_0 in module/entity zynq_ultra_ps_e_v3_3_6_zynq_ultra_ps_e does not have driver. [z:/root/chipyard/fpga/generated-src/chipyard.fpga.zcu104.ZCU104FPGATestHarness.RocketZCU104JLinkDiagFullPSLPDConfig/obj/ip/zcu104ps/hdl/zynq_ultra_ps_e_v3_3_6.v:1317]
WARNING: [Synth 8-3848] Net irq_ipi_pl_1 in module/entity zynq_ultra_ps_e_v3_3_6_zynq_ultra_ps_e does not have driver. [z:/root/chipyard/fpga/generated-src/chipyard.fpga.zcu104.ZCU104FPGATestHarness.RocketZCU104JLinkDiagFullPSLPDConfig/obj/ip/zcu104ps/hdl/zynq_ultra_ps_e_v3_3_6.v:1318]
WARNING: [Synth 8-3848] Net irq_ipi_pl_2 in module/entity zynq_ultra_ps_e_v3_3_6_zynq_ultra_ps_e does not have driver. [z:/root/chipyard/fpga/generated-src/chipyard.fpga.zcu104.ZCU104FPGATestHarness.RocketZCU104JLinkDiagFullPSLPDConfig/obj/ip/zcu104ps/hdl/zynq_ultra_ps_e_v3_3_6.v:1319]
WARNING: [Synth 8-3848] Net irq_ipi_pl_3 in module/entity zynq_ultra_ps_e_v3_3_6_zynq_ultra_ps_e does not have driver. [z:/root/chipyard/fpga/generated-src/chipyard.fpga.zcu104.ZCU104FPGATestHarness.RocketZCU104JLinkDiagFullPSLPDConfig/obj/ip/zcu104ps/hdl/zynq_ultra_ps_e_v3_3_6.v:1320]
INFO: [Synth 8-6155] done synthesizing module 'zynq_ultra_ps_e_v3_3_6_zynq_ultra_ps_e' (34#1) [z:/root/chipyard/fpga/generated-src/chipyard.fpga.zcu104.ZCU104FPGATestHarness.RocketZCU104JLinkDiagFullPSLPDConfig/obj/ip/zcu104ps/hdl/zynq_ultra_ps_e_v3_3_6.v:244]
WARNING: [Synth 8-7071] port 'emio_enet0_signal_detect' of module 'zynq_ultra_ps_e_v3_3_6_zynq_ultra_ps_e' is unconnected for instance 'inst' [z:/root/chipyard/fpga/generated-src/chipyard.fpga.zcu104.ZCU104FPGATestHarness.RocketZCU104JLinkDiagFullPSLPDConfig/obj/ip/zcu104ps/synth/zcu104ps.v:355]
WARNING: [Synth 8-7071] port 'emio_enet1_signal_detect' of module 'zynq_ultra_ps_e_v3_3_6_zynq_ultra_ps_e' is unconnected for instance 'inst' [z:/root/chipyard/fpga/generated-src/chipyard.fpga.zcu104.ZCU104FPGATestHarness.RocketZCU104JLinkDiagFullPSLPDConfig/obj/ip/zcu104ps/synth/zcu104ps.v:355]
WARNING: [Synth 8-7071] port 'emio_enet2_signal_detect' of module 'zynq_ultra_ps_e_v3_3_6_zynq_ultra_ps_e' is unconnected for instance 'inst' [z:/root/chipyard/fpga/generated-src/chipyard.fpga.zcu104.ZCU104FPGATestHarness.RocketZCU104JLinkDiagFullPSLPDConfig/obj/ip/zcu104ps/synth/zcu104ps.v:355]
WARNING: [Synth 8-7071] port 'emio_enet3_signal_detect' of module 'zynq_ultra_ps_e_v3_3_6_zynq_ultra_ps_e' is unconnected for instance 'inst' [z:/root/chipyard/fpga/generated-src/chipyard.fpga.zcu104.ZCU104FPGATestHarness.RocketZCU104JLinkDiagFullPSLPDConfig/obj/ip/zcu104ps/synth/zcu104ps.v:355]
WARNING: [Synth 8-7023] instance 'inst' of module 'zynq_ultra_ps_e_v3_3_6_zynq_ultra_ps_e' has 1491 connections declared, but only 1487 given [z:/root/chipyard/fpga/generated-src/chipyard.fpga.zcu104.ZCU104FPGATestHarness.RocketZCU104JLinkDiagFullPSLPDConfig/obj/ip/zcu104ps/synth/zcu104ps.v:355]
INFO: [Synth 8-6155] done synthesizing module 'zcu104ps' (35#1) [z:/root/chipyard/fpga/generated-src/chipyard.fpga.zcu104.ZCU104FPGATestHarness.RocketZCU104JLinkDiagFullPSLPDConfig/obj/ip/zcu104ps/synth/zcu104ps.v:59]
WARNING: [Synth 8-7071] port 'saxigp2_aruser' of module 'zcu104ps' is unconnected for instance 'blackbox' [Z:/root/chipyard/fpga/generated-src/chipyard.fpga.zcu104.ZCU104FPGATestHarness.RocketZCU104JLinkDiagFullPSLPDConfig/gen-collateral/XilinxZCU104PSIsland.sv:608]
WARNING: [Synth 8-7071] port 'saxigp2_awuser' of module 'zcu104ps' is unconnected for instance 'blackbox' [Z:/root/chipyard/fpga/generated-src/chipyard.fpga.zcu104.ZCU104FPGATestHarness.RocketZCU104JLinkDiagFullPSLPDConfig/gen-collateral/XilinxZCU104PSIsland.sv:608]
WARNING: [Synth 8-7071] port 'saxigp6_aruser' of module 'zcu104ps' is unconnected for instance 'blackbox' [Z:/root/chipyard/fpga/generated-src/chipyard.fpga.zcu104.ZCU104FPGATestHarness.RocketZCU104JLinkDiagFullPSLPDConfig/gen-collateral/XilinxZCU104PSIsland.sv:608]
WARNING: [Synth 8-7071] port 'saxigp6_awuser' of module 'zcu104ps' is unconnected for instance 'blackbox' [Z:/root/chipyard/fpga/generated-src/chipyard.fpga.zcu104.ZCU104FPGATestHarness.RocketZCU104JLinkDiagFullPSLPDConfig/gen-collateral/XilinxZCU104PSIsland.sv:608]
WARNING: [Synth 8-7071] port 'pl_resetn0' of module 'zcu104ps' is unconnected for instance 'blackbox' [Z:/root/chipyard/fpga/generated-src/chipyard.fpga.zcu104.ZCU104FPGATestHarness.RocketZCU104JLinkDiagFullPSLPDConfig/gen-collateral/XilinxZCU104PSIsland.sv:608]
WARNING: [Synth 8-7071] port 'pl_clk0' of module 'zcu104ps' is unconnected for instance 'blackbox' [Z:/root/chipyard/fpga/generated-src/chipyard.fpga.zcu104.ZCU104FPGATestHarness.RocketZCU104JLinkDiagFullPSLPDConfig/gen-collateral/XilinxZCU104PSIsland.sv:608]
WARNING: [Synth 8-7023] instance 'blackbox' of module 'zcu104ps' has 82 connections declared, but only 76 given [Z:/root/chipyard/fpga/generated-src/chipyard.fpga.zcu104.ZCU104FPGATestHarness.RocketZCU104JLinkDiagFullPSLPDConfig/gen-collateral/XilinxZCU104PSIsland.sv:608]
INFO: [Synth 8-6155] done synthesizing module 'XilinxZCU104PSIsland' (36#1) [Z:/root/chipyard/fpga/generated-src/chipyard.fpga.zcu104.ZCU104FPGATestHarness.RocketZCU104JLinkDiagFullPSLPDConfig/gen-collateral/XilinxZCU104PSIsland.sv:2]
INFO: [Synth 8-6157] synthesizing module 'AXI4AsyncCrossingSource' [Z:/root/chipyard/fpga/generated-src/chipyard.fpga.zcu104.ZCU104FPGATestHarness.RocketZCU104JLinkDiagFullPSLPDConfig/gen-collateral/AXI4AsyncCrossingSource.sv:2]
INFO: [Synth 8-6157] synthesizing module 'AsyncQueueSource_AXI4BundleAR' [Z:/root/chipyard/fpga/generated-src/chipyard.fpga.zcu104.ZCU104FPGATestHarness.RocketZCU104JLinkDiagFullPSLPDConfig/gen-collateral/AsyncQueueSource_AXI4BundleAR.sv:46]
INFO: [Synth 8-6155] done synthesizing module 'AsyncQueueSource_AXI4BundleAR' (37#1) [Z:/root/chipyard/fpga/generated-src/chipyard.fpga.zcu104.ZCU104FPGATestHarness.RocketZCU104JLinkDiagFullPSLPDConfig/gen-collateral/AsyncQueueSource_AXI4BundleAR.sv:46]
INFO: [Synth 8-6157] synthesizing module 'AsyncQueueSource_AXI4BundleAW' [Z:/root/chipyard/fpga/generated-src/chipyard.fpga.zcu104.ZCU104FPGATestHarness.RocketZCU104JLinkDiagFullPSLPDConfig/gen-collateral/AsyncQueueSource_AXI4BundleAW.sv:46]
INFO: [Synth 8-6155] done synthesizing module 'AsyncQueueSource_AXI4BundleAW' (38#1) [Z:/root/chipyard/fpga/generated-src/chipyard.fpga.zcu104.ZCU104FPGATestHarness.RocketZCU104JLinkDiagFullPSLPDConfig/gen-collateral/AsyncQueueSource_AXI4BundleAW.sv:46]
INFO: [Synth 8-6157] synthesizing module 'AsyncQueueSource_AXI4BundleW' [Z:/root/chipyard/fpga/generated-src/chipyard.fpga.zcu104.ZCU104FPGATestHarness.RocketZCU104JLinkDiagFullPSLPDConfig/gen-collateral/AsyncQueueSource_AXI4BundleW.sv:46]
INFO: [Synth 8-6155] done synthesizing module 'AsyncQueueSource_AXI4BundleW' (39#1) [Z:/root/chipyard/fpga/generated-src/chipyard.fpga.zcu104.ZCU104FPGATestHarness.RocketZCU104JLinkDiagFullPSLPDConfig/gen-collateral/AsyncQueueSource_AXI4BundleW.sv:46]
INFO: [Synth 8-6157] synthesizing module 'AsyncQueueSink_AXI4BundleR' [Z:/root/chipyard/fpga/generated-src/chipyard.fpga.zcu104.ZCU104FPGATestHarness.RocketZCU104JLinkDiagFullPSLPDConfig/gen-collateral/AsyncQueueSink_AXI4BundleR.sv:46]
INFO: [Synth 8-6157] synthesizing module 'ClockCrossingReg_w137' [Z:/root/chipyard/fpga/generated-src/chipyard.fpga.zcu104.ZCU104FPGATestHarness.RocketZCU104JLinkDiagFullPSLPDConfig/gen-collateral/ClockCrossingReg_w137.sv:46]
INFO: [Synth 8-6155] done synthesizing module 'ClockCrossingReg_w137' (40#1) [Z:/root/chipyard/fpga/generated-src/chipyard.fpga.zcu104.ZCU104FPGATestHarness.RocketZCU104JLinkDiagFullPSLPDConfig/gen-collateral/ClockCrossingReg_w137.sv:46]
INFO: [Synth 8-6155] done synthesizing module 'AsyncQueueSink_AXI4BundleR' (41#1) [Z:/root/chipyard/fpga/generated-src/chipyard.fpga.zcu104.ZCU104FPGATestHarness.RocketZCU104JLinkDiagFullPSLPDConfig/gen-collateral/AsyncQueueSink_AXI4BundleR.sv:46]
INFO: [Synth 8-6157] synthesizing module 'AsyncQueueSink_AXI4BundleB' [Z:/root/chipyard/fpga/generated-src/chipyard.fpga.zcu104.ZCU104FPGATestHarness.RocketZCU104JLinkDiagFullPSLPDConfig/gen-collateral/AsyncQueueSink_AXI4BundleB.sv:46]
INFO: [Synth 8-6157] synthesizing module 'ClockCrossingReg_w8' [Z:/root/chipyard/fpga/generated-src/chipyard.fpga.zcu104.ZCU104FPGATestHarness.RocketZCU104JLinkDiagFullPSLPDConfig/gen-collateral/ClockCrossingReg_w8.sv:46]
INFO: [Synth 8-6155] done synthesizing module 'ClockCrossingReg_w8' (42#1) [Z:/root/chipyard/fpga/generated-src/chipyard.fpga.zcu104.ZCU104FPGATestHarness.RocketZCU104JLinkDiagFullPSLPDConfig/gen-collateral/ClockCrossingReg_w8.sv:46]
INFO: [Synth 8-6155] done synthesizing module 'AsyncQueueSink_AXI4BundleB' (43#1) [Z:/root/chipyard/fpga/generated-src/chipyard.fpga.zcu104.ZCU104FPGATestHarness.RocketZCU104JLinkDiagFullPSLPDConfig/gen-collateral/AsyncQueueSink_AXI4BundleB.sv:46]
INFO: [Synth 8-6155] done synthesizing module 'AXI4AsyncCrossingSource' (44#1) [Z:/root/chipyard/fpga/generated-src/chipyard.fpga.zcu104.ZCU104FPGATestHarness.RocketZCU104JLinkDiagFullPSLPDConfig/gen-collateral/AXI4AsyncCrossingSource.sv:2]
INFO: [Synth 8-6155] done synthesizing module 'XilinxZCU104PS' (45#1) [Z:/root/chipyard/fpga/generated-src/chipyard.fpga.zcu104.ZCU104FPGATestHarness.RocketZCU104JLinkDiagFullPSLPDConfig/gen-collateral/XilinxZCU104PS.sv:2]
INFO: [Synth 8-6157] synthesizing module 'TLWidthWidget8' [Z:/root/chipyard/fpga/generated-src/chipyard.fpga.zcu104.ZCU104FPGATestHarness.RocketZCU104JLinkDiagFullPSLPDConfig/gen-collateral/TLWidthWidget8.sv:46]
INFO: [Synth 8-6157] synthesizing module 'Repeater_TLBundleD_a32d128s4k1z4u' [Z:/root/chipyard/fpga/generated-src/chipyard.fpga.zcu104.ZCU104FPGATestHarness.RocketZCU104JLinkDiagFullPSLPDConfig/gen-collateral/Repeater_TLBundleD_a32d128s4k1z4u.sv:46]
INFO: [Synth 8-6155] done synthesizing module 'Repeater_TLBundleD_a32d128s4k1z4u' (46#1) [Z:/root/chipyard/fpga/generated-src/chipyard.fpga.zcu104.ZCU104FPGATestHarness.RocketZCU104JLinkDiagFullPSLPDConfig/gen-collateral/Repeater_TLBundleD_a32d128s4k1z4u.sv:46]
INFO: [Synth 8-6155] done synthesizing module 'TLWidthWidget8' (47#1) [Z:/root/chipyard/fpga/generated-src/chipyard.fpga.zcu104.ZCU104FPGATestHarness.RocketZCU104JLinkDiagFullPSLPDConfig/gen-collateral/TLWidthWidget8.sv:46]
INFO: [Synth 8-6157] synthesizing module 'harnessSysPLL' [z:/root/chipyard/fpga/generated-src/chipyard.fpga.zcu104.ZCU104FPGATestHarness.RocketZCU104JLinkDiagFullPSLPDConfig/obj/ip/harnessSysPLL/harnessSysPLL.v:70]
INFO: [Synth 8-6157] synthesizing module 'harnessSysPLL_clk_wiz' [z:/root/chipyard/fpga/generated-src/chipyard.fpga.zcu104.ZCU104FPGATestHarness.RocketZCU104JLinkDiagFullPSLPDConfig/obj/ip/harnessSysPLL/harnessSysPLL_clk_wiz.v:68]
INFO: [Synth 8-6157] synthesizing module 'MMCME4_ADV' [E:/PRO_APP/xilinx/Vivado/2021.2/scripts/rt/data/unisim_comp.v:63903]
	Parameter BANDWIDTH bound to: OPTIMIZED - type: string 
	Parameter CLKFBOUT_MULT_F bound to: 48.000000 - type: double 
	Parameter CLKFBOUT_PHASE bound to: 0.000000 - type: double 
	Parameter CLKFBOUT_USE_FINE_PS bound to: FALSE - type: string 
	Parameter CLKIN1_PERIOD bound to: 8.000000 - type: double 
	Parameter CLKOUT0_DIVIDE_F bound to: 24.000000 - type: double 
	Parameter CLKOUT0_DUTY_CYCLE bound to: 0.500000 - type: double 
	Parameter CLKOUT0_PHASE bound to: 0.000000 - type: double 
	Parameter CLKOUT0_USE_FINE_PS bound to: FALSE - type: string 
	Parameter CLKOUT4_CASCADE bound to: FALSE - type: string 
	Parameter COMPENSATION bound to: AUTO - type: string 
	Parameter DIVCLK_DIVIDE bound to: 5 - type: integer 
	Parameter STARTUP_WAIT bound to: FALSE - type: string 
INFO: [Synth 8-6155] done synthesizing module 'MMCME4_ADV' (48#1) [E:/PRO_APP/xilinx/Vivado/2021.2/scripts/rt/data/unisim_comp.v:63903]
INFO: [Synth 8-6157] synthesizing module 'BUFG' [E:/PRO_APP/xilinx/Vivado/2021.2/scripts/rt/data/unisim_comp.v:1083]
INFO: [Synth 8-6155] done synthesizing module 'BUFG' (49#1) [E:/PRO_APP/xilinx/Vivado/2021.2/scripts/rt/data/unisim_comp.v:1083]
INFO: [Synth 8-6155] done synthesizing module 'harnessSysPLL_clk_wiz' (50#1) [z:/root/chipyard/fpga/generated-src/chipyard.fpga.zcu104.ZCU104FPGATestHarness.RocketZCU104JLinkDiagFullPSLPDConfig/obj/ip/harnessSysPLL/harnessSysPLL_clk_wiz.v:68]
INFO: [Synth 8-6155] done synthesizing module 'harnessSysPLL' (51#1) [z:/root/chipyard/fpga/generated-src/chipyard.fpga.zcu104.ZCU104FPGATestHarness.RocketZCU104JLinkDiagFullPSLPDConfig/obj/ip/harnessSysPLL/harnessSysPLL.v:70]
INFO: [Synth 8-6157] synthesizing module 'IBUFDS' [E:/PRO_APP/xilinx/Vivado/2021.2/scripts/rt/data/unisim_comp.v:55219]
	Parameter CAPACITANCE bound to: DONT_CARE - type: string 
	Parameter DIFF_TERM bound to: FALSE - type: string 
	Parameter DQS_BIAS bound to: FALSE - type: string 
	Parameter IBUF_DELAY_VALUE bound to: 0 - type: integer 
	Parameter IBUF_LOW_PWR bound to: TRUE - type: string 
	Parameter IFD_DELAY_VALUE bound to: AUTO - type: string 
	Parameter IOSTANDARD bound to: DEFAULT - type: string 
INFO: [Synth 8-6155] done synthesizing module 'IBUFDS' (52#1) [E:/PRO_APP/xilinx/Vivado/2021.2/scripts/rt/data/unisim_comp.v:55219]
INFO: [Synth 8-6157] synthesizing module 'UIntToAnalog_1' [Z:/root/chipyard/fpga/generated-src/chipyard.fpga.zcu104.ZCU104FPGATestHarness.RocketZCU104JLinkDiagFullPSLPDConfig/gen-collateral/UIntToAnalog_1.v:1]
INFO: [Synth 8-6155] done synthesizing module 'UIntToAnalog_1' (53#1) [Z:/root/chipyard/fpga/generated-src/chipyard.fpga.zcu104.ZCU104FPGATestHarness.RocketZCU104JLinkDiagFullPSLPDConfig/gen-collateral/UIntToAnalog_1.v:1]
INFO: [Synth 8-6157] synthesizing module 'AnalogToUInt_1' [Z:/root/chipyard/fpga/generated-src/chipyard.fpga.zcu104.ZCU104FPGATestHarness.RocketZCU104JLinkDiagFullPSLPDConfig/gen-collateral/AnalogToUInt_1.v:1]
INFO: [Synth 8-6155] done synthesizing module 'AnalogToUInt_1' (54#1) [Z:/root/chipyard/fpga/generated-src/chipyard.fpga.zcu104.ZCU104FPGATestHarness.RocketZCU104JLinkDiagFullPSLPDConfig/gen-collateral/AnalogToUInt_1.v:1]
INFO: [Synth 8-6157] synthesizing module 'PowerOnResetFPGAOnly' [Z:/root/chipyard/fpga/generated-src/chipyard.fpga.zcu104.ZCU104FPGATestHarness.RocketZCU104JLinkDiagFullPSLPDConfig/gen-collateral/PowerOnResetFPGAOnly.v:2]
INFO: [Synth 8-6155] done synthesizing module 'PowerOnResetFPGAOnly' (55#1) [Z:/root/chipyard/fpga/generated-src/chipyard.fpga.zcu104.ZCU104FPGATestHarness.RocketZCU104JLinkDiagFullPSLPDConfig/gen-collateral/PowerOnResetFPGAOnly.v:2]
INFO: [Synth 8-6157] synthesizing module 'ChipTop' [Z:/root/chipyard/fpga/generated-src/chipyard.fpga.zcu104.ZCU104FPGATestHarness.RocketZCU104JLinkDiagFullPSLPDConfig/gen-collateral/ChipTop.sv:46]
INFO: [Synth 8-6157] synthesizing module 'DigitalTop' [Z:/root/chipyard/fpga/generated-src/chipyard.fpga.zcu104.ZCU104FPGATestHarness.RocketZCU104JLinkDiagFullPSLPDConfig/gen-collateral/DigitalTop.sv:46]
INFO: [Synth 8-6157] synthesizing module 'IntXbar_i4_o1' [Z:/root/chipyard/fpga/generated-src/chipyard.fpga.zcu104.ZCU104FPGATestHarness.RocketZCU104JLinkDiagFullPSLPDConfig/gen-collateral/IntXbar_i4_o1.sv:2]
INFO: [Synth 8-6155] done synthesizing module 'IntXbar_i4_o1' (56#1) [Z:/root/chipyard/fpga/generated-src/chipyard.fpga.zcu104.ZCU104FPGATestHarness.RocketZCU104JLinkDiagFullPSLPDConfig/gen-collateral/IntXbar_i4_o1.sv:2]
INFO: [Synth 8-6157] synthesizing module 'SystemBus' [Z:/root/chipyard/fpga/generated-src/chipyard.fpga.zcu104.ZCU104FPGATestHarness.RocketZCU104JLinkDiagFullPSLPDConfig/gen-collateral/SystemBus.sv:2]
INFO: [Synth 8-6157] synthesizing module 'FixedClockBroadcast_5' [Z:/root/chipyard/fpga/generated-src/chipyard.fpga.zcu104.ZCU104FPGATestHarness.RocketZCU104JLinkDiagFullPSLPDConfig/gen-collateral/FixedClockBroadcast_5.sv:2]
INFO: [Synth 8-6155] done synthesizing module 'FixedClockBroadcast_5' (57#1) [Z:/root/chipyard/fpga/generated-src/chipyard.fpga.zcu104.ZCU104FPGATestHarness.RocketZCU104JLinkDiagFullPSLPDConfig/gen-collateral/FixedClockBroadcast_5.sv:2]
INFO: [Synth 8-6157] synthesizing module 'TLXbar_sbus_i2_o3_a32d64s3k3z4c' [Z:/root/chipyard/fpga/generated-src/chipyard.fpga.zcu104.ZCU104FPGATestHarness.RocketZCU104JLinkDiagFullPSLPDConfig/gen-collateral/TLXbar_sbus_i2_o3_a32d64s3k3z4c.sv:64]
INFO: [Synth 8-6155] done synthesizing module 'TLXbar_sbus_i2_o3_a32d64s3k3z4c' (58#1) [Z:/root/chipyard/fpga/generated-src/chipyard.fpga.zcu104.ZCU104FPGATestHarness.RocketZCU104JLinkDiagFullPSLPDConfig/gen-collateral/TLXbar_sbus_i2_o3_a32d64s3k3z4c.sv:64]
INFO: [Synth 8-6157] synthesizing module 'TLInterconnectCoupler_sbus_to_port_named_mmio_port_axi4' [Z:/root/chipyard/fpga/generated-src/chipyard.fpga.zcu104.ZCU104FPGATestHarness.RocketZCU104JLinkDiagFullPSLPDConfig/gen-collateral/TLInterconnectCoupler_sbus_to_port_named_mmio_port_axi4.sv:2]
INFO: [Synth 8-6157] synthesizing module 'AXI4Buffer' [Z:/root/chipyard/fpga/generated-src/chipyard.fpga.zcu104.ZCU104FPGATestHarness.RocketZCU104JLinkDiagFullPSLPDConfig/gen-collateral/AXI4Buffer.sv:2]
INFO: [Synth 8-6157] synthesizing module 'Queue2_AXI4BundleAW' [Z:/root/chipyard/fpga/generated-src/chipyard.fpga.zcu104.ZCU104FPGATestHarness.RocketZCU104JLinkDiagFullPSLPDConfig/gen-collateral/Queue2_AXI4BundleAW.sv:59]
INFO: [Synth 8-6157] synthesizing module 'ram_2x60' [Z:/root/chipyard/fpga/generated-src/chipyard.fpga.zcu104.ZCU104FPGATestHarness.RocketZCU104JLinkDiagFullPSLPDConfig/gen-collateral/ram_2x60.sv:3]
INFO: [Synth 8-6155] done synthesizing module 'ram_2x60' (59#1) [Z:/root/chipyard/fpga/generated-src/chipyard.fpga.zcu104.ZCU104FPGATestHarness.RocketZCU104JLinkDiagFullPSLPDConfig/gen-collateral/ram_2x60.sv:3]
INFO: [Synth 8-6155] done synthesizing module 'Queue2_AXI4BundleAW' (60#1) [Z:/root/chipyard/fpga/generated-src/chipyard.fpga.zcu104.ZCU104FPGATestHarness.RocketZCU104JLinkDiagFullPSLPDConfig/gen-collateral/Queue2_AXI4BundleAW.sv:59]
INFO: [Synth 8-6157] synthesizing module 'Queue2_AXI4BundleW' [Z:/root/chipyard/fpga/generated-src/chipyard.fpga.zcu104.ZCU104FPGATestHarness.RocketZCU104JLinkDiagFullPSLPDConfig/gen-collateral/Queue2_AXI4BundleW.sv:59]
INFO: [Synth 8-6157] synthesizing module 'ram_2x37' [Z:/root/chipyard/fpga/generated-src/chipyard.fpga.zcu104.ZCU104FPGATestHarness.RocketZCU104JLinkDiagFullPSLPDConfig/gen-collateral/ram_2x37.sv:3]
INFO: [Synth 8-6155] done synthesizing module 'ram_2x37' (61#1) [Z:/root/chipyard/fpga/generated-src/chipyard.fpga.zcu104.ZCU104FPGATestHarness.RocketZCU104JLinkDiagFullPSLPDConfig/gen-collateral/ram_2x37.sv:3]
INFO: [Synth 8-6155] done synthesizing module 'Queue2_AXI4BundleW' (62#1) [Z:/root/chipyard/fpga/generated-src/chipyard.fpga.zcu104.ZCU104FPGATestHarness.RocketZCU104JLinkDiagFullPSLPDConfig/gen-collateral/Queue2_AXI4BundleW.sv:59]
INFO: [Synth 8-6157] synthesizing module 'Queue2_AXI4BundleB' [Z:/root/chipyard/fpga/generated-src/chipyard.fpga.zcu104.ZCU104FPGATestHarness.RocketZCU104JLinkDiagFullPSLPDConfig/gen-collateral/Queue2_AXI4BundleB.sv:59]
INFO: [Synth 8-6157] synthesizing module 'ram_2x6' [Z:/root/chipyard/fpga/generated-src/chipyard.fpga.zcu104.ZCU104FPGATestHarness.RocketZCU104JLinkDiagFullPSLPDConfig/gen-collateral/ram_2x6.sv:3]
INFO: [Synth 8-6155] done synthesizing module 'ram_2x6' (63#1) [Z:/root/chipyard/fpga/generated-src/chipyard.fpga.zcu104.ZCU104FPGATestHarness.RocketZCU104JLinkDiagFullPSLPDConfig/gen-collateral/ram_2x6.sv:3]
INFO: [Synth 8-6155] done synthesizing module 'Queue2_AXI4BundleB' (64#1) [Z:/root/chipyard/fpga/generated-src/chipyard.fpga.zcu104.ZCU104FPGATestHarness.RocketZCU104JLinkDiagFullPSLPDConfig/gen-collateral/Queue2_AXI4BundleB.sv:59]
INFO: [Synth 8-6157] synthesizing module 'Queue2_AXI4BundleAR' [Z:/root/chipyard/fpga/generated-src/chipyard.fpga.zcu104.ZCU104FPGATestHarness.RocketZCU104JLinkDiagFullPSLPDConfig/gen-collateral/Queue2_AXI4BundleAR.sv:59]
INFO: [Synth 8-6155] done synthesizing module 'Queue2_AXI4BundleAR' (65#1) [Z:/root/chipyard/fpga/generated-src/chipyard.fpga.zcu104.ZCU104FPGATestHarness.RocketZCU104JLinkDiagFullPSLPDConfig/gen-collateral/Queue2_AXI4BundleAR.sv:59]
INFO: [Synth 8-6157] synthesizing module 'Queue2_AXI4BundleR' [Z:/root/chipyard/fpga/generated-src/chipyard.fpga.zcu104.ZCU104FPGATestHarness.RocketZCU104JLinkDiagFullPSLPDConfig/gen-collateral/Queue2_AXI4BundleR.sv:59]
INFO: [Synth 8-6157] synthesizing module 'ram_2x39' [Z:/root/chipyard/fpga/generated-src/chipyard.fpga.zcu104.ZCU104FPGATestHarness.RocketZCU104JLinkDiagFullPSLPDConfig/gen-collateral/ram_2x39.sv:3]
INFO: [Synth 8-6155] done synthesizing module 'ram_2x39' (66#1) [Z:/root/chipyard/fpga/generated-src/chipyard.fpga.zcu104.ZCU104FPGATestHarness.RocketZCU104JLinkDiagFullPSLPDConfig/gen-collateral/ram_2x39.sv:3]
INFO: [Synth 8-6155] done synthesizing module 'Queue2_AXI4BundleR' (67#1) [Z:/root/chipyard/fpga/generated-src/chipyard.fpga.zcu104.ZCU104FPGATestHarness.RocketZCU104JLinkDiagFullPSLPDConfig/gen-collateral/Queue2_AXI4BundleR.sv:59]
INFO: [Synth 8-6155] done synthesizing module 'AXI4Buffer' (68#1) [Z:/root/chipyard/fpga/generated-src/chipyard.fpga.zcu104.ZCU104FPGATestHarness.RocketZCU104JLinkDiagFullPSLPDConfig/gen-collateral/AXI4Buffer.sv:2]
INFO: [Synth 8-6157] synthesizing module 'AXI4UserYanker_1' [Z:/root/chipyard/fpga/generated-src/chipyard.fpga.zcu104.ZCU104FPGATestHarness.RocketZCU104JLinkDiagFullPSLPDConfig/gen-collateral/AXI4UserYanker_1.sv:20]
INFO: [Synth 8-6157] synthesizing module 'Queue1_BundleMap_32' [Z:/root/chipyard/fpga/generated-src/chipyard.fpga.zcu104.ZCU104FPGATestHarness.RocketZCU104JLinkDiagFullPSLPDConfig/gen-collateral/Queue1_BundleMap_32.sv:46]
INFO: [Synth 8-6155] done synthesizing module 'Queue1_BundleMap_32' (69#1) [Z:/root/chipyard/fpga/generated-src/chipyard.fpga.zcu104.ZCU104FPGATestHarness.RocketZCU104JLinkDiagFullPSLPDConfig/gen-collateral/Queue1_BundleMap_32.sv:46]
INFO: [Synth 8-6155] done synthesizing module 'AXI4UserYanker_1' (70#1) [Z:/root/chipyard/fpga/generated-src/chipyard.fpga.zcu104.ZCU104FPGATestHarness.RocketZCU104JLinkDiagFullPSLPDConfig/gen-collateral/AXI4UserYanker_1.sv:20]
INFO: [Synth 8-6157] synthesizing module 'AXI4Deinterleaver_1' [Z:/root/chipyard/fpga/generated-src/chipyard.fpga.zcu104.ZCU104FPGATestHarness.RocketZCU104JLinkDiagFullPSLPDConfig/gen-collateral/AXI4Deinterleaver_1.sv:64]
INFO: [Synth 8-6157] synthesizing module 'Queue16_AXI4BundleR' [Z:/root/chipyard/fpga/generated-src/chipyard.fpga.zcu104.ZCU104FPGATestHarness.RocketZCU104JLinkDiagFullPSLPDConfig/gen-collateral/Queue16_AXI4BundleR.sv:59]
INFO: [Synth 8-6157] synthesizing module 'ram_16x46' [Z:/root/chipyard/fpga/generated-src/chipyard.fpga.zcu104.ZCU104FPGATestHarness.RocketZCU104JLinkDiagFullPSLPDConfig/gen-collateral/ram_16x46.sv:3]
INFO: [Synth 8-6155] done synthesizing module 'ram_16x46' (71#1) [Z:/root/chipyard/fpga/generated-src/chipyard.fpga.zcu104.ZCU104FPGATestHarness.RocketZCU104JLinkDiagFullPSLPDConfig/gen-collateral/ram_16x46.sv:3]
INFO: [Synth 8-6155] done synthesizing module 'Queue16_AXI4BundleR' (72#1) [Z:/root/chipyard/fpga/generated-src/chipyard.fpga.zcu104.ZCU104FPGATestHarness.RocketZCU104JLinkDiagFullPSLPDConfig/gen-collateral/Queue16_AXI4BundleR.sv:59]
INFO: [Synth 8-6155] done synthesizing module 'AXI4Deinterleaver_1' (73#1) [Z:/root/chipyard/fpga/generated-src/chipyard.fpga.zcu104.ZCU104FPGATestHarness.RocketZCU104JLinkDiagFullPSLPDConfig/gen-collateral/AXI4Deinterleaver_1.sv:64]
INFO: [Synth 8-6157] synthesizing module 'AXI4IdIndexer_1' [Z:/root/chipyard/fpga/generated-src/chipyard.fpga.zcu104.ZCU104FPGATestHarness.RocketZCU104JLinkDiagFullPSLPDConfig/gen-collateral/AXI4IdIndexer_1.sv:2]
INFO: [Synth 8-6155] done synthesizing module 'AXI4IdIndexer_1' (74#1) [Z:/root/chipyard/fpga/generated-src/chipyard.fpga.zcu104.ZCU104FPGATestHarness.RocketZCU104JLinkDiagFullPSLPDConfig/gen-collateral/AXI4IdIndexer_1.sv:2]
INFO: [Synth 8-6157] synthesizing module 'TLToAXI4_1' [Z:/root/chipyard/fpga/generated-src/chipyard.fpga.zcu104.ZCU104FPGATestHarness.RocketZCU104JLinkDiagFullPSLPDConfig/gen-collateral/TLToAXI4_1.sv:64]
INFO: [Synth 8-6157] synthesizing module 'Queue1_AXI4BundleW_1' [Z:/root/chipyard/fpga/generated-src/chipyard.fpga.zcu104.ZCU104FPGATestHarness.RocketZCU104JLinkDiagFullPSLPDConfig/gen-collateral/Queue1_AXI4BundleW_1.sv:46]
INFO: [Synth 8-6155] done synthesizing module 'Queue1_AXI4BundleW_1' (75#1) [Z:/root/chipyard/fpga/generated-src/chipyard.fpga.zcu104.ZCU104FPGATestHarness.RocketZCU104JLinkDiagFullPSLPDConfig/gen-collateral/Queue1_AXI4BundleW_1.sv:46]
INFO: [Synth 8-6157] synthesizing module 'Queue1_AXI4BundleARW_1' [Z:/root/chipyard/fpga/generated-src/chipyard.fpga.zcu104.ZCU104FPGATestHarness.RocketZCU104JLinkDiagFullPSLPDConfig/gen-collateral/Queue1_AXI4BundleARW_1.sv:46]
INFO: [Synth 8-6155] done synthesizing module 'Queue1_AXI4BundleARW_1' (76#1) [Z:/root/chipyard/fpga/generated-src/chipyard.fpga.zcu104.ZCU104FPGATestHarness.RocketZCU104JLinkDiagFullPSLPDConfig/gen-collateral/Queue1_AXI4BundleARW_1.sv:46]
INFO: [Synth 8-6155] done synthesizing module 'TLToAXI4_1' (77#1) [Z:/root/chipyard/fpga/generated-src/chipyard.fpga.zcu104.ZCU104FPGATestHarness.RocketZCU104JLinkDiagFullPSLPDConfig/gen-collateral/TLToAXI4_1.sv:64]
INFO: [Synth 8-6157] synthesizing module 'TLWidthWidget8_4' [Z:/root/chipyard/fpga/generated-src/chipyard.fpga.zcu104.ZCU104FPGATestHarness.RocketZCU104JLinkDiagFullPSLPDConfig/gen-collateral/TLWidthWidget8_4.sv:46]
INFO: [Synth 8-6157] synthesizing module 'Repeater_TLBundleA_a31d64s3k1z4u' [Z:/root/chipyard/fpga/generated-src/chipyard.fpga.zcu104.ZCU104FPGATestHarness.RocketZCU104JLinkDiagFullPSLPDConfig/gen-collateral/Repeater_TLBundleA_a31d64s3k1z4u.sv:46]
INFO: [Synth 8-6155] done synthesizing module 'Repeater_TLBundleA_a31d64s3k1z4u' (78#1) [Z:/root/chipyard/fpga/generated-src/chipyard.fpga.zcu104.ZCU104FPGATestHarness.RocketZCU104JLinkDiagFullPSLPDConfig/gen-collateral/Repeater_TLBundleA_a31d64s3k1z4u.sv:46]
INFO: [Synth 8-6155] done synthesizing module 'TLWidthWidget8_4' (79#1) [Z:/root/chipyard/fpga/generated-src/chipyard.fpga.zcu104.ZCU104FPGATestHarness.RocketZCU104JLinkDiagFullPSLPDConfig/gen-collateral/TLWidthWidget8_4.sv:46]
INFO: [Synth 8-6155] done synthesizing module 'TLInterconnectCoupler_sbus_to_port_named_mmio_port_axi4' (80#1) [Z:/root/chipyard/fpga/generated-src/chipyard.fpga.zcu104.ZCU104FPGATestHarness.RocketZCU104JLinkDiagFullPSLPDConfig/gen-collateral/TLInterconnectCoupler_sbus_to_port_named_mmio_port_axi4.sv:2]
INFO: [Synth 8-6155] done synthesizing module 'SystemBus' (81#1) [Z:/root/chipyard/fpga/generated-src/chipyard.fpga.zcu104.ZCU104FPGATestHarness.RocketZCU104JLinkDiagFullPSLPDConfig/gen-collateral/SystemBus.sv:2]
INFO: [Synth 8-6157] synthesizing module 'PeripheryBus_pbus' [Z:/root/chipyard/fpga/generated-src/chipyard.fpga.zcu104.ZCU104FPGATestHarness.RocketZCU104JLinkDiagFullPSLPDConfig/gen-collateral/PeripheryBus_pbus.sv:46]
INFO: [Synth 8-6157] synthesizing module 'TLXbar_pbus_out_i1_o5_a31d64s4k1z3u' [Z:/root/chipyard/fpga/generated-src/chipyard.fpga.zcu104.ZCU104FPGATestHarness.RocketZCU104JLinkDiagFullPSLPDConfig/gen-collateral/TLXbar_pbus_out_i1_o5_a31d64s4k1z3u.sv:64]
INFO: [Synth 8-6155] done synthesizing module 'TLXbar_pbus_out_i1_o5_a31d64s4k1z3u' (82#1) [Z:/root/chipyard/fpga/generated-src/chipyard.fpga.zcu104.ZCU104FPGATestHarness.RocketZCU104JLinkDiagFullPSLPDConfig/gen-collateral/TLXbar_pbus_out_i1_o5_a31d64s4k1z3u.sv:64]
INFO: [Synth 8-6157] synthesizing module 'TLBuffer_a31d64s4k1z3u' [Z:/root/chipyard/fpga/generated-src/chipyard.fpga.zcu104.ZCU104FPGATestHarness.RocketZCU104JLinkDiagFullPSLPDConfig/gen-collateral/TLBuffer_a31d64s4k1z3u.sv:2]
INFO: [Synth 8-6157] synthesizing module 'Queue2_TLBundleA_a31d64s4k1z3u' [Z:/root/chipyard/fpga/generated-src/chipyard.fpga.zcu104.ZCU104FPGATestHarness.RocketZCU104JLinkDiagFullPSLPDConfig/gen-collateral/Queue2_TLBundleA_a31d64s4k1z3u.sv:59]
INFO: [Synth 8-6157] synthesizing module 'ram_2x117' [Z:/root/chipyard/fpga/generated-src/chipyard.fpga.zcu104.ZCU104FPGATestHarness.RocketZCU104JLinkDiagFullPSLPDConfig/gen-collateral/ram_2x117.sv:3]
INFO: [Synth 8-6155] done synthesizing module 'ram_2x117' (83#1) [Z:/root/chipyard/fpga/generated-src/chipyard.fpga.zcu104.ZCU104FPGATestHarness.RocketZCU104JLinkDiagFullPSLPDConfig/gen-collateral/ram_2x117.sv:3]
INFO: [Synth 8-6155] done synthesizing module 'Queue2_TLBundleA_a31d64s4k1z3u' (84#1) [Z:/root/chipyard/fpga/generated-src/chipyard.fpga.zcu104.ZCU104FPGATestHarness.RocketZCU104JLinkDiagFullPSLPDConfig/gen-collateral/Queue2_TLBundleA_a31d64s4k1z3u.sv:59]
INFO: [Synth 8-6157] synthesizing module 'Queue2_TLBundleD_a31d64s4k1z3u' [Z:/root/chipyard/fpga/generated-src/chipyard.fpga.zcu104.ZCU104FPGATestHarness.RocketZCU104JLinkDiagFullPSLPDConfig/gen-collateral/Queue2_TLBundleD_a31d64s4k1z3u.sv:59]
INFO: [Synth 8-6157] synthesizing module 'ram_2x79' [Z:/root/chipyard/fpga/generated-src/chipyard.fpga.zcu104.ZCU104FPGATestHarness.RocketZCU104JLinkDiagFullPSLPDConfig/gen-collateral/ram_2x79.sv:3]
INFO: [Synth 8-6155] done synthesizing module 'ram_2x79' (85#1) [Z:/root/chipyard/fpga/generated-src/chipyard.fpga.zcu104.ZCU104FPGATestHarness.RocketZCU104JLinkDiagFullPSLPDConfig/gen-collateral/ram_2x79.sv:3]
INFO: [Synth 8-6155] done synthesizing module 'Queue2_TLBundleD_a31d64s4k1z3u' (86#1) [Z:/root/chipyard/fpga/generated-src/chipyard.fpga.zcu104.ZCU104FPGATestHarness.RocketZCU104JLinkDiagFullPSLPDConfig/gen-collateral/Queue2_TLBundleD_a31d64s4k1z3u.sv:59]
INFO: [Synth 8-6155] done synthesizing module 'TLBuffer_a31d64s4k1z3u' (87#1) [Z:/root/chipyard/fpga/generated-src/chipyard.fpga.zcu104.ZCU104FPGATestHarness.RocketZCU104JLinkDiagFullPSLPDConfig/gen-collateral/TLBuffer_a31d64s4k1z3u.sv:2]
INFO: [Synth 8-6157] synthesizing module 'TLAtomicAutomata_pbus' [Z:/root/chipyard/fpga/generated-src/chipyard.fpga.zcu104.ZCU104FPGATestHarness.RocketZCU104JLinkDiagFullPSLPDConfig/gen-collateral/TLAtomicAutomata_pbus.sv:64]
INFO: [Synth 8-6155] done synthesizing module 'TLAtomicAutomata_pbus' (88#1) [Z:/root/chipyard/fpga/generated-src/chipyard.fpga.zcu104.ZCU104FPGATestHarness.RocketZCU104JLinkDiagFullPSLPDConfig/gen-collateral/TLAtomicAutomata_pbus.sv:64]
INFO: [Synth 8-6157] synthesizing module 'TLInterconnectCoupler_pbus_to_bootaddressreg' [Z:/root/chipyard/fpga/generated-src/chipyard.fpga.zcu104.ZCU104FPGATestHarness.RocketZCU104JLinkDiagFullPSLPDConfig/gen-collateral/TLInterconnectCoupler_pbus_to_bootaddressreg.sv:2]
INFO: [Synth 8-6157] synthesizing module 'TLFragmenter_BootAddrReg' [Z:/root/chipyard/fpga/generated-src/chipyard.fpga.zcu104.ZCU104FPGATestHarness.RocketZCU104JLinkDiagFullPSLPDConfig/gen-collateral/TLFragmenter_BootAddrReg.sv:64]
INFO: [Synth 8-6157] synthesizing module 'Repeater_TLBundleA_a13d64s4k1z3u' [Z:/root/chipyard/fpga/generated-src/chipyard.fpga.zcu104.ZCU104FPGATestHarness.RocketZCU104JLinkDiagFullPSLPDConfig/gen-collateral/Repeater_TLBundleA_a13d64s4k1z3u.sv:46]
INFO: [Synth 8-6155] done synthesizing module 'Repeater_TLBundleA_a13d64s4k1z3u' (89#1) [Z:/root/chipyard/fpga/generated-src/chipyard.fpga.zcu104.ZCU104FPGATestHarness.RocketZCU104JLinkDiagFullPSLPDConfig/gen-collateral/Repeater_TLBundleA_a13d64s4k1z3u.sv:46]
INFO: [Synth 8-6155] done synthesizing module 'TLFragmenter_BootAddrReg' (90#1) [Z:/root/chipyard/fpga/generated-src/chipyard.fpga.zcu104.ZCU104FPGATestHarness.RocketZCU104JLinkDiagFullPSLPDConfig/gen-collateral/TLFragmenter_BootAddrReg.sv:64]
INFO: [Synth 8-6155] done synthesizing module 'TLInterconnectCoupler_pbus_to_bootaddressreg' (91#1) [Z:/root/chipyard/fpga/generated-src/chipyard.fpga.zcu104.ZCU104FPGATestHarness.RocketZCU104JLinkDiagFullPSLPDConfig/gen-collateral/TLInterconnectCoupler_pbus_to_bootaddressreg.sv:2]
INFO: [Synth 8-6157] synthesizing module 'TLInterconnectCoupler_pbus_to_device_named_uart_0' [Z:/root/chipyard/fpga/generated-src/chipyard.fpga.zcu104.ZCU104FPGATestHarness.RocketZCU104JLinkDiagFullPSLPDConfig/gen-collateral/TLInterconnectCoupler_pbus_to_device_named_uart_0.sv:2]
INFO: [Synth 8-6157] synthesizing module 'TLFragmenter_UART' [Z:/root/chipyard/fpga/generated-src/chipyard.fpga.zcu104.ZCU104FPGATestHarness.RocketZCU104JLinkDiagFullPSLPDConfig/gen-collateral/TLFragmenter_UART.sv:64]
INFO: [Synth 8-6157] synthesizing module 'Repeater_TLBundleA_a31d64s4k1z3u' [Z:/root/chipyard/fpga/generated-src/chipyard.fpga.zcu104.ZCU104FPGATestHarness.RocketZCU104JLinkDiagFullPSLPDConfig/gen-collateral/Repeater_TLBundleA_a31d64s4k1z3u.sv:46]
INFO: [Synth 8-6155] done synthesizing module 'Repeater_TLBundleA_a31d64s4k1z3u' (92#1) [Z:/root/chipyard/fpga/generated-src/chipyard.fpga.zcu104.ZCU104FPGATestHarness.RocketZCU104JLinkDiagFullPSLPDConfig/gen-collateral/Repeater_TLBundleA_a31d64s4k1z3u.sv:46]
INFO: [Synth 8-6155] done synthesizing module 'TLFragmenter_UART' (93#1) [Z:/root/chipyard/fpga/generated-src/chipyard.fpga.zcu104.ZCU104FPGATestHarness.RocketZCU104JLinkDiagFullPSLPDConfig/gen-collateral/TLFragmenter_UART.sv:64]
INFO: [Synth 8-6155] done synthesizing module 'TLInterconnectCoupler_pbus_to_device_named_uart_0' (94#1) [Z:/root/chipyard/fpga/generated-src/chipyard.fpga.zcu104.ZCU104FPGATestHarness.RocketZCU104JLinkDiagFullPSLPDConfig/gen-collateral/TLInterconnectCoupler_pbus_to_device_named_uart_0.sv:2]
INFO: [Synth 8-6157] synthesizing module 'TLInterconnectCoupler_pbus_to_device_named_uart_1' [Z:/root/chipyard/fpga/generated-src/chipyard.fpga.zcu104.ZCU104FPGATestHarness.RocketZCU104JLinkDiagFullPSLPDConfig/gen-collateral/TLInterconnectCoupler_pbus_to_device_named_uart_1.sv:2]
INFO: [Synth 8-6155] done synthesizing module 'TLInterconnectCoupler_pbus_to_device_named_uart_1' (95#1) [Z:/root/chipyard/fpga/generated-src/chipyard.fpga.zcu104.ZCU104FPGATestHarness.RocketZCU104JLinkDiagFullPSLPDConfig/gen-collateral/TLInterconnectCoupler_pbus_to_device_named_uart_1.sv:2]
INFO: [Synth 8-6157] synthesizing module 'TLInterconnectCoupler_pbus_to_device_named_gpio_0' [Z:/root/chipyard/fpga/generated-src/chipyard.fpga.zcu104.ZCU104FPGATestHarness.RocketZCU104JLinkDiagFullPSLPDConfig/gen-collateral/TLInterconnectCoupler_pbus_to_device_named_gpio_0.sv:2]
INFO: [Synth 8-6157] synthesizing module 'TLFragmenter' [Z:/root/chipyard/fpga/generated-src/chipyard.fpga.zcu104.ZCU104FPGATestHarness.RocketZCU104JLinkDiagFullPSLPDConfig/gen-collateral/TLFragmenter.sv:64]
INFO: [Synth 8-6155] done synthesizing module 'TLFragmenter' (96#1) [Z:/root/chipyard/fpga/generated-src/chipyard.fpga.zcu104.ZCU104FPGATestHarness.RocketZCU104JLinkDiagFullPSLPDConfig/gen-collateral/TLFragmenter.sv:64]
INFO: [Synth 8-6155] done synthesizing module 'TLInterconnectCoupler_pbus_to_device_named_gpio_0' (97#1) [Z:/root/chipyard/fpga/generated-src/chipyard.fpga.zcu104.ZCU104FPGATestHarness.RocketZCU104JLinkDiagFullPSLPDConfig/gen-collateral/TLInterconnectCoupler_pbus_to_device_named_gpio_0.sv:2]
INFO: [Synth 8-6157] synthesizing module 'TLInterconnectCoupler_pbus_to_device_named_spi_0' [Z:/root/chipyard/fpga/generated-src/chipyard.fpga.zcu104.ZCU104FPGATestHarness.RocketZCU104JLinkDiagFullPSLPDConfig/gen-collateral/TLInterconnectCoupler_pbus_to_device_named_spi_0.sv:2]
INFO: [Synth 8-6155] done synthesizing module 'TLInterconnectCoupler_pbus_to_device_named_spi_0' (98#1) [Z:/root/chipyard/fpga/generated-src/chipyard.fpga.zcu104.ZCU104FPGATestHarness.RocketZCU104JLinkDiagFullPSLPDConfig/gen-collateral/TLInterconnectCoupler_pbus_to_device_named_spi_0.sv:2]
INFO: [Synth 8-6155] done synthesizing module 'PeripheryBus_pbus' (99#1) [Z:/root/chipyard/fpga/generated-src/chipyard.fpga.zcu104.ZCU104FPGATestHarness.RocketZCU104JLinkDiagFullPSLPDConfig/gen-collateral/PeripheryBus_pbus.sv:46]
INFO: [Synth 8-6157] synthesizing module 'TLBuffer_a32d64s1k3z4u' [Z:/root/chipyard/fpga/generated-src/chipyard.fpga.zcu104.ZCU104FPGATestHarness.RocketZCU104JLinkDiagFullPSLPDConfig/gen-collateral/TLBuffer_a32d64s1k3z4u.sv:2]
INFO: [Synth 8-6157] synthesizing module 'Queue2_TLBundleA_a32d64s1k3z4u' [Z:/root/chipyard/fpga/generated-src/chipyard.fpga.zcu104.ZCU104FPGATestHarness.RocketZCU104JLinkDiagFullPSLPDConfig/gen-collateral/Queue2_TLBundleA_a32d64s1k3z4u.sv:59]
INFO: [Synth 8-6157] synthesizing module 'ram_2x123' [Z:/root/chipyard/fpga/generated-src/chipyard.fpga.zcu104.ZCU104FPGATestHarness.RocketZCU104JLinkDiagFullPSLPDConfig/gen-collateral/ram_2x123.sv:3]
INFO: [Synth 8-6155] done synthesizing module 'ram_2x123' (100#1) [Z:/root/chipyard/fpga/generated-src/chipyard.fpga.zcu104.ZCU104FPGATestHarness.RocketZCU104JLinkDiagFullPSLPDConfig/gen-collateral/ram_2x123.sv:3]
INFO: [Synth 8-6155] done synthesizing module 'Queue2_TLBundleA_a32d64s1k3z4u' (101#1) [Z:/root/chipyard/fpga/generated-src/chipyard.fpga.zcu104.ZCU104FPGATestHarness.RocketZCU104JLinkDiagFullPSLPDConfig/gen-collateral/Queue2_TLBundleA_a32d64s1k3z4u.sv:59]
INFO: [Synth 8-6157] synthesizing module 'Queue2_TLBundleD_a32d64s1k3z4u' [Z:/root/chipyard/fpga/generated-src/chipyard.fpga.zcu104.ZCU104FPGATestHarness.RocketZCU104JLinkDiagFullPSLPDConfig/gen-collateral/Queue2_TLBundleD_a32d64s1k3z4u.sv:59]
INFO: [Synth 8-6157] synthesizing module 'ram_2x78' [Z:/root/chipyard/fpga/generated-src/chipyard.fpga.zcu104.ZCU104FPGATestHarness.RocketZCU104JLinkDiagFullPSLPDConfig/gen-collateral/ram_2x78.sv:3]
INFO: [Synth 8-6155] done synthesizing module 'ram_2x78' (102#1) [Z:/root/chipyard/fpga/generated-src/chipyard.fpga.zcu104.ZCU104FPGATestHarness.RocketZCU104JLinkDiagFullPSLPDConfig/gen-collateral/ram_2x78.sv:3]
INFO: [Synth 8-6155] done synthesizing module 'Queue2_TLBundleD_a32d64s1k3z4u' (103#1) [Z:/root/chipyard/fpga/generated-src/chipyard.fpga.zcu104.ZCU104FPGATestHarness.RocketZCU104JLinkDiagFullPSLPDConfig/gen-collateral/Queue2_TLBundleD_a32d64s1k3z4u.sv:59]
INFO: [Synth 8-6155] done synthesizing module 'TLBuffer_a32d64s1k3z4u' (104#1) [Z:/root/chipyard/fpga/generated-src/chipyard.fpga.zcu104.ZCU104FPGATestHarness.RocketZCU104JLinkDiagFullPSLPDConfig/gen-collateral/TLBuffer_a32d64s1k3z4u.sv:2]
INFO: [Synth 8-6157] synthesizing module 'TLInterconnectCoupler_fbus_from_debug_sb' [Z:/root/chipyard/fpga/generated-src/chipyard.fpga.zcu104.ZCU104FPGATestHarness.RocketZCU104JLinkDiagFullPSLPDConfig/gen-collateral/TLInterconnectCoupler_fbus_from_debug_sb.sv:2]
INFO: [Synth 8-6157] synthesizing module 'TLWidthWidget1' [Z:/root/chipyard/fpga/generated-src/chipyard.fpga.zcu104.ZCU104FPGATestHarness.RocketZCU104JLinkDiagFullPSLPDConfig/gen-collateral/TLWidthWidget1.sv:46]
INFO: [Synth 8-6157] synthesizing module 'Repeater_TLBundleD_a32d64s1k3z4u' [Z:/root/chipyard/fpga/generated-src/chipyard.fpga.zcu104.ZCU104FPGATestHarness.RocketZCU104JLinkDiagFullPSLPDConfig/gen-collateral/Repeater_TLBundleD_a32d64s1k3z4u.sv:46]
INFO: [Synth 8-6155] done synthesizing module 'Repeater_TLBundleD_a32d64s1k3z4u' (105#1) [Z:/root/chipyard/fpga/generated-src/chipyard.fpga.zcu104.ZCU104FPGATestHarness.RocketZCU104JLinkDiagFullPSLPDConfig/gen-collateral/Repeater_TLBundleD_a32d64s1k3z4u.sv:46]
INFO: [Synth 8-6155] done synthesizing module 'TLWidthWidget1' (106#1) [Z:/root/chipyard/fpga/generated-src/chipyard.fpga.zcu104.ZCU104FPGATestHarness.RocketZCU104JLinkDiagFullPSLPDConfig/gen-collateral/TLWidthWidget1.sv:46]
INFO: [Synth 8-6155] done synthesizing module 'TLInterconnectCoupler_fbus_from_debug_sb' (107#1) [Z:/root/chipyard/fpga/generated-src/chipyard.fpga.zcu104.ZCU104FPGATestHarness.RocketZCU104JLinkDiagFullPSLPDConfig/gen-collateral/TLInterconnectCoupler_fbus_from_debug_sb.sv:2]
INFO: [Synth 8-6157] synthesizing module 'PeripheryBus_cbus' [Z:/root/chipyard/fpga/generated-src/chipyard.fpga.zcu104.ZCU104FPGATestHarness.RocketZCU104JLinkDiagFullPSLPDConfig/gen-collateral/PeripheryBus_cbus.sv:46]
INFO: [Synth 8-6157] synthesizing module 'FixedClockBroadcast_7' [Z:/root/chipyard/fpga/generated-src/chipyard.fpga.zcu104.ZCU104FPGATestHarness.RocketZCU104JLinkDiagFullPSLPDConfig/gen-collateral/FixedClockBroadcast_7.sv:2]
INFO: [Synth 8-6155] done synthesizing module 'FixedClockBroadcast_7' (108#1) [Z:/root/chipyard/fpga/generated-src/chipyard.fpga.zcu104.ZCU104FPGATestHarness.RocketZCU104JLinkDiagFullPSLPDConfig/gen-collateral/FixedClockBroadcast_7.sv:2]
INFO: [Synth 8-6157] synthesizing module 'TLXbar_cbus_in_i2_o1_a31d64s4k1z4u' [Z:/root/chipyard/fpga/generated-src/chipyard.fpga.zcu104.ZCU104FPGATestHarness.RocketZCU104JLinkDiagFullPSLPDConfig/gen-collateral/TLXbar_cbus_in_i2_o1_a31d64s4k1z4u.sv:64]
INFO: [Synth 8-6155] done synthesizing module 'TLXbar_cbus_in_i2_o1_a31d64s4k1z4u' (109#1) [Z:/root/chipyard/fpga/generated-src/chipyard.fpga.zcu104.ZCU104FPGATestHarness.RocketZCU104JLinkDiagFullPSLPDConfig/gen-collateral/TLXbar_cbus_in_i2_o1_a31d64s4k1z4u.sv:64]
INFO: [Synth 8-6157] synthesizing module 'TLXbar_cbus_out_i1_o8_a31d64s4k1z4u' [Z:/root/chipyard/fpga/generated-src/chipyard.fpga.zcu104.ZCU104FPGATestHarness.RocketZCU104JLinkDiagFullPSLPDConfig/gen-collateral/TLXbar_cbus_out_i1_o8_a31d64s4k1z4u.sv:64]
INFO: [Synth 8-6155] done synthesizing module 'TLXbar_cbus_out_i1_o8_a31d64s4k1z4u' (110#1) [Z:/root/chipyard/fpga/generated-src/chipyard.fpga.zcu104.ZCU104FPGATestHarness.RocketZCU104JLinkDiagFullPSLPDConfig/gen-collateral/TLXbar_cbus_out_i1_o8_a31d64s4k1z4u.sv:64]
INFO: [Synth 8-6157] synthesizing module 'TLBuffer_a31d64s4k1z4u' [Z:/root/chipyard/fpga/generated-src/chipyard.fpga.zcu104.ZCU104FPGATestHarness.RocketZCU104JLinkDiagFullPSLPDConfig/gen-collateral/TLBuffer_a31d64s4k1z4u.sv:2]
INFO: [Synth 8-6157] synthesizing module 'Queue2_TLBundleA_a31d64s4k1z4u' [Z:/root/chipyard/fpga/generated-src/chipyard.fpga.zcu104.ZCU104FPGATestHarness.RocketZCU104JLinkDiagFullPSLPDConfig/gen-collateral/Queue2_TLBundleA_a31d64s4k1z4u.sv:59]
INFO: [Synth 8-6157] synthesizing module 'ram_2x118' [Z:/root/chipyard/fpga/generated-src/chipyard.fpga.zcu104.ZCU104FPGATestHarness.RocketZCU104JLinkDiagFullPSLPDConfig/gen-collateral/ram_2x118.sv:3]
INFO: [Synth 8-6155] done synthesizing module 'ram_2x118' (111#1) [Z:/root/chipyard/fpga/generated-src/chipyard.fpga.zcu104.ZCU104FPGATestHarness.RocketZCU104JLinkDiagFullPSLPDConfig/gen-collateral/ram_2x118.sv:3]
INFO: [Synth 8-6155] done synthesizing module 'Queue2_TLBundleA_a31d64s4k1z4u' (112#1) [Z:/root/chipyard/fpga/generated-src/chipyard.fpga.zcu104.ZCU104FPGATestHarness.RocketZCU104JLinkDiagFullPSLPDConfig/gen-collateral/Queue2_TLBundleA_a31d64s4k1z4u.sv:59]
INFO: [Synth 8-6157] synthesizing module 'Queue2_TLBundleD_a31d64s4k1z4u' [Z:/root/chipyard/fpga/generated-src/chipyard.fpga.zcu104.ZCU104FPGATestHarness.RocketZCU104JLinkDiagFullPSLPDConfig/gen-collateral/Queue2_TLBundleD_a31d64s4k1z4u.sv:59]
INFO: [Synth 8-6157] synthesizing module 'ram_2x80' [Z:/root/chipyard/fpga/generated-src/chipyard.fpga.zcu104.ZCU104FPGATestHarness.RocketZCU104JLinkDiagFullPSLPDConfig/gen-collateral/ram_2x80.sv:3]
INFO: [Synth 8-6155] done synthesizing module 'ram_2x80' (113#1) [Z:/root/chipyard/fpga/generated-src/chipyard.fpga.zcu104.ZCU104FPGATestHarness.RocketZCU104JLinkDiagFullPSLPDConfig/gen-collateral/ram_2x80.sv:3]
INFO: [Synth 8-6155] done synthesizing module 'Queue2_TLBundleD_a31d64s4k1z4u' (114#1) [Z:/root/chipyard/fpga/generated-src/chipyard.fpga.zcu104.ZCU104FPGATestHarness.RocketZCU104JLinkDiagFullPSLPDConfig/gen-collateral/Queue2_TLBundleD_a31d64s4k1z4u.sv:59]
INFO: [Synth 8-6155] done synthesizing module 'TLBuffer_a31d64s4k1z4u' (115#1) [Z:/root/chipyard/fpga/generated-src/chipyard.fpga.zcu104.ZCU104FPGATestHarness.RocketZCU104JLinkDiagFullPSLPDConfig/gen-collateral/TLBuffer_a31d64s4k1z4u.sv:2]
INFO: [Synth 8-6157] synthesizing module 'TLAtomicAutomata_cbus' [Z:/root/chipyard/fpga/generated-src/chipyard.fpga.zcu104.ZCU104FPGATestHarness.RocketZCU104JLinkDiagFullPSLPDConfig/gen-collateral/TLAtomicAutomata_cbus.sv:64]
INFO: [Synth 8-6155] done synthesizing module 'TLAtomicAutomata_cbus' (116#1) [Z:/root/chipyard/fpga/generated-src/chipyard.fpga.zcu104.ZCU104FPGATestHarness.RocketZCU104JLinkDiagFullPSLPDConfig/gen-collateral/TLAtomicAutomata_cbus.sv:64]
INFO: [Synth 8-6157] synthesizing module 'ErrorDeviceWrapper' [Z:/root/chipyard/fpga/generated-src/chipyard.fpga.zcu104.ZCU104FPGATestHarness.RocketZCU104JLinkDiagFullPSLPDConfig/gen-collateral/ErrorDeviceWrapper.sv:2]
INFO: [Synth 8-6157] synthesizing module 'TLError' [Z:/root/chipyard/fpga/generated-src/chipyard.fpga.zcu104.ZCU104FPGATestHarness.RocketZCU104JLinkDiagFullPSLPDConfig/gen-collateral/TLError.sv:64]
INFO: [Synth 8-6157] synthesizing module 'Queue1_TLBundleA_a14d64s4k1z4u' [Z:/root/chipyard/fpga/generated-src/chipyard.fpga.zcu104.ZCU104FPGATestHarness.RocketZCU104JLinkDiagFullPSLPDConfig/gen-collateral/Queue1_TLBundleA_a14d64s4k1z4u.sv:46]
INFO: [Synth 8-6155] done synthesizing module 'Queue1_TLBundleA_a14d64s4k1z4u' (117#1) [Z:/root/chipyard/fpga/generated-src/chipyard.fpga.zcu104.ZCU104FPGATestHarness.RocketZCU104JLinkDiagFullPSLPDConfig/gen-collateral/Queue1_TLBundleA_a14d64s4k1z4u.sv:46]
INFO: [Synth 8-6155] done synthesizing module 'TLError' (118#1) [Z:/root/chipyard/fpga/generated-src/chipyard.fpga.zcu104.ZCU104FPGATestHarness.RocketZCU104JLinkDiagFullPSLPDConfig/gen-collateral/TLError.sv:64]
INFO: [Synth 8-6157] synthesizing module 'TLBuffer_a14d64s4k1z4u' [Z:/root/chipyard/fpga/generated-src/chipyard.fpga.zcu104.ZCU104FPGATestHarness.RocketZCU104JLinkDiagFullPSLPDConfig/gen-collateral/TLBuffer_a14d64s4k1z4u.sv:2]
INFO: [Synth 8-6157] synthesizing module 'Queue2_TLBundleA_a14d64s4k1z4u' [Z:/root/chipyard/fpga/generated-src/chipyard.fpga.zcu104.ZCU104FPGATestHarness.RocketZCU104JLinkDiagFullPSLPDConfig/gen-collateral/Queue2_TLBundleA_a14d64s4k1z4u.sv:59]
INFO: [Synth 8-6157] synthesizing module 'ram_2x101' [Z:/root/chipyard/fpga/generated-src/chipyard.fpga.zcu104.ZCU104FPGATestHarness.RocketZCU104JLinkDiagFullPSLPDConfig/gen-collateral/ram_2x101.sv:3]
INFO: [Synth 8-6155] done synthesizing module 'ram_2x101' (119#1) [Z:/root/chipyard/fpga/generated-src/chipyard.fpga.zcu104.ZCU104FPGATestHarness.RocketZCU104JLinkDiagFullPSLPDConfig/gen-collateral/ram_2x101.sv:3]
INFO: [Synth 8-6155] done synthesizing module 'Queue2_TLBundleA_a14d64s4k1z4u' (120#1) [Z:/root/chipyard/fpga/generated-src/chipyard.fpga.zcu104.ZCU104FPGATestHarness.RocketZCU104JLinkDiagFullPSLPDConfig/gen-collateral/Queue2_TLBundleA_a14d64s4k1z4u.sv:59]
INFO: [Synth 8-6157] synthesizing module 'Queue2_TLBundleD_a14d64s4k1z4u' [Z:/root/chipyard/fpga/generated-src/chipyard.fpga.zcu104.ZCU104FPGATestHarness.RocketZCU104JLinkDiagFullPSLPDConfig/gen-collateral/Queue2_TLBundleD_a14d64s4k1z4u.sv:59]
INFO: [Synth 8-6155] done synthesizing module 'Queue2_TLBundleD_a14d64s4k1z4u' (121#1) [Z:/root/chipyard/fpga/generated-src/chipyard.fpga.zcu104.ZCU104FPGATestHarness.RocketZCU104JLinkDiagFullPSLPDConfig/gen-collateral/Queue2_TLBundleD_a14d64s4k1z4u.sv:59]
INFO: [Synth 8-6155] done synthesizing module 'TLBuffer_a14d64s4k1z4u' (122#1) [Z:/root/chipyard/fpga/generated-src/chipyard.fpga.zcu104.ZCU104FPGATestHarness.RocketZCU104JLinkDiagFullPSLPDConfig/gen-collateral/TLBuffer_a14d64s4k1z4u.sv:2]
INFO: [Synth 8-6155] done synthesizing module 'ErrorDeviceWrapper' (123#1) [Z:/root/chipyard/fpga/generated-src/chipyard.fpga.zcu104.ZCU104FPGATestHarness.RocketZCU104JLinkDiagFullPSLPDConfig/gen-collateral/ErrorDeviceWrapper.sv:2]
INFO: [Synth 8-6157] synthesizing module 'TLInterconnectCoupler_cbus_to_l2_ctrl' [Z:/root/chipyard/fpga/generated-src/chipyard.fpga.zcu104.ZCU104FPGATestHarness.RocketZCU104JLinkDiagFullPSLPDConfig/gen-collateral/TLInterconnectCoupler_cbus_to_l2_ctrl.sv:2]
INFO: [Synth 8-6157] synthesizing module 'TLBuffer_a26d64s8k1z2u' [Z:/root/chipyard/fpga/generated-src/chipyard.fpga.zcu104.ZCU104FPGATestHarness.RocketZCU104JLinkDiagFullPSLPDConfig/gen-collateral/TLBuffer_a26d64s8k1z2u.sv:2]
INFO: [Synth 8-6157] synthesizing module 'Queue1_TLBundleA_a26d64s8k1z2u' [Z:/root/chipyard/fpga/generated-src/chipyard.fpga.zcu104.ZCU104FPGATestHarness.RocketZCU104JLinkDiagFullPSLPDConfig/gen-collateral/Queue1_TLBundleA_a26d64s8k1z2u.sv:46]
INFO: [Synth 8-6155] done synthesizing module 'Queue1_TLBundleA_a26d64s8k1z2u' (124#1) [Z:/root/chipyard/fpga/generated-src/chipyard.fpga.zcu104.ZCU104FPGATestHarness.RocketZCU104JLinkDiagFullPSLPDConfig/gen-collateral/Queue1_TLBundleA_a26d64s8k1z2u.sv:46]
INFO: [Synth 8-6157] synthesizing module 'Queue1_TLBundleD_a26d64s8k1z2u' [Z:/root/chipyard/fpga/generated-src/chipyard.fpga.zcu104.ZCU104FPGATestHarness.RocketZCU104JLinkDiagFullPSLPDConfig/gen-collateral/Queue1_TLBundleD_a26d64s8k1z2u.sv:46]
INFO: [Synth 8-6155] done synthesizing module 'Queue1_TLBundleD_a26d64s8k1z2u' (125#1) [Z:/root/chipyard/fpga/generated-src/chipyard.fpga.zcu104.ZCU104FPGATestHarness.RocketZCU104JLinkDiagFullPSLPDConfig/gen-collateral/Queue1_TLBundleD_a26d64s8k1z2u.sv:46]
INFO: [Synth 8-6155] done synthesizing module 'TLBuffer_a26d64s8k1z2u' (126#1) [Z:/root/chipyard/fpga/generated-src/chipyard.fpga.zcu104.ZCU104FPGATestHarness.RocketZCU104JLinkDiagFullPSLPDConfig/gen-collateral/TLBuffer_a26d64s8k1z2u.sv:2]
INFO: [Synth 8-6157] synthesizing module 'TLFragmenter_LLCCtrl' [Z:/root/chipyard/fpga/generated-src/chipyard.fpga.zcu104.ZCU104FPGATestHarness.RocketZCU104JLinkDiagFullPSLPDConfig/gen-collateral/TLFragmenter_LLCCtrl.sv:64]
INFO: [Synth 8-6157] synthesizing module 'Repeater_TLBundleA_a26d64s4k1z3u' [Z:/root/chipyard/fpga/generated-src/chipyard.fpga.zcu104.ZCU104FPGATestHarness.RocketZCU104JLinkDiagFullPSLPDConfig/gen-collateral/Repeater_TLBundleA_a26d64s4k1z3u.sv:46]
INFO: [Synth 8-6155] done synthesizing module 'Repeater_TLBundleA_a26d64s4k1z3u' (127#1) [Z:/root/chipyard/fpga/generated-src/chipyard.fpga.zcu104.ZCU104FPGATestHarness.RocketZCU104JLinkDiagFullPSLPDConfig/gen-collateral/Repeater_TLBundleA_a26d64s4k1z3u.sv:46]
INFO: [Synth 8-6155] done synthesizing module 'TLFragmenter_LLCCtrl' (128#1) [Z:/root/chipyard/fpga/generated-src/chipyard.fpga.zcu104.ZCU104FPGATestHarness.RocketZCU104JLinkDiagFullPSLPDConfig/gen-collateral/TLFragmenter_LLCCtrl.sv:64]
INFO: [Synth 8-6155] done synthesizing module 'TLInterconnectCoupler_cbus_to_l2_ctrl' (129#1) [Z:/root/chipyard/fpga/generated-src/chipyard.fpga.zcu104.ZCU104FPGATestHarness.RocketZCU104JLinkDiagFullPSLPDConfig/gen-collateral/TLInterconnectCoupler_cbus_to_l2_ctrl.sv:2]
INFO: [Synth 8-6157] synthesizing module 'TLInterconnectCoupler_cbus_to_clint' [Z:/root/chipyard/fpga/generated-src/chipyard.fpga.zcu104.ZCU104FPGATestHarness.RocketZCU104JLinkDiagFullPSLPDConfig/gen-collateral/TLInterconnectCoupler_cbus_to_clint.sv:2]
INFO: [Synth 8-6157] synthesizing module 'TLFragmenter_CLINT' [Z:/root/chipyard/fpga/generated-src/chipyard.fpga.zcu104.ZCU104FPGATestHarness.RocketZCU104JLinkDiagFullPSLPDConfig/gen-collateral/TLFragmenter_CLINT.sv:64]
INFO: [Synth 8-6155] done synthesizing module 'TLFragmenter_CLINT' (130#1) [Z:/root/chipyard/fpga/generated-src/chipyard.fpga.zcu104.ZCU104FPGATestHarness.RocketZCU104JLinkDiagFullPSLPDConfig/gen-collateral/TLFragmenter_CLINT.sv:64]
INFO: [Synth 8-6155] done synthesizing module 'TLInterconnectCoupler_cbus_to_clint' (131#1) [Z:/root/chipyard/fpga/generated-src/chipyard.fpga.zcu104.ZCU104FPGATestHarness.RocketZCU104JLinkDiagFullPSLPDConfig/gen-collateral/TLInterconnectCoupler_cbus_to_clint.sv:2]
INFO: [Synth 8-6157] synthesizing module 'TLInterconnectCoupler_cbus_to_plic' [Z:/root/chipyard/fpga/generated-src/chipyard.fpga.zcu104.ZCU104FPGATestHarness.RocketZCU104JLinkDiagFullPSLPDConfig/gen-collateral/TLInterconnectCoupler_cbus_to_plic.sv:2]
INFO: [Synth 8-6157] synthesizing module 'TLFragmenter_PLIC' [Z:/root/chipyard/fpga/generated-src/chipyard.fpga.zcu104.ZCU104FPGATestHarness.RocketZCU104JLinkDiagFullPSLPDConfig/gen-collateral/TLFragmenter_PLIC.sv:64]
INFO: [Synth 8-6157] synthesizing module 'Repeater_TLBundleA_a28d64s4k1z3u' [Z:/root/chipyard/fpga/generated-src/chipyard.fpga.zcu104.ZCU104FPGATestHarness.RocketZCU104JLinkDiagFullPSLPDConfig/gen-collateral/Repeater_TLBundleA_a28d64s4k1z3u.sv:46]
INFO: [Synth 8-6155] done synthesizing module 'Repeater_TLBundleA_a28d64s4k1z3u' (132#1) [Z:/root/chipyard/fpga/generated-src/chipyard.fpga.zcu104.ZCU104FPGATestHarness.RocketZCU104JLinkDiagFullPSLPDConfig/gen-collateral/Repeater_TLBundleA_a28d64s4k1z3u.sv:46]
INFO: [Synth 8-6155] done synthesizing module 'TLFragmenter_PLIC' (133#1) [Z:/root/chipyard/fpga/generated-src/chipyard.fpga.zcu104.ZCU104FPGATestHarness.RocketZCU104JLinkDiagFullPSLPDConfig/gen-collateral/TLFragmenter_PLIC.sv:64]
INFO: [Synth 8-6155] done synthesizing module 'TLInterconnectCoupler_cbus_to_plic' (134#1) [Z:/root/chipyard/fpga/generated-src/chipyard.fpga.zcu104.ZCU104FPGATestHarness.RocketZCU104JLinkDiagFullPSLPDConfig/gen-collateral/TLInterconnectCoupler_cbus_to_plic.sv:2]
INFO: [Synth 8-6157] synthesizing module 'TLInterconnectCoupler_cbus_to_debug' [Z:/root/chipyard/fpga/generated-src/chipyard.fpga.zcu104.ZCU104FPGATestHarness.RocketZCU104JLinkDiagFullPSLPDConfig/gen-collateral/TLInterconnectCoupler_cbus_to_debug.sv:2]
INFO: [Synth 8-6157] synthesizing module 'TLFragmenter_Debug' [Z:/root/chipyard/fpga/generated-src/chipyard.fpga.zcu104.ZCU104FPGATestHarness.RocketZCU104JLinkDiagFullPSLPDConfig/gen-collateral/TLFragmenter_Debug.sv:64]
INFO: [Synth 8-6157] synthesizing module 'Repeater_TLBundleA_a12d64s4k1z3u' [Z:/root/chipyard/fpga/generated-src/chipyard.fpga.zcu104.ZCU104FPGATestHarness.RocketZCU104JLinkDiagFullPSLPDConfig/gen-collateral/Repeater_TLBundleA_a12d64s4k1z3u.sv:46]
INFO: [Synth 8-6155] done synthesizing module 'Repeater_TLBundleA_a12d64s4k1z3u' (135#1) [Z:/root/chipyard/fpga/generated-src/chipyard.fpga.zcu104.ZCU104FPGATestHarness.RocketZCU104JLinkDiagFullPSLPDConfig/gen-collateral/Repeater_TLBundleA_a12d64s4k1z3u.sv:46]
INFO: [Synth 8-6155] done synthesizing module 'TLFragmenter_Debug' (136#1) [Z:/root/chipyard/fpga/generated-src/chipyard.fpga.zcu104.ZCU104FPGATestHarness.RocketZCU104JLinkDiagFullPSLPDConfig/gen-collateral/TLFragmenter_Debug.sv:64]
INFO: [Synth 8-6155] done synthesizing module 'TLInterconnectCoupler_cbus_to_debug' (137#1) [Z:/root/chipyard/fpga/generated-src/chipyard.fpga.zcu104.ZCU104FPGATestHarness.RocketZCU104JLinkDiagFullPSLPDConfig/gen-collateral/TLInterconnectCoupler_cbus_to_debug.sv:2]
INFO: [Synth 8-6157] synthesizing module 'TLInterconnectCoupler_cbus_to_bootrom' [Z:/root/chipyard/fpga/generated-src/chipyard.fpga.zcu104.ZCU104FPGATestHarness.RocketZCU104JLinkDiagFullPSLPDConfig/gen-collateral/TLInterconnectCoupler_cbus_to_bootrom.sv:2]
INFO: [Synth 8-6157] synthesizing module 'TLFragmenter_bootrom' [Z:/root/chipyard/fpga/generated-src/chipyard.fpga.zcu104.ZCU104FPGATestHarness.RocketZCU104JLinkDiagFullPSLPDConfig/gen-collateral/TLFragmenter_bootrom.sv:64]
INFO: [Synth 8-6157] synthesizing module 'Repeater_TLBundleA_a17d64s4k1z3u' [Z:/root/chipyard/fpga/generated-src/chipyard.fpga.zcu104.ZCU104FPGATestHarness.RocketZCU104JLinkDiagFullPSLPDConfig/gen-collateral/Repeater_TLBundleA_a17d64s4k1z3u.sv:46]
INFO: [Synth 8-6155] done synthesizing module 'Repeater_TLBundleA_a17d64s4k1z3u' (138#1) [Z:/root/chipyard/fpga/generated-src/chipyard.fpga.zcu104.ZCU104FPGATestHarness.RocketZCU104JLinkDiagFullPSLPDConfig/gen-collateral/Repeater_TLBundleA_a17d64s4k1z3u.sv:46]
INFO: [Synth 8-6155] done synthesizing module 'TLFragmenter_bootrom' (139#1) [Z:/root/chipyard/fpga/generated-src/chipyard.fpga.zcu104.ZCU104FPGATestHarness.RocketZCU104JLinkDiagFullPSLPDConfig/gen-collateral/TLFragmenter_bootrom.sv:64]
INFO: [Synth 8-6155] done synthesizing module 'TLInterconnectCoupler_cbus_to_bootrom' (140#1) [Z:/root/chipyard/fpga/generated-src/chipyard.fpga.zcu104.ZCU104FPGATestHarness.RocketZCU104JLinkDiagFullPSLPDConfig/gen-collateral/TLInterconnectCoupler_cbus_to_bootrom.sv:2]
INFO: [Synth 8-6157] synthesizing module 'TLInterconnectCoupler_cbus_to_prci_ctrl' [Z:/root/chipyard/fpga/generated-src/chipyard.fpga.zcu104.ZCU104FPGATestHarness.RocketZCU104JLinkDiagFullPSLPDConfig/gen-collateral/TLInterconnectCoupler_cbus_to_prci_ctrl.sv:2]
INFO: [Synth 8-6157] synthesizing module 'TLBuffer_a21d64s4k1z3u' [Z:/root/chipyard/fpga/generated-src/chipyard.fpga.zcu104.ZCU104FPGATestHarness.RocketZCU104JLinkDiagFullPSLPDConfig/gen-collateral/TLBuffer_a21d64s4k1z3u.sv:2]
INFO: [Synth 8-6157] synthesizing module 'Queue2_TLBundleA_a21d64s4k1z3u' [Z:/root/chipyard/fpga/generated-src/chipyard.fpga.zcu104.ZCU104FPGATestHarness.RocketZCU104JLinkDiagFullPSLPDConfig/gen-collateral/Queue2_TLBundleA_a21d64s4k1z3u.sv:59]
INFO: [Synth 8-6157] synthesizing module 'ram_2x103' [Z:/root/chipyard/fpga/generated-src/chipyard.fpga.zcu104.ZCU104FPGATestHarness.RocketZCU104JLinkDiagFullPSLPDConfig/gen-collateral/ram_2x103.sv:3]
INFO: [Synth 8-6155] done synthesizing module 'ram_2x103' (141#1) [Z:/root/chipyard/fpga/generated-src/chipyard.fpga.zcu104.ZCU104FPGATestHarness.RocketZCU104JLinkDiagFullPSLPDConfig/gen-collateral/ram_2x103.sv:3]
INFO: [Synth 8-6155] done synthesizing module 'Queue2_TLBundleA_a21d64s4k1z3u' (142#1) [Z:/root/chipyard/fpga/generated-src/chipyard.fpga.zcu104.ZCU104FPGATestHarness.RocketZCU104JLinkDiagFullPSLPDConfig/gen-collateral/Queue2_TLBundleA_a21d64s4k1z3u.sv:59]
INFO: [Synth 8-6157] synthesizing module 'Queue2_TLBundleD_a21d64s4k1z3u' [Z:/root/chipyard/fpga/generated-src/chipyard.fpga.zcu104.ZCU104FPGATestHarness.RocketZCU104JLinkDiagFullPSLPDConfig/gen-collateral/Queue2_TLBundleD_a21d64s4k1z3u.sv:59]
INFO: [Synth 8-6155] done synthesizing module 'Queue2_TLBundleD_a21d64s4k1z3u' (143#1) [Z:/root/chipyard/fpga/generated-src/chipyard.fpga.zcu104.ZCU104FPGATestHarness.RocketZCU104JLinkDiagFullPSLPDConfig/gen-collateral/Queue2_TLBundleD_a21d64s4k1z3u.sv:59]
INFO: [Synth 8-6155] done synthesizing module 'TLBuffer_a21d64s4k1z3u' (144#1) [Z:/root/chipyard/fpga/generated-src/chipyard.fpga.zcu104.ZCU104FPGATestHarness.RocketZCU104JLinkDiagFullPSLPDConfig/gen-collateral/TLBuffer_a21d64s4k1z3u.sv:2]
INFO: [Synth 8-6155] done synthesizing module 'TLInterconnectCoupler_cbus_to_prci_ctrl' (145#1) [Z:/root/chipyard/fpga/generated-src/chipyard.fpga.zcu104.ZCU104FPGATestHarness.RocketZCU104JLinkDiagFullPSLPDConfig/gen-collateral/TLInterconnectCoupler_cbus_to_prci_ctrl.sv:2]
INFO: [Synth 8-6155] done synthesizing module 'PeripheryBus_cbus' (146#1) [Z:/root/chipyard/fpga/generated-src/chipyard.fpga.zcu104.ZCU104FPGATestHarness.RocketZCU104JLinkDiagFullPSLPDConfig/gen-collateral/PeripheryBus_cbus.sv:46]
INFO: [Synth 8-6157] synthesizing module 'MemoryBus' [Z:/root/chipyard/fpga/generated-src/chipyard.fpga.zcu104.ZCU104FPGATestHarness.RocketZCU104JLinkDiagFullPSLPDConfig/gen-collateral/MemoryBus.sv:2]
INFO: [Synth 8-6157] synthesizing module 'FixedClockBroadcast_2' [Z:/root/chipyard/fpga/generated-src/chipyard.fpga.zcu104.ZCU104FPGATestHarness.RocketZCU104JLinkDiagFullPSLPDConfig/gen-collateral/FixedClockBroadcast_2.sv:2]
INFO: [Synth 8-6155] done synthesizing module 'FixedClockBroadcast_2' (147#1) [Z:/root/chipyard/fpga/generated-src/chipyard.fpga.zcu104.ZCU104FPGATestHarness.RocketZCU104JLinkDiagFullPSLPDConfig/gen-collateral/FixedClockBroadcast_2.sv:2]
INFO: [Synth 8-6157] synthesizing module 'TLXbar_mbus_i1_o2_a32d64s4k1z3u' [Z:/root/chipyard/fpga/generated-src/chipyard.fpga.zcu104.ZCU104FPGATestHarness.RocketZCU104JLinkDiagFullPSLPDConfig/gen-collateral/TLXbar_mbus_i1_o2_a32d64s4k1z3u.sv:64]
INFO: [Synth 8-6155] done synthesizing module 'TLXbar_mbus_i1_o2_a32d64s4k1z3u' (148#1) [Z:/root/chipyard/fpga/generated-src/chipyard.fpga.zcu104.ZCU104FPGATestHarness.RocketZCU104JLinkDiagFullPSLPDConfig/gen-collateral/TLXbar_mbus_i1_o2_a32d64s4k1z3u.sv:64]
INFO: [Synth 8-6157] synthesizing module 'ProbePicker' [Z:/root/chipyard/fpga/generated-src/chipyard.fpga.zcu104.ZCU104FPGATestHarness.RocketZCU104JLinkDiagFullPSLPDConfig/gen-collateral/ProbePicker.sv:2]
INFO: [Synth 8-6155] done synthesizing module 'ProbePicker' (149#1) [Z:/root/chipyard/fpga/generated-src/chipyard.fpga.zcu104.ZCU104FPGATestHarness.RocketZCU104JLinkDiagFullPSLPDConfig/gen-collateral/ProbePicker.sv:2]
INFO: [Synth 8-6157] synthesizing module 'TLInterconnectCoupler_mbus_to_memory_controller_port_named_tl_mem' [Z:/root/chipyard/fpga/generated-src/chipyard.fpga.zcu104.ZCU104FPGATestHarness.RocketZCU104JLinkDiagFullPSLPDConfig/gen-collateral/TLInterconnectCoupler_mbus_to_memory_controller_port_named_tl_mem.sv:2]
INFO: [Synth 8-6157] synthesizing module 'TLBuffer_a32d64s4k1z3u_1' [Z:/root/chipyard/fpga/generated-src/chipyard.fpga.zcu104.ZCU104FPGATestHarness.RocketZCU104JLinkDiagFullPSLPDConfig/gen-collateral/TLBuffer_a32d64s4k1z3u_1.sv:2]
INFO: [Synth 8-6157] synthesizing module 'Queue2_TLBundleA_a32d64s4k1z3u' [Z:/root/chipyard/fpga/generated-src/chipyard.fpga.zcu104.ZCU104FPGATestHarness.RocketZCU104JLinkDiagFullPSLPDConfig/gen-collateral/Queue2_TLBundleA_a32d64s4k1z3u.sv:59]
INFO: [Synth 8-6155] done synthesizing module 'Queue2_TLBundleA_a32d64s4k1z3u' (150#1) [Z:/root/chipyard/fpga/generated-src/chipyard.fpga.zcu104.ZCU104FPGATestHarness.RocketZCU104JLinkDiagFullPSLPDConfig/gen-collateral/Queue2_TLBundleA_a32d64s4k1z3u.sv:59]
INFO: [Synth 8-6157] synthesizing module 'Queue2_TLBundleD_a32d64s4k1z3u' [Z:/root/chipyard/fpga/generated-src/chipyard.fpga.zcu104.ZCU104FPGATestHarness.RocketZCU104JLinkDiagFullPSLPDConfig/gen-collateral/Queue2_TLBundleD_a32d64s4k1z3u.sv:59]
INFO: [Synth 8-6155] done synthesizing module 'Queue2_TLBundleD_a32d64s4k1z3u' (151#1) [Z:/root/chipyard/fpga/generated-src/chipyard.fpga.zcu104.ZCU104FPGATestHarness.RocketZCU104JLinkDiagFullPSLPDConfig/gen-collateral/Queue2_TLBundleD_a32d64s4k1z3u.sv:59]
INFO: [Synth 8-6155] done synthesizing module 'TLBuffer_a32d64s4k1z3u_1' (152#1) [Z:/root/chipyard/fpga/generated-src/chipyard.fpga.zcu104.ZCU104FPGATestHarness.RocketZCU104JLinkDiagFullPSLPDConfig/gen-collateral/TLBuffer_a32d64s4k1z3u_1.sv:2]
INFO: [Synth 8-6155] done synthesizing module 'TLInterconnectCoupler_mbus_to_memory_controller_port_named_tl_mem' (153#1) [Z:/root/chipyard/fpga/generated-src/chipyard.fpga.zcu104.ZCU104FPGATestHarness.RocketZCU104JLinkDiagFullPSLPDConfig/gen-collateral/TLInterconnectCoupler_mbus_to_memory_controller_port_named_tl_mem.sv:2]
INFO: [Synth 8-6157] synthesizing module 'TLBuffer_a28d64s4k1z3u' [Z:/root/chipyard/fpga/generated-src/chipyard.fpga.zcu104.ZCU104FPGATestHarness.RocketZCU104JLinkDiagFullPSLPDConfig/gen-collateral/TLBuffer_a28d64s4k1z3u.sv:2]
INFO: [Synth 8-6157] synthesizing module 'Queue2_TLBundleA_a28d64s4k1z3u' [Z:/root/chipyard/fpga/generated-src/chipyard.fpga.zcu104.ZCU104FPGATestHarness.RocketZCU104JLinkDiagFullPSLPDConfig/gen-collateral/Queue2_TLBundleA_a28d64s4k1z3u.sv:59]
INFO: [Synth 8-6157] synthesizing module 'ram_2x114' [Z:/root/chipyard/fpga/generated-src/chipyard.fpga.zcu104.ZCU104FPGATestHarness.RocketZCU104JLinkDiagFullPSLPDConfig/gen-collateral/ram_2x114.sv:3]
INFO: [Synth 8-6155] done synthesizing module 'ram_2x114' (154#1) [Z:/root/chipyard/fpga/generated-src/chipyard.fpga.zcu104.ZCU104FPGATestHarness.RocketZCU104JLinkDiagFullPSLPDConfig/gen-collateral/ram_2x114.sv:3]
INFO: [Synth 8-6155] done synthesizing module 'Queue2_TLBundleA_a28d64s4k1z3u' (155#1) [Z:/root/chipyard/fpga/generated-src/chipyard.fpga.zcu104.ZCU104FPGATestHarness.RocketZCU104JLinkDiagFullPSLPDConfig/gen-collateral/Queue2_TLBundleA_a28d64s4k1z3u.sv:59]
INFO: [Synth 8-6157] synthesizing module 'Queue2_TLBundleD_a28d64s4k1z3u' [Z:/root/chipyard/fpga/generated-src/chipyard.fpga.zcu104.ZCU104FPGATestHarness.RocketZCU104JLinkDiagFullPSLPDConfig/gen-collateral/Queue2_TLBundleD_a28d64s4k1z3u.sv:59]
INFO: [Synth 8-6155] done synthesizing module 'Queue2_TLBundleD_a28d64s4k1z3u' (156#1) [Z:/root/chipyard/fpga/generated-src/chipyard.fpga.zcu104.ZCU104FPGATestHarness.RocketZCU104JLinkDiagFullPSLPDConfig/gen-collateral/Queue2_TLBundleD_a28d64s4k1z3u.sv:59]
INFO: [Synth 8-6155] done synthesizing module 'TLBuffer_a28d64s4k1z3u' (157#1) [Z:/root/chipyard/fpga/generated-src/chipyard.fpga.zcu104.ZCU104FPGATestHarness.RocketZCU104JLinkDiagFullPSLPDConfig/gen-collateral/TLBuffer_a28d64s4k1z3u.sv:2]
INFO: [Synth 8-6155] done synthesizing module 'MemoryBus' (158#1) [Z:/root/chipyard/fpga/generated-src/chipyard.fpga.zcu104.ZCU104FPGATestHarness.RocketZCU104JLinkDiagFullPSLPDConfig/gen-collateral/MemoryBus.sv:2]
INFO: [Synth 8-6157] synthesizing module 'CoherenceManagerWrapper' [Z:/root/chipyard/fpga/generated-src/chipyard.fpga.zcu104.ZCU104FPGATestHarness.RocketZCU104JLinkDiagFullPSLPDConfig/gen-collateral/CoherenceManagerWrapper.sv:2]
INFO: [Synth 8-6157] synthesizing module 'InclusiveCache' [Z:/root/chipyard/fpga/generated-src/chipyard.fpga.zcu104.ZCU104FPGATestHarness.RocketZCU104JLinkDiagFullPSLPDConfig/gen-collateral/InclusiveCache.sv:2]
INFO: [Synth 8-6157] synthesizing module 'InclusiveCacheControl' [Z:/root/chipyard/fpga/generated-src/chipyard.fpga.zcu104.ZCU104FPGATestHarness.RocketZCU104JLinkDiagFullPSLPDConfig/gen-collateral/InclusiveCacheControl.sv:46]
INFO: [Synth 8-6157] synthesizing module 'Queue1_RegMapperInput_i9_m8' [Z:/root/chipyard/fpga/generated-src/chipyard.fpga.zcu104.ZCU104FPGATestHarness.RocketZCU104JLinkDiagFullPSLPDConfig/gen-collateral/Queue1_RegMapperInput_i9_m8.sv:46]
INFO: [Synth 8-6155] done synthesizing module 'Queue1_RegMapperInput_i9_m8' (159#1) [Z:/root/chipyard/fpga/generated-src/chipyard.fpga.zcu104.ZCU104FPGATestHarness.RocketZCU104JLinkDiagFullPSLPDConfig/gen-collateral/Queue1_RegMapperInput_i9_m8.sv:46]
INFO: [Synth 8-6155] done synthesizing module 'InclusiveCacheControl' (160#1) [Z:/root/chipyard/fpga/generated-src/chipyard.fpga.zcu104.ZCU104FPGATestHarness.RocketZCU104JLinkDiagFullPSLPDConfig/gen-collateral/InclusiveCacheControl.sv:46]
INFO: [Synth 8-6157] synthesizing module 'InclusiveCacheBankScheduler' [Z:/root/chipyard/fpga/generated-src/chipyard.fpga.zcu104.ZCU104FPGATestHarness.RocketZCU104JLinkDiagFullPSLPDConfig/gen-collateral/InclusiveCacheBankScheduler.sv:64]
INFO: [Synth 8-6157] synthesizing module 'SourceA' [Z:/root/chipyard/fpga/generated-src/chipyard.fpga.zcu104.ZCU104FPGATestHarness.RocketZCU104JLinkDiagFullPSLPDConfig/gen-collateral/SourceA.sv:2]
INFO: [Synth 8-6157] synthesizing module 'Queue2_TLBundleA_a32d64s3k3z3c' [Z:/root/chipyard/fpga/generated-src/chipyard.fpga.zcu104.ZCU104FPGATestHarness.RocketZCU104JLinkDiagFullPSLPDConfig/gen-collateral/Queue2_TLBundleA_a32d64s3k3z3c.sv:59]
INFO: [Synth 8-6155] done synthesizing module 'Queue2_TLBundleA_a32d64s3k3z3c' (161#1) [Z:/root/chipyard/fpga/generated-src/chipyard.fpga.zcu104.ZCU104FPGATestHarness.RocketZCU104JLinkDiagFullPSLPDConfig/gen-collateral/Queue2_TLBundleA_a32d64s3k3z3c.sv:59]
INFO: [Synth 8-6155] done synthesizing module 'SourceA' (162#1) [Z:/root/chipyard/fpga/generated-src/chipyard.fpga.zcu104.ZCU104FPGATestHarness.RocketZCU104JLinkDiagFullPSLPDConfig/gen-collateral/SourceA.sv:2]
INFO: [Synth 8-6157] synthesizing module 'SourceB' [Z:/root/chipyard/fpga/generated-src/chipyard.fpga.zcu104.ZCU104FPGATestHarness.RocketZCU104JLinkDiagFullPSLPDConfig/gen-collateral/SourceB.sv:64]
INFO: [Synth 8-6155] done synthesizing module 'SourceB' (163#1) [Z:/root/chipyard/fpga/generated-src/chipyard.fpga.zcu104.ZCU104FPGATestHarness.RocketZCU104JLinkDiagFullPSLPDConfig/gen-collateral/SourceB.sv:64]
INFO: [Synth 8-6157] synthesizing module 'SourceC' [Z:/root/chipyard/fpga/generated-src/chipyard.fpga.zcu104.ZCU104FPGATestHarness.RocketZCU104JLinkDiagFullPSLPDConfig/gen-collateral/SourceC.sv:64]
INFO: [Synth 8-6157] synthesizing module 'Queue12_TLBundleC_a32d64s3k3z3c' [Z:/root/chipyard/fpga/generated-src/chipyard.fpga.zcu104.ZCU104FPGATestHarness.RocketZCU104JLinkDiagFullPSLPDConfig/gen-collateral/Queue12_TLBundleC_a32d64s3k3z3c.sv:59]
INFO: [Synth 8-6157] synthesizing module 'ram_12x106' [Z:/root/chipyard/fpga/generated-src/chipyard.fpga.zcu104.ZCU104FPGATestHarness.RocketZCU104JLinkDiagFullPSLPDConfig/gen-collateral/ram_12x106.sv:3]
INFO: [Synth 8-6155] done synthesizing module 'ram_12x106' (164#1) [Z:/root/chipyard/fpga/generated-src/chipyard.fpga.zcu104.ZCU104FPGATestHarness.RocketZCU104JLinkDiagFullPSLPDConfig/gen-collateral/ram_12x106.sv:3]
INFO: [Synth 8-6155] done synthesizing module 'Queue12_TLBundleC_a32d64s3k3z3c' (165#1) [Z:/root/chipyard/fpga/generated-src/chipyard.fpga.zcu104.ZCU104FPGATestHarness.RocketZCU104JLinkDiagFullPSLPDConfig/gen-collateral/Queue12_TLBundleC_a32d64s3k3z3c.sv:59]
INFO: [Synth 8-6155] done synthesizing module 'SourceC' (166#1) [Z:/root/chipyard/fpga/generated-src/chipyard.fpga.zcu104.ZCU104FPGATestHarness.RocketZCU104JLinkDiagFullPSLPDConfig/gen-collateral/SourceC.sv:64]
INFO: [Synth 8-6157] synthesizing module 'SourceD' [Z:/root/chipyard/fpga/generated-src/chipyard.fpga.zcu104.ZCU104FPGATestHarness.RocketZCU104JLinkDiagFullPSLPDConfig/gen-collateral/SourceD.sv:64]
INFO: [Synth 8-6157] synthesizing module 'Queue3_BankedStoreInnerDecoded' [Z:/root/chipyard/fpga/generated-src/chipyard.fpga.zcu104.ZCU104FPGATestHarness.RocketZCU104JLinkDiagFullPSLPDConfig/gen-collateral/Queue3_BankedStoreInnerDecoded.sv:59]
INFO: [Synth 8-6157] synthesizing module 'ram_data_3x64' [Z:/root/chipyard/fpga/generated-src/chipyard.fpga.zcu104.ZCU104FPGATestHarness.RocketZCU104JLinkDiagFullPSLPDConfig/gen-collateral/ram_data_3x64.sv:3]
INFO: [Synth 8-6155] done synthesizing module 'ram_data_3x64' (167#1) [Z:/root/chipyard/fpga/generated-src/chipyard.fpga.zcu104.ZCU104FPGATestHarness.RocketZCU104JLinkDiagFullPSLPDConfig/gen-collateral/ram_data_3x64.sv:3]
INFO: [Synth 8-6155] done synthesizing module 'Queue3_BankedStoreInnerDecoded' (168#1) [Z:/root/chipyard/fpga/generated-src/chipyard.fpga.zcu104.ZCU104FPGATestHarness.RocketZCU104JLinkDiagFullPSLPDConfig/gen-collateral/Queue3_BankedStoreInnerDecoded.sv:59]
INFO: [Synth 8-6157] synthesizing module 'Atomics' [Z:/root/chipyard/fpga/generated-src/chipyard.fpga.zcu104.ZCU104FPGATestHarness.RocketZCU104JLinkDiagFullPSLPDConfig/gen-collateral/Atomics.sv:2]
INFO: [Synth 8-6155] done synthesizing module 'Atomics' (169#1) [Z:/root/chipyard/fpga/generated-src/chipyard.fpga.zcu104.ZCU104FPGATestHarness.RocketZCU104JLinkDiagFullPSLPDConfig/gen-collateral/Atomics.sv:2]
WARNING: [Synth 8-6014] Unused sequential element s2_pdata_r_corrupt_reg was removed.  [Z:/root/chipyard/fpga/generated-src/chipyard.fpga.zcu104.ZCU104FPGATestHarness.RocketZCU104JLinkDiagFullPSLPDConfig/gen-collateral/SourceD.sv:346]
WARNING: [Synth 8-6014] Unused sequential element s3_pdata_corrupt_reg was removed.  [Z:/root/chipyard/fpga/generated-src/chipyard.fpga.zcu104.ZCU104FPGATestHarness.RocketZCU104JLinkDiagFullPSLPDConfig/gen-collateral/SourceD.sv:363]
WARNING: [Synth 8-6014] Unused sequential element s4_need_pb_reg was removed.  [Z:/root/chipyard/fpga/generated-src/chipyard.fpga.zcu104.ZCU104FPGATestHarness.RocketZCU104JLinkDiagFullPSLPDConfig/gen-collateral/SourceD.sv:371]
WARNING: [Synth 8-6014] Unused sequential element s4_pdata_corrupt_reg was removed.  [Z:/root/chipyard/fpga/generated-src/chipyard.fpga.zcu104.ZCU104FPGATestHarness.RocketZCU104JLinkDiagFullPSLPDConfig/gen-collateral/SourceD.sv:379]
INFO: [Synth 8-6155] done synthesizing module 'SourceD' (170#1) [Z:/root/chipyard/fpga/generated-src/chipyard.fpga.zcu104.ZCU104FPGATestHarness.RocketZCU104JLinkDiagFullPSLPDConfig/gen-collateral/SourceD.sv:64]
INFO: [Synth 8-6157] synthesizing module 'SourceE' [Z:/root/chipyard/fpga/generated-src/chipyard.fpga.zcu104.ZCU104FPGATestHarness.RocketZCU104JLinkDiagFullPSLPDConfig/gen-collateral/SourceE.sv:2]
INFO: [Synth 8-6157] synthesizing module 'Queue2_TLBundleE_a32d64s3k3z3c' [Z:/root/chipyard/fpga/generated-src/chipyard.fpga.zcu104.ZCU104FPGATestHarness.RocketZCU104JLinkDiagFullPSLPDConfig/gen-collateral/Queue2_TLBundleE_a32d64s3k3z3c.sv:59]
INFO: [Synth 8-6157] synthesizing module 'ram_sink_2x3' [Z:/root/chipyard/fpga/generated-src/chipyard.fpga.zcu104.ZCU104FPGATestHarness.RocketZCU104JLinkDiagFullPSLPDConfig/gen-collateral/ram_sink_2x3.sv:3]
INFO: [Synth 8-6155] done synthesizing module 'ram_sink_2x3' (171#1) [Z:/root/chipyard/fpga/generated-src/chipyard.fpga.zcu104.ZCU104FPGATestHarness.RocketZCU104JLinkDiagFullPSLPDConfig/gen-collateral/ram_sink_2x3.sv:3]
INFO: [Synth 8-6155] done synthesizing module 'Queue2_TLBundleE_a32d64s3k3z3c' (172#1) [Z:/root/chipyard/fpga/generated-src/chipyard.fpga.zcu104.ZCU104FPGATestHarness.RocketZCU104JLinkDiagFullPSLPDConfig/gen-collateral/Queue2_TLBundleE_a32d64s3k3z3c.sv:59]
INFO: [Synth 8-6155] done synthesizing module 'SourceE' (173#1) [Z:/root/chipyard/fpga/generated-src/chipyard.fpga.zcu104.ZCU104FPGATestHarness.RocketZCU104JLinkDiagFullPSLPDConfig/gen-collateral/SourceE.sv:2]
INFO: [Synth 8-6157] synthesizing module 'SourceX' [Z:/root/chipyard/fpga/generated-src/chipyard.fpga.zcu104.ZCU104FPGATestHarness.RocketZCU104JLinkDiagFullPSLPDConfig/gen-collateral/SourceX.sv:2]
INFO: [Synth 8-6157] synthesizing module 'Queue1_SourceXRequest' [Z:/root/chipyard/fpga/generated-src/chipyard.fpga.zcu104.ZCU104FPGATestHarness.RocketZCU104JLinkDiagFullPSLPDConfig/gen-collateral/Queue1_SourceXRequest.sv:46]
INFO: [Synth 8-6155] done synthesizing module 'Queue1_SourceXRequest' (174#1) [Z:/root/chipyard/fpga/generated-src/chipyard.fpga.zcu104.ZCU104FPGATestHarness.RocketZCU104JLinkDiagFullPSLPDConfig/gen-collateral/Queue1_SourceXRequest.sv:46]
INFO: [Synth 8-6155] done synthesizing module 'SourceX' (175#1) [Z:/root/chipyard/fpga/generated-src/chipyard.fpga.zcu104.ZCU104FPGATestHarness.RocketZCU104JLinkDiagFullPSLPDConfig/gen-collateral/SourceX.sv:2]
INFO: [Synth 8-6157] synthesizing module 'SinkA' [Z:/root/chipyard/fpga/generated-src/chipyard.fpga.zcu104.ZCU104FPGATestHarness.RocketZCU104JLinkDiagFullPSLPDConfig/gen-collateral/SinkA.sv:46]
INFO: [Synth 8-6157] synthesizing module 'ListBuffer_PutBufferAEntry_q40_e40' [Z:/root/chipyard/fpga/generated-src/chipyard.fpga.zcu104.ZCU104FPGATestHarness.RocketZCU104JLinkDiagFullPSLPDConfig/gen-collateral/ListBuffer_PutBufferAEntry_q40_e40.sv:77]
INFO: [Synth 8-6157] synthesizing module 'head_40x6' [Z:/root/chipyard/fpga/generated-src/chipyard.fpga.zcu104.ZCU104FPGATestHarness.RocketZCU104JLinkDiagFullPSLPDConfig/gen-collateral/head_40x6.sv:3]
WARNING: [Synth 8-4767] Trying to implement RAM 'Memory_reg' in registers. Block RAM or DRAM implementation is not possible; see log for reasons.
Reason is one or more of the following :
	1: RAM has multiple writes via different ports in same process. If RAM inferencing intended, write to one port per process. 
	2: Unable to determine number of words or word size in RAM. 
	3: No valid read/write found for RAM. 
RAM "Memory_reg" dissolved into registers
INFO: [Synth 8-6155] done synthesizing module 'head_40x6' (176#1) [Z:/root/chipyard/fpga/generated-src/chipyard.fpga.zcu104.ZCU104FPGATestHarness.RocketZCU104JLinkDiagFullPSLPDConfig/gen-collateral/head_40x6.sv:3]
INFO: [Synth 8-6157] synthesizing module 'tail_40x6' [Z:/root/chipyard/fpga/generated-src/chipyard.fpga.zcu104.ZCU104FPGATestHarness.RocketZCU104JLinkDiagFullPSLPDConfig/gen-collateral/tail_40x6.sv:3]
INFO: [Synth 8-6155] done synthesizing module 'tail_40x6' (177#1) [Z:/root/chipyard/fpga/generated-src/chipyard.fpga.zcu104.ZCU104FPGATestHarness.RocketZCU104JLinkDiagFullPSLPDConfig/gen-collateral/tail_40x6.sv:3]
INFO: [Synth 8-6157] synthesizing module 'next_40x6' [Z:/root/chipyard/fpga/generated-src/chipyard.fpga.zcu104.ZCU104FPGATestHarness.RocketZCU104JLinkDiagFullPSLPDConfig/gen-collateral/next_40x6.sv:3]
INFO: [Synth 8-6155] done synthesizing module 'next_40x6' (178#1) [Z:/root/chipyard/fpga/generated-src/chipyard.fpga.zcu104.ZCU104FPGATestHarness.RocketZCU104JLinkDiagFullPSLPDConfig/gen-collateral/next_40x6.sv:3]
INFO: [Synth 8-6157] synthesizing module 'data_40x73' [Z:/root/chipyard/fpga/generated-src/chipyard.fpga.zcu104.ZCU104FPGATestHarness.RocketZCU104JLinkDiagFullPSLPDConfig/gen-collateral/data_40x73.sv:3]
INFO: [Synth 8-6155] done synthesizing module 'data_40x73' (179#1) [Z:/root/chipyard/fpga/generated-src/chipyard.fpga.zcu104.ZCU104FPGATestHarness.RocketZCU104JLinkDiagFullPSLPDConfig/gen-collateral/data_40x73.sv:3]
INFO: [Synth 8-6155] done synthesizing module 'ListBuffer_PutBufferAEntry_q40_e40' (180#1) [Z:/root/chipyard/fpga/generated-src/chipyard.fpga.zcu104.ZCU104FPGATestHarness.RocketZCU104JLinkDiagFullPSLPDConfig/gen-collateral/ListBuffer_PutBufferAEntry_q40_e40.sv:77]
INFO: [Synth 8-6155] done synthesizing module 'SinkA' (181#1) [Z:/root/chipyard/fpga/generated-src/chipyard.fpga.zcu104.ZCU104FPGATestHarness.RocketZCU104JLinkDiagFullPSLPDConfig/gen-collateral/SinkA.sv:46]
INFO: [Synth 8-6157] synthesizing module 'SinkC' [Z:/root/chipyard/fpga/generated-src/chipyard.fpga.zcu104.ZCU104FPGATestHarness.RocketZCU104JLinkDiagFullPSLPDConfig/gen-collateral/SinkC.sv:64]
INFO: [Synth 8-6157] synthesizing module 'Queue2_TLBundleC_a32d64s3k3z3c' [Z:/root/chipyard/fpga/generated-src/chipyard.fpga.zcu104.ZCU104FPGATestHarness.RocketZCU104JLinkDiagFullPSLPDConfig/gen-collateral/Queue2_TLBundleC_a32d64s3k3z3c.sv:59]
INFO: [Synth 8-6157] synthesizing module 'ram_2x109' [Z:/root/chipyard/fpga/generated-src/chipyard.fpga.zcu104.ZCU104FPGATestHarness.RocketZCU104JLinkDiagFullPSLPDConfig/gen-collateral/ram_2x109.sv:3]
INFO: [Synth 8-6155] done synthesizing module 'ram_2x109' (182#1) [Z:/root/chipyard/fpga/generated-src/chipyard.fpga.zcu104.ZCU104FPGATestHarness.RocketZCU104JLinkDiagFullPSLPDConfig/gen-collateral/ram_2x109.sv:3]
INFO: [Synth 8-6155] done synthesizing module 'Queue2_TLBundleC_a32d64s3k3z3c' (183#1) [Z:/root/chipyard/fpga/generated-src/chipyard.fpga.zcu104.ZCU104FPGATestHarness.RocketZCU104JLinkDiagFullPSLPDConfig/gen-collateral/Queue2_TLBundleC_a32d64s3k3z3c.sv:59]
INFO: [Synth 8-6157] synthesizing module 'Queue1_BankedStoreInnerAddress' [Z:/root/chipyard/fpga/generated-src/chipyard.fpga.zcu104.ZCU104FPGATestHarness.RocketZCU104JLinkDiagFullPSLPDConfig/gen-collateral/Queue1_BankedStoreInnerAddress.sv:46]
INFO: [Synth 8-6155] done synthesizing module 'Queue1_BankedStoreInnerAddress' (184#1) [Z:/root/chipyard/fpga/generated-src/chipyard.fpga.zcu104.ZCU104FPGATestHarness.RocketZCU104JLinkDiagFullPSLPDConfig/gen-collateral/Queue1_BankedStoreInnerAddress.sv:46]
INFO: [Synth 8-6157] synthesizing module 'ListBuffer_PutBufferCEntry_q2_e16' [Z:/root/chipyard/fpga/generated-src/chipyard.fpga.zcu104.ZCU104FPGATestHarness.RocketZCU104JLinkDiagFullPSLPDConfig/gen-collateral/ListBuffer_PutBufferCEntry_q2_e16.sv:77]
INFO: [Synth 8-6157] synthesizing module 'head_2x4' [Z:/root/chipyard/fpga/generated-src/chipyard.fpga.zcu104.ZCU104FPGATestHarness.RocketZCU104JLinkDiagFullPSLPDConfig/gen-collateral/head_2x4.sv:3]
WARNING: [Synth 8-4767] Trying to implement RAM 'Memory_reg' in registers. Block RAM or DRAM implementation is not possible; see log for reasons.
Reason is one or more of the following :
	1: RAM has multiple writes via different ports in same process. If RAM inferencing intended, write to one port per process. 
	2: Unable to determine number of words or word size in RAM. 
	3: No valid read/write found for RAM. 
RAM "Memory_reg" dissolved into registers
INFO: [Synth 8-6155] done synthesizing module 'head_2x4' (185#1) [Z:/root/chipyard/fpga/generated-src/chipyard.fpga.zcu104.ZCU104FPGATestHarness.RocketZCU104JLinkDiagFullPSLPDConfig/gen-collateral/head_2x4.sv:3]
INFO: [Synth 8-6157] synthesizing module 'tail_2x4' [Z:/root/chipyard/fpga/generated-src/chipyard.fpga.zcu104.ZCU104FPGATestHarness.RocketZCU104JLinkDiagFullPSLPDConfig/gen-collateral/tail_2x4.sv:3]
INFO: [Synth 8-6155] done synthesizing module 'tail_2x4' (186#1) [Z:/root/chipyard/fpga/generated-src/chipyard.fpga.zcu104.ZCU104FPGATestHarness.RocketZCU104JLinkDiagFullPSLPDConfig/gen-collateral/tail_2x4.sv:3]
INFO: [Synth 8-6157] synthesizing module 'next_16x4' [Z:/root/chipyard/fpga/generated-src/chipyard.fpga.zcu104.ZCU104FPGATestHarness.RocketZCU104JLinkDiagFullPSLPDConfig/gen-collateral/next_16x4.sv:3]
INFO: [Synth 8-6155] done synthesizing module 'next_16x4' (187#1) [Z:/root/chipyard/fpga/generated-src/chipyard.fpga.zcu104.ZCU104FPGATestHarness.RocketZCU104JLinkDiagFullPSLPDConfig/gen-collateral/next_16x4.sv:3]
INFO: [Synth 8-6157] synthesizing module 'data_16x65' [Z:/root/chipyard/fpga/generated-src/chipyard.fpga.zcu104.ZCU104FPGATestHarness.RocketZCU104JLinkDiagFullPSLPDConfig/gen-collateral/data_16x65.sv:3]
INFO: [Synth 8-6155] done synthesizing module 'data_16x65' (188#1) [Z:/root/chipyard/fpga/generated-src/chipyard.fpga.zcu104.ZCU104FPGATestHarness.RocketZCU104JLinkDiagFullPSLPDConfig/gen-collateral/data_16x65.sv:3]
INFO: [Synth 8-6155] done synthesizing module 'ListBuffer_PutBufferCEntry_q2_e16' (189#1) [Z:/root/chipyard/fpga/generated-src/chipyard.fpga.zcu104.ZCU104FPGATestHarness.RocketZCU104JLinkDiagFullPSLPDConfig/gen-collateral/ListBuffer_PutBufferCEntry_q2_e16.sv:77]
INFO: [Synth 8-6155] done synthesizing module 'SinkC' (190#1) [Z:/root/chipyard/fpga/generated-src/chipyard.fpga.zcu104.ZCU104FPGATestHarness.RocketZCU104JLinkDiagFullPSLPDConfig/gen-collateral/SinkC.sv:64]
INFO: [Synth 8-6157] synthesizing module 'SinkD' [Z:/root/chipyard/fpga/generated-src/chipyard.fpga.zcu104.ZCU104FPGATestHarness.RocketZCU104JLinkDiagFullPSLPDConfig/gen-collateral/SinkD.sv:64]
INFO: [Synth 8-6157] synthesizing module 'Queue2_TLBundleD_a32d64s3k3z3c' [Z:/root/chipyard/fpga/generated-src/chipyard.fpga.zcu104.ZCU104FPGATestHarness.RocketZCU104JLinkDiagFullPSLPDConfig/gen-collateral/Queue2_TLBundleD_a32d64s3k3z3c.sv:59]
INFO: [Synth 8-6155] done synthesizing module 'Queue2_TLBundleD_a32d64s3k3z3c' (191#1) [Z:/root/chipyard/fpga/generated-src/chipyard.fpga.zcu104.ZCU104FPGATestHarness.RocketZCU104JLinkDiagFullPSLPDConfig/gen-collateral/Queue2_TLBundleD_a32d64s3k3z3c.sv:59]
INFO: [Synth 8-6155] done synthesizing module 'SinkD' (192#1) [Z:/root/chipyard/fpga/generated-src/chipyard.fpga.zcu104.ZCU104FPGATestHarness.RocketZCU104JLinkDiagFullPSLPDConfig/gen-collateral/SinkD.sv:64]
INFO: [Synth 8-6157] synthesizing module 'SinkE' [Z:/root/chipyard/fpga/generated-src/chipyard.fpga.zcu104.ZCU104FPGATestHarness.RocketZCU104JLinkDiagFullPSLPDConfig/gen-collateral/SinkE.sv:2]
INFO: [Synth 8-6155] done synthesizing module 'SinkE' (193#1) [Z:/root/chipyard/fpga/generated-src/chipyard.fpga.zcu104.ZCU104FPGATestHarness.RocketZCU104JLinkDiagFullPSLPDConfig/gen-collateral/SinkE.sv:2]
INFO: [Synth 8-6157] synthesizing module 'SinkX' [Z:/root/chipyard/fpga/generated-src/chipyard.fpga.zcu104.ZCU104FPGATestHarness.RocketZCU104JLinkDiagFullPSLPDConfig/gen-collateral/SinkX.sv:2]
INFO: [Synth 8-6157] synthesizing module 'Queue1_SinkXRequest' [Z:/root/chipyard/fpga/generated-src/chipyard.fpga.zcu104.ZCU104FPGATestHarness.RocketZCU104JLinkDiagFullPSLPDConfig/gen-collateral/Queue1_SinkXRequest.sv:46]
INFO: [Synth 8-6155] done synthesizing module 'Queue1_SinkXRequest' (194#1) [Z:/root/chipyard/fpga/generated-src/chipyard.fpga.zcu104.ZCU104FPGATestHarness.RocketZCU104JLinkDiagFullPSLPDConfig/gen-collateral/Queue1_SinkXRequest.sv:46]
INFO: [Synth 8-6155] done synthesizing module 'SinkX' (195#1) [Z:/root/chipyard/fpga/generated-src/chipyard.fpga.zcu104.ZCU104FPGATestHarness.RocketZCU104JLinkDiagFullPSLPDConfig/gen-collateral/SinkX.sv:2]
INFO: [Synth 8-6157] synthesizing module 'Directory' [Z:/root/chipyard/fpga/generated-src/chipyard.fpga.zcu104.ZCU104FPGATestHarness.RocketZCU104JLinkDiagFullPSLPDConfig/gen-collateral/Directory.sv:64]
INFO: [Synth 8-6157] synthesizing module 'cc_dir' [Z:/root/chipyard/fpga/generated-src/chipyard.fpga.zcu104.ZCU104FPGATestHarness.RocketZCU104JLinkDiagFullPSLPDConfig/gen-collateral/cc_dir.sv:2]
INFO: [Synth 8-6157] synthesizing module 'cc_dir_ext' [Z:/root/chipyard/fpga/generated-src/chipyard.fpga.zcu104.ZCU104FPGATestHarness.RocketZCU104JLinkDiagFullPSLPDConfig/gen-collateral/chipyard.fpga.zcu104.ZCU104FPGATestHarness.RocketZCU104JLinkDiagFullPSLPDConfig.top.mems.v:1]
INFO: [Synth 8-6157] synthesizing module 'split_cc_dir_ext' [Z:/root/chipyard/fpga/generated-src/chipyard.fpga.zcu104.ZCU104FPGATestHarness.RocketZCU104JLinkDiagFullPSLPDConfig/gen-collateral/chipyard.fpga.zcu104.ZCU104FPGATestHarness.RocketZCU104JLinkDiagFullPSLPDConfig.top.mems.v:2519]
WARNING: [Synth 8-6014] Unused sequential element ram_RW_0_r_en_pipe_0_reg was removed.  [Z:/root/chipyard/fpga/generated-src/chipyard.fpga.zcu104.ZCU104FPGATestHarness.RocketZCU104JLinkDiagFullPSLPDConfig/gen-collateral/chipyard.fpga.zcu104.ZCU104FPGATestHarness.RocketZCU104JLinkDiagFullPSLPDConfig.top.mems.v:2545]
INFO: [Synth 8-6155] done synthesizing module 'split_cc_dir_ext' (196#1) [Z:/root/chipyard/fpga/generated-src/chipyard.fpga.zcu104.ZCU104FPGATestHarness.RocketZCU104JLinkDiagFullPSLPDConfig/gen-collateral/chipyard.fpga.zcu104.ZCU104FPGATestHarness.RocketZCU104JLinkDiagFullPSLPDConfig.top.mems.v:2519]
INFO: [Synth 8-6155] done synthesizing module 'cc_dir_ext' (197#1) [Z:/root/chipyard/fpga/generated-src/chipyard.fpga.zcu104.ZCU104FPGATestHarness.RocketZCU104JLinkDiagFullPSLPDConfig/gen-collateral/chipyard.fpga.zcu104.ZCU104FPGATestHarness.RocketZCU104JLinkDiagFullPSLPDConfig.top.mems.v:1]
INFO: [Synth 8-6155] done synthesizing module 'cc_dir' (198#1) [Z:/root/chipyard/fpga/generated-src/chipyard.fpga.zcu104.ZCU104FPGATestHarness.RocketZCU104JLinkDiagFullPSLPDConfig/gen-collateral/cc_dir.sv:2]
INFO: [Synth 8-6157] synthesizing module 'Queue1_DirectoryWrite' [Z:/root/chipyard/fpga/generated-src/chipyard.fpga.zcu104.ZCU104FPGATestHarness.RocketZCU104JLinkDiagFullPSLPDConfig/gen-collateral/Queue1_DirectoryWrite.sv:46]
INFO: [Synth 8-6155] done synthesizing module 'Queue1_DirectoryWrite' (199#1) [Z:/root/chipyard/fpga/generated-src/chipyard.fpga.zcu104.ZCU104FPGATestHarness.RocketZCU104JLinkDiagFullPSLPDConfig/gen-collateral/Queue1_DirectoryWrite.sv:46]
INFO: [Synth 8-6157] synthesizing module 'MaxPeriodFibonacciLFSR' [Z:/root/chipyard/fpga/generated-src/chipyard.fpga.zcu104.ZCU104FPGATestHarness.RocketZCU104JLinkDiagFullPSLPDConfig/gen-collateral/MaxPeriodFibonacciLFSR.sv:46]
INFO: [Synth 8-6155] done synthesizing module 'MaxPeriodFibonacciLFSR' (200#1) [Z:/root/chipyard/fpga/generated-src/chipyard.fpga.zcu104.ZCU104FPGATestHarness.RocketZCU104JLinkDiagFullPSLPDConfig/gen-collateral/MaxPeriodFibonacciLFSR.sv:46]
WARNING: [Synth 8-6014] Unused sequential element ren1_reg was removed.  [Z:/root/chipyard/fpga/generated-src/chipyard.fpga.zcu104.ZCU104FPGATestHarness.RocketZCU104JLinkDiagFullPSLPDConfig/gen-collateral/Directory.sv:192]
INFO: [Synth 8-6155] done synthesizing module 'Directory' (201#1) [Z:/root/chipyard/fpga/generated-src/chipyard.fpga.zcu104.ZCU104FPGATestHarness.RocketZCU104JLinkDiagFullPSLPDConfig/gen-collateral/Directory.sv:64]
INFO: [Synth 8-6157] synthesizing module 'BankedStore' [Z:/root/chipyard/fpga/generated-src/chipyard.fpga.zcu104.ZCU104FPGATestHarness.RocketZCU104JLinkDiagFullPSLPDConfig/gen-collateral/BankedStore.sv:46]
INFO: [Synth 8-6157] synthesizing module 'cc_banks_0' [Z:/root/chipyard/fpga/generated-src/chipyard.fpga.zcu104.ZCU104FPGATestHarness.RocketZCU104JLinkDiagFullPSLPDConfig/gen-collateral/cc_banks_0.sv:2]
INFO: [Synth 8-6157] synthesizing module 'cc_banks_0_ext' [Z:/root/chipyard/fpga/generated-src/chipyard.fpga.zcu104.ZCU104FPGATestHarness.RocketZCU104JLinkDiagFullPSLPDConfig/gen-collateral/chipyard.fpga.zcu104.ZCU104FPGATestHarness.RocketZCU104JLinkDiagFullPSLPDConfig.top.mems.v:199]
INFO: [Synth 8-6157] synthesizing module 'split_cc_banks_0_ext' [Z:/root/chipyard/fpga/generated-src/chipyard.fpga.zcu104.ZCU104FPGATestHarness.RocketZCU104JLinkDiagFullPSLPDConfig/gen-collateral/chipyard.fpga.zcu104.ZCU104FPGATestHarness.RocketZCU104JLinkDiagFullPSLPDConfig.top.mems.v:2616]
WARNING: [Synth 8-6014] Unused sequential element ram_RW_0_r_en_pipe_0_reg was removed.  [Z:/root/chipyard/fpga/generated-src/chipyard.fpga.zcu104.ZCU104FPGATestHarness.RocketZCU104JLinkDiagFullPSLPDConfig/gen-collateral/chipyard.fpga.zcu104.ZCU104FPGATestHarness.RocketZCU104JLinkDiagFullPSLPDConfig.top.mems.v:2641]
INFO: [Synth 8-6155] done synthesizing module 'split_cc_banks_0_ext' (202#1) [Z:/root/chipyard/fpga/generated-src/chipyard.fpga.zcu104.ZCU104FPGATestHarness.RocketZCU104JLinkDiagFullPSLPDConfig/gen-collateral/chipyard.fpga.zcu104.ZCU104FPGATestHarness.RocketZCU104JLinkDiagFullPSLPDConfig.top.mems.v:2616]
INFO: [Synth 8-6155] done synthesizing module 'cc_banks_0_ext' (203#1) [Z:/root/chipyard/fpga/generated-src/chipyard.fpga.zcu104.ZCU104FPGATestHarness.RocketZCU104JLinkDiagFullPSLPDConfig/gen-collateral/chipyard.fpga.zcu104.ZCU104FPGATestHarness.RocketZCU104JLinkDiagFullPSLPDConfig.top.mems.v:199]
INFO: [Synth 8-6155] done synthesizing module 'cc_banks_0' (204#1) [Z:/root/chipyard/fpga/generated-src/chipyard.fpga.zcu104.ZCU104FPGATestHarness.RocketZCU104JLinkDiagFullPSLPDConfig/gen-collateral/cc_banks_0.sv:2]
INFO: [Synth 8-6157] synthesizing module 'cc_banks_1' [Z:/root/chipyard/fpga/generated-src/chipyard.fpga.zcu104.ZCU104FPGATestHarness.RocketZCU104JLinkDiagFullPSLPDConfig/gen-collateral/cc_banks_1.sv:2]
INFO: [Synth 8-6155] done synthesizing module 'cc_banks_1' (205#1) [Z:/root/chipyard/fpga/generated-src/chipyard.fpga.zcu104.ZCU104FPGATestHarness.RocketZCU104JLinkDiagFullPSLPDConfig/gen-collateral/cc_banks_1.sv:2]
INFO: [Synth 8-6157] synthesizing module 'cc_banks_2' [Z:/root/chipyard/fpga/generated-src/chipyard.fpga.zcu104.ZCU104FPGATestHarness.RocketZCU104JLinkDiagFullPSLPDConfig/gen-collateral/cc_banks_2.sv:2]
INFO: [Synth 8-6155] done synthesizing module 'cc_banks_2' (206#1) [Z:/root/chipyard/fpga/generated-src/chipyard.fpga.zcu104.ZCU104FPGATestHarness.RocketZCU104JLinkDiagFullPSLPDConfig/gen-collateral/cc_banks_2.sv:2]
INFO: [Synth 8-6157] synthesizing module 'cc_banks_3' [Z:/root/chipyard/fpga/generated-src/chipyard.fpga.zcu104.ZCU104FPGATestHarness.RocketZCU104JLinkDiagFullPSLPDConfig/gen-collateral/cc_banks_3.sv:2]
INFO: [Synth 8-6155] done synthesizing module 'cc_banks_3' (207#1) [Z:/root/chipyard/fpga/generated-src/chipyard.fpga.zcu104.ZCU104FPGATestHarness.RocketZCU104JLinkDiagFullPSLPDConfig/gen-collateral/cc_banks_3.sv:2]
INFO: [Synth 8-6155] done synthesizing module 'BankedStore' (208#1) [Z:/root/chipyard/fpga/generated-src/chipyard.fpga.zcu104.ZCU104FPGATestHarness.RocketZCU104JLinkDiagFullPSLPDConfig/gen-collateral/BankedStore.sv:46]
INFO: [Synth 8-6157] synthesizing module 'ListBuffer_QueuedRequest_q21_e33' [Z:/root/chipyard/fpga/generated-src/chipyard.fpga.zcu104.ZCU104FPGATestHarness.RocketZCU104JLinkDiagFullPSLPDConfig/gen-collateral/ListBuffer_QueuedRequest_q21_e33.sv:77]
INFO: [Synth 8-6157] synthesizing module 'head_21x6' [Z:/root/chipyard/fpga/generated-src/chipyard.fpga.zcu104.ZCU104FPGATestHarness.RocketZCU104JLinkDiagFullPSLPDConfig/gen-collateral/head_21x6.sv:3]
WARNING: [Synth 8-4767] Trying to implement RAM 'Memory_reg' in registers. Block RAM or DRAM implementation is not possible; see log for reasons.
Reason is one or more of the following :
	1: RAM has multiple writes via different ports in same process. If RAM inferencing intended, write to one port per process. 
	2: Unable to determine number of words or word size in RAM. 
	3: No valid read/write found for RAM. 
RAM "Memory_reg" dissolved into registers
INFO: [Synth 8-6155] done synthesizing module 'head_21x6' (209#1) [Z:/root/chipyard/fpga/generated-src/chipyard.fpga.zcu104.ZCU104FPGATestHarness.RocketZCU104JLinkDiagFullPSLPDConfig/gen-collateral/head_21x6.sv:3]
INFO: [Synth 8-6157] synthesizing module 'tail_21x6' [Z:/root/chipyard/fpga/generated-src/chipyard.fpga.zcu104.ZCU104FPGATestHarness.RocketZCU104JLinkDiagFullPSLPDConfig/gen-collateral/tail_21x6.sv:3]
INFO: [Synth 8-6155] done synthesizing module 'tail_21x6' (210#1) [Z:/root/chipyard/fpga/generated-src/chipyard.fpga.zcu104.ZCU104FPGATestHarness.RocketZCU104JLinkDiagFullPSLPDConfig/gen-collateral/tail_21x6.sv:3]
INFO: [Synth 8-6157] synthesizing module 'next_33x6' [Z:/root/chipyard/fpga/generated-src/chipyard.fpga.zcu104.ZCU104FPGATestHarness.RocketZCU104JLinkDiagFullPSLPDConfig/gen-collateral/next_33x6.sv:3]
INFO: [Synth 8-6155] done synthesizing module 'next_33x6' (211#1) [Z:/root/chipyard/fpga/generated-src/chipyard.fpga.zcu104.ZCU104FPGATestHarness.RocketZCU104JLinkDiagFullPSLPDConfig/gen-collateral/next_33x6.sv:3]
INFO: [Synth 8-6157] synthesizing module 'data_33x44' [Z:/root/chipyard/fpga/generated-src/chipyard.fpga.zcu104.ZCU104FPGATestHarness.RocketZCU104JLinkDiagFullPSLPDConfig/gen-collateral/data_33x44.sv:3]
INFO: [Synth 8-6155] done synthesizing module 'data_33x44' (212#1) [Z:/root/chipyard/fpga/generated-src/chipyard.fpga.zcu104.ZCU104FPGATestHarness.RocketZCU104JLinkDiagFullPSLPDConfig/gen-collateral/data_33x44.sv:3]
INFO: [Synth 8-6155] done synthesizing module 'ListBuffer_QueuedRequest_q21_e33' (213#1) [Z:/root/chipyard/fpga/generated-src/chipyard.fpga.zcu104.ZCU104FPGATestHarness.RocketZCU104JLinkDiagFullPSLPDConfig/gen-collateral/ListBuffer_QueuedRequest_q21_e33.sv:77]
INFO: [Synth 8-6157] synthesizing module 'MSHR' [Z:/root/chipyard/fpga/generated-src/chipyard.fpga.zcu104.ZCU104FPGATestHarness.RocketZCU104JLinkDiagFullPSLPDConfig/gen-collateral/MSHR.sv:64]
INFO: [Synth 8-6155] done synthesizing module 'MSHR' (214#1) [Z:/root/chipyard/fpga/generated-src/chipyard.fpga.zcu104.ZCU104FPGATestHarness.RocketZCU104JLinkDiagFullPSLPDConfig/gen-collateral/MSHR.sv:64]
INFO: [Synth 8-6155] done synthesizing module 'InclusiveCacheBankScheduler' (215#1) [Z:/root/chipyard/fpga/generated-src/chipyard.fpga.zcu104.ZCU104FPGATestHarness.RocketZCU104JLinkDiagFullPSLPDConfig/gen-collateral/InclusiveCacheBankScheduler.sv:64]
INFO: [Synth 8-6155] done synthesizing module 'InclusiveCache' (216#1) [Z:/root/chipyard/fpga/generated-src/chipyard.fpga.zcu104.ZCU104FPGATestHarness.RocketZCU104JLinkDiagFullPSLPDConfig/gen-collateral/InclusiveCache.sv:2]
INFO: [Synth 8-6157] synthesizing module 'TLBuffer_a32d64s3k3z3c' [Z:/root/chipyard/fpga/generated-src/chipyard.fpga.zcu104.ZCU104FPGATestHarness.RocketZCU104JLinkDiagFullPSLPDConfig/gen-collateral/TLBuffer_a32d64s3k3z3c.sv:2]
INFO: [Synth 8-6157] synthesizing module 'Queue1_TLBundleA_a32d64s3k3z3c' [Z:/root/chipyard/fpga/generated-src/chipyard.fpga.zcu104.ZCU104FPGATestHarness.RocketZCU104JLinkDiagFullPSLPDConfig/gen-collateral/Queue1_TLBundleA_a32d64s3k3z3c.sv:46]
INFO: [Synth 8-6155] done synthesizing module 'Queue1_TLBundleA_a32d64s3k3z3c' (217#1) [Z:/root/chipyard/fpga/generated-src/chipyard.fpga.zcu104.ZCU104FPGATestHarness.RocketZCU104JLinkDiagFullPSLPDConfig/gen-collateral/Queue1_TLBundleA_a32d64s3k3z3c.sv:46]
INFO: [Synth 8-6157] synthesizing module 'Queue1_TLBundleD_a32d64s3k3z3c' [Z:/root/chipyard/fpga/generated-src/chipyard.fpga.zcu104.ZCU104FPGATestHarness.RocketZCU104JLinkDiagFullPSLPDConfig/gen-collateral/Queue1_TLBundleD_a32d64s3k3z3c.sv:46]
INFO: [Synth 8-6155] done synthesizing module 'Queue1_TLBundleD_a32d64s3k3z3c' (218#1) [Z:/root/chipyard/fpga/generated-src/chipyard.fpga.zcu104.ZCU104FPGATestHarness.RocketZCU104JLinkDiagFullPSLPDConfig/gen-collateral/Queue1_TLBundleD_a32d64s3k3z3c.sv:46]
INFO: [Synth 8-6155] done synthesizing module 'TLBuffer_a32d64s3k3z3c' (219#1) [Z:/root/chipyard/fpga/generated-src/chipyard.fpga.zcu104.ZCU104FPGATestHarness.RocketZCU104JLinkDiagFullPSLPDConfig/gen-collateral/TLBuffer_a32d64s3k3z3c.sv:2]
INFO: [Synth 8-6157] synthesizing module 'TLCacheCork' [Z:/root/chipyard/fpga/generated-src/chipyard.fpga.zcu104.ZCU104FPGATestHarness.RocketZCU104JLinkDiagFullPSLPDConfig/gen-collateral/TLCacheCork.sv:64]
INFO: [Synth 8-6157] synthesizing module 'IDPool' [Z:/root/chipyard/fpga/generated-src/chipyard.fpga.zcu104.ZCU104FPGATestHarness.RocketZCU104JLinkDiagFullPSLPDConfig/gen-collateral/IDPool.sv:64]
WARNING: [Synth 8-6014] Unused sequential element REG_reg was removed.  [Z:/root/chipyard/fpga/generated-src/chipyard.fpga.zcu104.ZCU104FPGATestHarness.RocketZCU104JLinkDiagFullPSLPDConfig/gen-collateral/IDPool.sv:119]
INFO: [Synth 8-6155] done synthesizing module 'IDPool' (220#1) [Z:/root/chipyard/fpga/generated-src/chipyard.fpga.zcu104.ZCU104FPGATestHarness.RocketZCU104JLinkDiagFullPSLPDConfig/gen-collateral/IDPool.sv:64]
INFO: [Synth 8-6155] done synthesizing module 'TLCacheCork' (221#1) [Z:/root/chipyard/fpga/generated-src/chipyard.fpga.zcu104.ZCU104FPGATestHarness.RocketZCU104JLinkDiagFullPSLPDConfig/gen-collateral/TLCacheCork.sv:64]
INFO: [Synth 8-6157] synthesizing module 'BankBinder' [Z:/root/chipyard/fpga/generated-src/chipyard.fpga.zcu104.ZCU104FPGATestHarness.RocketZCU104JLinkDiagFullPSLPDConfig/gen-collateral/BankBinder.sv:2]
INFO: [Synth 8-6155] done synthesizing module 'BankBinder' (222#1) [Z:/root/chipyard/fpga/generated-src/chipyard.fpga.zcu104.ZCU104FPGATestHarness.RocketZCU104JLinkDiagFullPSLPDConfig/gen-collateral/BankBinder.sv:2]
INFO: [Synth 8-6155] done synthesizing module 'CoherenceManagerWrapper' (223#1) [Z:/root/chipyard/fpga/generated-src/chipyard.fpga.zcu104.ZCU104FPGATestHarness.RocketZCU104JLinkDiagFullPSLPDConfig/gen-collateral/CoherenceManagerWrapper.sv:2]
INFO: [Synth 8-6157] synthesizing module 'TilePRCIDomain' [Z:/root/chipyard/fpga/generated-src/chipyard.fpga.zcu104.ZCU104FPGATestHarness.RocketZCU104JLinkDiagFullPSLPDConfig/gen-collateral/TilePRCIDomain.sv:2]
INFO: [Synth 8-6157] synthesizing module 'RocketTile' [Z:/root/chipyard/fpga/generated-src/chipyard.fpga.zcu104.ZCU104FPGATestHarness.RocketZCU104JLinkDiagFullPSLPDConfig/gen-collateral/RocketTile.sv:46]
INFO: [Synth 8-6157] synthesizing module 'TLXbar_MasterXbar_RocketTile_i2_o1_a32d64s2k3z4c' [Z:/root/chipyard/fpga/generated-src/chipyard.fpga.zcu104.ZCU104FPGATestHarness.RocketZCU104JLinkDiagFullPSLPDConfig/gen-collateral/TLXbar_MasterXbar_RocketTile_i2_o1_a32d64s2k3z4c.sv:64]
INFO: [Synth 8-6155] done synthesizing module 'TLXbar_MasterXbar_RocketTile_i2_o1_a32d64s2k3z4c' (224#1) [Z:/root/chipyard/fpga/generated-src/chipyard.fpga.zcu104.ZCU104FPGATestHarness.RocketZCU104JLinkDiagFullPSLPDConfig/gen-collateral/TLXbar_MasterXbar_RocketTile_i2_o1_a32d64s2k3z4c.sv:64]
INFO: [Synth 8-6157] synthesizing module 'IntXbar_i4_o1_1' [Z:/root/chipyard/fpga/generated-src/chipyard.fpga.zcu104.ZCU104FPGATestHarness.RocketZCU104JLinkDiagFullPSLPDConfig/gen-collateral/IntXbar_i4_o1_1.sv:2]
INFO: [Synth 8-6155] done synthesizing module 'IntXbar_i4_o1_1' (225#1) [Z:/root/chipyard/fpga/generated-src/chipyard.fpga.zcu104.ZCU104FPGATestHarness.RocketZCU104JLinkDiagFullPSLPDConfig/gen-collateral/IntXbar_i4_o1_1.sv:2]
INFO: [Synth 8-6157] synthesizing module 'DCache' [Z:/root/chipyard/fpga/generated-src/chipyard.fpga.zcu104.ZCU104FPGATestHarness.RocketZCU104JLinkDiagFullPSLPDConfig/gen-collateral/DCache.sv:64]
INFO: [Synth 8-6157] synthesizing module 'OptimizationBarrier_TLBEntryData' [Z:/root/chipyard/fpga/generated-src/chipyard.fpga.zcu104.ZCU104FPGATestHarness.RocketZCU104JLinkDiagFullPSLPDConfig/gen-collateral/OptimizationBarrier_TLBEntryData.sv:2]
INFO: [Synth 8-6155] done synthesizing module 'OptimizationBarrier_TLBEntryData' (226#1) [Z:/root/chipyard/fpga/generated-src/chipyard.fpga.zcu104.ZCU104FPGATestHarness.RocketZCU104JLinkDiagFullPSLPDConfig/gen-collateral/OptimizationBarrier_TLBEntryData.sv:2]
INFO: [Synth 8-6157] synthesizing module 'PMPChecker_s3' [Z:/root/chipyard/fpga/generated-src/chipyard.fpga.zcu104.ZCU104FPGATestHarness.RocketZCU104JLinkDiagFullPSLPDConfig/gen-collateral/PMPChecker_s3.sv:2]
INFO: [Synth 8-6155] done synthesizing module 'PMPChecker_s3' (227#1) [Z:/root/chipyard/fpga/generated-src/chipyard.fpga.zcu104.ZCU104FPGATestHarness.RocketZCU104JLinkDiagFullPSLPDConfig/gen-collateral/PMPChecker_s3.sv:2]
INFO: [Synth 8-6157] synthesizing module 'PMAChecker' [Z:/root/chipyard/fpga/generated-src/chipyard.fpga.zcu104.ZCU104FPGATestHarness.RocketZCU104JLinkDiagFullPSLPDConfig/gen-collateral/PMAChecker.sv:2]
INFO: [Synth 8-6155] done synthesizing module 'PMAChecker' (228#1) [Z:/root/chipyard/fpga/generated-src/chipyard.fpga.zcu104.ZCU104FPGATestHarness.RocketZCU104JLinkDiagFullPSLPDConfig/gen-collateral/PMAChecker.sv:2]
WARNING: [Synth 8-4446] all outputs are unconnected for this instance and logic may be removed [Z:/root/chipyard/fpga/generated-src/chipyard.fpga.zcu104.ZCU104FPGATestHarness.RocketZCU104JLinkDiagFullPSLPDConfig/gen-collateral/DCache.sv:2805]
WARNING: [Synth 8-4446] all outputs are unconnected for this instance and logic may be removed [Z:/root/chipyard/fpga/generated-src/chipyard.fpga.zcu104.ZCU104FPGATestHarness.RocketZCU104JLinkDiagFullPSLPDConfig/gen-collateral/DCache.sv:2816]
WARNING: [Synth 8-4446] all outputs are unconnected for this instance and logic may be removed [Z:/root/chipyard/fpga/generated-src/chipyard.fpga.zcu104.ZCU104FPGATestHarness.RocketZCU104JLinkDiagFullPSLPDConfig/gen-collateral/DCache.sv:2852]
WARNING: [Synth 8-4446] all outputs are unconnected for this instance and logic may be removed [Z:/root/chipyard/fpga/generated-src/chipyard.fpga.zcu104.ZCU104FPGATestHarness.RocketZCU104JLinkDiagFullPSLPDConfig/gen-collateral/DCache.sv:2888]
WARNING: [Synth 8-4446] all outputs are unconnected for this instance and logic may be removed [Z:/root/chipyard/fpga/generated-src/chipyard.fpga.zcu104.ZCU104FPGATestHarness.RocketZCU104JLinkDiagFullPSLPDConfig/gen-collateral/DCache.sv:2924]
WARNING: [Synth 8-4446] all outputs are unconnected for this instance and logic may be removed [Z:/root/chipyard/fpga/generated-src/chipyard.fpga.zcu104.ZCU104FPGATestHarness.RocketZCU104JLinkDiagFullPSLPDConfig/gen-collateral/DCache.sv:2960]
WARNING: [Synth 8-4446] all outputs are unconnected for this instance and logic may be removed [Z:/root/chipyard/fpga/generated-src/chipyard.fpga.zcu104.ZCU104FPGATestHarness.RocketZCU104JLinkDiagFullPSLPDConfig/gen-collateral/DCache.sv:2996]
WARNING: [Synth 8-4446] all outputs are unconnected for this instance and logic may be removed [Z:/root/chipyard/fpga/generated-src/chipyard.fpga.zcu104.ZCU104FPGATestHarness.RocketZCU104JLinkDiagFullPSLPDConfig/gen-collateral/DCache.sv:3032]
WARNING: [Synth 8-4446] all outputs are unconnected for this instance and logic may be removed [Z:/root/chipyard/fpga/generated-src/chipyard.fpga.zcu104.ZCU104FPGATestHarness.RocketZCU104JLinkDiagFullPSLPDConfig/gen-collateral/DCache.sv:3068]
WARNING: [Synth 8-4446] all outputs are unconnected for this instance and logic may be removed [Z:/root/chipyard/fpga/generated-src/chipyard.fpga.zcu104.ZCU104FPGATestHarness.RocketZCU104JLinkDiagFullPSLPDConfig/gen-collateral/DCache.sv:3104]
WARNING: [Synth 8-4446] all outputs are unconnected for this instance and logic may be removed [Z:/root/chipyard/fpga/generated-src/chipyard.fpga.zcu104.ZCU104FPGATestHarness.RocketZCU104JLinkDiagFullPSLPDConfig/gen-collateral/DCache.sv:3140]
WARNING: [Synth 8-4446] all outputs are unconnected for this instance and logic may be removed [Z:/root/chipyard/fpga/generated-src/chipyard.fpga.zcu104.ZCU104FPGATestHarness.RocketZCU104JLinkDiagFullPSLPDConfig/gen-collateral/DCache.sv:3176]
WARNING: [Synth 8-4446] all outputs are unconnected for this instance and logic may be removed [Z:/root/chipyard/fpga/generated-src/chipyard.fpga.zcu104.ZCU104FPGATestHarness.RocketZCU104JLinkDiagFullPSLPDConfig/gen-collateral/DCache.sv:3212]
INFO: [Synth 8-6157] synthesizing module 'rockettile_dcache_tag_array' [Z:/root/chipyard/fpga/generated-src/chipyard.fpga.zcu104.ZCU104FPGATestHarness.RocketZCU104JLinkDiagFullPSLPDConfig/gen-collateral/rockettile_dcache_tag_array.sv:2]
INFO: [Synth 8-6157] synthesizing module 'rockettile_dcache_tag_array_ext' [Z:/root/chipyard/fpga/generated-src/chipyard.fpga.zcu104.ZCU104FPGATestHarness.RocketZCU104JLinkDiagFullPSLPDConfig/gen-collateral/chipyard.fpga.zcu104.ZCU104FPGATestHarness.RocketZCU104JLinkDiagFullPSLPDConfig.top.mems.v:1727]
INFO: [Synth 8-6157] synthesizing module 'split_rockettile_dcache_tag_array_ext' [Z:/root/chipyard/fpga/generated-src/chipyard.fpga.zcu104.ZCU104FPGATestHarness.RocketZCU104JLinkDiagFullPSLPDConfig/gen-collateral/chipyard.fpga.zcu104.ZCU104FPGATestHarness.RocketZCU104JLinkDiagFullPSLPDConfig.top.mems.v:2809]
WARNING: [Synth 8-6014] Unused sequential element ram_RW_0_r_en_pipe_0_reg was removed.  [Z:/root/chipyard/fpga/generated-src/chipyard.fpga.zcu104.ZCU104FPGATestHarness.RocketZCU104JLinkDiagFullPSLPDConfig/gen-collateral/chipyard.fpga.zcu104.ZCU104FPGATestHarness.RocketZCU104JLinkDiagFullPSLPDConfig.top.mems.v:2835]
INFO: [Synth 8-6155] done synthesizing module 'split_rockettile_dcache_tag_array_ext' (229#1) [Z:/root/chipyard/fpga/generated-src/chipyard.fpga.zcu104.ZCU104FPGATestHarness.RocketZCU104JLinkDiagFullPSLPDConfig/gen-collateral/chipyard.fpga.zcu104.ZCU104FPGATestHarness.RocketZCU104JLinkDiagFullPSLPDConfig.top.mems.v:2809]
INFO: [Synth 8-6155] done synthesizing module 'rockettile_dcache_tag_array_ext' (230#1) [Z:/root/chipyard/fpga/generated-src/chipyard.fpga.zcu104.ZCU104FPGATestHarness.RocketZCU104JLinkDiagFullPSLPDConfig/gen-collateral/chipyard.fpga.zcu104.ZCU104FPGATestHarness.RocketZCU104JLinkDiagFullPSLPDConfig.top.mems.v:1727]
INFO: [Synth 8-6155] done synthesizing module 'rockettile_dcache_tag_array' (231#1) [Z:/root/chipyard/fpga/generated-src/chipyard.fpga.zcu104.ZCU104FPGATestHarness.RocketZCU104JLinkDiagFullPSLPDConfig/gen-collateral/rockettile_dcache_tag_array.sv:2]
INFO: [Synth 8-6157] synthesizing module 'DCacheDataArray' [Z:/root/chipyard/fpga/generated-src/chipyard.fpga.zcu104.ZCU104FPGATestHarness.RocketZCU104JLinkDiagFullPSLPDConfig/gen-collateral/DCacheDataArray.sv:2]
INFO: [Synth 8-6157] synthesizing module 'rockettile_dcache_data_arrays_0' [Z:/root/chipyard/fpga/generated-src/chipyard.fpga.zcu104.ZCU104FPGATestHarness.RocketZCU104JLinkDiagFullPSLPDConfig/gen-collateral/rockettile_dcache_data_arrays_0.sv:2]
INFO: [Synth 8-6157] synthesizing module 'rockettile_dcache_data_arrays_0_ext' [Z:/root/chipyard/fpga/generated-src/chipyard.fpga.zcu104.ZCU104FPGATestHarness.RocketZCU104JLinkDiagFullPSLPDConfig/gen-collateral/chipyard.fpga.zcu104.ZCU104FPGATestHarness.RocketZCU104JLinkDiagFullPSLPDConfig.top.mems.v:229]
INFO: [Synth 8-6157] synthesizing module 'split_rockettile_dcache_data_arrays_0_ext' [Z:/root/chipyard/fpga/generated-src/chipyard.fpga.zcu104.ZCU104FPGATestHarness.RocketZCU104JLinkDiagFullPSLPDConfig/gen-collateral/chipyard.fpga.zcu104.ZCU104FPGATestHarness.RocketZCU104JLinkDiagFullPSLPDConfig.top.mems.v:2712]
WARNING: [Synth 8-6014] Unused sequential element ram_RW_0_r_en_pipe_0_reg was removed.  [Z:/root/chipyard/fpga/generated-src/chipyard.fpga.zcu104.ZCU104FPGATestHarness.RocketZCU104JLinkDiagFullPSLPDConfig/gen-collateral/chipyard.fpga.zcu104.ZCU104FPGATestHarness.RocketZCU104JLinkDiagFullPSLPDConfig.top.mems.v:2738]
INFO: [Synth 8-6155] done synthesizing module 'split_rockettile_dcache_data_arrays_0_ext' (232#1) [Z:/root/chipyard/fpga/generated-src/chipyard.fpga.zcu104.ZCU104FPGATestHarness.RocketZCU104JLinkDiagFullPSLPDConfig/gen-collateral/chipyard.fpga.zcu104.ZCU104FPGATestHarness.RocketZCU104JLinkDiagFullPSLPDConfig.top.mems.v:2712]
INFO: [Synth 8-6155] done synthesizing module 'rockettile_dcache_data_arrays_0_ext' (233#1) [Z:/root/chipyard/fpga/generated-src/chipyard.fpga.zcu104.ZCU104FPGATestHarness.RocketZCU104JLinkDiagFullPSLPDConfig/gen-collateral/chipyard.fpga.zcu104.ZCU104FPGATestHarness.RocketZCU104JLinkDiagFullPSLPDConfig.top.mems.v:229]
INFO: [Synth 8-6155] done synthesizing module 'rockettile_dcache_data_arrays_0' (234#1) [Z:/root/chipyard/fpga/generated-src/chipyard.fpga.zcu104.ZCU104FPGATestHarness.RocketZCU104JLinkDiagFullPSLPDConfig/gen-collateral/rockettile_dcache_data_arrays_0.sv:2]
INFO: [Synth 8-6155] done synthesizing module 'DCacheDataArray' (235#1) [Z:/root/chipyard/fpga/generated-src/chipyard.fpga.zcu104.ZCU104FPGATestHarness.RocketZCU104JLinkDiagFullPSLPDConfig/gen-collateral/DCacheDataArray.sv:2]
INFO: [Synth 8-6157] synthesizing module 'AMOALU' [Z:/root/chipyard/fpga/generated-src/chipyard.fpga.zcu104.ZCU104FPGATestHarness.RocketZCU104JLinkDiagFullPSLPDConfig/gen-collateral/AMOALU.sv:2]
INFO: [Synth 8-6155] done synthesizing module 'AMOALU' (236#1) [Z:/root/chipyard/fpga/generated-src/chipyard.fpga.zcu104.ZCU104FPGATestHarness.RocketZCU104JLinkDiagFullPSLPDConfig/gen-collateral/AMOALU.sv:2]
WARNING: [Synth 8-6014] Unused sequential element s2_vaddr_r_reg was removed.  [Z:/root/chipyard/fpga/generated-src/chipyard.fpga.zcu104.ZCU104FPGATestHarness.RocketZCU104JLinkDiagFullPSLPDConfig/gen-collateral/DCache.sv:1808]
INFO: [Synth 8-6155] done synthesizing module 'DCache' (237#1) [Z:/root/chipyard/fpga/generated-src/chipyard.fpga.zcu104.ZCU104FPGATestHarness.RocketZCU104JLinkDiagFullPSLPDConfig/gen-collateral/DCache.sv:64]
INFO: [Synth 8-6157] synthesizing module 'Frontend' [Z:/root/chipyard/fpga/generated-src/chipyard.fpga.zcu104.ZCU104FPGATestHarness.RocketZCU104JLinkDiagFullPSLPDConfig/gen-collateral/Frontend.sv:64]
INFO: [Synth 8-6157] synthesizing module 'ICache' [Z:/root/chipyard/fpga/generated-src/chipyard.fpga.zcu104.ZCU104FPGATestHarness.RocketZCU104JLinkDiagFullPSLPDConfig/gen-collateral/ICache.sv:64]
INFO: [Synth 8-6157] synthesizing module 'rockettile_icache_tag_array' [Z:/root/chipyard/fpga/generated-src/chipyard.fpga.zcu104.ZCU104FPGATestHarness.RocketZCU104JLinkDiagFullPSLPDConfig/gen-collateral/rockettile_icache_tag_array.sv:2]
INFO: [Synth 8-6157] synthesizing module 'rockettile_icache_tag_array_ext' [Z:/root/chipyard/fpga/generated-src/chipyard.fpga.zcu104.ZCU104FPGATestHarness.RocketZCU104JLinkDiagFullPSLPDConfig/gen-collateral/chipyard.fpga.zcu104.ZCU104FPGATestHarness.RocketZCU104JLinkDiagFullPSLPDConfig.top.mems.v:1925]
INFO: [Synth 8-6157] synthesizing module 'split_rockettile_icache_tag_array_ext' [Z:/root/chipyard/fpga/generated-src/chipyard.fpga.zcu104.ZCU104FPGATestHarness.RocketZCU104JLinkDiagFullPSLPDConfig/gen-collateral/chipyard.fpga.zcu104.ZCU104FPGATestHarness.RocketZCU104JLinkDiagFullPSLPDConfig.top.mems.v:2906]
WARNING: [Synth 8-6014] Unused sequential element ram_RW_0_r_en_pipe_0_reg was removed.  [Z:/root/chipyard/fpga/generated-src/chipyard.fpga.zcu104.ZCU104FPGATestHarness.RocketZCU104JLinkDiagFullPSLPDConfig/gen-collateral/chipyard.fpga.zcu104.ZCU104FPGATestHarness.RocketZCU104JLinkDiagFullPSLPDConfig.top.mems.v:2932]
INFO: [Synth 8-6155] done synthesizing module 'split_rockettile_icache_tag_array_ext' (238#1) [Z:/root/chipyard/fpga/generated-src/chipyard.fpga.zcu104.ZCU104FPGATestHarness.RocketZCU104JLinkDiagFullPSLPDConfig/gen-collateral/chipyard.fpga.zcu104.ZCU104FPGATestHarness.RocketZCU104JLinkDiagFullPSLPDConfig.top.mems.v:2906]
INFO: [Synth 8-6155] done synthesizing module 'rockettile_icache_tag_array_ext' (239#1) [Z:/root/chipyard/fpga/generated-src/chipyard.fpga.zcu104.ZCU104FPGATestHarness.RocketZCU104JLinkDiagFullPSLPDConfig/gen-collateral/chipyard.fpga.zcu104.ZCU104FPGATestHarness.RocketZCU104JLinkDiagFullPSLPDConfig.top.mems.v:1925]
INFO: [Synth 8-6155] done synthesizing module 'rockettile_icache_tag_array' (240#1) [Z:/root/chipyard/fpga/generated-src/chipyard.fpga.zcu104.ZCU104FPGATestHarness.RocketZCU104JLinkDiagFullPSLPDConfig/gen-collateral/rockettile_icache_tag_array.sv:2]
INFO: [Synth 8-6157] synthesizing module 'rockettile_icache_data_arrays_0' [Z:/root/chipyard/fpga/generated-src/chipyard.fpga.zcu104.ZCU104FPGATestHarness.RocketZCU104JLinkDiagFullPSLPDConfig/gen-collateral/rockettile_icache_data_arrays_0.sv:2]
INFO: [Synth 8-6157] synthesizing module 'rockettile_icache_data_arrays_0_ext' [Z:/root/chipyard/fpga/generated-src/chipyard.fpga.zcu104.ZCU104FPGATestHarness.RocketZCU104JLinkDiagFullPSLPDConfig/gen-collateral/chipyard.fpga.zcu104.ZCU104FPGATestHarness.RocketZCU104JLinkDiagFullPSLPDConfig.top.mems.v:2123]
INFO: [Synth 8-6157] synthesizing module 'split_rockettile_icache_data_arrays_0_ext' [Z:/root/chipyard/fpga/generated-src/chipyard.fpga.zcu104.ZCU104FPGATestHarness.RocketZCU104JLinkDiagFullPSLPDConfig/gen-collateral/chipyard.fpga.zcu104.ZCU104FPGATestHarness.RocketZCU104JLinkDiagFullPSLPDConfig.top.mems.v:3003]
WARNING: [Synth 8-6014] Unused sequential element ram_RW_0_r_en_pipe_0_reg was removed.  [Z:/root/chipyard/fpga/generated-src/chipyard.fpga.zcu104.ZCU104FPGATestHarness.RocketZCU104JLinkDiagFullPSLPDConfig/gen-collateral/chipyard.fpga.zcu104.ZCU104FPGATestHarness.RocketZCU104JLinkDiagFullPSLPDConfig.top.mems.v:3029]
INFO: [Synth 8-6155] done synthesizing module 'split_rockettile_icache_data_arrays_0_ext' (241#1) [Z:/root/chipyard/fpga/generated-src/chipyard.fpga.zcu104.ZCU104FPGATestHarness.RocketZCU104JLinkDiagFullPSLPDConfig/gen-collateral/chipyard.fpga.zcu104.ZCU104FPGATestHarness.RocketZCU104JLinkDiagFullPSLPDConfig.top.mems.v:3003]
INFO: [Synth 8-6155] done synthesizing module 'rockettile_icache_data_arrays_0_ext' (242#1) [Z:/root/chipyard/fpga/generated-src/chipyard.fpga.zcu104.ZCU104FPGATestHarness.RocketZCU104JLinkDiagFullPSLPDConfig/gen-collateral/chipyard.fpga.zcu104.ZCU104FPGATestHarness.RocketZCU104JLinkDiagFullPSLPDConfig.top.mems.v:2123]
INFO: [Synth 8-6155] done synthesizing module 'rockettile_icache_data_arrays_0' (243#1) [Z:/root/chipyard/fpga/generated-src/chipyard.fpga.zcu104.ZCU104FPGATestHarness.RocketZCU104JLinkDiagFullPSLPDConfig/gen-collateral/rockettile_icache_data_arrays_0.sv:2]
INFO: [Synth 8-6157] synthesizing module 'rockettile_icache_data_arrays_1' [Z:/root/chipyard/fpga/generated-src/chipyard.fpga.zcu104.ZCU104FPGATestHarness.RocketZCU104JLinkDiagFullPSLPDConfig/gen-collateral/rockettile_icache_data_arrays_1.sv:2]
INFO: [Synth 8-6155] done synthesizing module 'rockettile_icache_data_arrays_1' (244#1) [Z:/root/chipyard/fpga/generated-src/chipyard.fpga.zcu104.ZCU104FPGATestHarness.RocketZCU104JLinkDiagFullPSLPDConfig/gen-collateral/rockettile_icache_data_arrays_1.sv:2]
INFO: [Synth 8-6155] done synthesizing module 'ICache' (245#1) [Z:/root/chipyard/fpga/generated-src/chipyard.fpga.zcu104.ZCU104FPGATestHarness.RocketZCU104JLinkDiagFullPSLPDConfig/gen-collateral/ICache.sv:64]
INFO: [Synth 8-6157] synthesizing module 'ShiftQueue' [Z:/root/chipyard/fpga/generated-src/chipyard.fpga.zcu104.ZCU104FPGATestHarness.RocketZCU104JLinkDiagFullPSLPDConfig/gen-collateral/ShiftQueue.sv:46]
INFO: [Synth 8-6155] done synthesizing module 'ShiftQueue' (246#1) [Z:/root/chipyard/fpga/generated-src/chipyard.fpga.zcu104.ZCU104FPGATestHarness.RocketZCU104JLinkDiagFullPSLPDConfig/gen-collateral/ShiftQueue.sv:46]
INFO: [Synth 8-6157] synthesizing module 'ITLB' [Z:/root/chipyard/fpga/generated-src/chipyard.fpga.zcu104.ZCU104FPGATestHarness.RocketZCU104JLinkDiagFullPSLPDConfig/gen-collateral/ITLB.sv:64]
INFO: [Synth 8-6157] synthesizing module 'PMPChecker_s2' [Z:/root/chipyard/fpga/generated-src/chipyard.fpga.zcu104.ZCU104FPGATestHarness.RocketZCU104JLinkDiagFullPSLPDConfig/gen-collateral/PMPChecker_s2.sv:2]
INFO: [Synth 8-6155] done synthesizing module 'PMPChecker_s2' (247#1) [Z:/root/chipyard/fpga/generated-src/chipyard.fpga.zcu104.ZCU104FPGATestHarness.RocketZCU104JLinkDiagFullPSLPDConfig/gen-collateral/PMPChecker_s2.sv:2]
INFO: [Synth 8-6155] done synthesizing module 'ITLB' (248#1) [Z:/root/chipyard/fpga/generated-src/chipyard.fpga.zcu104.ZCU104FPGATestHarness.RocketZCU104JLinkDiagFullPSLPDConfig/gen-collateral/ITLB.sv:64]
INFO: [Synth 8-6157] synthesizing module 'BTB' [Z:/root/chipyard/fpga/generated-src/chipyard.fpga.zcu104.ZCU104FPGATestHarness.RocketZCU104JLinkDiagFullPSLPDConfig/gen-collateral/BTB.sv:59]
INFO: [Synth 8-6157] synthesizing module 'table_512x1' [Z:/root/chipyard/fpga/generated-src/chipyard.fpga.zcu104.ZCU104FPGATestHarness.RocketZCU104JLinkDiagFullPSLPDConfig/gen-collateral/table_512x1.sv:3]
INFO: [Synth 8-6155] done synthesizing module 'table_512x1' (249#1) [Z:/root/chipyard/fpga/generated-src/chipyard.fpga.zcu104.ZCU104FPGATestHarness.RocketZCU104JLinkDiagFullPSLPDConfig/gen-collateral/table_512x1.sv:3]
INFO: [Synth 8-6155] done synthesizing module 'BTB' (250#1) [Z:/root/chipyard/fpga/generated-src/chipyard.fpga.zcu104.ZCU104FPGATestHarness.RocketZCU104JLinkDiagFullPSLPDConfig/gen-collateral/BTB.sv:59]
INFO: [Synth 8-6155] done synthesizing module 'Frontend' (251#1) [Z:/root/chipyard/fpga/generated-src/chipyard.fpga.zcu104.ZCU104FPGATestHarness.RocketZCU104JLinkDiagFullPSLPDConfig/gen-collateral/Frontend.sv:64]
INFO: [Synth 8-6157] synthesizing module 'FPU' [Z:/root/chipyard/fpga/generated-src/chipyard.fpga.zcu104.ZCU104FPGATestHarness.RocketZCU104JLinkDiagFullPSLPDConfig/gen-collateral/FPU.sv:77]
INFO: [Synth 8-6157] synthesizing module 'FPUDecoder' [Z:/root/chipyard/fpga/generated-src/chipyard.fpga.zcu104.ZCU104FPGATestHarness.RocketZCU104JLinkDiagFullPSLPDConfig/gen-collateral/FPUDecoder.sv:2]
INFO: [Synth 8-6155] done synthesizing module 'FPUDecoder' (252#1) [Z:/root/chipyard/fpga/generated-src/chipyard.fpga.zcu104.ZCU104FPGATestHarness.RocketZCU104JLinkDiagFullPSLPDConfig/gen-collateral/FPUDecoder.sv:2]
INFO: [Synth 8-6157] synthesizing module 'regfile_32x65' [Z:/root/chipyard/fpga/generated-src/chipyard.fpga.zcu104.ZCU104FPGATestHarness.RocketZCU104JLinkDiagFullPSLPDConfig/gen-collateral/regfile_32x65.sv:3]
WARNING: [Synth 8-4767] Trying to implement RAM 'Memory_reg' in registers. Block RAM or DRAM implementation is not possible; see log for reasons.
Reason is one or more of the following :
	1: RAM has multiple writes via different ports in same process. If RAM inferencing intended, write to one port per process. 
	2: Unable to determine number of words or word size in RAM. 
	3: No valid read/write found for RAM. 
RAM "Memory_reg" dissolved into registers
INFO: [Synth 8-6155] done synthesizing module 'regfile_32x65' (253#1) [Z:/root/chipyard/fpga/generated-src/chipyard.fpga.zcu104.ZCU104FPGATestHarness.RocketZCU104JLinkDiagFullPSLPDConfig/gen-collateral/regfile_32x65.sv:3]
INFO: [Synth 8-6157] synthesizing module 'FPUFMAPipe_l3_f32' [Z:/root/chipyard/fpga/generated-src/chipyard.fpga.zcu104.ZCU104FPGATestHarness.RocketZCU104JLinkDiagFullPSLPDConfig/gen-collateral/FPUFMAPipe_l3_f32.sv:46]
INFO: [Synth 8-6157] synthesizing module 'MulAddRecFNPipe_l2_e8_s24' [Z:/root/chipyard/fpga/generated-src/chipyard.fpga.zcu104.ZCU104FPGATestHarness.RocketZCU104JLinkDiagFullPSLPDConfig/gen-collateral/MulAddRecFNPipe_l2_e8_s24.sv:46]
INFO: [Synth 8-6157] synthesizing module 'MulAddRecFNToRaw_preMul_e8_s24' [Z:/root/chipyard/fpga/generated-src/chipyard.fpga.zcu104.ZCU104FPGATestHarness.RocketZCU104JLinkDiagFullPSLPDConfig/gen-collateral/MulAddRecFNToRaw_preMul_e8_s24.sv:2]
INFO: [Synth 8-6155] done synthesizing module 'MulAddRecFNToRaw_preMul_e8_s24' (254#1) [Z:/root/chipyard/fpga/generated-src/chipyard.fpga.zcu104.ZCU104FPGATestHarness.RocketZCU104JLinkDiagFullPSLPDConfig/gen-collateral/MulAddRecFNToRaw_preMul_e8_s24.sv:2]
INFO: [Synth 8-6157] synthesizing module 'MulAddRecFNToRaw_postMul_e8_s24' [Z:/root/chipyard/fpga/generated-src/chipyard.fpga.zcu104.ZCU104FPGATestHarness.RocketZCU104JLinkDiagFullPSLPDConfig/gen-collateral/MulAddRecFNToRaw_postMul_e8_s24.sv:2]
INFO: [Synth 8-6155] done synthesizing module 'MulAddRecFNToRaw_postMul_e8_s24' (255#1) [Z:/root/chipyard/fpga/generated-src/chipyard.fpga.zcu104.ZCU104FPGATestHarness.RocketZCU104JLinkDiagFullPSLPDConfig/gen-collateral/MulAddRecFNToRaw_postMul_e8_s24.sv:2]
INFO: [Synth 8-6157] synthesizing module 'RoundRawFNToRecFN_e8_s24' [Z:/root/chipyard/fpga/generated-src/chipyard.fpga.zcu104.ZCU104FPGATestHarness.RocketZCU104JLinkDiagFullPSLPDConfig/gen-collateral/RoundRawFNToRecFN_e8_s24.sv:2]
INFO: [Synth 8-6157] synthesizing module 'RoundAnyRawFNToRecFN_ie8_is26_oe8_os24' [Z:/root/chipyard/fpga/generated-src/chipyard.fpga.zcu104.ZCU104FPGATestHarness.RocketZCU104JLinkDiagFullPSLPDConfig/gen-collateral/RoundAnyRawFNToRecFN_ie8_is26_oe8_os24.sv:2]
INFO: [Synth 8-6155] done synthesizing module 'RoundAnyRawFNToRecFN_ie8_is26_oe8_os24' (256#1) [Z:/root/chipyard/fpga/generated-src/chipyard.fpga.zcu104.ZCU104FPGATestHarness.RocketZCU104JLinkDiagFullPSLPDConfig/gen-collateral/RoundAnyRawFNToRecFN_ie8_is26_oe8_os24.sv:2]
INFO: [Synth 8-6155] done synthesizing module 'RoundRawFNToRecFN_e8_s24' (257#1) [Z:/root/chipyard/fpga/generated-src/chipyard.fpga.zcu104.ZCU104FPGATestHarness.RocketZCU104JLinkDiagFullPSLPDConfig/gen-collateral/RoundRawFNToRecFN_e8_s24.sv:2]
INFO: [Synth 8-6155] done synthesizing module 'MulAddRecFNPipe_l2_e8_s24' (258#1) [Z:/root/chipyard/fpga/generated-src/chipyard.fpga.zcu104.ZCU104FPGATestHarness.RocketZCU104JLinkDiagFullPSLPDConfig/gen-collateral/MulAddRecFNPipe_l2_e8_s24.sv:46]
INFO: [Synth 8-6155] done synthesizing module 'FPUFMAPipe_l3_f32' (259#1) [Z:/root/chipyard/fpga/generated-src/chipyard.fpga.zcu104.ZCU104FPGATestHarness.RocketZCU104JLinkDiagFullPSLPDConfig/gen-collateral/FPUFMAPipe_l3_f32.sv:46]
INFO: [Synth 8-6157] synthesizing module 'FPToInt' [Z:/root/chipyard/fpga/generated-src/chipyard.fpga.zcu104.ZCU104FPGATestHarness.RocketZCU104JLinkDiagFullPSLPDConfig/gen-collateral/FPToInt.sv:46]
INFO: [Synth 8-6157] synthesizing module 'CompareRecFN' [Z:/root/chipyard/fpga/generated-src/chipyard.fpga.zcu104.ZCU104FPGATestHarness.RocketZCU104JLinkDiagFullPSLPDConfig/gen-collateral/CompareRecFN.sv:2]
INFO: [Synth 8-6155] done synthesizing module 'CompareRecFN' (260#1) [Z:/root/chipyard/fpga/generated-src/chipyard.fpga.zcu104.ZCU104FPGATestHarness.RocketZCU104JLinkDiagFullPSLPDConfig/gen-collateral/CompareRecFN.sv:2]
INFO: [Synth 8-6157] synthesizing module 'RecFNToIN_e11_s53_i64' [Z:/root/chipyard/fpga/generated-src/chipyard.fpga.zcu104.ZCU104FPGATestHarness.RocketZCU104JLinkDiagFullPSLPDConfig/gen-collateral/RecFNToIN_e11_s53_i64.sv:2]
INFO: [Synth 8-6155] done synthesizing module 'RecFNToIN_e11_s53_i64' (261#1) [Z:/root/chipyard/fpga/generated-src/chipyard.fpga.zcu104.ZCU104FPGATestHarness.RocketZCU104JLinkDiagFullPSLPDConfig/gen-collateral/RecFNToIN_e11_s53_i64.sv:2]
INFO: [Synth 8-6157] synthesizing module 'RecFNToIN_e11_s53_i32' [Z:/root/chipyard/fpga/generated-src/chipyard.fpga.zcu104.ZCU104FPGATestHarness.RocketZCU104JLinkDiagFullPSLPDConfig/gen-collateral/RecFNToIN_e11_s53_i32.sv:2]
INFO: [Synth 8-6155] done synthesizing module 'RecFNToIN_e11_s53_i32' (262#1) [Z:/root/chipyard/fpga/generated-src/chipyard.fpga.zcu104.ZCU104FPGATestHarness.RocketZCU104JLinkDiagFullPSLPDConfig/gen-collateral/RecFNToIN_e11_s53_i32.sv:2]
INFO: [Synth 8-6155] done synthesizing module 'FPToInt' (263#1) [Z:/root/chipyard/fpga/generated-src/chipyard.fpga.zcu104.ZCU104FPGATestHarness.RocketZCU104JLinkDiagFullPSLPDConfig/gen-collateral/FPToInt.sv:46]
INFO: [Synth 8-6157] synthesizing module 'IntToFP' [Z:/root/chipyard/fpga/generated-src/chipyard.fpga.zcu104.ZCU104FPGATestHarness.RocketZCU104JLinkDiagFullPSLPDConfig/gen-collateral/IntToFP.sv:46]
INFO: [Synth 8-6157] synthesizing module 'INToRecFN_i64_e5_s11' [Z:/root/chipyard/fpga/generated-src/chipyard.fpga.zcu104.ZCU104FPGATestHarness.RocketZCU104JLinkDiagFullPSLPDConfig/gen-collateral/INToRecFN_i64_e5_s11.sv:2]
INFO: [Synth 8-6157] synthesizing module 'RoundAnyRawFNToRecFN_ie7_is64_oe5_os11' [Z:/root/chipyard/fpga/generated-src/chipyard.fpga.zcu104.ZCU104FPGATestHarness.RocketZCU104JLinkDiagFullPSLPDConfig/gen-collateral/RoundAnyRawFNToRecFN_ie7_is64_oe5_os11.sv:2]
INFO: [Synth 8-6155] done synthesizing module 'RoundAnyRawFNToRecFN_ie7_is64_oe5_os11' (264#1) [Z:/root/chipyard/fpga/generated-src/chipyard.fpga.zcu104.ZCU104FPGATestHarness.RocketZCU104JLinkDiagFullPSLPDConfig/gen-collateral/RoundAnyRawFNToRecFN_ie7_is64_oe5_os11.sv:2]
INFO: [Synth 8-6155] done synthesizing module 'INToRecFN_i64_e5_s11' (265#1) [Z:/root/chipyard/fpga/generated-src/chipyard.fpga.zcu104.ZCU104FPGATestHarness.RocketZCU104JLinkDiagFullPSLPDConfig/gen-collateral/INToRecFN_i64_e5_s11.sv:2]
INFO: [Synth 8-6157] synthesizing module 'INToRecFN_i64_e8_s24' [Z:/root/chipyard/fpga/generated-src/chipyard.fpga.zcu104.ZCU104FPGATestHarness.RocketZCU104JLinkDiagFullPSLPDConfig/gen-collateral/INToRecFN_i64_e8_s24.sv:2]
INFO: [Synth 8-6157] synthesizing module 'RoundAnyRawFNToRecFN_ie7_is64_oe8_os24' [Z:/root/chipyard/fpga/generated-src/chipyard.fpga.zcu104.ZCU104FPGATestHarness.RocketZCU104JLinkDiagFullPSLPDConfig/gen-collateral/RoundAnyRawFNToRecFN_ie7_is64_oe8_os24.sv:2]
INFO: [Synth 8-6155] done synthesizing module 'RoundAnyRawFNToRecFN_ie7_is64_oe8_os24' (266#1) [Z:/root/chipyard/fpga/generated-src/chipyard.fpga.zcu104.ZCU104FPGATestHarness.RocketZCU104JLinkDiagFullPSLPDConfig/gen-collateral/RoundAnyRawFNToRecFN_ie7_is64_oe8_os24.sv:2]
INFO: [Synth 8-6155] done synthesizing module 'INToRecFN_i64_e8_s24' (267#1) [Z:/root/chipyard/fpga/generated-src/chipyard.fpga.zcu104.ZCU104FPGATestHarness.RocketZCU104JLinkDiagFullPSLPDConfig/gen-collateral/INToRecFN_i64_e8_s24.sv:2]
INFO: [Synth 8-6157] synthesizing module 'INToRecFN_i64_e11_s53' [Z:/root/chipyard/fpga/generated-src/chipyard.fpga.zcu104.ZCU104FPGATestHarness.RocketZCU104JLinkDiagFullPSLPDConfig/gen-collateral/INToRecFN_i64_e11_s53.sv:2]
INFO: [Synth 8-6157] synthesizing module 'RoundAnyRawFNToRecFN_ie7_is64_oe11_os53' [Z:/root/chipyard/fpga/generated-src/chipyard.fpga.zcu104.ZCU104FPGATestHarness.RocketZCU104JLinkDiagFullPSLPDConfig/gen-collateral/RoundAnyRawFNToRecFN_ie7_is64_oe11_os53.sv:2]
INFO: [Synth 8-6155] done synthesizing module 'RoundAnyRawFNToRecFN_ie7_is64_oe11_os53' (268#1) [Z:/root/chipyard/fpga/generated-src/chipyard.fpga.zcu104.ZCU104FPGATestHarness.RocketZCU104JLinkDiagFullPSLPDConfig/gen-collateral/RoundAnyRawFNToRecFN_ie7_is64_oe11_os53.sv:2]
INFO: [Synth 8-6155] done synthesizing module 'INToRecFN_i64_e11_s53' (269#1) [Z:/root/chipyard/fpga/generated-src/chipyard.fpga.zcu104.ZCU104FPGATestHarness.RocketZCU104JLinkDiagFullPSLPDConfig/gen-collateral/INToRecFN_i64_e11_s53.sv:2]
INFO: [Synth 8-6155] done synthesizing module 'IntToFP' (270#1) [Z:/root/chipyard/fpga/generated-src/chipyard.fpga.zcu104.ZCU104FPGATestHarness.RocketZCU104JLinkDiagFullPSLPDConfig/gen-collateral/IntToFP.sv:46]
INFO: [Synth 8-6157] synthesizing module 'FPToFP' [Z:/root/chipyard/fpga/generated-src/chipyard.fpga.zcu104.ZCU104FPGATestHarness.RocketZCU104JLinkDiagFullPSLPDConfig/gen-collateral/FPToFP.sv:46]
INFO: [Synth 8-6157] synthesizing module 'RecFNToRecFN' [Z:/root/chipyard/fpga/generated-src/chipyard.fpga.zcu104.ZCU104FPGATestHarness.RocketZCU104JLinkDiagFullPSLPDConfig/gen-collateral/RecFNToRecFN.sv:2]
INFO: [Synth 8-6157] synthesizing module 'RoundAnyRawFNToRecFN_ie11_is53_oe5_os11' [Z:/root/chipyard/fpga/generated-src/chipyard.fpga.zcu104.ZCU104FPGATestHarness.RocketZCU104JLinkDiagFullPSLPDConfig/gen-collateral/RoundAnyRawFNToRecFN_ie11_is53_oe5_os11.sv:2]
INFO: [Synth 8-6155] done synthesizing module 'RoundAnyRawFNToRecFN_ie11_is53_oe5_os11' (271#1) [Z:/root/chipyard/fpga/generated-src/chipyard.fpga.zcu104.ZCU104FPGATestHarness.RocketZCU104JLinkDiagFullPSLPDConfig/gen-collateral/RoundAnyRawFNToRecFN_ie11_is53_oe5_os11.sv:2]
INFO: [Synth 8-6155] done synthesizing module 'RecFNToRecFN' (272#1) [Z:/root/chipyard/fpga/generated-src/chipyard.fpga.zcu104.ZCU104FPGATestHarness.RocketZCU104JLinkDiagFullPSLPDConfig/gen-collateral/RecFNToRecFN.sv:2]
INFO: [Synth 8-6157] synthesizing module 'RecFNToRecFN_1' [Z:/root/chipyard/fpga/generated-src/chipyard.fpga.zcu104.ZCU104FPGATestHarness.RocketZCU104JLinkDiagFullPSLPDConfig/gen-collateral/RecFNToRecFN_1.sv:2]
INFO: [Synth 8-6157] synthesizing module 'RoundAnyRawFNToRecFN_ie11_is53_oe8_os24' [Z:/root/chipyard/fpga/generated-src/chipyard.fpga.zcu104.ZCU104FPGATestHarness.RocketZCU104JLinkDiagFullPSLPDConfig/gen-collateral/RoundAnyRawFNToRecFN_ie11_is53_oe8_os24.sv:2]
INFO: [Synth 8-6155] done synthesizing module 'RoundAnyRawFNToRecFN_ie11_is53_oe8_os24' (273#1) [Z:/root/chipyard/fpga/generated-src/chipyard.fpga.zcu104.ZCU104FPGATestHarness.RocketZCU104JLinkDiagFullPSLPDConfig/gen-collateral/RoundAnyRawFNToRecFN_ie11_is53_oe8_os24.sv:2]
INFO: [Synth 8-6155] done synthesizing module 'RecFNToRecFN_1' (274#1) [Z:/root/chipyard/fpga/generated-src/chipyard.fpga.zcu104.ZCU104FPGATestHarness.RocketZCU104JLinkDiagFullPSLPDConfig/gen-collateral/RecFNToRecFN_1.sv:2]
INFO: [Synth 8-6155] done synthesizing module 'FPToFP' (275#1) [Z:/root/chipyard/fpga/generated-src/chipyard.fpga.zcu104.ZCU104FPGATestHarness.RocketZCU104JLinkDiagFullPSLPDConfig/gen-collateral/FPToFP.sv:46]
INFO: [Synth 8-6157] synthesizing module 'FPUFMAPipe_l4_f64' [Z:/root/chipyard/fpga/generated-src/chipyard.fpga.zcu104.ZCU104FPGATestHarness.RocketZCU104JLinkDiagFullPSLPDConfig/gen-collateral/FPUFMAPipe_l4_f64.sv:46]
INFO: [Synth 8-6157] synthesizing module 'MulAddRecFNPipe_l2_e11_s53' [Z:/root/chipyard/fpga/generated-src/chipyard.fpga.zcu104.ZCU104FPGATestHarness.RocketZCU104JLinkDiagFullPSLPDConfig/gen-collateral/MulAddRecFNPipe_l2_e11_s53.sv:46]
INFO: [Synth 8-6157] synthesizing module 'MulAddRecFNToRaw_preMul_e11_s53' [Z:/root/chipyard/fpga/generated-src/chipyard.fpga.zcu104.ZCU104FPGATestHarness.RocketZCU104JLinkDiagFullPSLPDConfig/gen-collateral/MulAddRecFNToRaw_preMul_e11_s53.sv:2]
INFO: [Synth 8-6155] done synthesizing module 'MulAddRecFNToRaw_preMul_e11_s53' (276#1) [Z:/root/chipyard/fpga/generated-src/chipyard.fpga.zcu104.ZCU104FPGATestHarness.RocketZCU104JLinkDiagFullPSLPDConfig/gen-collateral/MulAddRecFNToRaw_preMul_e11_s53.sv:2]
INFO: [Synth 8-6157] synthesizing module 'MulAddRecFNToRaw_postMul_e11_s53' [Z:/root/chipyard/fpga/generated-src/chipyard.fpga.zcu104.ZCU104FPGATestHarness.RocketZCU104JLinkDiagFullPSLPDConfig/gen-collateral/MulAddRecFNToRaw_postMul_e11_s53.sv:2]
INFO: [Synth 8-6155] done synthesizing module 'MulAddRecFNToRaw_postMul_e11_s53' (277#1) [Z:/root/chipyard/fpga/generated-src/chipyard.fpga.zcu104.ZCU104FPGATestHarness.RocketZCU104JLinkDiagFullPSLPDConfig/gen-collateral/MulAddRecFNToRaw_postMul_e11_s53.sv:2]
INFO: [Synth 8-6157] synthesizing module 'RoundRawFNToRecFN_e11_s53' [Z:/root/chipyard/fpga/generated-src/chipyard.fpga.zcu104.ZCU104FPGATestHarness.RocketZCU104JLinkDiagFullPSLPDConfig/gen-collateral/RoundRawFNToRecFN_e11_s53.sv:2]
INFO: [Synth 8-6157] synthesizing module 'RoundAnyRawFNToRecFN_ie11_is55_oe11_os53' [Z:/root/chipyard/fpga/generated-src/chipyard.fpga.zcu104.ZCU104FPGATestHarness.RocketZCU104JLinkDiagFullPSLPDConfig/gen-collateral/RoundAnyRawFNToRecFN_ie11_is55_oe11_os53.sv:2]
INFO: [Synth 8-6155] done synthesizing module 'RoundAnyRawFNToRecFN_ie11_is55_oe11_os53' (278#1) [Z:/root/chipyard/fpga/generated-src/chipyard.fpga.zcu104.ZCU104FPGATestHarness.RocketZCU104JLinkDiagFullPSLPDConfig/gen-collateral/RoundAnyRawFNToRecFN_ie11_is55_oe11_os53.sv:2]
INFO: [Synth 8-6155] done synthesizing module 'RoundRawFNToRecFN_e11_s53' (279#1) [Z:/root/chipyard/fpga/generated-src/chipyard.fpga.zcu104.ZCU104FPGATestHarness.RocketZCU104JLinkDiagFullPSLPDConfig/gen-collateral/RoundRawFNToRecFN_e11_s53.sv:2]
INFO: [Synth 8-6155] done synthesizing module 'MulAddRecFNPipe_l2_e11_s53' (280#1) [Z:/root/chipyard/fpga/generated-src/chipyard.fpga.zcu104.ZCU104FPGATestHarness.RocketZCU104JLinkDiagFullPSLPDConfig/gen-collateral/MulAddRecFNPipe_l2_e11_s53.sv:46]
INFO: [Synth 8-6155] done synthesizing module 'FPUFMAPipe_l4_f64' (281#1) [Z:/root/chipyard/fpga/generated-src/chipyard.fpga.zcu104.ZCU104FPGATestHarness.RocketZCU104JLinkDiagFullPSLPDConfig/gen-collateral/FPUFMAPipe_l4_f64.sv:46]
INFO: [Synth 8-6157] synthesizing module 'FPUFMAPipe_l3_f16' [Z:/root/chipyard/fpga/generated-src/chipyard.fpga.zcu104.ZCU104FPGATestHarness.RocketZCU104JLinkDiagFullPSLPDConfig/gen-collateral/FPUFMAPipe_l3_f16.sv:46]
INFO: [Synth 8-6157] synthesizing module 'MulAddRecFNPipe_l2_e5_s11' [Z:/root/chipyard/fpga/generated-src/chipyard.fpga.zcu104.ZCU104FPGATestHarness.RocketZCU104JLinkDiagFullPSLPDConfig/gen-collateral/MulAddRecFNPipe_l2_e5_s11.sv:46]
INFO: [Synth 8-6157] synthesizing module 'MulAddRecFNToRaw_preMul_e5_s11' [Z:/root/chipyard/fpga/generated-src/chipyard.fpga.zcu104.ZCU104FPGATestHarness.RocketZCU104JLinkDiagFullPSLPDConfig/gen-collateral/MulAddRecFNToRaw_preMul_e5_s11.sv:2]
INFO: [Synth 8-6155] done synthesizing module 'MulAddRecFNToRaw_preMul_e5_s11' (282#1) [Z:/root/chipyard/fpga/generated-src/chipyard.fpga.zcu104.ZCU104FPGATestHarness.RocketZCU104JLinkDiagFullPSLPDConfig/gen-collateral/MulAddRecFNToRaw_preMul_e5_s11.sv:2]
INFO: [Synth 8-6157] synthesizing module 'MulAddRecFNToRaw_postMul_e5_s11' [Z:/root/chipyard/fpga/generated-src/chipyard.fpga.zcu104.ZCU104FPGATestHarness.RocketZCU104JLinkDiagFullPSLPDConfig/gen-collateral/MulAddRecFNToRaw_postMul_e5_s11.sv:2]
INFO: [Synth 8-6155] done synthesizing module 'MulAddRecFNToRaw_postMul_e5_s11' (283#1) [Z:/root/chipyard/fpga/generated-src/chipyard.fpga.zcu104.ZCU104FPGATestHarness.RocketZCU104JLinkDiagFullPSLPDConfig/gen-collateral/MulAddRecFNToRaw_postMul_e5_s11.sv:2]
INFO: [Synth 8-6157] synthesizing module 'RoundRawFNToRecFN_e5_s11' [Z:/root/chipyard/fpga/generated-src/chipyard.fpga.zcu104.ZCU104FPGATestHarness.RocketZCU104JLinkDiagFullPSLPDConfig/gen-collateral/RoundRawFNToRecFN_e5_s11.sv:2]
INFO: [Synth 8-6157] synthesizing module 'RoundAnyRawFNToRecFN_ie5_is13_oe5_os11' [Z:/root/chipyard/fpga/generated-src/chipyard.fpga.zcu104.ZCU104FPGATestHarness.RocketZCU104JLinkDiagFullPSLPDConfig/gen-collateral/RoundAnyRawFNToRecFN_ie5_is13_oe5_os11.sv:2]
INFO: [Synth 8-6155] done synthesizing module 'RoundAnyRawFNToRecFN_ie5_is13_oe5_os11' (284#1) [Z:/root/chipyard/fpga/generated-src/chipyard.fpga.zcu104.ZCU104FPGATestHarness.RocketZCU104JLinkDiagFullPSLPDConfig/gen-collateral/RoundAnyRawFNToRecFN_ie5_is13_oe5_os11.sv:2]
INFO: [Synth 8-6155] done synthesizing module 'RoundRawFNToRecFN_e5_s11' (285#1) [Z:/root/chipyard/fpga/generated-src/chipyard.fpga.zcu104.ZCU104FPGATestHarness.RocketZCU104JLinkDiagFullPSLPDConfig/gen-collateral/RoundRawFNToRecFN_e5_s11.sv:2]
INFO: [Synth 8-6155] done synthesizing module 'MulAddRecFNPipe_l2_e5_s11' (286#1) [Z:/root/chipyard/fpga/generated-src/chipyard.fpga.zcu104.ZCU104FPGATestHarness.RocketZCU104JLinkDiagFullPSLPDConfig/gen-collateral/MulAddRecFNPipe_l2_e5_s11.sv:46]
INFO: [Synth 8-6155] done synthesizing module 'FPUFMAPipe_l3_f16' (287#1) [Z:/root/chipyard/fpga/generated-src/chipyard.fpga.zcu104.ZCU104FPGATestHarness.RocketZCU104JLinkDiagFullPSLPDConfig/gen-collateral/FPUFMAPipe_l3_f16.sv:46]
INFO: [Synth 8-6157] synthesizing module 'DivSqrtRecFM_small_e5_s11' [Z:/root/chipyard/fpga/generated-src/chipyard.fpga.zcu104.ZCU104FPGATestHarness.RocketZCU104JLinkDiagFullPSLPDConfig/gen-collateral/DivSqrtRecFM_small_e5_s11.sv:2]
INFO: [Synth 8-6157] synthesizing module 'DivSqrtRecFMToRaw_small_e5_s11' [Z:/root/chipyard/fpga/generated-src/chipyard.fpga.zcu104.ZCU104FPGATestHarness.RocketZCU104JLinkDiagFullPSLPDConfig/gen-collateral/DivSqrtRecFMToRaw_small_e5_s11.sv:2]
INFO: [Synth 8-6157] synthesizing module 'DivSqrtRawFN_small_e5_s11' [Z:/root/chipyard/fpga/generated-src/chipyard.fpga.zcu104.ZCU104FPGATestHarness.RocketZCU104JLinkDiagFullPSLPDConfig/gen-collateral/DivSqrtRawFN_small_e5_s11.sv:46]
INFO: [Synth 8-6155] done synthesizing module 'DivSqrtRawFN_small_e5_s11' (288#1) [Z:/root/chipyard/fpga/generated-src/chipyard.fpga.zcu104.ZCU104FPGATestHarness.RocketZCU104JLinkDiagFullPSLPDConfig/gen-collateral/DivSqrtRawFN_small_e5_s11.sv:46]
INFO: [Synth 8-6155] done synthesizing module 'DivSqrtRecFMToRaw_small_e5_s11' (289#1) [Z:/root/chipyard/fpga/generated-src/chipyard.fpga.zcu104.ZCU104FPGATestHarness.RocketZCU104JLinkDiagFullPSLPDConfig/gen-collateral/DivSqrtRecFMToRaw_small_e5_s11.sv:2]
INFO: [Synth 8-6155] done synthesizing module 'DivSqrtRecFM_small_e5_s11' (290#1) [Z:/root/chipyard/fpga/generated-src/chipyard.fpga.zcu104.ZCU104FPGATestHarness.RocketZCU104JLinkDiagFullPSLPDConfig/gen-collateral/DivSqrtRecFM_small_e5_s11.sv:2]
INFO: [Synth 8-6157] synthesizing module 'DivSqrtRecFM_small_e8_s24' [Z:/root/chipyard/fpga/generated-src/chipyard.fpga.zcu104.ZCU104FPGATestHarness.RocketZCU104JLinkDiagFullPSLPDConfig/gen-collateral/DivSqrtRecFM_small_e8_s24.sv:2]
INFO: [Synth 8-6157] synthesizing module 'DivSqrtRecFMToRaw_small_e8_s24' [Z:/root/chipyard/fpga/generated-src/chipyard.fpga.zcu104.ZCU104FPGATestHarness.RocketZCU104JLinkDiagFullPSLPDConfig/gen-collateral/DivSqrtRecFMToRaw_small_e8_s24.sv:2]
INFO: [Synth 8-6157] synthesizing module 'DivSqrtRawFN_small_e8_s24' [Z:/root/chipyard/fpga/generated-src/chipyard.fpga.zcu104.ZCU104FPGATestHarness.RocketZCU104JLinkDiagFullPSLPDConfig/gen-collateral/DivSqrtRawFN_small_e8_s24.sv:46]
INFO: [Synth 8-6155] done synthesizing module 'DivSqrtRawFN_small_e8_s24' (291#1) [Z:/root/chipyard/fpga/generated-src/chipyard.fpga.zcu104.ZCU104FPGATestHarness.RocketZCU104JLinkDiagFullPSLPDConfig/gen-collateral/DivSqrtRawFN_small_e8_s24.sv:46]
INFO: [Synth 8-6155] done synthesizing module 'DivSqrtRecFMToRaw_small_e8_s24' (292#1) [Z:/root/chipyard/fpga/generated-src/chipyard.fpga.zcu104.ZCU104FPGATestHarness.RocketZCU104JLinkDiagFullPSLPDConfig/gen-collateral/DivSqrtRecFMToRaw_small_e8_s24.sv:2]
INFO: [Synth 8-6155] done synthesizing module 'DivSqrtRecFM_small_e8_s24' (293#1) [Z:/root/chipyard/fpga/generated-src/chipyard.fpga.zcu104.ZCU104FPGATestHarness.RocketZCU104JLinkDiagFullPSLPDConfig/gen-collateral/DivSqrtRecFM_small_e8_s24.sv:2]
INFO: [Synth 8-6157] synthesizing module 'DivSqrtRecFM_small_e11_s53' [Z:/root/chipyard/fpga/generated-src/chipyard.fpga.zcu104.ZCU104FPGATestHarness.RocketZCU104JLinkDiagFullPSLPDConfig/gen-collateral/DivSqrtRecFM_small_e11_s53.sv:2]
INFO: [Synth 8-6157] synthesizing module 'DivSqrtRecFMToRaw_small_e11_s53' [Z:/root/chipyard/fpga/generated-src/chipyard.fpga.zcu104.ZCU104FPGATestHarness.RocketZCU104JLinkDiagFullPSLPDConfig/gen-collateral/DivSqrtRecFMToRaw_small_e11_s53.sv:2]
INFO: [Synth 8-6157] synthesizing module 'DivSqrtRawFN_small_e11_s53' [Z:/root/chipyard/fpga/generated-src/chipyard.fpga.zcu104.ZCU104FPGATestHarness.RocketZCU104JLinkDiagFullPSLPDConfig/gen-collateral/DivSqrtRawFN_small_e11_s53.sv:46]
INFO: [Synth 8-6155] done synthesizing module 'DivSqrtRawFN_small_e11_s53' (294#1) [Z:/root/chipyard/fpga/generated-src/chipyard.fpga.zcu104.ZCU104FPGATestHarness.RocketZCU104JLinkDiagFullPSLPDConfig/gen-collateral/DivSqrtRawFN_small_e11_s53.sv:46]
INFO: [Synth 8-6155] done synthesizing module 'DivSqrtRecFMToRaw_small_e11_s53' (295#1) [Z:/root/chipyard/fpga/generated-src/chipyard.fpga.zcu104.ZCU104FPGATestHarness.RocketZCU104JLinkDiagFullPSLPDConfig/gen-collateral/DivSqrtRecFMToRaw_small_e11_s53.sv:2]
INFO: [Synth 8-6155] done synthesizing module 'DivSqrtRecFM_small_e11_s53' (296#1) [Z:/root/chipyard/fpga/generated-src/chipyard.fpga.zcu104.ZCU104FPGATestHarness.RocketZCU104JLinkDiagFullPSLPDConfig/gen-collateral/DivSqrtRecFM_small_e11_s53.sv:2]
INFO: [Synth 8-6155] done synthesizing module 'FPU' (297#1) [Z:/root/chipyard/fpga/generated-src/chipyard.fpga.zcu104.ZCU104FPGATestHarness.RocketZCU104JLinkDiagFullPSLPDConfig/gen-collateral/FPU.sv:77]
INFO: [Synth 8-6157] synthesizing module 'HellaCacheArbiter' [Z:/root/chipyard/fpga/generated-src/chipyard.fpga.zcu104.ZCU104FPGATestHarness.RocketZCU104JLinkDiagFullPSLPDConfig/gen-collateral/HellaCacheArbiter.sv:46]
INFO: [Synth 8-6155] done synthesizing module 'HellaCacheArbiter' (298#1) [Z:/root/chipyard/fpga/generated-src/chipyard.fpga.zcu104.ZCU104FPGATestHarness.RocketZCU104JLinkDiagFullPSLPDConfig/gen-collateral/HellaCacheArbiter.sv:46]
INFO: [Synth 8-6157] synthesizing module 'PTW' [Z:/root/chipyard/fpga/generated-src/chipyard.fpga.zcu104.ZCU104FPGATestHarness.RocketZCU104JLinkDiagFullPSLPDConfig/gen-collateral/PTW.sv:64]
INFO: [Synth 8-6157] synthesizing module 'Arbiter2_Valid_PTWReq' [Z:/root/chipyard/fpga/generated-src/chipyard.fpga.zcu104.ZCU104FPGATestHarness.RocketZCU104JLinkDiagFullPSLPDConfig/gen-collateral/Arbiter2_Valid_PTWReq.sv:2]
INFO: [Synth 8-6155] done synthesizing module 'Arbiter2_Valid_PTWReq' (299#1) [Z:/root/chipyard/fpga/generated-src/chipyard.fpga.zcu104.ZCU104FPGATestHarness.RocketZCU104JLinkDiagFullPSLPDConfig/gen-collateral/Arbiter2_Valid_PTWReq.sv:2]
INFO: [Synth 8-6157] synthesizing module 'OptimizationBarrier_UInt' [Z:/root/chipyard/fpga/generated-src/chipyard.fpga.zcu104.ZCU104FPGATestHarness.RocketZCU104JLinkDiagFullPSLPDConfig/gen-collateral/OptimizationBarrier_UInt.sv:2]
INFO: [Synth 8-6155] done synthesizing module 'OptimizationBarrier_UInt' (300#1) [Z:/root/chipyard/fpga/generated-src/chipyard.fpga.zcu104.ZCU104FPGATestHarness.RocketZCU104JLinkDiagFullPSLPDConfig/gen-collateral/OptimizationBarrier_UInt.sv:2]
INFO: [Synth 8-6157] synthesizing module 'OptimizationBarrier_PTE' [Z:/root/chipyard/fpga/generated-src/chipyard.fpga.zcu104.ZCU104FPGATestHarness.RocketZCU104JLinkDiagFullPSLPDConfig/gen-collateral/OptimizationBarrier_PTE.sv:2]
INFO: [Synth 8-6155] done synthesizing module 'OptimizationBarrier_PTE' (301#1) [Z:/root/chipyard/fpga/generated-src/chipyard.fpga.zcu104.ZCU104FPGATestHarness.RocketZCU104JLinkDiagFullPSLPDConfig/gen-collateral/OptimizationBarrier_PTE.sv:2]
INFO: [Synth 8-6155] done synthesizing module 'PTW' (302#1) [Z:/root/chipyard/fpga/generated-src/chipyard.fpga.zcu104.ZCU104FPGATestHarness.RocketZCU104JLinkDiagFullPSLPDConfig/gen-collateral/PTW.sv:64]
INFO: [Synth 8-6157] synthesizing module 'Rocket' [Z:/root/chipyard/fpga/generated-src/chipyard.fpga.zcu104.ZCU104FPGATestHarness.RocketZCU104JLinkDiagFullPSLPDConfig/gen-collateral/Rocket.sv:86]
INFO: [Synth 8-6157] synthesizing module 'IBuf' [Z:/root/chipyard/fpga/generated-src/chipyard.fpga.zcu104.ZCU104FPGATestHarness.RocketZCU104JLinkDiagFullPSLPDConfig/gen-collateral/IBuf.sv:64]
INFO: [Synth 8-6157] synthesizing module 'RVCExpander' [Z:/root/chipyard/fpga/generated-src/chipyard.fpga.zcu104.ZCU104FPGATestHarness.RocketZCU104JLinkDiagFullPSLPDConfig/gen-collateral/RVCExpander.sv:2]
INFO: [Synth 8-6155] done synthesizing module 'RVCExpander' (303#1) [Z:/root/chipyard/fpga/generated-src/chipyard.fpga.zcu104.ZCU104FPGATestHarness.RocketZCU104JLinkDiagFullPSLPDConfig/gen-collateral/RVCExpander.sv:2]
INFO: [Synth 8-6155] done synthesizing module 'IBuf' (304#1) [Z:/root/chipyard/fpga/generated-src/chipyard.fpga.zcu104.ZCU104FPGATestHarness.RocketZCU104JLinkDiagFullPSLPDConfig/gen-collateral/IBuf.sv:64]
INFO: [Synth 8-6157] synthesizing module 'rf_31x64' [Z:/root/chipyard/fpga/generated-src/chipyard.fpga.zcu104.ZCU104FPGATestHarness.RocketZCU104JLinkDiagFullPSLPDConfig/gen-collateral/rf_31x64.sv:3]
INFO: [Synth 8-6155] done synthesizing module 'rf_31x64' (305#1) [Z:/root/chipyard/fpga/generated-src/chipyard.fpga.zcu104.ZCU104FPGATestHarness.RocketZCU104JLinkDiagFullPSLPDConfig/gen-collateral/rf_31x64.sv:3]
INFO: [Synth 8-6157] synthesizing module 'CSRFile' [Z:/root/chipyard/fpga/generated-src/chipyard.fpga.zcu104.ZCU104FPGATestHarness.RocketZCU104JLinkDiagFullPSLPDConfig/gen-collateral/CSRFile.sv:64]
INFO: [Synth 8-6155] done synthesizing module 'CSRFile' (306#1) [Z:/root/chipyard/fpga/generated-src/chipyard.fpga.zcu104.ZCU104FPGATestHarness.RocketZCU104JLinkDiagFullPSLPDConfig/gen-collateral/CSRFile.sv:64]
INFO: [Synth 8-6157] synthesizing module 'BreakpointUnit' [Z:/root/chipyard/fpga/generated-src/chipyard.fpga.zcu104.ZCU104FPGATestHarness.RocketZCU104JLinkDiagFullPSLPDConfig/gen-collateral/BreakpointUnit.sv:2]
INFO: [Synth 8-6155] done synthesizing module 'BreakpointUnit' (307#1) [Z:/root/chipyard/fpga/generated-src/chipyard.fpga.zcu104.ZCU104FPGATestHarness.RocketZCU104JLinkDiagFullPSLPDConfig/gen-collateral/BreakpointUnit.sv:2]
INFO: [Synth 8-6157] synthesizing module 'RocketALU' [Z:/root/chipyard/fpga/generated-src/chipyard.fpga.zcu104.ZCU104FPGATestHarness.RocketZCU104JLinkDiagFullPSLPDConfig/gen-collateral/RocketALU.sv:2]
INFO: [Synth 8-6155] done synthesizing module 'RocketALU' (308#1) [Z:/root/chipyard/fpga/generated-src/chipyard.fpga.zcu104.ZCU104FPGATestHarness.RocketZCU104JLinkDiagFullPSLPDConfig/gen-collateral/RocketALU.sv:2]
INFO: [Synth 8-6157] synthesizing module 'MulDiv' [Z:/root/chipyard/fpga/generated-src/chipyard.fpga.zcu104.ZCU104FPGATestHarness.RocketZCU104JLinkDiagFullPSLPDConfig/gen-collateral/MulDiv.sv:46]
INFO: [Synth 8-6155] done synthesizing module 'MulDiv' (309#1) [Z:/root/chipyard/fpga/generated-src/chipyard.fpga.zcu104.ZCU104FPGATestHarness.RocketZCU104JLinkDiagFullPSLPDConfig/gen-collateral/MulDiv.sv:46]
INFO: [Synth 8-6157] synthesizing module 'Arbiter3_LLWB' [Z:/root/chipyard/fpga/generated-src/chipyard.fpga.zcu104.ZCU104FPGATestHarness.RocketZCU104JLinkDiagFullPSLPDConfig/gen-collateral/Arbiter3_LLWB.sv:2]
INFO: [Synth 8-6155] done synthesizing module 'Arbiter3_LLWB' (310#1) [Z:/root/chipyard/fpga/generated-src/chipyard.fpga.zcu104.ZCU104FPGATestHarness.RocketZCU104JLinkDiagFullPSLPDConfig/gen-collateral/Arbiter3_LLWB.sv:2]
WARNING: [Synth 8-4446] all outputs are unconnected for this instance and logic may be removed [Z:/root/chipyard/fpga/generated-src/chipyard.fpga.zcu104.ZCU104FPGATestHarness.RocketZCU104JLinkDiagFullPSLPDConfig/gen-collateral/Rocket.sv:1642]
INFO: [Synth 8-6157] synthesizing module 'PlusArgTimeout' [Z:/root/chipyard/fpga/generated-src/chipyard.fpga.zcu104.ZCU104FPGATestHarness.RocketZCU104JLinkDiagFullPSLPDConfig/gen-collateral/PlusArgTimeout.sv:20]
INFO: [Synth 8-6157] synthesizing module 'plusarg_reader' [Z:/root/chipyard/fpga/generated-src/chipyard.fpga.zcu104.ZCU104FPGATestHarness.RocketZCU104JLinkDiagFullPSLPDConfig/gen-collateral/plusarg_reader.v:7]
	Parameter FORMAT bound to: max_core_cycles=%d - type: string 
	Parameter WIDTH bound to: 32 - type: integer 
	Parameter DEFAULT bound to: 32'b00000000000000000000000000000000 
INFO: [Synth 8-6155] done synthesizing module 'plusarg_reader' (311#1) [Z:/root/chipyard/fpga/generated-src/chipyard.fpga.zcu104.ZCU104FPGATestHarness.RocketZCU104JLinkDiagFullPSLPDConfig/gen-collateral/plusarg_reader.v:7]
INFO: [Synth 8-6155] done synthesizing module 'PlusArgTimeout' (312#1) [Z:/root/chipyard/fpga/generated-src/chipyard.fpga.zcu104.ZCU104FPGATestHarness.RocketZCU104JLinkDiagFullPSLPDConfig/gen-collateral/PlusArgTimeout.sv:20]
WARNING: [Synth 8-6014] Unused sequential element ex_ctrl_rxs1_reg was removed.  [Z:/root/chipyard/fpga/generated-src/chipyard.fpga.zcu104.ZCU104FPGATestHarness.RocketZCU104JLinkDiagFullPSLPDConfig/gen-collateral/Rocket.sv:1017]
WARNING: [Synth 8-6014] Unused sequential element ex_ctrl_rfs1_reg was removed.  [Z:/root/chipyard/fpga/generated-src/chipyard.fpga.zcu104.ZCU104FPGATestHarness.RocketZCU104JLinkDiagFullPSLPDConfig/gen-collateral/Rocket.sv:1114]
WARNING: [Synth 8-6014] Unused sequential element ex_ctrl_rfs2_reg was removed.  [Z:/root/chipyard/fpga/generated-src/chipyard.fpga.zcu104.ZCU104FPGATestHarness.RocketZCU104JLinkDiagFullPSLPDConfig/gen-collateral/Rocket.sv:1115]
WARNING: [Synth 8-6014] Unused sequential element mem_ctrl_rxs2_reg was removed.  [Z:/root/chipyard/fpga/generated-src/chipyard.fpga.zcu104.ZCU104FPGATestHarness.RocketZCU104JLinkDiagFullPSLPDConfig/gen-collateral/Rocket.sv:1163]
WARNING: [Synth 8-6014] Unused sequential element mem_ctrl_rxs1_reg was removed.  [Z:/root/chipyard/fpga/generated-src/chipyard.fpga.zcu104.ZCU104FPGATestHarness.RocketZCU104JLinkDiagFullPSLPDConfig/gen-collateral/Rocket.sv:1164]
WARNING: [Synth 8-6014] Unused sequential element mem_ctrl_rfs1_reg was removed.  [Z:/root/chipyard/fpga/generated-src/chipyard.fpga.zcu104.ZCU104FPGATestHarness.RocketZCU104JLinkDiagFullPSLPDConfig/gen-collateral/Rocket.sv:1166]
WARNING: [Synth 8-6014] Unused sequential element mem_ctrl_rfs2_reg was removed.  [Z:/root/chipyard/fpga/generated-src/chipyard.fpga.zcu104.ZCU104FPGATestHarness.RocketZCU104JLinkDiagFullPSLPDConfig/gen-collateral/Rocket.sv:1167]
WARNING: [Synth 8-6014] Unused sequential element wb_ctrl_rxs2_reg was removed.  [Z:/root/chipyard/fpga/generated-src/chipyard.fpga.zcu104.ZCU104FPGATestHarness.RocketZCU104JLinkDiagFullPSLPDConfig/gen-collateral/Rocket.sv:1178]
WARNING: [Synth 8-6014] Unused sequential element wb_ctrl_rxs1_reg was removed.  [Z:/root/chipyard/fpga/generated-src/chipyard.fpga.zcu104.ZCU104FPGATestHarness.RocketZCU104JLinkDiagFullPSLPDConfig/gen-collateral/Rocket.sv:1179]
WARNING: [Synth 8-6014] Unused sequential element wb_ctrl_rfs1_reg was removed.  [Z:/root/chipyard/fpga/generated-src/chipyard.fpga.zcu104.ZCU104FPGATestHarness.RocketZCU104JLinkDiagFullPSLPDConfig/gen-collateral/Rocket.sv:1181]
WARNING: [Synth 8-6014] Unused sequential element wb_ctrl_rfs2_reg was removed.  [Z:/root/chipyard/fpga/generated-src/chipyard.fpga.zcu104.ZCU104FPGATestHarness.RocketZCU104JLinkDiagFullPSLPDConfig/gen-collateral/Rocket.sv:1182]
WARNING: [Synth 8-6014] Unused sequential element rocc_blocked_reg was removed.  [Z:/root/chipyard/fpga/generated-src/chipyard.fpga.zcu104.ZCU104FPGATestHarness.RocketZCU104JLinkDiagFullPSLPDConfig/gen-collateral/Rocket.sv:1257]
WARNING: [Synth 8-6014] Unused sequential element coreMonitorBundle_rd0val_REG_reg was removed.  [Z:/root/chipyard/fpga/generated-src/chipyard.fpga.zcu104.ZCU104FPGATestHarness.RocketZCU104JLinkDiagFullPSLPDConfig/gen-collateral/Rocket.sv:1259]
WARNING: [Synth 8-6014] Unused sequential element coreMonitorBundle_rd0val_REG_1_reg was removed.  [Z:/root/chipyard/fpga/generated-src/chipyard.fpga.zcu104.ZCU104FPGATestHarness.RocketZCU104JLinkDiagFullPSLPDConfig/gen-collateral/Rocket.sv:1260]
WARNING: [Synth 8-6014] Unused sequential element coreMonitorBundle_rd1val_REG_reg was removed.  [Z:/root/chipyard/fpga/generated-src/chipyard.fpga.zcu104.ZCU104FPGATestHarness.RocketZCU104JLinkDiagFullPSLPDConfig/gen-collateral/Rocket.sv:1261]
WARNING: [Synth 8-6014] Unused sequential element coreMonitorBundle_rd1val_REG_1_reg was removed.  [Z:/root/chipyard/fpga/generated-src/chipyard.fpga.zcu104.ZCU104FPGATestHarness.RocketZCU104JLinkDiagFullPSLPDConfig/gen-collateral/Rocket.sv:1262]
INFO: [Synth 8-6155] done synthesizing module 'Rocket' (313#1) [Z:/root/chipyard/fpga/generated-src/chipyard.fpga.zcu104.ZCU104FPGATestHarness.RocketZCU104JLinkDiagFullPSLPDConfig/gen-collateral/Rocket.sv:86]
INFO: [Synth 8-6155] done synthesizing module 'RocketTile' (314#1) [Z:/root/chipyard/fpga/generated-src/chipyard.fpga.zcu104.ZCU104FPGATestHarness.RocketZCU104JLinkDiagFullPSLPDConfig/gen-collateral/RocketTile.sv:46]
INFO: [Synth 8-6157] synthesizing module 'TLBuffer_a32d64s2k3z4c_1' [Z:/root/chipyard/fpga/generated-src/chipyard.fpga.zcu104.ZCU104FPGATestHarness.RocketZCU104JLinkDiagFullPSLPDConfig/gen-collateral/TLBuffer_a32d64s2k3z4c_1.sv:2]
INFO: [Synth 8-6157] synthesizing module 'Queue2_TLBundleA_a32d64s2k3z4c' [Z:/root/chipyard/fpga/generated-src/chipyard.fpga.zcu104.ZCU104FPGATestHarness.RocketZCU104JLinkDiagFullPSLPDConfig/gen-collateral/Queue2_TLBundleA_a32d64s2k3z4c.sv:59]
INFO: [Synth 8-6155] done synthesizing module 'Queue2_TLBundleA_a32d64s2k3z4c' (315#1) [Z:/root/chipyard/fpga/generated-src/chipyard.fpga.zcu104.ZCU104FPGATestHarness.RocketZCU104JLinkDiagFullPSLPDConfig/gen-collateral/Queue2_TLBundleA_a32d64s2k3z4c.sv:59]
INFO: [Synth 8-6157] synthesizing module 'Queue2_TLBundleD_a32d64s2k3z4c' [Z:/root/chipyard/fpga/generated-src/chipyard.fpga.zcu104.ZCU104FPGATestHarness.RocketZCU104JLinkDiagFullPSLPDConfig/gen-collateral/Queue2_TLBundleD_a32d64s2k3z4c.sv:59]
INFO: [Synth 8-6155] done synthesizing module 'Queue2_TLBundleD_a32d64s2k3z4c' (316#1) [Z:/root/chipyard/fpga/generated-src/chipyard.fpga.zcu104.ZCU104FPGATestHarness.RocketZCU104JLinkDiagFullPSLPDConfig/gen-collateral/Queue2_TLBundleD_a32d64s2k3z4c.sv:59]
INFO: [Synth 8-6157] synthesizing module 'Queue2_TLBundleB_a32d64s2k3z4c' [Z:/root/chipyard/fpga/generated-src/chipyard.fpga.zcu104.ZCU104FPGATestHarness.RocketZCU104JLinkDiagFullPSLPDConfig/gen-collateral/Queue2_TLBundleB_a32d64s2k3z4c.sv:59]
INFO: [Synth 8-6157] synthesizing module 'ram_2x40' [Z:/root/chipyard/fpga/generated-src/chipyard.fpga.zcu104.ZCU104FPGATestHarness.RocketZCU104JLinkDiagFullPSLPDConfig/gen-collateral/ram_2x40.sv:3]
INFO: [Synth 8-6155] done synthesizing module 'ram_2x40' (317#1) [Z:/root/chipyard/fpga/generated-src/chipyard.fpga.zcu104.ZCU104FPGATestHarness.RocketZCU104JLinkDiagFullPSLPDConfig/gen-collateral/ram_2x40.sv:3]
INFO: [Synth 8-6155] done synthesizing module 'Queue2_TLBundleB_a32d64s2k3z4c' (318#1) [Z:/root/chipyard/fpga/generated-src/chipyard.fpga.zcu104.ZCU104FPGATestHarness.RocketZCU104JLinkDiagFullPSLPDConfig/gen-collateral/Queue2_TLBundleB_a32d64s2k3z4c.sv:59]
INFO: [Synth 8-6157] synthesizing module 'Queue2_TLBundleC_a32d64s2k3z4c' [Z:/root/chipyard/fpga/generated-src/chipyard.fpga.zcu104.ZCU104FPGATestHarness.RocketZCU104JLinkDiagFullPSLPDConfig/gen-collateral/Queue2_TLBundleC_a32d64s2k3z4c.sv:59]
INFO: [Synth 8-6155] done synthesizing module 'Queue2_TLBundleC_a32d64s2k3z4c' (319#1) [Z:/root/chipyard/fpga/generated-src/chipyard.fpga.zcu104.ZCU104FPGATestHarness.RocketZCU104JLinkDiagFullPSLPDConfig/gen-collateral/Queue2_TLBundleC_a32d64s2k3z4c.sv:59]
INFO: [Synth 8-6157] synthesizing module 'Queue2_TLBundleE_a32d64s2k3z4c' [Z:/root/chipyard/fpga/generated-src/chipyard.fpga.zcu104.ZCU104FPGATestHarness.RocketZCU104JLinkDiagFullPSLPDConfig/gen-collateral/Queue2_TLBundleE_a32d64s2k3z4c.sv:59]
INFO: [Synth 8-6155] done synthesizing module 'Queue2_TLBundleE_a32d64s2k3z4c' (320#1) [Z:/root/chipyard/fpga/generated-src/chipyard.fpga.zcu104.ZCU104FPGATestHarness.RocketZCU104JLinkDiagFullPSLPDConfig/gen-collateral/Queue2_TLBundleE_a32d64s2k3z4c.sv:59]
INFO: [Synth 8-6155] done synthesizing module 'TLBuffer_a32d64s2k3z4c_1' (321#1) [Z:/root/chipyard/fpga/generated-src/chipyard.fpga.zcu104.ZCU104FPGATestHarness.RocketZCU104JLinkDiagFullPSLPDConfig/gen-collateral/TLBuffer_a32d64s2k3z4c_1.sv:2]
INFO: [Synth 8-6157] synthesizing module 'IntSyncAsyncCrossingSink_n1x1' [Z:/root/chipyard/fpga/generated-src/chipyard.fpga.zcu104.ZCU104FPGATestHarness.RocketZCU104JLinkDiagFullPSLPDConfig/gen-collateral/IntSyncAsyncCrossingSink_n1x1.sv:2]
INFO: [Synth 8-6157] synthesizing module 'SynchronizerShiftReg_w1_d3' [Z:/root/chipyard/fpga/generated-src/chipyard.fpga.zcu104.ZCU104FPGATestHarness.RocketZCU104JLinkDiagFullPSLPDConfig/gen-collateral/SynchronizerShiftReg_w1_d3.sv:2]
INFO: [Synth 8-6157] synthesizing module 'NonSyncResetSynchronizerPrimitiveShiftReg_d3' [Z:/root/chipyard/fpga/generated-src/chipyard.fpga.zcu104.ZCU104FPGATestHarness.RocketZCU104JLinkDiagFullPSLPDConfig/gen-collateral/NonSyncResetSynchronizerPrimitiveShiftReg_d3.sv:46]
INFO: [Synth 8-6155] done synthesizing module 'NonSyncResetSynchronizerPrimitiveShiftReg_d3' (322#1) [Z:/root/chipyard/fpga/generated-src/chipyard.fpga.zcu104.ZCU104FPGATestHarness.RocketZCU104JLinkDiagFullPSLPDConfig/gen-collateral/NonSyncResetSynchronizerPrimitiveShiftReg_d3.sv:46]
INFO: [Synth 8-6155] done synthesizing module 'SynchronizerShiftReg_w1_d3' (323#1) [Z:/root/chipyard/fpga/generated-src/chipyard.fpga.zcu104.ZCU104FPGATestHarness.RocketZCU104JLinkDiagFullPSLPDConfig/gen-collateral/SynchronizerShiftReg_w1_d3.sv:2]
INFO: [Synth 8-6155] done synthesizing module 'IntSyncAsyncCrossingSink_n1x1' (324#1) [Z:/root/chipyard/fpga/generated-src/chipyard.fpga.zcu104.ZCU104FPGATestHarness.RocketZCU104JLinkDiagFullPSLPDConfig/gen-collateral/IntSyncAsyncCrossingSink_n1x1.sv:2]
INFO: [Synth 8-6157] synthesizing module 'IntSyncSyncCrossingSink_n1x2' [Z:/root/chipyard/fpga/generated-src/chipyard.fpga.zcu104.ZCU104FPGATestHarness.RocketZCU104JLinkDiagFullPSLPDConfig/gen-collateral/IntSyncSyncCrossingSink_n1x2.sv:2]
INFO: [Synth 8-6155] done synthesizing module 'IntSyncSyncCrossingSink_n1x2' (325#1) [Z:/root/chipyard/fpga/generated-src/chipyard.fpga.zcu104.ZCU104FPGATestHarness.RocketZCU104JLinkDiagFullPSLPDConfig/gen-collateral/IntSyncSyncCrossingSink_n1x2.sv:2]
INFO: [Synth 8-6157] synthesizing module 'IntSyncSyncCrossingSink_n1x1' [Z:/root/chipyard/fpga/generated-src/chipyard.fpga.zcu104.ZCU104FPGATestHarness.RocketZCU104JLinkDiagFullPSLPDConfig/gen-collateral/IntSyncSyncCrossingSink_n1x1.sv:2]
INFO: [Synth 8-6155] done synthesizing module 'IntSyncSyncCrossingSink_n1x1' (326#1) [Z:/root/chipyard/fpga/generated-src/chipyard.fpga.zcu104.ZCU104FPGATestHarness.RocketZCU104JLinkDiagFullPSLPDConfig/gen-collateral/IntSyncSyncCrossingSink_n1x1.sv:2]
WARNING: [Synth 8-4446] all outputs are unconnected for this instance and logic may be removed [Z:/root/chipyard/fpga/generated-src/chipyard.fpga.zcu104.ZCU104FPGATestHarness.RocketZCU104JLinkDiagFullPSLPDConfig/gen-collateral/TilePRCIDomain.sv:231]
INFO: [Synth 8-6157] synthesizing module 'IntSyncCrossingSource_n1x1' [Z:/root/chipyard/fpga/generated-src/chipyard.fpga.zcu104.ZCU104FPGATestHarness.RocketZCU104JLinkDiagFullPSLPDConfig/gen-collateral/IntSyncCrossingSource_n1x1.sv:2]
INFO: [Synth 8-6157] synthesizing module 'AsyncResetRegVec_w1_i0' [Z:/root/chipyard/fpga/generated-src/chipyard.fpga.zcu104.ZCU104FPGATestHarness.RocketZCU104JLinkDiagFullPSLPDConfig/gen-collateral/AsyncResetRegVec_w1_i0.sv:46]
INFO: [Synth 8-6155] done synthesizing module 'AsyncResetRegVec_w1_i0' (327#1) [Z:/root/chipyard/fpga/generated-src/chipyard.fpga.zcu104.ZCU104FPGATestHarness.RocketZCU104JLinkDiagFullPSLPDConfig/gen-collateral/AsyncResetRegVec_w1_i0.sv:46]
INFO: [Synth 8-6155] done synthesizing module 'IntSyncCrossingSource_n1x1' (328#1) [Z:/root/chipyard/fpga/generated-src/chipyard.fpga.zcu104.ZCU104FPGATestHarness.RocketZCU104JLinkDiagFullPSLPDConfig/gen-collateral/IntSyncCrossingSource_n1x1.sv:2]
WARNING: [Synth 8-4446] all outputs are unconnected for this instance and logic may be removed [Z:/root/chipyard/fpga/generated-src/chipyard.fpga.zcu104.ZCU104FPGATestHarness.RocketZCU104JLinkDiagFullPSLPDConfig/gen-collateral/TilePRCIDomain.sv:237]
WARNING: [Synth 8-4446] all outputs are unconnected for this instance and logic may be removed [Z:/root/chipyard/fpga/generated-src/chipyard.fpga.zcu104.ZCU104FPGATestHarness.RocketZCU104JLinkDiagFullPSLPDConfig/gen-collateral/TilePRCIDomain.sv:243]
INFO: [Synth 8-6155] done synthesizing module 'TilePRCIDomain' (329#1) [Z:/root/chipyard/fpga/generated-src/chipyard.fpga.zcu104.ZCU104FPGATestHarness.RocketZCU104JLinkDiagFullPSLPDConfig/gen-collateral/TilePRCIDomain.sv:2]
INFO: [Synth 8-6157] synthesizing module 'BundleBridgeNexus_UInt1_1' [Z:/root/chipyard/fpga/generated-src/chipyard.fpga.zcu104.ZCU104FPGATestHarness.RocketZCU104JLinkDiagFullPSLPDConfig/gen-collateral/BundleBridgeNexus_UInt1_1.sv:2]
INFO: [Synth 8-6155] done synthesizing module 'BundleBridgeNexus_UInt1_1' (330#1) [Z:/root/chipyard/fpga/generated-src/chipyard.fpga.zcu104.ZCU104FPGATestHarness.RocketZCU104JLinkDiagFullPSLPDConfig/gen-collateral/BundleBridgeNexus_UInt1_1.sv:2]
INFO: [Synth 8-6157] synthesizing module 'CLINTClockSinkDomain' [Z:/root/chipyard/fpga/generated-src/chipyard.fpga.zcu104.ZCU104FPGATestHarness.RocketZCU104JLinkDiagFullPSLPDConfig/gen-collateral/CLINTClockSinkDomain.sv:2]
INFO: [Synth 8-6157] synthesizing module 'CLINT' [Z:/root/chipyard/fpga/generated-src/chipyard.fpga.zcu104.ZCU104FPGATestHarness.RocketZCU104JLinkDiagFullPSLPDConfig/gen-collateral/CLINT.sv:46]
INFO: [Synth 8-6155] done synthesizing module 'CLINT' (331#1) [Z:/root/chipyard/fpga/generated-src/chipyard.fpga.zcu104.ZCU104FPGATestHarness.RocketZCU104JLinkDiagFullPSLPDConfig/gen-collateral/CLINT.sv:46]
INFO: [Synth 8-6157] synthesizing module 'IntSyncCrossingSource_n1x2' [Z:/root/chipyard/fpga/generated-src/chipyard.fpga.zcu104.ZCU104FPGATestHarness.RocketZCU104JLinkDiagFullPSLPDConfig/gen-collateral/IntSyncCrossingSource_n1x2.sv:2]
INFO: [Synth 8-6157] synthesizing module 'AsyncResetRegVec_w2_i0' [Z:/root/chipyard/fpga/generated-src/chipyard.fpga.zcu104.ZCU104FPGATestHarness.RocketZCU104JLinkDiagFullPSLPDConfig/gen-collateral/AsyncResetRegVec_w2_i0.sv:46]
INFO: [Synth 8-6155] done synthesizing module 'AsyncResetRegVec_w2_i0' (332#1) [Z:/root/chipyard/fpga/generated-src/chipyard.fpga.zcu104.ZCU104FPGATestHarness.RocketZCU104JLinkDiagFullPSLPDConfig/gen-collateral/AsyncResetRegVec_w2_i0.sv:46]
INFO: [Synth 8-6155] done synthesizing module 'IntSyncCrossingSource_n1x2' (333#1) [Z:/root/chipyard/fpga/generated-src/chipyard.fpga.zcu104.ZCU104FPGATestHarness.RocketZCU104JLinkDiagFullPSLPDConfig/gen-collateral/IntSyncCrossingSource_n1x2.sv:2]
INFO: [Synth 8-6155] done synthesizing module 'CLINTClockSinkDomain' (334#1) [Z:/root/chipyard/fpga/generated-src/chipyard.fpga.zcu104.ZCU104FPGATestHarness.RocketZCU104JLinkDiagFullPSLPDConfig/gen-collateral/CLINTClockSinkDomain.sv:2]
INFO: [Synth 8-6157] synthesizing module 'PLICClockSinkDomain' [Z:/root/chipyard/fpga/generated-src/chipyard.fpga.zcu104.ZCU104FPGATestHarness.RocketZCU104JLinkDiagFullPSLPDConfig/gen-collateral/PLICClockSinkDomain.sv:2]
INFO: [Synth 8-6157] synthesizing module 'TLPLIC' [Z:/root/chipyard/fpga/generated-src/chipyard.fpga.zcu104.ZCU104FPGATestHarness.RocketZCU104JLinkDiagFullPSLPDConfig/gen-collateral/TLPLIC.sv:64]
INFO: [Synth 8-6157] synthesizing module 'LevelGateway' [Z:/root/chipyard/fpga/generated-src/chipyard.fpga.zcu104.ZCU104FPGATestHarness.RocketZCU104JLinkDiagFullPSLPDConfig/gen-collateral/LevelGateway.sv:46]
INFO: [Synth 8-6155] done synthesizing module 'LevelGateway' (335#1) [Z:/root/chipyard/fpga/generated-src/chipyard.fpga.zcu104.ZCU104FPGATestHarness.RocketZCU104JLinkDiagFullPSLPDConfig/gen-collateral/LevelGateway.sv:46]
INFO: [Synth 8-6157] synthesizing module 'PLICFanIn' [Z:/root/chipyard/fpga/generated-src/chipyard.fpga.zcu104.ZCU104FPGATestHarness.RocketZCU104JLinkDiagFullPSLPDConfig/gen-collateral/PLICFanIn.sv:2]
INFO: [Synth 8-6155] done synthesizing module 'PLICFanIn' (336#1) [Z:/root/chipyard/fpga/generated-src/chipyard.fpga.zcu104.ZCU104FPGATestHarness.RocketZCU104JLinkDiagFullPSLPDConfig/gen-collateral/PLICFanIn.sv:2]
INFO: [Synth 8-6157] synthesizing module 'Queue1_RegMapperInput_i23_m8' [Z:/root/chipyard/fpga/generated-src/chipyard.fpga.zcu104.ZCU104FPGATestHarness.RocketZCU104JLinkDiagFullPSLPDConfig/gen-collateral/Queue1_RegMapperInput_i23_m8.sv:46]
INFO: [Synth 8-6155] done synthesizing module 'Queue1_RegMapperInput_i23_m8' (337#1) [Z:/root/chipyard/fpga/generated-src/chipyard.fpga.zcu104.ZCU104FPGATestHarness.RocketZCU104JLinkDiagFullPSLPDConfig/gen-collateral/Queue1_RegMapperInput_i23_m8.sv:46]
INFO: [Synth 8-6155] done synthesizing module 'TLPLIC' (338#1) [Z:/root/chipyard/fpga/generated-src/chipyard.fpga.zcu104.ZCU104FPGATestHarness.RocketZCU104JLinkDiagFullPSLPDConfig/gen-collateral/TLPLIC.sv:64]
INFO: [Synth 8-6155] done synthesizing module 'PLICClockSinkDomain' (339#1) [Z:/root/chipyard/fpga/generated-src/chipyard.fpga.zcu104.ZCU104FPGATestHarness.RocketZCU104JLinkDiagFullPSLPDConfig/gen-collateral/PLICClockSinkDomain.sv:2]
INFO: [Synth 8-6157] synthesizing module 'TLDebugModule' [Z:/root/chipyard/fpga/generated-src/chipyard.fpga.zcu104.ZCU104FPGATestHarness.RocketZCU104JLinkDiagFullPSLPDConfig/gen-collateral/TLDebugModule.sv:2]
INFO: [Synth 8-6157] synthesizing module 'TLDebugModuleOuterAsync' [Z:/root/chipyard/fpga/generated-src/chipyard.fpga.zcu104.ZCU104FPGATestHarness.RocketZCU104JLinkDiagFullPSLPDConfig/gen-collateral/TLDebugModuleOuterAsync.sv:2]
INFO: [Synth 8-6157] synthesizing module 'TLXbar_dmixbar_i1_o2_a9d32s1k1z2u' [Z:/root/chipyard/fpga/generated-src/chipyard.fpga.zcu104.ZCU104FPGATestHarness.RocketZCU104JLinkDiagFullPSLPDConfig/gen-collateral/TLXbar_dmixbar_i1_o2_a9d32s1k1z2u.sv:64]
INFO: [Synth 8-6155] done synthesizing module 'TLXbar_dmixbar_i1_o2_a9d32s1k1z2u' (340#1) [Z:/root/chipyard/fpga/generated-src/chipyard.fpga.zcu104.ZCU104FPGATestHarness.RocketZCU104JLinkDiagFullPSLPDConfig/gen-collateral/TLXbar_dmixbar_i1_o2_a9d32s1k1z2u.sv:64]
INFO: [Synth 8-6157] synthesizing module 'DMIToTL' [Z:/root/chipyard/fpga/generated-src/chipyard.fpga.zcu104.ZCU104FPGATestHarness.RocketZCU104JLinkDiagFullPSLPDConfig/gen-collateral/DMIToTL.sv:2]
INFO: [Synth 8-6155] done synthesizing module 'DMIToTL' (341#1) [Z:/root/chipyard/fpga/generated-src/chipyard.fpga.zcu104.ZCU104FPGATestHarness.RocketZCU104JLinkDiagFullPSLPDConfig/gen-collateral/DMIToTL.sv:2]
INFO: [Synth 8-6157] synthesizing module 'TLDebugModuleOuter' [Z:/root/chipyard/fpga/generated-src/chipyard.fpga.zcu104.ZCU104FPGATestHarness.RocketZCU104JLinkDiagFullPSLPDConfig/gen-collateral/TLDebugModuleOuter.sv:46]
INFO: [Synth 8-6155] done synthesizing module 'TLDebugModuleOuter' (342#1) [Z:/root/chipyard/fpga/generated-src/chipyard.fpga.zcu104.ZCU104FPGATestHarness.RocketZCU104JLinkDiagFullPSLPDConfig/gen-collateral/TLDebugModuleOuter.sv:46]
INFO: [Synth 8-6157] synthesizing module 'IntSyncCrossingSource_n1x1_Registered' [Z:/root/chipyard/fpga/generated-src/chipyard.fpga.zcu104.ZCU104FPGATestHarness.RocketZCU104JLinkDiagFullPSLPDConfig/gen-collateral/IntSyncCrossingSource_n1x1_Registered.sv:2]
INFO: [Synth 8-6155] done synthesizing module 'IntSyncCrossingSource_n1x1_Registered' (343#1) [Z:/root/chipyard/fpga/generated-src/chipyard.fpga.zcu104.ZCU104FPGATestHarness.RocketZCU104JLinkDiagFullPSLPDConfig/gen-collateral/IntSyncCrossingSource_n1x1_Registered.sv:2]
INFO: [Synth 8-6157] synthesizing module 'TLBusBypass' [Z:/root/chipyard/fpga/generated-src/chipyard.fpga.zcu104.ZCU104FPGATestHarness.RocketZCU104JLinkDiagFullPSLPDConfig/gen-collateral/TLBusBypass.sv:2]
INFO: [Synth 8-6157] synthesizing module 'TLBusBypassBar' [Z:/root/chipyard/fpga/generated-src/chipyard.fpga.zcu104.ZCU104FPGATestHarness.RocketZCU104JLinkDiagFullPSLPDConfig/gen-collateral/TLBusBypassBar.sv:46]
INFO: [Synth 8-6155] done synthesizing module 'TLBusBypassBar' (344#1) [Z:/root/chipyard/fpga/generated-src/chipyard.fpga.zcu104.ZCU104FPGATestHarness.RocketZCU104JLinkDiagFullPSLPDConfig/gen-collateral/TLBusBypassBar.sv:46]
INFO: [Synth 8-6157] synthesizing module 'TLError_1' [Z:/root/chipyard/fpga/generated-src/chipyard.fpga.zcu104.ZCU104FPGATestHarness.RocketZCU104JLinkDiagFullPSLPDConfig/gen-collateral/TLError_1.sv:64]
WARNING: [Synth 8-6014] Unused sequential element r_counter_reg was removed.  [Z:/root/chipyard/fpga/generated-src/chipyard.fpga.zcu104.ZCU104FPGATestHarness.RocketZCU104JLinkDiagFullPSLPDConfig/gen-collateral/TLError_1.sv:103]
INFO: [Synth 8-6155] done synthesizing module 'TLError_1' (345#1) [Z:/root/chipyard/fpga/generated-src/chipyard.fpga.zcu104.ZCU104FPGATestHarness.RocketZCU104JLinkDiagFullPSLPDConfig/gen-collateral/TLError_1.sv:64]
INFO: [Synth 8-6155] done synthesizing module 'TLBusBypass' (346#1) [Z:/root/chipyard/fpga/generated-src/chipyard.fpga.zcu104.ZCU104FPGATestHarness.RocketZCU104JLinkDiagFullPSLPDConfig/gen-collateral/TLBusBypass.sv:2]
INFO: [Synth 8-6157] synthesizing module 'TLAsyncCrossingSource_a9d32s1k1z2u' [Z:/root/chipyard/fpga/generated-src/chipyard.fpga.zcu104.ZCU104FPGATestHarness.RocketZCU104JLinkDiagFullPSLPDConfig/gen-collateral/TLAsyncCrossingSource_a9d32s1k1z2u.sv:2]
INFO: [Synth 8-6157] synthesizing module 'AsyncQueueSource_TLBundleA_a9d32s1k1z2u' [Z:/root/chipyard/fpga/generated-src/chipyard.fpga.zcu104.ZCU104FPGATestHarness.RocketZCU104JLinkDiagFullPSLPDConfig/gen-collateral/AsyncQueueSource_TLBundleA_a9d32s1k1z2u.sv:46]
INFO: [Synth 8-6157] synthesizing module 'AsyncResetSynchronizerShiftReg_w1_d3_i0' [Z:/root/chipyard/fpga/generated-src/chipyard.fpga.zcu104.ZCU104FPGATestHarness.RocketZCU104JLinkDiagFullPSLPDConfig/gen-collateral/AsyncResetSynchronizerShiftReg_w1_d3_i0.sv:2]
INFO: [Synth 8-6157] synthesizing module 'AsyncResetSynchronizerPrimitiveShiftReg_d3_i0' [Z:/root/chipyard/fpga/generated-src/chipyard.fpga.zcu104.ZCU104FPGATestHarness.RocketZCU104JLinkDiagFullPSLPDConfig/gen-collateral/AsyncResetSynchronizerPrimitiveShiftReg_d3_i0.sv:46]
INFO: [Synth 8-6155] done synthesizing module 'AsyncResetSynchronizerPrimitiveShiftReg_d3_i0' (347#1) [Z:/root/chipyard/fpga/generated-src/chipyard.fpga.zcu104.ZCU104FPGATestHarness.RocketZCU104JLinkDiagFullPSLPDConfig/gen-collateral/AsyncResetSynchronizerPrimitiveShiftReg_d3_i0.sv:46]
INFO: [Synth 8-6155] done synthesizing module 'AsyncResetSynchronizerShiftReg_w1_d3_i0' (348#1) [Z:/root/chipyard/fpga/generated-src/chipyard.fpga.zcu104.ZCU104FPGATestHarness.RocketZCU104JLinkDiagFullPSLPDConfig/gen-collateral/AsyncResetSynchronizerShiftReg_w1_d3_i0.sv:2]
INFO: [Synth 8-6157] synthesizing module 'AsyncValidSync' [Z:/root/chipyard/fpga/generated-src/chipyard.fpga.zcu104.ZCU104FPGATestHarness.RocketZCU104JLinkDiagFullPSLPDConfig/gen-collateral/AsyncValidSync.sv:2]
INFO: [Synth 8-6157] synthesizing module 'AsyncResetSynchronizerShiftReg_w1_d3_i0_1' [Z:/root/chipyard/fpga/generated-src/chipyard.fpga.zcu104.ZCU104FPGATestHarness.RocketZCU104JLinkDiagFullPSLPDConfig/gen-collateral/AsyncResetSynchronizerShiftReg_w1_d3_i0_1.sv:2]
INFO: [Synth 8-6155] done synthesizing module 'AsyncResetSynchronizerShiftReg_w1_d3_i0_1' (349#1) [Z:/root/chipyard/fpga/generated-src/chipyard.fpga.zcu104.ZCU104FPGATestHarness.RocketZCU104JLinkDiagFullPSLPDConfig/gen-collateral/AsyncResetSynchronizerShiftReg_w1_d3_i0_1.sv:2]
INFO: [Synth 8-6155] done synthesizing module 'AsyncValidSync' (350#1) [Z:/root/chipyard/fpga/generated-src/chipyard.fpga.zcu104.ZCU104FPGATestHarness.RocketZCU104JLinkDiagFullPSLPDConfig/gen-collateral/AsyncValidSync.sv:2]
INFO: [Synth 8-6155] done synthesizing module 'AsyncQueueSource_TLBundleA_a9d32s1k1z2u' (351#1) [Z:/root/chipyard/fpga/generated-src/chipyard.fpga.zcu104.ZCU104FPGATestHarness.RocketZCU104JLinkDiagFullPSLPDConfig/gen-collateral/AsyncQueueSource_TLBundleA_a9d32s1k1z2u.sv:46]
INFO: [Synth 8-6157] synthesizing module 'AsyncQueueSink_TLBundleD_a9d32s1k1z2u' [Z:/root/chipyard/fpga/generated-src/chipyard.fpga.zcu104.ZCU104FPGATestHarness.RocketZCU104JLinkDiagFullPSLPDConfig/gen-collateral/AsyncQueueSink_TLBundleD_a9d32s1k1z2u.sv:46]
INFO: [Synth 8-6157] synthesizing module 'ClockCrossingReg_w43' [Z:/root/chipyard/fpga/generated-src/chipyard.fpga.zcu104.ZCU104FPGATestHarness.RocketZCU104JLinkDiagFullPSLPDConfig/gen-collateral/ClockCrossingReg_w43.sv:46]
INFO: [Synth 8-6155] done synthesizing module 'ClockCrossingReg_w43' (352#1) [Z:/root/chipyard/fpga/generated-src/chipyard.fpga.zcu104.ZCU104FPGATestHarness.RocketZCU104JLinkDiagFullPSLPDConfig/gen-collateral/ClockCrossingReg_w43.sv:46]
INFO: [Synth 8-6155] done synthesizing module 'AsyncQueueSink_TLBundleD_a9d32s1k1z2u' (353#1) [Z:/root/chipyard/fpga/generated-src/chipyard.fpga.zcu104.ZCU104FPGATestHarness.RocketZCU104JLinkDiagFullPSLPDConfig/gen-collateral/AsyncQueueSink_TLBundleD_a9d32s1k1z2u.sv:46]
INFO: [Synth 8-6155] done synthesizing module 'TLAsyncCrossingSource_a9d32s1k1z2u' (354#1) [Z:/root/chipyard/fpga/generated-src/chipyard.fpga.zcu104.ZCU104FPGATestHarness.RocketZCU104JLinkDiagFullPSLPDConfig/gen-collateral/TLAsyncCrossingSource_a9d32s1k1z2u.sv:2]
INFO: [Synth 8-6157] synthesizing module 'AsyncQueueSource_DebugInternalBundle' [Z:/root/chipyard/fpga/generated-src/chipyard.fpga.zcu104.ZCU104FPGATestHarness.RocketZCU104JLinkDiagFullPSLPDConfig/gen-collateral/AsyncQueueSource_DebugInternalBundle.sv:46]
INFO: [Synth 8-6155] done synthesizing module 'AsyncQueueSource_DebugInternalBundle' (355#1) [Z:/root/chipyard/fpga/generated-src/chipyard.fpga.zcu104.ZCU104FPGATestHarness.RocketZCU104JLinkDiagFullPSLPDConfig/gen-collateral/AsyncQueueSource_DebugInternalBundle.sv:46]
INFO: [Synth 8-6155] done synthesizing module 'TLDebugModuleOuterAsync' (356#1) [Z:/root/chipyard/fpga/generated-src/chipyard.fpga.zcu104.ZCU104FPGATestHarness.RocketZCU104JLinkDiagFullPSLPDConfig/gen-collateral/TLDebugModuleOuterAsync.sv:2]
INFO: [Synth 8-6157] synthesizing module 'TLDebugModuleInnerAsync' [Z:/root/chipyard/fpga/generated-src/chipyard.fpga.zcu104.ZCU104FPGATestHarness.RocketZCU104JLinkDiagFullPSLPDConfig/gen-collateral/TLDebugModuleInnerAsync.sv:2]
INFO: [Synth 8-6157] synthesizing module 'TLDebugModuleInner' [Z:/root/chipyard/fpga/generated-src/chipyard.fpga.zcu104.ZCU104FPGATestHarness.RocketZCU104JLinkDiagFullPSLPDConfig/gen-collateral/TLDebugModuleInner.sv:64]
INFO: [Synth 8-6157] synthesizing module 'SBToTL' [Z:/root/chipyard/fpga/generated-src/chipyard.fpga.zcu104.ZCU104FPGATestHarness.RocketZCU104JLinkDiagFullPSLPDConfig/gen-collateral/SBToTL.sv:64]
INFO: [Synth 8-6157] synthesizing module 'Queue2_TLBundleD_a32d8s1k3z4u' [Z:/root/chipyard/fpga/generated-src/chipyard.fpga.zcu104.ZCU104FPGATestHarness.RocketZCU104JLinkDiagFullPSLPDConfig/gen-collateral/Queue2_TLBundleD_a32d8s1k3z4u.sv:59]
INFO: [Synth 8-6157] synthesizing module 'ram_2x10' [Z:/root/chipyard/fpga/generated-src/chipyard.fpga.zcu104.ZCU104FPGATestHarness.RocketZCU104JLinkDiagFullPSLPDConfig/gen-collateral/ram_2x10.sv:3]
INFO: [Synth 8-6155] done synthesizing module 'ram_2x10' (357#1) [Z:/root/chipyard/fpga/generated-src/chipyard.fpga.zcu104.ZCU104FPGATestHarness.RocketZCU104JLinkDiagFullPSLPDConfig/gen-collateral/ram_2x10.sv:3]
INFO: [Synth 8-6155] done synthesizing module 'Queue2_TLBundleD_a32d8s1k3z4u' (358#1) [Z:/root/chipyard/fpga/generated-src/chipyard.fpga.zcu104.ZCU104FPGATestHarness.RocketZCU104JLinkDiagFullPSLPDConfig/gen-collateral/Queue2_TLBundleD_a32d8s1k3z4u.sv:59]
INFO: [Synth 8-6155] done synthesizing module 'SBToTL' (359#1) [Z:/root/chipyard/fpga/generated-src/chipyard.fpga.zcu104.ZCU104FPGATestHarness.RocketZCU104JLinkDiagFullPSLPDConfig/gen-collateral/SBToTL.sv:64]
INFO: [Synth 8-6155] done synthesizing module 'TLDebugModuleInner' (360#1) [Z:/root/chipyard/fpga/generated-src/chipyard.fpga.zcu104.ZCU104FPGATestHarness.RocketZCU104JLinkDiagFullPSLPDConfig/gen-collateral/TLDebugModuleInner.sv:64]
INFO: [Synth 8-6157] synthesizing module 'TLAsyncCrossingSink_a9d32s1k1z2u' [Z:/root/chipyard/fpga/generated-src/chipyard.fpga.zcu104.ZCU104FPGATestHarness.RocketZCU104JLinkDiagFullPSLPDConfig/gen-collateral/TLAsyncCrossingSink_a9d32s1k1z2u.sv:2]
INFO: [Synth 8-6157] synthesizing module 'AsyncQueueSink_TLBundleA_a9d32s1k1z2u' [Z:/root/chipyard/fpga/generated-src/chipyard.fpga.zcu104.ZCU104FPGATestHarness.RocketZCU104JLinkDiagFullPSLPDConfig/gen-collateral/AsyncQueueSink_TLBundleA_a9d32s1k1z2u.sv:46]
INFO: [Synth 8-6157] synthesizing module 'ClockCrossingReg_w55' [Z:/root/chipyard/fpga/generated-src/chipyard.fpga.zcu104.ZCU104FPGATestHarness.RocketZCU104JLinkDiagFullPSLPDConfig/gen-collateral/ClockCrossingReg_w55.sv:46]
INFO: [Synth 8-6155] done synthesizing module 'ClockCrossingReg_w55' (361#1) [Z:/root/chipyard/fpga/generated-src/chipyard.fpga.zcu104.ZCU104FPGATestHarness.RocketZCU104JLinkDiagFullPSLPDConfig/gen-collateral/ClockCrossingReg_w55.sv:46]
INFO: [Synth 8-6155] done synthesizing module 'AsyncQueueSink_TLBundleA_a9d32s1k1z2u' (362#1) [Z:/root/chipyard/fpga/generated-src/chipyard.fpga.zcu104.ZCU104FPGATestHarness.RocketZCU104JLinkDiagFullPSLPDConfig/gen-collateral/AsyncQueueSink_TLBundleA_a9d32s1k1z2u.sv:46]
INFO: [Synth 8-6157] synthesizing module 'AsyncQueueSource_TLBundleD_a9d32s1k1z2u' [Z:/root/chipyard/fpga/generated-src/chipyard.fpga.zcu104.ZCU104FPGATestHarness.RocketZCU104JLinkDiagFullPSLPDConfig/gen-collateral/AsyncQueueSource_TLBundleD_a9d32s1k1z2u.sv:46]
INFO: [Synth 8-6155] done synthesizing module 'AsyncQueueSource_TLBundleD_a9d32s1k1z2u' (363#1) [Z:/root/chipyard/fpga/generated-src/chipyard.fpga.zcu104.ZCU104FPGATestHarness.RocketZCU104JLinkDiagFullPSLPDConfig/gen-collateral/AsyncQueueSource_TLBundleD_a9d32s1k1z2u.sv:46]
INFO: [Synth 8-6155] done synthesizing module 'TLAsyncCrossingSink_a9d32s1k1z2u' (364#1) [Z:/root/chipyard/fpga/generated-src/chipyard.fpga.zcu104.ZCU104FPGATestHarness.RocketZCU104JLinkDiagFullPSLPDConfig/gen-collateral/TLAsyncCrossingSink_a9d32s1k1z2u.sv:2]
INFO: [Synth 8-6157] synthesizing module 'AsyncQueueSink_DebugInternalBundle' [Z:/root/chipyard/fpga/generated-src/chipyard.fpga.zcu104.ZCU104FPGATestHarness.RocketZCU104JLinkDiagFullPSLPDConfig/gen-collateral/AsyncQueueSink_DebugInternalBundle.sv:46]
INFO: [Synth 8-6157] synthesizing module 'ClockCrossingReg_w15' [Z:/root/chipyard/fpga/generated-src/chipyard.fpga.zcu104.ZCU104FPGATestHarness.RocketZCU104JLinkDiagFullPSLPDConfig/gen-collateral/ClockCrossingReg_w15.sv:46]
INFO: [Synth 8-6155] done synthesizing module 'ClockCrossingReg_w15' (365#1) [Z:/root/chipyard/fpga/generated-src/chipyard.fpga.zcu104.ZCU104FPGATestHarness.RocketZCU104JLinkDiagFullPSLPDConfig/gen-collateral/ClockCrossingReg_w15.sv:46]
INFO: [Synth 8-6155] done synthesizing module 'AsyncQueueSink_DebugInternalBundle' (366#1) [Z:/root/chipyard/fpga/generated-src/chipyard.fpga.zcu104.ZCU104FPGATestHarness.RocketZCU104JLinkDiagFullPSLPDConfig/gen-collateral/AsyncQueueSink_DebugInternalBundle.sv:46]
INFO: [Synth 8-6155] done synthesizing module 'TLDebugModuleInnerAsync' (367#1) [Z:/root/chipyard/fpga/generated-src/chipyard.fpga.zcu104.ZCU104FPGATestHarness.RocketZCU104JLinkDiagFullPSLPDConfig/gen-collateral/TLDebugModuleInnerAsync.sv:2]
INFO: [Synth 8-6155] done synthesizing module 'TLDebugModule' (368#1) [Z:/root/chipyard/fpga/generated-src/chipyard.fpga.zcu104.ZCU104FPGATestHarness.RocketZCU104JLinkDiagFullPSLPDConfig/gen-collateral/TLDebugModule.sv:2]
INFO: [Synth 8-6157] synthesizing module 'bootromClockSinkDomain' [Z:/root/chipyard/fpga/generated-src/chipyard.fpga.zcu104.ZCU104FPGATestHarness.RocketZCU104JLinkDiagFullPSLPDConfig/gen-collateral/bootromClockSinkDomain.sv:2]
INFO: [Synth 8-6157] synthesizing module 'TLROM' [Z:/root/chipyard/fpga/generated-src/chipyard.fpga.zcu104.ZCU104FPGATestHarness.RocketZCU104JLinkDiagFullPSLPDConfig/gen-collateral/TLROM.sv:2]
INFO: [Synth 8-6155] done synthesizing module 'TLROM' (369#1) [Z:/root/chipyard/fpga/generated-src/chipyard.fpga.zcu104.ZCU104FPGATestHarness.RocketZCU104JLinkDiagFullPSLPDConfig/gen-collateral/TLROM.sv:2]
INFO: [Synth 8-6155] done synthesizing module 'bootromClockSinkDomain' (370#1) [Z:/root/chipyard/fpga/generated-src/chipyard.fpga.zcu104.ZCU104FPGATestHarness.RocketZCU104JLinkDiagFullPSLPDConfig/gen-collateral/bootromClockSinkDomain.sv:2]
INFO: [Synth 8-6157] synthesizing module 'ScratchpadBank' [Z:/root/chipyard/fpga/generated-src/chipyard.fpga.zcu104.ZCU104FPGATestHarness.RocketZCU104JLinkDiagFullPSLPDConfig/gen-collateral/ScratchpadBank.sv:2]
INFO: [Synth 8-6157] synthesizing module 'TLRAM_ScratchpadBank' [Z:/root/chipyard/fpga/generated-src/chipyard.fpga.zcu104.ZCU104FPGATestHarness.RocketZCU104JLinkDiagFullPSLPDConfig/gen-collateral/TLRAM_ScratchpadBank.sv:46]
INFO: [Synth 8-6157] synthesizing module 'mem' [Z:/root/chipyard/fpga/generated-src/chipyard.fpga.zcu104.ZCU104FPGATestHarness.RocketZCU104JLinkDiagFullPSLPDConfig/gen-collateral/mem.sv:2]
INFO: [Synth 8-6157] synthesizing module 'mem_ext' [Z:/root/chipyard/fpga/generated-src/chipyard.fpga.zcu104.ZCU104FPGATestHarness.RocketZCU104JLinkDiagFullPSLPDConfig/gen-collateral/chipyard.fpga.zcu104.ZCU104FPGATestHarness.RocketZCU104JLinkDiagFullPSLPDConfig.top.mems.v:2321]
INFO: [Synth 8-6157] synthesizing module 'split_mem_ext' [Z:/root/chipyard/fpga/generated-src/chipyard.fpga.zcu104.ZCU104FPGATestHarness.RocketZCU104JLinkDiagFullPSLPDConfig/gen-collateral/chipyard.fpga.zcu104.ZCU104FPGATestHarness.RocketZCU104JLinkDiagFullPSLPDConfig.top.mems.v:3100]
WARNING: [Synth 8-6014] Unused sequential element ram_RW_0_r_en_pipe_0_reg was removed.  [Z:/root/chipyard/fpga/generated-src/chipyard.fpga.zcu104.ZCU104FPGATestHarness.RocketZCU104JLinkDiagFullPSLPDConfig/gen-collateral/chipyard.fpga.zcu104.ZCU104FPGATestHarness.RocketZCU104JLinkDiagFullPSLPDConfig.top.mems.v:3126]
INFO: [Synth 8-6155] done synthesizing module 'split_mem_ext' (371#1) [Z:/root/chipyard/fpga/generated-src/chipyard.fpga.zcu104.ZCU104FPGATestHarness.RocketZCU104JLinkDiagFullPSLPDConfig/gen-collateral/chipyard.fpga.zcu104.ZCU104FPGATestHarness.RocketZCU104JLinkDiagFullPSLPDConfig.top.mems.v:3100]
INFO: [Synth 8-6155] done synthesizing module 'mem_ext' (372#1) [Z:/root/chipyard/fpga/generated-src/chipyard.fpga.zcu104.ZCU104FPGATestHarness.RocketZCU104JLinkDiagFullPSLPDConfig/gen-collateral/chipyard.fpga.zcu104.ZCU104FPGATestHarness.RocketZCU104JLinkDiagFullPSLPDConfig.top.mems.v:2321]
INFO: [Synth 8-6155] done synthesizing module 'mem' (373#1) [Z:/root/chipyard/fpga/generated-src/chipyard.fpga.zcu104.ZCU104FPGATestHarness.RocketZCU104JLinkDiagFullPSLPDConfig/gen-collateral/mem.sv:2]
INFO: [Synth 8-6155] done synthesizing module 'TLRAM_ScratchpadBank' (374#1) [Z:/root/chipyard/fpga/generated-src/chipyard.fpga.zcu104.ZCU104FPGATestHarness.RocketZCU104JLinkDiagFullPSLPDConfig/gen-collateral/TLRAM_ScratchpadBank.sv:46]
INFO: [Synth 8-6157] synthesizing module 'TLFragmenter_ScratchpadBank' [Z:/root/chipyard/fpga/generated-src/chipyard.fpga.zcu104.ZCU104FPGATestHarness.RocketZCU104JLinkDiagFullPSLPDConfig/gen-collateral/TLFragmenter_ScratchpadBank.sv:64]
INFO: [Synth 8-6155] done synthesizing module 'TLFragmenter_ScratchpadBank' (375#1) [Z:/root/chipyard/fpga/generated-src/chipyard.fpga.zcu104.ZCU104FPGATestHarness.RocketZCU104JLinkDiagFullPSLPDConfig/gen-collateral/TLFragmenter_ScratchpadBank.sv:64]
INFO: [Synth 8-6155] done synthesizing module 'ScratchpadBank' (376#1) [Z:/root/chipyard/fpga/generated-src/chipyard.fpga.zcu104.ZCU104FPGATestHarness.RocketZCU104JLinkDiagFullPSLPDConfig/gen-collateral/ScratchpadBank.sv:2]
INFO: [Synth 8-6157] synthesizing module 'TLUARTClockSinkDomain' [Z:/root/chipyard/fpga/generated-src/chipyard.fpga.zcu104.ZCU104FPGATestHarness.RocketZCU104JLinkDiagFullPSLPDConfig/gen-collateral/TLUARTClockSinkDomain.sv:2]
INFO: [Synth 8-6157] synthesizing module 'TLUART' [Z:/root/chipyard/fpga/generated-src/chipyard.fpga.zcu104.ZCU104FPGATestHarness.RocketZCU104JLinkDiagFullPSLPDConfig/gen-collateral/TLUART.sv:46]
INFO: [Synth 8-6157] synthesizing module 'UARTTx' [Z:/root/chipyard/fpga/generated-src/chipyard.fpga.zcu104.ZCU104FPGATestHarness.RocketZCU104JLinkDiagFullPSLPDConfig/gen-collateral/UARTTx.sv:55]
INFO: [Synth 8-6157] synthesizing module 'plusarg_reader__parameterized0' [Z:/root/chipyard/fpga/generated-src/chipyard.fpga.zcu104.ZCU104FPGATestHarness.RocketZCU104JLinkDiagFullPSLPDConfig/gen-collateral/plusarg_reader.v:7]
	Parameter FORMAT bound to: uart_tx=%d - type: string 
	Parameter WIDTH bound to: 32 - type: integer 
	Parameter DEFAULT bound to: 32'b00000000000000000000000000000001 
INFO: [Synth 8-6155] done synthesizing module 'plusarg_reader__parameterized0' (376#1) [Z:/root/chipyard/fpga/generated-src/chipyard.fpga.zcu104.ZCU104FPGATestHarness.RocketZCU104JLinkDiagFullPSLPDConfig/gen-collateral/plusarg_reader.v:7]
INFO: [Synth 8-6157] synthesizing module 'plusarg_reader__parameterized1' [Z:/root/chipyard/fpga/generated-src/chipyard.fpga.zcu104.ZCU104FPGATestHarness.RocketZCU104JLinkDiagFullPSLPDConfig/gen-collateral/plusarg_reader.v:7]
	Parameter FORMAT bound to: uart_tx_printf=%d - type: string 
	Parameter WIDTH bound to: 32 - type: integer 
	Parameter DEFAULT bound to: 32'b00000000000000000000000000000000 
INFO: [Synth 8-6155] done synthesizing module 'plusarg_reader__parameterized1' (376#1) [Z:/root/chipyard/fpga/generated-src/chipyard.fpga.zcu104.ZCU104FPGATestHarness.RocketZCU104JLinkDiagFullPSLPDConfig/gen-collateral/plusarg_reader.v:7]
INFO: [Synth 8-6155] done synthesizing module 'UARTTx' (377#1) [Z:/root/chipyard/fpga/generated-src/chipyard.fpga.zcu104.ZCU104FPGATestHarness.RocketZCU104JLinkDiagFullPSLPDConfig/gen-collateral/UARTTx.sv:55]
INFO: [Synth 8-6157] synthesizing module 'Queue8_UInt8' [Z:/root/chipyard/fpga/generated-src/chipyard.fpga.zcu104.ZCU104FPGATestHarness.RocketZCU104JLinkDiagFullPSLPDConfig/gen-collateral/Queue8_UInt8.sv:59]
INFO: [Synth 8-6157] synthesizing module 'ram_8x8' [Z:/root/chipyard/fpga/generated-src/chipyard.fpga.zcu104.ZCU104FPGATestHarness.RocketZCU104JLinkDiagFullPSLPDConfig/gen-collateral/ram_8x8.sv:3]
INFO: [Synth 8-6155] done synthesizing module 'ram_8x8' (378#1) [Z:/root/chipyard/fpga/generated-src/chipyard.fpga.zcu104.ZCU104FPGATestHarness.RocketZCU104JLinkDiagFullPSLPDConfig/gen-collateral/ram_8x8.sv:3]
INFO: [Synth 8-6155] done synthesizing module 'Queue8_UInt8' (379#1) [Z:/root/chipyard/fpga/generated-src/chipyard.fpga.zcu104.ZCU104FPGATestHarness.RocketZCU104JLinkDiagFullPSLPDConfig/gen-collateral/Queue8_UInt8.sv:59]
INFO: [Synth 8-6157] synthesizing module 'UARTRx' [Z:/root/chipyard/fpga/generated-src/chipyard.fpga.zcu104.ZCU104FPGATestHarness.RocketZCU104JLinkDiagFullPSLPDConfig/gen-collateral/UARTRx.sv:46]
INFO: [Synth 8-6155] done synthesizing module 'UARTRx' (380#1) [Z:/root/chipyard/fpga/generated-src/chipyard.fpga.zcu104.ZCU104FPGATestHarness.RocketZCU104JLinkDiagFullPSLPDConfig/gen-collateral/UARTRx.sv:46]
INFO: [Synth 8-6155] done synthesizing module 'TLUART' (381#1) [Z:/root/chipyard/fpga/generated-src/chipyard.fpga.zcu104.ZCU104FPGATestHarness.RocketZCU104JLinkDiagFullPSLPDConfig/gen-collateral/TLUART.sv:46]
INFO: [Synth 8-6155] done synthesizing module 'TLUARTClockSinkDomain' (382#1) [Z:/root/chipyard/fpga/generated-src/chipyard.fpga.zcu104.ZCU104FPGATestHarness.RocketZCU104JLinkDiagFullPSLPDConfig/gen-collateral/TLUARTClockSinkDomain.sv:2]
INFO: [Synth 8-6157] synthesizing module 'ClockSinkDomain_1' [Z:/root/chipyard/fpga/generated-src/chipyard.fpga.zcu104.ZCU104FPGATestHarness.RocketZCU104JLinkDiagFullPSLPDConfig/gen-collateral/ClockSinkDomain_1.sv:2]
INFO: [Synth 8-6157] synthesizing module 'TLGPIO' [Z:/root/chipyard/fpga/generated-src/chipyard.fpga.zcu104.ZCU104FPGATestHarness.RocketZCU104JLinkDiagFullPSLPDConfig/gen-collateral/TLGPIO.sv:46]
INFO: [Synth 8-6155] done synthesizing module 'TLGPIO' (383#1) [Z:/root/chipyard/fpga/generated-src/chipyard.fpga.zcu104.ZCU104FPGATestHarness.RocketZCU104JLinkDiagFullPSLPDConfig/gen-collateral/TLGPIO.sv:46]
INFO: [Synth 8-6155] done synthesizing module 'ClockSinkDomain_1' (384#1) [Z:/root/chipyard/fpga/generated-src/chipyard.fpga.zcu104.ZCU104FPGATestHarness.RocketZCU104JLinkDiagFullPSLPDConfig/gen-collateral/ClockSinkDomain_1.sv:2]
INFO: [Synth 8-6157] synthesizing module 'ClockSinkDomain_2' [Z:/root/chipyard/fpga/generated-src/chipyard.fpga.zcu104.ZCU104FPGATestHarness.RocketZCU104JLinkDiagFullPSLPDConfig/gen-collateral/ClockSinkDomain_2.sv:2]
INFO: [Synth 8-6157] synthesizing module 'TLSPI' [Z:/root/chipyard/fpga/generated-src/chipyard.fpga.zcu104.ZCU104FPGATestHarness.RocketZCU104JLinkDiagFullPSLPDConfig/gen-collateral/TLSPI.sv:46]
INFO: [Synth 8-6157] synthesizing module 'SPIFIFO' [Z:/root/chipyard/fpga/generated-src/chipyard.fpga.zcu104.ZCU104FPGATestHarness.RocketZCU104JLinkDiagFullPSLPDConfig/gen-collateral/SPIFIFO.sv:46]
INFO: [Synth 8-6155] done synthesizing module 'SPIFIFO' (385#1) [Z:/root/chipyard/fpga/generated-src/chipyard.fpga.zcu104.ZCU104FPGATestHarness.RocketZCU104JLinkDiagFullPSLPDConfig/gen-collateral/SPIFIFO.sv:46]
INFO: [Synth 8-6157] synthesizing module 'SPIMedia' [Z:/root/chipyard/fpga/generated-src/chipyard.fpga.zcu104.ZCU104FPGATestHarness.RocketZCU104JLinkDiagFullPSLPDConfig/gen-collateral/SPIMedia.sv:46]
INFO: [Synth 8-6157] synthesizing module 'SPIPhysical' [Z:/root/chipyard/fpga/generated-src/chipyard.fpga.zcu104.ZCU104FPGATestHarness.RocketZCU104JLinkDiagFullPSLPDConfig/gen-collateral/SPIPhysical.sv:46]
INFO: [Synth 8-6155] done synthesizing module 'SPIPhysical' (386#1) [Z:/root/chipyard/fpga/generated-src/chipyard.fpga.zcu104.ZCU104FPGATestHarness.RocketZCU104JLinkDiagFullPSLPDConfig/gen-collateral/SPIPhysical.sv:46]
INFO: [Synth 8-6155] done synthesizing module 'SPIMedia' (387#1) [Z:/root/chipyard/fpga/generated-src/chipyard.fpga.zcu104.ZCU104FPGATestHarness.RocketZCU104JLinkDiagFullPSLPDConfig/gen-collateral/SPIMedia.sv:46]
INFO: [Synth 8-6155] done synthesizing module 'TLSPI' (388#1) [Z:/root/chipyard/fpga/generated-src/chipyard.fpga.zcu104.ZCU104FPGATestHarness.RocketZCU104JLinkDiagFullPSLPDConfig/gen-collateral/TLSPI.sv:46]
INFO: [Synth 8-6155] done synthesizing module 'ClockSinkDomain_2' (389#1) [Z:/root/chipyard/fpga/generated-src/chipyard.fpga.zcu104.ZCU104FPGATestHarness.RocketZCU104JLinkDiagFullPSLPDConfig/gen-collateral/ClockSinkDomain_2.sv:2]
INFO: [Synth 8-6157] synthesizing module 'ChipyardPRCICtrlClockSinkDomain' [Z:/root/chipyard/fpga/generated-src/chipyard.fpga.zcu104.ZCU104FPGATestHarness.RocketZCU104JLinkDiagFullPSLPDConfig/gen-collateral/ChipyardPRCICtrlClockSinkDomain.sv:2]
INFO: [Synth 8-6157] synthesizing module 'TLXbar_prcibus_i1_o2_a21d64s4k1z3u' [Z:/root/chipyard/fpga/generated-src/chipyard.fpga.zcu104.ZCU104FPGATestHarness.RocketZCU104JLinkDiagFullPSLPDConfig/gen-collateral/TLXbar_prcibus_i1_o2_a21d64s4k1z3u.sv:64]
INFO: [Synth 8-6155] done synthesizing module 'TLXbar_prcibus_i1_o2_a21d64s4k1z3u' (390#1) [Z:/root/chipyard/fpga/generated-src/chipyard.fpga.zcu104.ZCU104FPGATestHarness.RocketZCU104JLinkDiagFullPSLPDConfig/gen-collateral/TLXbar_prcibus_i1_o2_a21d64s4k1z3u.sv:64]
INFO: [Synth 8-6157] synthesizing module 'ClockGroupResetSynchronizer' [Z:/root/chipyard/fpga/generated-src/chipyard.fpga.zcu104.ZCU104FPGATestHarness.RocketZCU104JLinkDiagFullPSLPDConfig/gen-collateral/ClockGroupResetSynchronizer.sv:2]
INFO: [Synth 8-6157] synthesizing module 'ResetCatchAndSync_d3' [Z:/root/chipyard/fpga/generated-src/chipyard.fpga.zcu104.ZCU104FPGATestHarness.RocketZCU104JLinkDiagFullPSLPDConfig/gen-collateral/ResetCatchAndSync_d3.sv:2]
INFO: [Synth 8-6155] done synthesizing module 'ResetCatchAndSync_d3' (391#1) [Z:/root/chipyard/fpga/generated-src/chipyard.fpga.zcu104.ZCU104FPGATestHarness.RocketZCU104JLinkDiagFullPSLPDConfig/gen-collateral/ResetCatchAndSync_d3.sv:2]
INFO: [Synth 8-6155] done synthesizing module 'ClockGroupResetSynchronizer' (392#1) [Z:/root/chipyard/fpga/generated-src/chipyard.fpga.zcu104.ZCU104FPGATestHarness.RocketZCU104JLinkDiagFullPSLPDConfig/gen-collateral/ClockGroupResetSynchronizer.sv:2]
INFO: [Synth 8-6157] synthesizing module 'TileClockGater' [Z:/root/chipyard/fpga/generated-src/chipyard.fpga.zcu104.ZCU104FPGATestHarness.RocketZCU104JLinkDiagFullPSLPDConfig/gen-collateral/TileClockGater.sv:2]
INFO: [Synth 8-6157] synthesizing module 'AsyncResetRegVec_w1_i1' [Z:/root/chipyard/fpga/generated-src/chipyard.fpga.zcu104.ZCU104FPGATestHarness.RocketZCU104JLinkDiagFullPSLPDConfig/gen-collateral/AsyncResetRegVec_w1_i1.sv:46]
INFO: [Synth 8-6155] done synthesizing module 'AsyncResetRegVec_w1_i1' (393#1) [Z:/root/chipyard/fpga/generated-src/chipyard.fpga.zcu104.ZCU104FPGATestHarness.RocketZCU104JLinkDiagFullPSLPDConfig/gen-collateral/AsyncResetRegVec_w1_i1.sv:46]
INFO: [Synth 8-6155] done synthesizing module 'TileClockGater' (394#1) [Z:/root/chipyard/fpga/generated-src/chipyard.fpga.zcu104.ZCU104FPGATestHarness.RocketZCU104JLinkDiagFullPSLPDConfig/gen-collateral/TileClockGater.sv:2]
INFO: [Synth 8-6157] synthesizing module 'TLFragmenter_TileClockGater' [Z:/root/chipyard/fpga/generated-src/chipyard.fpga.zcu104.ZCU104FPGATestHarness.RocketZCU104JLinkDiagFullPSLPDConfig/gen-collateral/TLFragmenter_TileClockGater.sv:64]
INFO: [Synth 8-6157] synthesizing module 'Repeater_TLBundleA_a21d64s4k1z3u' [Z:/root/chipyard/fpga/generated-src/chipyard.fpga.zcu104.ZCU104FPGATestHarness.RocketZCU104JLinkDiagFullPSLPDConfig/gen-collateral/Repeater_TLBundleA_a21d64s4k1z3u.sv:46]
INFO: [Synth 8-6155] done synthesizing module 'Repeater_TLBundleA_a21d64s4k1z3u' (395#1) [Z:/root/chipyard/fpga/generated-src/chipyard.fpga.zcu104.ZCU104FPGATestHarness.RocketZCU104JLinkDiagFullPSLPDConfig/gen-collateral/Repeater_TLBundleA_a21d64s4k1z3u.sv:46]
INFO: [Synth 8-6155] done synthesizing module 'TLFragmenter_TileClockGater' (396#1) [Z:/root/chipyard/fpga/generated-src/chipyard.fpga.zcu104.ZCU104FPGATestHarness.RocketZCU104JLinkDiagFullPSLPDConfig/gen-collateral/TLFragmenter_TileClockGater.sv:64]
INFO: [Synth 8-6157] synthesizing module 'TileResetSetter' [Z:/root/chipyard/fpga/generated-src/chipyard.fpga.zcu104.ZCU104FPGATestHarness.RocketZCU104JLinkDiagFullPSLPDConfig/gen-collateral/TileResetSetter.sv:2]
INFO: [Synth 8-6155] done synthesizing module 'TileResetSetter' (397#1) [Z:/root/chipyard/fpga/generated-src/chipyard.fpga.zcu104.ZCU104FPGATestHarness.RocketZCU104JLinkDiagFullPSLPDConfig/gen-collateral/TileResetSetter.sv:2]
INFO: [Synth 8-6157] synthesizing module 'TLFragmenter_TileResetSetter' [Z:/root/chipyard/fpga/generated-src/chipyard.fpga.zcu104.ZCU104FPGATestHarness.RocketZCU104JLinkDiagFullPSLPDConfig/gen-collateral/TLFragmenter_TileResetSetter.sv:64]
INFO: [Synth 8-6155] done synthesizing module 'TLFragmenter_TileResetSetter' (398#1) [Z:/root/chipyard/fpga/generated-src/chipyard.fpga.zcu104.ZCU104FPGATestHarness.RocketZCU104JLinkDiagFullPSLPDConfig/gen-collateral/TLFragmenter_TileResetSetter.sv:64]
INFO: [Synth 8-6155] done synthesizing module 'ChipyardPRCICtrlClockSinkDomain' (399#1) [Z:/root/chipyard/fpga/generated-src/chipyard.fpga.zcu104.ZCU104FPGATestHarness.RocketZCU104JLinkDiagFullPSLPDConfig/gen-collateral/ChipyardPRCICtrlClockSinkDomain.sv:2]
INFO: [Synth 8-6157] synthesizing module 'ClockGroupAggregator_allClocks' [Z:/root/chipyard/fpga/generated-src/chipyard.fpga.zcu104.ZCU104FPGATestHarness.RocketZCU104JLinkDiagFullPSLPDConfig/gen-collateral/ClockGroupAggregator_allClocks.sv:2]
INFO: [Synth 8-6155] done synthesizing module 'ClockGroupAggregator_allClocks' (400#1) [Z:/root/chipyard/fpga/generated-src/chipyard.fpga.zcu104.ZCU104FPGATestHarness.RocketZCU104JLinkDiagFullPSLPDConfig/gen-collateral/ClockGroupAggregator_allClocks.sv:2]
INFO: [Synth 8-6157] synthesizing module 'ClockGroupCombiner' [Z:/root/chipyard/fpga/generated-src/chipyard.fpga.zcu104.ZCU104FPGATestHarness.RocketZCU104JLinkDiagFullPSLPDConfig/gen-collateral/ClockGroupCombiner.sv:2]
INFO: [Synth 8-6155] done synthesizing module 'ClockGroupCombiner' (401#1) [Z:/root/chipyard/fpga/generated-src/chipyard.fpga.zcu104.ZCU104FPGATestHarness.RocketZCU104JLinkDiagFullPSLPDConfig/gen-collateral/ClockGroupCombiner.sv:2]
INFO: [Synth 8-6157] synthesizing module 'ClockGroupAsyncResetCoercer' [Z:/root/chipyard/fpga/generated-src/chipyard.fpga.zcu104.ZCU104FPGATestHarness.RocketZCU104JLinkDiagFullPSLPDConfig/gen-collateral/ClockGroupAsyncResetCoercer.sv:2]
INFO: [Synth 8-6155] done synthesizing module 'ClockGroupAsyncResetCoercer' (402#1) [Z:/root/chipyard/fpga/generated-src/chipyard.fpga.zcu104.ZCU104FPGATestHarness.RocketZCU104JLinkDiagFullPSLPDConfig/gen-collateral/ClockGroupAsyncResetCoercer.sv:2]
INFO: [Synth 8-6157] synthesizing module 'DebugTransportModuleJTAG' [Z:/root/chipyard/fpga/generated-src/chipyard.fpga.zcu104.ZCU104FPGATestHarness.RocketZCU104JLinkDiagFullPSLPDConfig/gen-collateral/DebugTransportModuleJTAG.sv:64]
INFO: [Synth 8-6157] synthesizing module 'CaptureUpdateChain_DTMInfo_To_DTMInfo' [Z:/root/chipyard/fpga/generated-src/chipyard.fpga.zcu104.ZCU104FPGATestHarness.RocketZCU104JLinkDiagFullPSLPDConfig/gen-collateral/CaptureUpdateChain_DTMInfo_To_DTMInfo.sv:64]
INFO: [Synth 8-6155] done synthesizing module 'CaptureUpdateChain_DTMInfo_To_DTMInfo' (403#1) [Z:/root/chipyard/fpga/generated-src/chipyard.fpga.zcu104.ZCU104FPGATestHarness.RocketZCU104JLinkDiagFullPSLPDConfig/gen-collateral/CaptureUpdateChain_DTMInfo_To_DTMInfo.sv:64]
INFO: [Synth 8-6157] synthesizing module 'CaptureUpdateChain_DMIAccessCapture_To_DMIAccessUpdate' [Z:/root/chipyard/fpga/generated-src/chipyard.fpga.zcu104.ZCU104FPGATestHarness.RocketZCU104JLinkDiagFullPSLPDConfig/gen-collateral/CaptureUpdateChain_DMIAccessCapture_To_DMIAccessUpdate.sv:64]
INFO: [Synth 8-6155] done synthesizing module 'CaptureUpdateChain_DMIAccessCapture_To_DMIAccessUpdate' (404#1) [Z:/root/chipyard/fpga/generated-src/chipyard.fpga.zcu104.ZCU104FPGATestHarness.RocketZCU104JLinkDiagFullPSLPDConfig/gen-collateral/CaptureUpdateChain_DMIAccessCapture_To_DMIAccessUpdate.sv:64]
INFO: [Synth 8-6157] synthesizing module 'CaptureChain_JTAGIdcodeBundle' [Z:/root/chipyard/fpga/generated-src/chipyard.fpga.zcu104.ZCU104FPGATestHarness.RocketZCU104JLinkDiagFullPSLPDConfig/gen-collateral/CaptureChain_JTAGIdcodeBundle.sv:64]
INFO: [Synth 8-6155] done synthesizing module 'CaptureChain_JTAGIdcodeBundle' (405#1) [Z:/root/chipyard/fpga/generated-src/chipyard.fpga.zcu104.ZCU104FPGATestHarness.RocketZCU104JLinkDiagFullPSLPDConfig/gen-collateral/CaptureChain_JTAGIdcodeBundle.sv:64]
INFO: [Synth 8-6157] synthesizing module 'JtagTapController' [Z:/root/chipyard/fpga/generated-src/chipyard.fpga.zcu104.ZCU104FPGATestHarness.RocketZCU104JLinkDiagFullPSLPDConfig/gen-collateral/JtagTapController.sv:46]
INFO: [Synth 8-6157] synthesizing module 'JtagStateMachine' [Z:/root/chipyard/fpga/generated-src/chipyard.fpga.zcu104.ZCU104FPGATestHarness.RocketZCU104JLinkDiagFullPSLPDConfig/gen-collateral/JtagStateMachine.sv:46]
INFO: [Synth 8-6155] done synthesizing module 'JtagStateMachine' (406#1) [Z:/root/chipyard/fpga/generated-src/chipyard.fpga.zcu104.ZCU104FPGATestHarness.RocketZCU104JLinkDiagFullPSLPDConfig/gen-collateral/JtagStateMachine.sv:46]
INFO: [Synth 8-6157] synthesizing module 'CaptureUpdateChain_UInt5_To_UInt5' [Z:/root/chipyard/fpga/generated-src/chipyard.fpga.zcu104.ZCU104FPGATestHarness.RocketZCU104JLinkDiagFullPSLPDConfig/gen-collateral/CaptureUpdateChain_UInt5_To_UInt5.sv:64]
INFO: [Synth 8-6155] done synthesizing module 'CaptureUpdateChain_UInt5_To_UInt5' (407#1) [Z:/root/chipyard/fpga/generated-src/chipyard.fpga.zcu104.ZCU104FPGATestHarness.RocketZCU104JLinkDiagFullPSLPDConfig/gen-collateral/CaptureUpdateChain_UInt5_To_UInt5.sv:64]
INFO: [Synth 8-6155] done synthesizing module 'JtagTapController' (408#1) [Z:/root/chipyard/fpga/generated-src/chipyard.fpga.zcu104.ZCU104FPGATestHarness.RocketZCU104JLinkDiagFullPSLPDConfig/gen-collateral/JtagTapController.sv:46]
INFO: [Synth 8-6157] synthesizing module 'JtagBypassChain' [Z:/root/chipyard/fpga/generated-src/chipyard.fpga.zcu104.ZCU104FPGATestHarness.RocketZCU104JLinkDiagFullPSLPDConfig/gen-collateral/JtagBypassChain.sv:64]
INFO: [Synth 8-6155] done synthesizing module 'JtagBypassChain' (409#1) [Z:/root/chipyard/fpga/generated-src/chipyard.fpga.zcu104.ZCU104FPGATestHarness.RocketZCU104JLinkDiagFullPSLPDConfig/gen-collateral/JtagBypassChain.sv:64]
INFO: [Synth 8-6155] done synthesizing module 'DebugTransportModuleJTAG' (410#1) [Z:/root/chipyard/fpga/generated-src/chipyard.fpga.zcu104.ZCU104FPGATestHarness.RocketZCU104JLinkDiagFullPSLPDConfig/gen-collateral/DebugTransportModuleJTAG.sv:64]
INFO: [Synth 8-6155] done synthesizing module 'DigitalTop' (411#1) [Z:/root/chipyard/fpga/generated-src/chipyard.fpga.zcu104.ZCU104FPGATestHarness.RocketZCU104JLinkDiagFullPSLPDConfig/gen-collateral/DigitalTop.sv:46]
INFO: [Synth 8-6157] synthesizing module 'GenericDigitalInIOCell' [Z:/root/chipyard/fpga/generated-src/chipyard.fpga.zcu104.ZCU104FPGATestHarness.RocketZCU104JLinkDiagFullPSLPDConfig/gen-collateral/GenericDigitalInIOCell.v:3]
INFO: [Synth 8-6155] done synthesizing module 'GenericDigitalInIOCell' (412#1) [Z:/root/chipyard/fpga/generated-src/chipyard.fpga.zcu104.ZCU104FPGATestHarness.RocketZCU104JLinkDiagFullPSLPDConfig/gen-collateral/GenericDigitalInIOCell.v:3]
INFO: [Synth 8-6157] synthesizing module 'GenericDigitalOutIOCell' [Z:/root/chipyard/fpga/generated-src/chipyard.fpga.zcu104.ZCU104FPGATestHarness.RocketZCU104JLinkDiagFullPSLPDConfig/gen-collateral/GenericDigitalOutIOCell.v:3]
INFO: [Synth 8-6155] done synthesizing module 'GenericDigitalOutIOCell' (413#1) [Z:/root/chipyard/fpga/generated-src/chipyard.fpga.zcu104.ZCU104FPGATestHarness.RocketZCU104JLinkDiagFullPSLPDConfig/gen-collateral/GenericDigitalOutIOCell.v:3]
INFO: [Synth 8-6157] synthesizing module 'ResetSynchronizerShiftReg_w1_d3_i0' [Z:/root/chipyard/fpga/generated-src/chipyard.fpga.zcu104.ZCU104FPGATestHarness.RocketZCU104JLinkDiagFullPSLPDConfig/gen-collateral/ResetSynchronizerShiftReg_w1_d3_i0.sv:2]
INFO: [Synth 8-6157] synthesizing module 'InferredResetSynchronizerPrimitiveShiftReg_d3_i0' [Z:/root/chipyard/fpga/generated-src/chipyard.fpga.zcu104.ZCU104FPGATestHarness.RocketZCU104JLinkDiagFullPSLPDConfig/gen-collateral/InferredResetSynchronizerPrimitiveShiftReg_d3_i0.sv:46]
INFO: [Synth 8-6155] done synthesizing module 'InferredResetSynchronizerPrimitiveShiftReg_d3_i0' (414#1) [Z:/root/chipyard/fpga/generated-src/chipyard.fpga.zcu104.ZCU104FPGATestHarness.RocketZCU104JLinkDiagFullPSLPDConfig/gen-collateral/InferredResetSynchronizerPrimitiveShiftReg_d3_i0.sv:46]
INFO: [Synth 8-6155] done synthesizing module 'ResetSynchronizerShiftReg_w1_d3_i0' (415#1) [Z:/root/chipyard/fpga/generated-src/chipyard.fpga.zcu104.ZCU104FPGATestHarness.RocketZCU104JLinkDiagFullPSLPDConfig/gen-collateral/ResetSynchronizerShiftReg_w1_d3_i0.sv:2]
INFO: [Synth 8-6157] synthesizing module 'EICG_wrapper' [Z:/root/chipyard/fpga/generated-src/chipyard.fpga.zcu104.ZCU104FPGATestHarness.RocketZCU104JLinkDiagFullPSLPDConfig/gen-collateral/EICG_wrapper.v:3]
INFO: [Synth 8-6155] done synthesizing module 'EICG_wrapper' (416#1) [Z:/root/chipyard/fpga/generated-src/chipyard.fpga.zcu104.ZCU104FPGATestHarness.RocketZCU104JLinkDiagFullPSLPDConfig/gen-collateral/EICG_wrapper.v:3]
INFO: [Synth 8-6155] done synthesizing module 'ChipTop' (417#1) [Z:/root/chipyard/fpga/generated-src/chipyard.fpga.zcu104.ZCU104FPGATestHarness.RocketZCU104JLinkDiagFullPSLPDConfig/gen-collateral/ChipTop.sv:46]
INFO: [Synth 8-6157] synthesizing module 'plusarg_reader_ZCU104FPGATestHarness_UNIQUIFIED' [Z:/root/chipyard/fpga/generated-src/chipyard.fpga.zcu104.ZCU104FPGATestHarness.RocketZCU104JLinkDiagFullPSLPDConfig/gen-collateral/plusarg_reader_ZCU104FPGATestHarness_UNIQUIFIED.v:7]
	Parameter FORMAT bound to: custom_boot_pin=%d - type: string 
	Parameter WIDTH bound to: 1 - type: integer 
	Parameter DEFAULT bound to: 1'b0 
INFO: [Synth 8-6155] done synthesizing module 'plusarg_reader_ZCU104FPGATestHarness_UNIQUIFIED' (418#1) [Z:/root/chipyard/fpga/generated-src/chipyard.fpga.zcu104.ZCU104FPGATestHarness.RocketZCU104JLinkDiagFullPSLPDConfig/gen-collateral/plusarg_reader_ZCU104FPGATestHarness_UNIQUIFIED.v:7]
WARNING: [Synth 8-4446] all outputs are unconnected for this instance and logic may be removed [Z:/root/chipyard/fpga/generated-src/chipyard.fpga.zcu104.ZCU104FPGATestHarness.RocketZCU104JLinkDiagFullPSLPDConfig/gen-collateral/ZCU104FPGATestHarness.sv:496]
INFO: [Synth 8-6155] done synthesizing module 'ZCU104FPGATestHarness' (419#1) [Z:/root/chipyard/fpga/generated-src/chipyard.fpga.zcu104.ZCU104FPGATestHarness.RocketZCU104JLinkDiagFullPSLPDConfig/gen-collateral/ZCU104FPGATestHarness.sv:46]
WARNING: [Synth 8-7129] Port reset in module JtagBypassChain is either unconnected or has no load
WARNING: [Synth 8-7129] Port io_chainIn_update in module JtagBypassChain is either unconnected or has no load
WARNING: [Synth 8-7129] Port reset in module CaptureUpdateChain_UInt5_To_UInt5 is either unconnected or has no load
WARNING: [Synth 8-7129] Port reset in module CaptureChain_JTAGIdcodeBundle is either unconnected or has no load
WARNING: [Synth 8-7129] Port io_chainIn_update in module CaptureChain_JTAGIdcodeBundle is either unconnected or has no load
WARNING: [Synth 8-7129] Port reset in module CaptureUpdateChain_DMIAccessCapture_To_DMIAccessUpdate is either unconnected or has no load
WARNING: [Synth 8-7129] Port reset in module CaptureUpdateChain_DTMInfo_To_DTMInfo is either unconnected or has no load
WARNING: [Synth 8-7129] Port auto_clock_gater_in_1_a_bits_address[20] in module TileClockGater is either unconnected or has no load
WARNING: [Synth 8-7129] Port auto_clock_gater_in_1_a_bits_address[19] in module TileClockGater is either unconnected or has no load
WARNING: [Synth 8-7129] Port auto_clock_gater_in_1_a_bits_address[18] in module TileClockGater is either unconnected or has no load
WARNING: [Synth 8-7129] Port auto_clock_gater_in_1_a_bits_address[17] in module TileClockGater is either unconnected or has no load
WARNING: [Synth 8-7129] Port auto_clock_gater_in_1_a_bits_address[16] in module TileClockGater is either unconnected or has no load
WARNING: [Synth 8-7129] Port auto_clock_gater_in_1_a_bits_address[15] in module TileClockGater is either unconnected or has no load
WARNING: [Synth 8-7129] Port auto_clock_gater_in_1_a_bits_address[14] in module TileClockGater is either unconnected or has no load
WARNING: [Synth 8-7129] Port auto_clock_gater_in_1_a_bits_address[13] in module TileClockGater is either unconnected or has no load
WARNING: [Synth 8-7129] Port auto_clock_gater_in_1_a_bits_address[12] in module TileClockGater is either unconnected or has no load
WARNING: [Synth 8-7129] Port auto_clock_gater_in_1_a_bits_address[2] in module TileClockGater is either unconnected or has no load
WARNING: [Synth 8-7129] Port auto_clock_gater_in_1_a_bits_address[1] in module TileClockGater is either unconnected or has no load
WARNING: [Synth 8-7129] Port auto_clock_gater_in_1_a_bits_address[0] in module TileClockGater is either unconnected or has no load
WARNING: [Synth 8-7129] Port auto_clock_gater_in_1_a_bits_mask[7] in module TileClockGater is either unconnected or has no load
WARNING: [Synth 8-7129] Port auto_clock_gater_in_1_a_bits_mask[6] in module TileClockGater is either unconnected or has no load
WARNING: [Synth 8-7129] Port auto_clock_gater_in_1_a_bits_mask[5] in module TileClockGater is either unconnected or has no load
WARNING: [Synth 8-7129] Port auto_clock_gater_in_1_a_bits_mask[4] in module TileClockGater is either unconnected or has no load
WARNING: [Synth 8-7129] Port auto_clock_gater_in_1_a_bits_mask[3] in module TileClockGater is either unconnected or has no load
WARNING: [Synth 8-7129] Port auto_clock_gater_in_1_a_bits_mask[2] in module TileClockGater is either unconnected or has no load
WARNING: [Synth 8-7129] Port auto_clock_gater_in_1_a_bits_mask[1] in module TileClockGater is either unconnected or has no load
WARNING: [Synth 8-7129] Port auto_clock_gater_in_1_a_bits_data[63] in module TileClockGater is either unconnected or has no load
WARNING: [Synth 8-7129] Port auto_clock_gater_in_1_a_bits_data[62] in module TileClockGater is either unconnected or has no load
WARNING: [Synth 8-7129] Port auto_clock_gater_in_1_a_bits_data[61] in module TileClockGater is either unconnected or has no load
WARNING: [Synth 8-7129] Port auto_clock_gater_in_1_a_bits_data[60] in module TileClockGater is either unconnected or has no load
WARNING: [Synth 8-7129] Port auto_clock_gater_in_1_a_bits_data[59] in module TileClockGater is either unconnected or has no load
WARNING: [Synth 8-7129] Port auto_clock_gater_in_1_a_bits_data[58] in module TileClockGater is either unconnected or has no load
WARNING: [Synth 8-7129] Port auto_clock_gater_in_1_a_bits_data[57] in module TileClockGater is either unconnected or has no load
WARNING: [Synth 8-7129] Port auto_clock_gater_in_1_a_bits_data[56] in module TileClockGater is either unconnected or has no load
WARNING: [Synth 8-7129] Port auto_clock_gater_in_1_a_bits_data[55] in module TileClockGater is either unconnected or has no load
WARNING: [Synth 8-7129] Port auto_clock_gater_in_1_a_bits_data[54] in module TileClockGater is either unconnected or has no load
WARNING: [Synth 8-7129] Port auto_clock_gater_in_1_a_bits_data[53] in module TileClockGater is either unconnected or has no load
WARNING: [Synth 8-7129] Port auto_clock_gater_in_1_a_bits_data[52] in module TileClockGater is either unconnected or has no load
WARNING: [Synth 8-7129] Port auto_clock_gater_in_1_a_bits_data[51] in module TileClockGater is either unconnected or has no load
WARNING: [Synth 8-7129] Port auto_clock_gater_in_1_a_bits_data[50] in module TileClockGater is either unconnected or has no load
WARNING: [Synth 8-7129] Port auto_clock_gater_in_1_a_bits_data[49] in module TileClockGater is either unconnected or has no load
WARNING: [Synth 8-7129] Port auto_clock_gater_in_1_a_bits_data[48] in module TileClockGater is either unconnected or has no load
WARNING: [Synth 8-7129] Port auto_clock_gater_in_1_a_bits_data[47] in module TileClockGater is either unconnected or has no load
WARNING: [Synth 8-7129] Port auto_clock_gater_in_1_a_bits_data[46] in module TileClockGater is either unconnected or has no load
WARNING: [Synth 8-7129] Port auto_clock_gater_in_1_a_bits_data[45] in module TileClockGater is either unconnected or has no load
WARNING: [Synth 8-7129] Port auto_clock_gater_in_1_a_bits_data[44] in module TileClockGater is either unconnected or has no load
WARNING: [Synth 8-7129] Port auto_clock_gater_in_1_a_bits_data[43] in module TileClockGater is either unconnected or has no load
WARNING: [Synth 8-7129] Port auto_clock_gater_in_1_a_bits_data[42] in module TileClockGater is either unconnected or has no load
WARNING: [Synth 8-7129] Port auto_clock_gater_in_1_a_bits_data[41] in module TileClockGater is either unconnected or has no load
WARNING: [Synth 8-7129] Port auto_clock_gater_in_1_a_bits_data[40] in module TileClockGater is either unconnected or has no load
WARNING: [Synth 8-7129] Port auto_clock_gater_in_1_a_bits_data[39] in module TileClockGater is either unconnected or has no load
WARNING: [Synth 8-7129] Port auto_clock_gater_in_1_a_bits_data[38] in module TileClockGater is either unconnected or has no load
WARNING: [Synth 8-7129] Port auto_clock_gater_in_1_a_bits_data[37] in module TileClockGater is either unconnected or has no load
WARNING: [Synth 8-7129] Port auto_clock_gater_in_1_a_bits_data[36] in module TileClockGater is either unconnected or has no load
WARNING: [Synth 8-7129] Port auto_clock_gater_in_1_a_bits_data[35] in module TileClockGater is either unconnected or has no load
WARNING: [Synth 8-7129] Port auto_clock_gater_in_1_a_bits_data[34] in module TileClockGater is either unconnected or has no load
WARNING: [Synth 8-7129] Port auto_clock_gater_in_1_a_bits_data[33] in module TileClockGater is either unconnected or has no load
WARNING: [Synth 8-7129] Port auto_clock_gater_in_1_a_bits_data[32] in module TileClockGater is either unconnected or has no load
WARNING: [Synth 8-7129] Port auto_clock_gater_in_1_a_bits_data[31] in module TileClockGater is either unconnected or has no load
WARNING: [Synth 8-7129] Port auto_clock_gater_in_1_a_bits_data[30] in module TileClockGater is either unconnected or has no load
WARNING: [Synth 8-7129] Port auto_clock_gater_in_1_a_bits_data[29] in module TileClockGater is either unconnected or has no load
WARNING: [Synth 8-7129] Port auto_clock_gater_in_1_a_bits_data[28] in module TileClockGater is either unconnected or has no load
WARNING: [Synth 8-7129] Port auto_clock_gater_in_1_a_bits_data[27] in module TileClockGater is either unconnected or has no load
WARNING: [Synth 8-7129] Port auto_clock_gater_in_1_a_bits_data[26] in module TileClockGater is either unconnected or has no load
WARNING: [Synth 8-7129] Port auto_clock_gater_in_1_a_bits_data[25] in module TileClockGater is either unconnected or has no load
WARNING: [Synth 8-7129] Port auto_clock_gater_in_1_a_bits_data[24] in module TileClockGater is either unconnected or has no load
WARNING: [Synth 8-7129] Port auto_clock_gater_in_1_a_bits_data[23] in module TileClockGater is either unconnected or has no load
WARNING: [Synth 8-7129] Port auto_clock_gater_in_1_a_bits_data[22] in module TileClockGater is either unconnected or has no load
WARNING: [Synth 8-7129] Port auto_clock_gater_in_1_a_bits_data[21] in module TileClockGater is either unconnected or has no load
WARNING: [Synth 8-7129] Port auto_clock_gater_in_1_a_bits_data[20] in module TileClockGater is either unconnected or has no load
WARNING: [Synth 8-7129] Port auto_clock_gater_in_1_a_bits_data[19] in module TileClockGater is either unconnected or has no load
WARNING: [Synth 8-7129] Port auto_clock_gater_in_1_a_bits_data[18] in module TileClockGater is either unconnected or has no load
WARNING: [Synth 8-7129] Port auto_clock_gater_in_1_a_bits_data[17] in module TileClockGater is either unconnected or has no load
WARNING: [Synth 8-7129] Port auto_clock_gater_in_1_a_bits_data[16] in module TileClockGater is either unconnected or has no load
WARNING: [Synth 8-7129] Port auto_clock_gater_in_1_a_bits_data[15] in module TileClockGater is either unconnected or has no load
WARNING: [Synth 8-7129] Port auto_clock_gater_in_1_a_bits_data[14] in module TileClockGater is either unconnected or has no load
WARNING: [Synth 8-7129] Port auto_clock_gater_in_1_a_bits_data[13] in module TileClockGater is either unconnected or has no load
WARNING: [Synth 8-7129] Port auto_clock_gater_in_1_a_bits_data[12] in module TileClockGater is either unconnected or has no load
WARNING: [Synth 8-7129] Port auto_clock_gater_in_1_a_bits_data[11] in module TileClockGater is either unconnected or has no load
WARNING: [Synth 8-7129] Port auto_clock_gater_in_1_a_bits_data[10] in module TileClockGater is either unconnected or has no load
WARNING: [Synth 8-7129] Port auto_clock_gater_in_1_a_bits_data[9] in module TileClockGater is either unconnected or has no load
WARNING: [Synth 8-7129] Port auto_clock_gater_in_1_a_bits_data[8] in module TileClockGater is either unconnected or has no load
WARNING: [Synth 8-7129] Port auto_clock_gater_in_1_a_bits_data[7] in module TileClockGater is either unconnected or has no load
WARNING: [Synth 8-7129] Port auto_clock_gater_in_1_a_bits_data[6] in module TileClockGater is either unconnected or has no load
WARNING: [Synth 8-7129] Port auto_clock_gater_in_1_a_bits_data[5] in module TileClockGater is either unconnected or has no load
WARNING: [Synth 8-7129] Port auto_clock_gater_in_1_a_bits_data[4] in module TileClockGater is either unconnected or has no load
WARNING: [Synth 8-7129] Port auto_clock_gater_in_1_a_bits_data[3] in module TileClockGater is either unconnected or has no load
WARNING: [Synth 8-7129] Port auto_clock_gater_in_1_a_bits_data[2] in module TileClockGater is either unconnected or has no load
WARNING: [Synth 8-7129] Port auto_clock_gater_in_1_a_bits_data[1] in module TileClockGater is either unconnected or has no load
WARNING: [Synth 8-7129] Port R0_en in module ram_8x8 is either unconnected or has no load
WARNING: [Synth 8-7129] Port R0_clk in module ram_8x8 is either unconnected or has no load
WARNING: [Synth 8-7129] Port auto_control_xing_in_a_bits_address[30] in module TLSPI is either unconnected or has no load
WARNING: [Synth 8-7129] Port auto_control_xing_in_a_bits_address[29] in module TLSPI is either unconnected or has no load
WARNING: [Synth 8-7129] Port auto_control_xing_in_a_bits_address[28] in module TLSPI is either unconnected or has no load
WARNING: [Synth 8-7129] Port auto_control_xing_in_a_bits_address[27] in module TLSPI is either unconnected or has no load
WARNING: [Synth 8-7129] Port auto_control_xing_in_a_bits_address[26] in module TLSPI is either unconnected or has no load
WARNING: [Synth 8-7129] Port auto_control_xing_in_a_bits_address[25] in module TLSPI is either unconnected or has no load
WARNING: [Synth 8-7129] Port auto_control_xing_in_a_bits_address[24] in module TLSPI is either unconnected or has no load
WARNING: [Synth 8-7129] Port auto_control_xing_in_a_bits_address[23] in module TLSPI is either unconnected or has no load
WARNING: [Synth 8-7129] Port auto_control_xing_in_a_bits_address[22] in module TLSPI is either unconnected or has no load
WARNING: [Synth 8-7129] Port auto_control_xing_in_a_bits_address[21] in module TLSPI is either unconnected or has no load
WARNING: [Synth 8-7129] Port auto_control_xing_in_a_bits_address[20] in module TLSPI is either unconnected or has no load
WARNING: [Synth 8-7129] Port auto_control_xing_in_a_bits_address[19] in module TLSPI is either unconnected or has no load
WARNING: [Synth 8-7129] Port auto_control_xing_in_a_bits_address[18] in module TLSPI is either unconnected or has no load
WARNING: [Synth 8-7129] Port auto_control_xing_in_a_bits_address[17] in module TLSPI is either unconnected or has no load
WARNING: [Synth 8-7129] Port auto_control_xing_in_a_bits_address[16] in module TLSPI is either unconnected or has no load
WARNING: [Synth 8-7129] Port auto_control_xing_in_a_bits_address[15] in module TLSPI is either unconnected or has no load
WARNING: [Synth 8-7129] Port auto_control_xing_in_a_bits_address[14] in module TLSPI is either unconnected or has no load
WARNING: [Synth 8-7129] Port auto_control_xing_in_a_bits_address[13] in module TLSPI is either unconnected or has no load
WARNING: [Synth 8-7129] Port auto_control_xing_in_a_bits_address[12] in module TLSPI is either unconnected or has no load
WARNING: [Synth 8-7129] Port auto_control_xing_in_a_bits_address[2] in module TLSPI is either unconnected or has no load
WARNING: [Synth 8-7129] Port auto_control_xing_in_a_bits_address[1] in module TLSPI is either unconnected or has no load
WARNING: [Synth 8-7129] Port auto_control_xing_in_a_bits_address[0] in module TLSPI is either unconnected or has no load
WARNING: [Synth 8-7129] Port auto_control_xing_in_a_bits_mask[7] in module TLSPI is either unconnected or has no load
WARNING: [Synth 8-7129] Port auto_control_xing_in_a_bits_mask[5] in module TLSPI is either unconnected or has no load
WARNING: [Synth 8-7129] Port auto_control_xing_in_a_bits_data[63] in module TLSPI is either unconnected or has no load
WARNING: [Synth 8-7129] Port auto_control_xing_in_a_bits_data[62] in module TLSPI is either unconnected or has no load
WARNING: [Synth 8-7129] Port auto_control_xing_in_a_bits_data[61] in module TLSPI is either unconnected or has no load
WARNING: [Synth 8-7129] Port auto_control_xing_in_a_bits_data[60] in module TLSPI is either unconnected or has no load
WARNING: [Synth 8-7129] Port auto_control_xing_in_a_bits_data[59] in module TLSPI is either unconnected or has no load
WARNING: [Synth 8-7129] Port auto_control_xing_in_a_bits_data[58] in module TLSPI is either unconnected or has no load
WARNING: [Synth 8-7129] Port auto_control_xing_in_a_bits_data[57] in module TLSPI is either unconnected or has no load
WARNING: [Synth 8-7129] Port auto_control_xing_in_a_bits_data[56] in module TLSPI is either unconnected or has no load
WARNING: [Synth 8-7129] Port auto_control_xing_in_a_bits_data[47] in module TLSPI is either unconnected or has no load
WARNING: [Synth 8-7129] Port auto_control_xing_in_a_bits_data[46] in module TLSPI is either unconnected or has no load
WARNING: [Synth 8-7129] Port auto_control_xing_in_a_bits_data[45] in module TLSPI is either unconnected or has no load
WARNING: [Synth 8-7129] Port auto_control_xing_in_a_bits_data[44] in module TLSPI is either unconnected or has no load
WARNING: [Synth 8-7129] Port auto_control_xing_in_a_bits_data[43] in module TLSPI is either unconnected or has no load
WARNING: [Synth 8-7129] Port auto_control_xing_in_a_bits_data[42] in module TLSPI is either unconnected or has no load
WARNING: [Synth 8-7129] Port auto_control_xing_in_a_bits_data[41] in module TLSPI is either unconnected or has no load
WARNING: [Synth 8-7129] Port auto_control_xing_in_a_bits_data[40] in module TLSPI is either unconnected or has no load
WARNING: [Synth 8-7129] Port auto_control_xing_in_a_bits_data[30] in module TLSPI is either unconnected or has no load
WARNING: [Synth 8-7129] Port auto_control_xing_in_a_bits_data[29] in module TLSPI is either unconnected or has no load
WARNING: [Synth 8-7129] Port auto_control_xing_in_a_bits_data[28] in module TLSPI is either unconnected or has no load
WARNING: [Synth 8-7129] Port auto_control_xing_in_a_bits_data[27] in module TLSPI is either unconnected or has no load
WARNING: [Synth 8-7129] Port auto_control_xing_in_a_bits_data[26] in module TLSPI is either unconnected or has no load
WARNING: [Synth 8-7129] Port auto_control_xing_in_a_bits_data[25] in module TLSPI is either unconnected or has no load
WARNING: [Synth 8-7129] Port auto_control_xing_in_a_bits_data[24] in module TLSPI is either unconnected or has no load
WARNING: [Synth 8-7129] Port auto_control_xing_in_a_bits_data[15] in module TLSPI is either unconnected or has no load
WARNING: [Synth 8-7129] Port auto_control_xing_in_a_bits_data[14] in module TLSPI is either unconnected or has no load
WARNING: [Synth 8-7129] Port auto_control_xing_in_a_bits_data[13] in module TLSPI is either unconnected or has no load
WARNING: [Synth 8-7129] Port auto_control_xing_in_a_bits_data[12] in module TLSPI is either unconnected or has no load
WARNING: [Synth 8-7129] Port auto_control_xing_in_a_bits_address[30] in module TLGPIO is either unconnected or has no load
WARNING: [Synth 8-7129] Port auto_control_xing_in_a_bits_address[29] in module TLGPIO is either unconnected or has no load
WARNING: [Synth 8-7129] Port auto_control_xing_in_a_bits_address[28] in module TLGPIO is either unconnected or has no load
WARNING: [Synth 8-7129] Port auto_control_xing_in_a_bits_address[27] in module TLGPIO is either unconnected or has no load
WARNING: [Synth 8-7129] Port auto_control_xing_in_a_bits_address[26] in module TLGPIO is either unconnected or has no load
WARNING: [Synth 8-7129] Port auto_control_xing_in_a_bits_address[25] in module TLGPIO is either unconnected or has no load
WARNING: [Synth 8-7129] Port auto_control_xing_in_a_bits_address[24] in module TLGPIO is either unconnected or has no load
WARNING: [Synth 8-7129] Port auto_control_xing_in_a_bits_address[23] in module TLGPIO is either unconnected or has no load
WARNING: [Synth 8-7129] Port auto_control_xing_in_a_bits_address[22] in module TLGPIO is either unconnected or has no load
WARNING: [Synth 8-7129] Port auto_control_xing_in_a_bits_address[21] in module TLGPIO is either unconnected or has no load
WARNING: [Synth 8-7129] Port auto_control_xing_in_a_bits_address[20] in module TLGPIO is either unconnected or has no load
WARNING: [Synth 8-7129] Port auto_control_xing_in_a_bits_address[19] in module TLGPIO is either unconnected or has no load
WARNING: [Synth 8-7129] Port auto_control_xing_in_a_bits_address[18] in module TLGPIO is either unconnected or has no load
WARNING: [Synth 8-7129] Port auto_control_xing_in_a_bits_address[17] in module TLGPIO is either unconnected or has no load
WARNING: [Synth 8-7129] Port auto_control_xing_in_a_bits_address[16] in module TLGPIO is either unconnected or has no load
WARNING: [Synth 8-7129] Port auto_control_xing_in_a_bits_address[15] in module TLGPIO is either unconnected or has no load
WARNING: [Synth 8-7129] Port auto_control_xing_in_a_bits_address[14] in module TLGPIO is either unconnected or has no load
WARNING: [Synth 8-7129] Port auto_control_xing_in_a_bits_address[13] in module TLGPIO is either unconnected or has no load
WARNING: [Synth 8-7129] Port auto_control_xing_in_a_bits_address[12] in module TLGPIO is either unconnected or has no load
WARNING: [Synth 8-7129] Port auto_control_xing_in_a_bits_address[2] in module TLGPIO is either unconnected or has no load
WARNING: [Synth 8-7129] Port auto_control_xing_in_a_bits_address[1] in module TLGPIO is either unconnected or has no load
WARNING: [Synth 8-7129] Port auto_control_xing_in_a_bits_address[0] in module TLGPIO is either unconnected or has no load
WARNING: [Synth 8-7129] Port auto_control_xing_in_a_bits_mask[7] in module TLGPIO is either unconnected or has no load
WARNING: [Synth 8-7129] Port auto_control_xing_in_a_bits_mask[6] in module TLGPIO is either unconnected or has no load
WARNING: [Synth 8-7129] Port auto_control_xing_in_a_bits_mask[5] in module TLGPIO is either unconnected or has no load
WARNING: [Synth 8-7129] Port auto_control_xing_in_a_bits_mask[3] in module TLGPIO is either unconnected or has no load
WARNING: [Synth 8-7129] Port auto_control_xing_in_a_bits_mask[2] in module TLGPIO is either unconnected or has no load
WARNING: [Synth 8-7129] Port auto_control_xing_in_a_bits_mask[1] in module TLGPIO is either unconnected or has no load
WARNING: [Synth 8-7129] Port auto_control_xing_in_a_bits_data[63] in module TLGPIO is either unconnected or has no load
WARNING: [Synth 8-7129] Port auto_control_xing_in_a_bits_data[62] in module TLGPIO is either unconnected or has no load
WARNING: [Synth 8-7129] Port auto_control_xing_in_a_bits_data[61] in module TLGPIO is either unconnected or has no load
WARNING: [Synth 8-7129] Port auto_control_xing_in_a_bits_data[60] in module TLGPIO is either unconnected or has no load
WARNING: [Synth 8-7129] Port auto_control_xing_in_a_bits_data[59] in module TLGPIO is either unconnected or has no load
WARNING: [Synth 8-7129] Port auto_control_xing_in_a_bits_data[58] in module TLGPIO is either unconnected or has no load
WARNING: [Synth 8-7129] Port auto_control_xing_in_a_bits_data[57] in module TLGPIO is either unconnected or has no load
WARNING: [Synth 8-7129] Port auto_control_xing_in_a_bits_data[56] in module TLGPIO is either unconnected or has no load
WARNING: [Synth 8-7129] Port auto_control_xing_in_a_bits_data[55] in module TLGPIO is either unconnected or has no load
WARNING: [Synth 8-7129] Port auto_control_xing_in_a_bits_data[54] in module TLGPIO is either unconnected or has no load
WARNING: [Synth 8-7129] Port auto_control_xing_in_a_bits_data[53] in module TLGPIO is either unconnected or has no load
WARNING: [Synth 8-7129] Port auto_control_xing_in_a_bits_data[52] in module TLGPIO is either unconnected or has no load
WARNING: [Synth 8-7129] Port auto_control_xing_in_a_bits_data[51] in module TLGPIO is either unconnected or has no load
WARNING: [Synth 8-7129] Port auto_control_xing_in_a_bits_data[50] in module TLGPIO is either unconnected or has no load
WARNING: [Synth 8-7129] Port auto_control_xing_in_a_bits_data[49] in module TLGPIO is either unconnected or has no load
WARNING: [Synth 8-7129] Port auto_control_xing_in_a_bits_data[48] in module TLGPIO is either unconnected or has no load
WARNING: [Synth 8-7129] Port auto_control_xing_in_a_bits_data[47] in module TLGPIO is either unconnected or has no load
WARNING: [Synth 8-7129] Port auto_control_xing_in_a_bits_data[46] in module TLGPIO is either unconnected or has no load
WARNING: [Synth 8-7129] Port auto_control_xing_in_a_bits_data[45] in module TLGPIO is either unconnected or has no load
WARNING: [Synth 8-7129] Port auto_control_xing_in_a_bits_data[44] in module TLGPIO is either unconnected or has no load
WARNING: [Synth 8-7129] Port auto_control_xing_in_a_bits_data[43] in module TLGPIO is either unconnected or has no load
WARNING: [Synth 8-7129] Port auto_control_xing_in_a_bits_data[42] in module TLGPIO is either unconnected or has no load
WARNING: [Synth 8-7129] Port auto_control_xing_in_a_bits_data[41] in module TLGPIO is either unconnected or has no load
WARNING: [Synth 8-7129] Port auto_control_xing_in_a_bits_data[40] in module TLGPIO is either unconnected or has no load
WARNING: [Synth 8-7129] Port auto_control_xing_in_a_bits_data[39] in module TLGPIO is either unconnected or has no load
WARNING: [Synth 8-7129] Port auto_control_xing_in_a_bits_data[38] in module TLGPIO is either unconnected or has no load
WARNING: [Synth 8-7129] Port auto_control_xing_in_a_bits_data[37] in module TLGPIO is either unconnected or has no load
WARNING: [Synth 8-7129] Port auto_control_xing_in_a_bits_data[36] in module TLGPIO is either unconnected or has no load
WARNING: [Synth 8-7129] Port auto_control_xing_in_a_bits_data[35] in module TLGPIO is either unconnected or has no load
WARNING: [Synth 8-7129] Port auto_control_xing_in_a_bits_data[34] in module TLGPIO is either unconnected or has no load
WARNING: [Synth 8-7129] Port auto_control_xing_in_a_bits_data[33] in module TLGPIO is either unconnected or has no load
WARNING: [Synth 8-7129] Port auto_control_xing_in_a_bits_data[31] in module TLGPIO is either unconnected or has no load
WARNING: [Synth 8-7129] Port auto_control_xing_in_a_bits_data[30] in module TLGPIO is either unconnected or has no load
WARNING: [Synth 8-7129] Port auto_control_xing_in_a_bits_data[29] in module TLGPIO is either unconnected or has no load
WARNING: [Synth 8-7129] Port auto_control_xing_in_a_bits_data[28] in module TLGPIO is either unconnected or has no load
WARNING: [Synth 8-7129] Port auto_control_xing_in_a_bits_data[27] in module TLGPIO is either unconnected or has no load
WARNING: [Synth 8-7129] Port auto_control_xing_in_a_bits_data[26] in module TLGPIO is either unconnected or has no load
WARNING: [Synth 8-7129] Port auto_control_xing_in_a_bits_data[25] in module TLGPIO is either unconnected or has no load
WARNING: [Synth 8-7129] Port auto_control_xing_in_a_bits_data[24] in module TLGPIO is either unconnected or has no load
WARNING: [Synth 8-7129] Port auto_control_xing_in_a_bits_data[23] in module TLGPIO is either unconnected or has no load
WARNING: [Synth 8-7129] Port auto_control_xing_in_a_bits_data[22] in module TLGPIO is either unconnected or has no load
WARNING: [Synth 8-7129] Port auto_control_xing_in_a_bits_data[21] in module TLGPIO is either unconnected or has no load
WARNING: [Synth 8-7129] Port auto_control_xing_in_a_bits_data[20] in module TLGPIO is either unconnected or has no load
WARNING: [Synth 8-7129] Port auto_control_xing_in_a_bits_data[19] in module TLGPIO is either unconnected or has no load
WARNING: [Synth 8-7129] Port auto_control_xing_in_a_bits_data[18] in module TLGPIO is either unconnected or has no load
WARNING: [Synth 8-7129] Port auto_control_xing_in_a_bits_data[17] in module TLGPIO is either unconnected or has no load
WARNING: [Synth 8-7129] Port auto_control_xing_in_a_bits_data[16] in module TLGPIO is either unconnected or has no load
WARNING: [Synth 8-7129] Port auto_control_xing_in_a_bits_data[15] in module TLGPIO is either unconnected or has no load
WARNING: [Synth 8-7129] Port auto_control_xing_in_a_bits_data[14] in module TLGPIO is either unconnected or has no load
WARNING: [Synth 8-7129] Port auto_control_xing_in_a_bits_data[13] in module TLGPIO is either unconnected or has no load
WARNING: [Synth 8-7129] Port auto_control_xing_in_a_bits_data[12] in module TLGPIO is either unconnected or has no load
WARNING: [Synth 8-7129] Port auto_control_xing_in_a_bits_data[11] in module TLGPIO is either unconnected or has no load
WARNING: [Synth 8-7129] Port auto_control_xing_in_a_bits_data[10] in module TLGPIO is either unconnected or has no load
WARNING: [Synth 8-7129] Port auto_control_xing_in_a_bits_data[9] in module TLGPIO is either unconnected or has no load
WARNING: [Synth 8-7129] Port auto_control_xing_in_a_bits_data[8] in module TLGPIO is either unconnected or has no load
WARNING: [Synth 8-7129] Port auto_control_xing_in_a_bits_data[7] in module TLGPIO is either unconnected or has no load
WARNING: [Synth 8-7129] Port auto_control_xing_in_a_bits_data[6] in module TLGPIO is either unconnected or has no load
WARNING: [Synth 8-7129] Port auto_control_xing_in_a_bits_data[5] in module TLGPIO is either unconnected or has no load
WARNING: [Synth 8-7129] Port auto_control_xing_in_a_bits_data[4] in module TLGPIO is either unconnected or has no load
WARNING: [Synth 8-7129] Port auto_control_xing_in_a_bits_data[3] in module TLGPIO is either unconnected or has no load
WARNING: [Synth 8-7129] Port auto_control_xing_in_a_bits_data[2] in module TLGPIO is either unconnected or has no load
WARNING: [Synth 8-7129] Port auto_control_xing_in_a_bits_data[1] in module TLGPIO is either unconnected or has no load
WARNING: [Synth 8-7129] Port auto_control_xing_in_a_bits_address[30] in module TLUART is either unconnected or has no load
WARNING: [Synth 8-7129] Port auto_control_xing_in_a_bits_address[29] in module TLUART is either unconnected or has no load
WARNING: [Synth 8-7129] Port auto_control_xing_in_a_bits_address[28] in module TLUART is either unconnected or has no load
WARNING: [Synth 8-7129] Port auto_control_xing_in_a_bits_address[27] in module TLUART is either unconnected or has no load
WARNING: [Synth 8-7129] Port auto_control_xing_in_a_bits_address[26] in module TLUART is either unconnected or has no load
WARNING: [Synth 8-7129] Port auto_control_xing_in_a_bits_address[25] in module TLUART is either unconnected or has no load
WARNING: [Synth 8-7129] Port auto_control_xing_in_a_bits_address[24] in module TLUART is either unconnected or has no load
WARNING: [Synth 8-7129] Port auto_control_xing_in_a_bits_address[23] in module TLUART is either unconnected or has no load
WARNING: [Synth 8-7129] Port auto_control_xing_in_a_bits_address[22] in module TLUART is either unconnected or has no load
WARNING: [Synth 8-7129] Port auto_control_xing_in_a_bits_address[21] in module TLUART is either unconnected or has no load
WARNING: [Synth 8-7129] Port auto_control_xing_in_a_bits_address[20] in module TLUART is either unconnected or has no load
WARNING: [Synth 8-7129] Port auto_control_xing_in_a_bits_address[19] in module TLUART is either unconnected or has no load
WARNING: [Synth 8-7129] Port auto_control_xing_in_a_bits_address[18] in module TLUART is either unconnected or has no load
WARNING: [Synth 8-7129] Port auto_control_xing_in_a_bits_address[17] in module TLUART is either unconnected or has no load
WARNING: [Synth 8-7129] Port auto_control_xing_in_a_bits_address[16] in module TLUART is either unconnected or has no load
WARNING: [Synth 8-7129] Port auto_control_xing_in_a_bits_address[15] in module TLUART is either unconnected or has no load
WARNING: [Synth 8-7129] Port auto_control_xing_in_a_bits_address[14] in module TLUART is either unconnected or has no load
WARNING: [Synth 8-7129] Port auto_control_xing_in_a_bits_address[13] in module TLUART is either unconnected or has no load
WARNING: [Synth 8-7129] Port auto_control_xing_in_a_bits_address[12] in module TLUART is either unconnected or has no load
WARNING: [Synth 8-7129] Port auto_control_xing_in_a_bits_address[2] in module TLUART is either unconnected or has no load
WARNING: [Synth 8-7129] Port auto_control_xing_in_a_bits_address[1] in module TLUART is either unconnected or has no load
WARNING: [Synth 8-7129] Port auto_control_xing_in_a_bits_address[0] in module TLUART is either unconnected or has no load
WARNING: [Synth 8-7129] Port auto_control_xing_in_a_bits_mask[7] in module TLUART is either unconnected or has no load
WARNING: [Synth 8-7129] Port auto_control_xing_in_a_bits_mask[5] in module TLUART is either unconnected or has no load
WARNING: [Synth 8-7129] Port auto_control_xing_in_a_bits_data[63] in module TLUART is either unconnected or has no load
WARNING: [Synth 8-7129] Port auto_control_xing_in_a_bits_data[62] in module TLUART is either unconnected or has no load
WARNING: [Synth 8-7129] Port auto_control_xing_in_a_bits_data[61] in module TLUART is either unconnected or has no load
WARNING: [Synth 8-7129] Port auto_control_xing_in_a_bits_data[60] in module TLUART is either unconnected or has no load
WARNING: [Synth 8-7129] Port auto_control_xing_in_a_bits_data[59] in module TLUART is either unconnected or has no load
WARNING: [Synth 8-7129] Port auto_control_xing_in_a_bits_data[58] in module TLUART is either unconnected or has no load
WARNING: [Synth 8-7129] Port auto_control_xing_in_a_bits_data[57] in module TLUART is either unconnected or has no load
WARNING: [Synth 8-7129] Port auto_control_xing_in_a_bits_data[56] in module TLUART is either unconnected or has no load
WARNING: [Synth 8-7129] Port auto_control_xing_in_a_bits_data[55] in module TLUART is either unconnected or has no load
WARNING: [Synth 8-7129] Port auto_control_xing_in_a_bits_data[54] in module TLUART is either unconnected or has no load
WARNING: [Synth 8-7129] Port auto_control_xing_in_a_bits_data[53] in module TLUART is either unconnected or has no load
WARNING: [Synth 8-7129] Port auto_control_xing_in_a_bits_data[52] in module TLUART is either unconnected or has no load
WARNING: [Synth 8-7129] Port auto_control_xing_in_a_bits_data[47] in module TLUART is either unconnected or has no load
WARNING: [Synth 8-7129] Port auto_control_xing_in_a_bits_data[46] in module TLUART is either unconnected or has no load
WARNING: [Synth 8-7129] Port auto_control_xing_in_a_bits_data[45] in module TLUART is either unconnected or has no load
WARNING: [Synth 8-7129] Port auto_control_xing_in_a_bits_data[44] in module TLUART is either unconnected or has no load
WARNING: [Synth 8-7129] Port auto_control_xing_in_a_bits_data[43] in module TLUART is either unconnected or has no load
WARNING: [Synth 8-7129] Port auto_control_xing_in_a_bits_data[42] in module TLUART is either unconnected or has no load
WARNING: [Synth 8-7129] Port auto_control_xing_in_a_bits_data[41] in module TLUART is either unconnected or has no load
WARNING: [Synth 8-7129] Port auto_control_xing_in_a_bits_data[40] in module TLUART is either unconnected or has no load
WARNING: [Synth 8-7129] Port auto_control_xing_in_a_bits_data[39] in module TLUART is either unconnected or has no load
WARNING: [Synth 8-7129] Port auto_control_xing_in_a_bits_data[38] in module TLUART is either unconnected or has no load
WARNING: [Synth 8-7129] Port auto_control_xing_in_a_bits_data[37] in module TLUART is either unconnected or has no load
WARNING: [Synth 8-7129] Port auto_control_xing_in_a_bits_data[36] in module TLUART is either unconnected or has no load
WARNING: [Synth 8-7129] Port auto_control_xing_in_a_bits_data[35] in module TLUART is either unconnected or has no load
WARNING: [Synth 8-7129] Port auto_control_xing_in_a_bits_data[34] in module TLUART is either unconnected or has no load
WARNING: [Synth 8-7129] Port auto_control_xing_in_a_bits_data[33] in module TLUART is either unconnected or has no load
WARNING: [Synth 8-7129] Port auto_control_xing_in_a_bits_data[30] in module TLUART is either unconnected or has no load
WARNING: [Synth 8-7129] Port auto_control_xing_in_a_bits_data[29] in module TLUART is either unconnected or has no load
WARNING: [Synth 8-7129] Port auto_control_xing_in_a_bits_data[28] in module TLUART is either unconnected or has no load
WARNING: [Synth 8-7129] Port auto_control_xing_in_a_bits_data[27] in module TLUART is either unconnected or has no load
WARNING: [Synth 8-7129] Port auto_control_xing_in_a_bits_data[26] in module TLUART is either unconnected or has no load
WARNING: [Synth 8-7129] Port auto_control_xing_in_a_bits_data[25] in module TLUART is either unconnected or has no load
WARNING: [Synth 8-7129] Port auto_control_xing_in_a_bits_data[24] in module TLUART is either unconnected or has no load
WARNING: [Synth 8-7129] Port auto_control_xing_in_a_bits_data[23] in module TLUART is either unconnected or has no load
WARNING: [Synth 8-7129] Port auto_control_xing_in_a_bits_data[22] in module TLUART is either unconnected or has no load
WARNING: [Synth 8-7129] Port auto_control_xing_in_a_bits_data[21] in module TLUART is either unconnected or has no load
WARNING: [Synth 8-7129] Port auto_control_xing_in_a_bits_data[20] in module TLUART is either unconnected or has no load
WARNING: [Synth 8-7129] Port R0_en in module ram_2x79 is either unconnected or has no load
WARNING: [Synth 8-7129] Port R0_clk in module ram_2x79 is either unconnected or has no load
WARNING: [Synth 8-7129] Port R0_en in module ram_2x114 is either unconnected or has no load
WARNING: [Synth 8-7129] Port R0_clk in module ram_2x114 is either unconnected or has no load
WARNING: [Synth 8-7129] Port auto_in_a_bits_address[27] in module TLRAM_ScratchpadBank is either unconnected or has no load
WARNING: [Synth 8-7129] Port auto_in_a_bits_address[26] in module TLRAM_ScratchpadBank is either unconnected or has no load
WARNING: [Synth 8-7129] Port auto_in_a_bits_address[25] in module TLRAM_ScratchpadBank is either unconnected or has no load
WARNING: [Synth 8-7129] Port auto_in_a_bits_address[24] in module TLRAM_ScratchpadBank is either unconnected or has no load
WARNING: [Synth 8-7129] Port auto_in_a_bits_address[23] in module TLRAM_ScratchpadBank is either unconnected or has no load
WARNING: [Synth 8-7129] Port auto_in_a_bits_address[22] in module TLRAM_ScratchpadBank is either unconnected or has no load
WARNING: [Synth 8-7129] Port auto_in_a_bits_address[21] in module TLRAM_ScratchpadBank is either unconnected or has no load
WARNING: [Synth 8-7129] Port auto_in_a_bits_address[20] in module TLRAM_ScratchpadBank is either unconnected or has no load
WARNING: [Synth 8-7129] Port auto_in_a_bits_address[19] in module TLRAM_ScratchpadBank is either unconnected or has no load
WARNING: [Synth 8-7129] Port auto_in_a_bits_address[18] in module TLRAM_ScratchpadBank is either unconnected or has no load
WARNING: [Synth 8-7129] Port auto_in_a_bits_address[17] in module TLRAM_ScratchpadBank is either unconnected or has no load
WARNING: [Synth 8-7129] Port auto_in_a_bits_address[16] in module TLRAM_ScratchpadBank is either unconnected or has no load
WARNING: [Synth 8-7129] Port auto_in_a_bits_address[2] in module TLRAM_ScratchpadBank is either unconnected or has no load
WARNING: [Synth 8-7129] Port auto_in_a_bits_address[1] in module TLRAM_ScratchpadBank is either unconnected or has no load
WARNING: [Synth 8-7129] Port auto_in_a_bits_address[0] in module TLRAM_ScratchpadBank is either unconnected or has no load
WARNING: [Synth 8-7129] Port auto_in_a_bits_address[16] in module TLROM is either unconnected or has no load
WARNING: [Synth 8-7129] Port auto_in_a_bits_address[2] in module TLROM is either unconnected or has no load
WARNING: [Synth 8-7129] Port auto_in_a_bits_address[1] in module TLROM is either unconnected or has no load
WARNING: [Synth 8-7129] Port auto_in_a_bits_address[0] in module TLROM is either unconnected or has no load
WARNING: [Synth 8-7129] Port R0_en in module ram_2x10 is either unconnected or has no load
WARNING: [Synth 8-7129] Port R0_clk in module ram_2x10 is either unconnected or has no load
WARNING: [Synth 8-7129] Port io_enq_bits_opcode[2] in module Queue2_TLBundleD_a32d8s1k3z4u is either unconnected or has no load
WARNING: [Synth 8-7129] Port io_enq_bits_opcode[1] in module Queue2_TLBundleD_a32d8s1k3z4u is either unconnected or has no load
WARNING: [Synth 8-7129] Port io_enq_bits_opcode[0] in module Queue2_TLBundleD_a32d8s1k3z4u is either unconnected or has no load
WARNING: [Synth 8-7129] Port io_enq_bits_param[1] in module Queue2_TLBundleD_a32d8s1k3z4u is either unconnected or has no load
WARNING: [Synth 8-7129] Port io_enq_bits_param[0] in module Queue2_TLBundleD_a32d8s1k3z4u is either unconnected or has no load
WARNING: [Synth 8-7129] Port io_enq_bits_size[3] in module Queue2_TLBundleD_a32d8s1k3z4u is either unconnected or has no load
WARNING: [Synth 8-7129] Port io_enq_bits_size[2] in module Queue2_TLBundleD_a32d8s1k3z4u is either unconnected or has no load
WARNING: [Synth 8-7129] Port io_enq_bits_size[1] in module Queue2_TLBundleD_a32d8s1k3z4u is either unconnected or has no load
WARNING: [Synth 8-7129] Port io_enq_bits_size[0] in module Queue2_TLBundleD_a32d8s1k3z4u is either unconnected or has no load
WARNING: [Synth 8-7129] Port io_enq_bits_sink[2] in module Queue2_TLBundleD_a32d8s1k3z4u is either unconnected or has no load
WARNING: [Synth 8-7129] Port io_enq_bits_sink[1] in module Queue2_TLBundleD_a32d8s1k3z4u is either unconnected or has no load
WARNING: [Synth 8-7129] Port io_enq_bits_sink[0] in module Queue2_TLBundleD_a32d8s1k3z4u is either unconnected or has no load
WARNING: [Synth 8-7129] Port io_dataIn[127] in module SBToTL is either unconnected or has no load
WARNING: [Synth 8-7129] Port io_dataIn[126] in module SBToTL is either unconnected or has no load
WARNING: [Synth 8-7129] Port io_dataIn[125] in module SBToTL is either unconnected or has no load
WARNING: [Synth 8-7129] Port io_dataIn[124] in module SBToTL is either unconnected or has no load
WARNING: [Synth 8-7129] Port io_dataIn[123] in module SBToTL is either unconnected or has no load
WARNING: [Synth 8-7129] Port io_dataIn[122] in module SBToTL is either unconnected or has no load
WARNING: [Synth 8-7129] Port io_dataIn[121] in module SBToTL is either unconnected or has no load
WARNING: [Synth 8-7129] Port io_dataIn[120] in module SBToTL is either unconnected or has no load
WARNING: [Synth 8-7129] Port io_dataIn[119] in module SBToTL is either unconnected or has no load
WARNING: [Synth 8-7129] Port io_dataIn[118] in module SBToTL is either unconnected or has no load
WARNING: [Synth 8-7129] Port io_dataIn[117] in module SBToTL is either unconnected or has no load
WARNING: [Synth 8-7129] Port io_dataIn[116] in module SBToTL is either unconnected or has no load
WARNING: [Synth 8-7129] Port io_dataIn[115] in module SBToTL is either unconnected or has no load
WARNING: [Synth 8-7129] Port io_dataIn[114] in module SBToTL is either unconnected or has no load
WARNING: [Synth 8-7129] Port io_dataIn[113] in module SBToTL is either unconnected or has no load
WARNING: [Synth 8-7129] Port io_dataIn[112] in module SBToTL is either unconnected or has no load
WARNING: [Synth 8-7129] Port io_dataIn[111] in module SBToTL is either unconnected or has no load
WARNING: [Synth 8-7129] Port io_dataIn[110] in module SBToTL is either unconnected or has no load
WARNING: [Synth 8-7129] Port io_dataIn[109] in module SBToTL is either unconnected or has no load
WARNING: [Synth 8-7129] Port io_dataIn[108] in module SBToTL is either unconnected or has no load
WARNING: [Synth 8-7129] Port io_dataIn[107] in module SBToTL is either unconnected or has no load
WARNING: [Synth 8-7129] Port io_dataIn[106] in module SBToTL is either unconnected or has no load
WARNING: [Synth 8-7129] Port io_dataIn[105] in module SBToTL is either unconnected or has no load
WARNING: [Synth 8-7129] Port io_dataIn[104] in module SBToTL is either unconnected or has no load
WARNING: [Synth 8-7129] Port io_dataIn[103] in module SBToTL is either unconnected or has no load
WARNING: [Synth 8-7129] Port io_dataIn[102] in module SBToTL is either unconnected or has no load
WARNING: [Synth 8-7129] Port io_dataIn[101] in module SBToTL is either unconnected or has no load
WARNING: [Synth 8-7129] Port io_dataIn[100] in module SBToTL is either unconnected or has no load
WARNING: [Synth 8-7129] Port io_dataIn[99] in module SBToTL is either unconnected or has no load
WARNING: [Synth 8-7129] Port io_dataIn[98] in module SBToTL is either unconnected or has no load
WARNING: [Synth 8-7129] Port io_dataIn[97] in module SBToTL is either unconnected or has no load
WARNING: [Synth 8-7129] Port io_dataIn[96] in module SBToTL is either unconnected or has no load
WARNING: [Synth 8-7129] Port io_dataIn[95] in module SBToTL is either unconnected or has no load
WARNING: [Synth 8-7129] Port io_dataIn[94] in module SBToTL is either unconnected or has no load
WARNING: [Synth 8-7129] Port io_dataIn[93] in module SBToTL is either unconnected or has no load
WARNING: [Synth 8-7129] Port io_dataIn[92] in module SBToTL is either unconnected or has no load
WARNING: [Synth 8-7129] Port io_dataIn[91] in module SBToTL is either unconnected or has no load
WARNING: [Synth 8-7129] Port io_dataIn[90] in module SBToTL is either unconnected or has no load
WARNING: [Synth 8-7129] Port io_dataIn[89] in module SBToTL is either unconnected or has no load
WARNING: [Synth 8-7129] Port io_dataIn[88] in module SBToTL is either unconnected or has no load
WARNING: [Synth 8-7129] Port io_dataIn[87] in module SBToTL is either unconnected or has no load
WARNING: [Synth 8-7129] Port io_dataIn[86] in module SBToTL is either unconnected or has no load
WARNING: [Synth 8-7129] Port io_dataIn[85] in module SBToTL is either unconnected or has no load
WARNING: [Synth 8-7129] Port io_dataIn[84] in module SBToTL is either unconnected or has no load
WARNING: [Synth 8-7129] Port io_dataIn[83] in module SBToTL is either unconnected or has no load
WARNING: [Synth 8-7129] Port io_dataIn[82] in module SBToTL is either unconnected or has no load
WARNING: [Synth 8-7129] Port io_dataIn[81] in module SBToTL is either unconnected or has no load
WARNING: [Synth 8-7129] Port io_dataIn[80] in module SBToTL is either unconnected or has no load
WARNING: [Synth 8-7129] Port io_dataIn[79] in module SBToTL is either unconnected or has no load
WARNING: [Synth 8-7129] Port io_dataIn[78] in module SBToTL is either unconnected or has no load
WARNING: [Synth 8-7129] Port io_dataIn[77] in module SBToTL is either unconnected or has no load
WARNING: [Synth 8-7129] Port io_dataIn[76] in module SBToTL is either unconnected or has no load
WARNING: [Synth 8-7129] Port io_dataIn[75] in module SBToTL is either unconnected or has no load
WARNING: [Synth 8-7129] Port io_dataIn[74] in module SBToTL is either unconnected or has no load
WARNING: [Synth 8-7129] Port io_dataIn[73] in module SBToTL is either unconnected or has no load
WARNING: [Synth 8-7129] Port io_dataIn[72] in module SBToTL is either unconnected or has no load
WARNING: [Synth 8-7129] Port io_dataIn[71] in module SBToTL is either unconnected or has no load
WARNING: [Synth 8-7129] Port io_dataIn[70] in module SBToTL is either unconnected or has no load
WARNING: [Synth 8-7129] Port io_dataIn[69] in module SBToTL is either unconnected or has no load
WARNING: [Synth 8-7129] Port io_dataIn[68] in module SBToTL is either unconnected or has no load
WARNING: [Synth 8-7129] Port io_dataIn[67] in module SBToTL is either unconnected or has no load
WARNING: [Synth 8-7129] Port io_dataIn[66] in module SBToTL is either unconnected or has no load
WARNING: [Synth 8-7129] Port io_dataIn[65] in module SBToTL is either unconnected or has no load
WARNING: [Synth 8-7129] Port io_dataIn[64] in module SBToTL is either unconnected or has no load
WARNING: [Synth 8-7129] Port auto_tl_in_a_bits_address[2] in module TLDebugModuleInner is either unconnected or has no load
WARNING: [Synth 8-7129] Port auto_tl_in_a_bits_address[1] in module TLDebugModuleInner is either unconnected or has no load
WARNING: [Synth 8-7129] Port auto_tl_in_a_bits_address[0] in module TLDebugModuleInner is either unconnected or has no load
WARNING: [Synth 8-7129] Port auto_dmi_in_a_bits_address[1] in module TLDebugModuleInner is either unconnected or has no load
WARNING: [Synth 8-7129] Port auto_dmi_in_a_bits_address[0] in module TLDebugModuleInner is either unconnected or has no load
WARNING: [Synth 8-7129] Port auto_out_1_d_bits_opcode[0] in module TLBusBypassBar is either unconnected or has no load
WARNING: [Synth 8-7129] Port auto_out_0_d_bits_opcode[0] in module TLBusBypassBar is either unconnected or has no load
WARNING: [Synth 8-7129] Port auto_dmi_in_a_bits_address[6] in module TLDebugModuleOuter is either unconnected or has no load
WARNING: [Synth 8-7129] Port auto_dmi_in_a_bits_address[5] in module TLDebugModuleOuter is either unconnected or has no load
WARNING: [Synth 8-7129] Port auto_dmi_in_a_bits_address[1] in module TLDebugModuleOuter is either unconnected or has no load
WARNING: [Synth 8-7129] Port auto_dmi_in_a_bits_address[0] in module TLDebugModuleOuter is either unconnected or has no load
WARNING: [Synth 8-7129] Port auto_dmi_in_a_bits_data[29] in module TLDebugModuleOuter is either unconnected or has no load
WARNING: [Synth 8-7129] Port auto_dmi_in_a_bits_data[27] in module TLDebugModuleOuter is either unconnected or has no load
WARNING: [Synth 8-7129] Port auto_dmi_in_a_bits_data[26] in module TLDebugModuleOuter is either unconnected or has no load
WARNING: [Synth 8-7129] Port auto_dmi_in_a_bits_data[25] in module TLDebugModuleOuter is either unconnected or has no load
WARNING: [Synth 8-7129] Port auto_dmi_in_a_bits_data[24] in module TLDebugModuleOuter is either unconnected or has no load
WARNING: [Synth 8-7129] Port auto_dmi_in_a_bits_data[23] in module TLDebugModuleOuter is either unconnected or has no load
WARNING: [Synth 8-7129] Port auto_dmi_in_a_bits_data[22] in module TLDebugModuleOuter is either unconnected or has no load
WARNING: [Synth 8-7129] Port auto_dmi_in_a_bits_data[21] in module TLDebugModuleOuter is either unconnected or has no load
WARNING: [Synth 8-7129] Port auto_dmi_in_a_bits_data[20] in module TLDebugModuleOuter is either unconnected or has no load
WARNING: [Synth 8-7129] Port auto_dmi_in_a_bits_data[19] in module TLDebugModuleOuter is either unconnected or has no load
WARNING: [Synth 8-7129] Port auto_dmi_in_a_bits_data[18] in module TLDebugModuleOuter is either unconnected or has no load
WARNING: [Synth 8-7129] Port auto_dmi_in_a_bits_data[17] in module TLDebugModuleOuter is either unconnected or has no load
WARNING: [Synth 8-7129] Port auto_dmi_in_a_bits_data[16] in module TLDebugModuleOuter is either unconnected or has no load
WARNING: [Synth 8-7129] Port auto_dmi_in_a_bits_data[15] in module TLDebugModuleOuter is either unconnected or has no load
WARNING: [Synth 8-7129] Port auto_dmi_in_a_bits_data[14] in module TLDebugModuleOuter is either unconnected or has no load
WARNING: [Synth 8-7129] Port auto_dmi_in_a_bits_data[13] in module TLDebugModuleOuter is either unconnected or has no load
WARNING: [Synth 8-7129] Port auto_dmi_in_a_bits_data[12] in module TLDebugModuleOuter is either unconnected or has no load
WARNING: [Synth 8-7129] Port auto_dmi_in_a_bits_data[11] in module TLDebugModuleOuter is either unconnected or has no load
WARNING: [Synth 8-7129] Port auto_dmi_in_a_bits_data[10] in module TLDebugModuleOuter is either unconnected or has no load
WARNING: [Synth 8-7129] Port auto_dmi_in_a_bits_data[9] in module TLDebugModuleOuter is either unconnected or has no load
WARNING: [Synth 8-7129] Port auto_dmi_in_a_bits_data[8] in module TLDebugModuleOuter is either unconnected or has no load
WARNING: [Synth 8-7129] Port auto_dmi_in_a_bits_data[7] in module TLDebugModuleOuter is either unconnected or has no load
WARNING: [Synth 8-7129] Port auto_dmi_in_a_bits_data[6] in module TLDebugModuleOuter is either unconnected or has no load
WARNING: [Synth 8-7129] Port auto_dmi_in_a_bits_data[5] in module TLDebugModuleOuter is either unconnected or has no load
WARNING: [Synth 8-7129] Port auto_dmi_in_a_bits_data[4] in module TLDebugModuleOuter is either unconnected or has no load
WARNING: [Synth 8-7129] Port auto_in_a_bits_address[27] in module TLPLIC is either unconnected or has no load
WARNING: [Synth 8-7129] Port auto_in_a_bits_address[26] in module TLPLIC is either unconnected or has no load
WARNING: [Synth 8-7129] Port auto_in_a_bits_address[2] in module TLPLIC is either unconnected or has no load
WARNING: [Synth 8-7129] Port auto_in_a_bits_address[1] in module TLPLIC is either unconnected or has no load
WARNING: [Synth 8-7129] Port auto_in_a_bits_address[0] in module TLPLIC is either unconnected or has no load
WARNING: [Synth 8-7129] Port auto_in_a_bits_address[25] in module CLINT is either unconnected or has no load
WARNING: [Synth 8-7129] Port auto_in_a_bits_address[24] in module CLINT is either unconnected or has no load
WARNING: [Synth 8-7129] Port auto_in_a_bits_address[23] in module CLINT is either unconnected or has no load
WARNING: [Synth 8-7129] Port auto_in_a_bits_address[22] in module CLINT is either unconnected or has no load
WARNING: [Synth 8-7129] Port auto_in_a_bits_address[21] in module CLINT is either unconnected or has no load
WARNING: [Synth 8-7129] Port auto_in_a_bits_address[20] in module CLINT is either unconnected or has no load
WARNING: [Synth 8-7129] Port auto_in_a_bits_address[19] in module CLINT is either unconnected or has no load
WARNING: [Synth 8-7129] Port auto_in_a_bits_address[18] in module CLINT is either unconnected or has no load
WARNING: [Synth 8-7129] Port auto_in_a_bits_address[17] in module CLINT is either unconnected or has no load
WARNING: [Synth 8-7129] Port auto_in_a_bits_address[16] in module CLINT is either unconnected or has no load
WARNING: [Synth 8-7129] Port auto_in_a_bits_address[2] in module CLINT is either unconnected or has no load
WARNING: [Synth 8-7129] Port auto_in_a_bits_address[1] in module CLINT is either unconnected or has no load
WARNING: [Synth 8-7129] Port auto_in_a_bits_address[0] in module CLINT is either unconnected or has no load
WARNING: [Synth 8-7129] Port R0_en in module ram_sink_2x3 is either unconnected or has no load
WARNING: [Synth 8-7129] Port R0_clk in module ram_sink_2x3 is either unconnected or has no load
WARNING: [Synth 8-7129] Port R0_en in module ram_2x109 is either unconnected or has no load
WARNING: [Synth 8-7129] Port R0_clk in module ram_2x109 is either unconnected or has no load
WARNING: [Synth 8-7129] Port R0_en in module ram_2x40 is either unconnected or has no load
WARNING: [Synth 8-7129] Port R0_clk in module ram_2x40 is either unconnected or has no load
WARNING: [Synth 8-7129] Port R0_en in module ram_2x80 is either unconnected or has no load
WARNING: [Synth 8-7129] Port R0_clk in module ram_2x80 is either unconnected or has no load
WARNING: [Synth 8-7129] Port R0_en in module ram_2x117 is either unconnected or has no load
WARNING: [Synth 8-7129] Port R0_clk in module ram_2x117 is either unconnected or has no load
WARNING: [Synth 8-7129] Port clock in module PlusArgTimeout is either unconnected or has no load
WARNING: [Synth 8-7129] Port reset in module PlusArgTimeout is either unconnected or has no load
WARNING: [Synth 8-7129] Port io_count[31] in module PlusArgTimeout is either unconnected or has no load
WARNING: [Synth 8-7129] Port io_count[30] in module PlusArgTimeout is either unconnected or has no load
WARNING: [Synth 8-7129] Port io_count[29] in module PlusArgTimeout is either unconnected or has no load
WARNING: [Synth 8-7129] Port io_count[28] in module PlusArgTimeout is either unconnected or has no load
WARNING: [Synth 8-7129] Port io_count[27] in module PlusArgTimeout is either unconnected or has no load
WARNING: [Synth 8-7129] Port io_count[26] in module PlusArgTimeout is either unconnected or has no load
WARNING: [Synth 8-7129] Port io_count[25] in module PlusArgTimeout is either unconnected or has no load
WARNING: [Synth 8-7129] Port io_count[24] in module PlusArgTimeout is either unconnected or has no load
WARNING: [Synth 8-7129] Port io_count[23] in module PlusArgTimeout is either unconnected or has no load
WARNING: [Synth 8-7129] Port io_count[22] in module PlusArgTimeout is either unconnected or has no load
WARNING: [Synth 8-7129] Port io_count[21] in module PlusArgTimeout is either unconnected or has no load
WARNING: [Synth 8-7129] Port io_count[20] in module PlusArgTimeout is either unconnected or has no load
WARNING: [Synth 8-7129] Port io_count[19] in module PlusArgTimeout is either unconnected or has no load
WARNING: [Synth 8-7129] Port io_count[18] in module PlusArgTimeout is either unconnected or has no load
WARNING: [Synth 8-7129] Port io_count[17] in module PlusArgTimeout is either unconnected or has no load
WARNING: [Synth 8-7129] Port io_count[16] in module PlusArgTimeout is either unconnected or has no load
WARNING: [Synth 8-7129] Port io_count[15] in module PlusArgTimeout is either unconnected or has no load
WARNING: [Synth 8-7129] Port io_count[14] in module PlusArgTimeout is either unconnected or has no load
WARNING: [Synth 8-7129] Port io_count[13] in module PlusArgTimeout is either unconnected or has no load
WARNING: [Synth 8-7129] Port io_count[12] in module PlusArgTimeout is either unconnected or has no load
WARNING: [Synth 8-7129] Port io_count[11] in module PlusArgTimeout is either unconnected or has no load
WARNING: [Synth 8-7129] Port io_count[10] in module PlusArgTimeout is either unconnected or has no load
WARNING: [Synth 8-7129] Port io_count[9] in module PlusArgTimeout is either unconnected or has no load
WARNING: [Synth 8-7129] Port io_count[8] in module PlusArgTimeout is either unconnected or has no load
WARNING: [Synth 8-7129] Port io_count[7] in module PlusArgTimeout is either unconnected or has no load
WARNING: [Synth 8-7129] Port io_count[6] in module PlusArgTimeout is either unconnected or has no load
WARNING: [Synth 8-7129] Port io_count[5] in module PlusArgTimeout is either unconnected or has no load
WARNING: [Synth 8-7129] Port io_count[4] in module PlusArgTimeout is either unconnected or has no load
WARNING: [Synth 8-7129] Port io_count[3] in module PlusArgTimeout is either unconnected or has no load
WARNING: [Synth 8-7129] Port io_count[2] in module PlusArgTimeout is either unconnected or has no load
WARNING: [Synth 8-7129] Port io_count[1] in module PlusArgTimeout is either unconnected or has no load
WARNING: [Synth 8-7129] Port io_count[0] in module PlusArgTimeout is either unconnected or has no load
WARNING: [Synth 8-7129] Port io_req_bits_fn[4] in module MulDiv is either unconnected or has no load
WARNING: [Synth 8-7129] Port io_req_bits_fn[3] in module MulDiv is either unconnected or has no load
WARNING: [Synth 8-7129] Port R0_en in module rf_31x64 is either unconnected or has no load
WARNING: [Synth 8-7129] Port R0_clk in module rf_31x64 is either unconnected or has no load
WARNING: [Synth 8-7129] Port R1_en in module rf_31x64 is either unconnected or has no load
WARNING: [Synth 8-7129] Port R1_clk in module rf_31x64 is either unconnected or has no load
WARNING: [Synth 8-7129] Port io_dmem_resp_bits_tag[6] in module Rocket is either unconnected or has no load
WARNING: [Synth 8-7129] Port io_requestor_1_req_bits_tag[6] in module HellaCacheArbiter is either unconnected or has no load
WARNING: [Synth 8-7129] Port io_b_sExp[12] in module DivSqrtRawFN_small_e11_s53 is either unconnected or has no load
WARNING: [Synth 8-7129] Port io_b_sExp[9] in module DivSqrtRawFN_small_e8_s24 is either unconnected or has no load
WARNING: [Synth 8-7129] Port io_b_sExp[6] in module DivSqrtRawFN_small_e5_s11 is either unconnected or has no load
WARNING: [Synth 8-7129] Port R0_en in module regfile_32x65 is either unconnected or has no load
WARNING: [Synth 8-7129] Port R0_clk in module regfile_32x65 is either unconnected or has no load
WARNING: [Synth 8-7129] Port R1_en in module regfile_32x65 is either unconnected or has no load
WARNING: [Synth 8-7129] Port R1_clk in module regfile_32x65 is either unconnected or has no load
WARNING: [Synth 8-7129] Port R2_en in module regfile_32x65 is either unconnected or has no load
WARNING: [Synth 8-7129] Port R2_clk in module regfile_32x65 is either unconnected or has no load
WARNING: [Synth 8-7129] Port W1_clk in module regfile_32x65 is either unconnected or has no load
WARNING: [Synth 8-7129] Port io_ll_resp_type[2] in module FPU is either unconnected or has no load
WARNING: [Synth 8-7129] Port R0_en in module table_512x1 is either unconnected or has no load
WARNING: [Synth 8-7129] Port R0_clk in module table_512x1 is either unconnected or has no load
WARNING: [Synth 8-7129] Port io_req_bits_addr[0] in module BTB is either unconnected or has no load
WARNING: [Synth 8-7129] Port io_bht_update_bits_pc[38] in module BTB is either unconnected or has no load
WARNING: [Synth 8-7129] Port io_bht_update_bits_pc[37] in module BTB is either unconnected or has no load
WARNING: [Synth 8-7129] Port io_bht_update_bits_pc[36] in module BTB is either unconnected or has no load
WARNING: [Synth 8-7129] Port io_bht_update_bits_pc[35] in module BTB is either unconnected or has no load
WARNING: [Synth 8-7129] Port io_bht_update_bits_pc[34] in module BTB is either unconnected or has no load
WARNING: [Synth 8-7129] Port io_bht_update_bits_pc[33] in module BTB is either unconnected or has no load
WARNING: [Synth 8-7129] Port io_bht_update_bits_pc[32] in module BTB is either unconnected or has no load
WARNING: [Synth 8-7129] Port io_bht_update_bits_pc[31] in module BTB is either unconnected or has no load
WARNING: [Synth 8-7129] Port io_bht_update_bits_pc[30] in module BTB is either unconnected or has no load
WARNING: [Synth 8-7129] Port io_bht_update_bits_pc[29] in module BTB is either unconnected or has no load
WARNING: [Synth 8-7129] Port io_bht_update_bits_pc[28] in module BTB is either unconnected or has no load
WARNING: [Synth 8-7129] Port io_bht_update_bits_pc[27] in module BTB is either unconnected or has no load
WARNING: [Synth 8-7129] Port io_bht_update_bits_pc[26] in module BTB is either unconnected or has no load
WARNING: [Synth 8-7129] Port io_bht_update_bits_pc[25] in module BTB is either unconnected or has no load
WARNING: [Synth 8-7129] Port io_bht_update_bits_pc[24] in module BTB is either unconnected or has no load
WARNING: [Synth 8-7129] Port io_bht_update_bits_pc[23] in module BTB is either unconnected or has no load
WARNING: [Synth 8-7129] Port io_bht_update_bits_pc[22] in module BTB is either unconnected or has no load
WARNING: [Synth 8-7129] Port io_bht_update_bits_pc[21] in module BTB is either unconnected or has no load
WARNING: [Synth 8-7129] Port io_bht_update_bits_pc[20] in module BTB is either unconnected or has no load
WARNING: [Synth 8-7129] Port io_bht_update_bits_pc[19] in module BTB is either unconnected or has no load
WARNING: [Synth 8-7129] Port io_bht_update_bits_pc[18] in module BTB is either unconnected or has no load
WARNING: [Synth 8-7129] Port io_bht_update_bits_pc[17] in module BTB is either unconnected or has no load
WARNING: [Synth 8-7129] Port io_bht_update_bits_pc[16] in module BTB is either unconnected or has no load
WARNING: [Synth 8-7129] Port io_bht_update_bits_pc[15] in module BTB is either unconnected or has no load
WARNING: [Synth 8-7129] Port io_bht_update_bits_pc[14] in module BTB is either unconnected or has no load
WARNING: [Synth 8-7129] Port io_bht_update_bits_pc[13] in module BTB is either unconnected or has no load
WARNING: [Synth 8-7129] Port io_bht_update_bits_pc[1] in module BTB is either unconnected or has no load
WARNING: [Synth 8-7129] Port io_bht_update_bits_pc[0] in module BTB is either unconnected or has no load
WARNING: [Synth 8-7129] Port io_paddr[11] in module PMAChecker is either unconnected or has no load
WARNING: [Synth 8-7129] Port io_paddr[10] in module PMAChecker is either unconnected or has no load
WARNING: [Synth 8-7129] Port io_paddr[9] in module PMAChecker is either unconnected or has no load
WARNING: [Synth 8-7129] Port io_paddr[8] in module PMAChecker is either unconnected or has no load
WARNING: [Synth 8-7129] Port io_paddr[7] in module PMAChecker is either unconnected or has no load
WARNING: [Synth 8-7129] Port io_paddr[6] in module PMAChecker is either unconnected or has no load
WARNING: [Synth 8-7129] Port io_paddr[5] in module PMAChecker is either unconnected or has no load
WARNING: [Synth 8-7129] Port io_paddr[4] in module PMAChecker is either unconnected or has no load
WARNING: [Synth 8-7129] Port io_paddr[3] in module PMAChecker is either unconnected or has no load
WARNING: [Synth 8-7129] Port io_paddr[2] in module PMAChecker is either unconnected or has no load
WARNING: [Synth 8-7129] Port io_paddr[1] in module PMAChecker is either unconnected or has no load
WARNING: [Synth 8-7129] Port io_paddr[0] in module PMAChecker is either unconnected or has no load
WARNING: [Synth 8-7129] Port io_prv[0] in module PMPChecker_s2 is either unconnected or has no load
WARNING: [Synth 8-7129] Port io_sfence_bits_addr[38] in module ITLB is either unconnected or has no load
WARNING: [Synth 8-7129] Port io_sfence_bits_addr[37] in module ITLB is either unconnected or has no load
WARNING: [Synth 8-7129] Port io_sfence_bits_addr[36] in module ITLB is either unconnected or has no load
WARNING: [Synth 8-7129] Port io_sfence_bits_addr[35] in module ITLB is either unconnected or has no load
WARNING: [Synth 8-7129] Port io_sfence_bits_addr[34] in module ITLB is either unconnected or has no load
WARNING: [Synth 8-7129] Port io_sfence_bits_addr[33] in module ITLB is either unconnected or has no load
WARNING: [Synth 8-7129] Port io_sfence_bits_addr[32] in module ITLB is either unconnected or has no load
WARNING: [Synth 8-7129] Port io_sfence_bits_addr[31] in module ITLB is either unconnected or has no load
WARNING: [Synth 8-7129] Port io_sfence_bits_addr[30] in module ITLB is either unconnected or has no load
WARNING: [Synth 8-7129] Port io_sfence_bits_addr[29] in module ITLB is either unconnected or has no load
WARNING: [Synth 8-7129] Port io_sfence_bits_addr[28] in module ITLB is either unconnected or has no load
WARNING: [Synth 8-7129] Port io_sfence_bits_addr[27] in module ITLB is either unconnected or has no load
WARNING: [Synth 8-7129] Port io_sfence_bits_addr[26] in module ITLB is either unconnected or has no load
WARNING: [Synth 8-7129] Port io_sfence_bits_addr[25] in module ITLB is either unconnected or has no load
WARNING: [Synth 8-7129] Port io_sfence_bits_addr[24] in module ITLB is either unconnected or has no load
WARNING: [Synth 8-7129] Port io_sfence_bits_addr[23] in module ITLB is either unconnected or has no load
WARNING: [Synth 8-7129] Port io_sfence_bits_addr[22] in module ITLB is either unconnected or has no load
WARNING: [Synth 8-7129] Port io_sfence_bits_addr[21] in module ITLB is either unconnected or has no load
WARNING: [Synth 8-7129] Port io_sfence_bits_addr[20] in module ITLB is either unconnected or has no load
WARNING: [Synth 8-7129] Port io_sfence_bits_addr[19] in module ITLB is either unconnected or has no load
WARNING: [Synth 8-7129] Port io_sfence_bits_addr[18] in module ITLB is either unconnected or has no load
WARNING: [Synth 8-7129] Port io_sfence_bits_addr[17] in module ITLB is either unconnected or has no load
WARNING: [Synth 8-7129] Port io_sfence_bits_addr[16] in module ITLB is either unconnected or has no load
WARNING: [Synth 8-7129] Port io_sfence_bits_addr[15] in module ITLB is either unconnected or has no load
WARNING: [Synth 8-7129] Port io_sfence_bits_addr[14] in module ITLB is either unconnected or has no load
WARNING: [Synth 8-7129] Port io_sfence_bits_addr[13] in module ITLB is either unconnected or has no load
WARNING: [Synth 8-7129] Port io_sfence_bits_addr[12] in module ITLB is either unconnected or has no load
WARNING: [Synth 8-7129] Port io_sfence_bits_addr[11] in module ITLB is either unconnected or has no load
WARNING: [Synth 8-7129] Port io_sfence_bits_addr[10] in module ITLB is either unconnected or has no load
WARNING: [Synth 8-7129] Port io_sfence_bits_addr[9] in module ITLB is either unconnected or has no load
WARNING: [Synth 8-7129] Port io_sfence_bits_addr[8] in module ITLB is either unconnected or has no load
WARNING: [Synth 8-7129] Port io_sfence_bits_addr[7] in module ITLB is either unconnected or has no load
WARNING: [Synth 8-7129] Port io_sfence_bits_addr[6] in module ITLB is either unconnected or has no load
WARNING: [Synth 8-7129] Port io_sfence_bits_addr[5] in module ITLB is either unconnected or has no load
WARNING: [Synth 8-7129] Port io_sfence_bits_addr[4] in module ITLB is either unconnected or has no load
WARNING: [Synth 8-7129] Port io_sfence_bits_addr[3] in module ITLB is either unconnected or has no load
WARNING: [Synth 8-7129] Port io_sfence_bits_addr[2] in module ITLB is either unconnected or has no load
WARNING: [Synth 8-7129] Port io_sfence_bits_addr[1] in module ITLB is either unconnected or has no load
WARNING: [Synth 8-7129] Port io_sfence_bits_addr[0] in module ITLB is either unconnected or has no load
WARNING: [Synth 8-7129] Port io_ptw_resp_bits_pte_ppn[43] in module ITLB is either unconnected or has no load
WARNING: [Synth 8-7129] Port io_ptw_resp_bits_pte_ppn[42] in module ITLB is either unconnected or has no load
WARNING: [Synth 8-7129] Port io_ptw_resp_bits_pte_ppn[41] in module ITLB is either unconnected or has no load
WARNING: [Synth 8-7129] Port io_ptw_resp_bits_pte_ppn[40] in module ITLB is either unconnected or has no load
WARNING: [Synth 8-7129] Port io_ptw_resp_bits_pte_ppn[39] in module ITLB is either unconnected or has no load
WARNING: [Synth 8-7129] Port io_ptw_resp_bits_pte_ppn[38] in module ITLB is either unconnected or has no load
WARNING: [Synth 8-7129] Port io_ptw_resp_bits_pte_ppn[37] in module ITLB is either unconnected or has no load
WARNING: [Synth 8-7129] Port io_ptw_resp_bits_pte_ppn[36] in module ITLB is either unconnected or has no load
WARNING: [Synth 8-7129] Port io_ptw_resp_bits_pte_ppn[35] in module ITLB is either unconnected or has no load
WARNING: [Synth 8-7129] Port io_ptw_resp_bits_pte_ppn[34] in module ITLB is either unconnected or has no load
WARNING: [Synth 8-7129] Port io_ptw_resp_bits_pte_ppn[33] in module ITLB is either unconnected or has no load
WARNING: [Synth 8-7129] Port io_ptw_resp_bits_pte_ppn[32] in module ITLB is either unconnected or has no load
WARNING: [Synth 8-7129] Port io_ptw_resp_bits_pte_ppn[31] in module ITLB is either unconnected or has no load
WARNING: [Synth 8-7129] Port io_ptw_resp_bits_pte_ppn[30] in module ITLB is either unconnected or has no load
WARNING: [Synth 8-7129] Port io_ptw_resp_bits_pte_ppn[29] in module ITLB is either unconnected or has no load
WARNING: [Synth 8-7129] Port io_ptw_resp_bits_pte_ppn[28] in module ITLB is either unconnected or has no load
WARNING: [Synth 8-7129] Port io_ptw_resp_bits_pte_ppn[27] in module ITLB is either unconnected or has no load
WARNING: [Synth 8-7129] Port io_ptw_resp_bits_pte_ppn[26] in module ITLB is either unconnected or has no load
WARNING: [Synth 8-7129] Port io_ptw_resp_bits_pte_ppn[25] in module ITLB is either unconnected or has no load
WARNING: [Synth 8-7129] Port io_ptw_resp_bits_pte_ppn[24] in module ITLB is either unconnected or has no load
WARNING: [Synth 8-7129] Port io_ptw_resp_bits_pte_ppn[23] in module ITLB is either unconnected or has no load
WARNING: [Synth 8-7129] Port io_ptw_resp_bits_pte_ppn[22] in module ITLB is either unconnected or has no load
WARNING: [Synth 8-7129] Port io_ptw_resp_bits_pte_ppn[21] in module ITLB is either unconnected or has no load
WARNING: [Synth 8-7129] Port io_ptw_resp_bits_pte_ppn[20] in module ITLB is either unconnected or has no load
WARNING: [Synth 8-7129] Port io_ptw_ptbr_mode[2] in module ITLB is either unconnected or has no load
WARNING: [Synth 8-7129] Port io_ptw_ptbr_mode[1] in module ITLB is either unconnected or has no load
WARNING: [Synth 8-7129] Port io_ptw_ptbr_mode[0] in module ITLB is either unconnected or has no load
WARNING: [Synth 8-7129] Port auto_master_out_d_bits_opcode[2] in module ICache is either unconnected or has no load
WARNING: [Synth 8-7129] Port auto_master_out_d_bits_opcode[1] in module ICache is either unconnected or has no load
WARNING: [Synth 8-7129] Port io_req_bits_addr[38] in module ICache is either unconnected or has no load
WARNING: [Synth 8-7129] Port io_req_bits_addr[37] in module ICache is either unconnected or has no load
WARNING: [Synth 8-7129] Port io_req_bits_addr[36] in module ICache is either unconnected or has no load
WARNING: [Synth 8-7129] Port io_req_bits_addr[35] in module ICache is either unconnected or has no load
WARNING: [Synth 8-7129] Port io_req_bits_addr[34] in module ICache is either unconnected or has no load
WARNING: [Synth 8-7129] Port io_req_bits_addr[33] in module ICache is either unconnected or has no load
WARNING: [Synth 8-7129] Port io_req_bits_addr[32] in module ICache is either unconnected or has no load
WARNING: [Synth 8-7129] Port io_req_bits_addr[31] in module ICache is either unconnected or has no load
WARNING: [Synth 8-7129] Port io_req_bits_addr[30] in module ICache is either unconnected or has no load
WARNING: [Synth 8-7129] Port io_req_bits_addr[29] in module ICache is either unconnected or has no load
WARNING: [Synth 8-7129] Port io_req_bits_addr[28] in module ICache is either unconnected or has no load
WARNING: [Synth 8-7129] Port io_req_bits_addr[27] in module ICache is either unconnected or has no load
WARNING: [Synth 8-7129] Port io_req_bits_addr[26] in module ICache is either unconnected or has no load
WARNING: [Synth 8-7129] Port io_req_bits_addr[25] in module ICache is either unconnected or has no load
WARNING: [Synth 8-7129] Port io_req_bits_addr[24] in module ICache is either unconnected or has no load
WARNING: [Synth 8-7129] Port io_req_bits_addr[23] in module ICache is either unconnected or has no load
WARNING: [Synth 8-7129] Port io_req_bits_addr[22] in module ICache is either unconnected or has no load
WARNING: [Synth 8-7129] Port io_req_bits_addr[21] in module ICache is either unconnected or has no load
WARNING: [Synth 8-7129] Port io_req_bits_addr[20] in module ICache is either unconnected or has no load
WARNING: [Synth 8-7129] Port io_req_bits_addr[19] in module ICache is either unconnected or has no load
WARNING: [Synth 8-7129] Port io_req_bits_addr[18] in module ICache is either unconnected or has no load
WARNING: [Synth 8-7129] Port io_req_bits_addr[17] in module ICache is either unconnected or has no load
WARNING: [Synth 8-7129] Port io_req_bits_addr[16] in module ICache is either unconnected or has no load
WARNING: [Synth 8-7129] Port io_req_bits_addr[15] in module ICache is either unconnected or has no load
WARNING: [Synth 8-7129] Port io_req_bits_addr[14] in module ICache is either unconnected or has no load
WARNING: [Synth 8-7129] Port io_req_bits_addr[13] in module ICache is either unconnected or has no load
WARNING: [Synth 8-7129] Port io_req_bits_addr[12] in module ICache is either unconnected or has no load
WARNING: [Synth 8-7129] Port io_req_bits_addr[1] in module ICache is either unconnected or has no load
WARNING: [Synth 8-7129] Port io_req_bits_addr[0] in module ICache is either unconnected or has no load
WARNING: [Synth 8-7129] Port io_cpu_might_request in module Frontend is either unconnected or has no load
WARNING: [Synth 8-7129] Port io_cpu_req_bits_pc[0] in module Frontend is either unconnected or has no load
WARNING: [Synth 8-7129] Port io_ptw_customCSRs_csrs_0_value[63] in module Frontend is either unconnected or has no load
WARNING: [Synth 8-7129] Port io_ptw_customCSRs_csrs_0_value[62] in module Frontend is either unconnected or has no load
WARNING: [Synth 8-7129] Port io_ptw_customCSRs_csrs_0_value[61] in module Frontend is either unconnected or has no load
WARNING: [Synth 8-7129] Port io_ptw_customCSRs_csrs_0_value[60] in module Frontend is either unconnected or has no load
WARNING: [Synth 8-7129] Port io_ptw_customCSRs_csrs_0_value[59] in module Frontend is either unconnected or has no load
WARNING: [Synth 8-7129] Port io_ptw_customCSRs_csrs_0_value[58] in module Frontend is either unconnected or has no load
WARNING: [Synth 8-7129] Port io_ptw_customCSRs_csrs_0_value[57] in module Frontend is either unconnected or has no load
WARNING: [Synth 8-7129] Port io_ptw_customCSRs_csrs_0_value[56] in module Frontend is either unconnected or has no load
WARNING: [Synth 8-7129] Port io_ptw_customCSRs_csrs_0_value[55] in module Frontend is either unconnected or has no load
WARNING: [Synth 8-7129] Port io_ptw_customCSRs_csrs_0_value[54] in module Frontend is either unconnected or has no load
WARNING: [Synth 8-7129] Port io_ptw_customCSRs_csrs_0_value[53] in module Frontend is either unconnected or has no load
WARNING: [Synth 8-7129] Port io_ptw_customCSRs_csrs_0_value[52] in module Frontend is either unconnected or has no load
WARNING: [Synth 8-7129] Port io_ptw_customCSRs_csrs_0_value[51] in module Frontend is either unconnected or has no load
WARNING: [Synth 8-7129] Port io_ptw_customCSRs_csrs_0_value[50] in module Frontend is either unconnected or has no load
WARNING: [Synth 8-7129] Port io_ptw_customCSRs_csrs_0_value[49] in module Frontend is either unconnected or has no load
WARNING: [Synth 8-7129] Port io_ptw_customCSRs_csrs_0_value[48] in module Frontend is either unconnected or has no load
WARNING: [Synth 8-7129] Port io_ptw_customCSRs_csrs_0_value[47] in module Frontend is either unconnected or has no load
WARNING: [Synth 8-7129] Port io_ptw_customCSRs_csrs_0_value[46] in module Frontend is either unconnected or has no load
WARNING: [Synth 8-7129] Port io_ptw_customCSRs_csrs_0_value[45] in module Frontend is either unconnected or has no load
WARNING: [Synth 8-7129] Port io_ptw_customCSRs_csrs_0_value[44] in module Frontend is either unconnected or has no load
WARNING: [Synth 8-7129] Port io_ptw_customCSRs_csrs_0_value[43] in module Frontend is either unconnected or has no load
WARNING: [Synth 8-7129] Port io_ptw_customCSRs_csrs_0_value[42] in module Frontend is either unconnected or has no load
WARNING: [Synth 8-7129] Port io_ptw_customCSRs_csrs_0_value[41] in module Frontend is either unconnected or has no load
WARNING: [Synth 8-7129] Port io_ptw_customCSRs_csrs_0_value[40] in module Frontend is either unconnected or has no load
WARNING: [Synth 8-7129] Port io_ptw_customCSRs_csrs_0_value[39] in module Frontend is either unconnected or has no load
WARNING: [Synth 8-7129] Port io_ptw_customCSRs_csrs_0_value[38] in module Frontend is either unconnected or has no load
WARNING: [Synth 8-7129] Port io_ptw_customCSRs_csrs_0_value[37] in module Frontend is either unconnected or has no load
WARNING: [Synth 8-7129] Port io_ptw_customCSRs_csrs_0_value[36] in module Frontend is either unconnected or has no load
WARNING: [Synth 8-7129] Port io_ptw_customCSRs_csrs_0_value[35] in module Frontend is either unconnected or has no load
WARNING: [Synth 8-7129] Port io_ptw_customCSRs_csrs_0_value[34] in module Frontend is either unconnected or has no load
WARNING: [Synth 8-7129] Port io_ptw_customCSRs_csrs_0_value[33] in module Frontend is either unconnected or has no load
WARNING: [Synth 8-7129] Port io_ptw_customCSRs_csrs_0_value[32] in module Frontend is either unconnected or has no load
WARNING: [Synth 8-7129] Port io_ptw_customCSRs_csrs_0_value[31] in module Frontend is either unconnected or has no load
WARNING: [Synth 8-7129] Port io_ptw_customCSRs_csrs_0_value[30] in module Frontend is either unconnected or has no load
WARNING: [Synth 8-7129] Port io_ptw_customCSRs_csrs_0_value[29] in module Frontend is either unconnected or has no load
WARNING: [Synth 8-7129] Port io_ptw_customCSRs_csrs_0_value[28] in module Frontend is either unconnected or has no load
WARNING: [Synth 8-7129] Port io_ptw_customCSRs_csrs_0_value[27] in module Frontend is either unconnected or has no load
WARNING: [Synth 8-7129] Port io_ptw_customCSRs_csrs_0_value[26] in module Frontend is either unconnected or has no load
WARNING: [Synth 8-7129] Port io_ptw_customCSRs_csrs_0_value[25] in module Frontend is either unconnected or has no load
WARNING: [Synth 8-7129] Port io_ptw_customCSRs_csrs_0_value[24] in module Frontend is either unconnected or has no load
WARNING: [Synth 8-7129] Port io_ptw_customCSRs_csrs_0_value[23] in module Frontend is either unconnected or has no load
WARNING: [Synth 8-7129] Port io_ptw_customCSRs_csrs_0_value[22] in module Frontend is either unconnected or has no load
WARNING: [Synth 8-7129] Port io_ptw_customCSRs_csrs_0_value[21] in module Frontend is either unconnected or has no load
WARNING: [Synth 8-7129] Port io_ptw_customCSRs_csrs_0_value[20] in module Frontend is either unconnected or has no load
WARNING: [Synth 8-7129] Port io_ptw_customCSRs_csrs_0_value[19] in module Frontend is either unconnected or has no load
WARNING: [Synth 8-7129] Port io_ptw_customCSRs_csrs_0_value[18] in module Frontend is either unconnected or has no load
WARNING: [Synth 8-7129] Port io_ptw_customCSRs_csrs_0_value[17] in module Frontend is either unconnected or has no load
WARNING: [Synth 8-7129] Port io_ptw_customCSRs_csrs_0_value[16] in module Frontend is either unconnected or has no load
WARNING: [Synth 8-7129] Port io_ptw_customCSRs_csrs_0_value[15] in module Frontend is either unconnected or has no load
WARNING: [Synth 8-7129] Port io_ptw_customCSRs_csrs_0_value[14] in module Frontend is either unconnected or has no load
WARNING: [Synth 8-7129] Port io_ptw_customCSRs_csrs_0_value[13] in module Frontend is either unconnected or has no load
WARNING: [Synth 8-7129] Port io_ptw_customCSRs_csrs_0_value[12] in module Frontend is either unconnected or has no load
WARNING: [Synth 8-7129] Port io_ptw_customCSRs_csrs_0_value[11] in module Frontend is either unconnected or has no load
WARNING: [Synth 8-7129] Port io_ptw_customCSRs_csrs_0_value[10] in module Frontend is either unconnected or has no load
WARNING: [Synth 8-7129] Port io_ptw_customCSRs_csrs_0_value[9] in module Frontend is either unconnected or has no load
WARNING: [Synth 8-7129] Port io_ptw_customCSRs_csrs_0_value[8] in module Frontend is either unconnected or has no load
WARNING: [Synth 8-7129] Port io_ptw_customCSRs_csrs_0_value[7] in module Frontend is either unconnected or has no load
WARNING: [Synth 8-7129] Port io_ptw_customCSRs_csrs_0_value[6] in module Frontend is either unconnected or has no load
WARNING: [Synth 8-7129] Port io_ptw_customCSRs_csrs_0_value[5] in module Frontend is either unconnected or has no load
WARNING: [Synth 8-7129] Port io_ptw_customCSRs_csrs_0_value[4] in module Frontend is either unconnected or has no load
WARNING: [Synth 8-7129] Port io_ptw_customCSRs_csrs_0_value[2] in module Frontend is either unconnected or has no load
WARNING: [Synth 8-7129] Port io_ptw_customCSRs_csrs_0_value[1] in module Frontend is either unconnected or has no load
WARNING: [Synth 8-7129] Port io_ptw_customCSRs_csrs_0_value[0] in module Frontend is either unconnected or has no load
WARNING: [Synth 8-7129] Port io_req_bits_addr[2] in module DCacheDataArray is either unconnected or has no load
WARNING: [Synth 8-7129] Port io_req_bits_addr[1] in module DCacheDataArray is either unconnected or has no load
WARNING: [Synth 8-7129] Port io_req_bits_addr[0] in module DCacheDataArray is either unconnected or has no load
WARNING: [Synth 8-7129] Port io_prv[0] in module PMPChecker_s3 is either unconnected or has no load
WARNING: [Synth 8-7129] Port io_ptw_resp_bits_pte_ppn[43] in module DCache is either unconnected or has no load
WARNING: [Synth 8-7129] Port io_ptw_resp_bits_pte_ppn[42] in module DCache is either unconnected or has no load
WARNING: [Synth 8-7129] Port io_ptw_resp_bits_pte_ppn[41] in module DCache is either unconnected or has no load
WARNING: [Synth 8-7129] Port io_ptw_resp_bits_pte_ppn[40] in module DCache is either unconnected or has no load
WARNING: [Synth 8-7129] Port io_ptw_resp_bits_pte_ppn[39] in module DCache is either unconnected or has no load
WARNING: [Synth 8-7129] Port io_ptw_resp_bits_pte_ppn[38] in module DCache is either unconnected or has no load
WARNING: [Synth 8-7129] Port io_ptw_resp_bits_pte_ppn[37] in module DCache is either unconnected or has no load
WARNING: [Synth 8-7129] Port io_ptw_resp_bits_pte_ppn[36] in module DCache is either unconnected or has no load
WARNING: [Synth 8-7129] Port io_ptw_resp_bits_pte_ppn[35] in module DCache is either unconnected or has no load
WARNING: [Synth 8-7129] Port io_ptw_resp_bits_pte_ppn[34] in module DCache is either unconnected or has no load
WARNING: [Synth 8-7129] Port io_ptw_resp_bits_pte_ppn[33] in module DCache is either unconnected or has no load
WARNING: [Synth 8-7129] Port io_ptw_resp_bits_pte_ppn[32] in module DCache is either unconnected or has no load
WARNING: [Synth 8-7129] Port io_ptw_resp_bits_pte_ppn[31] in module DCache is either unconnected or has no load
WARNING: [Synth 8-7129] Port io_ptw_resp_bits_pte_ppn[30] in module DCache is either unconnected or has no load
WARNING: [Synth 8-7129] Port io_ptw_resp_bits_pte_ppn[29] in module DCache is either unconnected or has no load
WARNING: [Synth 8-7129] Port io_ptw_resp_bits_pte_ppn[28] in module DCache is either unconnected or has no load
WARNING: [Synth 8-7129] Port io_ptw_resp_bits_pte_ppn[27] in module DCache is either unconnected or has no load
WARNING: [Synth 8-7129] Port io_ptw_resp_bits_pte_ppn[26] in module DCache is either unconnected or has no load
WARNING: [Synth 8-7129] Port io_ptw_resp_bits_pte_ppn[25] in module DCache is either unconnected or has no load
WARNING: [Synth 8-7129] Port io_ptw_resp_bits_pte_ppn[24] in module DCache is either unconnected or has no load
WARNING: [Synth 8-7129] Port io_ptw_resp_bits_pte_ppn[23] in module DCache is either unconnected or has no load
WARNING: [Synth 8-7129] Port io_ptw_resp_bits_pte_ppn[22] in module DCache is either unconnected or has no load
WARNING: [Synth 8-7129] Port io_ptw_resp_bits_pte_ppn[21] in module DCache is either unconnected or has no load
WARNING: [Synth 8-7129] Port io_ptw_resp_bits_pte_ppn[20] in module DCache is either unconnected or has no load
WARNING: [Synth 8-7129] Port io_ptw_ptbr_mode[2] in module DCache is either unconnected or has no load
WARNING: [Synth 8-7129] Port io_ptw_ptbr_mode[1] in module DCache is either unconnected or has no load
WARNING: [Synth 8-7129] Port io_ptw_ptbr_mode[0] in module DCache is either unconnected or has no load
WARNING: [Synth 8-7129] Port R0_en in module data_33x44 is either unconnected or has no load
WARNING: [Synth 8-7129] Port R0_clk in module data_33x44 is either unconnected or has no load
WARNING: [Synth 8-7129] Port R0_en in module next_33x6 is either unconnected or has no load
WARNING: [Synth 8-7129] Port R0_clk in module next_33x6 is either unconnected or has no load
WARNING: [Synth 8-7129] Port R0_en in module tail_21x6 is either unconnected or has no load
WARNING: [Synth 8-7129] Port R0_clk in module tail_21x6 is either unconnected or has no load
WARNING: [Synth 8-7129] Port R1_en in module tail_21x6 is either unconnected or has no load
WARNING: [Synth 8-7129] Port R1_clk in module tail_21x6 is either unconnected or has no load
WARNING: [Synth 8-7129] Port R0_en in module head_21x6 is either unconnected or has no load
WARNING: [Synth 8-7129] Port R0_clk in module head_21x6 is either unconnected or has no load
WARNING: [Synth 8-7129] Port W1_clk in module head_21x6 is either unconnected or has no load
WARNING: [Synth 8-7129] Port R0_en in module data_16x65 is either unconnected or has no load
WARNING: [Synth 8-7129] Port R0_clk in module data_16x65 is either unconnected or has no load
WARNING: [Synth 8-7129] Port R0_en in module next_16x4 is either unconnected or has no load
WARNING: [Synth 8-7129] Port R0_clk in module next_16x4 is either unconnected or has no load
WARNING: [Synth 8-7129] Port R0_en in module tail_2x4 is either unconnected or has no load
WARNING: [Synth 8-7129] Port R0_clk in module tail_2x4 is either unconnected or has no load
WARNING: [Synth 8-7129] Port R1_en in module tail_2x4 is either unconnected or has no load
WARNING: [Synth 8-7129] Port R1_clk in module tail_2x4 is either unconnected or has no load
WARNING: [Synth 8-7129] Port R0_en in module head_2x4 is either unconnected or has no load
WARNING: [Synth 8-7129] Port R0_clk in module head_2x4 is either unconnected or has no load
WARNING: [Synth 8-7129] Port W1_clk in module head_2x4 is either unconnected or has no load
WARNING: [Synth 8-7129] Port io_rel_pop_bits_index[5] in module SinkC is either unconnected or has no load
WARNING: [Synth 8-7129] Port io_rel_pop_bits_index[4] in module SinkC is either unconnected or has no load
WARNING: [Synth 8-7129] Port io_rel_pop_bits_index[3] in module SinkC is either unconnected or has no load
WARNING: [Synth 8-7129] Port io_rel_pop_bits_index[2] in module SinkC is either unconnected or has no load
WARNING: [Synth 8-7129] Port io_rel_pop_bits_index[1] in module SinkC is either unconnected or has no load
WARNING: [Synth 8-7129] Port R0_en in module data_40x73 is either unconnected or has no load
WARNING: [Synth 8-7129] Port R0_clk in module data_40x73 is either unconnected or has no load
WARNING: [Synth 8-7129] Port R0_en in module next_40x6 is either unconnected or has no load
WARNING: [Synth 8-7129] Port R0_clk in module next_40x6 is either unconnected or has no load
WARNING: [Synth 8-7129] Port R0_en in module tail_40x6 is either unconnected or has no load
WARNING: [Synth 8-7129] Port R0_clk in module tail_40x6 is either unconnected or has no load
WARNING: [Synth 8-7129] Port R1_en in module tail_40x6 is either unconnected or has no load
WARNING: [Synth 8-7129] Port R1_clk in module tail_40x6 is either unconnected or has no load
WARNING: [Synth 8-7129] Port R0_en in module head_40x6 is either unconnected or has no load
WARNING: [Synth 8-7129] Port R0_clk in module head_40x6 is either unconnected or has no load
WARNING: [Synth 8-7129] Port W1_clk in module head_40x6 is either unconnected or has no load
WARNING: [Synth 8-7129] Port R0_en in module ram_data_3x64 is either unconnected or has no load
WARNING: [Synth 8-7129] Port R0_clk in module ram_data_3x64 is either unconnected or has no load
WARNING: [Synth 8-7129] Port io_pb_beat_corrupt in module SourceD is either unconnected or has no load
WARNING: [Synth 8-7129] Port io_rel_beat_corrupt in module SourceD is either unconnected or has no load
WARNING: [Synth 8-7129] Port R0_en in module ram_12x106 is either unconnected or has no load
WARNING: [Synth 8-7129] Port R0_clk in module ram_12x106 is either unconnected or has no load
WARNING: [Synth 8-7129] Port io_enq_bits_param[2] in module Queue12_TLBundleC_a32d64s3k3z3c is either unconnected or has no load
WARNING: [Synth 8-7129] Port io_enq_bits_param[1] in module Queue12_TLBundleC_a32d64s3k3z3c is either unconnected or has no load
WARNING: [Synth 8-7129] Port io_enq_bits_param[0] in module Queue12_TLBundleC_a32d64s3k3z3c is either unconnected or has no load
WARNING: [Synth 8-7129] Port auto_ctrl_in_a_bits_address[25] in module InclusiveCacheControl is either unconnected or has no load
WARNING: [Synth 8-7129] Port auto_ctrl_in_a_bits_address[24] in module InclusiveCacheControl is either unconnected or has no load
WARNING: [Synth 8-7129] Port auto_ctrl_in_a_bits_address[23] in module InclusiveCacheControl is either unconnected or has no load
WARNING: [Synth 8-7129] Port auto_ctrl_in_a_bits_address[22] in module InclusiveCacheControl is either unconnected or has no load
WARNING: [Synth 8-7129] Port auto_ctrl_in_a_bits_address[21] in module InclusiveCacheControl is either unconnected or has no load
WARNING: [Synth 8-7129] Port auto_ctrl_in_a_bits_address[20] in module InclusiveCacheControl is either unconnected or has no load
WARNING: [Synth 8-7129] Port auto_ctrl_in_a_bits_address[19] in module InclusiveCacheControl is either unconnected or has no load
WARNING: [Synth 8-7129] Port auto_ctrl_in_a_bits_address[18] in module InclusiveCacheControl is either unconnected or has no load
WARNING: [Synth 8-7129] Port auto_ctrl_in_a_bits_address[17] in module InclusiveCacheControl is either unconnected or has no load
WARNING: [Synth 8-7129] Port auto_ctrl_in_a_bits_address[16] in module InclusiveCacheControl is either unconnected or has no load
WARNING: [Synth 8-7129] Port auto_ctrl_in_a_bits_address[15] in module InclusiveCacheControl is either unconnected or has no load
WARNING: [Synth 8-7129] Port auto_ctrl_in_a_bits_address[14] in module InclusiveCacheControl is either unconnected or has no load
WARNING: [Synth 8-7129] Port auto_ctrl_in_a_bits_address[13] in module InclusiveCacheControl is either unconnected or has no load
WARNING: [Synth 8-7129] Port auto_ctrl_in_a_bits_address[12] in module InclusiveCacheControl is either unconnected or has no load
WARNING: [Synth 8-7129] Port auto_ctrl_in_a_bits_address[2] in module InclusiveCacheControl is either unconnected or has no load
WARNING: [Synth 8-7129] Port auto_ctrl_in_a_bits_address[1] in module InclusiveCacheControl is either unconnected or has no load
WARNING: [Synth 8-7129] Port auto_ctrl_in_a_bits_address[0] in module InclusiveCacheControl is either unconnected or has no load
WARNING: [Synth 8-7129] Port R0_en in module ram_2x78 is either unconnected or has no load
WARNING: [Synth 8-7129] Port R0_clk in module ram_2x78 is either unconnected or has no load
WARNING: [Synth 8-7129] Port io_enq_bits_sink in module Queue2_TLBundleD_a32d64s4k1z3u is either unconnected or has no load
WARNING: [Synth 8-7129] Port R0_en in module ram_2x118 is either unconnected or has no load
WARNING: [Synth 8-7129] Port R0_clk in module ram_2x118 is either unconnected or has no load
WARNING: [Synth 8-7129] Port R0_en in module ram_2x103 is either unconnected or has no load
WARNING: [Synth 8-7129] Port R0_clk in module ram_2x103 is either unconnected or has no load
WARNING: [Synth 8-7129] Port io_enq_bits_param[2] in module Queue2_TLBundleA_a21d64s4k1z3u is either unconnected or has no load
WARNING: [Synth 8-7129] Port io_enq_bits_param[1] in module Queue2_TLBundleA_a21d64s4k1z3u is either unconnected or has no load
WARNING: [Synth 8-7129] Port io_enq_bits_param[0] in module Queue2_TLBundleA_a21d64s4k1z3u is either unconnected or has no load
WARNING: [Synth 8-7129] Port io_enq_bits_corrupt in module Queue2_TLBundleA_a21d64s4k1z3u is either unconnected or has no load
WARNING: [Synth 8-7129] Port R0_en in module ram_2x101 is either unconnected or has no load
WARNING: [Synth 8-7129] Port R0_clk in module ram_2x101 is either unconnected or has no load
WARNING: [Synth 8-7129] Port R0_en in module ram_2x123 is either unconnected or has no load
WARNING: [Synth 8-7129] Port R0_clk in module ram_2x123 is either unconnected or has no load
WARNING: [Synth 8-7129] Port auto_in_a_bits_opcode[1] in module TLToAXI4_1 is either unconnected or has no load
WARNING: [Synth 8-7129] Port auto_in_a_bits_opcode[0] in module TLToAXI4_1 is either unconnected or has no load
WARNING: [Synth 8-7129] Port auto_out_b_bits_id[3] in module AXI4IdIndexer_1 is either unconnected or has no load
WARNING: [Synth 8-7129] Port auto_out_b_bits_id[2] in module AXI4IdIndexer_1 is either unconnected or has no load
WARNING: [Synth 8-7129] Port auto_out_r_bits_id[3] in module AXI4IdIndexer_1 is either unconnected or has no load
WARNING: [Synth 8-7129] Port auto_out_r_bits_id[2] in module AXI4IdIndexer_1 is either unconnected or has no load
WARNING: [Synth 8-7129] Port R0_en in module ram_16x46 is either unconnected or has no load
WARNING: [Synth 8-7129] Port R0_clk in module ram_16x46 is either unconnected or has no load
WARNING: [Synth 8-7129] Port R0_en in module ram_2x39 is either unconnected or has no load
WARNING: [Synth 8-7129] Port R0_clk in module ram_2x39 is either unconnected or has no load
WARNING: [Synth 8-7129] Port R0_en in module ram_2x60 is either unconnected or has no load
WARNING: [Synth 8-7129] Port R0_clk in module ram_2x60 is either unconnected or has no load
WARNING: [Synth 8-7129] Port R0_en in module ram_2x6 is either unconnected or has no load
WARNING: [Synth 8-7129] Port R0_clk in module ram_2x6 is either unconnected or has no load
WARNING: [Synth 8-7129] Port R0_en in module ram_2x37 is either unconnected or has no load
WARNING: [Synth 8-7129] Port R0_clk in module ram_2x37 is either unconnected or has no load
WARNING: [Synth 8-7129] Port auto_anon_in_1_c_bits_size[3] in module TLXbar_sbus_i2_o3_a32d64s3k3z4c is either unconnected or has no load
WARNING: [Synth 8-7129] Port gpio_0_pins_0_i_po in module ChipTop is either unconnected or has no load
WARNING: [Synth 8-7129] Port dp_audio_ref_clk in module zynq_ultra_ps_e_v3_3_6_zynq_ultra_ps_e is either unconnected or has no load
WARNING: [Synth 8-7129] Port irq_ipi_pl_0 in module zynq_ultra_ps_e_v3_3_6_zynq_ultra_ps_e is either unconnected or has no load
WARNING: [Synth 8-7129] Port irq_ipi_pl_1 in module zynq_ultra_ps_e_v3_3_6_zynq_ultra_ps_e is either unconnected or has no load
WARNING: [Synth 8-7129] Port irq_ipi_pl_2 in module zynq_ultra_ps_e_v3_3_6_zynq_ultra_ps_e is either unconnected or has no load
WARNING: [Synth 8-7129] Port irq_ipi_pl_3 in module zynq_ultra_ps_e_v3_3_6_zynq_ultra_ps_e is either unconnected or has no load
WARNING: [Synth 8-7129] Port saxihpc0_fpd_rclk in module zynq_ultra_ps_e_v3_3_6_zynq_ultra_ps_e is either unconnected or has no load
WARNING: [Synth 8-7129] Port saxihpc0_fpd_wclk in module zynq_ultra_ps_e_v3_3_6_zynq_ultra_ps_e is either unconnected or has no load
WARNING: [Synth 8-7129] Port saxihpc1_fpd_rclk in module zynq_ultra_ps_e_v3_3_6_zynq_ultra_ps_e is either unconnected or has no load
WARNING: [Synth 8-7129] Port saxihpc1_fpd_wclk in module zynq_ultra_ps_e_v3_3_6_zynq_ultra_ps_e is either unconnected or has no load
WARNING: [Synth 8-7129] Port saxihp0_fpd_rclk in module zynq_ultra_ps_e_v3_3_6_zynq_ultra_ps_e is either unconnected or has no load
WARNING: [Synth 8-7129] Port saxihp0_fpd_wclk in module zynq_ultra_ps_e_v3_3_6_zynq_ultra_ps_e is either unconnected or has no load
WARNING: [Synth 8-7129] Port saxihp1_fpd_rclk in module zynq_ultra_ps_e_v3_3_6_zynq_ultra_ps_e is either unconnected or has no load
WARNING: [Synth 8-7129] Port saxihp1_fpd_wclk in module zynq_ultra_ps_e_v3_3_6_zynq_ultra_ps_e is either unconnected or has no load
WARNING: [Synth 8-7129] Port saxihp2_fpd_rclk in module zynq_ultra_ps_e_v3_3_6_zynq_ultra_ps_e is either unconnected or has no load
WARNING: [Synth 8-7129] Port saxihp2_fpd_wclk in module zynq_ultra_ps_e_v3_3_6_zynq_ultra_ps_e is either unconnected or has no load
WARNING: [Synth 8-7129] Port saxihp3_fpd_rclk in module zynq_ultra_ps_e_v3_3_6_zynq_ultra_ps_e is either unconnected or has no load
WARNING: [Synth 8-7129] Port saxihp3_fpd_wclk in module zynq_ultra_ps_e_v3_3_6_zynq_ultra_ps_e is either unconnected or has no load
WARNING: [Synth 8-7129] Port saxi_lpd_rclk in module zynq_ultra_ps_e_v3_3_6_zynq_ultra_ps_e is either unconnected or has no load
WARNING: [Synth 8-7129] Port saxi_lpd_wclk in module zynq_ultra_ps_e_v3_3_6_zynq_ultra_ps_e is either unconnected or has no load
WARNING: [Synth 8-7129] Port sacefpd_awuser[15] in module zynq_ultra_ps_e_v3_3_6_zynq_ultra_ps_e is either unconnected or has no load
WARNING: [Synth 8-7129] Port sacefpd_awuser[14] in module zynq_ultra_ps_e_v3_3_6_zynq_ultra_ps_e is either unconnected or has no load
WARNING: [Synth 8-7129] Port sacefpd_awuser[13] in module zynq_ultra_ps_e_v3_3_6_zynq_ultra_ps_e is either unconnected or has no load
WARNING: [Synth 8-7129] Port sacefpd_awuser[12] in module zynq_ultra_ps_e_v3_3_6_zynq_ultra_ps_e is either unconnected or has no load
WARNING: [Synth 8-7129] Port sacefpd_awuser[11] in module zynq_ultra_ps_e_v3_3_6_zynq_ultra_ps_e is either unconnected or has no load
WARNING: [Synth 8-7129] Port sacefpd_awuser[10] in module zynq_ultra_ps_e_v3_3_6_zynq_ultra_ps_e is either unconnected or has no load
WARNING: [Synth 8-7129] Port sacefpd_awuser[9] in module zynq_ultra_ps_e_v3_3_6_zynq_ultra_ps_e is either unconnected or has no load
WARNING: [Synth 8-7129] Port sacefpd_awuser[8] in module zynq_ultra_ps_e_v3_3_6_zynq_ultra_ps_e is either unconnected or has no load
WARNING: [Synth 8-7129] Port sacefpd_awuser[7] in module zynq_ultra_ps_e_v3_3_6_zynq_ultra_ps_e is either unconnected or has no load
WARNING: [Synth 8-7129] Port sacefpd_awuser[6] in module zynq_ultra_ps_e_v3_3_6_zynq_ultra_ps_e is either unconnected or has no load
WARNING: [Synth 8-7129] Port sacefpd_aruser[15] in module zynq_ultra_ps_e_v3_3_6_zynq_ultra_ps_e is either unconnected or has no load
WARNING: [Synth 8-7129] Port sacefpd_aruser[14] in module zynq_ultra_ps_e_v3_3_6_zynq_ultra_ps_e is either unconnected or has no load
WARNING: [Synth 8-7129] Port sacefpd_aruser[13] in module zynq_ultra_ps_e_v3_3_6_zynq_ultra_ps_e is either unconnected or has no load
WARNING: [Synth 8-7129] Port sacefpd_aruser[12] in module zynq_ultra_ps_e_v3_3_6_zynq_ultra_ps_e is either unconnected or has no load
WARNING: [Synth 8-7129] Port sacefpd_aruser[11] in module zynq_ultra_ps_e_v3_3_6_zynq_ultra_ps_e is either unconnected or has no load
WARNING: [Synth 8-7129] Port sacefpd_aruser[10] in module zynq_ultra_ps_e_v3_3_6_zynq_ultra_ps_e is either unconnected or has no load
WARNING: [Synth 8-7129] Port sacefpd_aruser[9] in module zynq_ultra_ps_e_v3_3_6_zynq_ultra_ps_e is either unconnected or has no load
WARNING: [Synth 8-7129] Port sacefpd_aruser[8] in module zynq_ultra_ps_e_v3_3_6_zynq_ultra_ps_e is either unconnected or has no load
WARNING: [Synth 8-7129] Port sacefpd_aruser[7] in module zynq_ultra_ps_e_v3_3_6_zynq_ultra_ps_e is either unconnected or has no load
WARNING: [Synth 8-7129] Port sacefpd_aruser[6] in module zynq_ultra_ps_e_v3_3_6_zynq_ultra_ps_e is either unconnected or has no load
WARNING: [Synth 8-7129] Port test_adc_clk[3] in module zynq_ultra_ps_e_v3_3_6_zynq_ultra_ps_e is either unconnected or has no load
WARNING: [Synth 8-7129] Port test_adc_clk[2] in module zynq_ultra_ps_e_v3_3_6_zynq_ultra_ps_e is either unconnected or has no load
WARNING: [Synth 8-7129] Port test_adc_clk[1] in module zynq_ultra_ps_e_v3_3_6_zynq_ultra_ps_e is either unconnected or has no load
WARNING: [Synth 8-7129] Port test_adc_clk[0] in module zynq_ultra_ps_e_v3_3_6_zynq_ultra_ps_e is either unconnected or has no load
WARNING: [Synth 8-7129] Port test_adc_in[31] in module zynq_ultra_ps_e_v3_3_6_zynq_ultra_ps_e is either unconnected or has no load
WARNING: [Synth 8-7129] Port test_adc_in[30] in module zynq_ultra_ps_e_v3_3_6_zynq_ultra_ps_e is either unconnected or has no load
WARNING: [Synth 8-7129] Port test_adc_in[29] in module zynq_ultra_ps_e_v3_3_6_zynq_ultra_ps_e is either unconnected or has no load
WARNING: [Synth 8-7129] Port test_adc_in[28] in module zynq_ultra_ps_e_v3_3_6_zynq_ultra_ps_e is either unconnected or has no load
WARNING: [Synth 8-7129] Port test_adc_in[27] in module zynq_ultra_ps_e_v3_3_6_zynq_ultra_ps_e is either unconnected or has no load
WARNING: [Synth 8-7129] Port test_adc_in[26] in module zynq_ultra_ps_e_v3_3_6_zynq_ultra_ps_e is either unconnected or has no load
WARNING: [Synth 8-7129] Port test_adc_in[25] in module zynq_ultra_ps_e_v3_3_6_zynq_ultra_ps_e is either unconnected or has no load
WARNING: [Synth 8-7129] Port test_adc_in[24] in module zynq_ultra_ps_e_v3_3_6_zynq_ultra_ps_e is either unconnected or has no load
WARNING: [Synth 8-7129] Port test_adc_in[23] in module zynq_ultra_ps_e_v3_3_6_zynq_ultra_ps_e is either unconnected or has no load
WARNING: [Synth 8-7129] Port test_adc_in[22] in module zynq_ultra_ps_e_v3_3_6_zynq_ultra_ps_e is either unconnected or has no load
WARNING: [Synth 8-7129] Port test_adc_in[21] in module zynq_ultra_ps_e_v3_3_6_zynq_ultra_ps_e is either unconnected or has no load
WARNING: [Synth 8-7129] Port test_adc_in[20] in module zynq_ultra_ps_e_v3_3_6_zynq_ultra_ps_e is either unconnected or has no load
WARNING: [Synth 8-7129] Port test_adc_in[19] in module zynq_ultra_ps_e_v3_3_6_zynq_ultra_ps_e is either unconnected or has no load
WARNING: [Synth 8-7129] Port test_adc_in[18] in module zynq_ultra_ps_e_v3_3_6_zynq_ultra_ps_e is either unconnected or has no load
WARNING: [Synth 8-7129] Port test_adc_in[17] in module zynq_ultra_ps_e_v3_3_6_zynq_ultra_ps_e is either unconnected or has no load
WARNING: [Synth 8-7129] Port test_adc_in[16] in module zynq_ultra_ps_e_v3_3_6_zynq_ultra_ps_e is either unconnected or has no load
WARNING: [Synth 8-7129] Port test_adc_in[15] in module zynq_ultra_ps_e_v3_3_6_zynq_ultra_ps_e is either unconnected or has no load
WARNING: [Synth 8-7129] Port test_adc_in[14] in module zynq_ultra_ps_e_v3_3_6_zynq_ultra_ps_e is either unconnected or has no load
WARNING: [Synth 8-7129] Port test_adc_in[13] in module zynq_ultra_ps_e_v3_3_6_zynq_ultra_ps_e is either unconnected or has no load
WARNING: [Synth 8-7129] Port test_adc_in[12] in module zynq_ultra_ps_e_v3_3_6_zynq_ultra_ps_e is either unconnected or has no load
WARNING: [Synth 8-7129] Port test_adc_in[11] in module zynq_ultra_ps_e_v3_3_6_zynq_ultra_ps_e is either unconnected or has no load
WARNING: [Synth 8-7129] Port test_adc_in[10] in module zynq_ultra_ps_e_v3_3_6_zynq_ultra_ps_e is either unconnected or has no load
WARNING: [Synth 8-7129] Port test_adc_in[9] in module zynq_ultra_ps_e_v3_3_6_zynq_ultra_ps_e is either unconnected or has no load
WARNING: [Synth 8-7129] Port test_adc_in[8] in module zynq_ultra_ps_e_v3_3_6_zynq_ultra_ps_e is either unconnected or has no load
WARNING: [Synth 8-7129] Port test_adc_in[7] in module zynq_ultra_ps_e_v3_3_6_zynq_ultra_ps_e is either unconnected or has no load
WARNING: [Synth 8-7129] Port test_adc_in[6] in module zynq_ultra_ps_e_v3_3_6_zynq_ultra_ps_e is either unconnected or has no load
WARNING: [Synth 8-7129] Port test_adc_in[5] in module zynq_ultra_ps_e_v3_3_6_zynq_ultra_ps_e is either unconnected or has no load
WARNING: [Synth 8-7129] Port test_adc_in[4] in module zynq_ultra_ps_e_v3_3_6_zynq_ultra_ps_e is either unconnected or has no load
WARNING: [Synth 8-7129] Port test_adc_in[3] in module zynq_ultra_ps_e_v3_3_6_zynq_ultra_ps_e is either unconnected or has no load
WARNING: [Synth 8-7129] Port test_adc_in[2] in module zynq_ultra_ps_e_v3_3_6_zynq_ultra_ps_e is either unconnected or has no load
WARNING: [Synth 8-7129] Port test_adc_in[1] in module zynq_ultra_ps_e_v3_3_6_zynq_ultra_ps_e is either unconnected or has no load
WARNING: [Synth 8-7129] Port test_adc_in[0] in module zynq_ultra_ps_e_v3_3_6_zynq_ultra_ps_e is either unconnected or has no load
WARNING: [Synth 8-7129] Port test_adc2_in[31] in module zynq_ultra_ps_e_v3_3_6_zynq_ultra_ps_e is either unconnected or has no load
WARNING: [Synth 8-7129] Port test_adc2_in[30] in module zynq_ultra_ps_e_v3_3_6_zynq_ultra_ps_e is either unconnected or has no load
WARNING: [Synth 8-7129] Port test_adc2_in[29] in module zynq_ultra_ps_e_v3_3_6_zynq_ultra_ps_e is either unconnected or has no load
WARNING: [Synth 8-7129] Port test_adc2_in[28] in module zynq_ultra_ps_e_v3_3_6_zynq_ultra_ps_e is either unconnected or has no load
WARNING: [Synth 8-7129] Port test_adc2_in[27] in module zynq_ultra_ps_e_v3_3_6_zynq_ultra_ps_e is either unconnected or has no load
WARNING: [Synth 8-7129] Port test_adc2_in[26] in module zynq_ultra_ps_e_v3_3_6_zynq_ultra_ps_e is either unconnected or has no load
WARNING: [Synth 8-7129] Port test_adc2_in[25] in module zynq_ultra_ps_e_v3_3_6_zynq_ultra_ps_e is either unconnected or has no load
WARNING: [Synth 8-7129] Port test_adc2_in[24] in module zynq_ultra_ps_e_v3_3_6_zynq_ultra_ps_e is either unconnected or has no load
WARNING: [Synth 8-7129] Port test_adc2_in[23] in module zynq_ultra_ps_e_v3_3_6_zynq_ultra_ps_e is either unconnected or has no load
WARNING: [Synth 8-7129] Port test_adc2_in[22] in module zynq_ultra_ps_e_v3_3_6_zynq_ultra_ps_e is either unconnected or has no load
WARNING: [Synth 8-7129] Port test_adc2_in[21] in module zynq_ultra_ps_e_v3_3_6_zynq_ultra_ps_e is either unconnected or has no load
WARNING: [Synth 8-7129] Port test_adc2_in[20] in module zynq_ultra_ps_e_v3_3_6_zynq_ultra_ps_e is either unconnected or has no load
WARNING: [Synth 8-7129] Port test_adc2_in[19] in module zynq_ultra_ps_e_v3_3_6_zynq_ultra_ps_e is either unconnected or has no load
WARNING: [Synth 8-7129] Port test_adc2_in[18] in module zynq_ultra_ps_e_v3_3_6_zynq_ultra_ps_e is either unconnected or has no load
WARNING: [Synth 8-7129] Port test_adc2_in[17] in module zynq_ultra_ps_e_v3_3_6_zynq_ultra_ps_e is either unconnected or has no load
WARNING: [Synth 8-7129] Port test_adc2_in[16] in module zynq_ultra_ps_e_v3_3_6_zynq_ultra_ps_e is either unconnected or has no load
WARNING: [Synth 8-7129] Port test_adc2_in[15] in module zynq_ultra_ps_e_v3_3_6_zynq_ultra_ps_e is either unconnected or has no load
WARNING: [Synth 8-7129] Port test_adc2_in[14] in module zynq_ultra_ps_e_v3_3_6_zynq_ultra_ps_e is either unconnected or has no load
WARNING: [Synth 8-7129] Port test_adc2_in[13] in module zynq_ultra_ps_e_v3_3_6_zynq_ultra_ps_e is either unconnected or has no load
WARNING: [Synth 8-7129] Port test_adc2_in[12] in module zynq_ultra_ps_e_v3_3_6_zynq_ultra_ps_e is either unconnected or has no load
WARNING: [Synth 8-7129] Port test_adc2_in[11] in module zynq_ultra_ps_e_v3_3_6_zynq_ultra_ps_e is either unconnected or has no load
WARNING: [Synth 8-7129] Port test_adc2_in[10] in module zynq_ultra_ps_e_v3_3_6_zynq_ultra_ps_e is either unconnected or has no load
WARNING: [Synth 8-7129] Port test_adc2_in[9] in module zynq_ultra_ps_e_v3_3_6_zynq_ultra_ps_e is either unconnected or has no load
WARNING: [Synth 8-7129] Port test_adc2_in[8] in module zynq_ultra_ps_e_v3_3_6_zynq_ultra_ps_e is either unconnected or has no load
WARNING: [Synth 8-7129] Port test_adc2_in[7] in module zynq_ultra_ps_e_v3_3_6_zynq_ultra_ps_e is either unconnected or has no load
WARNING: [Synth 8-7129] Port test_adc2_in[6] in module zynq_ultra_ps_e_v3_3_6_zynq_ultra_ps_e is either unconnected or has no load
WARNING: [Synth 8-7129] Port test_adc2_in[5] in module zynq_ultra_ps_e_v3_3_6_zynq_ultra_ps_e is either unconnected or has no load
WARNING: [Synth 8-7129] Port test_adc2_in[4] in module zynq_ultra_ps_e_v3_3_6_zynq_ultra_ps_e is either unconnected or has no load
WARNING: [Synth 8-7129] Port test_adc2_in[3] in module zynq_ultra_ps_e_v3_3_6_zynq_ultra_ps_e is either unconnected or has no load
WARNING: [Synth 8-7129] Port test_adc2_in[2] in module zynq_ultra_ps_e_v3_3_6_zynq_ultra_ps_e is either unconnected or has no load
WARNING: [Synth 8-7129] Port test_adc2_in[1] in module zynq_ultra_ps_e_v3_3_6_zynq_ultra_ps_e is either unconnected or has no load
WARNING: [Synth 8-7129] Port test_adc2_in[0] in module zynq_ultra_ps_e_v3_3_6_zynq_ultra_ps_e is either unconnected or has no load
WARNING: [Synth 8-7129] Port test_dclk in module zynq_ultra_ps_e_v3_3_6_zynq_ultra_ps_e is either unconnected or has no load
WARNING: [Synth 8-7129] Port test_den in module zynq_ultra_ps_e_v3_3_6_zynq_ultra_ps_e is either unconnected or has no load
WARNING: [Synth 8-7129] Port test_dwe in module zynq_ultra_ps_e_v3_3_6_zynq_ultra_ps_e is either unconnected or has no load
WARNING: [Synth 8-7129] Port test_daddr[7] in module zynq_ultra_ps_e_v3_3_6_zynq_ultra_ps_e is either unconnected or has no load
WARNING: [Synth 8-7129] Port test_daddr[6] in module zynq_ultra_ps_e_v3_3_6_zynq_ultra_ps_e is either unconnected or has no load
WARNING: [Synth 8-7129] Port test_daddr[5] in module zynq_ultra_ps_e_v3_3_6_zynq_ultra_ps_e is either unconnected or has no load
WARNING: [Synth 8-7129] Port test_daddr[4] in module zynq_ultra_ps_e_v3_3_6_zynq_ultra_ps_e is either unconnected or has no load
WARNING: [Synth 8-7129] Port test_daddr[3] in module zynq_ultra_ps_e_v3_3_6_zynq_ultra_ps_e is either unconnected or has no load
WARNING: [Synth 8-7129] Port test_daddr[2] in module zynq_ultra_ps_e_v3_3_6_zynq_ultra_ps_e is either unconnected or has no load
WARNING: [Synth 8-7129] Port test_daddr[1] in module zynq_ultra_ps_e_v3_3_6_zynq_ultra_ps_e is either unconnected or has no load
WARNING: [Synth 8-7129] Port test_daddr[0] in module zynq_ultra_ps_e_v3_3_6_zynq_ultra_ps_e is either unconnected or has no load
WARNING: [Synth 8-7129] Port test_di[15] in module zynq_ultra_ps_e_v3_3_6_zynq_ultra_ps_e is either unconnected or has no load
WARNING: [Synth 8-7129] Port test_di[14] in module zynq_ultra_ps_e_v3_3_6_zynq_ultra_ps_e is either unconnected or has no load
WARNING: [Synth 8-7129] Port test_di[13] in module zynq_ultra_ps_e_v3_3_6_zynq_ultra_ps_e is either unconnected or has no load
WARNING: [Synth 8-7129] Port test_di[12] in module zynq_ultra_ps_e_v3_3_6_zynq_ultra_ps_e is either unconnected or has no load
WARNING: [Synth 8-7129] Port test_di[11] in module zynq_ultra_ps_e_v3_3_6_zynq_ultra_ps_e is either unconnected or has no load
WARNING: [Synth 8-7129] Port test_di[10] in module zynq_ultra_ps_e_v3_3_6_zynq_ultra_ps_e is either unconnected or has no load
WARNING: [Synth 8-7129] Port test_di[9] in module zynq_ultra_ps_e_v3_3_6_zynq_ultra_ps_e is either unconnected or has no load
WARNING: [Synth 8-7129] Port test_di[8] in module zynq_ultra_ps_e_v3_3_6_zynq_ultra_ps_e is either unconnected or has no load
WARNING: [Synth 8-7129] Port test_di[7] in module zynq_ultra_ps_e_v3_3_6_zynq_ultra_ps_e is either unconnected or has no load
WARNING: [Synth 8-7129] Port test_di[6] in module zynq_ultra_ps_e_v3_3_6_zynq_ultra_ps_e is either unconnected or has no load
WARNING: [Synth 8-7129] Port test_di[5] in module zynq_ultra_ps_e_v3_3_6_zynq_ultra_ps_e is either unconnected or has no load
WARNING: [Synth 8-7129] Port test_di[4] in module zynq_ultra_ps_e_v3_3_6_zynq_ultra_ps_e is either unconnected or has no load
WARNING: [Synth 8-7129] Port test_di[3] in module zynq_ultra_ps_e_v3_3_6_zynq_ultra_ps_e is either unconnected or has no load
WARNING: [Synth 8-7129] Port test_di[2] in module zynq_ultra_ps_e_v3_3_6_zynq_ultra_ps_e is either unconnected or has no load
WARNING: [Synth 8-7129] Port test_di[1] in module zynq_ultra_ps_e_v3_3_6_zynq_ultra_ps_e is either unconnected or has no load
WARNING: [Synth 8-7129] Port test_di[0] in module zynq_ultra_ps_e_v3_3_6_zynq_ultra_ps_e is either unconnected or has no load
WARNING: [Synth 8-7129] Port test_convst in module zynq_ultra_ps_e_v3_3_6_zynq_ultra_ps_e is either unconnected or has no load
WARNING: [Synth 8-7129] Port pstp_pl_clk[3] in module zynq_ultra_ps_e_v3_3_6_zynq_ultra_ps_e is either unconnected or has no load
WARNING: [Synth 8-7129] Port pstp_pl_clk[2] in module zynq_ultra_ps_e_v3_3_6_zynq_ultra_ps_e is either unconnected or has no load
WARNING: [Synth 8-7129] Port pstp_pl_clk[1] in module zynq_ultra_ps_e_v3_3_6_zynq_ultra_ps_e is either unconnected or has no load
WARNING: [Synth 8-7129] Port pstp_pl_clk[0] in module zynq_ultra_ps_e_v3_3_6_zynq_ultra_ps_e is either unconnected or has no load
WARNING: [Synth 8-7129] Port pstp_pl_in[31] in module zynq_ultra_ps_e_v3_3_6_zynq_ultra_ps_e is either unconnected or has no load
WARNING: [Synth 8-7129] Port pstp_pl_in[30] in module zynq_ultra_ps_e_v3_3_6_zynq_ultra_ps_e is either unconnected or has no load
WARNING: [Synth 8-7129] Port pstp_pl_in[29] in module zynq_ultra_ps_e_v3_3_6_zynq_ultra_ps_e is either unconnected or has no load
WARNING: [Synth 8-7129] Port pstp_pl_in[28] in module zynq_ultra_ps_e_v3_3_6_zynq_ultra_ps_e is either unconnected or has no load
WARNING: [Synth 8-7129] Port pstp_pl_in[27] in module zynq_ultra_ps_e_v3_3_6_zynq_ultra_ps_e is either unconnected or has no load
WARNING: [Synth 8-7129] Port pstp_pl_in[26] in module zynq_ultra_ps_e_v3_3_6_zynq_ultra_ps_e is either unconnected or has no load
WARNING: [Synth 8-7129] Port pstp_pl_in[25] in module zynq_ultra_ps_e_v3_3_6_zynq_ultra_ps_e is either unconnected or has no load
WARNING: [Synth 8-7129] Port pstp_pl_in[24] in module zynq_ultra_ps_e_v3_3_6_zynq_ultra_ps_e is either unconnected or has no load
WARNING: [Synth 8-7129] Port pstp_pl_in[23] in module zynq_ultra_ps_e_v3_3_6_zynq_ultra_ps_e is either unconnected or has no load
WARNING: [Synth 8-7129] Port pstp_pl_in[22] in module zynq_ultra_ps_e_v3_3_6_zynq_ultra_ps_e is either unconnected or has no load
WARNING: [Synth 8-7129] Port pstp_pl_in[21] in module zynq_ultra_ps_e_v3_3_6_zynq_ultra_ps_e is either unconnected or has no load
WARNING: [Synth 8-7129] Port pstp_pl_in[20] in module zynq_ultra_ps_e_v3_3_6_zynq_ultra_ps_e is either unconnected or has no load
WARNING: [Synth 8-7129] Port pstp_pl_in[19] in module zynq_ultra_ps_e_v3_3_6_zynq_ultra_ps_e is either unconnected or has no load
WARNING: [Synth 8-7129] Port pstp_pl_in[18] in module zynq_ultra_ps_e_v3_3_6_zynq_ultra_ps_e is either unconnected or has no load
WARNING: [Synth 8-7129] Port pstp_pl_in[17] in module zynq_ultra_ps_e_v3_3_6_zynq_ultra_ps_e is either unconnected or has no load
WARNING: [Synth 8-7129] Port pstp_pl_in[16] in module zynq_ultra_ps_e_v3_3_6_zynq_ultra_ps_e is either unconnected or has no load
WARNING: [Synth 8-7129] Port pstp_pl_in[15] in module zynq_ultra_ps_e_v3_3_6_zynq_ultra_ps_e is either unconnected or has no load
WARNING: [Synth 8-7129] Port pstp_pl_in[14] in module zynq_ultra_ps_e_v3_3_6_zynq_ultra_ps_e is either unconnected or has no load
WARNING: [Synth 8-7129] Port pstp_pl_in[13] in module zynq_ultra_ps_e_v3_3_6_zynq_ultra_ps_e is either unconnected or has no load
WARNING: [Synth 8-7129] Port pstp_pl_in[12] in module zynq_ultra_ps_e_v3_3_6_zynq_ultra_ps_e is either unconnected or has no load
WARNING: [Synth 8-7129] Port pstp_pl_in[11] in module zynq_ultra_ps_e_v3_3_6_zynq_ultra_ps_e is either unconnected or has no load
WARNING: [Synth 8-7129] Port pstp_pl_in[10] in module zynq_ultra_ps_e_v3_3_6_zynq_ultra_ps_e is either unconnected or has no load
WARNING: [Synth 8-7129] Port pstp_pl_in[9] in module zynq_ultra_ps_e_v3_3_6_zynq_ultra_ps_e is either unconnected or has no load
WARNING: [Synth 8-7129] Port pstp_pl_in[8] in module zynq_ultra_ps_e_v3_3_6_zynq_ultra_ps_e is either unconnected or has no load
WARNING: [Synth 8-7129] Port pstp_pl_in[7] in module zynq_ultra_ps_e_v3_3_6_zynq_ultra_ps_e is either unconnected or has no load
WARNING: [Synth 8-7129] Port pstp_pl_in[6] in module zynq_ultra_ps_e_v3_3_6_zynq_ultra_ps_e is either unconnected or has no load
WARNING: [Synth 8-7129] Port pstp_pl_in[5] in module zynq_ultra_ps_e_v3_3_6_zynq_ultra_ps_e is either unconnected or has no load
WARNING: [Synth 8-7129] Port pstp_pl_in[4] in module zynq_ultra_ps_e_v3_3_6_zynq_ultra_ps_e is either unconnected or has no load
WARNING: [Synth 8-7129] Port pstp_pl_in[3] in module zynq_ultra_ps_e_v3_3_6_zynq_ultra_ps_e is either unconnected or has no load
WARNING: [Synth 8-7129] Port pstp_pl_in[2] in module zynq_ultra_ps_e_v3_3_6_zynq_ultra_ps_e is either unconnected or has no load
WARNING: [Synth 8-7129] Port pstp_pl_in[1] in module zynq_ultra_ps_e_v3_3_6_zynq_ultra_ps_e is either unconnected or has no load
WARNING: [Synth 8-7129] Port pstp_pl_in[0] in module zynq_ultra_ps_e_v3_3_6_zynq_ultra_ps_e is either unconnected or has no load
WARNING: [Synth 8-7129] Port pstp_pl_ts[31] in module zynq_ultra_ps_e_v3_3_6_zynq_ultra_ps_e is either unconnected or has no load
WARNING: [Synth 8-7129] Port pstp_pl_ts[30] in module zynq_ultra_ps_e_v3_3_6_zynq_ultra_ps_e is either unconnected or has no load
WARNING: [Synth 8-7129] Port pstp_pl_ts[29] in module zynq_ultra_ps_e_v3_3_6_zynq_ultra_ps_e is either unconnected or has no load
WARNING: [Synth 8-7129] Port pstp_pl_ts[28] in module zynq_ultra_ps_e_v3_3_6_zynq_ultra_ps_e is either unconnected or has no load
WARNING: [Synth 8-7129] Port pstp_pl_ts[27] in module zynq_ultra_ps_e_v3_3_6_zynq_ultra_ps_e is either unconnected or has no load
WARNING: [Synth 8-7129] Port pstp_pl_ts[26] in module zynq_ultra_ps_e_v3_3_6_zynq_ultra_ps_e is either unconnected or has no load
WARNING: [Synth 8-7129] Port pstp_pl_ts[25] in module zynq_ultra_ps_e_v3_3_6_zynq_ultra_ps_e is either unconnected or has no load
WARNING: [Synth 8-7129] Port pstp_pl_ts[24] in module zynq_ultra_ps_e_v3_3_6_zynq_ultra_ps_e is either unconnected or has no load
WARNING: [Synth 8-7129] Port pstp_pl_ts[23] in module zynq_ultra_ps_e_v3_3_6_zynq_ultra_ps_e is either unconnected or has no load
WARNING: [Synth 8-7129] Port pstp_pl_ts[22] in module zynq_ultra_ps_e_v3_3_6_zynq_ultra_ps_e is either unconnected or has no load
WARNING: [Synth 8-7129] Port pstp_pl_ts[21] in module zynq_ultra_ps_e_v3_3_6_zynq_ultra_ps_e is either unconnected or has no load
WARNING: [Synth 8-7129] Port pstp_pl_ts[20] in module zynq_ultra_ps_e_v3_3_6_zynq_ultra_ps_e is either unconnected or has no load
WARNING: [Synth 8-7129] Port pstp_pl_ts[19] in module zynq_ultra_ps_e_v3_3_6_zynq_ultra_ps_e is either unconnected or has no load
WARNING: [Synth 8-7129] Port pstp_pl_ts[18] in module zynq_ultra_ps_e_v3_3_6_zynq_ultra_ps_e is either unconnected or has no load
WARNING: [Synth 8-7129] Port pstp_pl_ts[17] in module zynq_ultra_ps_e_v3_3_6_zynq_ultra_ps_e is either unconnected or has no load
WARNING: [Synth 8-7129] Port pstp_pl_ts[16] in module zynq_ultra_ps_e_v3_3_6_zynq_ultra_ps_e is either unconnected or has no load
WARNING: [Synth 8-7129] Port pstp_pl_ts[15] in module zynq_ultra_ps_e_v3_3_6_zynq_ultra_ps_e is either unconnected or has no load
WARNING: [Synth 8-7129] Port pstp_pl_ts[14] in module zynq_ultra_ps_e_v3_3_6_zynq_ultra_ps_e is either unconnected or has no load
WARNING: [Synth 8-7129] Port pstp_pl_ts[13] in module zynq_ultra_ps_e_v3_3_6_zynq_ultra_ps_e is either unconnected or has no load
WARNING: [Synth 8-7129] Port pstp_pl_ts[12] in module zynq_ultra_ps_e_v3_3_6_zynq_ultra_ps_e is either unconnected or has no load
WARNING: [Synth 8-7129] Port pstp_pl_ts[11] in module zynq_ultra_ps_e_v3_3_6_zynq_ultra_ps_e is either unconnected or has no load
WARNING: [Synth 8-7129] Port pstp_pl_ts[10] in module zynq_ultra_ps_e_v3_3_6_zynq_ultra_ps_e is either unconnected or has no load
WARNING: [Synth 8-7129] Port pstp_pl_ts[9] in module zynq_ultra_ps_e_v3_3_6_zynq_ultra_ps_e is either unconnected or has no load
WARNING: [Synth 8-7129] Port pstp_pl_ts[8] in module zynq_ultra_ps_e_v3_3_6_zynq_ultra_ps_e is either unconnected or has no load
WARNING: [Synth 8-7129] Port pstp_pl_ts[7] in module zynq_ultra_ps_e_v3_3_6_zynq_ultra_ps_e is either unconnected or has no load
WARNING: [Synth 8-7129] Port pstp_pl_ts[6] in module zynq_ultra_ps_e_v3_3_6_zynq_ultra_ps_e is either unconnected or has no load
WARNING: [Synth 8-7129] Port pstp_pl_ts[5] in module zynq_ultra_ps_e_v3_3_6_zynq_ultra_ps_e is either unconnected or has no load
WARNING: [Synth 8-7129] Port pstp_pl_ts[4] in module zynq_ultra_ps_e_v3_3_6_zynq_ultra_ps_e is either unconnected or has no load
WARNING: [Synth 8-7129] Port pstp_pl_ts[3] in module zynq_ultra_ps_e_v3_3_6_zynq_ultra_ps_e is either unconnected or has no load
WARNING: [Synth 8-7129] Port pstp_pl_ts[2] in module zynq_ultra_ps_e_v3_3_6_zynq_ultra_ps_e is either unconnected or has no load
WARNING: [Synth 8-7129] Port pstp_pl_ts[1] in module zynq_ultra_ps_e_v3_3_6_zynq_ultra_ps_e is either unconnected or has no load
WARNING: [Synth 8-7129] Port pstp_pl_ts[0] in module zynq_ultra_ps_e_v3_3_6_zynq_ultra_ps_e is either unconnected or has no load
WARNING: [Synth 8-7129] Port fmio_test_gem_scanmux_1 in module zynq_ultra_ps_e_v3_3_6_zynq_ultra_ps_e is either unconnected or has no load
WARNING: [Synth 8-7129] Port fmio_test_gem_scanmux_2 in module zynq_ultra_ps_e_v3_3_6_zynq_ultra_ps_e is either unconnected or has no load
WARNING: [Synth 8-7129] Port test_char_mode_fpd_n in module zynq_ultra_ps_e_v3_3_6_zynq_ultra_ps_e is either unconnected or has no load
WARNING: [Synth 8-7129] Port test_char_mode_lpd_n in module zynq_ultra_ps_e_v3_3_6_zynq_ultra_ps_e is either unconnected or has no load
WARNING: [Synth 8-7129] Port fmio_test_io_char_scan_clock in module zynq_ultra_ps_e_v3_3_6_zynq_ultra_ps_e is either unconnected or has no load
WARNING: [Synth 8-7129] Port fmio_test_io_char_scanenable in module zynq_ultra_ps_e_v3_3_6_zynq_ultra_ps_e is either unconnected or has no load
WARNING: [Synth 8-7129] Port fmio_test_io_char_scan_in in module zynq_ultra_ps_e_v3_3_6_zynq_ultra_ps_e is either unconnected or has no load
WARNING: [Synth 8-7129] Port fmio_test_io_char_scan_reset_n in module zynq_ultra_ps_e_v3_3_6_zynq_ultra_ps_e is either unconnected or has no load
WARNING: [Synth 8-7129] Port fmio_char_afifslpd_test_select_n in module zynq_ultra_ps_e_v3_3_6_zynq_ultra_ps_e is either unconnected or has no load
WARNING: [Synth 8-7129] Port fmio_char_afifslpd_test_input in module zynq_ultra_ps_e_v3_3_6_zynq_ultra_ps_e is either unconnected or has no load
WARNING: [Synth 8-7129] Port fmio_char_afifsfpd_test_select_n in module zynq_ultra_ps_e_v3_3_6_zynq_ultra_ps_e is either unconnected or has no load
WARNING: [Synth 8-7129] Port fmio_char_afifsfpd_test_input in module zynq_ultra_ps_e_v3_3_6_zynq_ultra_ps_e is either unconnected or has no load
WARNING: [Synth 8-7129] Port io_char_audio_in_test_data in module zynq_ultra_ps_e_v3_3_6_zynq_ultra_ps_e is either unconnected or has no load
WARNING: [Synth 8-7129] Port io_char_audio_mux_sel_n in module zynq_ultra_ps_e_v3_3_6_zynq_ultra_ps_e is either unconnected or has no load
WARNING: [Synth 8-7129] Port io_char_video_in_test_data in module zynq_ultra_ps_e_v3_3_6_zynq_ultra_ps_e is either unconnected or has no load
WARNING: [Synth 8-7129] Port io_char_video_mux_sel_n in module zynq_ultra_ps_e_v3_3_6_zynq_ultra_ps_e is either unconnected or has no load
WARNING: [Synth 8-7129] Port fmio_test_qspi_scanmux_1_n in module zynq_ultra_ps_e_v3_3_6_zynq_ultra_ps_e is either unconnected or has no load
WARNING: [Synth 8-7129] Port fmio_test_sdio_scanmux_1 in module zynq_ultra_ps_e_v3_3_6_zynq_ultra_ps_e is either unconnected or has no load
WARNING: [Synth 8-7129] Port fmio_test_sdio_scanmux_2 in module zynq_ultra_ps_e_v3_3_6_zynq_ultra_ps_e is either unconnected or has no load
WARNING: [Synth 8-7129] Port fmio_sd0_dll_test_in_n[3] in module zynq_ultra_ps_e_v3_3_6_zynq_ultra_ps_e is either unconnected or has no load
WARNING: [Synth 8-7129] Port fmio_sd0_dll_test_in_n[2] in module zynq_ultra_ps_e_v3_3_6_zynq_ultra_ps_e is either unconnected or has no load
WARNING: [Synth 8-7129] Port fmio_sd0_dll_test_in_n[1] in module zynq_ultra_ps_e_v3_3_6_zynq_ultra_ps_e is either unconnected or has no load
WARNING: [Synth 8-7129] Port fmio_sd0_dll_test_in_n[0] in module zynq_ultra_ps_e_v3_3_6_zynq_ultra_ps_e is either unconnected or has no load
WARNING: [Synth 8-7129] Port fmio_sd1_dll_test_in_n[3] in module zynq_ultra_ps_e_v3_3_6_zynq_ultra_ps_e is either unconnected or has no load
WARNING: [Synth 8-7129] Port fmio_sd1_dll_test_in_n[2] in module zynq_ultra_ps_e_v3_3_6_zynq_ultra_ps_e is either unconnected or has no load
WARNING: [Synth 8-7129] Port fmio_sd1_dll_test_in_n[1] in module zynq_ultra_ps_e_v3_3_6_zynq_ultra_ps_e is either unconnected or has no load
WARNING: [Synth 8-7129] Port fmio_sd1_dll_test_in_n[0] in module zynq_ultra_ps_e_v3_3_6_zynq_ultra_ps_e is either unconnected or has no load
WARNING: [Synth 8-7129] Port test_pl_scan_chopper_si in module zynq_ultra_ps_e_v3_3_6_zynq_ultra_ps_e is either unconnected or has no load
WARNING: [Synth 8-7129] Port test_pl_scan_chopper_trig in module zynq_ultra_ps_e_v3_3_6_zynq_ultra_ps_e is either unconnected or has no load
WARNING: [Synth 8-7129] Port test_pl_scan_clk0 in module zynq_ultra_ps_e_v3_3_6_zynq_ultra_ps_e is either unconnected or has no load
WARNING: [Synth 8-7129] Port test_pl_scan_clk1 in module zynq_ultra_ps_e_v3_3_6_zynq_ultra_ps_e is either unconnected or has no load
WARNING: [Synth 8-7129] Port test_pl_scan_edt_clk in module zynq_ultra_ps_e_v3_3_6_zynq_ultra_ps_e is either unconnected or has no load
WARNING: [Synth 8-7129] Port test_pl_scan_edt_in_apu in module zynq_ultra_ps_e_v3_3_6_zynq_ultra_ps_e is either unconnected or has no load
WARNING: [Synth 8-7129] Port test_pl_scan_edt_in_cpu in module zynq_ultra_ps_e_v3_3_6_zynq_ultra_ps_e is either unconnected or has no load
WARNING: [Synth 8-7129] Port test_pl_scan_edt_in_ddr[3] in module zynq_ultra_ps_e_v3_3_6_zynq_ultra_ps_e is either unconnected or has no load
WARNING: [Synth 8-7129] Port test_pl_scan_edt_in_ddr[2] in module zynq_ultra_ps_e_v3_3_6_zynq_ultra_ps_e is either unconnected or has no load
WARNING: [Synth 8-7129] Port test_pl_scan_edt_in_ddr[1] in module zynq_ultra_ps_e_v3_3_6_zynq_ultra_ps_e is either unconnected or has no load
WARNING: [Synth 8-7129] Port test_pl_scan_edt_in_ddr[0] in module zynq_ultra_ps_e_v3_3_6_zynq_ultra_ps_e is either unconnected or has no load
WARNING: [Synth 8-7129] Port test_pl_scan_edt_in_fp[9] in module zynq_ultra_ps_e_v3_3_6_zynq_ultra_ps_e is either unconnected or has no load
WARNING: [Synth 8-7129] Port test_pl_scan_edt_in_fp[8] in module zynq_ultra_ps_e_v3_3_6_zynq_ultra_ps_e is either unconnected or has no load
WARNING: [Synth 8-7129] Port test_pl_scan_edt_in_fp[7] in module zynq_ultra_ps_e_v3_3_6_zynq_ultra_ps_e is either unconnected or has no load
WARNING: [Synth 8-7129] Port test_pl_scan_edt_in_fp[6] in module zynq_ultra_ps_e_v3_3_6_zynq_ultra_ps_e is either unconnected or has no load
WARNING: [Synth 8-7129] Port test_pl_scan_edt_in_fp[5] in module zynq_ultra_ps_e_v3_3_6_zynq_ultra_ps_e is either unconnected or has no load
WARNING: [Synth 8-7129] Port test_pl_scan_edt_in_fp[4] in module zynq_ultra_ps_e_v3_3_6_zynq_ultra_ps_e is either unconnected or has no load
WARNING: [Synth 8-7129] Port test_pl_scan_edt_in_fp[3] in module zynq_ultra_ps_e_v3_3_6_zynq_ultra_ps_e is either unconnected or has no load
WARNING: [Synth 8-7129] Port test_pl_scan_edt_in_fp[2] in module zynq_ultra_ps_e_v3_3_6_zynq_ultra_ps_e is either unconnected or has no load
WARNING: [Synth 8-7129] Port test_pl_scan_edt_in_fp[1] in module zynq_ultra_ps_e_v3_3_6_zynq_ultra_ps_e is either unconnected or has no load
WARNING: [Synth 8-7129] Port test_pl_scan_edt_in_fp[0] in module zynq_ultra_ps_e_v3_3_6_zynq_ultra_ps_e is either unconnected or has no load
WARNING: [Synth 8-7129] Port test_pl_scan_edt_in_gpu[3] in module zynq_ultra_ps_e_v3_3_6_zynq_ultra_ps_e is either unconnected or has no load
WARNING: [Synth 8-7129] Port test_pl_scan_edt_in_gpu[2] in module zynq_ultra_ps_e_v3_3_6_zynq_ultra_ps_e is either unconnected or has no load
WARNING: [Synth 8-7129] Port test_pl_scan_edt_in_gpu[1] in module zynq_ultra_ps_e_v3_3_6_zynq_ultra_ps_e is either unconnected or has no load
WARNING: [Synth 8-7129] Port test_pl_scan_edt_in_gpu[0] in module zynq_ultra_ps_e_v3_3_6_zynq_ultra_ps_e is either unconnected or has no load
WARNING: [Synth 8-7129] Port test_pl_scan_edt_in_lp[8] in module zynq_ultra_ps_e_v3_3_6_zynq_ultra_ps_e is either unconnected or has no load
WARNING: [Synth 8-7129] Port test_pl_scan_edt_in_lp[7] in module zynq_ultra_ps_e_v3_3_6_zynq_ultra_ps_e is either unconnected or has no load
WARNING: [Synth 8-7129] Port test_pl_scan_edt_in_lp[6] in module zynq_ultra_ps_e_v3_3_6_zynq_ultra_ps_e is either unconnected or has no load
WARNING: [Synth 8-7129] Port test_pl_scan_edt_in_lp[5] in module zynq_ultra_ps_e_v3_3_6_zynq_ultra_ps_e is either unconnected or has no load
WARNING: [Synth 8-7129] Port test_pl_scan_edt_in_lp[4] in module zynq_ultra_ps_e_v3_3_6_zynq_ultra_ps_e is either unconnected or has no load
WARNING: [Synth 8-7129] Port test_pl_scan_edt_in_lp[3] in module zynq_ultra_ps_e_v3_3_6_zynq_ultra_ps_e is either unconnected or has no load
WARNING: [Synth 8-7129] Port test_pl_scan_edt_in_lp[2] in module zynq_ultra_ps_e_v3_3_6_zynq_ultra_ps_e is either unconnected or has no load
WARNING: [Synth 8-7129] Port test_pl_scan_edt_in_lp[1] in module zynq_ultra_ps_e_v3_3_6_zynq_ultra_ps_e is either unconnected or has no load
WARNING: [Synth 8-7129] Port test_pl_scan_edt_in_lp[0] in module zynq_ultra_ps_e_v3_3_6_zynq_ultra_ps_e is either unconnected or has no load
WARNING: [Synth 8-7129] Port test_pl_scan_edt_in_usb3[1] in module zynq_ultra_ps_e_v3_3_6_zynq_ultra_ps_e is either unconnected or has no load
WARNING: [Synth 8-7129] Port test_pl_scan_edt_in_usb3[0] in module zynq_ultra_ps_e_v3_3_6_zynq_ultra_ps_e is either unconnected or has no load
WARNING: [Synth 8-7129] Port test_pl_scan_edt_update in module zynq_ultra_ps_e_v3_3_6_zynq_ultra_ps_e is either unconnected or has no load
WARNING: [Synth 8-7129] Port test_pl_scan_reset_n in module zynq_ultra_ps_e_v3_3_6_zynq_ultra_ps_e is either unconnected or has no load
WARNING: [Synth 8-7129] Port test_pl_scanenable in module zynq_ultra_ps_e_v3_3_6_zynq_ultra_ps_e is either unconnected or has no load
WARNING: [Synth 8-7129] Port test_pl_scan_pll_reset in module zynq_ultra_ps_e_v3_3_6_zynq_ultra_ps_e is either unconnected or has no load
WARNING: [Synth 8-7129] Port test_pl_scan_spare_in0 in module zynq_ultra_ps_e_v3_3_6_zynq_ultra_ps_e is either unconnected or has no load
WARNING: [Synth 8-7129] Port test_pl_scan_spare_in1 in module zynq_ultra_ps_e_v3_3_6_zynq_ultra_ps_e is either unconnected or has no load
WARNING: [Synth 8-7129] Port test_pl_scan_wrap_clk in module zynq_ultra_ps_e_v3_3_6_zynq_ultra_ps_e is either unconnected or has no load
WARNING: [Synth 8-7129] Port test_pl_scan_wrap_ishift in module zynq_ultra_ps_e_v3_3_6_zynq_ultra_ps_e is either unconnected or has no load
WARNING: [Synth 8-7129] Port test_pl_scan_wrap_oshift in module zynq_ultra_ps_e_v3_3_6_zynq_ultra_ps_e is either unconnected or has no load
WARNING: [Synth 8-7129] Port test_pl_scan_slcr_config_clk in module zynq_ultra_ps_e_v3_3_6_zynq_ultra_ps_e is either unconnected or has no load
WARNING: [Synth 8-7129] Port test_pl_scan_slcr_config_rstn in module zynq_ultra_ps_e_v3_3_6_zynq_ultra_ps_e is either unconnected or has no load
WARNING: [Synth 8-7129] Port test_pl_scan_slcr_config_si in module zynq_ultra_ps_e_v3_3_6_zynq_ultra_ps_e is either unconnected or has no load
WARNING: [Synth 8-7129] Port test_pl_scan_spare_in2 in module zynq_ultra_ps_e_v3_3_6_zynq_ultra_ps_e is either unconnected or has no load
WARNING: [Synth 8-7129] Port test_pl_scanenable_slcr_en in module zynq_ultra_ps_e_v3_3_6_zynq_ultra_ps_e is either unconnected or has no load
WARNING: [Synth 8-7129] Port tst_rtc_calibreg_in[20] in module zynq_ultra_ps_e_v3_3_6_zynq_ultra_ps_e is either unconnected or has no load
WARNING: [Synth 8-7129] Port tst_rtc_calibreg_in[19] in module zynq_ultra_ps_e_v3_3_6_zynq_ultra_ps_e is either unconnected or has no load
WARNING: [Synth 8-7129] Port tst_rtc_calibreg_in[18] in module zynq_ultra_ps_e_v3_3_6_zynq_ultra_ps_e is either unconnected or has no load
WARNING: [Synth 8-7129] Port tst_rtc_calibreg_in[17] in module zynq_ultra_ps_e_v3_3_6_zynq_ultra_ps_e is either unconnected or has no load
WARNING: [Synth 8-7129] Port tst_rtc_calibreg_in[16] in module zynq_ultra_ps_e_v3_3_6_zynq_ultra_ps_e is either unconnected or has no load
WARNING: [Synth 8-7129] Port tst_rtc_calibreg_in[15] in module zynq_ultra_ps_e_v3_3_6_zynq_ultra_ps_e is either unconnected or has no load
WARNING: [Synth 8-7129] Port tst_rtc_calibreg_in[14] in module zynq_ultra_ps_e_v3_3_6_zynq_ultra_ps_e is either unconnected or has no load
WARNING: [Synth 8-7129] Port tst_rtc_calibreg_in[13] in module zynq_ultra_ps_e_v3_3_6_zynq_ultra_ps_e is either unconnected or has no load
WARNING: [Synth 8-7129] Port tst_rtc_calibreg_in[12] in module zynq_ultra_ps_e_v3_3_6_zynq_ultra_ps_e is either unconnected or has no load
WARNING: [Synth 8-7129] Port tst_rtc_calibreg_in[11] in module zynq_ultra_ps_e_v3_3_6_zynq_ultra_ps_e is either unconnected or has no load
WARNING: [Synth 8-7129] Port tst_rtc_calibreg_in[10] in module zynq_ultra_ps_e_v3_3_6_zynq_ultra_ps_e is either unconnected or has no load
WARNING: [Synth 8-7129] Port tst_rtc_calibreg_in[9] in module zynq_ultra_ps_e_v3_3_6_zynq_ultra_ps_e is either unconnected or has no load
WARNING: [Synth 8-7129] Port tst_rtc_calibreg_in[8] in module zynq_ultra_ps_e_v3_3_6_zynq_ultra_ps_e is either unconnected or has no load
WARNING: [Synth 8-7129] Port tst_rtc_calibreg_in[7] in module zynq_ultra_ps_e_v3_3_6_zynq_ultra_ps_e is either unconnected or has no load
WARNING: [Synth 8-7129] Port tst_rtc_calibreg_in[6] in module zynq_ultra_ps_e_v3_3_6_zynq_ultra_ps_e is either unconnected or has no load
WARNING: [Synth 8-7129] Port tst_rtc_calibreg_in[5] in module zynq_ultra_ps_e_v3_3_6_zynq_ultra_ps_e is either unconnected or has no load
WARNING: [Synth 8-7129] Port tst_rtc_calibreg_in[4] in module zynq_ultra_ps_e_v3_3_6_zynq_ultra_ps_e is either unconnected or has no load
WARNING: [Synth 8-7129] Port tst_rtc_calibreg_in[3] in module zynq_ultra_ps_e_v3_3_6_zynq_ultra_ps_e is either unconnected or has no load
WARNING: [Synth 8-7129] Port tst_rtc_calibreg_in[2] in module zynq_ultra_ps_e_v3_3_6_zynq_ultra_ps_e is either unconnected or has no load
WARNING: [Synth 8-7129] Port tst_rtc_calibreg_in[1] in module zynq_ultra_ps_e_v3_3_6_zynq_ultra_ps_e is either unconnected or has no load
WARNING: [Synth 8-7129] Port tst_rtc_calibreg_in[0] in module zynq_ultra_ps_e_v3_3_6_zynq_ultra_ps_e is either unconnected or has no load
WARNING: [Synth 8-7129] Port tst_rtc_calibreg_we in module zynq_ultra_ps_e_v3_3_6_zynq_ultra_ps_e is either unconnected or has no load
WARNING: [Synth 8-7129] Port tst_rtc_clk in module zynq_ultra_ps_e_v3_3_6_zynq_ultra_ps_e is either unconnected or has no load
WARNING: [Synth 8-7129] Port tst_rtc_testclock_select_n in module zynq_ultra_ps_e_v3_3_6_zynq_ultra_ps_e is either unconnected or has no load
WARNING: [Synth 8-7129] Port tst_rtc_timesetreg_in[31] in module zynq_ultra_ps_e_v3_3_6_zynq_ultra_ps_e is either unconnected or has no load
WARNING: [Synth 8-7129] Port tst_rtc_timesetreg_in[30] in module zynq_ultra_ps_e_v3_3_6_zynq_ultra_ps_e is either unconnected or has no load
WARNING: [Synth 8-7129] Port tst_rtc_timesetreg_in[29] in module zynq_ultra_ps_e_v3_3_6_zynq_ultra_ps_e is either unconnected or has no load
WARNING: [Synth 8-7129] Port tst_rtc_timesetreg_in[28] in module zynq_ultra_ps_e_v3_3_6_zynq_ultra_ps_e is either unconnected or has no load
WARNING: [Synth 8-7129] Port tst_rtc_timesetreg_in[27] in module zynq_ultra_ps_e_v3_3_6_zynq_ultra_ps_e is either unconnected or has no load
WARNING: [Synth 8-7129] Port tst_rtc_timesetreg_in[26] in module zynq_ultra_ps_e_v3_3_6_zynq_ultra_ps_e is either unconnected or has no load
WARNING: [Synth 8-7129] Port tst_rtc_timesetreg_in[25] in module zynq_ultra_ps_e_v3_3_6_zynq_ultra_ps_e is either unconnected or has no load
WARNING: [Synth 8-7129] Port tst_rtc_timesetreg_in[24] in module zynq_ultra_ps_e_v3_3_6_zynq_ultra_ps_e is either unconnected or has no load
WARNING: [Synth 8-7129] Port tst_rtc_timesetreg_in[23] in module zynq_ultra_ps_e_v3_3_6_zynq_ultra_ps_e is either unconnected or has no load
WARNING: [Synth 8-7129] Port tst_rtc_timesetreg_in[22] in module zynq_ultra_ps_e_v3_3_6_zynq_ultra_ps_e is either unconnected or has no load
WARNING: [Synth 8-7129] Port tst_rtc_timesetreg_in[21] in module zynq_ultra_ps_e_v3_3_6_zynq_ultra_ps_e is either unconnected or has no load
WARNING: [Synth 8-7129] Port tst_rtc_timesetreg_in[20] in module zynq_ultra_ps_e_v3_3_6_zynq_ultra_ps_e is either unconnected or has no load
WARNING: [Synth 8-7129] Port tst_rtc_timesetreg_in[19] in module zynq_ultra_ps_e_v3_3_6_zynq_ultra_ps_e is either unconnected or has no load
WARNING: [Synth 8-7129] Port tst_rtc_timesetreg_in[18] in module zynq_ultra_ps_e_v3_3_6_zynq_ultra_ps_e is either unconnected or has no load
WARNING: [Synth 8-7129] Port tst_rtc_timesetreg_in[17] in module zynq_ultra_ps_e_v3_3_6_zynq_ultra_ps_e is either unconnected or has no load
WARNING: [Synth 8-7129] Port tst_rtc_timesetreg_in[16] in module zynq_ultra_ps_e_v3_3_6_zynq_ultra_ps_e is either unconnected or has no load
WARNING: [Synth 8-7129] Port tst_rtc_timesetreg_in[15] in module zynq_ultra_ps_e_v3_3_6_zynq_ultra_ps_e is either unconnected or has no load
WARNING: [Synth 8-7129] Port tst_rtc_timesetreg_in[14] in module zynq_ultra_ps_e_v3_3_6_zynq_ultra_ps_e is either unconnected or has no load
WARNING: [Synth 8-7129] Port tst_rtc_timesetreg_in[13] in module zynq_ultra_ps_e_v3_3_6_zynq_ultra_ps_e is either unconnected or has no load
WARNING: [Synth 8-7129] Port tst_rtc_timesetreg_in[12] in module zynq_ultra_ps_e_v3_3_6_zynq_ultra_ps_e is either unconnected or has no load
WARNING: [Synth 8-7129] Port tst_rtc_timesetreg_in[11] in module zynq_ultra_ps_e_v3_3_6_zynq_ultra_ps_e is either unconnected or has no load
WARNING: [Synth 8-7129] Port tst_rtc_timesetreg_in[10] in module zynq_ultra_ps_e_v3_3_6_zynq_ultra_ps_e is either unconnected or has no load
WARNING: [Synth 8-7129] Port tst_rtc_timesetreg_in[9] in module zynq_ultra_ps_e_v3_3_6_zynq_ultra_ps_e is either unconnected or has no load
WARNING: [Synth 8-7129] Port tst_rtc_timesetreg_in[8] in module zynq_ultra_ps_e_v3_3_6_zynq_ultra_ps_e is either unconnected or has no load
WARNING: [Synth 8-7129] Port tst_rtc_timesetreg_in[7] in module zynq_ultra_ps_e_v3_3_6_zynq_ultra_ps_e is either unconnected or has no load
WARNING: [Synth 8-7129] Port tst_rtc_timesetreg_in[6] in module zynq_ultra_ps_e_v3_3_6_zynq_ultra_ps_e is either unconnected or has no load
WARNING: [Synth 8-7129] Port tst_rtc_timesetreg_in[5] in module zynq_ultra_ps_e_v3_3_6_zynq_ultra_ps_e is either unconnected or has no load
WARNING: [Synth 8-7129] Port tst_rtc_timesetreg_in[4] in module zynq_ultra_ps_e_v3_3_6_zynq_ultra_ps_e is either unconnected or has no load
WARNING: [Synth 8-7129] Port tst_rtc_timesetreg_in[3] in module zynq_ultra_ps_e_v3_3_6_zynq_ultra_ps_e is either unconnected or has no load
WARNING: [Synth 8-7129] Port tst_rtc_timesetreg_in[2] in module zynq_ultra_ps_e_v3_3_6_zynq_ultra_ps_e is either unconnected or has no load
WARNING: [Synth 8-7129] Port tst_rtc_timesetreg_in[1] in module zynq_ultra_ps_e_v3_3_6_zynq_ultra_ps_e is either unconnected or has no load
WARNING: [Synth 8-7129] Port tst_rtc_timesetreg_in[0] in module zynq_ultra_ps_e_v3_3_6_zynq_ultra_ps_e is either unconnected or has no load
WARNING: [Synth 8-7129] Port tst_rtc_disable_bat_op in module zynq_ultra_ps_e_v3_3_6_zynq_ultra_ps_e is either unconnected or has no load
WARNING: [Synth 8-7129] Port tst_rtc_osc_cntrl_in[3] in module zynq_ultra_ps_e_v3_3_6_zynq_ultra_ps_e is either unconnected or has no load
WARNING: [Synth 8-7129] Port tst_rtc_osc_cntrl_in[2] in module zynq_ultra_ps_e_v3_3_6_zynq_ultra_ps_e is either unconnected or has no load
WARNING: [Synth 8-7129] Port tst_rtc_osc_cntrl_in[1] in module zynq_ultra_ps_e_v3_3_6_zynq_ultra_ps_e is either unconnected or has no load
WARNING: [Synth 8-7129] Port tst_rtc_osc_cntrl_in[0] in module zynq_ultra_ps_e_v3_3_6_zynq_ultra_ps_e is either unconnected or has no load
WARNING: [Synth 8-7129] Port tst_rtc_osc_cntrl_we in module zynq_ultra_ps_e_v3_3_6_zynq_ultra_ps_e is either unconnected or has no load
WARNING: [Synth 8-7129] Port tst_rtc_sec_reload in module zynq_ultra_ps_e_v3_3_6_zynq_ultra_ps_e is either unconnected or has no load
WARNING: [Synth 8-7129] Port tst_rtc_timesetreg_we in module zynq_ultra_ps_e_v3_3_6_zynq_ultra_ps_e is either unconnected or has no load
WARNING: [Synth 8-7129] Port tst_rtc_testmode_n in module zynq_ultra_ps_e_v3_3_6_zynq_ultra_ps_e is either unconnected or has no load
WARNING: [Synth 8-7129] Port test_usb0_funcmux_0_n in module zynq_ultra_ps_e_v3_3_6_zynq_ultra_ps_e is either unconnected or has no load
WARNING: [Synth 8-7129] Port test_usb1_funcmux_0_n in module zynq_ultra_ps_e_v3_3_6_zynq_ultra_ps_e is either unconnected or has no load
WARNING: [Synth 8-7129] Port test_usb0_scanmux_0_n in module zynq_ultra_ps_e_v3_3_6_zynq_ultra_ps_e is either unconnected or has no load
WARNING: [Synth 8-7129] Port test_usb1_scanmux_0_n in module zynq_ultra_ps_e_v3_3_6_zynq_ultra_ps_e is either unconnected or has no load
WARNING: [Synth 8-7129] Port pl_lpd_pll_test_ck_sel_n[2] in module zynq_ultra_ps_e_v3_3_6_zynq_ultra_ps_e is either unconnected or has no load
WARNING: [Synth 8-7129] Port pl_lpd_pll_test_ck_sel_n[1] in module zynq_ultra_ps_e_v3_3_6_zynq_ultra_ps_e is either unconnected or has no load
WARNING: [Synth 8-7129] Port pl_lpd_pll_test_ck_sel_n[0] in module zynq_ultra_ps_e_v3_3_6_zynq_ultra_ps_e is either unconnected or has no load
WARNING: [Synth 8-7129] Port pl_lpd_pll_test_fract_clk_sel_n in module zynq_ultra_ps_e_v3_3_6_zynq_ultra_ps_e is either unconnected or has no load
WARNING: [Synth 8-7129] Port pl_lpd_pll_test_fract_en_n in module zynq_ultra_ps_e_v3_3_6_zynq_ultra_ps_e is either unconnected or has no load
WARNING: [Synth 8-7129] Port pl_lpd_pll_test_mux_sel in module zynq_ultra_ps_e_v3_3_6_zynq_ultra_ps_e is either unconnected or has no load
WARNING: [Synth 8-7129] Port pl_lpd_pll_test_sel[3] in module zynq_ultra_ps_e_v3_3_6_zynq_ultra_ps_e is either unconnected or has no load
WARNING: [Synth 8-7129] Port pl_lpd_pll_test_sel[2] in module zynq_ultra_ps_e_v3_3_6_zynq_ultra_ps_e is either unconnected or has no load
WARNING: [Synth 8-7129] Port pl_lpd_pll_test_sel[1] in module zynq_ultra_ps_e_v3_3_6_zynq_ultra_ps_e is either unconnected or has no load
WARNING: [Synth 8-7129] Port pl_lpd_pll_test_sel[0] in module zynq_ultra_ps_e_v3_3_6_zynq_ultra_ps_e is either unconnected or has no load
WARNING: [Synth 8-7129] Port pl_fpd_pll_test_ck_sel_n[2] in module zynq_ultra_ps_e_v3_3_6_zynq_ultra_ps_e is either unconnected or has no load
WARNING: [Synth 8-7129] Port pl_fpd_pll_test_ck_sel_n[1] in module zynq_ultra_ps_e_v3_3_6_zynq_ultra_ps_e is either unconnected or has no load
WARNING: [Synth 8-7129] Port pl_fpd_pll_test_ck_sel_n[0] in module zynq_ultra_ps_e_v3_3_6_zynq_ultra_ps_e is either unconnected or has no load
WARNING: [Synth 8-7129] Port pl_fpd_pll_test_fract_clk_sel_n in module zynq_ultra_ps_e_v3_3_6_zynq_ultra_ps_e is either unconnected or has no load
WARNING: [Synth 8-7129] Port pl_fpd_pll_test_fract_en_n in module zynq_ultra_ps_e_v3_3_6_zynq_ultra_ps_e is either unconnected or has no load
WARNING: [Synth 8-7129] Port pl_fpd_pll_test_mux_sel[1] in module zynq_ultra_ps_e_v3_3_6_zynq_ultra_ps_e is either unconnected or has no load
WARNING: [Synth 8-7129] Port pl_fpd_pll_test_mux_sel[0] in module zynq_ultra_ps_e_v3_3_6_zynq_ultra_ps_e is either unconnected or has no load
WARNING: [Synth 8-7129] Port pl_fpd_pll_test_sel[3] in module zynq_ultra_ps_e_v3_3_6_zynq_ultra_ps_e is either unconnected or has no load
WARNING: [Synth 8-7129] Port pl_fpd_pll_test_sel[2] in module zynq_ultra_ps_e_v3_3_6_zynq_ultra_ps_e is either unconnected or has no load
WARNING: [Synth 8-7129] Port pl_fpd_pll_test_sel[1] in module zynq_ultra_ps_e_v3_3_6_zynq_ultra_ps_e is either unconnected or has no load
WARNING: [Synth 8-7129] Port pl_fpd_pll_test_sel[0] in module zynq_ultra_ps_e_v3_3_6_zynq_ultra_ps_e is either unconnected or has no load
WARNING: [Synth 8-7129] Port fmio_char_gem_selection[1] in module zynq_ultra_ps_e_v3_3_6_zynq_ultra_ps_e is either unconnected or has no load
WARNING: [Synth 8-7129] Port fmio_char_gem_selection[0] in module zynq_ultra_ps_e_v3_3_6_zynq_ultra_ps_e is either unconnected or has no load
WARNING: [Synth 8-7129] Port fmio_char_gem_test_select_n in module zynq_ultra_ps_e_v3_3_6_zynq_ultra_ps_e is either unconnected or has no load
WARNING: [Synth 8-7129] Port fmio_char_gem_test_input in module zynq_ultra_ps_e_v3_3_6_zynq_ultra_ps_e is either unconnected or has no load
WARNING: [Synth 8-7129] Port test_pl2ddr_dcd_sample_pulse in module zynq_ultra_ps_e_v3_3_6_zynq_ultra_ps_e is either unconnected or has no load
WARNING: [Synth 8-7129] Port test_bscan_en_n in module zynq_ultra_ps_e_v3_3_6_zynq_ultra_ps_e is either unconnected or has no load
WARNING: [Synth 8-7129] Port test_bscan_tdi in module zynq_ultra_ps_e_v3_3_6_zynq_ultra_ps_e is either unconnected or has no load
WARNING: [Synth 8-7129] Port test_bscan_updatedr in module zynq_ultra_ps_e_v3_3_6_zynq_ultra_ps_e is either unconnected or has no load
WARNING: [Synth 8-7129] Port test_bscan_shiftdr in module zynq_ultra_ps_e_v3_3_6_zynq_ultra_ps_e is either unconnected or has no load
WARNING: [Synth 8-7129] Port test_bscan_reset_tap_b in module zynq_ultra_ps_e_v3_3_6_zynq_ultra_ps_e is either unconnected or has no load
WARNING: [Synth 8-7129] Port test_bscan_misr_jtag_load in module zynq_ultra_ps_e_v3_3_6_zynq_ultra_ps_e is either unconnected or has no load
WARNING: [Synth 8-7129] Port test_bscan_intest in module zynq_ultra_ps_e_v3_3_6_zynq_ultra_ps_e is either unconnected or has no load
WARNING: [Synth 8-7129] Port test_bscan_extest in module zynq_ultra_ps_e_v3_3_6_zynq_ultra_ps_e is either unconnected or has no load
WARNING: [Synth 8-7129] Port test_bscan_clockdr in module zynq_ultra_ps_e_v3_3_6_zynq_ultra_ps_e is either unconnected or has no load
WARNING: [Synth 8-7129] Port test_bscan_ac_mode in module zynq_ultra_ps_e_v3_3_6_zynq_ultra_ps_e is either unconnected or has no load
WARNING: [Synth 8-7129] Port test_bscan_ac_test in module zynq_ultra_ps_e_v3_3_6_zynq_ultra_ps_e is either unconnected or has no load
WARNING: [Synth 8-7129] Port test_bscan_init_memory in module zynq_ultra_ps_e_v3_3_6_zynq_ultra_ps_e is either unconnected or has no load
WARNING: [Synth 8-7129] Port test_bscan_mode_c in module zynq_ultra_ps_e_v3_3_6_zynq_ultra_ps_e is either unconnected or has no load
WARNING: [Synth 8-7129] Port i_dbg_l0_txclk in module zynq_ultra_ps_e_v3_3_6_zynq_ultra_ps_e is either unconnected or has no load
WARNING: [Synth 8-7129] Port i_dbg_l0_rxclk in module zynq_ultra_ps_e_v3_3_6_zynq_ultra_ps_e is either unconnected or has no load
WARNING: [Synth 8-7129] Port i_dbg_l1_txclk in module zynq_ultra_ps_e_v3_3_6_zynq_ultra_ps_e is either unconnected or has no load
WARNING: [Synth 8-7129] Port i_dbg_l1_rxclk in module zynq_ultra_ps_e_v3_3_6_zynq_ultra_ps_e is either unconnected or has no load
WARNING: [Synth 8-7129] Port i_dbg_l2_txclk in module zynq_ultra_ps_e_v3_3_6_zynq_ultra_ps_e is either unconnected or has no load
WARNING: [Synth 8-7129] Port i_dbg_l2_rxclk in module zynq_ultra_ps_e_v3_3_6_zynq_ultra_ps_e is either unconnected or has no load
WARNING: [Synth 8-7129] Port i_dbg_l3_txclk in module zynq_ultra_ps_e_v3_3_6_zynq_ultra_ps_e is either unconnected or has no load
WARNING: [Synth 8-7129] Port i_dbg_l3_rxclk in module zynq_ultra_ps_e_v3_3_6_zynq_ultra_ps_e is either unconnected or has no load
WARNING: [Synth 8-7129] Port i_afe_rx_symbol_clk_by_2_pl in module zynq_ultra_ps_e_v3_3_6_zynq_ultra_ps_e is either unconnected or has no load
WARNING: [Synth 8-7129] Port pl_fpd_spare_0_in in module zynq_ultra_ps_e_v3_3_6_zynq_ultra_ps_e is either unconnected or has no load
WARNING: [Synth 8-7129] Port pl_fpd_spare_1_in in module zynq_ultra_ps_e_v3_3_6_zynq_ultra_ps_e is either unconnected or has no load
WARNING: [Synth 8-7129] Port pl_fpd_spare_2_in in module zynq_ultra_ps_e_v3_3_6_zynq_ultra_ps_e is either unconnected or has no load
WARNING: [Synth 8-7129] Port pl_fpd_spare_3_in in module zynq_ultra_ps_e_v3_3_6_zynq_ultra_ps_e is either unconnected or has no load
WARNING: [Synth 8-7129] Port pl_fpd_spare_4_in in module zynq_ultra_ps_e_v3_3_6_zynq_ultra_ps_e is either unconnected or has no load
WARNING: [Synth 8-7129] Port pl_lpd_spare_0_in in module zynq_ultra_ps_e_v3_3_6_zynq_ultra_ps_e is either unconnected or has no load
WARNING: [Synth 8-7129] Port pl_lpd_spare_1_in in module zynq_ultra_ps_e_v3_3_6_zynq_ultra_ps_e is either unconnected or has no load
WARNING: [Synth 8-7129] Port pl_lpd_spare_2_in in module zynq_ultra_ps_e_v3_3_6_zynq_ultra_ps_e is either unconnected or has no load
WARNING: [Synth 8-7129] Port pl_lpd_spare_3_in in module zynq_ultra_ps_e_v3_3_6_zynq_ultra_ps_e is either unconnected or has no load
WARNING: [Synth 8-7129] Port pl_lpd_spare_4_in in module zynq_ultra_ps_e_v3_3_6_zynq_ultra_ps_e is either unconnected or has no load
WARNING: [Synth 8-7129] Port i_afe_pll_pd_hs_clock_r in module zynq_ultra_ps_e_v3_3_6_zynq_ultra_ps_e is either unconnected or has no load
WARNING: [Synth 8-7129] Port i_afe_mode in module zynq_ultra_ps_e_v3_3_6_zynq_ultra_ps_e is either unconnected or has no load
WARNING: [Synth 8-7129] Port i_bgcal_afe_mode in module zynq_ultra_ps_e_v3_3_6_zynq_ultra_ps_e is either unconnected or has no load
WARNING: [Synth 8-7129] Port i_afe_cmn_bg_enable_low_leakage in module zynq_ultra_ps_e_v3_3_6_zynq_ultra_ps_e is either unconnected or has no load
WARNING: [Synth 8-7129] Port i_afe_cmn_bg_iso_ctrl_bar in module zynq_ultra_ps_e_v3_3_6_zynq_ultra_ps_e is either unconnected or has no load
WARNING: [Synth 8-7129] Port i_afe_cmn_bg_pd in module zynq_ultra_ps_e_v3_3_6_zynq_ultra_ps_e is either unconnected or has no load
WARNING: [Synth 8-7129] Port i_afe_cmn_bg_pd_bg_ok in module zynq_ultra_ps_e_v3_3_6_zynq_ultra_ps_e is either unconnected or has no load
WARNING: [Synth 8-7129] Port i_afe_cmn_bg_pd_ptat in module zynq_ultra_ps_e_v3_3_6_zynq_ultra_ps_e is either unconnected or has no load
WARNING: [Synth 8-7129] Port i_afe_cmn_calib_en_iconst in module zynq_ultra_ps_e_v3_3_6_zynq_ultra_ps_e is either unconnected or has no load
WARNING: [Synth 8-7129] Port i_afe_cmn_calib_enable_low_leakage in module zynq_ultra_ps_e_v3_3_6_zynq_ultra_ps_e is either unconnected or has no load
WARNING: [Synth 8-7129] Port i_afe_cmn_calib_iso_ctrl_bar in module zynq_ultra_ps_e_v3_3_6_zynq_ultra_ps_e is either unconnected or has no load
WARNING: [Synth 8-7129] Port i_afe_rx_rxpma_rstb in module zynq_ultra_ps_e_v3_3_6_zynq_ultra_ps_e is either unconnected or has no load
WARNING: [Synth 8-7129] Port i_afe_rx_uphy_restore_calcode_data[7] in module zynq_ultra_ps_e_v3_3_6_zynq_ultra_ps_e is either unconnected or has no load
WARNING: [Synth 8-7129] Port i_afe_rx_uphy_restore_calcode_data[6] in module zynq_ultra_ps_e_v3_3_6_zynq_ultra_ps_e is either unconnected or has no load
WARNING: [Synth 8-7129] Port i_afe_rx_uphy_restore_calcode_data[5] in module zynq_ultra_ps_e_v3_3_6_zynq_ultra_ps_e is either unconnected or has no load
WARNING: [Synth 8-7129] Port i_afe_rx_uphy_restore_calcode_data[4] in module zynq_ultra_ps_e_v3_3_6_zynq_ultra_ps_e is either unconnected or has no load
WARNING: [Synth 8-7129] Port i_afe_rx_uphy_restore_calcode_data[3] in module zynq_ultra_ps_e_v3_3_6_zynq_ultra_ps_e is either unconnected or has no load
WARNING: [Synth 8-7129] Port i_afe_rx_uphy_restore_calcode_data[2] in module zynq_ultra_ps_e_v3_3_6_zynq_ultra_ps_e is either unconnected or has no load
WARNING: [Synth 8-7129] Port i_afe_rx_uphy_restore_calcode_data[1] in module zynq_ultra_ps_e_v3_3_6_zynq_ultra_ps_e is either unconnected or has no load
WARNING: [Synth 8-7129] Port i_afe_rx_uphy_restore_calcode_data[0] in module zynq_ultra_ps_e_v3_3_6_zynq_ultra_ps_e is either unconnected or has no load
WARNING: [Synth 8-7129] Port i_afe_rx_pipe_rxeqtraining in module zynq_ultra_ps_e_v3_3_6_zynq_ultra_ps_e is either unconnected or has no load
WARNING: [Synth 8-7129] Port i_afe_rx_iso_hsrx_ctrl_bar in module zynq_ultra_ps_e_v3_3_6_zynq_ultra_ps_e is either unconnected or has no load
WARNING: [Synth 8-7129] Port i_afe_rx_iso_lfps_ctrl_bar in module zynq_ultra_ps_e_v3_3_6_zynq_ultra_ps_e is either unconnected or has no load
WARNING: [Synth 8-7129] Port i_afe_rx_iso_sigdet_ctrl_bar in module zynq_ultra_ps_e_v3_3_6_zynq_ultra_ps_e is either unconnected or has no load
WARNING: [Synth 8-7129] Port i_afe_rx_hsrx_clock_stop_req in module zynq_ultra_ps_e_v3_3_6_zynq_ultra_ps_e is either unconnected or has no load
WARNING: [Synth 8-7129] Port i_pll_afe_mode in module zynq_ultra_ps_e_v3_3_6_zynq_ultra_ps_e is either unconnected or has no load
WARNING: [Synth 8-7129] Port i_afe_pll_coarse_code[10] in module zynq_ultra_ps_e_v3_3_6_zynq_ultra_ps_e is either unconnected or has no load
WARNING: [Synth 8-7129] Port i_afe_pll_coarse_code[9] in module zynq_ultra_ps_e_v3_3_6_zynq_ultra_ps_e is either unconnected or has no load
WARNING: [Synth 8-7129] Port i_afe_pll_coarse_code[8] in module zynq_ultra_ps_e_v3_3_6_zynq_ultra_ps_e is either unconnected or has no load
WARNING: [Synth 8-7129] Port i_afe_pll_coarse_code[7] in module zynq_ultra_ps_e_v3_3_6_zynq_ultra_ps_e is either unconnected or has no load
WARNING: [Synth 8-7129] Port i_afe_pll_coarse_code[6] in module zynq_ultra_ps_e_v3_3_6_zynq_ultra_ps_e is either unconnected or has no load
WARNING: [Synth 8-7129] Port i_afe_pll_coarse_code[5] in module zynq_ultra_ps_e_v3_3_6_zynq_ultra_ps_e is either unconnected or has no load
WARNING: [Synth 8-7129] Port i_afe_pll_coarse_code[4] in module zynq_ultra_ps_e_v3_3_6_zynq_ultra_ps_e is either unconnected or has no load
WARNING: [Synth 8-7129] Port i_afe_pll_coarse_code[3] in module zynq_ultra_ps_e_v3_3_6_zynq_ultra_ps_e is either unconnected or has no load
WARNING: [Synth 8-7129] Port i_afe_pll_coarse_code[2] in module zynq_ultra_ps_e_v3_3_6_zynq_ultra_ps_e is either unconnected or has no load
WARNING: [Synth 8-7129] Port i_afe_pll_coarse_code[1] in module zynq_ultra_ps_e_v3_3_6_zynq_ultra_ps_e is either unconnected or has no load
WARNING: [Synth 8-7129] Port i_afe_pll_coarse_code[0] in module zynq_ultra_ps_e_v3_3_6_zynq_ultra_ps_e is either unconnected or has no load
WARNING: [Synth 8-7129] Port i_afe_pll_en_clock_hs_div2 in module zynq_ultra_ps_e_v3_3_6_zynq_ultra_ps_e is either unconnected or has no load
WARNING: [Synth 8-7129] Port i_afe_pll_fbdiv[15] in module zynq_ultra_ps_e_v3_3_6_zynq_ultra_ps_e is either unconnected or has no load
WARNING: [Synth 8-7129] Port i_afe_pll_fbdiv[14] in module zynq_ultra_ps_e_v3_3_6_zynq_ultra_ps_e is either unconnected or has no load
WARNING: [Synth 8-7129] Port i_afe_pll_fbdiv[13] in module zynq_ultra_ps_e_v3_3_6_zynq_ultra_ps_e is either unconnected or has no load
WARNING: [Synth 8-7129] Port i_afe_pll_fbdiv[12] in module zynq_ultra_ps_e_v3_3_6_zynq_ultra_ps_e is either unconnected or has no load
WARNING: [Synth 8-7129] Port i_afe_pll_fbdiv[11] in module zynq_ultra_ps_e_v3_3_6_zynq_ultra_ps_e is either unconnected or has no load
WARNING: [Synth 8-7129] Port i_afe_pll_fbdiv[10] in module zynq_ultra_ps_e_v3_3_6_zynq_ultra_ps_e is either unconnected or has no load
WARNING: [Synth 8-7129] Port i_afe_pll_fbdiv[9] in module zynq_ultra_ps_e_v3_3_6_zynq_ultra_ps_e is either unconnected or has no load
WARNING: [Synth 8-7129] Port i_afe_pll_fbdiv[8] in module zynq_ultra_ps_e_v3_3_6_zynq_ultra_ps_e is either unconnected or has no load
WARNING: [Synth 8-7129] Port i_afe_pll_fbdiv[7] in module zynq_ultra_ps_e_v3_3_6_zynq_ultra_ps_e is either unconnected or has no load
WARNING: [Synth 8-7129] Port i_afe_pll_fbdiv[6] in module zynq_ultra_ps_e_v3_3_6_zynq_ultra_ps_e is either unconnected or has no load
WARNING: [Synth 8-7129] Port i_afe_pll_fbdiv[5] in module zynq_ultra_ps_e_v3_3_6_zynq_ultra_ps_e is either unconnected or has no load
WARNING: [Synth 8-7129] Port i_afe_pll_fbdiv[4] in module zynq_ultra_ps_e_v3_3_6_zynq_ultra_ps_e is either unconnected or has no load
WARNING: [Synth 8-7129] Port i_afe_pll_fbdiv[3] in module zynq_ultra_ps_e_v3_3_6_zynq_ultra_ps_e is either unconnected or has no load
WARNING: [Synth 8-7129] Port i_afe_pll_fbdiv[2] in module zynq_ultra_ps_e_v3_3_6_zynq_ultra_ps_e is either unconnected or has no load
WARNING: [Synth 8-7129] Port i_afe_pll_fbdiv[1] in module zynq_ultra_ps_e_v3_3_6_zynq_ultra_ps_e is either unconnected or has no load
WARNING: [Synth 8-7129] Port i_afe_pll_fbdiv[0] in module zynq_ultra_ps_e_v3_3_6_zynq_ultra_ps_e is either unconnected or has no load
WARNING: [Synth 8-7129] Port i_afe_pll_load_fbdiv in module zynq_ultra_ps_e_v3_3_6_zynq_ultra_ps_e is either unconnected or has no load
WARNING: [Synth 8-7129] Port i_afe_pll_pd in module zynq_ultra_ps_e_v3_3_6_zynq_ultra_ps_e is either unconnected or has no load
WARNING: [Synth 8-7129] Port i_afe_pll_pd_pfd in module zynq_ultra_ps_e_v3_3_6_zynq_ultra_ps_e is either unconnected or has no load
WARNING: [Synth 8-7129] Port i_afe_pll_rst_fdbk_div in module zynq_ultra_ps_e_v3_3_6_zynq_ultra_ps_e is either unconnected or has no load
WARNING: [Synth 8-7129] Port i_afe_pll_startloop in module zynq_ultra_ps_e_v3_3_6_zynq_ultra_ps_e is either unconnected or has no load
WARNING: [Synth 8-7129] Port i_afe_pll_v2i_code[5] in module zynq_ultra_ps_e_v3_3_6_zynq_ultra_ps_e is either unconnected or has no load
WARNING: [Synth 8-7129] Port i_afe_pll_v2i_code[4] in module zynq_ultra_ps_e_v3_3_6_zynq_ultra_ps_e is either unconnected or has no load
WARNING: [Synth 8-7129] Port i_afe_pll_v2i_code[3] in module zynq_ultra_ps_e_v3_3_6_zynq_ultra_ps_e is either unconnected or has no load
WARNING: [Synth 8-7129] Port i_afe_pll_v2i_code[2] in module zynq_ultra_ps_e_v3_3_6_zynq_ultra_ps_e is either unconnected or has no load
WARNING: [Synth 8-7129] Port i_afe_pll_v2i_code[1] in module zynq_ultra_ps_e_v3_3_6_zynq_ultra_ps_e is either unconnected or has no load
WARNING: [Synth 8-7129] Port i_afe_pll_v2i_code[0] in module zynq_ultra_ps_e_v3_3_6_zynq_ultra_ps_e is either unconnected or has no load
WARNING: [Synth 8-7129] Port i_afe_pll_v2i_prog[4] in module zynq_ultra_ps_e_v3_3_6_zynq_ultra_ps_e is either unconnected or has no load
WARNING: [Synth 8-7129] Port i_afe_pll_v2i_prog[3] in module zynq_ultra_ps_e_v3_3_6_zynq_ultra_ps_e is either unconnected or has no load
WARNING: [Synth 8-7129] Port i_afe_pll_v2i_prog[2] in module zynq_ultra_ps_e_v3_3_6_zynq_ultra_ps_e is either unconnected or has no load
WARNING: [Synth 8-7129] Port i_afe_pll_v2i_prog[1] in module zynq_ultra_ps_e_v3_3_6_zynq_ultra_ps_e is either unconnected or has no load
WARNING: [Synth 8-7129] Port i_afe_pll_v2i_prog[0] in module zynq_ultra_ps_e_v3_3_6_zynq_ultra_ps_e is either unconnected or has no load
WARNING: [Synth 8-7129] Port i_afe_pll_vco_cnt_window in module zynq_ultra_ps_e_v3_3_6_zynq_ultra_ps_e is either unconnected or has no load
WARNING: [Synth 8-7129] Port i_afe_rx_mphy_gate_symbol_clk in module zynq_ultra_ps_e_v3_3_6_zynq_ultra_ps_e is either unconnected or has no load
WARNING: [Synth 8-7129] Port i_afe_rx_mphy_mux_hsb_ls in module zynq_ultra_ps_e_v3_3_6_zynq_ultra_ps_e is either unconnected or has no load
WARNING: [Synth 8-7129] Port i_afe_rx_pipe_rx_term_enable in module zynq_ultra_ps_e_v3_3_6_zynq_ultra_ps_e is either unconnected or has no load
WARNING: [Synth 8-7129] Port i_afe_rx_uphy_biasgen_iconst_core_mirror_enable in module zynq_ultra_ps_e_v3_3_6_zynq_ultra_ps_e is either unconnected or has no load
WARNING: [Synth 8-7129] Port i_afe_rx_uphy_biasgen_iconst_io_mirror_enable in module zynq_ultra_ps_e_v3_3_6_zynq_ultra_ps_e is either unconnected or has no load
WARNING: [Synth 8-7129] Port i_afe_rx_uphy_biasgen_irconst_core_mirror_enable in module zynq_ultra_ps_e_v3_3_6_zynq_ultra_ps_e is either unconnected or has no load
WARNING: [Synth 8-7129] Port i_afe_rx_uphy_enable_cdr in module zynq_ultra_ps_e_v3_3_6_zynq_ultra_ps_e is either unconnected or has no load
WARNING: [Synth 8-7129] Port i_afe_rx_uphy_enable_low_leakage in module zynq_ultra_ps_e_v3_3_6_zynq_ultra_ps_e is either unconnected or has no load
WARNING: [Synth 8-7129] Port i_afe_rx_rxpma_refclk_dig in module zynq_ultra_ps_e_v3_3_6_zynq_ultra_ps_e is either unconnected or has no load
WARNING: [Synth 8-7129] Port i_afe_rx_uphy_hsrx_rstb in module zynq_ultra_ps_e_v3_3_6_zynq_ultra_ps_e is either unconnected or has no load
WARNING: [Synth 8-7129] Port i_afe_rx_uphy_pdn_hs_des in module zynq_ultra_ps_e_v3_3_6_zynq_ultra_ps_e is either unconnected or has no load
WARNING: [Synth 8-7129] Port i_afe_rx_uphy_pd_samp_c2c in module zynq_ultra_ps_e_v3_3_6_zynq_ultra_ps_e is either unconnected or has no load
WARNING: [Synth 8-7129] Port i_afe_rx_uphy_pd_samp_c2c_eclk in module zynq_ultra_ps_e_v3_3_6_zynq_ultra_ps_e is either unconnected or has no load
WARNING: [Synth 8-7129] Port i_afe_rx_uphy_pso_clk_lane in module zynq_ultra_ps_e_v3_3_6_zynq_ultra_ps_e is either unconnected or has no load
WARNING: [Synth 8-7129] Port i_afe_rx_uphy_pso_eq in module zynq_ultra_ps_e_v3_3_6_zynq_ultra_ps_e is either unconnected or has no load
WARNING: [Synth 8-7129] Port i_afe_rx_uphy_pso_hsrxdig in module zynq_ultra_ps_e_v3_3_6_zynq_ultra_ps_e is either unconnected or has no load
WARNING: [Synth 8-7129] Port i_afe_rx_uphy_pso_iqpi in module zynq_ultra_ps_e_v3_3_6_zynq_ultra_ps_e is either unconnected or has no load
WARNING: [Synth 8-7129] Port i_afe_rx_uphy_pso_lfpsbcn in module zynq_ultra_ps_e_v3_3_6_zynq_ultra_ps_e is either unconnected or has no load
WARNING: [Synth 8-7129] Port i_afe_rx_uphy_pso_samp_flops in module zynq_ultra_ps_e_v3_3_6_zynq_ultra_ps_e is either unconnected or has no load
WARNING: [Synth 8-7129] Port i_afe_rx_uphy_pso_sigdet in module zynq_ultra_ps_e_v3_3_6_zynq_ultra_ps_e is either unconnected or has no load
WARNING: [Synth 8-7129] Port i_afe_rx_uphy_restore_calcode in module zynq_ultra_ps_e_v3_3_6_zynq_ultra_ps_e is either unconnected or has no load
WARNING: [Synth 8-7129] Port i_afe_rx_uphy_run_calib in module zynq_ultra_ps_e_v3_3_6_zynq_ultra_ps_e is either unconnected or has no load
WARNING: [Synth 8-7129] Port i_afe_rx_uphy_rx_lane_polarity_swap in module zynq_ultra_ps_e_v3_3_6_zynq_ultra_ps_e is either unconnected or has no load
WARNING: [Synth 8-7129] Port i_afe_rx_uphy_startloop_pll in module zynq_ultra_ps_e_v3_3_6_zynq_ultra_ps_e is either unconnected or has no load
WARNING: [Synth 8-7129] Port i_afe_rx_uphy_hsclk_division_factor[1] in module zynq_ultra_ps_e_v3_3_6_zynq_ultra_ps_e is either unconnected or has no load
WARNING: [Synth 8-7129] Port i_afe_rx_uphy_hsclk_division_factor[0] in module zynq_ultra_ps_e_v3_3_6_zynq_ultra_ps_e is either unconnected or has no load
WARNING: [Synth 8-7129] Port i_afe_rx_uphy_rx_pma_opmode[7] in module zynq_ultra_ps_e_v3_3_6_zynq_ultra_ps_e is either unconnected or has no load
WARNING: [Synth 8-7129] Port i_afe_rx_uphy_rx_pma_opmode[6] in module zynq_ultra_ps_e_v3_3_6_zynq_ultra_ps_e is either unconnected or has no load
WARNING: [Synth 8-7129] Port i_afe_rx_uphy_rx_pma_opmode[5] in module zynq_ultra_ps_e_v3_3_6_zynq_ultra_ps_e is either unconnected or has no load
WARNING: [Synth 8-7129] Port i_afe_rx_uphy_rx_pma_opmode[4] in module zynq_ultra_ps_e_v3_3_6_zynq_ultra_ps_e is either unconnected or has no load
WARNING: [Synth 8-7129] Port i_afe_rx_uphy_rx_pma_opmode[3] in module zynq_ultra_ps_e_v3_3_6_zynq_ultra_ps_e is either unconnected or has no load
WARNING: [Synth 8-7129] Port i_afe_rx_uphy_rx_pma_opmode[2] in module zynq_ultra_ps_e_v3_3_6_zynq_ultra_ps_e is either unconnected or has no load
WARNING: [Synth 8-7129] Port i_afe_rx_uphy_rx_pma_opmode[1] in module zynq_ultra_ps_e_v3_3_6_zynq_ultra_ps_e is either unconnected or has no load
WARNING: [Synth 8-7129] Port i_afe_rx_uphy_rx_pma_opmode[0] in module zynq_ultra_ps_e_v3_3_6_zynq_ultra_ps_e is either unconnected or has no load
WARNING: [Synth 8-7129] Port i_afe_tx_enable_hsclk_division[1] in module zynq_ultra_ps_e_v3_3_6_zynq_ultra_ps_e is either unconnected or has no load
WARNING: [Synth 8-7129] Port i_afe_tx_enable_hsclk_division[0] in module zynq_ultra_ps_e_v3_3_6_zynq_ultra_ps_e is either unconnected or has no load
WARNING: [Synth 8-7129] Port i_afe_tx_enable_ldo in module zynq_ultra_ps_e_v3_3_6_zynq_ultra_ps_e is either unconnected or has no load
WARNING: [Synth 8-7129] Port i_afe_tx_enable_ref in module zynq_ultra_ps_e_v3_3_6_zynq_ultra_ps_e is either unconnected or has no load
WARNING: [Synth 8-7129] Port i_afe_tx_enable_supply_hsclk in module zynq_ultra_ps_e_v3_3_6_zynq_ultra_ps_e is either unconnected or has no load
WARNING: [Synth 8-7129] Port i_afe_tx_enable_supply_pipe in module zynq_ultra_ps_e_v3_3_6_zynq_ultra_ps_e is either unconnected or has no load
WARNING: [Synth 8-7129] Port i_afe_tx_enable_supply_serializer in module zynq_ultra_ps_e_v3_3_6_zynq_ultra_ps_e is either unconnected or has no load
WARNING: [Synth 8-7129] Port i_afe_tx_enable_supply_uphy in module zynq_ultra_ps_e_v3_3_6_zynq_ultra_ps_e is either unconnected or has no load
WARNING: [Synth 8-7129] Port i_afe_tx_hs_ser_rstb in module zynq_ultra_ps_e_v3_3_6_zynq_ultra_ps_e is either unconnected or has no load
WARNING: [Synth 8-7129] Port i_afe_tx_hs_symbol[19] in module zynq_ultra_ps_e_v3_3_6_zynq_ultra_ps_e is either unconnected or has no load
WARNING: [Synth 8-7129] Port i_afe_tx_hs_symbol[18] in module zynq_ultra_ps_e_v3_3_6_zynq_ultra_ps_e is either unconnected or has no load
WARNING: [Synth 8-7129] Port i_afe_tx_hs_symbol[17] in module zynq_ultra_ps_e_v3_3_6_zynq_ultra_ps_e is either unconnected or has no load
WARNING: [Synth 8-7129] Port i_afe_tx_hs_symbol[16] in module zynq_ultra_ps_e_v3_3_6_zynq_ultra_ps_e is either unconnected or has no load
WARNING: [Synth 8-7129] Port i_afe_tx_hs_symbol[15] in module zynq_ultra_ps_e_v3_3_6_zynq_ultra_ps_e is either unconnected or has no load
WARNING: [Synth 8-7129] Port i_afe_tx_hs_symbol[14] in module zynq_ultra_ps_e_v3_3_6_zynq_ultra_ps_e is either unconnected or has no load
WARNING: [Synth 8-7129] Port i_afe_tx_hs_symbol[13] in module zynq_ultra_ps_e_v3_3_6_zynq_ultra_ps_e is either unconnected or has no load
WARNING: [Synth 8-7129] Port i_afe_tx_hs_symbol[12] in module zynq_ultra_ps_e_v3_3_6_zynq_ultra_ps_e is either unconnected or has no load
WARNING: [Synth 8-7129] Port i_afe_tx_hs_symbol[11] in module zynq_ultra_ps_e_v3_3_6_zynq_ultra_ps_e is either unconnected or has no load
WARNING: [Synth 8-7129] Port i_afe_tx_hs_symbol[10] in module zynq_ultra_ps_e_v3_3_6_zynq_ultra_ps_e is either unconnected or has no load
WARNING: [Synth 8-7129] Port i_afe_tx_hs_symbol[9] in module zynq_ultra_ps_e_v3_3_6_zynq_ultra_ps_e is either unconnected or has no load
WARNING: [Synth 8-7129] Port i_afe_tx_hs_symbol[8] in module zynq_ultra_ps_e_v3_3_6_zynq_ultra_ps_e is either unconnected or has no load
WARNING: [Synth 8-7129] Port i_afe_tx_hs_symbol[7] in module zynq_ultra_ps_e_v3_3_6_zynq_ultra_ps_e is either unconnected or has no load
WARNING: [Synth 8-7129] Port i_afe_tx_hs_symbol[6] in module zynq_ultra_ps_e_v3_3_6_zynq_ultra_ps_e is either unconnected or has no load
WARNING: [Synth 8-7129] Port i_afe_tx_hs_symbol[5] in module zynq_ultra_ps_e_v3_3_6_zynq_ultra_ps_e is either unconnected or has no load
WARNING: [Synth 8-7129] Port i_afe_tx_hs_symbol[4] in module zynq_ultra_ps_e_v3_3_6_zynq_ultra_ps_e is either unconnected or has no load
WARNING: [Synth 8-7129] Port i_afe_tx_hs_symbol[3] in module zynq_ultra_ps_e_v3_3_6_zynq_ultra_ps_e is either unconnected or has no load
WARNING: [Synth 8-7129] Port i_afe_tx_hs_symbol[2] in module zynq_ultra_ps_e_v3_3_6_zynq_ultra_ps_e is either unconnected or has no load
WARNING: [Synth 8-7129] Port i_afe_tx_hs_symbol[1] in module zynq_ultra_ps_e_v3_3_6_zynq_ultra_ps_e is either unconnected or has no load
WARNING: [Synth 8-7129] Port i_afe_tx_hs_symbol[0] in module zynq_ultra_ps_e_v3_3_6_zynq_ultra_ps_e is either unconnected or has no load
WARNING: [Synth 8-7129] Port i_afe_tx_mphy_tx_ls_data in module zynq_ultra_ps_e_v3_3_6_zynq_ultra_ps_e is either unconnected or has no load
WARNING: [Synth 8-7129] Port i_afe_tx_pipe_tx_enable_idle_mode[1] in module zynq_ultra_ps_e_v3_3_6_zynq_ultra_ps_e is either unconnected or has no load
WARNING: [Synth 8-7129] Port i_afe_tx_pipe_tx_enable_idle_mode[0] in module zynq_ultra_ps_e_v3_3_6_zynq_ultra_ps_e is either unconnected or has no load
WARNING: [Synth 8-7129] Port i_afe_tx_pipe_tx_enable_lfps[1] in module zynq_ultra_ps_e_v3_3_6_zynq_ultra_ps_e is either unconnected or has no load
WARNING: [Synth 8-7129] Port i_afe_tx_pipe_tx_enable_lfps[0] in module zynq_ultra_ps_e_v3_3_6_zynq_ultra_ps_e is either unconnected or has no load
WARNING: [Synth 8-7129] Port i_afe_tx_pipe_tx_enable_rxdet in module zynq_ultra_ps_e_v3_3_6_zynq_ultra_ps_e is either unconnected or has no load
WARNING: [Synth 8-7129] Port i_afe_TX_uphy_txpma_opmode[7] in module zynq_ultra_ps_e_v3_3_6_zynq_ultra_ps_e is either unconnected or has no load
WARNING: [Synth 8-7129] Port i_afe_TX_uphy_txpma_opmode[6] in module zynq_ultra_ps_e_v3_3_6_zynq_ultra_ps_e is either unconnected or has no load
WARNING: [Synth 8-7129] Port i_afe_TX_uphy_txpma_opmode[5] in module zynq_ultra_ps_e_v3_3_6_zynq_ultra_ps_e is either unconnected or has no load
WARNING: [Synth 8-7129] Port i_afe_TX_uphy_txpma_opmode[4] in module zynq_ultra_ps_e_v3_3_6_zynq_ultra_ps_e is either unconnected or has no load
WARNING: [Synth 8-7129] Port i_afe_TX_uphy_txpma_opmode[3] in module zynq_ultra_ps_e_v3_3_6_zynq_ultra_ps_e is either unconnected or has no load
WARNING: [Synth 8-7129] Port i_afe_TX_uphy_txpma_opmode[2] in module zynq_ultra_ps_e_v3_3_6_zynq_ultra_ps_e is either unconnected or has no load
WARNING: [Synth 8-7129] Port i_afe_TX_uphy_txpma_opmode[1] in module zynq_ultra_ps_e_v3_3_6_zynq_ultra_ps_e is either unconnected or has no load
WARNING: [Synth 8-7129] Port i_afe_TX_uphy_txpma_opmode[0] in module zynq_ultra_ps_e_v3_3_6_zynq_ultra_ps_e is either unconnected or has no load
WARNING: [Synth 8-7129] Port i_afe_TX_pmadig_digital_reset_n in module zynq_ultra_ps_e_v3_3_6_zynq_ultra_ps_e is either unconnected or has no load
WARNING: [Synth 8-7129] Port i_afe_TX_serializer_rst_rel in module zynq_ultra_ps_e_v3_3_6_zynq_ultra_ps_e is either unconnected or has no load
WARNING: [Synth 8-7129] Port i_afe_TX_pll_symb_clk_2 in module zynq_ultra_ps_e_v3_3_6_zynq_ultra_ps_e is either unconnected or has no load
WARNING: [Synth 8-7129] Port i_afe_TX_ana_if_rate[1] in module zynq_ultra_ps_e_v3_3_6_zynq_ultra_ps_e is either unconnected or has no load
WARNING: [Synth 8-7129] Port i_afe_TX_ana_if_rate[0] in module zynq_ultra_ps_e_v3_3_6_zynq_ultra_ps_e is either unconnected or has no load
WARNING: [Synth 8-7129] Port i_afe_TX_en_dig_sublp_mode in module zynq_ultra_ps_e_v3_3_6_zynq_ultra_ps_e is either unconnected or has no load
WARNING: [Synth 8-7129] Port i_afe_TX_LPBK_SEL[2] in module zynq_ultra_ps_e_v3_3_6_zynq_ultra_ps_e is either unconnected or has no load
WARNING: [Synth 8-7129] Port i_afe_TX_LPBK_SEL[1] in module zynq_ultra_ps_e_v3_3_6_zynq_ultra_ps_e is either unconnected or has no load
WARNING: [Synth 8-7129] Port i_afe_TX_LPBK_SEL[0] in module zynq_ultra_ps_e_v3_3_6_zynq_ultra_ps_e is either unconnected or has no load
WARNING: [Synth 8-7129] Port i_afe_TX_iso_ctrl_bar in module zynq_ultra_ps_e_v3_3_6_zynq_ultra_ps_e is either unconnected or has no load
WARNING: [Synth 8-7129] Port i_afe_TX_ser_iso_ctrl_bar in module zynq_ultra_ps_e_v3_3_6_zynq_ultra_ps_e is either unconnected or has no load
WARNING: [Synth 8-7129] Port i_afe_TX_lfps_clk in module zynq_ultra_ps_e_v3_3_6_zynq_ultra_ps_e is either unconnected or has no load
WARNING: [Synth 8-7129] Port i_afe_TX_serializer_rstb in module zynq_ultra_ps_e_v3_3_6_zynq_ultra_ps_e is either unconnected or has no load
WARNING: [Synth 8-7129] Port i_afe_tx_pipe_tx_fast_est_common_mode in module zynq_ultra_ps_e_v3_3_6_zynq_ultra_ps_e is either unconnected or has no load
WARNING: [Synth 8-7129] Port R0_en in module ram_4x145 is either unconnected or has no load
WARNING: [Synth 8-7129] Port R0_clk in module ram_4x145 is either unconnected or has no load
WARNING: [Synth 8-7129] Port auto_out_b_bits_id[5] in module AXI4IdIndexer is either unconnected or has no load
WARNING: [Synth 8-7129] Port auto_out_b_bits_id[4] in module AXI4IdIndexer is either unconnected or has no load
WARNING: [Synth 8-7129] Port auto_out_r_bits_id[5] in module AXI4IdIndexer is either unconnected or has no load
WARNING: [Synth 8-7129] Port auto_out_r_bits_id[4] in module AXI4IdIndexer is either unconnected or has no load
WARNING: [Synth 8-7129] Port auto_in_a_bits_opcode[1] in module TLToAXI4 is either unconnected or has no load
WARNING: [Synth 8-7129] Port auto_in_a_bits_opcode[0] in module TLToAXI4 is either unconnected or has no load
WARNING: [Synth 8-7129] Port R0_en in module ram_2x144 is either unconnected or has no load
WARNING: [Synth 8-7129] Port R0_clk in module ram_2x144 is either unconnected or has no load
WARNING: [Synth 8-7129] Port R0_en in module ram_2x187 is either unconnected or has no load
WARNING: [Synth 8-7129] Port R0_clk in module ram_2x187 is either unconnected or has no load
WARNING: [Synth 8-7129] Port io_enq_bits_param[2] in module Queue2_TLBundleA_a32d128s4k1z4u is either unconnected or has no load
WARNING: [Synth 8-7129] Port io_enq_bits_param[1] in module Queue2_TLBundleA_a32d128s4k1z4u is either unconnected or has no load
WARNING: [Synth 8-7129] Port io_enq_bits_param[0] in module Queue2_TLBundleA_a32d128s4k1z4u is either unconnected or has no load
WARNING: [Synth 8-7129] Port io_enq_bits_corrupt in module Queue2_TLBundleA_a32d128s4k1z4u is either unconnected or has no load
WARNING: [Synth 8-7129] Port sdio_spi_dat_1 in module ZCU104FPGATestHarness is either unconnected or has no load
WARNING: [Synth 8-7129] Port sdio_spi_dat_2 in module ZCU104FPGATestHarness is either unconnected or has no load
---------------------------------------------------------------------------------
Finished RTL Elaboration : Time (s): cpu = 00:00:20 ; elapsed = 00:00:45 . Memory (MB): peak = 3236.000 ; gain = 895.320
---------------------------------------------------------------------------------
---------------------------------------------------------------------------------
Start Handling Custom Attributes
---------------------------------------------------------------------------------
---------------------------------------------------------------------------------
Finished Handling Custom Attributes : Time (s): cpu = 00:00:24 ; elapsed = 00:01:02 . Memory (MB): peak = 3254.746 ; gain = 914.066
---------------------------------------------------------------------------------
---------------------------------------------------------------------------------
Finished RTL Optimization Phase 1 : Time (s): cpu = 00:00:24 ; elapsed = 00:01:02 . Memory (MB): peak = 3254.746 ; gain = 914.066
---------------------------------------------------------------------------------
