'\\wsl.localhost\Ubuntu-22.04\root\chipyard\fpga'
用作为当前目录的以上路径启动了 CMD.EXE。
UNC 路径不受支持。默认值设为 Windows 目录。

****** Vivado v2021.2 (64-bit)
  **** SW Build 3367213 on Tue Oct 19 02:48:09 MDT 2021
  **** IP Build 3369179 on Thu Oct 21 08:25:16 MDT 2021
    ** Copyright 1986-2021 Xilinx, Inc. All Rights Reserved.

source /tmp/zcu104_ila_discovery3.tcl
# set dcp [lindex $argv 0]
# open_checkpoint $dcp
Command: open_checkpoint /root/chipyard/fpga/generated-src/chipyard.fpga.zcu104.ZCU104FPGATestHarness.RocketZCU104Config/obj/post_route.dcp

Starting open_checkpoint Task

Time (s): cpu = 00:00:00 ; elapsed = 00:00:00.020 . Memory (MB): peak = 1602.805 ; gain = 0.000
INFO: [Device 21-403] Loading part xczu7ev-ffvc1156-2-e
Netlist sorting complete. Time (s): cpu = 00:00:01 ; elapsed = 00:00:00.719 . Memory (MB): peak = 1908.805 ; gain = 1.191
INFO: [Netlist 29-17] Analyzing 3563 Unisim elements for replacement
INFO: [Netlist 29-28] Unisim Transformation completed in 1 CPU seconds
INFO: [Project 1-479] Netlist was created with Vivado 2021.2
INFO: [Project 1-570] Preparing netlist for logic optimization
INFO: [Timing 38-478] Restoring timing data from binary archive.
INFO: [Timing 38-479] Binary timing data restore complete.
INFO: [Project 1-856] Restoring constraints from binary archive.
INFO: [Project 1-853] Binary constraint restore complete.
Reading XDEF placement.
Reading placer database...
Reading XDEF routing.
Read XDEF File: Time (s): cpu = 00:00:06 ; elapsed = 00:00:08 . Memory (MB): peak = 2692.746 ; gain = 96.598
Restored from archive | CPU: 6.000000 secs | Memory: 0.000000 MB |
Finished XDEF File Restore: Time (s): cpu = 00:00:06 ; elapsed = 00:00:08 . Memory (MB): peak = 2692.746 ; gain = 96.598
Netlist sorting complete. Time (s): cpu = 00:00:00 ; elapsed = 00:00:00.015 . Memory (MB): peak = 3162.207 ; gain = 0.000
INFO: [Project 1-111] Unisim Transformation Summary:
  A total of 529 instances were transformed.
  DSP48E2 => DSP48E2 (DSP_ALU, DSP_A_B_DATA, DSP_C_DATA, DSP_MULTIPLIER, DSP_M_DATA, DSP_OUTPUT, DSP_PREADD, DSP_PREADD_DATA): 25 instances
  IBUF => IBUF (IBUFCTRL, INBUF): 5 instances
  IBUFDS => IBUFDS (DIFFINBUF, IBUFCTRL): 1 instance 
  RAM16X1D => RAM32X1D (RAMD32(x2)): 22 instances
  RAM256X1D => RAM256X1D (MUXF7(x4), MUXF8(x2), RAMD64E(x8)): 2 instances
  RAM32M => RAM32M (RAMD32(x6), RAMS32(x2)): 28 instances
  RAM32M16 => RAM32M16 (RAMD32(x14), RAMS32(x2)): 362 instances
  RAM32X1D => RAM32X1D (RAMD32(x2)): 8 instances
  RAM64M => RAM64M (RAMD64E(x4)): 2 instances
  RAM64M8 => RAM64M8 (RAMD64E(x8)): 66 instances
  RAM64X1D => RAM64X1D (RAMD64E(x2)): 8 instances

INFO: [Project 1-604] Checkpoint was created with Vivado v2021.2 (64-bit) build 3367213
open_checkpoint: Time (s): cpu = 00:00:35 ; elapsed = 00:00:47 . Memory (MB): peak = 3162.207 ; gain = 1559.402
# puts "=== REG_PINS_DIRECT ==="
=== REG_PINS_DIRECT ===
# for {set i 0} {$i < 8} {incr i} {
#   set p [get_pins -quiet REG_reg\[$i\]/Q]
#   puts "REG${i}_QPIN=$p"
#   puts "REG${i}_QNET=[get_nets -quiet -of_objects $p]"
# }
REG0_QPIN=REG_reg[0]/Q
REG0_QNET=REG_reg_n_0_[0]
REG1_QPIN=REG_reg[1]/Q
REG1_QNET=REG_reg_n_0_[1]
REG2_QPIN=REG_reg[2]/Q
REG2_QNET=REG_reg_n_0_[2]
REG3_QPIN=REG_reg[3]/Q
REG3_QNET=REG_reg_n_0_[3]
REG4_QPIN=REG_reg[4]/Q
REG4_QNET=REG_reg_n_0_[4]
REG5_QPIN=REG_reg[5]/Q
REG5_QNET=REG_reg_n_0_[5]
REG6_QPIN=REG_reg[6]/Q
REG6_QNET=REG_reg_n_0_[6]
REG7_QPIN=REG_reg[7]/Q
REG7_QNET=REG_reg_n_0_[7]
# set p25q [get_pins -quiet REG_reg\[25\]/Q]
# set p25c [get_pins -quiet REG_reg\[25\]/C]
# set p25r [get_pins -quiet REG_reg\[25\]/R]
# puts "REG25_QPIN=$p25q"
REG25_QPIN=REG_reg[25]/Q
# puts "REG25_QNET=[get_nets -quiet -of_objects $p25q]"
REG25_QNET=heartbeat_out_OBUF
# puts "REG25_CNET=[get_nets -quiet -of_objects $p25c]"
REG25_CNET=_dutWrangler_auto_out_clock
# puts "REG25_RNET=[get_nets -quiet -of_objects $p25r]"
REG25_RNET=_dutWrangler_auto_out_reset
# puts "HEARTBEAT_PORT_NET=[get_nets -quiet -of_objects [get_ports -quiet heartbeat_out]]"
HEARTBEAT_PORT_NET=heartbeat_out
# puts "HEARTBEAT_OBUF_I_NET=[get_nets -quiet -of_objects [get_pins -quiet heartbeat_out_OBUF_inst/I]]"
HEARTBEAT_OBUF_I_NET=heartbeat_out_OBUF
# puts "=== LOCKED_PINS ==="
=== LOCKED_PINS ===
# set lockpins [get_pins -hier -quiet -filter {NAME =~ *LOCKED* || REF_PIN_NAME == LOCKED}]
# foreach lp $lockpins {
#   puts "LOCK_PIN=$lp NET=[get_nets -quiet -of_objects $lp]"
# }
LOCK_PIN=harnessSysPLL/inst/mmcme4_adv_inst/LOCKED NET=harnessSysPLL/inst/locked
# puts "=== LOCKED_NETS_HINT ==="
=== LOCKED_NETS_HINT ===
# foreach n [get_nets -hier -quiet -filter {NAME =~ *lock* || NAME =~ *LOCK*}] {
#   puts "LOCK_NET=$n"
# }
LOCK_NET=_dutWrangler_auto_out_clock
LOCK_NET=_gated_clock_debug_clock_gate_out
LOCK_NET=_harnessSysPLL_locked
LOCK_NET=_sys_clock_ibufds_O
LOCK_NET=_sys_clock_ibufds_O_BUFG
LOCK_NET=sys_clock_n
LOCK_NET=sys_clock_p
LOCK_NET=chiptop0/clock_en
LOCK_NET=chiptop0/gated_clock_debug_clock_gate/GND_1
LOCK_NET=chiptop0/gated_clock_debug_clock_gate/VCC_1
LOCK_NET=chiptop0/gated_clock_debug_clock_gate/clk_out1
LOCK_NET=chiptop0/gated_clock_debug_clock_gate/clkout1_buf
LOCK_NET=chiptop0/gated_clock_debug_clock_gate/clock_en
LOCK_NET=chiptop0/gated_clock_debug_clock_gate/en_latched
LOCK_NET=chiptop0/system/_clint_domain_auto_int_in_clock_xing_out_sync_0
LOCK_NET=chiptop0/system/_clint_domain_auto_int_in_clock_xing_out_sync_1
LOCK_NET=chiptop0/system/_plic_domain_auto_int_in_clock_xing_out_0_sync_0
LOCK_NET=chiptop0/system/_plic_domain_auto_int_in_clock_xing_out_1_sync_0
LOCK_NET=chiptop0/system/_sbus_auto_coupler_from_rockettile_tl_master_clock_xing_in_b_bits_address[10]
LOCK_NET=chiptop0/system/_sbus_auto_coupler_from_rockettile_tl_master_clock_xing_in_b_bits_address[11]
LOCK_NET=chiptop0/system/_sbus_auto_coupler_from_rockettile_tl_master_clock_xing_in_b_bits_address[12]
LOCK_NET=chiptop0/system/_sbus_auto_coupler_from_rockettile_tl_master_clock_xing_in_b_bits_address[13]
LOCK_NET=chiptop0/system/_sbus_auto_coupler_from_rockettile_tl_master_clock_xing_in_b_bits_address[14]
LOCK_NET=chiptop0/system/_sbus_auto_coupler_from_rockettile_tl_master_clock_xing_in_b_bits_address[15]
LOCK_NET=chiptop0/system/_sbus_auto_coupler_from_rockettile_tl_master_clock_xing_in_b_bits_address[16]
LOCK_NET=chiptop0/system/_sbus_auto_coupler_from_rockettile_tl_master_clock_xing_in_b_bits_address[17]
LOCK_NET=chiptop0/system/_sbus_auto_coupler_from_rockettile_tl_master_clock_xing_in_b_bits_address[18]
LOCK_NET=chiptop0/system/_sbus_auto_coupler_from_rockettile_tl_master_clock_xing_in_b_bits_address[19]
LOCK_NET=chiptop0/system/_sbus_auto_coupler_from_rockettile_tl_master_clock_xing_in_b_bits_address[20]
LOCK_NET=chiptop0/system/_sbus_auto_coupler_from_rockettile_tl_master_clock_xing_in_b_bits_address[21]
LOCK_NET=chiptop0/system/_sbus_auto_coupler_from_rockettile_tl_master_clock_xing_in_b_bits_address[22]
LOCK_NET=chiptop0/system/_sbus_auto_coupler_from_rockettile_tl_master_clock_xing_in_b_bits_address[23]
LOCK_NET=chiptop0/system/_sbus_auto_coupler_from_rockettile_tl_master_clock_xing_in_b_bits_address[24]
LOCK_NET=chiptop0/system/_sbus_auto_coupler_from_rockettile_tl_master_clock_xing_in_b_bits_address[25]
LOCK_NET=chiptop0/system/_sbus_auto_coupler_from_rockettile_tl_master_clock_xing_in_b_bits_address[26]
LOCK_NET=chiptop0/system/_sbus_auto_coupler_from_rockettile_tl_master_clock_xing_in_b_bits_address[27]
LOCK_NET=chiptop0/system/_sbus_auto_coupler_from_rockettile_tl_master_clock_xing_in_b_bits_address[28]
LOCK_NET=chiptop0/system/_sbus_auto_coupler_from_rockettile_tl_master_clock_xing_in_b_bits_address[29]
LOCK_NET=chiptop0/system/_sbus_auto_coupler_from_rockettile_tl_master_clock_xing_in_b_bits_address[30]
LOCK_NET=chiptop0/system/_sbus_auto_coupler_from_rockettile_tl_master_clock_xing_in_b_bits_address[31]
LOCK_NET=chiptop0/system/_sbus_auto_coupler_from_rockettile_tl_master_clock_xing_in_b_bits_address[6]
LOCK_NET=chiptop0/system/_sbus_auto_coupler_from_rockettile_tl_master_clock_xing_in_b_bits_address[7]
LOCK_NET=chiptop0/system/_sbus_auto_coupler_from_rockettile_tl_master_clock_xing_in_b_bits_address[8]
LOCK_NET=chiptop0/system/_sbus_auto_coupler_from_rockettile_tl_master_clock_xing_in_b_bits_address[9]
LOCK_NET=chiptop0/system/_sbus_auto_coupler_from_rockettile_tl_master_clock_xing_in_b_bits_param[0]
LOCK_NET=chiptop0/system/_sbus_auto_coupler_from_rockettile_tl_master_clock_xing_in_b_bits_param[1]
LOCK_NET=chiptop0/system/_sbus_auto_coupler_from_rockettile_tl_master_clock_xing_in_c_ready
LOCK_NET=chiptop0/system/_sbus_auto_coupler_from_rockettile_tl_master_clock_xing_in_d_bits_corrupt
LOCK_NET=chiptop0/system/_sbus_auto_coupler_from_rockettile_tl_master_clock_xing_in_d_bits_data[0]
LOCK_NET=chiptop0/system/_sbus_auto_coupler_from_rockettile_tl_master_clock_xing_in_d_bits_data[10]
LOCK_NET=chiptop0/system/_sbus_auto_coupler_from_rockettile_tl_master_clock_xing_in_d_bits_data[11]
LOCK_NET=chiptop0/system/_sbus_auto_coupler_from_rockettile_tl_master_clock_xing_in_d_bits_data[12]
LOCK_NET=chiptop0/system/_sbus_auto_coupler_from_rockettile_tl_master_clock_xing_in_d_bits_data[13]
LOCK_NET=chiptop0/system/_sbus_auto_coupler_from_rockettile_tl_master_clock_xing_in_d_bits_data[14]
LOCK_NET=chiptop0/system/_sbus_auto_coupler_from_rockettile_tl_master_clock_xing_in_d_bits_data[15]
LOCK_NET=chiptop0/system/_sbus_auto_coupler_from_rockettile_tl_master_clock_xing_in_d_bits_data[16]
LOCK_NET=chiptop0/system/_sbus_auto_coupler_from_rockettile_tl_master_clock_xing_in_d_bits_data[17]
LOCK_NET=chiptop0/system/_sbus_auto_coupler_from_rockettile_tl_master_clock_xing_in_d_bits_data[18]
LOCK_NET=chiptop0/system/_sbus_auto_coupler_from_rockettile_tl_master_clock_xing_in_d_bits_data[19]
LOCK_NET=chiptop0/system/_sbus_auto_coupler_from_rockettile_tl_master_clock_xing_in_d_bits_data[1]
LOCK_NET=chiptop0/system/_sbus_auto_coupler_from_rockettile_tl_master_clock_xing_in_d_bits_data[20]
LOCK_NET=chiptop0/system/_sbus_auto_coupler_from_rockettile_tl_master_clock_xing_in_d_bits_data[21]
LOCK_NET=chiptop0/system/_sbus_auto_coupler_from_rockettile_tl_master_clock_xing_in_d_bits_data[22]
LOCK_NET=chiptop0/system/_sbus_auto_coupler_from_rockettile_tl_master_clock_xing_in_d_bits_data[23]
LOCK_NET=chiptop0/system/_sbus_auto_coupler_from_rockettile_tl_master_clock_xing_in_d_bits_data[24]
LOCK_NET=chiptop0/system/_sbus_auto_coupler_from_rockettile_tl_master_clock_xing_in_d_bits_data[25]
LOCK_NET=chiptop0/system/_sbus_auto_coupler_from_rockettile_tl_master_clock_xing_in_d_bits_data[26]
LOCK_NET=chiptop0/system/_sbus_auto_coupler_from_rockettile_tl_master_clock_xing_in_d_bits_data[27]
LOCK_NET=chiptop0/system/_sbus_auto_coupler_from_rockettile_tl_master_clock_xing_in_d_bits_data[28]
LOCK_NET=chiptop0/system/_sbus_auto_coupler_from_rockettile_tl_master_clock_xing_in_d_bits_data[29]
LOCK_NET=chiptop0/system/_sbus_auto_coupler_from_rockettile_tl_master_clock_xing_in_d_bits_data[2]
LOCK_NET=chiptop0/system/_sbus_auto_coupler_from_rockettile_tl_master_clock_xing_in_d_bits_data[30]
LOCK_NET=chiptop0/system/_sbus_auto_coupler_from_rockettile_tl_master_clock_xing_in_d_bits_data[31]
LOCK_NET=chiptop0/system/_sbus_auto_coupler_from_rockettile_tl_master_clock_xing_in_d_bits_data[32]
LOCK_NET=chiptop0/system/_sbus_auto_coupler_from_rockettile_tl_master_clock_xing_in_d_bits_data[33]
LOCK_NET=chiptop0/system/_sbus_auto_coupler_from_rockettile_tl_master_clock_xing_in_d_bits_data[34]
LOCK_NET=chiptop0/system/_sbus_auto_coupler_from_rockettile_tl_master_clock_xing_in_d_bits_data[35]
LOCK_NET=chiptop0/system/_sbus_auto_coupler_from_rockettile_tl_master_clock_xing_in_d_bits_data[36]
LOCK_NET=chiptop0/system/_sbus_auto_coupler_from_rockettile_tl_master_clock_xing_in_d_bits_data[37]
LOCK_NET=chiptop0/system/_sbus_auto_coupler_from_rockettile_tl_master_clock_xing_in_d_bits_data[38]
LOCK_NET=chiptop0/system/_sbus_auto_coupler_from_rockettile_tl_master_clock_xing_in_d_bits_data[39]
LOCK_NET=chiptop0/system/_sbus_auto_coupler_from_rockettile_tl_master_clock_xing_in_d_bits_data[3]
LOCK_NET=chiptop0/system/_sbus_auto_coupler_from_rockettile_tl_master_clock_xing_in_d_bits_data[40]
LOCK_NET=chiptop0/system/_sbus_auto_coupler_from_rockettile_tl_master_clock_xing_in_d_bits_data[41]
LOCK_NET=chiptop0/system/_sbus_auto_coupler_from_rockettile_tl_master_clock_xing_in_d_bits_data[42]
LOCK_NET=chiptop0/system/_sbus_auto_coupler_from_rockettile_tl_master_clock_xing_in_d_bits_data[43]
LOCK_NET=chiptop0/system/_sbus_auto_coupler_from_rockettile_tl_master_clock_xing_in_d_bits_data[44]
LOCK_NET=chiptop0/system/_sbus_auto_coupler_from_rockettile_tl_master_clock_xing_in_d_bits_data[45]
LOCK_NET=chiptop0/system/_sbus_auto_coupler_from_rockettile_tl_master_clock_xing_in_d_bits_data[46]
LOCK_NET=chiptop0/system/_sbus_auto_coupler_from_rockettile_tl_master_clock_xing_in_d_bits_data[47]
LOCK_NET=chiptop0/system/_sbus_auto_coupler_from_rockettile_tl_master_clock_xing_in_d_bits_data[48]
LOCK_NET=chiptop0/system/_sbus_auto_coupler_from_rockettile_tl_master_clock_xing_in_d_bits_data[49]
LOCK_NET=chiptop0/system/_sbus_auto_coupler_from_rockettile_tl_master_clock_xing_in_d_bits_data[4]
LOCK_NET=chiptop0/system/_sbus_auto_coupler_from_rockettile_tl_master_clock_xing_in_d_bits_data[50]
LOCK_NET=chiptop0/system/_sbus_auto_coupler_from_rockettile_tl_master_clock_xing_in_d_bits_data[51]
LOCK_NET=chiptop0/system/_sbus_auto_coupler_from_rockettile_tl_master_clock_xing_in_d_bits_data[52]
LOCK_NET=chiptop0/system/_sbus_auto_coupler_from_rockettile_tl_master_clock_xing_in_d_bits_data[53]
LOCK_NET=chiptop0/system/_sbus_auto_coupler_from_rockettile_tl_master_clock_xing_in_d_bits_data[54]
LOCK_NET=chiptop0/system/_sbus_auto_coupler_from_rockettile_tl_master_clock_xing_in_d_bits_data[55]
LOCK_NET=chiptop0/system/_sbus_auto_coupler_from_rockettile_tl_master_clock_xing_in_d_bits_data[56]
LOCK_NET=chiptop0/system/_sbus_auto_coupler_from_rockettile_tl_master_clock_xing_in_d_bits_data[57]
LOCK_NET=chiptop0/system/_sbus_auto_coupler_from_rockettile_tl_master_clock_xing_in_d_bits_data[58]
LOCK_NET=chiptop0/system/_sbus_auto_coupler_from_rockettile_tl_master_clock_xing_in_d_bits_data[59]
LOCK_NET=chiptop0/system/_sbus_auto_coupler_from_rockettile_tl_master_clock_xing_in_d_bits_data[5]
LOCK_NET=chiptop0/system/_sbus_auto_coupler_from_rockettile_tl_master_clock_xing_in_d_bits_data[60]
LOCK_NET=chiptop0/system/_sbus_auto_coupler_from_rockettile_tl_master_clock_xing_in_d_bits_data[61]
LOCK_NET=chiptop0/system/_sbus_auto_coupler_from_rockettile_tl_master_clock_xing_in_d_bits_data[62]
LOCK_NET=chiptop0/system/_sbus_auto_coupler_from_rockettile_tl_master_clock_xing_in_d_bits_data[63]
LOCK_NET=chiptop0/system/_sbus_auto_coupler_from_rockettile_tl_master_clock_xing_in_d_bits_data[6]
LOCK_NET=chiptop0/system/_sbus_auto_coupler_from_rockettile_tl_master_clock_xing_in_d_bits_data[7]
LOCK_NET=chiptop0/system/_sbus_auto_coupler_from_rockettile_tl_master_clock_xing_in_d_bits_data[8]
LOCK_NET=chiptop0/system/_sbus_auto_coupler_from_rockettile_tl_master_clock_xing_in_d_bits_data[9]
LOCK_NET=chiptop0/system/_sbus_auto_coupler_from_rockettile_tl_master_clock_xing_in_d_bits_denied
LOCK_NET=chiptop0/system/_sbus_auto_coupler_from_rockettile_tl_master_clock_xing_in_d_bits_opcode[0]
LOCK_NET=chiptop0/system/_sbus_auto_coupler_from_rockettile_tl_master_clock_xing_in_d_bits_opcode[1]
LOCK_NET=chiptop0/system/_sbus_auto_coupler_from_rockettile_tl_master_clock_xing_in_d_bits_opcode[2]
LOCK_NET=chiptop0/system/_sbus_auto_coupler_from_rockettile_tl_master_clock_xing_in_d_bits_param[0]
LOCK_NET=chiptop0/system/_sbus_auto_coupler_from_rockettile_tl_master_clock_xing_in_d_bits_param[1]
LOCK_NET=chiptop0/system/_sbus_auto_coupler_from_rockettile_tl_master_clock_xing_in_d_bits_sink[0]
LOCK_NET=chiptop0/system/_sbus_auto_coupler_from_rockettile_tl_master_clock_xing_in_d_bits_sink[1]
LOCK_NET=chiptop0/system/_sbus_auto_coupler_from_rockettile_tl_master_clock_xing_in_d_bits_sink[2]
LOCK_NET=chiptop0/system/_sbus_auto_coupler_from_rockettile_tl_master_clock_xing_in_d_bits_size[0]
LOCK_NET=chiptop0/system/_sbus_auto_coupler_from_rockettile_tl_master_clock_xing_in_d_bits_size[1]
LOCK_NET=chiptop0/system/_sbus_auto_coupler_from_rockettile_tl_master_clock_xing_in_d_bits_size[2]
LOCK_NET=chiptop0/system/_sbus_auto_coupler_from_rockettile_tl_master_clock_xing_in_d_bits_size[3]
LOCK_NET=chiptop0/system/_sbus_auto_coupler_from_rockettile_tl_master_clock_xing_in_d_bits_source[0]
LOCK_NET=chiptop0/system/_sbus_auto_coupler_from_rockettile_tl_master_clock_xing_in_d_bits_source[1]
LOCK_NET=chiptop0/system/_sbus_auto_coupler_from_rockettile_tl_master_clock_xing_in_d_valid
LOCK_NET=chiptop0/system/_tile_prci_domain_auto_tl_master_clock_xing_out_a_bits_address[0]
LOCK_NET=chiptop0/system/_tile_prci_domain_auto_tl_master_clock_xing_out_a_bits_address[10]
LOCK_NET=chiptop0/system/_tile_prci_domain_auto_tl_master_clock_xing_out_a_bits_address[11]
LOCK_NET=chiptop0/system/_tile_prci_domain_auto_tl_master_clock_xing_out_a_bits_address[12]
LOCK_NET=chiptop0/system/_tile_prci_domain_auto_tl_master_clock_xing_out_a_bits_address[13]
LOCK_NET=chiptop0/system/_tile_prci_domain_auto_tl_master_clock_xing_out_a_bits_address[14]
LOCK_NET=chiptop0/system/_tile_prci_domain_auto_tl_master_clock_xing_out_a_bits_address[15]
LOCK_NET=chiptop0/system/_tile_prci_domain_auto_tl_master_clock_xing_out_a_bits_address[16]
LOCK_NET=chiptop0/system/_tile_prci_domain_auto_tl_master_clock_xing_out_a_bits_address[17]
LOCK_NET=chiptop0/system/_tile_prci_domain_auto_tl_master_clock_xing_out_a_bits_address[18]
LOCK_NET=chiptop0/system/_tile_prci_domain_auto_tl_master_clock_xing_out_a_bits_address[19]
LOCK_NET=chiptop0/system/_tile_prci_domain_auto_tl_master_clock_xing_out_a_bits_address[1]
LOCK_NET=chiptop0/system/_tile_prci_domain_auto_tl_master_clock_xing_out_a_bits_address[20]
LOCK_NET=chiptop0/system/_tile_prci_domain_auto_tl_master_clock_xing_out_a_bits_address[21]
LOCK_NET=chiptop0/system/_tile_prci_domain_auto_tl_master_clock_xing_out_a_bits_address[22]
LOCK_NET=chiptop0/system/_tile_prci_domain_auto_tl_master_clock_xing_out_a_bits_address[23]
LOCK_NET=chiptop0/system/_tile_prci_domain_auto_tl_master_clock_xing_out_a_bits_address[24]
LOCK_NET=chiptop0/system/_tile_prci_domain_auto_tl_master_clock_xing_out_a_bits_address[25]
LOCK_NET=chiptop0/system/_tile_prci_domain_auto_tl_master_clock_xing_out_a_bits_address[26]
LOCK_NET=chiptop0/system/_tile_prci_domain_auto_tl_master_clock_xing_out_a_bits_address[27]
LOCK_NET=chiptop0/system/_tile_prci_domain_auto_tl_master_clock_xing_out_a_bits_address[28]
LOCK_NET=chiptop0/system/_tile_prci_domain_auto_tl_master_clock_xing_out_a_bits_address[29]
LOCK_NET=chiptop0/system/_tile_prci_domain_auto_tl_master_clock_xing_out_a_bits_address[2]
LOCK_NET=chiptop0/system/_tile_prci_domain_auto_tl_master_clock_xing_out_a_bits_address[30]
LOCK_NET=chiptop0/system/_tile_prci_domain_auto_tl_master_clock_xing_out_a_bits_address[31]
LOCK_NET=chiptop0/system/_tile_prci_domain_auto_tl_master_clock_xing_out_a_bits_address[3]
LOCK_NET=chiptop0/system/_tile_prci_domain_auto_tl_master_clock_xing_out_a_bits_address[4]
LOCK_NET=chiptop0/system/_tile_prci_domain_auto_tl_master_clock_xing_out_a_bits_address[5]
LOCK_NET=chiptop0/system/_tile_prci_domain_auto_tl_master_clock_xing_out_a_bits_address[6]
LOCK_NET=chiptop0/system/_tile_prci_domain_auto_tl_master_clock_xing_out_a_bits_address[7]
LOCK_NET=chiptop0/system/_tile_prci_domain_auto_tl_master_clock_xing_out_a_bits_address[8]
LOCK_NET=chiptop0/system/_tile_prci_domain_auto_tl_master_clock_xing_out_a_bits_address[9]
LOCK_NET=chiptop0/system/_tile_prci_domain_auto_tl_master_clock_xing_out_a_bits_data[0]
LOCK_NET=chiptop0/system/_tile_prci_domain_auto_tl_master_clock_xing_out_a_bits_data[10]
LOCK_NET=chiptop0/system/_tile_prci_domain_auto_tl_master_clock_xing_out_a_bits_data[11]
LOCK_NET=chiptop0/system/_tile_prci_domain_auto_tl_master_clock_xing_out_a_bits_data[12]
LOCK_NET=chiptop0/system/_tile_prci_domain_auto_tl_master_clock_xing_out_a_bits_data[13]
LOCK_NET=chiptop0/system/_tile_prci_domain_auto_tl_master_clock_xing_out_a_bits_data[14]
LOCK_NET=chiptop0/system/_tile_prci_domain_auto_tl_master_clock_xing_out_a_bits_data[15]
LOCK_NET=chiptop0/system/_tile_prci_domain_auto_tl_master_clock_xing_out_a_bits_data[16]
LOCK_NET=chiptop0/system/_tile_prci_domain_auto_tl_master_clock_xing_out_a_bits_data[17]
LOCK_NET=chiptop0/system/_tile_prci_domain_auto_tl_master_clock_xing_out_a_bits_data[18]
LOCK_NET=chiptop0/system/_tile_prci_domain_auto_tl_master_clock_xing_out_a_bits_data[19]
LOCK_NET=chiptop0/system/_tile_prci_domain_auto_tl_master_clock_xing_out_a_bits_data[1]
LOCK_NET=chiptop0/system/_tile_prci_domain_auto_tl_master_clock_xing_out_a_bits_data[20]
LOCK_NET=chiptop0/system/_tile_prci_domain_auto_tl_master_clock_xing_out_a_bits_data[21]
LOCK_NET=chiptop0/system/_tile_prci_domain_auto_tl_master_clock_xing_out_a_bits_data[22]
LOCK_NET=chiptop0/system/_tile_prci_domain_auto_tl_master_clock_xing_out_a_bits_data[23]
LOCK_NET=chiptop0/system/_tile_prci_domain_auto_tl_master_clock_xing_out_a_bits_data[24]
LOCK_NET=chiptop0/system/_tile_prci_domain_auto_tl_master_clock_xing_out_a_bits_data[25]
LOCK_NET=chiptop0/system/_tile_prci_domain_auto_tl_master_clock_xing_out_a_bits_data[26]
LOCK_NET=chiptop0/system/_tile_prci_domain_auto_tl_master_clock_xing_out_a_bits_data[27]
LOCK_NET=chiptop0/system/_tile_prci_domain_auto_tl_master_clock_xing_out_a_bits_data[28]
LOCK_NET=chiptop0/system/_tile_prci_domain_auto_tl_master_clock_xing_out_a_bits_data[29]
LOCK_NET=chiptop0/system/_tile_prci_domain_auto_tl_master_clock_xing_out_a_bits_data[2]
LOCK_NET=chiptop0/system/_tile_prci_domain_auto_tl_master_clock_xing_out_a_bits_data[30]
LOCK_NET=chiptop0/system/_tile_prci_domain_auto_tl_master_clock_xing_out_a_bits_data[31]
LOCK_NET=chiptop0/system/_tile_prci_domain_auto_tl_master_clock_xing_out_a_bits_data[32]
LOCK_NET=chiptop0/system/_tile_prci_domain_auto_tl_master_clock_xing_out_a_bits_data[33]
LOCK_NET=chiptop0/system/_tile_prci_domain_auto_tl_master_clock_xing_out_a_bits_data[34]
LOCK_NET=chiptop0/system/_tile_prci_domain_auto_tl_master_clock_xing_out_a_bits_data[35]
LOCK_NET=chiptop0/system/_tile_prci_domain_auto_tl_master_clock_xing_out_a_bits_data[36]
LOCK_NET=chiptop0/system/_tile_prci_domain_auto_tl_master_clock_xing_out_a_bits_data[37]
LOCK_NET=chiptop0/system/_tile_prci_domain_auto_tl_master_clock_xing_out_a_bits_data[38]
LOCK_NET=chiptop0/system/_tile_prci_domain_auto_tl_master_clock_xing_out_a_bits_data[39]
LOCK_NET=chiptop0/system/_tile_prci_domain_auto_tl_master_clock_xing_out_a_bits_data[3]
LOCK_NET=chiptop0/system/_tile_prci_domain_auto_tl_master_clock_xing_out_a_bits_data[40]
LOCK_NET=chiptop0/system/_tile_prci_domain_auto_tl_master_clock_xing_out_a_bits_data[41]
LOCK_NET=chiptop0/system/_tile_prci_domain_auto_tl_master_clock_xing_out_a_bits_data[42]
LOCK_NET=chiptop0/system/_tile_prci_domain_auto_tl_master_clock_xing_out_a_bits_data[43]
LOCK_NET=chiptop0/system/_tile_prci_domain_auto_tl_master_clock_xing_out_a_bits_data[44]
LOCK_NET=chiptop0/system/_tile_prci_domain_auto_tl_master_clock_xing_out_a_bits_data[45]
LOCK_NET=chiptop0/system/_tile_prci_domain_auto_tl_master_clock_xing_out_a_bits_data[46]
LOCK_NET=chiptop0/system/_tile_prci_domain_auto_tl_master_clock_xing_out_a_bits_data[47]
LOCK_NET=chiptop0/system/_tile_prci_domain_auto_tl_master_clock_xing_out_a_bits_data[48]
LOCK_NET=chiptop0/system/_tile_prci_domain_auto_tl_master_clock_xing_out_a_bits_data[49]
LOCK_NET=chiptop0/system/_tile_prci_domain_auto_tl_master_clock_xing_out_a_bits_data[4]
LOCK_NET=chiptop0/system/_tile_prci_domain_auto_tl_master_clock_xing_out_a_bits_data[50]
LOCK_NET=chiptop0/system/_tile_prci_domain_auto_tl_master_clock_xing_out_a_bits_data[51]
LOCK_NET=chiptop0/system/_tile_prci_domain_auto_tl_master_clock_xing_out_a_bits_data[52]
LOCK_NET=chiptop0/system/_tile_prci_domain_auto_tl_master_clock_xing_out_a_bits_data[53]
LOCK_NET=chiptop0/system/_tile_prci_domain_auto_tl_master_clock_xing_out_a_bits_data[54]
LOCK_NET=chiptop0/system/_tile_prci_domain_auto_tl_master_clock_xing_out_a_bits_data[55]
LOCK_NET=chiptop0/system/_tile_prci_domain_auto_tl_master_clock_xing_out_a_bits_data[56]
LOCK_NET=chiptop0/system/_tile_prci_domain_auto_tl_master_clock_xing_out_a_bits_data[57]
LOCK_NET=chiptop0/system/_tile_prci_domain_auto_tl_master_clock_xing_out_a_bits_data[58]
LOCK_NET=chiptop0/system/_tile_prci_domain_auto_tl_master_clock_xing_out_a_bits_data[59]
LOCK_NET=chiptop0/system/_tile_prci_domain_auto_tl_master_clock_xing_out_a_bits_data[5]
LOCK_NET=chiptop0/system/_tile_prci_domain_auto_tl_master_clock_xing_out_a_bits_data[60]
LOCK_NET=chiptop0/system/_tile_prci_domain_auto_tl_master_clock_xing_out_a_bits_data[61]
LOCK_NET=chiptop0/system/_tile_prci_domain_auto_tl_master_clock_xing_out_a_bits_data[62]
LOCK_NET=chiptop0/system/_tile_prci_domain_auto_tl_master_clock_xing_out_a_bits_data[63]
LOCK_NET=chiptop0/system/_tile_prci_domain_auto_tl_master_clock_xing_out_a_bits_data[6]
LOCK_NET=chiptop0/system/_tile_prci_domain_auto_tl_master_clock_xing_out_a_bits_data[7]
LOCK_NET=chiptop0/system/_tile_prci_domain_auto_tl_master_clock_xing_out_a_bits_data[8]
LOCK_NET=chiptop0/system/_tile_prci_domain_auto_tl_master_clock_xing_out_a_bits_data[9]
LOCK_NET=chiptop0/system/_tile_prci_domain_auto_tl_master_clock_xing_out_a_bits_mask[0]
LOCK_NET=chiptop0/system/_tile_prci_domain_auto_tl_master_clock_xing_out_a_bits_mask[1]
LOCK_NET=chiptop0/system/_tile_prci_domain_auto_tl_master_clock_xing_out_a_bits_mask[2]
LOCK_NET=chiptop0/system/_tile_prci_domain_auto_tl_master_clock_xing_out_a_bits_mask[3]
LOCK_NET=chiptop0/system/_tile_prci_domain_auto_tl_master_clock_xing_out_a_bits_mask[4]
LOCK_NET=chiptop0/system/_tile_prci_domain_auto_tl_master_clock_xing_out_a_bits_mask[5]
LOCK_NET=chiptop0/system/_tile_prci_domain_auto_tl_master_clock_xing_out_a_bits_mask[6]
LOCK_NET=chiptop0/system/_tile_prci_domain_auto_tl_master_clock_xing_out_a_bits_mask[7]
LOCK_NET=chiptop0/system/_tile_prci_domain_auto_tl_master_clock_xing_out_a_bits_opcode[0]
LOCK_NET=chiptop0/system/_tile_prci_domain_auto_tl_master_clock_xing_out_a_bits_opcode[1]
LOCK_NET=chiptop0/system/_tile_prci_domain_auto_tl_master_clock_xing_out_a_bits_opcode[2]
LOCK_NET=chiptop0/system/_tile_prci_domain_auto_tl_master_clock_xing_out_a_bits_param[0]
LOCK_NET=chiptop0/system/_tile_prci_domain_auto_tl_master_clock_xing_out_a_bits_param[1]
LOCK_NET=chiptop0/system/_tile_prci_domain_auto_tl_master_clock_xing_out_a_bits_param[2]
LOCK_NET=chiptop0/system/_tile_prci_domain_auto_tl_master_clock_xing_out_a_bits_size[0]
LOCK_NET=chiptop0/system/_tile_prci_domain_auto_tl_master_clock_xing_out_a_bits_size[1]
LOCK_NET=chiptop0/system/_tile_prci_domain_auto_tl_master_clock_xing_out_a_bits_size[2]
LOCK_NET=chiptop0/system/_tile_prci_domain_auto_tl_master_clock_xing_out_a_bits_size[3]
LOCK_NET=chiptop0/system/_tile_prci_domain_auto_tl_master_clock_xing_out_a_bits_source[0]
LOCK_NET=chiptop0/system/_tile_prci_domain_auto_tl_master_clock_xing_out_a_bits_source[1]
LOCK_NET=chiptop0/system/_tile_prci_domain_auto_tl_master_clock_xing_out_c_bits_address[10]
LOCK_NET=chiptop0/system/_tile_prci_domain_auto_tl_master_clock_xing_out_c_bits_address[11]
LOCK_NET=chiptop0/system/_tile_prci_domain_auto_tl_master_clock_xing_out_c_bits_address[12]
LOCK_NET=chiptop0/system/_tile_prci_domain_auto_tl_master_clock_xing_out_c_bits_address[13]
LOCK_NET=chiptop0/system/_tile_prci_domain_auto_tl_master_clock_xing_out_c_bits_address[14]
LOCK_NET=chiptop0/system/_tile_prci_domain_auto_tl_master_clock_xing_out_c_bits_address[15]
LOCK_NET=chiptop0/system/_tile_prci_domain_auto_tl_master_clock_xing_out_c_bits_address[16]
LOCK_NET=chiptop0/system/_tile_prci_domain_auto_tl_master_clock_xing_out_c_bits_address[17]
LOCK_NET=chiptop0/system/_tile_prci_domain_auto_tl_master_clock_xing_out_c_bits_address[18]
LOCK_NET=chiptop0/system/_tile_prci_domain_auto_tl_master_clock_xing_out_c_bits_address[19]
LOCK_NET=chiptop0/system/_tile_prci_domain_auto_tl_master_clock_xing_out_c_bits_address[20]
LOCK_NET=chiptop0/system/_tile_prci_domain_auto_tl_master_clock_xing_out_c_bits_address[21]
LOCK_NET=chiptop0/system/_tile_prci_domain_auto_tl_master_clock_xing_out_c_bits_address[22]
LOCK_NET=chiptop0/system/_tile_prci_domain_auto_tl_master_clock_xing_out_c_bits_address[23]
LOCK_NET=chiptop0/system/_tile_prci_domain_auto_tl_master_clock_xing_out_c_bits_address[24]
LOCK_NET=chiptop0/system/_tile_prci_domain_auto_tl_master_clock_xing_out_c_bits_address[25]
LOCK_NET=chiptop0/system/_tile_prci_domain_auto_tl_master_clock_xing_out_c_bits_address[26]
LOCK_NET=chiptop0/system/_tile_prci_domain_auto_tl_master_clock_xing_out_c_bits_address[27]
LOCK_NET=chiptop0/system/_tile_prci_domain_auto_tl_master_clock_xing_out_c_bits_address[28]
LOCK_NET=chiptop0/system/_tile_prci_domain_auto_tl_master_clock_xing_out_c_bits_address[29]
LOCK_NET=chiptop0/system/_tile_prci_domain_auto_tl_master_clock_xing_out_c_bits_address[30]
LOCK_NET=chiptop0/system/_tile_prci_domain_auto_tl_master_clock_xing_out_c_bits_address[31]
LOCK_NET=chiptop0/system/_tile_prci_domain_auto_tl_master_clock_xing_out_c_bits_address[6]
LOCK_NET=chiptop0/system/_tile_prci_domain_auto_tl_master_clock_xing_out_c_bits_address[7]
LOCK_NET=chiptop0/system/_tile_prci_domain_auto_tl_master_clock_xing_out_c_bits_address[8]
LOCK_NET=chiptop0/system/_tile_prci_domain_auto_tl_master_clock_xing_out_c_bits_address[9]
LOCK_NET=chiptop0/system/_tile_prci_domain_auto_tl_master_clock_xing_out_c_bits_data[0]
LOCK_NET=chiptop0/system/_tile_prci_domain_auto_tl_master_clock_xing_out_c_bits_data[10]
LOCK_NET=chiptop0/system/_tile_prci_domain_auto_tl_master_clock_xing_out_c_bits_data[11]
LOCK_NET=chiptop0/system/_tile_prci_domain_auto_tl_master_clock_xing_out_c_bits_data[12]
LOCK_NET=chiptop0/system/_tile_prci_domain_auto_tl_master_clock_xing_out_c_bits_data[13]
LOCK_NET=chiptop0/system/_tile_prci_domain_auto_tl_master_clock_xing_out_c_bits_data[14]
LOCK_NET=chiptop0/system/_tile_prci_domain_auto_tl_master_clock_xing_out_c_bits_data[15]
LOCK_NET=chiptop0/system/_tile_prci_domain_auto_tl_master_clock_xing_out_c_bits_data[16]
LOCK_NET=chiptop0/system/_tile_prci_domain_auto_tl_master_clock_xing_out_c_bits_data[17]
LOCK_NET=chiptop0/system/_tile_prci_domain_auto_tl_master_clock_xing_out_c_bits_data[18]
LOCK_NET=chiptop0/system/_tile_prci_domain_auto_tl_master_clock_xing_out_c_bits_data[19]
LOCK_NET=chiptop0/system/_tile_prci_domain_auto_tl_master_clock_xing_out_c_bits_data[1]
LOCK_NET=chiptop0/system/_tile_prci_domain_auto_tl_master_clock_xing_out_c_bits_data[20]
LOCK_NET=chiptop0/system/_tile_prci_domain_auto_tl_master_clock_xing_out_c_bits_data[21]
LOCK_NET=chiptop0/system/_tile_prci_domain_auto_tl_master_clock_xing_out_c_bits_data[22]
LOCK_NET=chiptop0/system/_tile_prci_domain_auto_tl_master_clock_xing_out_c_bits_data[23]
LOCK_NET=chiptop0/system/_tile_prci_domain_auto_tl_master_clock_xing_out_c_bits_data[24]
LOCK_NET=chiptop0/system/_tile_prci_domain_auto_tl_master_clock_xing_out_c_bits_data[25]
LOCK_NET=chiptop0/system/_tile_prci_domain_auto_tl_master_clock_xing_out_c_bits_data[26]
LOCK_NET=chiptop0/system/_tile_prci_domain_auto_tl_master_clock_xing_out_c_bits_data[27]
LOCK_NET=chiptop0/system/_tile_prci_domain_auto_tl_master_clock_xing_out_c_bits_data[28]
LOCK_NET=chiptop0/system/_tile_prci_domain_auto_tl_master_clock_xing_out_c_bits_data[29]
LOCK_NET=chiptop0/system/_tile_prci_domain_auto_tl_master_clock_xing_out_c_bits_data[2]
LOCK_NET=chiptop0/system/_tile_prci_domain_auto_tl_master_clock_xing_out_c_bits_data[30]
LOCK_NET=chiptop0/system/_tile_prci_domain_auto_tl_master_clock_xing_out_c_bits_data[31]
LOCK_NET=chiptop0/system/_tile_prci_domain_auto_tl_master_clock_xing_out_c_bits_data[32]
LOCK_NET=chiptop0/system/_tile_prci_domain_auto_tl_master_clock_xing_out_c_bits_data[33]
LOCK_NET=chiptop0/system/_tile_prci_domain_auto_tl_master_clock_xing_out_c_bits_data[34]
LOCK_NET=chiptop0/system/_tile_prci_domain_auto_tl_master_clock_xing_out_c_bits_data[35]
LOCK_NET=chiptop0/system/_tile_prci_domain_auto_tl_master_clock_xing_out_c_bits_data[36]
LOCK_NET=chiptop0/system/_tile_prci_domain_auto_tl_master_clock_xing_out_c_bits_data[37]
LOCK_NET=chiptop0/system/_tile_prci_domain_auto_tl_master_clock_xing_out_c_bits_data[38]
LOCK_NET=chiptop0/system/_tile_prci_domain_auto_tl_master_clock_xing_out_c_bits_data[39]
LOCK_NET=chiptop0/system/_tile_prci_domain_auto_tl_master_clock_xing_out_c_bits_data[3]
LOCK_NET=chiptop0/system/_tile_prci_domain_auto_tl_master_clock_xing_out_c_bits_data[40]
LOCK_NET=chiptop0/system/_tile_prci_domain_auto_tl_master_clock_xing_out_c_bits_data[41]
LOCK_NET=chiptop0/system/_tile_prci_domain_auto_tl_master_clock_xing_out_c_bits_data[42]
LOCK_NET=chiptop0/system/_tile_prci_domain_auto_tl_master_clock_xing_out_c_bits_data[43]
LOCK_NET=chiptop0/system/_tile_prci_domain_auto_tl_master_clock_xing_out_c_bits_data[44]
LOCK_NET=chiptop0/system/_tile_prci_domain_auto_tl_master_clock_xing_out_c_bits_data[45]
LOCK_NET=chiptop0/system/_tile_prci_domain_auto_tl_master_clock_xing_out_c_bits_data[46]
LOCK_NET=chiptop0/system/_tile_prci_domain_auto_tl_master_clock_xing_out_c_bits_data[47]
LOCK_NET=chiptop0/system/_tile_prci_domain_auto_tl_master_clock_xing_out_c_bits_data[48]
LOCK_NET=chiptop0/system/_tile_prci_domain_auto_tl_master_clock_xing_out_c_bits_data[49]
LOCK_NET=chiptop0/system/_tile_prci_domain_auto_tl_master_clock_xing_out_c_bits_data[4]
LOCK_NET=chiptop0/system/_tile_prci_domain_auto_tl_master_clock_xing_out_c_bits_data[50]
LOCK_NET=chiptop0/system/_tile_prci_domain_auto_tl_master_clock_xing_out_c_bits_data[51]
LOCK_NET=chiptop0/system/_tile_prci_domain_auto_tl_master_clock_xing_out_c_bits_data[52]
LOCK_NET=chiptop0/system/_tile_prci_domain_auto_tl_master_clock_xing_out_c_bits_data[53]
LOCK_NET=chiptop0/system/_tile_prci_domain_auto_tl_master_clock_xing_out_c_bits_data[54]
LOCK_NET=chiptop0/system/_tile_prci_domain_auto_tl_master_clock_xing_out_c_bits_data[55]
LOCK_NET=chiptop0/system/_tile_prci_domain_auto_tl_master_clock_xing_out_c_bits_data[56]
LOCK_NET=chiptop0/system/_tile_prci_domain_auto_tl_master_clock_xing_out_c_bits_data[57]
LOCK_NET=chiptop0/system/_tile_prci_domain_auto_tl_master_clock_xing_out_c_bits_data[58]
LOCK_NET=chiptop0/system/_tile_prci_domain_auto_tl_master_clock_xing_out_c_bits_data[59]
LOCK_NET=chiptop0/system/_tile_prci_domain_auto_tl_master_clock_xing_out_c_bits_data[5]
LOCK_NET=chiptop0/system/_tile_prci_domain_auto_tl_master_clock_xing_out_c_bits_data[60]
LOCK_NET=chiptop0/system/_tile_prci_domain_auto_tl_master_clock_xing_out_c_bits_data[61]
LOCK_NET=chiptop0/system/_tile_prci_domain_auto_tl_master_clock_xing_out_c_bits_data[62]
LOCK_NET=chiptop0/system/_tile_prci_domain_auto_tl_master_clock_xing_out_c_bits_data[63]
LOCK_NET=chiptop0/system/_tile_prci_domain_auto_tl_master_clock_xing_out_c_bits_data[6]
LOCK_NET=chiptop0/system/_tile_prci_domain_auto_tl_master_clock_xing_out_c_bits_data[7]
LOCK_NET=chiptop0/system/_tile_prci_domain_auto_tl_master_clock_xing_out_c_bits_data[8]
LOCK_NET=chiptop0/system/_tile_prci_domain_auto_tl_master_clock_xing_out_c_bits_data[9]
LOCK_NET=chiptop0/system/_tile_prci_domain_auto_tl_master_clock_xing_out_c_bits_opcode[0]
LOCK_NET=chiptop0/system/_tile_prci_domain_auto_tl_master_clock_xing_out_c_bits_opcode[1]
LOCK_NET=chiptop0/system/_tile_prci_domain_auto_tl_master_clock_xing_out_c_bits_opcode[2]
LOCK_NET=chiptop0/system/_tile_prci_domain_auto_tl_master_clock_xing_out_c_bits_param[0]
LOCK_NET=chiptop0/system/_tile_prci_domain_auto_tl_master_clock_xing_out_c_bits_param[1]
LOCK_NET=chiptop0/system/_tile_prci_domain_auto_tl_master_clock_xing_out_c_bits_param[2]
LOCK_NET=chiptop0/system/_tile_prci_domain_auto_tl_master_clock_xing_out_c_bits_size[0]
LOCK_NET=chiptop0/system/_tile_prci_domain_auto_tl_master_clock_xing_out_c_bits_size[1]
LOCK_NET=chiptop0/system/_tile_prci_domain_auto_tl_master_clock_xing_out_c_bits_size[2]
LOCK_NET=chiptop0/system/_tile_prci_domain_auto_tl_master_clock_xing_out_c_valid
LOCK_NET=chiptop0/system/_tile_prci_domain_auto_tl_master_clock_xing_out_d_ready
LOCK_NET=chiptop0/system/_tile_prci_domain_auto_tl_master_clock_xing_out_e_bits_sink[0]
LOCK_NET=chiptop0/system/_uartClockDomainWrapper_auto_uart_0_control_xing_in_d_bits_data[1]
LOCK_NET=chiptop0/system/_uartClockDomainWrapper_auto_uart_0_control_xing_in_d_bits_opcode[0]
LOCK_NET=chiptop0/system/_uartClockDomainWrapper_auto_uart_0_int_xing_out_sync_0
LOCK_NET=chiptop0/system/spiClockDomainWrapper_n_100
LOCK_NET=chiptop0/system/spiClockDomainWrapper_n_101
LOCK_NET=chiptop0/system/spiClockDomainWrapper_n_102
LOCK_NET=chiptop0/system/spiClockDomainWrapper_n_27
LOCK_NET=chiptop0/system/spiClockDomainWrapper_n_28
LOCK_NET=chiptop0/system/spiClockDomainWrapper_n_29
LOCK_NET=chiptop0/system/spiClockDomainWrapper_n_38
LOCK_NET=chiptop0/system/spiClockDomainWrapper_n_73
LOCK_NET=chiptop0/system/spiClockDomainWrapper_n_91
LOCK_NET=chiptop0/system/spiClockDomainWrapper_n_92
LOCK_NET=chiptop0/system/spiClockDomainWrapper_n_93
LOCK_NET=chiptop0/system/spiClockDomainWrapper_n_94
LOCK_NET=chiptop0/system/spiClockDomainWrapper_n_95
LOCK_NET=chiptop0/system/spiClockDomainWrapper_n_96
LOCK_NET=chiptop0/system/spiClockDomainWrapper_n_97
LOCK_NET=chiptop0/system/spiClockDomainWrapper_n_98
LOCK_NET=chiptop0/system/spiClockDomainWrapper_n_99
LOCK_NET=chiptop0/system/uartClockDomainWrapper_n_11
LOCK_NET=chiptop0/system/uartClockDomainWrapper_n_13
LOCK_NET=chiptop0/system/uartClockDomainWrapper_n_26
LOCK_NET=chiptop0/system/uartClockDomainWrapper_n_27
LOCK_NET=chiptop0/system/uartClockDomainWrapper_n_28
LOCK_NET=chiptop0/system/uartClockDomainWrapper_n_29
LOCK_NET=chiptop0/system/uartClockDomainWrapper_n_30
LOCK_NET=chiptop0/system/uartClockDomainWrapper_n_39
LOCK_NET=chiptop0/system/chipyard_prcictrl_domain/clock_gater/_dutWrangler_auto_out_reset
LOCK_NET=chiptop0/system/chipyard_prcictrl_domain/clock_gater/_regs_0_io_q
LOCK_NET=chiptop0/system/chipyard_prcictrl_domain/clock_gater/clk_out1
LOCK_NET=chiptop0/system/chipyard_prcictrl_domain/clock_gater/reg_0_reg
LOCK_NET=chiptop0/system/chipyard_prcictrl_domain/clock_gater/regs_0/<const1>
LOCK_NET=chiptop0/system/chipyard_prcictrl_domain/clock_gater/regs_0/_dutWrangler_auto_out_reset
LOCK_NET=chiptop0/system/chipyard_prcictrl_domain/clock_gater/regs_0/_regs_0_io_q
LOCK_NET=chiptop0/system/chipyard_prcictrl_domain/clock_gater/regs_0/clk_out1
LOCK_NET=chiptop0/system/chipyard_prcictrl_domain/clock_gater/regs_0/reg_0_reg_0
LOCK_NET=chiptop0/system/chipyard_prcictrl_domain/resetSynchronizer/nodeOut_member_allClocks_uncore_reset_catcher/E[0]
LOCK_NET=chiptop0/system/chipyard_prcictrl_domain/resetSynchronizer/nodeOut_member_allClocks_uncore_reset_catcher/Q[0]
LOCK_NET=chiptop0/system/chipyard_prcictrl_domain/resetSynchronizer/nodeOut_member_allClocks_uncore_reset_catcher/Q[1]
LOCK_NET=chiptop0/system/chipyard_prcictrl_domain/resetSynchronizer/nodeOut_member_allClocks_uncore_reset_catcher/Q[2]
LOCK_NET=chiptop0/system/chipyard_prcictrl_domain/resetSynchronizer/nodeOut_member_allClocks_uncore_reset_catcher/Q[3]
LOCK_NET=chiptop0/system/chipyard_prcictrl_domain/resetSynchronizer/nodeOut_member_allClocks_uncore_reset_catcher/SR[0]
LOCK_NET=chiptop0/system/chipyard_prcictrl_domain/resetSynchronizer/nodeOut_member_allClocks_uncore_reset_catcher/SS[0]
LOCK_NET=chiptop0/system/chipyard_prcictrl_domain/resetSynchronizer/nodeOut_member_allClocks_uncore_reset_catcher/_core_io_imem_req_valid
LOCK_NET=chiptop0/system/chipyard_prcictrl_domain/resetSynchronizer/nodeOut_member_allClocks_uncore_reset_catcher/_dutWrangler_auto_out_reset
LOCK_NET=chiptop0/system/chipyard_prcictrl_domain/resetSynchronizer/nodeOut_member_allClocks_uncore_reset_catcher/clk_out1
LOCK_NET=chiptop0/system/chipyard_prcictrl_domain/resetSynchronizer/nodeOut_member_allClocks_uncore_reset_catcher/divSqrt_killed0
LOCK_NET=chiptop0/system/chipyard_prcictrl_domain/resetSynchronizer/nodeOut_member_allClocks_uncore_reset_catcher/full2
LOCK_NET=chiptop0/system/chipyard_prcictrl_domain/resetSynchronizer/nodeOut_member_allClocks_uncore_reset_catcher/int_rtc_tick_c_value_reg[0]
LOCK_NET=chiptop0/system/chipyard_prcictrl_domain/resetSynchronizer/nodeOut_member_allClocks_uncore_reset_catcher/io_imem_progress
LOCK_NET=chiptop0/system/chipyard_prcictrl_domain/resetSynchronizer/nodeOut_member_allClocks_uncore_reset_catcher/io_requestor_0_resp_valid
LOCK_NET=chiptop0/system/chipyard_prcictrl_domain/resetSynchronizer/nodeOut_member_allClocks_uncore_reset_catcher/io_requestor_1_resp_valid
LOCK_NET=chiptop0/system/chipyard_prcictrl_domain/resetSynchronizer/nodeOut_member_allClocks_uncore_reset_catcher/lopt
LOCK_NET=chiptop0/system/chipyard_prcictrl_domain/resetSynchronizer/nodeOut_member_allClocks_uncore_reset_catcher/p_10_in
LOCK_NET=chiptop0/system/chipyard_prcictrl_domain/resetSynchronizer/nodeOut_member_allClocks_uncore_reset_catcher/reset0
LOCK_NET=chiptop0/system/chipyard_prcictrl_domain/resetSynchronizer/nodeOut_member_allClocks_uncore_reset_catcher/rxen
LOCK_NET=chiptop0/system/chipyard_prcictrl_domain/resetSynchronizer/nodeOut_member_allClocks_uncore_reset_catcher/s1_probe
LOCK_NET=chiptop0/system/chipyard_prcictrl_domain/resetSynchronizer/nodeOut_member_allClocks_uncore_reset_catcher/sectored_entries_0_0_valid_0_reg
LOCK_NET=chiptop0/system/chipyard_prcictrl_domain/resetSynchronizer/nodeOut_member_allClocks_uncore_reset_catcher/sync_0_reg
LOCK_NET=chiptop0/system/chipyard_prcictrl_domain/resetSynchronizer/nodeOut_member_allClocks_uncore_reset_catcher/sync_0_reg_0[0]
LOCK_NET=chiptop0/system/chipyard_prcictrl_domain/resetSynchronizer/nodeOut_member_allClocks_uncore_reset_catcher/sync_0_reg_10
LOCK_NET=chiptop0/system/chipyard_prcictrl_domain/resetSynchronizer/nodeOut_member_allClocks_uncore_reset_catcher/sync_0_reg_11[0]
LOCK_NET=chiptop0/system/chipyard_prcictrl_domain/resetSynchronizer/nodeOut_member_allClocks_uncore_reset_catcher/sync_0_reg_1[0]
LOCK_NET=chiptop0/system/chipyard_prcictrl_domain/resetSynchronizer/nodeOut_member_allClocks_uncore_reset_catcher/sync_0_reg_2[0]
LOCK_NET=chiptop0/system/chipyard_prcictrl_domain/resetSynchronizer/nodeOut_member_allClocks_uncore_reset_catcher/sync_0_reg_3
LOCK_NET=chiptop0/system/chipyard_prcictrl_domain/resetSynchronizer/nodeOut_member_allClocks_uncore_reset_catcher/sync_0_reg_4[0]
LOCK_NET=chiptop0/system/chipyard_prcictrl_domain/resetSynchronizer/nodeOut_member_allClocks_uncore_reset_catcher/sync_0_reg_5[0]
LOCK_NET=chiptop0/system/chipyard_prcictrl_domain/resetSynchronizer/nodeOut_member_allClocks_uncore_reset_catcher/sync_0_reg_6[0]
LOCK_NET=chiptop0/system/chipyard_prcictrl_domain/resetSynchronizer/nodeOut_member_allClocks_uncore_reset_catcher/sync_0_reg_7
LOCK_NET=chiptop0/system/chipyard_prcictrl_domain/resetSynchronizer/nodeOut_member_allClocks_uncore_reset_catcher/sync_0_reg_8
LOCK_NET=chiptop0/system/chipyard_prcictrl_domain/resetSynchronizer/nodeOut_member_allClocks_uncore_reset_catcher/sync_0_reg_9
LOCK_NET=chiptop0/system/chipyard_prcictrl_domain/resetSynchronizer/nodeOut_member_allClocks_uncore_reset_catcher/sync_0_reg_c_0_alias
LOCK_NET=chiptop0/system/chipyard_prcictrl_domain/resetSynchronizer/nodeOut_member_allClocks_uncore_reset_catcher/sync_0_reg_c_0_bufg_place
LOCK_NET=chiptop0/system/chipyard_prcictrl_domain/resetSynchronizer/nodeOut_member_allClocks_uncore_reset_catcher/sync_0_reg_c_0_bufg_place_replica
LOCK_NET=chiptop0/system/chipyard_prcictrl_domain/resetSynchronizer/nodeOut_member_allClocks_uncore_reset_catcher/tlb_sectored_entries_0_1_valid_3_reg
LOCK_NET=chiptop0/system/chipyard_prcictrl_domain/resetSynchronizer/nodeOut_member_allClocks_uncore_reset_catcher/io_sync_reset_chain/E[0]
LOCK_NET=chiptop0/system/chipyard_prcictrl_domain/resetSynchronizer/nodeOut_member_allClocks_uncore_reset_catcher/io_sync_reset_chain/Q[0]
LOCK_NET=chiptop0/system/chipyard_prcictrl_domain/resetSynchronizer/nodeOut_member_allClocks_uncore_reset_catcher/io_sync_reset_chain/Q[1]
LOCK_NET=chiptop0/system/chipyard_prcictrl_domain/resetSynchronizer/nodeOut_member_allClocks_uncore_reset_catcher/io_sync_reset_chain/Q[2]
LOCK_NET=chiptop0/system/chipyard_prcictrl_domain/resetSynchronizer/nodeOut_member_allClocks_uncore_reset_catcher/io_sync_reset_chain/Q[3]
LOCK_NET=chiptop0/system/chipyard_prcictrl_domain/resetSynchronizer/nodeOut_member_allClocks_uncore_reset_catcher/io_sync_reset_chain/SR[0]
LOCK_NET=chiptop0/system/chipyard_prcictrl_domain/resetSynchronizer/nodeOut_member_allClocks_uncore_reset_catcher/io_sync_reset_chain/SS[0]
LOCK_NET=chiptop0/system/chipyard_prcictrl_domain/resetSynchronizer/nodeOut_member_allClocks_uncore_reset_catcher/io_sync_reset_chain/_core_io_imem_req_valid
LOCK_NET=chiptop0/system/chipyard_prcictrl_domain/resetSynchronizer/nodeOut_member_allClocks_uncore_reset_catcher/io_sync_reset_chain/_dutWrangler_auto_out_reset
LOCK_NET=chiptop0/system/chipyard_prcictrl_domain/resetSynchronizer/nodeOut_member_allClocks_uncore_reset_catcher/io_sync_reset_chain/clk_out1
LOCK_NET=chiptop0/system/chipyard_prcictrl_domain/resetSynchronizer/nodeOut_member_allClocks_uncore_reset_catcher/io_sync_reset_chain/divSqrt_killed0
LOCK_NET=chiptop0/system/chipyard_prcictrl_domain/resetSynchronizer/nodeOut_member_allClocks_uncore_reset_catcher/io_sync_reset_chain/full2
LOCK_NET=chiptop0/system/chipyard_prcictrl_domain/resetSynchronizer/nodeOut_member_allClocks_uncore_reset_catcher/io_sync_reset_chain/int_rtc_tick_c_value_reg[0]
LOCK_NET=chiptop0/system/chipyard_prcictrl_domain/resetSynchronizer/nodeOut_member_allClocks_uncore_reset_catcher/io_sync_reset_chain/io_imem_progress
LOCK_NET=chiptop0/system/chipyard_prcictrl_domain/resetSynchronizer/nodeOut_member_allClocks_uncore_reset_catcher/io_sync_reset_chain/io_requestor_0_resp_valid
LOCK_NET=chiptop0/system/chipyard_prcictrl_domain/resetSynchronizer/nodeOut_member_allClocks_uncore_reset_catcher/io_sync_reset_chain/io_requestor_1_resp_valid
LOCK_NET=chiptop0/system/chipyard_prcictrl_domain/resetSynchronizer/nodeOut_member_allClocks_uncore_reset_catcher/io_sync_reset_chain/lopt
LOCK_NET=chiptop0/system/chipyard_prcictrl_domain/resetSynchronizer/nodeOut_member_allClocks_uncore_reset_catcher/io_sync_reset_chain/p_10_in
LOCK_NET=chiptop0/system/chipyard_prcictrl_domain/resetSynchronizer/nodeOut_member_allClocks_uncore_reset_catcher/io_sync_reset_chain/reset0
LOCK_NET=chiptop0/system/chipyard_prcictrl_domain/resetSynchronizer/nodeOut_member_allClocks_uncore_reset_catcher/io_sync_reset_chain/rxen
LOCK_NET=chiptop0/system/chipyard_prcictrl_domain/resetSynchronizer/nodeOut_member_allClocks_uncore_reset_catcher/io_sync_reset_chain/s1_probe
LOCK_NET=chiptop0/system/chipyard_prcictrl_domain/resetSynchronizer/nodeOut_member_allClocks_uncore_reset_catcher/io_sync_reset_chain/sectored_entries_0_0_valid_0_reg
LOCK_NET=chiptop0/system/chipyard_prcictrl_domain/resetSynchronizer/nodeOut_member_allClocks_uncore_reset_catcher/io_sync_reset_chain/sync_0_reg
LOCK_NET=chiptop0/system/chipyard_prcictrl_domain/resetSynchronizer/nodeOut_member_allClocks_uncore_reset_catcher/io_sync_reset_chain/sync_0_reg_0[0]
LOCK_NET=chiptop0/system/chipyard_prcictrl_domain/resetSynchronizer/nodeOut_member_allClocks_uncore_reset_catcher/io_sync_reset_chain/sync_0_reg_10
LOCK_NET=chiptop0/system/chipyard_prcictrl_domain/resetSynchronizer/nodeOut_member_allClocks_uncore_reset_catcher/io_sync_reset_chain/sync_0_reg_11[0]
LOCK_NET=chiptop0/system/chipyard_prcictrl_domain/resetSynchronizer/nodeOut_member_allClocks_uncore_reset_catcher/io_sync_reset_chain/sync_0_reg_1[0]
LOCK_NET=chiptop0/system/chipyard_prcictrl_domain/resetSynchronizer/nodeOut_member_allClocks_uncore_reset_catcher/io_sync_reset_chain/sync_0_reg_2[0]
LOCK_NET=chiptop0/system/chipyard_prcictrl_domain/resetSynchronizer/nodeOut_member_allClocks_uncore_reset_catcher/io_sync_reset_chain/sync_0_reg_3
LOCK_NET=chiptop0/system/chipyard_prcictrl_domain/resetSynchronizer/nodeOut_member_allClocks_uncore_reset_catcher/io_sync_reset_chain/sync_0_reg_4[0]
LOCK_NET=chiptop0/system/chipyard_prcictrl_domain/resetSynchronizer/nodeOut_member_allClocks_uncore_reset_catcher/io_sync_reset_chain/sync_0_reg_5[0]
LOCK_NET=chiptop0/system/chipyard_prcictrl_domain/resetSynchronizer/nodeOut_member_allClocks_uncore_reset_catcher/io_sync_reset_chain/sync_0_reg_6[0]
LOCK_NET=chiptop0/system/chipyard_prcictrl_domain/resetSynchronizer/nodeOut_member_allClocks_uncore_reset_catcher/io_sync_reset_chain/sync_0_reg_7
LOCK_NET=chiptop0/system/chipyard_prcictrl_domain/resetSynchronizer/nodeOut_member_allClocks_uncore_reset_catcher/io_sync_reset_chain/sync_0_reg_8
LOCK_NET=chiptop0/system/chipyard_prcictrl_domain/resetSynchronizer/nodeOut_member_allClocks_uncore_reset_catcher/io_sync_reset_chain/sync_0_reg_9
LOCK_NET=chiptop0/system/chipyard_prcictrl_domain/resetSynchronizer/nodeOut_member_allClocks_uncore_reset_catcher/io_sync_reset_chain/sync_0_reg_c_0_alias
LOCK_NET=chiptop0/system/chipyard_prcictrl_domain/resetSynchronizer/nodeOut_member_allClocks_uncore_reset_catcher/io_sync_reset_chain/sync_0_reg_c_0_bufg_place
LOCK_NET=chiptop0/system/chipyard_prcictrl_domain/resetSynchronizer/nodeOut_member_allClocks_uncore_reset_catcher/io_sync_reset_chain/sync_0_reg_c_0_bufg_place_replica
LOCK_NET=chiptop0/system/chipyard_prcictrl_domain/resetSynchronizer/nodeOut_member_allClocks_uncore_reset_catcher/io_sync_reset_chain/tlb_sectored_entries_0_1_valid_3_reg
LOCK_NET=chiptop0/system/chipyard_prcictrl_domain/resetSynchronizer/nodeOut_member_allClocks_uncore_reset_catcher/io_sync_reset_chain/output_chain/<const1>
LOCK_NET=chiptop0/system/chipyard_prcictrl_domain/resetSynchronizer/nodeOut_member_allClocks_uncore_reset_catcher/io_sync_reset_chain/output_chain/E[0]
LOCK_NET=chiptop0/system/chipyard_prcictrl_domain/resetSynchronizer/nodeOut_member_allClocks_uncore_reset_catcher/io_sync_reset_chain/output_chain/Q[0]
LOCK_NET=chiptop0/system/chipyard_prcictrl_domain/resetSynchronizer/nodeOut_member_allClocks_uncore_reset_catcher/io_sync_reset_chain/output_chain/Q[1]
LOCK_NET=chiptop0/system/chipyard_prcictrl_domain/resetSynchronizer/nodeOut_member_allClocks_uncore_reset_catcher/io_sync_reset_chain/output_chain/Q[2]
LOCK_NET=chiptop0/system/chipyard_prcictrl_domain/resetSynchronizer/nodeOut_member_allClocks_uncore_reset_catcher/io_sync_reset_chain/output_chain/Q[3]
LOCK_NET=chiptop0/system/chipyard_prcictrl_domain/resetSynchronizer/nodeOut_member_allClocks_uncore_reset_catcher/io_sync_reset_chain/output_chain/SR[0]
LOCK_NET=chiptop0/system/chipyard_prcictrl_domain/resetSynchronizer/nodeOut_member_allClocks_uncore_reset_catcher/io_sync_reset_chain/output_chain/SS[0]
LOCK_NET=chiptop0/system/chipyard_prcictrl_domain/resetSynchronizer/nodeOut_member_allClocks_uncore_reset_catcher/io_sync_reset_chain/output_chain/_core_io_imem_req_valid
LOCK_NET=chiptop0/system/chipyard_prcictrl_domain/resetSynchronizer/nodeOut_member_allClocks_uncore_reset_catcher/io_sync_reset_chain/output_chain/_dutWrangler_auto_out_reset
LOCK_NET=chiptop0/system/chipyard_prcictrl_domain/resetSynchronizer/nodeOut_member_allClocks_uncore_reset_catcher/io_sync_reset_chain/output_chain/clk_out1
LOCK_NET=chiptop0/system/chipyard_prcictrl_domain/resetSynchronizer/nodeOut_member_allClocks_uncore_reset_catcher/io_sync_reset_chain/output_chain/divSqrt_killed0
LOCK_NET=chiptop0/system/chipyard_prcictrl_domain/resetSynchronizer/nodeOut_member_allClocks_uncore_reset_catcher/io_sync_reset_chain/output_chain/full2
LOCK_NET=chiptop0/system/chipyard_prcictrl_domain/resetSynchronizer/nodeOut_member_allClocks_uncore_reset_catcher/io_sync_reset_chain/output_chain/int_rtc_tick_c_value_reg[0]
LOCK_NET=chiptop0/system/chipyard_prcictrl_domain/resetSynchronizer/nodeOut_member_allClocks_uncore_reset_catcher/io_sync_reset_chain/output_chain/io_imem_progress
LOCK_NET=chiptop0/system/chipyard_prcictrl_domain/resetSynchronizer/nodeOut_member_allClocks_uncore_reset_catcher/io_sync_reset_chain/output_chain/io_requestor_0_resp_valid
LOCK_NET=chiptop0/system/chipyard_prcictrl_domain/resetSynchronizer/nodeOut_member_allClocks_uncore_reset_catcher/io_sync_reset_chain/output_chain/io_requestor_1_resp_valid
LOCK_NET=chiptop0/system/chipyard_prcictrl_domain/resetSynchronizer/nodeOut_member_allClocks_uncore_reset_catcher/io_sync_reset_chain/output_chain/p_10_in
LOCK_NET=chiptop0/system/chipyard_prcictrl_domain/resetSynchronizer/nodeOut_member_allClocks_uncore_reset_catcher/io_sync_reset_chain/output_chain/reset0
LOCK_NET=chiptop0/system/chipyard_prcictrl_domain/resetSynchronizer/nodeOut_member_allClocks_uncore_reset_catcher/io_sync_reset_chain/output_chain/rxen
LOCK_NET=chiptop0/system/chipyard_prcictrl_domain/resetSynchronizer/nodeOut_member_allClocks_uncore_reset_catcher/io_sync_reset_chain/output_chain/s1_probe
LOCK_NET=chiptop0/system/chipyard_prcictrl_domain/resetSynchronizer/nodeOut_member_allClocks_uncore_reset_catcher/io_sync_reset_chain/output_chain/sectored_entries_0_0_valid_0_reg
LOCK_NET=chiptop0/system/chipyard_prcictrl_domain/resetSynchronizer/nodeOut_member_allClocks_uncore_reset_catcher/io_sync_reset_chain/output_chain/sync_0_reg_0
LOCK_NET=chiptop0/system/chipyard_prcictrl_domain/resetSynchronizer/nodeOut_member_allClocks_uncore_reset_catcher/io_sync_reset_chain/output_chain/sync_0_reg_10
LOCK_NET=chiptop0/system/chipyard_prcictrl_domain/resetSynchronizer/nodeOut_member_allClocks_uncore_reset_catcher/io_sync_reset_chain/output_chain/sync_0_reg_11
LOCK_NET=chiptop0/system/chipyard_prcictrl_domain/resetSynchronizer/nodeOut_member_allClocks_uncore_reset_catcher/io_sync_reset_chain/output_chain/sync_0_reg_12[0]
LOCK_NET=chiptop0/system/chipyard_prcictrl_domain/resetSynchronizer/nodeOut_member_allClocks_uncore_reset_catcher/io_sync_reset_chain/output_chain/sync_0_reg_1[0]
LOCK_NET=chiptop0/system/chipyard_prcictrl_domain/resetSynchronizer/nodeOut_member_allClocks_uncore_reset_catcher/io_sync_reset_chain/output_chain/sync_0_reg_2[0]
LOCK_NET=chiptop0/system/chipyard_prcictrl_domain/resetSynchronizer/nodeOut_member_allClocks_uncore_reset_catcher/io_sync_reset_chain/output_chain/sync_0_reg_3[0]
LOCK_NET=chiptop0/system/chipyard_prcictrl_domain/resetSynchronizer/nodeOut_member_allClocks_uncore_reset_catcher/io_sync_reset_chain/output_chain/sync_0_reg_4
LOCK_NET=chiptop0/system/chipyard_prcictrl_domain/resetSynchronizer/nodeOut_member_allClocks_uncore_reset_catcher/io_sync_reset_chain/output_chain/sync_0_reg_5[0]
LOCK_NET=chiptop0/system/chipyard_prcictrl_domain/resetSynchronizer/nodeOut_member_allClocks_uncore_reset_catcher/io_sync_reset_chain/output_chain/sync_0_reg_6[0]
LOCK_NET=chiptop0/system/chipyard_prcictrl_domain/resetSynchronizer/nodeOut_member_allClocks_uncore_reset_catcher/io_sync_reset_chain/output_chain/sync_0_reg_7[0]
LOCK_NET=chiptop0/system/chipyard_prcictrl_domain/resetSynchronizer/nodeOut_member_allClocks_uncore_reset_catcher/io_sync_reset_chain/output_chain/sync_0_reg_8
LOCK_NET=chiptop0/system/chipyard_prcictrl_domain/resetSynchronizer/nodeOut_member_allClocks_uncore_reset_catcher/io_sync_reset_chain/output_chain/sync_0_reg_9
LOCK_NET=chiptop0/system/chipyard_prcictrl_domain/resetSynchronizer/nodeOut_member_allClocks_uncore_reset_catcher/io_sync_reset_chain/output_chain/sync_0_reg_c_0_alias
LOCK_NET=chiptop0/system/chipyard_prcictrl_domain/resetSynchronizer/nodeOut_member_allClocks_uncore_reset_catcher/io_sync_reset_chain/output_chain/sync_0_reg_c_0_bufg_place
LOCK_NET=chiptop0/system/chipyard_prcictrl_domain/resetSynchronizer/nodeOut_member_allClocks_uncore_reset_catcher/io_sync_reset_chain/output_chain/sync_0_reg_c_0_bufg_place_replica
LOCK_NET=chiptop0/system/chipyard_prcictrl_domain/resetSynchronizer/nodeOut_member_allClocks_uncore_reset_catcher/io_sync_reset_chain/output_chain/sync_1
LOCK_NET=chiptop0/system/chipyard_prcictrl_domain/resetSynchronizer/nodeOut_member_allClocks_uncore_reset_catcher/io_sync_reset_chain/output_chain/sync_2
LOCK_NET=chiptop0/system/chipyard_prcictrl_domain/resetSynchronizer/nodeOut_member_allClocks_uncore_reset_catcher/io_sync_reset_chain/output_chain/tlb_sectored_entries_0_1_valid_3_reg
LOCK_NET=chiptop0/system/coh_wrapper/_sbus_auto_coupler_from_rockettile_tl_master_clock_xing_in_c_ready
LOCK_NET=chiptop0/system/coh_wrapper/_tile_prci_domain_auto_tl_master_clock_xing_out_a_bits_data[0]
LOCK_NET=chiptop0/system/coh_wrapper/_tile_prci_domain_auto_tl_master_clock_xing_out_a_bits_data[1]
LOCK_NET=chiptop0/system/coh_wrapper/_tile_prci_domain_auto_tl_master_clock_xing_out_a_bits_data[2]
LOCK_NET=chiptop0/system/coh_wrapper/_tile_prci_domain_auto_tl_master_clock_xing_out_a_bits_data[3]
LOCK_NET=chiptop0/system/coh_wrapper/_tile_prci_domain_auto_tl_master_clock_xing_out_c_valid
LOCK_NET=chiptop0/system/coh_wrapper/_tile_prci_domain_auto_tl_master_clock_xing_out_d_ready
LOCK_NET=chiptop0/system/coh_wrapper/InclusiveCache_inner_TLBuffer/_tile_prci_domain_auto_tl_master_clock_xing_out_a_bits_data[0]
LOCK_NET=chiptop0/system/coh_wrapper/InclusiveCache_inner_TLBuffer/_tile_prci_domain_auto_tl_master_clock_xing_out_a_bits_data[1]
LOCK_NET=chiptop0/system/coh_wrapper/InclusiveCache_inner_TLBuffer/_tile_prci_domain_auto_tl_master_clock_xing_out_a_bits_data[2]
LOCK_NET=chiptop0/system/coh_wrapper/InclusiveCache_inner_TLBuffer/_tile_prci_domain_auto_tl_master_clock_xing_out_a_bits_data[3]
LOCK_NET=chiptop0/system/coh_wrapper/InclusiveCache_inner_TLBuffer/_tile_prci_domain_auto_tl_master_clock_xing_out_d_ready
LOCK_NET=chiptop0/system/coh_wrapper/InclusiveCache_inner_TLBuffer/nodeIn_d_q/_tile_prci_domain_auto_tl_master_clock_xing_out_d_ready
LOCK_NET=chiptop0/system/coh_wrapper/InclusiveCache_inner_TLBuffer/nodeOut_a_q/_tile_prci_domain_auto_tl_master_clock_xing_out_a_bits_data[0]
LOCK_NET=chiptop0/system/coh_wrapper/InclusiveCache_inner_TLBuffer/nodeOut_a_q/_tile_prci_domain_auto_tl_master_clock_xing_out_a_bits_data[1]
LOCK_NET=chiptop0/system/coh_wrapper/InclusiveCache_inner_TLBuffer/nodeOut_a_q/_tile_prci_domain_auto_tl_master_clock_xing_out_a_bits_data[2]
LOCK_NET=chiptop0/system/coh_wrapper/InclusiveCache_inner_TLBuffer/nodeOut_a_q/_tile_prci_domain_auto_tl_master_clock_xing_out_a_bits_data[3]
LOCK_NET=chiptop0/system/coh_wrapper/l2/_sbus_auto_coupler_from_rockettile_tl_master_clock_xing_in_c_ready
LOCK_NET=chiptop0/system/coh_wrapper/l2/_tile_prci_domain_auto_tl_master_clock_xing_out_c_valid
LOCK_NET=chiptop0/system/coh_wrapper/l2/s1_block_r_i_4
LOCK_NET=chiptop0/system/coh_wrapper/l2/inclusive_cache_bank_sched/_mshrs_1_io_schedule_bits_a_bits_block
LOCK_NET=chiptop0/system/coh_wrapper/l2/inclusive_cache_bank_sched/_mshrs_2_io_schedule_bits_a_bits_block
LOCK_NET=chiptop0/system/coh_wrapper/l2/inclusive_cache_bank_sched/_mshrs_3_io_schedule_bits_a_bits_block
LOCK_NET=chiptop0/system/coh_wrapper/l2/inclusive_cache_bank_sched/_mshrs_4_io_schedule_bits_a_bits_block
LOCK_NET=chiptop0/system/coh_wrapper/l2/inclusive_cache_bank_sched/_mshrs_5_io_schedule_bits_a_bits_block
LOCK_NET=chiptop0/system/coh_wrapper/l2/inclusive_cache_bank_sched/_mshrs_6_io_schedule_bits_a_bits_block
LOCK_NET=chiptop0/system/coh_wrapper/l2/inclusive_cache_bank_sched/_sbus_auto_coupler_from_rockettile_tl_master_clock_xing_in_c_ready
LOCK_NET=chiptop0/system/coh_wrapper/l2/inclusive_cache_bank_sched/_tile_prci_domain_auto_tl_master_clock_xing_out_c_valid
LOCK_NET=chiptop0/system/coh_wrapper/l2/inclusive_cache_bank_sched/s1_block_r_i_4
LOCK_NET=chiptop0/system/coh_wrapper/l2/inclusive_cache_bank_sched/mshrs_0/_mshrs_0_io_schedule_bits_a_bits_block
LOCK_NET=chiptop0/system/coh_wrapper/l2/inclusive_cache_bank_sched/mshrs_0/_mshrs_1_io_schedule_bits_a_bits_block
LOCK_NET=chiptop0/system/coh_wrapper/l2/inclusive_cache_bank_sched/mshrs_0/_mshrs_2_io_schedule_bits_a_bits_block
LOCK_NET=chiptop0/system/coh_wrapper/l2/inclusive_cache_bank_sched/mshrs_0/_mshrs_3_io_schedule_bits_a_bits_block
LOCK_NET=chiptop0/system/coh_wrapper/l2/inclusive_cache_bank_sched/mshrs_0/_mshrs_4_io_schedule_bits_a_bits_block
LOCK_NET=chiptop0/system/coh_wrapper/l2/inclusive_cache_bank_sched/mshrs_0/_mshrs_5_io_schedule_bits_a_bits_block
LOCK_NET=chiptop0/system/coh_wrapper/l2/inclusive_cache_bank_sched/mshrs_0/_mshrs_6_io_schedule_bits_a_bits_block
LOCK_NET=chiptop0/system/coh_wrapper/l2/inclusive_cache_bank_sched/mshrs_1/_mshrs_1_io_schedule_bits_a_bits_block
LOCK_NET=chiptop0/system/coh_wrapper/l2/inclusive_cache_bank_sched/mshrs_2/_mshrs_2_io_schedule_bits_a_bits_block
LOCK_NET=chiptop0/system/coh_wrapper/l2/inclusive_cache_bank_sched/mshrs_3/_mshrs_3_io_schedule_bits_a_bits_block
LOCK_NET=chiptop0/system/coh_wrapper/l2/inclusive_cache_bank_sched/mshrs_4/_mshrs_4_io_schedule_bits_a_bits_block
LOCK_NET=chiptop0/system/coh_wrapper/l2/inclusive_cache_bank_sched/mshrs_5/_mshrs_5_io_schedule_bits_a_bits_block
LOCK_NET=chiptop0/system/coh_wrapper/l2/inclusive_cache_bank_sched/mshrs_6/_mshrs_6_io_schedule_bits_a_bits_block
LOCK_NET=chiptop0/system/coh_wrapper/l2/inclusive_cache_bank_sched/sinkC/_sbus_auto_coupler_from_rockettile_tl_master_clock_xing_in_c_ready
LOCK_NET=chiptop0/system/coh_wrapper/l2/inclusive_cache_bank_sched/sinkC/_tile_prci_domain_auto_tl_master_clock_xing_out_c_valid
LOCK_NET=chiptop0/system/coh_wrapper/l2/inclusive_cache_bank_sched/sinkC/c_q/_sbus_auto_coupler_from_rockettile_tl_master_clock_xing_in_c_ready
LOCK_NET=chiptop0/system/coh_wrapper/l2/inclusive_cache_bank_sched/sinkC/c_q/_tile_prci_domain_auto_tl_master_clock_xing_out_c_valid
LOCK_NET=chiptop0/system/coh_wrapper/l2/inclusive_cache_bank_sched/sinkC/c_q/ram_ext/_tile_prci_domain_auto_tl_master_clock_xing_out_c_valid
LOCK_NET=chiptop0/system/coh_wrapper/l2/inclusive_cache_bank_sched/sourceD/s1_block_r
LOCK_NET=chiptop0/system/coh_wrapper/l2/inclusive_cache_bank_sched/sourceD/s1_block_r0
LOCK_NET=chiptop0/system/coh_wrapper/l2/inclusive_cache_bank_sched/sourceD/s1_block_r_i_4_0
LOCK_NET=chiptop0/system/coh_wrapper/l2/inclusive_cache_bank_sched/sourceD/s1_block_r_i_4_n_0
LOCK_NET=chiptop0/system/coh_wrapper/l2/inclusive_cache_bank_sched/sourceD/s1_block_r_reg_0
LOCK_NET=chiptop0/system/pbus/_spiClockDomainWrapper_auto_spi_0_control_xing_in_d_bits_data[0]
LOCK_NET=chiptop0/system/pbus/_spiClockDomainWrapper_auto_spi_0_control_xing_in_d_bits_data[10]
LOCK_NET=chiptop0/system/pbus/_spiClockDomainWrapper_auto_spi_0_control_xing_in_d_bits_data[11]
LOCK_NET=chiptop0/system/pbus/_spiClockDomainWrapper_auto_spi_0_control_xing_in_d_bits_data[16]
LOCK_NET=chiptop0/system/pbus/_spiClockDomainWrapper_auto_spi_0_control_xing_in_d_bits_data[17]
LOCK_NET=chiptop0/system/pbus/_spiClockDomainWrapper_auto_spi_0_control_xing_in_d_bits_data[18]
LOCK_NET=chiptop0/system/pbus/_spiClockDomainWrapper_auto_spi_0_control_xing_in_d_bits_data[19]
LOCK_NET=chiptop0/system/pbus/_spiClockDomainWrapper_auto_spi_0_control_xing_in_d_bits_data[1]
LOCK_NET=chiptop0/system/pbus/_spiClockDomainWrapper_auto_spi_0_control_xing_in_d_bits_data[20]
LOCK_NET=chiptop0/system/pbus/_spiClockDomainWrapper_auto_spi_0_control_xing_in_d_bits_data[21]
LOCK_NET=chiptop0/system/pbus/_spiClockDomainWrapper_auto_spi_0_control_xing_in_d_bits_data[22]
LOCK_NET=chiptop0/system/pbus/_spiClockDomainWrapper_auto_spi_0_control_xing_in_d_bits_data[23]
LOCK_NET=chiptop0/system/pbus/_spiClockDomainWrapper_auto_spi_0_control_xing_in_d_bits_data[2]
LOCK_NET=chiptop0/system/pbus/_spiClockDomainWrapper_auto_spi_0_control_xing_in_d_bits_data[31]
LOCK_NET=chiptop0/system/pbus/_spiClockDomainWrapper_auto_spi_0_control_xing_in_d_bits_data[32]
LOCK_NET=chiptop0/system/pbus/_spiClockDomainWrapper_auto_spi_0_control_xing_in_d_bits_data[33]
LOCK_NET=chiptop0/system/pbus/_spiClockDomainWrapper_auto_spi_0_control_xing_in_d_bits_data[34]
LOCK_NET=chiptop0/system/pbus/_spiClockDomainWrapper_auto_spi_0_control_xing_in_d_bits_data[35]
LOCK_NET=chiptop0/system/pbus/_spiClockDomainWrapper_auto_spi_0_control_xing_in_d_bits_data[36]
LOCK_NET=chiptop0/system/pbus/_spiClockDomainWrapper_auto_spi_0_control_xing_in_d_bits_data[37]
LOCK_NET=chiptop0/system/pbus/_spiClockDomainWrapper_auto_spi_0_control_xing_in_d_bits_data[38]
LOCK_NET=chiptop0/system/pbus/_spiClockDomainWrapper_auto_spi_0_control_xing_in_d_bits_data[39]
LOCK_NET=chiptop0/system/pbus/_spiClockDomainWrapper_auto_spi_0_control_xing_in_d_bits_data[3]
LOCK_NET=chiptop0/system/pbus/_spiClockDomainWrapper_auto_spi_0_control_xing_in_d_bits_data[48]
LOCK_NET=chiptop0/system/pbus/_spiClockDomainWrapper_auto_spi_0_control_xing_in_d_bits_data[49]
LOCK_NET=chiptop0/system/pbus/_spiClockDomainWrapper_auto_spi_0_control_xing_in_d_bits_data[4]
LOCK_NET=chiptop0/system/pbus/_spiClockDomainWrapper_auto_spi_0_control_xing_in_d_bits_data[50]
LOCK_NET=chiptop0/system/pbus/_spiClockDomainWrapper_auto_spi_0_control_xing_in_d_bits_data[51]
LOCK_NET=chiptop0/system/pbus/_spiClockDomainWrapper_auto_spi_0_control_xing_in_d_bits_data[52]
LOCK_NET=chiptop0/system/pbus/_spiClockDomainWrapper_auto_spi_0_control_xing_in_d_bits_data[53]
LOCK_NET=chiptop0/system/pbus/_spiClockDomainWrapper_auto_spi_0_control_xing_in_d_bits_data[54]
LOCK_NET=chiptop0/system/pbus/_spiClockDomainWrapper_auto_spi_0_control_xing_in_d_bits_data[55]
LOCK_NET=chiptop0/system/pbus/_spiClockDomainWrapper_auto_spi_0_control_xing_in_d_bits_data[5]
LOCK_NET=chiptop0/system/pbus/_spiClockDomainWrapper_auto_spi_0_control_xing_in_d_bits_data[63]
LOCK_NET=chiptop0/system/pbus/_spiClockDomainWrapper_auto_spi_0_control_xing_in_d_bits_data[6]
LOCK_NET=chiptop0/system/pbus/_spiClockDomainWrapper_auto_spi_0_control_xing_in_d_bits_data[7]
LOCK_NET=chiptop0/system/pbus/_spiClockDomainWrapper_auto_spi_0_control_xing_in_d_bits_data[8]
LOCK_NET=chiptop0/system/pbus/_spiClockDomainWrapper_auto_spi_0_control_xing_in_d_bits_data[9]
LOCK_NET=chiptop0/system/pbus/_spiClockDomainWrapper_auto_spi_0_control_xing_in_d_bits_opcode[0]
LOCK_NET=chiptop0/system/pbus/_uartClockDomainWrapper_auto_uart_0_control_xing_in_d_bits_data[32]
LOCK_NET=chiptop0/system/pbus/_uartClockDomainWrapper_auto_uart_0_control_xing_in_d_bits_opcode[0]
LOCK_NET=chiptop0/system/pbus/buffer/_spiClockDomainWrapper_auto_spi_0_control_xing_in_d_bits_opcode[0]
LOCK_NET=chiptop0/system/pbus/buffer/nodeIn_d_q/_spiClockDomainWrapper_auto_spi_0_control_xing_in_d_bits_opcode[0]
LOCK_NET=chiptop0/system/pbus/buffer/nodeOut_a_q/_spiClockDomainWrapper_auto_spi_0_control_xing_in_d_bits_opcode[0]
LOCK_NET=chiptop0/system/pbus/buffer/nodeOut_a_q/ram_ext/_spiClockDomainWrapper_auto_spi_0_control_xing_in_d_bits_opcode[0]
LOCK_NET=chiptop0/system/pbus/coupler_to_device_named_spi_0/_spiClockDomainWrapper_auto_spi_0_control_xing_in_d_bits_data[0]
LOCK_NET=chiptop0/system/pbus/coupler_to_device_named_spi_0/_spiClockDomainWrapper_auto_spi_0_control_xing_in_d_bits_data[10]
LOCK_NET=chiptop0/system/pbus/coupler_to_device_named_spi_0/_spiClockDomainWrapper_auto_spi_0_control_xing_in_d_bits_data[11]
LOCK_NET=chiptop0/system/pbus/coupler_to_device_named_spi_0/_spiClockDomainWrapper_auto_spi_0_control_xing_in_d_bits_data[12]
LOCK_NET=chiptop0/system/pbus/coupler_to_device_named_spi_0/_spiClockDomainWrapper_auto_spi_0_control_xing_in_d_bits_data[13]
LOCK_NET=chiptop0/system/pbus/coupler_to_device_named_spi_0/_spiClockDomainWrapper_auto_spi_0_control_xing_in_d_bits_data[14]
LOCK_NET=chiptop0/system/pbus/coupler_to_device_named_spi_0/_spiClockDomainWrapper_auto_spi_0_control_xing_in_d_bits_data[15]
LOCK_NET=chiptop0/system/pbus/coupler_to_device_named_spi_0/_spiClockDomainWrapper_auto_spi_0_control_xing_in_d_bits_data[16]
LOCK_NET=chiptop0/system/pbus/coupler_to_device_named_spi_0/_spiClockDomainWrapper_auto_spi_0_control_xing_in_d_bits_data[17]
LOCK_NET=chiptop0/system/pbus/coupler_to_device_named_spi_0/_spiClockDomainWrapper_auto_spi_0_control_xing_in_d_bits_data[18]
LOCK_NET=chiptop0/system/pbus/coupler_to_device_named_spi_0/_spiClockDomainWrapper_auto_spi_0_control_xing_in_d_bits_data[19]
LOCK_NET=chiptop0/system/pbus/coupler_to_device_named_spi_0/_spiClockDomainWrapper_auto_spi_0_control_xing_in_d_bits_data[1]
LOCK_NET=chiptop0/system/pbus/coupler_to_device_named_spi_0/_spiClockDomainWrapper_auto_spi_0_control_xing_in_d_bits_data[20]
LOCK_NET=chiptop0/system/pbus/coupler_to_device_named_spi_0/_spiClockDomainWrapper_auto_spi_0_control_xing_in_d_bits_data[21]
LOCK_NET=chiptop0/system/pbus/coupler_to_device_named_spi_0/_spiClockDomainWrapper_auto_spi_0_control_xing_in_d_bits_data[22]
LOCK_NET=chiptop0/system/pbus/coupler_to_device_named_spi_0/_spiClockDomainWrapper_auto_spi_0_control_xing_in_d_bits_data[23]
LOCK_NET=chiptop0/system/pbus/coupler_to_device_named_spi_0/_spiClockDomainWrapper_auto_spi_0_control_xing_in_d_bits_data[24]
LOCK_NET=chiptop0/system/pbus/coupler_to_device_named_spi_0/_spiClockDomainWrapper_auto_spi_0_control_xing_in_d_bits_data[25]
LOCK_NET=chiptop0/system/pbus/coupler_to_device_named_spi_0/_spiClockDomainWrapper_auto_spi_0_control_xing_in_d_bits_data[26]
LOCK_NET=chiptop0/system/pbus/coupler_to_device_named_spi_0/_spiClockDomainWrapper_auto_spi_0_control_xing_in_d_bits_data[27]
LOCK_NET=chiptop0/system/pbus/coupler_to_device_named_spi_0/_spiClockDomainWrapper_auto_spi_0_control_xing_in_d_bits_data[28]
LOCK_NET=chiptop0/system/pbus/coupler_to_device_named_spi_0/_spiClockDomainWrapper_auto_spi_0_control_xing_in_d_bits_data[29]
LOCK_NET=chiptop0/system/pbus/coupler_to_device_named_spi_0/_spiClockDomainWrapper_auto_spi_0_control_xing_in_d_bits_data[2]
LOCK_NET=chiptop0/system/pbus/coupler_to_device_named_spi_0/_spiClockDomainWrapper_auto_spi_0_control_xing_in_d_bits_data[30]
LOCK_NET=chiptop0/system/pbus/coupler_to_device_named_spi_0/_spiClockDomainWrapper_auto_spi_0_control_xing_in_d_bits_data[31]
LOCK_NET=chiptop0/system/pbus/coupler_to_device_named_spi_0/_spiClockDomainWrapper_auto_spi_0_control_xing_in_d_bits_data[32]
LOCK_NET=chiptop0/system/pbus/coupler_to_device_named_spi_0/_spiClockDomainWrapper_auto_spi_0_control_xing_in_d_bits_data[33]
LOCK_NET=chiptop0/system/pbus/coupler_to_device_named_spi_0/_spiClockDomainWrapper_auto_spi_0_control_xing_in_d_bits_data[34]
LOCK_NET=chiptop0/system/pbus/coupler_to_device_named_spi_0/_spiClockDomainWrapper_auto_spi_0_control_xing_in_d_bits_data[35]
LOCK_NET=chiptop0/system/pbus/coupler_to_device_named_spi_0/_spiClockDomainWrapper_auto_spi_0_control_xing_in_d_bits_data[36]
LOCK_NET=chiptop0/system/pbus/coupler_to_device_named_spi_0/_spiClockDomainWrapper_auto_spi_0_control_xing_in_d_bits_data[37]
LOCK_NET=chiptop0/system/pbus/coupler_to_device_named_spi_0/_spiClockDomainWrapper_auto_spi_0_control_xing_in_d_bits_data[3]
LOCK_NET=chiptop0/system/pbus/coupler_to_device_named_spi_0/_spiClockDomainWrapper_auto_spi_0_control_xing_in_d_bits_data[4]
LOCK_NET=chiptop0/system/pbus/coupler_to_device_named_spi_0/_spiClockDomainWrapper_auto_spi_0_control_xing_in_d_bits_data[5]
LOCK_NET=chiptop0/system/pbus/coupler_to_device_named_spi_0/_spiClockDomainWrapper_auto_spi_0_control_xing_in_d_bits_data[6]
LOCK_NET=chiptop0/system/pbus/coupler_to_device_named_spi_0/_spiClockDomainWrapper_auto_spi_0_control_xing_in_d_bits_data[7]
LOCK_NET=chiptop0/system/pbus/coupler_to_device_named_spi_0/_spiClockDomainWrapper_auto_spi_0_control_xing_in_d_bits_data[8]
LOCK_NET=chiptop0/system/pbus/coupler_to_device_named_spi_0/_spiClockDomainWrapper_auto_spi_0_control_xing_in_d_bits_data[9]
LOCK_NET=chiptop0/system/pbus/coupler_to_device_named_spi_0/_spiClockDomainWrapper_auto_spi_0_control_xing_in_d_bits_opcode[0]
LOCK_NET=chiptop0/system/pbus/coupler_to_device_named_spi_0/fragmenter/_spiClockDomainWrapper_auto_spi_0_control_xing_in_d_bits_data[0]
LOCK_NET=chiptop0/system/pbus/coupler_to_device_named_spi_0/fragmenter/_spiClockDomainWrapper_auto_spi_0_control_xing_in_d_bits_data[10]
LOCK_NET=chiptop0/system/pbus/coupler_to_device_named_spi_0/fragmenter/_spiClockDomainWrapper_auto_spi_0_control_xing_in_d_bits_data[11]
LOCK_NET=chiptop0/system/pbus/coupler_to_device_named_spi_0/fragmenter/_spiClockDomainWrapper_auto_spi_0_control_xing_in_d_bits_data[12]
LOCK_NET=chiptop0/system/pbus/coupler_to_device_named_spi_0/fragmenter/_spiClockDomainWrapper_auto_spi_0_control_xing_in_d_bits_data[13]
LOCK_NET=chiptop0/system/pbus/coupler_to_device_named_spi_0/fragmenter/_spiClockDomainWrapper_auto_spi_0_control_xing_in_d_bits_data[14]
LOCK_NET=chiptop0/system/pbus/coupler_to_device_named_spi_0/fragmenter/_spiClockDomainWrapper_auto_spi_0_control_xing_in_d_bits_data[15]
LOCK_NET=chiptop0/system/pbus/coupler_to_device_named_spi_0/fragmenter/_spiClockDomainWrapper_auto_spi_0_control_xing_in_d_bits_data[16]
LOCK_NET=chiptop0/system/pbus/coupler_to_device_named_spi_0/fragmenter/_spiClockDomainWrapper_auto_spi_0_control_xing_in_d_bits_data[17]
LOCK_NET=chiptop0/system/pbus/coupler_to_device_named_spi_0/fragmenter/_spiClockDomainWrapper_auto_spi_0_control_xing_in_d_bits_data[18]
LOCK_NET=chiptop0/system/pbus/coupler_to_device_named_spi_0/fragmenter/_spiClockDomainWrapper_auto_spi_0_control_xing_in_d_bits_data[19]
LOCK_NET=chiptop0/system/pbus/coupler_to_device_named_spi_0/fragmenter/_spiClockDomainWrapper_auto_spi_0_control_xing_in_d_bits_data[1]
LOCK_NET=chiptop0/system/pbus/coupler_to_device_named_spi_0/fragmenter/_spiClockDomainWrapper_auto_spi_0_control_xing_in_d_bits_data[20]
LOCK_NET=chiptop0/system/pbus/coupler_to_device_named_spi_0/fragmenter/_spiClockDomainWrapper_auto_spi_0_control_xing_in_d_bits_data[21]
LOCK_NET=chiptop0/system/pbus/coupler_to_device_named_spi_0/fragmenter/_spiClockDomainWrapper_auto_spi_0_control_xing_in_d_bits_data[22]
LOCK_NET=chiptop0/system/pbus/coupler_to_device_named_spi_0/fragmenter/_spiClockDomainWrapper_auto_spi_0_control_xing_in_d_bits_data[23]
LOCK_NET=chiptop0/system/pbus/coupler_to_device_named_spi_0/fragmenter/_spiClockDomainWrapper_auto_spi_0_control_xing_in_d_bits_data[24]
LOCK_NET=chiptop0/system/pbus/coupler_to_device_named_spi_0/fragmenter/_spiClockDomainWrapper_auto_spi_0_control_xing_in_d_bits_data[25]
LOCK_NET=chiptop0/system/pbus/coupler_to_device_named_spi_0/fragmenter/_spiClockDomainWrapper_auto_spi_0_control_xing_in_d_bits_data[26]
LOCK_NET=chiptop0/system/pbus/coupler_to_device_named_spi_0/fragmenter/_spiClockDomainWrapper_auto_spi_0_control_xing_in_d_bits_data[27]
LOCK_NET=chiptop0/system/pbus/coupler_to_device_named_spi_0/fragmenter/_spiClockDomainWrapper_auto_spi_0_control_xing_in_d_bits_data[28]
LOCK_NET=chiptop0/system/pbus/coupler_to_device_named_spi_0/fragmenter/_spiClockDomainWrapper_auto_spi_0_control_xing_in_d_bits_data[29]
LOCK_NET=chiptop0/system/pbus/coupler_to_device_named_spi_0/fragmenter/_spiClockDomainWrapper_auto_spi_0_control_xing_in_d_bits_data[2]
LOCK_NET=chiptop0/system/pbus/coupler_to_device_named_spi_0/fragmenter/_spiClockDomainWrapper_auto_spi_0_control_xing_in_d_bits_data[30]
LOCK_NET=chiptop0/system/pbus/coupler_to_device_named_spi_0/fragmenter/_spiClockDomainWrapper_auto_spi_0_control_xing_in_d_bits_data[31]
LOCK_NET=chiptop0/system/pbus/coupler_to_device_named_spi_0/fragmenter/_spiClockDomainWrapper_auto_spi_0_control_xing_in_d_bits_data[32]
LOCK_NET=chiptop0/system/pbus/coupler_to_device_named_spi_0/fragmenter/_spiClockDomainWrapper_auto_spi_0_control_xing_in_d_bits_data[33]
LOCK_NET=chiptop0/system/pbus/coupler_to_device_named_spi_0/fragmenter/_spiClockDomainWrapper_auto_spi_0_control_xing_in_d_bits_data[34]
LOCK_NET=chiptop0/system/pbus/coupler_to_device_named_spi_0/fragmenter/_spiClockDomainWrapper_auto_spi_0_control_xing_in_d_bits_data[35]
LOCK_NET=chiptop0/system/pbus/coupler_to_device_named_spi_0/fragmenter/_spiClockDomainWrapper_auto_spi_0_control_xing_in_d_bits_data[36]
LOCK_NET=chiptop0/system/pbus/coupler_to_device_named_spi_0/fragmenter/_spiClockDomainWrapper_auto_spi_0_control_xing_in_d_bits_data[37]
LOCK_NET=chiptop0/system/pbus/coupler_to_device_named_spi_0/fragmenter/_spiClockDomainWrapper_auto_spi_0_control_xing_in_d_bits_data[3]
LOCK_NET=chiptop0/system/pbus/coupler_to_device_named_spi_0/fragmenter/_spiClockDomainWrapper_auto_spi_0_control_xing_in_d_bits_data[4]
LOCK_NET=chiptop0/system/pbus/coupler_to_device_named_spi_0/fragmenter/_spiClockDomainWrapper_auto_spi_0_control_xing_in_d_bits_data[5]
LOCK_NET=chiptop0/system/pbus/coupler_to_device_named_spi_0/fragmenter/_spiClockDomainWrapper_auto_spi_0_control_xing_in_d_bits_data[6]
LOCK_NET=chiptop0/system/pbus/coupler_to_device_named_spi_0/fragmenter/_spiClockDomainWrapper_auto_spi_0_control_xing_in_d_bits_data[7]
LOCK_NET=chiptop0/system/pbus/coupler_to_device_named_spi_0/fragmenter/_spiClockDomainWrapper_auto_spi_0_control_xing_in_d_bits_data[8]
LOCK_NET=chiptop0/system/pbus/coupler_to_device_named_spi_0/fragmenter/_spiClockDomainWrapper_auto_spi_0_control_xing_in_d_bits_data[9]
LOCK_NET=chiptop0/system/pbus/coupler_to_device_named_spi_0/fragmenter/repeater/_spiClockDomainWrapper_auto_spi_0_control_xing_in_d_bits_data[0]
LOCK_NET=chiptop0/system/pbus/coupler_to_device_named_spi_0/fragmenter/repeater/_spiClockDomainWrapper_auto_spi_0_control_xing_in_d_bits_data[10]
LOCK_NET=chiptop0/system/pbus/coupler_to_device_named_spi_0/fragmenter/repeater/_spiClockDomainWrapper_auto_spi_0_control_xing_in_d_bits_data[11]
LOCK_NET=chiptop0/system/pbus/coupler_to_device_named_spi_0/fragmenter/repeater/_spiClockDomainWrapper_auto_spi_0_control_xing_in_d_bits_data[12]
LOCK_NET=chiptop0/system/pbus/coupler_to_device_named_spi_0/fragmenter/repeater/_spiClockDomainWrapper_auto_spi_0_control_xing_in_d_bits_data[13]
LOCK_NET=chiptop0/system/pbus/coupler_to_device_named_spi_0/fragmenter/repeater/_spiClockDomainWrapper_auto_spi_0_control_xing_in_d_bits_data[14]
LOCK_NET=chiptop0/system/pbus/coupler_to_device_named_spi_0/fragmenter/repeater/_spiClockDomainWrapper_auto_spi_0_control_xing_in_d_bits_data[15]
LOCK_NET=chiptop0/system/pbus/coupler_to_device_named_spi_0/fragmenter/repeater/_spiClockDomainWrapper_auto_spi_0_control_xing_in_d_bits_data[16]
LOCK_NET=chiptop0/system/pbus/coupler_to_device_named_spi_0/fragmenter/repeater/_spiClockDomainWrapper_auto_spi_0_control_xing_in_d_bits_data[17]
LOCK_NET=chiptop0/system/pbus/coupler_to_device_named_spi_0/fragmenter/repeater/_spiClockDomainWrapper_auto_spi_0_control_xing_in_d_bits_data[18]
LOCK_NET=chiptop0/system/pbus/coupler_to_device_named_spi_0/fragmenter/repeater/_spiClockDomainWrapper_auto_spi_0_control_xing_in_d_bits_data[19]
LOCK_NET=chiptop0/system/pbus/coupler_to_device_named_spi_0/fragmenter/repeater/_spiClockDomainWrapper_auto_spi_0_control_xing_in_d_bits_data[1]
LOCK_NET=chiptop0/system/pbus/coupler_to_device_named_spi_0/fragmenter/repeater/_spiClockDomainWrapper_auto_spi_0_control_xing_in_d_bits_data[20]
LOCK_NET=chiptop0/system/pbus/coupler_to_device_named_spi_0/fragmenter/repeater/_spiClockDomainWrapper_auto_spi_0_control_xing_in_d_bits_data[21]
LOCK_NET=chiptop0/system/pbus/coupler_to_device_named_spi_0/fragmenter/repeater/_spiClockDomainWrapper_auto_spi_0_control_xing_in_d_bits_data[22]
LOCK_NET=chiptop0/system/pbus/coupler_to_device_named_spi_0/fragmenter/repeater/_spiClockDomainWrapper_auto_spi_0_control_xing_in_d_bits_data[23]
LOCK_NET=chiptop0/system/pbus/coupler_to_device_named_spi_0/fragmenter/repeater/_spiClockDomainWrapper_auto_spi_0_control_xing_in_d_bits_data[24]
LOCK_NET=chiptop0/system/pbus/coupler_to_device_named_spi_0/fragmenter/repeater/_spiClockDomainWrapper_auto_spi_0_control_xing_in_d_bits_data[25]
LOCK_NET=chiptop0/system/pbus/coupler_to_device_named_spi_0/fragmenter/repeater/_spiClockDomainWrapper_auto_spi_0_control_xing_in_d_bits_data[26]
LOCK_NET=chiptop0/system/pbus/coupler_to_device_named_spi_0/fragmenter/repeater/_spiClockDomainWrapper_auto_spi_0_control_xing_in_d_bits_data[27]
LOCK_NET=chiptop0/system/pbus/coupler_to_device_named_spi_0/fragmenter/repeater/_spiClockDomainWrapper_auto_spi_0_control_xing_in_d_bits_data[28]
LOCK_NET=chiptop0/system/pbus/coupler_to_device_named_spi_0/fragmenter/repeater/_spiClockDomainWrapper_auto_spi_0_control_xing_in_d_bits_data[29]
LOCK_NET=chiptop0/system/pbus/coupler_to_device_named_spi_0/fragmenter/repeater/_spiClockDomainWrapper_auto_spi_0_control_xing_in_d_bits_data[2]
LOCK_NET=chiptop0/system/pbus/coupler_to_device_named_spi_0/fragmenter/repeater/_spiClockDomainWrapper_auto_spi_0_control_xing_in_d_bits_data[30]
LOCK_NET=chiptop0/system/pbus/coupler_to_device_named_spi_0/fragmenter/repeater/_spiClockDomainWrapper_auto_spi_0_control_xing_in_d_bits_data[31]
LOCK_NET=chiptop0/system/pbus/coupler_to_device_named_spi_0/fragmenter/repeater/_spiClockDomainWrapper_auto_spi_0_control_xing_in_d_bits_data[32]
LOCK_NET=chiptop0/system/pbus/coupler_to_device_named_spi_0/fragmenter/repeater/_spiClockDomainWrapper_auto_spi_0_control_xing_in_d_bits_data[33]
LOCK_NET=chiptop0/system/pbus/coupler_to_device_named_spi_0/fragmenter/repeater/_spiClockDomainWrapper_auto_spi_0_control_xing_in_d_bits_data[34]
LOCK_NET=chiptop0/system/pbus/coupler_to_device_named_spi_0/fragmenter/repeater/_spiClockDomainWrapper_auto_spi_0_control_xing_in_d_bits_data[35]
LOCK_NET=chiptop0/system/pbus/coupler_to_device_named_spi_0/fragmenter/repeater/_spiClockDomainWrapper_auto_spi_0_control_xing_in_d_bits_data[36]
LOCK_NET=chiptop0/system/pbus/coupler_to_device_named_spi_0/fragmenter/repeater/_spiClockDomainWrapper_auto_spi_0_control_xing_in_d_bits_data[37]
LOCK_NET=chiptop0/system/pbus/coupler_to_device_named_spi_0/fragmenter/repeater/_spiClockDomainWrapper_auto_spi_0_control_xing_in_d_bits_data[3]
LOCK_NET=chiptop0/system/pbus/coupler_to_device_named_spi_0/fragmenter/repeater/_spiClockDomainWrapper_auto_spi_0_control_xing_in_d_bits_data[4]
LOCK_NET=chiptop0/system/pbus/coupler_to_device_named_spi_0/fragmenter/repeater/_spiClockDomainWrapper_auto_spi_0_control_xing_in_d_bits_data[5]
LOCK_NET=chiptop0/system/pbus/coupler_to_device_named_spi_0/fragmenter/repeater/_spiClockDomainWrapper_auto_spi_0_control_xing_in_d_bits_data[6]
LOCK_NET=chiptop0/system/pbus/coupler_to_device_named_spi_0/fragmenter/repeater/_spiClockDomainWrapper_auto_spi_0_control_xing_in_d_bits_data[7]
LOCK_NET=chiptop0/system/pbus/coupler_to_device_named_spi_0/fragmenter/repeater/_spiClockDomainWrapper_auto_spi_0_control_xing_in_d_bits_data[8]
LOCK_NET=chiptop0/system/pbus/coupler_to_device_named_spi_0/fragmenter/repeater/_spiClockDomainWrapper_auto_spi_0_control_xing_in_d_bits_data[9]
LOCK_NET=chiptop0/system/pbus/coupler_to_device_named_uart_0/_uartClockDomainWrapper_auto_uart_0_control_xing_in_d_bits_data[0]
LOCK_NET=chiptop0/system/pbus/coupler_to_device_named_uart_0/fragmenter/_uartClockDomainWrapper_auto_uart_0_control_xing_in_d_bits_data[0]
LOCK_NET=chiptop0/system/pbus/coupler_to_device_named_uart_0/fragmenter/repeater/_uartClockDomainWrapper_auto_uart_0_control_xing_in_d_bits_data[0]
LOCK_NET=chiptop0/system/pbus/out_xbar/_spiClockDomainWrapper_auto_spi_0_control_xing_in_d_bits_data[0]
LOCK_NET=chiptop0/system/pbus/out_xbar/_spiClockDomainWrapper_auto_spi_0_control_xing_in_d_bits_data[10]
LOCK_NET=chiptop0/system/pbus/out_xbar/_spiClockDomainWrapper_auto_spi_0_control_xing_in_d_bits_data[11]
LOCK_NET=chiptop0/system/pbus/out_xbar/_spiClockDomainWrapper_auto_spi_0_control_xing_in_d_bits_data[12]
LOCK_NET=chiptop0/system/pbus/out_xbar/_spiClockDomainWrapper_auto_spi_0_control_xing_in_d_bits_data[13]
LOCK_NET=chiptop0/system/pbus/out_xbar/_spiClockDomainWrapper_auto_spi_0_control_xing_in_d_bits_data[14]
LOCK_NET=chiptop0/system/pbus/out_xbar/_spiClockDomainWrapper_auto_spi_0_control_xing_in_d_bits_data[15]
LOCK_NET=chiptop0/system/pbus/out_xbar/_spiClockDomainWrapper_auto_spi_0_control_xing_in_d_bits_data[16]
LOCK_NET=chiptop0/system/pbus/out_xbar/_spiClockDomainWrapper_auto_spi_0_control_xing_in_d_bits_data[17]
LOCK_NET=chiptop0/system/pbus/out_xbar/_spiClockDomainWrapper_auto_spi_0_control_xing_in_d_bits_data[18]
LOCK_NET=chiptop0/system/pbus/out_xbar/_spiClockDomainWrapper_auto_spi_0_control_xing_in_d_bits_data[19]
LOCK_NET=chiptop0/system/pbus/out_xbar/_spiClockDomainWrapper_auto_spi_0_control_xing_in_d_bits_data[1]
LOCK_NET=chiptop0/system/pbus/out_xbar/_spiClockDomainWrapper_auto_spi_0_control_xing_in_d_bits_data[20]
LOCK_NET=chiptop0/system/pbus/out_xbar/_spiClockDomainWrapper_auto_spi_0_control_xing_in_d_bits_data[21]
LOCK_NET=chiptop0/system/pbus/out_xbar/_spiClockDomainWrapper_auto_spi_0_control_xing_in_d_bits_data[22]
LOCK_NET=chiptop0/system/pbus/out_xbar/_spiClockDomainWrapper_auto_spi_0_control_xing_in_d_bits_data[23]
LOCK_NET=chiptop0/system/pbus/out_xbar/_spiClockDomainWrapper_auto_spi_0_control_xing_in_d_bits_data[24]
LOCK_NET=chiptop0/system/pbus/out_xbar/_spiClockDomainWrapper_auto_spi_0_control_xing_in_d_bits_data[25]
LOCK_NET=chiptop0/system/pbus/out_xbar/_spiClockDomainWrapper_auto_spi_0_control_xing_in_d_bits_data[26]
LOCK_NET=chiptop0/system/pbus/out_xbar/_spiClockDomainWrapper_auto_spi_0_control_xing_in_d_bits_data[27]
LOCK_NET=chiptop0/system/pbus/out_xbar/_spiClockDomainWrapper_auto_spi_0_control_xing_in_d_bits_data[28]
LOCK_NET=chiptop0/system/pbus/out_xbar/_spiClockDomainWrapper_auto_spi_0_control_xing_in_d_bits_data[29]
LOCK_NET=chiptop0/system/pbus/out_xbar/_spiClockDomainWrapper_auto_spi_0_control_xing_in_d_bits_data[2]
LOCK_NET=chiptop0/system/pbus/out_xbar/_spiClockDomainWrapper_auto_spi_0_control_xing_in_d_bits_data[30]
LOCK_NET=chiptop0/system/pbus/out_xbar/_spiClockDomainWrapper_auto_spi_0_control_xing_in_d_bits_data[31]
LOCK_NET=chiptop0/system/pbus/out_xbar/_spiClockDomainWrapper_auto_spi_0_control_xing_in_d_bits_data[32]
LOCK_NET=chiptop0/system/pbus/out_xbar/_spiClockDomainWrapper_auto_spi_0_control_xing_in_d_bits_data[33]
LOCK_NET=chiptop0/system/pbus/out_xbar/_spiClockDomainWrapper_auto_spi_0_control_xing_in_d_bits_data[34]
LOCK_NET=chiptop0/system/pbus/out_xbar/_spiClockDomainWrapper_auto_spi_0_control_xing_in_d_bits_data[35]
LOCK_NET=chiptop0/system/pbus/out_xbar/_spiClockDomainWrapper_auto_spi_0_control_xing_in_d_bits_data[36]
LOCK_NET=chiptop0/system/pbus/out_xbar/_spiClockDomainWrapper_auto_spi_0_control_xing_in_d_bits_data[37]
LOCK_NET=chiptop0/system/pbus/out_xbar/_spiClockDomainWrapper_auto_spi_0_control_xing_in_d_bits_data[3]
LOCK_NET=chiptop0/system/pbus/out_xbar/_spiClockDomainWrapper_auto_spi_0_control_xing_in_d_bits_data[4]
LOCK_NET=chiptop0/system/pbus/out_xbar/_spiClockDomainWrapper_auto_spi_0_control_xing_in_d_bits_data[5]
LOCK_NET=chiptop0/system/pbus/out_xbar/_spiClockDomainWrapper_auto_spi_0_control_xing_in_d_bits_data[6]
LOCK_NET=chiptop0/system/pbus/out_xbar/_spiClockDomainWrapper_auto_spi_0_control_xing_in_d_bits_data[7]
LOCK_NET=chiptop0/system/pbus/out_xbar/_spiClockDomainWrapper_auto_spi_0_control_xing_in_d_bits_data[8]
LOCK_NET=chiptop0/system/pbus/out_xbar/_spiClockDomainWrapper_auto_spi_0_control_xing_in_d_bits_data[9]
LOCK_NET=chiptop0/system/pbus/out_xbar/_spiClockDomainWrapper_auto_spi_0_control_xing_in_d_bits_opcode[0]
LOCK_NET=chiptop0/system/pbus/out_xbar/_uartClockDomainWrapper_auto_uart_0_control_xing_in_d_bits_data[0]
LOCK_NET=chiptop0/system/plic_domain/_plic_domain_auto_int_in_clock_xing_out_0_sync_0
LOCK_NET=chiptop0/system/plic_domain/_plic_domain_auto_int_in_clock_xing_out_1_sync_0
LOCK_NET=chiptop0/system/plic_domain/_uartClockDomainWrapper_auto_uart_0_int_xing_out_sync_0
LOCK_NET=chiptop0/system/plic_domain/intsource/_plic_domain_auto_int_in_clock_xing_out_0_sync_0
LOCK_NET=chiptop0/system/plic_domain/intsource/reg_0/_plic_domain_auto_int_in_clock_xing_out_0_sync_0
LOCK_NET=chiptop0/system/plic_domain/intsource_1/_plic_domain_auto_int_in_clock_xing_out_1_sync_0
LOCK_NET=chiptop0/system/plic_domain/intsource_1/reg_0/_plic_domain_auto_int_in_clock_xing_out_1_sync_0
LOCK_NET=chiptop0/system/plic_domain/plic/_uartClockDomainWrapper_auto_uart_0_int_xing_out_sync_0
LOCK_NET=chiptop0/system/plic_domain/plic/out_back_front_q/_uartClockDomainWrapper_auto_uart_0_int_xing_out_sync_0
LOCK_NET=chiptop0/system/sbus/_sbus_auto_coupler_from_rockettile_tl_master_clock_xing_in_d_valid
LOCK_NET=chiptop0/system/sbus/_tile_prci_domain_auto_tl_master_clock_xing_out_a_bits_data[0]
LOCK_NET=chiptop0/system/sbus/_tile_prci_domain_auto_tl_master_clock_xing_out_a_bits_data[1]
LOCK_NET=chiptop0/system/sbus/_tile_prci_domain_auto_tl_master_clock_xing_out_a_bits_data[2]
LOCK_NET=chiptop0/system/sbus/_tile_prci_domain_auto_tl_master_clock_xing_out_a_bits_data[3]
LOCK_NET=chiptop0/system/sbus/_tile_prci_domain_auto_tl_master_clock_xing_out_d_ready
LOCK_NET=chiptop0/system/sbus/system_bus_xbar/_sbus_auto_coupler_from_rockettile_tl_master_clock_xing_in_d_valid
LOCK_NET=chiptop0/system/sbus/system_bus_xbar/_tile_prci_domain_auto_tl_master_clock_xing_out_a_bits_data[0]
LOCK_NET=chiptop0/system/sbus/system_bus_xbar/_tile_prci_domain_auto_tl_master_clock_xing_out_a_bits_data[1]
LOCK_NET=chiptop0/system/sbus/system_bus_xbar/_tile_prci_domain_auto_tl_master_clock_xing_out_a_bits_data[2]
LOCK_NET=chiptop0/system/sbus/system_bus_xbar/_tile_prci_domain_auto_tl_master_clock_xing_out_a_bits_data[3]
LOCK_NET=chiptop0/system/sbus/system_bus_xbar/_tile_prci_domain_auto_tl_master_clock_xing_out_d_ready
LOCK_NET=chiptop0/system/spiClockDomainWrapper/E[0]
LOCK_NET=chiptop0/system/spiClockDomainWrapper/Q[0]
LOCK_NET=chiptop0/system/spiClockDomainWrapper/Q[1]
LOCK_NET=chiptop0/system/spiClockDomainWrapper/_GEN_0[0]__0[0]
LOCK_NET=chiptop0/system/spiClockDomainWrapper/_GEN_0[2]__0[0]
LOCK_NET=chiptop0/system/spiClockDomainWrapper/_GEN_0[8]__0[0]
LOCK_NET=chiptop0/system/spiClockDomainWrapper/_GEN_0[8]__0[1]
LOCK_NET=chiptop0/system/spiClockDomainWrapper/_GEN_0[8]__0[2]
LOCK_NET=chiptop0/system/spiClockDomainWrapper/_GEN_0[8]__0[3]
LOCK_NET=chiptop0/system/spiClockDomainWrapper/_GEN_0[8]__0[4]
LOCK_NET=chiptop0/system/spiClockDomainWrapper/_GEN_0[8]__0[5]
LOCK_NET=chiptop0/system/spiClockDomainWrapper/_aggregator_auto_out_4_member_cbus_cbus_0_reset
LOCK_NET=chiptop0/system/spiClockDomainWrapper/_fifo_io_rx_bits[0]
LOCK_NET=chiptop0/system/spiClockDomainWrapper/_fifo_io_rx_bits[1]
LOCK_NET=chiptop0/system/spiClockDomainWrapper/_fifo_io_rx_bits[2]
LOCK_NET=chiptop0/system/spiClockDomainWrapper/_fifo_io_rx_bits[3]
LOCK_NET=chiptop0/system/spiClockDomainWrapper/_fifo_io_rx_bits[4]
LOCK_NET=chiptop0/system/spiClockDomainWrapper/_fifo_io_rx_bits[5]
LOCK_NET=chiptop0/system/spiClockDomainWrapper/_fifo_io_rx_bits[6]
LOCK_NET=chiptop0/system/spiClockDomainWrapper/_fifo_io_rx_bits[7]
LOCK_NET=chiptop0/system/spiClockDomainWrapper/_ibus_int_bus_auto_anon_out_1
LOCK_NET=chiptop0/system/spiClockDomainWrapper/auto_io_out_cs_0
LOCK_NET=chiptop0/system/spiClockDomainWrapper/auto_io_out_dq_0_o
LOCK_NET=chiptop0/system/spiClockDomainWrapper/clk_out1
LOCK_NET=chiptop0/system/spiClockDomainWrapper/ctrl_cs_dflt_0_reg
LOCK_NET=chiptop0/system/spiClockDomainWrapper/ctrl_cs_id
LOCK_NET=chiptop0/system/spiClockDomainWrapper/ctrl_cs_id_reg
LOCK_NET=chiptop0/system/spiClockDomainWrapper/ctrl_cs_mode_reg[0][0]
LOCK_NET=chiptop0/system/spiClockDomainWrapper/ctrl_dla_cssck_reg[7][0]
LOCK_NET=chiptop0/system/spiClockDomainWrapper/ctrl_dla_intercs_reg[0][0]
LOCK_NET=chiptop0/system/spiClockDomainWrapper/ctrl_dla_interxfr_reg[0][0]
LOCK_NET=chiptop0/system/spiClockDomainWrapper/ctrl_dla_interxfr_reg[7][0]
LOCK_NET=chiptop0/system/spiClockDomainWrapper/ctrl_dla_interxfr_reg[7][10]
LOCK_NET=chiptop0/system/spiClockDomainWrapper/ctrl_dla_interxfr_reg[7][11]
LOCK_NET=chiptop0/system/spiClockDomainWrapper/ctrl_dla_interxfr_reg[7][12]
LOCK_NET=chiptop0/system/spiClockDomainWrapper/ctrl_dla_interxfr_reg[7][13]
LOCK_NET=chiptop0/system/spiClockDomainWrapper/ctrl_dla_interxfr_reg[7][14]
LOCK_NET=chiptop0/system/spiClockDomainWrapper/ctrl_dla_interxfr_reg[7][15]
LOCK_NET=chiptop0/system/spiClockDomainWrapper/ctrl_dla_interxfr_reg[7][16]
LOCK_NET=chiptop0/system/spiClockDomainWrapper/ctrl_dla_interxfr_reg[7][17]
LOCK_NET=chiptop0/system/spiClockDomainWrapper/ctrl_dla_interxfr_reg[7][18]
LOCK_NET=chiptop0/system/spiClockDomainWrapper/ctrl_dla_interxfr_reg[7][19]
LOCK_NET=chiptop0/system/spiClockDomainWrapper/ctrl_dla_interxfr_reg[7][1]
LOCK_NET=chiptop0/system/spiClockDomainWrapper/ctrl_dla_interxfr_reg[7][20]
LOCK_NET=chiptop0/system/spiClockDomainWrapper/ctrl_dla_interxfr_reg[7][21]
LOCK_NET=chiptop0/system/spiClockDomainWrapper/ctrl_dla_interxfr_reg[7][22]
LOCK_NET=chiptop0/system/spiClockDomainWrapper/ctrl_dla_interxfr_reg[7][23]
LOCK_NET=chiptop0/system/spiClockDomainWrapper/ctrl_dla_interxfr_reg[7][24]
LOCK_NET=chiptop0/system/spiClockDomainWrapper/ctrl_dla_interxfr_reg[7][25]
LOCK_NET=chiptop0/system/spiClockDomainWrapper/ctrl_dla_interxfr_reg[7][26]
LOCK_NET=chiptop0/system/spiClockDomainWrapper/ctrl_dla_interxfr_reg[7][27]
LOCK_NET=chiptop0/system/spiClockDomainWrapper/ctrl_dla_interxfr_reg[7][28]
LOCK_NET=chiptop0/system/spiClockDomainWrapper/ctrl_dla_interxfr_reg[7][29]
LOCK_NET=chiptop0/system/spiClockDomainWrapper/ctrl_dla_interxfr_reg[7][2]
LOCK_NET=chiptop0/system/spiClockDomainWrapper/ctrl_dla_interxfr_reg[7][30]
LOCK_NET=chiptop0/system/spiClockDomainWrapper/ctrl_dla_interxfr_reg[7][31]
LOCK_NET=chiptop0/system/spiClockDomainWrapper/ctrl_dla_interxfr_reg[7][32]
LOCK_NET=chiptop0/system/spiClockDomainWrapper/ctrl_dla_interxfr_reg[7][33]
LOCK_NET=chiptop0/system/spiClockDomainWrapper/ctrl_dla_interxfr_reg[7][34]
LOCK_NET=chiptop0/system/spiClockDomainWrapper/ctrl_dla_interxfr_reg[7][35]
LOCK_NET=chiptop0/system/spiClockDomainWrapper/ctrl_dla_interxfr_reg[7][3]
LOCK_NET=chiptop0/system/spiClockDomainWrapper/ctrl_dla_interxfr_reg[7][4]
LOCK_NET=chiptop0/system/spiClockDomainWrapper/ctrl_dla_interxfr_reg[7][5]
LOCK_NET=chiptop0/system/spiClockDomainWrapper/ctrl_dla_interxfr_reg[7][6]
LOCK_NET=chiptop0/system/spiClockDomainWrapper/ctrl_dla_interxfr_reg[7][7]
LOCK_NET=chiptop0/system/spiClockDomainWrapper/ctrl_dla_interxfr_reg[7][8]
LOCK_NET=chiptop0/system/spiClockDomainWrapper/ctrl_dla_interxfr_reg[7][9]
LOCK_NET=chiptop0/system/spiClockDomainWrapper/ctrl_dla_sckcs_reg[0][0]
LOCK_NET=chiptop0/system/spiClockDomainWrapper/ctrl_extradel_coarse_reg[0][0]
LOCK_NET=chiptop0/system/spiClockDomainWrapper/ctrl_fmt_iodir_reg[0]
LOCK_NET=chiptop0/system/spiClockDomainWrapper/ctrl_fmt_len_reg[0][0]
LOCK_NET=chiptop0/system/spiClockDomainWrapper/ctrl_sampledel_sd_reg[0][0]
LOCK_NET=chiptop0/system/spiClockDomainWrapper/ctrl_sck_div_reg[0][0]
LOCK_NET=chiptop0/system/spiClockDomainWrapper/ctrl_sck_div_reg[11][0]
LOCK_NET=chiptop0/system/spiClockDomainWrapper/ctrl_sck_div_reg[11][10]
LOCK_NET=chiptop0/system/spiClockDomainWrapper/ctrl_sck_div_reg[11][11]
LOCK_NET=chiptop0/system/spiClockDomainWrapper/ctrl_sck_div_reg[11][1]
LOCK_NET=chiptop0/system/spiClockDomainWrapper/ctrl_sck_div_reg[11][2]
LOCK_NET=chiptop0/system/spiClockDomainWrapper/ctrl_sck_div_reg[11][3]
LOCK_NET=chiptop0/system/spiClockDomainWrapper/ctrl_sck_div_reg[11][4]
LOCK_NET=chiptop0/system/spiClockDomainWrapper/ctrl_sck_div_reg[11][5]
LOCK_NET=chiptop0/system/spiClockDomainWrapper/ctrl_sck_div_reg[11][6]
LOCK_NET=chiptop0/system/spiClockDomainWrapper/ctrl_sck_div_reg[11][7]
LOCK_NET=chiptop0/system/spiClockDomainWrapper/ctrl_sck_div_reg[11][8]
LOCK_NET=chiptop0/system/spiClockDomainWrapper/ctrl_sck_div_reg[11][9]
LOCK_NET=chiptop0/system/spiClockDomainWrapper/ctrl_sck_pha
LOCK_NET=chiptop0/system/spiClockDomainWrapper/ctrl_sck_pol0
LOCK_NET=chiptop0/system/spiClockDomainWrapper/ctrl_wm_rx_reg[0][0]
LOCK_NET=chiptop0/system/spiClockDomainWrapper/ctrl_wm_rx_reg[2]
LOCK_NET=chiptop0/system/spiClockDomainWrapper/ctrl_wm_tx_reg[0][0]
LOCK_NET=chiptop0/system/spiClockDomainWrapper/ctrl_wm_tx_reg[2]
LOCK_NET=chiptop0/system/spiClockDomainWrapper/data1[0]
LOCK_NET=chiptop0/system/spiClockDomainWrapper/data1[1]
LOCK_NET=chiptop0/system/spiClockDomainWrapper/data1[2]
LOCK_NET=chiptop0/system/spiClockDomainWrapper/data1[3]
LOCK_NET=chiptop0/system/spiClockDomainWrapper/data1[4]
LOCK_NET=chiptop0/system/spiClockDomainWrapper/data1[5]
LOCK_NET=chiptop0/system/spiClockDomainWrapper/data1[6]
LOCK_NET=chiptop0/system/spiClockDomainWrapper/data1[7]
LOCK_NET=chiptop0/system/spiClockDomainWrapper/data3[0]
LOCK_NET=chiptop0/system/spiClockDomainWrapper/data3[1]
LOCK_NET=chiptop0/system/spiClockDomainWrapper/data4[0]
LOCK_NET=chiptop0/system/spiClockDomainWrapper/data4[10]
LOCK_NET=chiptop0/system/spiClockDomainWrapper/data4[11]
LOCK_NET=chiptop0/system/spiClockDomainWrapper/data4[12]
LOCK_NET=chiptop0/system/spiClockDomainWrapper/data4[13]
LOCK_NET=chiptop0/system/spiClockDomainWrapper/data4[14]
LOCK_NET=chiptop0/system/spiClockDomainWrapper/data4[15]
LOCK_NET=chiptop0/system/spiClockDomainWrapper/data4[16]
LOCK_NET=chiptop0/system/spiClockDomainWrapper/data4[1]
LOCK_NET=chiptop0/system/spiClockDomainWrapper/data4[2]
LOCK_NET=chiptop0/system/spiClockDomainWrapper/data4[3]
LOCK_NET=chiptop0/system/spiClockDomainWrapper/data4[4]
LOCK_NET=chiptop0/system/spiClockDomainWrapper/data4[5]
LOCK_NET=chiptop0/system/spiClockDomainWrapper/data4[6]
LOCK_NET=chiptop0/system/spiClockDomainWrapper/data4[7]
LOCK_NET=chiptop0/system/spiClockDomainWrapper/data4[8]
LOCK_NET=chiptop0/system/spiClockDomainWrapper/data4[9]
LOCK_NET=chiptop0/system/spiClockDomainWrapper/data5[0]
LOCK_NET=chiptop0/system/spiClockDomainWrapper/data5[10]
LOCK_NET=chiptop0/system/spiClockDomainWrapper/data5[11]
LOCK_NET=chiptop0/system/spiClockDomainWrapper/data5[12]
LOCK_NET=chiptop0/system/spiClockDomainWrapper/data5[13]
LOCK_NET=chiptop0/system/spiClockDomainWrapper/data5[14]
LOCK_NET=chiptop0/system/spiClockDomainWrapper/data5[15]
LOCK_NET=chiptop0/system/spiClockDomainWrapper/data5[16]
LOCK_NET=chiptop0/system/spiClockDomainWrapper/data5[17]
LOCK_NET=chiptop0/system/spiClockDomainWrapper/data5[18]
LOCK_NET=chiptop0/system/spiClockDomainWrapper/data5[19]
LOCK_NET=chiptop0/system/spiClockDomainWrapper/data5[1]
LOCK_NET=chiptop0/system/spiClockDomainWrapper/data5[20]
LOCK_NET=chiptop0/system/spiClockDomainWrapper/data5[21]
LOCK_NET=chiptop0/system/spiClockDomainWrapper/data5[22]
LOCK_NET=chiptop0/system/spiClockDomainWrapper/data5[23]
LOCK_NET=chiptop0/system/spiClockDomainWrapper/data5[24]
LOCK_NET=chiptop0/system/spiClockDomainWrapper/data5[25]
LOCK_NET=chiptop0/system/spiClockDomainWrapper/data5[26]
LOCK_NET=chiptop0/system/spiClockDomainWrapper/data5[27]
LOCK_NET=chiptop0/system/spiClockDomainWrapper/data5[28]
LOCK_NET=chiptop0/system/spiClockDomainWrapper/data5[29]
LOCK_NET=chiptop0/system/spiClockDomainWrapper/data5[2]
LOCK_NET=chiptop0/system/spiClockDomainWrapper/data5[30]
LOCK_NET=chiptop0/system/spiClockDomainWrapper/data5[31]
LOCK_NET=chiptop0/system/spiClockDomainWrapper/data5[3]
LOCK_NET=chiptop0/system/spiClockDomainWrapper/data5[4]
LOCK_NET=chiptop0/system/spiClockDomainWrapper/data5[5]
LOCK_NET=chiptop0/system/spiClockDomainWrapper/data5[6]
LOCK_NET=chiptop0/system/spiClockDomainWrapper/data5[7]
LOCK_NET=chiptop0/system/spiClockDomainWrapper/data5[8]
LOCK_NET=chiptop0/system/spiClockDomainWrapper/data5[9]
LOCK_NET=chiptop0/system/spiClockDomainWrapper/deq_ptr_value_reg[0][0]
LOCK_NET=chiptop0/system/spiClockDomainWrapper/enq_ptr_value_reg[0]
LOCK_NET=chiptop0/system/spiClockDomainWrapper/ie_rxwm
LOCK_NET=chiptop0/system/spiClockDomainWrapper/ie_txwm
LOCK_NET=chiptop0/system/spiClockDomainWrapper/ie_txwm0
LOCK_NET=chiptop0/system/spiClockDomainWrapper/io_spi_bbIn_dq_1_i_REG_1
LOCK_NET=chiptop0/system/spiClockDomainWrapper/maybe_full
LOCK_NET=chiptop0/system/spiClockDomainWrapper/maybe_full_reg
LOCK_NET=chiptop0/system/spiClockDomainWrapper/maybe_full_reg_0
LOCK_NET=chiptop0/system/spiClockDomainWrapper/sdio_spi_clk_OBUF
LOCK_NET=chiptop0/system/spiClockDomainWrapper/state_reg[0]
LOCK_NET=chiptop0/system/spiClockDomainWrapper/sync_0_reg_c_0_alias
LOCK_NET=chiptop0/system/spiClockDomainWrapper/sync_0_reg_c_0_bufg_place
LOCK_NET=chiptop0/system/spiClockDomainWrapper/sync_0_reg_c_0_bufg_place_replica
LOCK_NET=chiptop0/system/spiClockDomainWrapper/spi_0/<const0>
LOCK_NET=chiptop0/system/spiClockDomainWrapper/spi_0/<const1>
LOCK_NET=chiptop0/system/spiClockDomainWrapper/spi_0/E[0]
LOCK_NET=chiptop0/system/spiClockDomainWrapper/spi_0/GND_2
LOCK_NET=chiptop0/system/spiClockDomainWrapper/spi_0/Q[0]
LOCK_NET=chiptop0/system/spiClockDomainWrapper/spi_0/Q[1]
LOCK_NET=chiptop0/system/spiClockDomainWrapper/spi_0/W0_data[0]
LOCK_NET=chiptop0/system/spiClockDomainWrapper/spi_0/W0_data[1]
LOCK_NET=chiptop0/system/spiClockDomainWrapper/spi_0/W0_data[2]
LOCK_NET=chiptop0/system/spiClockDomainWrapper/spi_0/W0_data[3]
LOCK_NET=chiptop0/system/spiClockDomainWrapper/spi_0/W0_data[4]
LOCK_NET=chiptop0/system/spiClockDomainWrapper/spi_0/W0_data[5]
LOCK_NET=chiptop0/system/spiClockDomainWrapper/spi_0/W0_data[6]
LOCK_NET=chiptop0/system/spiClockDomainWrapper/spi_0/W0_data[7]
LOCK_NET=chiptop0/system/spiClockDomainWrapper/spi_0/_GEN_0[0]__0[0]
LOCK_NET=chiptop0/system/spiClockDomainWrapper/spi_0/_GEN_0[2]__0[0]
LOCK_NET=chiptop0/system/spiClockDomainWrapper/spi_0/_aggregator_auto_out_4_member_cbus_cbus_0_reset
LOCK_NET=chiptop0/system/spiClockDomainWrapper/spi_0/_fifo_io_rx_bits[0]
LOCK_NET=chiptop0/system/spiClockDomainWrapper/spi_0/_fifo_io_rx_bits[1]
LOCK_NET=chiptop0/system/spiClockDomainWrapper/spi_0/_fifo_io_rx_bits[2]
LOCK_NET=chiptop0/system/spiClockDomainWrapper/spi_0/_fifo_io_rx_bits[3]
LOCK_NET=chiptop0/system/spiClockDomainWrapper/spi_0/_fifo_io_rx_bits[4]
LOCK_NET=chiptop0/system/spiClockDomainWrapper/spi_0/_fifo_io_rx_bits[5]
LOCK_NET=chiptop0/system/spiClockDomainWrapper/spi_0/_fifo_io_rx_bits[6]
LOCK_NET=chiptop0/system/spiClockDomainWrapper/spi_0/_fifo_io_rx_bits[7]
LOCK_NET=chiptop0/system/spiClockDomainWrapper/spi_0/_ibus_int_bus_auto_anon_out_1
LOCK_NET=chiptop0/system/spiClockDomainWrapper/spi_0/_mac_io_link_rx_valid
LOCK_NET=chiptop0/system/spiClockDomainWrapper/spi_0/_totalCoarseDel_T[0]
LOCK_NET=chiptop0/system/spiClockDomainWrapper/spi_0/_totalCoarseDel_T[10]
LOCK_NET=chiptop0/system/spiClockDomainWrapper/spi_0/_totalCoarseDel_T[11]
LOCK_NET=chiptop0/system/spiClockDomainWrapper/spi_0/_totalCoarseDel_T[1]
LOCK_NET=chiptop0/system/spiClockDomainWrapper/spi_0/_totalCoarseDel_T[2]
LOCK_NET=chiptop0/system/spiClockDomainWrapper/spi_0/_totalCoarseDel_T[3]
LOCK_NET=chiptop0/system/spiClockDomainWrapper/spi_0/_totalCoarseDel_T[4]
LOCK_NET=chiptop0/system/spiClockDomainWrapper/spi_0/_totalCoarseDel_T[5]
LOCK_NET=chiptop0/system/spiClockDomainWrapper/spi_0/_totalCoarseDel_T[6]
LOCK_NET=chiptop0/system/spiClockDomainWrapper/spi_0/_totalCoarseDel_T[7]
LOCK_NET=chiptop0/system/spiClockDomainWrapper/spi_0/_totalCoarseDel_T[8]
LOCK_NET=chiptop0/system/spiClockDomainWrapper/spi_0/_totalCoarseDel_T[9]
LOCK_NET=chiptop0/system/spiClockDomainWrapper/spi_0/auto_io_out_cs_0
LOCK_NET=chiptop0/system/spiClockDomainWrapper/spi_0/auto_io_out_dq_0_o
LOCK_NET=chiptop0/system/spiClockDomainWrapper/spi_0/clk_out1
LOCK_NET=chiptop0/system/spiClockDomainWrapper/spi_0/cs_mode[0]
LOCK_NET=chiptop0/system/spiClockDomainWrapper/spi_0/cs_mode[1]
LOCK_NET=chiptop0/system/spiClockDomainWrapper/spi_0/cs_set
LOCK_NET=chiptop0/system/spiClockDomainWrapper/spi_0/ctrl_cs_dflt_0_reg_0
LOCK_NET=chiptop0/system/spiClockDomainWrapper/spi_0/ctrl_cs_id_reg_0
LOCK_NET=chiptop0/system/spiClockDomainWrapper/spi_0/ctrl_cs_id_reg_1
LOCK_NET=chiptop0/system/spiClockDomainWrapper/spi_0/ctrl_cs_mode_reg[0]_0[0]
LOCK_NET=chiptop0/system/spiClockDomainWrapper/spi_0/ctrl_cs_mode_reg[1]_0[0]
LOCK_NET=chiptop0/system/spiClockDomainWrapper/spi_0/ctrl_cs_mode_reg[1]_0[1]
LOCK_NET=chiptop0/system/spiClockDomainWrapper/spi_0/ctrl_dla_cssck_reg[7]_0[0]
LOCK_NET=chiptop0/system/spiClockDomainWrapper/spi_0/ctrl_dla_intercs_reg[0]_0[0]
LOCK_NET=chiptop0/system/spiClockDomainWrapper/spi_0/ctrl_dla_interxfr_reg[0]_0[0]
LOCK_NET=chiptop0/system/spiClockDomainWrapper/spi_0/ctrl_dla_interxfr_reg[7]_0[0]
LOCK_NET=chiptop0/system/spiClockDomainWrapper/spi_0/ctrl_dla_interxfr_reg[7]_0[10]
LOCK_NET=chiptop0/system/spiClockDomainWrapper/spi_0/ctrl_dla_interxfr_reg[7]_0[11]
LOCK_NET=chiptop0/system/spiClockDomainWrapper/spi_0/ctrl_dla_interxfr_reg[7]_0[12]
LOCK_NET=chiptop0/system/spiClockDomainWrapper/spi_0/ctrl_dla_interxfr_reg[7]_0[13]
LOCK_NET=chiptop0/system/spiClockDomainWrapper/spi_0/ctrl_dla_interxfr_reg[7]_0[14]
LOCK_NET=chiptop0/system/spiClockDomainWrapper/spi_0/ctrl_dla_interxfr_reg[7]_0[15]
LOCK_NET=chiptop0/system/spiClockDomainWrapper/spi_0/ctrl_dla_interxfr_reg[7]_0[16]
LOCK_NET=chiptop0/system/spiClockDomainWrapper/spi_0/ctrl_dla_interxfr_reg[7]_0[17]
LOCK_NET=chiptop0/system/spiClockDomainWrapper/spi_0/ctrl_dla_interxfr_reg[7]_0[18]
LOCK_NET=chiptop0/system/spiClockDomainWrapper/spi_0/ctrl_dla_interxfr_reg[7]_0[19]
LOCK_NET=chiptop0/system/spiClockDomainWrapper/spi_0/ctrl_dla_interxfr_reg[7]_0[1]
LOCK_NET=chiptop0/system/spiClockDomainWrapper/spi_0/ctrl_dla_interxfr_reg[7]_0[20]
LOCK_NET=chiptop0/system/spiClockDomainWrapper/spi_0/ctrl_dla_interxfr_reg[7]_0[21]
LOCK_NET=chiptop0/system/spiClockDomainWrapper/spi_0/ctrl_dla_interxfr_reg[7]_0[22]
LOCK_NET=chiptop0/system/spiClockDomainWrapper/spi_0/ctrl_dla_interxfr_reg[7]_0[23]
LOCK_NET=chiptop0/system/spiClockDomainWrapper/spi_0/ctrl_dla_interxfr_reg[7]_0[24]
LOCK_NET=chiptop0/system/spiClockDomainWrapper/spi_0/ctrl_dla_interxfr_reg[7]_0[25]
LOCK_NET=chiptop0/system/spiClockDomainWrapper/spi_0/ctrl_dla_interxfr_reg[7]_0[26]
LOCK_NET=chiptop0/system/spiClockDomainWrapper/spi_0/ctrl_dla_interxfr_reg[7]_0[27]
LOCK_NET=chiptop0/system/spiClockDomainWrapper/spi_0/ctrl_dla_interxfr_reg[7]_0[28]
LOCK_NET=chiptop0/system/spiClockDomainWrapper/spi_0/ctrl_dla_interxfr_reg[7]_0[29]
LOCK_NET=chiptop0/system/spiClockDomainWrapper/spi_0/ctrl_dla_interxfr_reg[7]_0[2]
LOCK_NET=chiptop0/system/spiClockDomainWrapper/spi_0/ctrl_dla_interxfr_reg[7]_0[30]
LOCK_NET=chiptop0/system/spiClockDomainWrapper/spi_0/ctrl_dla_interxfr_reg[7]_0[31]
LOCK_NET=chiptop0/system/spiClockDomainWrapper/spi_0/ctrl_dla_interxfr_reg[7]_0[32]
LOCK_NET=chiptop0/system/spiClockDomainWrapper/spi_0/ctrl_dla_interxfr_reg[7]_0[33]
LOCK_NET=chiptop0/system/spiClockDomainWrapper/spi_0/ctrl_dla_interxfr_reg[7]_0[34]
LOCK_NET=chiptop0/system/spiClockDomainWrapper/spi_0/ctrl_dla_interxfr_reg[7]_0[35]
LOCK_NET=chiptop0/system/spiClockDomainWrapper/spi_0/ctrl_dla_interxfr_reg[7]_0[3]
LOCK_NET=chiptop0/system/spiClockDomainWrapper/spi_0/ctrl_dla_interxfr_reg[7]_0[4]
LOCK_NET=chiptop0/system/spiClockDomainWrapper/spi_0/ctrl_dla_interxfr_reg[7]_0[5]
LOCK_NET=chiptop0/system/spiClockDomainWrapper/spi_0/ctrl_dla_interxfr_reg[7]_0[6]
LOCK_NET=chiptop0/system/spiClockDomainWrapper/spi_0/ctrl_dla_interxfr_reg[7]_0[7]
LOCK_NET=chiptop0/system/spiClockDomainWrapper/spi_0/ctrl_dla_interxfr_reg[7]_0[8]
LOCK_NET=chiptop0/system/spiClockDomainWrapper/spi_0/ctrl_dla_interxfr_reg[7]_0[9]
LOCK_NET=chiptop0/system/spiClockDomainWrapper/spi_0/ctrl_dla_sckcs_reg[0]_0[0]
LOCK_NET=chiptop0/system/spiClockDomainWrapper/spi_0/ctrl_extradel_coarse_reg[0]_0[0]
LOCK_NET=chiptop0/system/spiClockDomainWrapper/spi_0/ctrl_fmt_endian_reg_0
LOCK_NET=chiptop0/system/spiClockDomainWrapper/spi_0/ctrl_fmt_iodir_reg_0[0]
LOCK_NET=chiptop0/system/spiClockDomainWrapper/spi_0/ctrl_fmt_len_reg[0]_0[0]
LOCK_NET=chiptop0/system/spiClockDomainWrapper/spi_0/ctrl_fmt_len_reg[3]_0[0]
LOCK_NET=chiptop0/system/spiClockDomainWrapper/spi_0/ctrl_fmt_len_reg[3]_0[1]
LOCK_NET=chiptop0/system/spiClockDomainWrapper/spi_0/ctrl_fmt_len_reg[3]_0[2]
LOCK_NET=chiptop0/system/spiClockDomainWrapper/spi_0/ctrl_fmt_len_reg[3]_0[3]
LOCK_NET=chiptop0/system/spiClockDomainWrapper/spi_0/ctrl_sampledel_sd_reg[0]_0[0]
LOCK_NET=chiptop0/system/spiClockDomainWrapper/spi_0/ctrl_sck_div_reg[0]_0[0]
LOCK_NET=chiptop0/system/spiClockDomainWrapper/spi_0/ctrl_sck_div_reg[11]_0[0]
LOCK_NET=chiptop0/system/spiClockDomainWrapper/spi_0/ctrl_sck_div_reg[11]_0[10]
LOCK_NET=chiptop0/system/spiClockDomainWrapper/spi_0/ctrl_sck_div_reg[11]_0[11]
LOCK_NET=chiptop0/system/spiClockDomainWrapper/spi_0/ctrl_sck_div_reg[11]_0[1]
LOCK_NET=chiptop0/system/spiClockDomainWrapper/spi_0/ctrl_sck_div_reg[11]_0[2]
LOCK_NET=chiptop0/system/spiClockDomainWrapper/spi_0/ctrl_sck_div_reg[11]_0[3]
LOCK_NET=chiptop0/system/spiClockDomainWrapper/spi_0/ctrl_sck_div_reg[11]_0[4]
LOCK_NET=chiptop0/system/spiClockDomainWrapper/spi_0/ctrl_sck_div_reg[11]_0[5]
LOCK_NET=chiptop0/system/spiClockDomainWrapper/spi_0/ctrl_sck_div_reg[11]_0[6]
LOCK_NET=chiptop0/system/spiClockDomainWrapper/spi_0/ctrl_sck_div_reg[11]_0[7]
LOCK_NET=chiptop0/system/spiClockDomainWrapper/spi_0/ctrl_sck_div_reg[11]_0[8]
LOCK_NET=chiptop0/system/spiClockDomainWrapper/spi_0/ctrl_sck_div_reg[11]_0[9]
LOCK_NET=chiptop0/system/spiClockDomainWrapper/spi_0/ctrl_sck_pha
LOCK_NET=chiptop0/system/spiClockDomainWrapper/spi_0/ctrl_sck_pol0
LOCK_NET=chiptop0/system/spiClockDomainWrapper/spi_0/ctrl_wm_rx_reg[0]_0[0]
LOCK_NET=chiptop0/system/spiClockDomainWrapper/spi_0/ctrl_wm_rx_reg[2]_0
LOCK_NET=chiptop0/system/spiClockDomainWrapper/spi_0/ctrl_wm_tx_reg[0]_0[0]
LOCK_NET=chiptop0/system/spiClockDomainWrapper/spi_0/ctrl_wm_tx_reg[2]_0
LOCK_NET=chiptop0/system/spiClockDomainWrapper/spi_0/data1[0]
LOCK_NET=chiptop0/system/spiClockDomainWrapper/spi_0/data1[1]
LOCK_NET=chiptop0/system/spiClockDomainWrapper/spi_0/data1[2]
LOCK_NET=chiptop0/system/spiClockDomainWrapper/spi_0/data1[3]
LOCK_NET=chiptop0/system/spiClockDomainWrapper/spi_0/data1[4]
LOCK_NET=chiptop0/system/spiClockDomainWrapper/spi_0/data1[5]
LOCK_NET=chiptop0/system/spiClockDomainWrapper/spi_0/data1[6]
LOCK_NET=chiptop0/system/spiClockDomainWrapper/spi_0/data1[7]
LOCK_NET=chiptop0/system/spiClockDomainWrapper/spi_0/data3[0]
LOCK_NET=chiptop0/system/spiClockDomainWrapper/spi_0/data4[0]
LOCK_NET=chiptop0/system/spiClockDomainWrapper/spi_0/data4[10]
LOCK_NET=chiptop0/system/spiClockDomainWrapper/spi_0/data4[11]
LOCK_NET=chiptop0/system/spiClockDomainWrapper/spi_0/data4[12]
LOCK_NET=chiptop0/system/spiClockDomainWrapper/spi_0/data4[13]
LOCK_NET=chiptop0/system/spiClockDomainWrapper/spi_0/data4[14]
LOCK_NET=chiptop0/system/spiClockDomainWrapper/spi_0/data4[15]
LOCK_NET=chiptop0/system/spiClockDomainWrapper/spi_0/data4[16]
LOCK_NET=chiptop0/system/spiClockDomainWrapper/spi_0/data4[1]
LOCK_NET=chiptop0/system/spiClockDomainWrapper/spi_0/data4[2]
LOCK_NET=chiptop0/system/spiClockDomainWrapper/spi_0/data4[3]
LOCK_NET=chiptop0/system/spiClockDomainWrapper/spi_0/data4[4]
LOCK_NET=chiptop0/system/spiClockDomainWrapper/spi_0/data4[5]
LOCK_NET=chiptop0/system/spiClockDomainWrapper/spi_0/data4[6]
LOCK_NET=chiptop0/system/spiClockDomainWrapper/spi_0/data4[7]
LOCK_NET=chiptop0/system/spiClockDomainWrapper/spi_0/data4[8]
LOCK_NET=chiptop0/system/spiClockDomainWrapper/spi_0/data4[9]
LOCK_NET=chiptop0/system/spiClockDomainWrapper/spi_0/data5[0]
LOCK_NET=chiptop0/system/spiClockDomainWrapper/spi_0/data5[10]
LOCK_NET=chiptop0/system/spiClockDomainWrapper/spi_0/data5[11]
LOCK_NET=chiptop0/system/spiClockDomainWrapper/spi_0/data5[12]
LOCK_NET=chiptop0/system/spiClockDomainWrapper/spi_0/data5[13]
LOCK_NET=chiptop0/system/spiClockDomainWrapper/spi_0/data5[14]
LOCK_NET=chiptop0/system/spiClockDomainWrapper/spi_0/data5[15]
LOCK_NET=chiptop0/system/spiClockDomainWrapper/spi_0/data5[16]
LOCK_NET=chiptop0/system/spiClockDomainWrapper/spi_0/data5[17]
LOCK_NET=chiptop0/system/spiClockDomainWrapper/spi_0/data5[18]
LOCK_NET=chiptop0/system/spiClockDomainWrapper/spi_0/data5[19]
LOCK_NET=chiptop0/system/spiClockDomainWrapper/spi_0/data5[1]
LOCK_NET=chiptop0/system/spiClockDomainWrapper/spi_0/data5[20]
LOCK_NET=chiptop0/system/spiClockDomainWrapper/spi_0/data5[21]
LOCK_NET=chiptop0/system/spiClockDomainWrapper/spi_0/data5[22]
LOCK_NET=chiptop0/system/spiClockDomainWrapper/spi_0/data5[23]
LOCK_NET=chiptop0/system/spiClockDomainWrapper/spi_0/data5[24]
LOCK_NET=chiptop0/system/spiClockDomainWrapper/spi_0/data5[25]
LOCK_NET=chiptop0/system/spiClockDomainWrapper/spi_0/data5[26]
LOCK_NET=chiptop0/system/spiClockDomainWrapper/spi_0/data5[27]
LOCK_NET=chiptop0/system/spiClockDomainWrapper/spi_0/data5[28]
LOCK_NET=chiptop0/system/spiClockDomainWrapper/spi_0/data5[29]
LOCK_NET=chiptop0/system/spiClockDomainWrapper/spi_0/data5[2]
LOCK_NET=chiptop0/system/spiClockDomainWrapper/spi_0/data5[30]
LOCK_NET=chiptop0/system/spiClockDomainWrapper/spi_0/data5[31]
LOCK_NET=chiptop0/system/spiClockDomainWrapper/spi_0/data5[3]
LOCK_NET=chiptop0/system/spiClockDomainWrapper/spi_0/data5[4]
LOCK_NET=chiptop0/system/spiClockDomainWrapper/spi_0/data5[5]
LOCK_NET=chiptop0/system/spiClockDomainWrapper/spi_0/data5[6]
LOCK_NET=chiptop0/system/spiClockDomainWrapper/spi_0/data5[7]
LOCK_NET=chiptop0/system/spiClockDomainWrapper/spi_0/data5[8]
LOCK_NET=chiptop0/system/spiClockDomainWrapper/spi_0/data5[9]
LOCK_NET=chiptop0/system/spiClockDomainWrapper/spi_0/del_cntr_last_reg[6]_i_3_n_0
LOCK_NET=chiptop0/system/spiClockDomainWrapper/spi_0/deq_ptr_value_reg[0][0]
LOCK_NET=chiptop0/system/spiClockDomainWrapper/spi_0/enq_ptr_value_reg[0]
LOCK_NET=chiptop0/system/spiClockDomainWrapper/spi_0/fifo_n_0
LOCK_NET=chiptop0/system/spiClockDomainWrapper/spi_0/fifo_n_1
LOCK_NET=chiptop0/system/spiClockDomainWrapper/spi_0/fifo_n_2
LOCK_NET=chiptop0/system/spiClockDomainWrapper/spi_0/fifo_n_20
LOCK_NET=chiptop0/system/spiClockDomainWrapper/spi_0/fifo_n_24
LOCK_NET=chiptop0/system/spiClockDomainWrapper/spi_0/fifo_n_25
LOCK_NET=chiptop0/system/spiClockDomainWrapper/spi_0/fifo_n_29
LOCK_NET=chiptop0/system/spiClockDomainWrapper/spi_0/fifo_n_3
LOCK_NET=chiptop0/system/spiClockDomainWrapper/spi_0/fifo_n_4
LOCK_NET=chiptop0/system/spiClockDomainWrapper/spi_0/fifo_n_5
LOCK_NET=chiptop0/system/spiClockDomainWrapper/spi_0/fifo_n_6
LOCK_NET=chiptop0/system/spiClockDomainWrapper/spi_0/fifo_n_7
LOCK_NET=chiptop0/system/spiClockDomainWrapper/spi_0/ie_rxwm
LOCK_NET=chiptop0/system/spiClockDomainWrapper/spi_0/ie_txwm
LOCK_NET=chiptop0/system/spiClockDomainWrapper/spi_0/ie_txwm0
LOCK_NET=chiptop0/system/spiClockDomainWrapper/spi_0/io_spi_bbIn_dq_1_i_REG_1
LOCK_NET=chiptop0/system/spiClockDomainWrapper/spi_0/mac_n_17
LOCK_NET=chiptop0/system/spiClockDomainWrapper/spi_0/mac_n_18
LOCK_NET=chiptop0/system/spiClockDomainWrapper/spi_0/mac_n_19
LOCK_NET=chiptop0/system/spiClockDomainWrapper/spi_0/mac_n_20
LOCK_NET=chiptop0/system/spiClockDomainWrapper/spi_0/mac_n_21
LOCK_NET=chiptop0/system/spiClockDomainWrapper/spi_0/mac_n_22
LOCK_NET=chiptop0/system/spiClockDomainWrapper/spi_0/mac_n_5
LOCK_NET=chiptop0/system/spiClockDomainWrapper/spi_0/mac_n_6
LOCK_NET=chiptop0/system/spiClockDomainWrapper/spi_0/mac_n_8
LOCK_NET=chiptop0/system/spiClockDomainWrapper/spi_0/maybe_full_reg
LOCK_NET=chiptop0/system/spiClockDomainWrapper/spi_0/maybe_full_reg_0
LOCK_NET=chiptop0/system/spiClockDomainWrapper/spi_0/maybe_full_reg_1
LOCK_NET=chiptop0/system/spiClockDomainWrapper/spi_0/rxen
LOCK_NET=chiptop0/system/spiClockDomainWrapper/spi_0/sdio_spi_clk_OBUF
LOCK_NET=chiptop0/system/spiClockDomainWrapper/spi_0/state_reg[0]
LOCK_NET=chiptop0/system/spiClockDomainWrapper/spi_0/sync_0_reg_c_0_alias
LOCK_NET=chiptop0/system/spiClockDomainWrapper/spi_0/sync_0_reg_c_0_bufg_place
LOCK_NET=chiptop0/system/spiClockDomainWrapper/spi_0/sync_0_reg_c_0_bufg_place_replica
LOCK_NET=chiptop0/system/spiClockDomainWrapper/spi_0/txq/do_deq
LOCK_NET=chiptop0/system/spiClockDomainWrapper/spi_0/txq/maybe_full
LOCK_NET=chiptop0/system/spiClockDomainWrapper/spi_0/fifo/<const1>
LOCK_NET=chiptop0/system/spiClockDomainWrapper/spi_0/fifo/DOA[0]
LOCK_NET=chiptop0/system/spiClockDomainWrapper/spi_0/fifo/DOA[1]
LOCK_NET=chiptop0/system/spiClockDomainWrapper/spi_0/fifo/DOB[0]
LOCK_NET=chiptop0/system/spiClockDomainWrapper/spi_0/fifo/DOB[1]
LOCK_NET=chiptop0/system/spiClockDomainWrapper/spi_0/fifo/DOC[0]
LOCK_NET=chiptop0/system/spiClockDomainWrapper/spi_0/fifo/DOC[1]
LOCK_NET=chiptop0/system/spiClockDomainWrapper/spi_0/fifo/DOD[0]
LOCK_NET=chiptop0/system/spiClockDomainWrapper/spi_0/fifo/DOD[1]
LOCK_NET=chiptop0/system/spiClockDomainWrapper/spi_0/fifo/E[0]
LOCK_NET=chiptop0/system/spiClockDomainWrapper/spi_0/fifo/Q[0]
LOCK_NET=chiptop0/system/spiClockDomainWrapper/spi_0/fifo/Q[1]
LOCK_NET=chiptop0/system/spiClockDomainWrapper/spi_0/fifo/W0_data[0]
LOCK_NET=chiptop0/system/spiClockDomainWrapper/spi_0/fifo/W0_data[1]
LOCK_NET=chiptop0/system/spiClockDomainWrapper/spi_0/fifo/W0_data[2]
LOCK_NET=chiptop0/system/spiClockDomainWrapper/spi_0/fifo/W0_data[3]
LOCK_NET=chiptop0/system/spiClockDomainWrapper/spi_0/fifo/W0_data[4]
LOCK_NET=chiptop0/system/spiClockDomainWrapper/spi_0/fifo/W0_data[5]
LOCK_NET=chiptop0/system/spiClockDomainWrapper/spi_0/fifo/W0_data[6]
LOCK_NET=chiptop0/system/spiClockDomainWrapper/spi_0/fifo/W0_data[7]
LOCK_NET=chiptop0/system/spiClockDomainWrapper/spi_0/fifo/_GEN_0[2]__0[0]
LOCK_NET=chiptop0/system/spiClockDomainWrapper/spi_0/fifo/_aggregator_auto_out_4_member_cbus_cbus_0_reset
LOCK_NET=chiptop0/system/spiClockDomainWrapper/spi_0/fifo/_fifo_io_rx_bits[0]
LOCK_NET=chiptop0/system/spiClockDomainWrapper/spi_0/fifo/_fifo_io_rx_bits[1]
LOCK_NET=chiptop0/system/spiClockDomainWrapper/spi_0/fifo/_fifo_io_rx_bits[2]
LOCK_NET=chiptop0/system/spiClockDomainWrapper/spi_0/fifo/_fifo_io_rx_bits[3]
LOCK_NET=chiptop0/system/spiClockDomainWrapper/spi_0/fifo/_fifo_io_rx_bits[4]
LOCK_NET=chiptop0/system/spiClockDomainWrapper/spi_0/fifo/_fifo_io_rx_bits[5]
LOCK_NET=chiptop0/system/spiClockDomainWrapper/spi_0/fifo/_fifo_io_rx_bits[6]
LOCK_NET=chiptop0/system/spiClockDomainWrapper/spi_0/fifo/_fifo_io_rx_bits[7]
LOCK_NET=chiptop0/system/spiClockDomainWrapper/spi_0/fifo/_mac_io_link_rx_valid
LOCK_NET=chiptop0/system/spiClockDomainWrapper/spi_0/fifo/buffer_reg[1][0]
LOCK_NET=chiptop0/system/spiClockDomainWrapper/spi_0/fifo/buffer_reg[1][1]
LOCK_NET=chiptop0/system/spiClockDomainWrapper/spi_0/fifo/buffer_reg[1][2]
LOCK_NET=chiptop0/system/spiClockDomainWrapper/spi_0/fifo/buffer_reg[1][3]
LOCK_NET=chiptop0/system/spiClockDomainWrapper/spi_0/fifo/buffer_reg[1][4]
LOCK_NET=chiptop0/system/spiClockDomainWrapper/spi_0/fifo/buffer_reg[1][5]
LOCK_NET=chiptop0/system/spiClockDomainWrapper/spi_0/fifo/buffer_reg[1][6]
LOCK_NET=chiptop0/system/spiClockDomainWrapper/spi_0/fifo/buffer_reg[1][7]
LOCK_NET=chiptop0/system/spiClockDomainWrapper/spi_0/fifo/clk_out1
LOCK_NET=chiptop0/system/spiClockDomainWrapper/spi_0/fifo/cs_dflt_0_reg_rep
LOCK_NET=chiptop0/system/spiClockDomainWrapper/spi_0/fifo/cs_mode_reg[0]_0
LOCK_NET=chiptop0/system/spiClockDomainWrapper/spi_0/fifo/cs_mode_reg[1]_0[0]
LOCK_NET=chiptop0/system/spiClockDomainWrapper/spi_0/fifo/cs_mode_reg[1]_0[1]
LOCK_NET=chiptop0/system/spiClockDomainWrapper/spi_0/fifo/cs_set
LOCK_NET=chiptop0/system/spiClockDomainWrapper/spi_0/fifo/cs_set_reg
LOCK_NET=chiptop0/system/spiClockDomainWrapper/spi_0/fifo/cs_set_reg_0
LOCK_NET=chiptop0/system/spiClockDomainWrapper/spi_0/fifo/ctrl_cs_dflt_0_reg
LOCK_NET=chiptop0/system/spiClockDomainWrapper/spi_0/fifo/ctrl_wm_rx_reg[2]
LOCK_NET=chiptop0/system/spiClockDomainWrapper/spi_0/fifo/ctrl_wm_tx_reg[2]
LOCK_NET=chiptop0/system/spiClockDomainWrapper/spi_0/fifo/data1[0]
LOCK_NET=chiptop0/system/spiClockDomainWrapper/spi_0/fifo/data1[1]
LOCK_NET=chiptop0/system/spiClockDomainWrapper/spi_0/fifo/data1[2]
LOCK_NET=chiptop0/system/spiClockDomainWrapper/spi_0/fifo/data1[3]
LOCK_NET=chiptop0/system/spiClockDomainWrapper/spi_0/fifo/data1[4]
LOCK_NET=chiptop0/system/spiClockDomainWrapper/spi_0/fifo/data1[5]
LOCK_NET=chiptop0/system/spiClockDomainWrapper/spi_0/fifo/data1[6]
LOCK_NET=chiptop0/system/spiClockDomainWrapper/spi_0/fifo/data1[7]
LOCK_NET=chiptop0/system/spiClockDomainWrapper/spi_0/fifo/deq_ptr_value_reg[0][0]
LOCK_NET=chiptop0/system/spiClockDomainWrapper/spi_0/fifo/deq_ptr_value_reg[0]_0[0]
LOCK_NET=chiptop0/system/spiClockDomainWrapper/spi_0/fifo/enq_ptr_value_reg[0]
LOCK_NET=chiptop0/system/spiClockDomainWrapper/spi_0/fifo/ie_rxwm
LOCK_NET=chiptop0/system/spiClockDomainWrapper/spi_0/fifo/ie_rxwm_reg
LOCK_NET=chiptop0/system/spiClockDomainWrapper/spi_0/fifo/ie_txwm
LOCK_NET=chiptop0/system/spiClockDomainWrapper/spi_0/fifo/maybe_full
LOCK_NET=chiptop0/system/spiClockDomainWrapper/spi_0/fifo/maybe_full_reg
LOCK_NET=chiptop0/system/spiClockDomainWrapper/spi_0/fifo/maybe_full_reg_0
LOCK_NET=chiptop0/system/spiClockDomainWrapper/spi_0/fifo/maybe_full_reg_1
LOCK_NET=chiptop0/system/spiClockDomainWrapper/spi_0/fifo/maybe_full_reg_2
LOCK_NET=chiptop0/system/spiClockDomainWrapper/spi_0/fifo/maybe_full_reg_3
LOCK_NET=chiptop0/system/spiClockDomainWrapper/spi_0/fifo/rxen
LOCK_NET=chiptop0/system/spiClockDomainWrapper/spi_0/fifo/rxen_reg_0
LOCK_NET=chiptop0/system/spiClockDomainWrapper/spi_0/fifo/sync_0_reg_c_0_alias
LOCK_NET=chiptop0/system/spiClockDomainWrapper/spi_0/fifo/rxq/<const1>
LOCK_NET=chiptop0/system/spiClockDomainWrapper/spi_0/fifo/rxq/W0_data[0]
LOCK_NET=chiptop0/system/spiClockDomainWrapper/spi_0/fifo/rxq/W0_data[1]
LOCK_NET=chiptop0/system/spiClockDomainWrapper/spi_0/fifo/rxq/W0_data[2]
LOCK_NET=chiptop0/system/spiClockDomainWrapper/spi_0/fifo/rxq/W0_data[3]
LOCK_NET=chiptop0/system/spiClockDomainWrapper/spi_0/fifo/rxq/W0_data[4]
LOCK_NET=chiptop0/system/spiClockDomainWrapper/spi_0/fifo/rxq/W0_data[5]
LOCK_NET=chiptop0/system/spiClockDomainWrapper/spi_0/fifo/rxq/W0_data[6]
LOCK_NET=chiptop0/system/spiClockDomainWrapper/spi_0/fifo/rxq/W0_data[7]
LOCK_NET=chiptop0/system/spiClockDomainWrapper/spi_0/fifo/rxq/_aggregator_auto_out_4_member_cbus_cbus_0_reset
LOCK_NET=chiptop0/system/spiClockDomainWrapper/spi_0/fifo/rxq/_fifo_io_rx_bits[0]
LOCK_NET=chiptop0/system/spiClockDomainWrapper/spi_0/fifo/rxq/_fifo_io_rx_bits[1]
LOCK_NET=chiptop0/system/spiClockDomainWrapper/spi_0/fifo/rxq/_fifo_io_rx_bits[2]
LOCK_NET=chiptop0/system/spiClockDomainWrapper/spi_0/fifo/rxq/_fifo_io_rx_bits[3]
LOCK_NET=chiptop0/system/spiClockDomainWrapper/spi_0/fifo/rxq/_fifo_io_rx_bits[4]
LOCK_NET=chiptop0/system/spiClockDomainWrapper/spi_0/fifo/rxq/_fifo_io_rx_bits[5]
LOCK_NET=chiptop0/system/spiClockDomainWrapper/spi_0/fifo/rxq/_fifo_io_rx_bits[6]
LOCK_NET=chiptop0/system/spiClockDomainWrapper/spi_0/fifo/rxq/_fifo_io_rx_bits[7]
LOCK_NET=chiptop0/system/spiClockDomainWrapper/spi_0/fifo/rxq/_mac_io_link_rx_valid
LOCK_NET=chiptop0/system/spiClockDomainWrapper/spi_0/fifo/rxq/clk_out1
LOCK_NET=chiptop0/system/spiClockDomainWrapper/spi_0/fifo/rxq/ctrl_wm_rx_reg[2]
LOCK_NET=chiptop0/system/spiClockDomainWrapper/spi_0/fifo/rxq/data1[0]
LOCK_NET=chiptop0/system/spiClockDomainWrapper/spi_0/fifo/rxq/data1[1]
LOCK_NET=chiptop0/system/spiClockDomainWrapper/spi_0/fifo/rxq/data1[2]
LOCK_NET=chiptop0/system/spiClockDomainWrapper/spi_0/fifo/rxq/data1[3]
LOCK_NET=chiptop0/system/spiClockDomainWrapper/spi_0/fifo/rxq/deq_ptr_value[0]_i_1__4_n_0
LOCK_NET=chiptop0/system/spiClockDomainWrapper/spi_0/fifo/rxq/deq_ptr_value[1]_i_1__3_n_0
LOCK_NET=chiptop0/system/spiClockDomainWrapper/spi_0/fifo/rxq/deq_ptr_value[2]_i_2__2_n_0
LOCK_NET=chiptop0/system/spiClockDomainWrapper/spi_0/fifo/rxq/deq_ptr_value_reg[0]_0[0]
LOCK_NET=chiptop0/system/spiClockDomainWrapper/spi_0/fifo/rxq/deq_ptr_value_reg_n_0_[0]
LOCK_NET=chiptop0/system/spiClockDomainWrapper/spi_0/fifo/rxq/deq_ptr_value_reg_n_0_[1]
LOCK_NET=chiptop0/system/spiClockDomainWrapper/spi_0/fifo/rxq/deq_ptr_value_reg_n_0_[2]
LOCK_NET=chiptop0/system/spiClockDomainWrapper/spi_0/fifo/rxq/do_enq
LOCK_NET=chiptop0/system/spiClockDomainWrapper/spi_0/fifo/rxq/enq_ptr_value[0]_i_1__4_n_0
LOCK_NET=chiptop0/system/spiClockDomainWrapper/spi_0/fifo/rxq/enq_ptr_value[1]_i_1__3_n_0
LOCK_NET=chiptop0/system/spiClockDomainWrapper/spi_0/fifo/rxq/enq_ptr_value[2]_i_2__2_n_0
LOCK_NET=chiptop0/system/spiClockDomainWrapper/spi_0/fifo/rxq/enq_ptr_value_reg[0]_0
LOCK_NET=chiptop0/system/spiClockDomainWrapper/spi_0/fifo/rxq/enq_ptr_value_reg_n_0_[0]
LOCK_NET=chiptop0/system/spiClockDomainWrapper/spi_0/fifo/rxq/enq_ptr_value_reg_n_0_[1]
LOCK_NET=chiptop0/system/spiClockDomainWrapper/spi_0/fifo/rxq/enq_ptr_value_reg_n_0_[2]
LOCK_NET=chiptop0/system/spiClockDomainWrapper/spi_0/fifo/rxq/ie_rxwm
LOCK_NET=chiptop0/system/spiClockDomainWrapper/spi_0/fifo/rxq/ie_rxwm_reg
LOCK_NET=chiptop0/system/spiClockDomainWrapper/spi_0/fifo/rxq/ie_txwm
LOCK_NET=chiptop0/system/spiClockDomainWrapper/spi_0/fifo/rxq/maybe_full_i_1__29_n_0
LOCK_NET=chiptop0/system/spiClockDomainWrapper/spi_0/fifo/rxq/maybe_full_reg_0
LOCK_NET=chiptop0/system/spiClockDomainWrapper/spi_0/fifo/rxq/maybe_full_reg_1
LOCK_NET=chiptop0/system/spiClockDomainWrapper/spi_0/fifo/rxq/reg_0_i_4__0_n_0
LOCK_NET=chiptop0/system/spiClockDomainWrapper/spi_0/fifo/rxq/reg_0_i_5__0_n_0
LOCK_NET=chiptop0/system/spiClockDomainWrapper/spi_0/fifo/rxq/reg_0_reg
LOCK_NET=chiptop0/system/spiClockDomainWrapper/spi_0/fifo/rxq/rxen
LOCK_NET=chiptop0/system/spiClockDomainWrapper/spi_0/fifo/rxq/sync_0_reg_c_0_alias
LOCK_NET=chiptop0/system/spiClockDomainWrapper/spi_0/fifo/rxq/ram_ext/<const0>
LOCK_NET=chiptop0/system/spiClockDomainWrapper/spi_0/fifo/rxq/ram_ext/E[0]
LOCK_NET=chiptop0/system/spiClockDomainWrapper/spi_0/fifo/rxq/ram_ext/Q[0]
LOCK_NET=chiptop0/system/spiClockDomainWrapper/spi_0/fifo/rxq/ram_ext/Q[1]
LOCK_NET=chiptop0/system/spiClockDomainWrapper/spi_0/fifo/rxq/ram_ext/Q[2]
LOCK_NET=chiptop0/system/spiClockDomainWrapper/spi_0/fifo/rxq/ram_ext/W0_data[0]
LOCK_NET=chiptop0/system/spiClockDomainWrapper/spi_0/fifo/rxq/ram_ext/W0_data[1]
LOCK_NET=chiptop0/system/spiClockDomainWrapper/spi_0/fifo/rxq/ram_ext/W0_data[2]
LOCK_NET=chiptop0/system/spiClockDomainWrapper/spi_0/fifo/rxq/ram_ext/W0_data[3]
LOCK_NET=chiptop0/system/spiClockDomainWrapper/spi_0/fifo/rxq/ram_ext/W0_data[4]
LOCK_NET=chiptop0/system/spiClockDomainWrapper/spi_0/fifo/rxq/ram_ext/W0_data[5]
LOCK_NET=chiptop0/system/spiClockDomainWrapper/spi_0/fifo/rxq/ram_ext/W0_data[6]
LOCK_NET=chiptop0/system/spiClockDomainWrapper/spi_0/fifo/rxq/ram_ext/W0_data[7]
LOCK_NET=chiptop0/system/spiClockDomainWrapper/spi_0/fifo/rxq/ram_ext/_fifo_io_rx_bits[0]
LOCK_NET=chiptop0/system/spiClockDomainWrapper/spi_0/fifo/rxq/ram_ext/_fifo_io_rx_bits[1]
LOCK_NET=chiptop0/system/spiClockDomainWrapper/spi_0/fifo/rxq/ram_ext/_fifo_io_rx_bits[2]
LOCK_NET=chiptop0/system/spiClockDomainWrapper/spi_0/fifo/rxq/ram_ext/_fifo_io_rx_bits[3]
LOCK_NET=chiptop0/system/spiClockDomainWrapper/spi_0/fifo/rxq/ram_ext/_fifo_io_rx_bits[4]
LOCK_NET=chiptop0/system/spiClockDomainWrapper/spi_0/fifo/rxq/ram_ext/_fifo_io_rx_bits[5]
LOCK_NET=chiptop0/system/spiClockDomainWrapper/spi_0/fifo/rxq/ram_ext/_fifo_io_rx_bits[6]
LOCK_NET=chiptop0/system/spiClockDomainWrapper/spi_0/fifo/rxq/ram_ext/_fifo_io_rx_bits[7]
LOCK_NET=chiptop0/system/spiClockDomainWrapper/spi_0/fifo/rxq/ram_ext/_mac_io_link_rx_valid
LOCK_NET=chiptop0/system/spiClockDomainWrapper/spi_0/fifo/rxq/ram_ext/clk_out1
LOCK_NET=chiptop0/system/spiClockDomainWrapper/spi_0/fifo/rxq/ram_ext/enq_ptr_value_reg[0]
LOCK_NET=chiptop0/system/spiClockDomainWrapper/spi_0/fifo/rxq/ram_ext/enq_ptr_value_reg[0]_0[0]
LOCK_NET=chiptop0/system/spiClockDomainWrapper/spi_0/fifo/rxq/ram_ext/enq_ptr_value_reg[0]_0[1]
LOCK_NET=chiptop0/system/spiClockDomainWrapper/spi_0/fifo/rxq/ram_ext/enq_ptr_value_reg[0]_0[2]
LOCK_NET=chiptop0/system/spiClockDomainWrapper/spi_0/fifo/rxq/ram_ext/enq_ptr_value_reg[0]_1
LOCK_NET=chiptop0/system/spiClockDomainWrapper/spi_0/fifo/rxq/ram_ext/rxen
LOCK_NET=chiptop0/system/spiClockDomainWrapper/spi_0/fifo/rxq/ram_ext/Memory_reg_0_7_0_7/ADDRA0
LOCK_NET=chiptop0/system/spiClockDomainWrapper/spi_0/fifo/rxq/ram_ext/Memory_reg_0_7_0_7/ADDRA1
LOCK_NET=chiptop0/system/spiClockDomainWrapper/spi_0/fifo/rxq/ram_ext/Memory_reg_0_7_0_7/ADDRA2
LOCK_NET=chiptop0/system/spiClockDomainWrapper/spi_0/fifo/rxq/ram_ext/Memory_reg_0_7_0_7/ADDRA3
LOCK_NET=chiptop0/system/spiClockDomainWrapper/spi_0/fifo/rxq/ram_ext/Memory_reg_0_7_0_7/ADDRA4
LOCK_NET=chiptop0/system/spiClockDomainWrapper/spi_0/fifo/rxq/ram_ext/Memory_reg_0_7_0_7/ADDRB0
LOCK_NET=chiptop0/system/spiClockDomainWrapper/spi_0/fifo/rxq/ram_ext/Memory_reg_0_7_0_7/ADDRB1
LOCK_NET=chiptop0/system/spiClockDomainWrapper/spi_0/fifo/rxq/ram_ext/Memory_reg_0_7_0_7/ADDRB2
LOCK_NET=chiptop0/system/spiClockDomainWrapper/spi_0/fifo/rxq/ram_ext/Memory_reg_0_7_0_7/ADDRB3
LOCK_NET=chiptop0/system/spiClockDomainWrapper/spi_0/fifo/rxq/ram_ext/Memory_reg_0_7_0_7/ADDRB4
LOCK_NET=chiptop0/system/spiClockDomainWrapper/spi_0/fifo/rxq/ram_ext/Memory_reg_0_7_0_7/ADDRC0
LOCK_NET=chiptop0/system/spiClockDomainWrapper/spi_0/fifo/rxq/ram_ext/Memory_reg_0_7_0_7/ADDRC1
LOCK_NET=chiptop0/system/spiClockDomainWrapper/spi_0/fifo/rxq/ram_ext/Memory_reg_0_7_0_7/ADDRC2
LOCK_NET=chiptop0/system/spiClockDomainWrapper/spi_0/fifo/rxq/ram_ext/Memory_reg_0_7_0_7/ADDRC3
LOCK_NET=chiptop0/system/spiClockDomainWrapper/spi_0/fifo/rxq/ram_ext/Memory_reg_0_7_0_7/ADDRC4
LOCK_NET=chiptop0/system/spiClockDomainWrapper/spi_0/fifo/rxq/ram_ext/Memory_reg_0_7_0_7/ADDRD0
LOCK_NET=chiptop0/system/spiClockDomainWrapper/spi_0/fifo/rxq/ram_ext/Memory_reg_0_7_0_7/ADDRD1
LOCK_NET=chiptop0/system/spiClockDomainWrapper/spi_0/fifo/rxq/ram_ext/Memory_reg_0_7_0_7/ADDRD2
LOCK_NET=chiptop0/system/spiClockDomainWrapper/spi_0/fifo/rxq/ram_ext/Memory_reg_0_7_0_7/ADDRD3
LOCK_NET=chiptop0/system/spiClockDomainWrapper/spi_0/fifo/rxq/ram_ext/Memory_reg_0_7_0_7/ADDRD4
LOCK_NET=chiptop0/system/spiClockDomainWrapper/spi_0/fifo/rxq/ram_ext/Memory_reg_0_7_0_7/ADDRE0
LOCK_NET=chiptop0/system/spiClockDomainWrapper/spi_0/fifo/rxq/ram_ext/Memory_reg_0_7_0_7/ADDRE1
LOCK_NET=chiptop0/system/spiClockDomainWrapper/spi_0/fifo/rxq/ram_ext/Memory_reg_0_7_0_7/ADDRE2
LOCK_NET=chiptop0/system/spiClockDomainWrapper/spi_0/fifo/rxq/ram_ext/Memory_reg_0_7_0_7/ADDRE3
LOCK_NET=chiptop0/system/spiClockDomainWrapper/spi_0/fifo/rxq/ram_ext/Memory_reg_0_7_0_7/ADDRE4
LOCK_NET=chiptop0/system/spiClockDomainWrapper/spi_0/fifo/rxq/ram_ext/Memory_reg_0_7_0_7/ADDRF0
LOCK_NET=chiptop0/system/spiClockDomainWrapper/spi_0/fifo/rxq/ram_ext/Memory_reg_0_7_0_7/ADDRF1
LOCK_NET=chiptop0/system/spiClockDomainWrapper/spi_0/fifo/rxq/ram_ext/Memory_reg_0_7_0_7/ADDRF2
LOCK_NET=chiptop0/system/spiClockDomainWrapper/spi_0/fifo/rxq/ram_ext/Memory_reg_0_7_0_7/ADDRF3
LOCK_NET=chiptop0/system/spiClockDomainWrapper/spi_0/fifo/rxq/ram_ext/Memory_reg_0_7_0_7/ADDRF4
LOCK_NET=chiptop0/system/spiClockDomainWrapper/spi_0/fifo/rxq/ram_ext/Memory_reg_0_7_0_7/ADDRG0
LOCK_NET=chiptop0/system/spiClockDomainWrapper/spi_0/fifo/rxq/ram_ext/Memory_reg_0_7_0_7/ADDRG1
LOCK_NET=chiptop0/system/spiClockDomainWrapper/spi_0/fifo/rxq/ram_ext/Memory_reg_0_7_0_7/ADDRG2
LOCK_NET=chiptop0/system/spiClockDomainWrapper/spi_0/fifo/rxq/ram_ext/Memory_reg_0_7_0_7/ADDRG3
LOCK_NET=chiptop0/system/spiClockDomainWrapper/spi_0/fifo/rxq/ram_ext/Memory_reg_0_7_0_7/ADDRG4
LOCK_NET=chiptop0/system/spiClockDomainWrapper/spi_0/fifo/rxq/ram_ext/Memory_reg_0_7_0_7/ADDRH0
LOCK_NET=chiptop0/system/spiClockDomainWrapper/spi_0/fifo/rxq/ram_ext/Memory_reg_0_7_0_7/ADDRH1
LOCK_NET=chiptop0/system/spiClockDomainWrapper/spi_0/fifo/rxq/ram_ext/Memory_reg_0_7_0_7/ADDRH2
LOCK_NET=chiptop0/system/spiClockDomainWrapper/spi_0/fifo/rxq/ram_ext/Memory_reg_0_7_0_7/ADDRH3
LOCK_NET=chiptop0/system/spiClockDomainWrapper/spi_0/fifo/rxq/ram_ext/Memory_reg_0_7_0_7/ADDRH4
LOCK_NET=chiptop0/system/spiClockDomainWrapper/spi_0/fifo/rxq/ram_ext/Memory_reg_0_7_0_7/DIA0
LOCK_NET=chiptop0/system/spiClockDomainWrapper/spi_0/fifo/rxq/ram_ext/Memory_reg_0_7_0_7/DIA1
LOCK_NET=chiptop0/system/spiClockDomainWrapper/spi_0/fifo/rxq/ram_ext/Memory_reg_0_7_0_7/DIB0
LOCK_NET=chiptop0/system/spiClockDomainWrapper/spi_0/fifo/rxq/ram_ext/Memory_reg_0_7_0_7/DIB1
LOCK_NET=chiptop0/system/spiClockDomainWrapper/spi_0/fifo/rxq/ram_ext/Memory_reg_0_7_0_7/DIC0
LOCK_NET=chiptop0/system/spiClockDomainWrapper/spi_0/fifo/rxq/ram_ext/Memory_reg_0_7_0_7/DIC1
LOCK_NET=chiptop0/system/spiClockDomainWrapper/spi_0/fifo/rxq/ram_ext/Memory_reg_0_7_0_7/DID0
LOCK_NET=chiptop0/system/spiClockDomainWrapper/spi_0/fifo/rxq/ram_ext/Memory_reg_0_7_0_7/DID1
LOCK_NET=chiptop0/system/spiClockDomainWrapper/spi_0/fifo/rxq/ram_ext/Memory_reg_0_7_0_7/DIE0
LOCK_NET=chiptop0/system/spiClockDomainWrapper/spi_0/fifo/rxq/ram_ext/Memory_reg_0_7_0_7/DIE1
LOCK_NET=chiptop0/system/spiClockDomainWrapper/spi_0/fifo/rxq/ram_ext/Memory_reg_0_7_0_7/DIF0
LOCK_NET=chiptop0/system/spiClockDomainWrapper/spi_0/fifo/rxq/ram_ext/Memory_reg_0_7_0_7/DIF1
LOCK_NET=chiptop0/system/spiClockDomainWrapper/spi_0/fifo/rxq/ram_ext/Memory_reg_0_7_0_7/DIG0
LOCK_NET=chiptop0/system/spiClockDomainWrapper/spi_0/fifo/rxq/ram_ext/Memory_reg_0_7_0_7/DIG1
LOCK_NET=chiptop0/system/spiClockDomainWrapper/spi_0/fifo/rxq/ram_ext/Memory_reg_0_7_0_7/DIH0
LOCK_NET=chiptop0/system/spiClockDomainWrapper/spi_0/fifo/rxq/ram_ext/Memory_reg_0_7_0_7/DIH1
LOCK_NET=chiptop0/system/spiClockDomainWrapper/spi_0/fifo/rxq/ram_ext/Memory_reg_0_7_0_7/DOA0
LOCK_NET=chiptop0/system/spiClockDomainWrapper/spi_0/fifo/rxq/ram_ext/Memory_reg_0_7_0_7/DOA1
LOCK_NET=chiptop0/system/spiClockDomainWrapper/spi_0/fifo/rxq/ram_ext/Memory_reg_0_7_0_7/DOB0
LOCK_NET=chiptop0/system/spiClockDomainWrapper/spi_0/fifo/rxq/ram_ext/Memory_reg_0_7_0_7/DOB1
LOCK_NET=chiptop0/system/spiClockDomainWrapper/spi_0/fifo/rxq/ram_ext/Memory_reg_0_7_0_7/DOC0
LOCK_NET=chiptop0/system/spiClockDomainWrapper/spi_0/fifo/rxq/ram_ext/Memory_reg_0_7_0_7/DOC1
LOCK_NET=chiptop0/system/spiClockDomainWrapper/spi_0/fifo/rxq/ram_ext/Memory_reg_0_7_0_7/DOD0
LOCK_NET=chiptop0/system/spiClockDomainWrapper/spi_0/fifo/rxq/ram_ext/Memory_reg_0_7_0_7/DOD1
LOCK_NET=chiptop0/system/spiClockDomainWrapper/spi_0/fifo/rxq/ram_ext/Memory_reg_0_7_0_7/DOE0
LOCK_NET=chiptop0/system/spiClockDomainWrapper/spi_0/fifo/rxq/ram_ext/Memory_reg_0_7_0_7/DOE1
LOCK_NET=chiptop0/system/spiClockDomainWrapper/spi_0/fifo/rxq/ram_ext/Memory_reg_0_7_0_7/DOF0
LOCK_NET=chiptop0/system/spiClockDomainWrapper/spi_0/fifo/rxq/ram_ext/Memory_reg_0_7_0_7/DOF1
LOCK_NET=chiptop0/system/spiClockDomainWrapper/spi_0/fifo/rxq/ram_ext/Memory_reg_0_7_0_7/DOG0
LOCK_NET=chiptop0/system/spiClockDomainWrapper/spi_0/fifo/rxq/ram_ext/Memory_reg_0_7_0_7/DOG1
LOCK_NET=chiptop0/system/spiClockDomainWrapper/spi_0/fifo/rxq/ram_ext/Memory_reg_0_7_0_7/DOH0
LOCK_NET=chiptop0/system/spiClockDomainWrapper/spi_0/fifo/rxq/ram_ext/Memory_reg_0_7_0_7/DOH1
LOCK_NET=chiptop0/system/spiClockDomainWrapper/spi_0/fifo/rxq/ram_ext/Memory_reg_0_7_0_7/WCLK
LOCK_NET=chiptop0/system/spiClockDomainWrapper/spi_0/fifo/rxq/ram_ext/Memory_reg_0_7_0_7/WE
LOCK_NET=chiptop0/system/spiClockDomainWrapper/spi_0/fifo/txq/<const1>
LOCK_NET=chiptop0/system/spiClockDomainWrapper/spi_0/fifo/txq/DOA[0]
LOCK_NET=chiptop0/system/spiClockDomainWrapper/spi_0/fifo/txq/DOA[1]
LOCK_NET=chiptop0/system/spiClockDomainWrapper/spi_0/fifo/txq/DOB[0]
LOCK_NET=chiptop0/system/spiClockDomainWrapper/spi_0/fifo/txq/DOB[1]
LOCK_NET=chiptop0/system/spiClockDomainWrapper/spi_0/fifo/txq/DOC[0]
LOCK_NET=chiptop0/system/spiClockDomainWrapper/spi_0/fifo/txq/DOC[1]
LOCK_NET=chiptop0/system/spiClockDomainWrapper/spi_0/fifo/txq/DOD[0]
LOCK_NET=chiptop0/system/spiClockDomainWrapper/spi_0/fifo/txq/DOD[1]
LOCK_NET=chiptop0/system/spiClockDomainWrapper/spi_0/fifo/txq/E[0]
LOCK_NET=chiptop0/system/spiClockDomainWrapper/spi_0/fifo/txq/Q[0]
LOCK_NET=chiptop0/system/spiClockDomainWrapper/spi_0/fifo/txq/Q[1]
LOCK_NET=chiptop0/system/spiClockDomainWrapper/spi_0/fifo/txq/_GEN_0[2]__0[0]
LOCK_NET=chiptop0/system/spiClockDomainWrapper/spi_0/fifo/txq/_aggregator_auto_out_4_member_cbus_cbus_0_reset
LOCK_NET=chiptop0/system/spiClockDomainWrapper/spi_0/fifo/txq/buffer_reg[1][0]
LOCK_NET=chiptop0/system/spiClockDomainWrapper/spi_0/fifo/txq/buffer_reg[1][1]
LOCK_NET=chiptop0/system/spiClockDomainWrapper/spi_0/fifo/txq/buffer_reg[1][2]
LOCK_NET=chiptop0/system/spiClockDomainWrapper/spi_0/fifo/txq/buffer_reg[1][3]
LOCK_NET=chiptop0/system/spiClockDomainWrapper/spi_0/fifo/txq/buffer_reg[1][4]
LOCK_NET=chiptop0/system/spiClockDomainWrapper/spi_0/fifo/txq/buffer_reg[1][5]
LOCK_NET=chiptop0/system/spiClockDomainWrapper/spi_0/fifo/txq/buffer_reg[1][6]
LOCK_NET=chiptop0/system/spiClockDomainWrapper/spi_0/fifo/txq/buffer_reg[1][7]
LOCK_NET=chiptop0/system/spiClockDomainWrapper/spi_0/fifo/txq/clk_out1
LOCK_NET=chiptop0/system/spiClockDomainWrapper/spi_0/fifo/txq/cs_dflt_0_reg_rep
LOCK_NET=chiptop0/system/spiClockDomainWrapper/spi_0/fifo/txq/cs_mode_reg[0]
LOCK_NET=chiptop0/system/spiClockDomainWrapper/spi_0/fifo/txq/cs_set
LOCK_NET=chiptop0/system/spiClockDomainWrapper/spi_0/fifo/txq/cs_set_reg
LOCK_NET=chiptop0/system/spiClockDomainWrapper/spi_0/fifo/txq/cs_set_reg_0
LOCK_NET=chiptop0/system/spiClockDomainWrapper/spi_0/fifo/txq/ctrl_cs_dflt_0_reg
LOCK_NET=chiptop0/system/spiClockDomainWrapper/spi_0/fifo/txq/ctrl_wm_tx_reg[2]
LOCK_NET=chiptop0/system/spiClockDomainWrapper/spi_0/fifo/txq/data1[0]
LOCK_NET=chiptop0/system/spiClockDomainWrapper/spi_0/fifo/txq/data1[1]
LOCK_NET=chiptop0/system/spiClockDomainWrapper/spi_0/fifo/txq/data1[2]
LOCK_NET=chiptop0/system/spiClockDomainWrapper/spi_0/fifo/txq/data1[3]
LOCK_NET=chiptop0/system/spiClockDomainWrapper/spi_0/fifo/txq/deq_ptr_value[0]
LOCK_NET=chiptop0/system/spiClockDomainWrapper/spi_0/fifo/txq/deq_ptr_value[0]_i_1__3_n_0
LOCK_NET=chiptop0/system/spiClockDomainWrapper/spi_0/fifo/txq/deq_ptr_value[1]
LOCK_NET=chiptop0/system/spiClockDomainWrapper/spi_0/fifo/txq/deq_ptr_value[1]_i_1__2_n_0
LOCK_NET=chiptop0/system/spiClockDomainWrapper/spi_0/fifo/txq/deq_ptr_value[2]
LOCK_NET=chiptop0/system/spiClockDomainWrapper/spi_0/fifo/txq/deq_ptr_value[2]_i_2__1_n_0
LOCK_NET=chiptop0/system/spiClockDomainWrapper/spi_0/fifo/txq/deq_ptr_value_reg[0]_0[0]
LOCK_NET=chiptop0/system/spiClockDomainWrapper/spi_0/fifo/txq/enq_ptr_value[0]
LOCK_NET=chiptop0/system/spiClockDomainWrapper/spi_0/fifo/txq/enq_ptr_value[0]_i_1__3_n_0
LOCK_NET=chiptop0/system/spiClockDomainWrapper/spi_0/fifo/txq/enq_ptr_value[1]
LOCK_NET=chiptop0/system/spiClockDomainWrapper/spi_0/fifo/txq/enq_ptr_value[1]_i_1__2_n_0
LOCK_NET=chiptop0/system/spiClockDomainWrapper/spi_0/fifo/txq/enq_ptr_value[2]
LOCK_NET=chiptop0/system/spiClockDomainWrapper/spi_0/fifo/txq/enq_ptr_value[2]_i_2__1_n_0
LOCK_NET=chiptop0/system/spiClockDomainWrapper/spi_0/fifo/txq/maybe_full
LOCK_NET=chiptop0/system/spiClockDomainWrapper/spi_0/fifo/txq/maybe_full_reg_0
LOCK_NET=chiptop0/system/spiClockDomainWrapper/spi_0/fifo/txq/maybe_full_reg_1
LOCK_NET=chiptop0/system/spiClockDomainWrapper/spi_0/fifo/txq/maybe_full_reg_2
LOCK_NET=chiptop0/system/spiClockDomainWrapper/spi_0/fifo/txq/ram_ext_n_9
LOCK_NET=chiptop0/system/spiClockDomainWrapper/spi_0/fifo/txq/reg_0_i_6__0_n_0
LOCK_NET=chiptop0/system/spiClockDomainWrapper/spi_0/fifo/txq/reg_0_i_7__0_n_0
LOCK_NET=chiptop0/system/spiClockDomainWrapper/spi_0/fifo/txq/sync_0_reg_c_0_alias
LOCK_NET=chiptop0/system/spiClockDomainWrapper/spi_0/fifo/txq/ram_ext/<const0>
LOCK_NET=chiptop0/system/spiClockDomainWrapper/spi_0/fifo/txq/ram_ext/DOA[0]
LOCK_NET=chiptop0/system/spiClockDomainWrapper/spi_0/fifo/txq/ram_ext/DOA[1]
LOCK_NET=chiptop0/system/spiClockDomainWrapper/spi_0/fifo/txq/ram_ext/DOB[0]
LOCK_NET=chiptop0/system/spiClockDomainWrapper/spi_0/fifo/txq/ram_ext/DOB[1]
LOCK_NET=chiptop0/system/spiClockDomainWrapper/spi_0/fifo/txq/ram_ext/DOC[0]
LOCK_NET=chiptop0/system/spiClockDomainWrapper/spi_0/fifo/txq/ram_ext/DOC[1]
LOCK_NET=chiptop0/system/spiClockDomainWrapper/spi_0/fifo/txq/ram_ext/DOD[0]
LOCK_NET=chiptop0/system/spiClockDomainWrapper/spi_0/fifo/txq/ram_ext/DOD[1]
LOCK_NET=chiptop0/system/spiClockDomainWrapper/spi_0/fifo/txq/ram_ext/E[0]
LOCK_NET=chiptop0/system/spiClockDomainWrapper/spi_0/fifo/txq/ram_ext/Q[0]
LOCK_NET=chiptop0/system/spiClockDomainWrapper/spi_0/fifo/txq/ram_ext/Q[1]
LOCK_NET=chiptop0/system/spiClockDomainWrapper/spi_0/fifo/txq/ram_ext/Q[2]
LOCK_NET=chiptop0/system/spiClockDomainWrapper/spi_0/fifo/txq/ram_ext/buffer_reg[1][0]
LOCK_NET=chiptop0/system/spiClockDomainWrapper/spi_0/fifo/txq/ram_ext/buffer_reg[1][1]
LOCK_NET=chiptop0/system/spiClockDomainWrapper/spi_0/fifo/txq/ram_ext/buffer_reg[1][2]
LOCK_NET=chiptop0/system/spiClockDomainWrapper/spi_0/fifo/txq/ram_ext/buffer_reg[1][3]
LOCK_NET=chiptop0/system/spiClockDomainWrapper/spi_0/fifo/txq/ram_ext/buffer_reg[1][4]
LOCK_NET=chiptop0/system/spiClockDomainWrapper/spi_0/fifo/txq/ram_ext/buffer_reg[1][5]
LOCK_NET=chiptop0/system/spiClockDomainWrapper/spi_0/fifo/txq/ram_ext/buffer_reg[1][6]
LOCK_NET=chiptop0/system/spiClockDomainWrapper/spi_0/fifo/txq/ram_ext/buffer_reg[1][7]
LOCK_NET=chiptop0/system/spiClockDomainWrapper/spi_0/fifo/txq/ram_ext/buffer_reg[1]_0[0]
LOCK_NET=chiptop0/system/spiClockDomainWrapper/spi_0/fifo/txq/ram_ext/buffer_reg[1]_0[1]
LOCK_NET=chiptop0/system/spiClockDomainWrapper/spi_0/fifo/txq/ram_ext/buffer_reg[1]_0[2]
LOCK_NET=chiptop0/system/spiClockDomainWrapper/spi_0/fifo/txq/ram_ext/clk_out1
LOCK_NET=chiptop0/system/spiClockDomainWrapper/spi_0/fifo/txq/ram_ext/enq_ptr_value_reg[2]
LOCK_NET=chiptop0/system/spiClockDomainWrapper/spi_0/fifo/txq/ram_ext/maybe_full
LOCK_NET=chiptop0/system/spiClockDomainWrapper/spi_0/fifo/txq/ram_ext/maybe_full_reg
LOCK_NET=chiptop0/system/spiClockDomainWrapper/spi_0/fifo/txq/ram_ext/Memory_reg_0_7_0_7/ADDRA0
LOCK_NET=chiptop0/system/spiClockDomainWrapper/spi_0/fifo/txq/ram_ext/Memory_reg_0_7_0_7/ADDRA1
LOCK_NET=chiptop0/system/spiClockDomainWrapper/spi_0/fifo/txq/ram_ext/Memory_reg_0_7_0_7/ADDRA2
LOCK_NET=chiptop0/system/spiClockDomainWrapper/spi_0/fifo/txq/ram_ext/Memory_reg_0_7_0_7/ADDRA3
LOCK_NET=chiptop0/system/spiClockDomainWrapper/spi_0/fifo/txq/ram_ext/Memory_reg_0_7_0_7/ADDRA4
LOCK_NET=chiptop0/system/spiClockDomainWrapper/spi_0/fifo/txq/ram_ext/Memory_reg_0_7_0_7/ADDRB0
LOCK_NET=chiptop0/system/spiClockDomainWrapper/spi_0/fifo/txq/ram_ext/Memory_reg_0_7_0_7/ADDRB1
LOCK_NET=chiptop0/system/spiClockDomainWrapper/spi_0/fifo/txq/ram_ext/Memory_reg_0_7_0_7/ADDRB2
LOCK_NET=chiptop0/system/spiClockDomainWrapper/spi_0/fifo/txq/ram_ext/Memory_reg_0_7_0_7/ADDRB3
LOCK_NET=chiptop0/system/spiClockDomainWrapper/spi_0/fifo/txq/ram_ext/Memory_reg_0_7_0_7/ADDRB4
LOCK_NET=chiptop0/system/spiClockDomainWrapper/spi_0/fifo/txq/ram_ext/Memory_reg_0_7_0_7/ADDRC0
LOCK_NET=chiptop0/system/spiClockDomainWrapper/spi_0/fifo/txq/ram_ext/Memory_reg_0_7_0_7/ADDRC1
LOCK_NET=chiptop0/system/spiClockDomainWrapper/spi_0/fifo/txq/ram_ext/Memory_reg_0_7_0_7/ADDRC2
LOCK_NET=chiptop0/system/spiClockDomainWrapper/spi_0/fifo/txq/ram_ext/Memory_reg_0_7_0_7/ADDRC3
LOCK_NET=chiptop0/system/spiClockDomainWrapper/spi_0/fifo/txq/ram_ext/Memory_reg_0_7_0_7/ADDRC4
LOCK_NET=chiptop0/system/spiClockDomainWrapper/spi_0/fifo/txq/ram_ext/Memory_reg_0_7_0_7/ADDRD0
LOCK_NET=chiptop0/system/spiClockDomainWrapper/spi_0/fifo/txq/ram_ext/Memory_reg_0_7_0_7/ADDRD1
LOCK_NET=chiptop0/system/spiClockDomainWrapper/spi_0/fifo/txq/ram_ext/Memory_reg_0_7_0_7/ADDRD2
LOCK_NET=chiptop0/system/spiClockDomainWrapper/spi_0/fifo/txq/ram_ext/Memory_reg_0_7_0_7/ADDRD3
LOCK_NET=chiptop0/system/spiClockDomainWrapper/spi_0/fifo/txq/ram_ext/Memory_reg_0_7_0_7/ADDRD4
LOCK_NET=chiptop0/system/spiClockDomainWrapper/spi_0/fifo/txq/ram_ext/Memory_reg_0_7_0_7/ADDRE0
LOCK_NET=chiptop0/system/spiClockDomainWrapper/spi_0/fifo/txq/ram_ext/Memory_reg_0_7_0_7/ADDRE1
LOCK_NET=chiptop0/system/spiClockDomainWrapper/spi_0/fifo/txq/ram_ext/Memory_reg_0_7_0_7/ADDRE2
LOCK_NET=chiptop0/system/spiClockDomainWrapper/spi_0/fifo/txq/ram_ext/Memory_reg_0_7_0_7/ADDRE3
LOCK_NET=chiptop0/system/spiClockDomainWrapper/spi_0/fifo/txq/ram_ext/Memory_reg_0_7_0_7/ADDRE4
LOCK_NET=chiptop0/system/spiClockDomainWrapper/spi_0/fifo/txq/ram_ext/Memory_reg_0_7_0_7/ADDRF0
LOCK_NET=chiptop0/system/spiClockDomainWrapper/spi_0/fifo/txq/ram_ext/Memory_reg_0_7_0_7/ADDRF1
LOCK_NET=chiptop0/system/spiClockDomainWrapper/spi_0/fifo/txq/ram_ext/Memory_reg_0_7_0_7/ADDRF2
LOCK_NET=chiptop0/system/spiClockDomainWrapper/spi_0/fifo/txq/ram_ext/Memory_reg_0_7_0_7/ADDRF3
LOCK_NET=chiptop0/system/spiClockDomainWrapper/spi_0/fifo/txq/ram_ext/Memory_reg_0_7_0_7/ADDRF4
LOCK_NET=chiptop0/system/spiClockDomainWrapper/spi_0/fifo/txq/ram_ext/Memory_reg_0_7_0_7/ADDRG0
LOCK_NET=chiptop0/system/spiClockDomainWrapper/spi_0/fifo/txq/ram_ext/Memory_reg_0_7_0_7/ADDRG1
LOCK_NET=chiptop0/system/spiClockDomainWrapper/spi_0/fifo/txq/ram_ext/Memory_reg_0_7_0_7/ADDRG2
LOCK_NET=chiptop0/system/spiClockDomainWrapper/spi_0/fifo/txq/ram_ext/Memory_reg_0_7_0_7/ADDRG3
LOCK_NET=chiptop0/system/spiClockDomainWrapper/spi_0/fifo/txq/ram_ext/Memory_reg_0_7_0_7/ADDRG4
LOCK_NET=chiptop0/system/spiClockDomainWrapper/spi_0/fifo/txq/ram_ext/Memory_reg_0_7_0_7/ADDRH0
LOCK_NET=chiptop0/system/spiClockDomainWrapper/spi_0/fifo/txq/ram_ext/Memory_reg_0_7_0_7/ADDRH1
LOCK_NET=chiptop0/system/spiClockDomainWrapper/spi_0/fifo/txq/ram_ext/Memory_reg_0_7_0_7/ADDRH2
LOCK_NET=chiptop0/system/spiClockDomainWrapper/spi_0/fifo/txq/ram_ext/Memory_reg_0_7_0_7/ADDRH3
LOCK_NET=chiptop0/system/spiClockDomainWrapper/spi_0/fifo/txq/ram_ext/Memory_reg_0_7_0_7/ADDRH4
LOCK_NET=chiptop0/system/spiClockDomainWrapper/spi_0/fifo/txq/ram_ext/Memory_reg_0_7_0_7/DIA0
LOCK_NET=chiptop0/system/spiClockDomainWrapper/spi_0/fifo/txq/ram_ext/Memory_reg_0_7_0_7/DIA1
LOCK_NET=chiptop0/system/spiClockDomainWrapper/spi_0/fifo/txq/ram_ext/Memory_reg_0_7_0_7/DIB0
LOCK_NET=chiptop0/system/spiClockDomainWrapper/spi_0/fifo/txq/ram_ext/Memory_reg_0_7_0_7/DIB1
LOCK_NET=chiptop0/system/spiClockDomainWrapper/spi_0/fifo/txq/ram_ext/Memory_reg_0_7_0_7/DIC0
LOCK_NET=chiptop0/system/spiClockDomainWrapper/spi_0/fifo/txq/ram_ext/Memory_reg_0_7_0_7/DIC1
LOCK_NET=chiptop0/system/spiClockDomainWrapper/spi_0/fifo/txq/ram_ext/Memory_reg_0_7_0_7/DID0
LOCK_NET=chiptop0/system/spiClockDomainWrapper/spi_0/fifo/txq/ram_ext/Memory_reg_0_7_0_7/DID1
LOCK_NET=chiptop0/system/spiClockDomainWrapper/spi_0/fifo/txq/ram_ext/Memory_reg_0_7_0_7/DIE0
LOCK_NET=chiptop0/system/spiClockDomainWrapper/spi_0/fifo/txq/ram_ext/Memory_reg_0_7_0_7/DIE1
LOCK_NET=chiptop0/system/spiClockDomainWrapper/spi_0/fifo/txq/ram_ext/Memory_reg_0_7_0_7/DIF0
LOCK_NET=chiptop0/system/spiClockDomainWrapper/spi_0/fifo/txq/ram_ext/Memory_reg_0_7_0_7/DIF1
LOCK_NET=chiptop0/system/spiClockDomainWrapper/spi_0/fifo/txq/ram_ext/Memory_reg_0_7_0_7/DIG0
LOCK_NET=chiptop0/system/spiClockDomainWrapper/spi_0/fifo/txq/ram_ext/Memory_reg_0_7_0_7/DIG1
LOCK_NET=chiptop0/system/spiClockDomainWrapper/spi_0/fifo/txq/ram_ext/Memory_reg_0_7_0_7/DIH0
LOCK_NET=chiptop0/system/spiClockDomainWrapper/spi_0/fifo/txq/ram_ext/Memory_reg_0_7_0_7/DIH1
LOCK_NET=chiptop0/system/spiClockDomainWrapper/spi_0/fifo/txq/ram_ext/Memory_reg_0_7_0_7/DOA0
LOCK_NET=chiptop0/system/spiClockDomainWrapper/spi_0/fifo/txq/ram_ext/Memory_reg_0_7_0_7/DOA1
LOCK_NET=chiptop0/system/spiClockDomainWrapper/spi_0/fifo/txq/ram_ext/Memory_reg_0_7_0_7/DOB0
LOCK_NET=chiptop0/system/spiClockDomainWrapper/spi_0/fifo/txq/ram_ext/Memory_reg_0_7_0_7/DOB1
LOCK_NET=chiptop0/system/spiClockDomainWrapper/spi_0/fifo/txq/ram_ext/Memory_reg_0_7_0_7/DOC0
LOCK_NET=chiptop0/system/spiClockDomainWrapper/spi_0/fifo/txq/ram_ext/Memory_reg_0_7_0_7/DOC1
LOCK_NET=chiptop0/system/spiClockDomainWrapper/spi_0/fifo/txq/ram_ext/Memory_reg_0_7_0_7/DOD0
LOCK_NET=chiptop0/system/spiClockDomainWrapper/spi_0/fifo/txq/ram_ext/Memory_reg_0_7_0_7/DOD1
LOCK_NET=chiptop0/system/spiClockDomainWrapper/spi_0/fifo/txq/ram_ext/Memory_reg_0_7_0_7/DOE0
LOCK_NET=chiptop0/system/spiClockDomainWrapper/spi_0/fifo/txq/ram_ext/Memory_reg_0_7_0_7/DOE1
LOCK_NET=chiptop0/system/spiClockDomainWrapper/spi_0/fifo/txq/ram_ext/Memory_reg_0_7_0_7/DOF0
LOCK_NET=chiptop0/system/spiClockDomainWrapper/spi_0/fifo/txq/ram_ext/Memory_reg_0_7_0_7/DOF1
LOCK_NET=chiptop0/system/spiClockDomainWrapper/spi_0/fifo/txq/ram_ext/Memory_reg_0_7_0_7/DOG0
LOCK_NET=chiptop0/system/spiClockDomainWrapper/spi_0/fifo/txq/ram_ext/Memory_reg_0_7_0_7/DOG1
LOCK_NET=chiptop0/system/spiClockDomainWrapper/spi_0/fifo/txq/ram_ext/Memory_reg_0_7_0_7/DOH0
LOCK_NET=chiptop0/system/spiClockDomainWrapper/spi_0/fifo/txq/ram_ext/Memory_reg_0_7_0_7/DOH1
LOCK_NET=chiptop0/system/spiClockDomainWrapper/spi_0/fifo/txq/ram_ext/Memory_reg_0_7_0_7/WCLK
LOCK_NET=chiptop0/system/spiClockDomainWrapper/spi_0/fifo/txq/ram_ext/Memory_reg_0_7_0_7/WE
LOCK_NET=chiptop0/system/spiClockDomainWrapper/spi_0/intsource/_aggregator_auto_out_4_member_cbus_cbus_0_reset
LOCK_NET=chiptop0/system/spiClockDomainWrapper/spi_0/intsource/_ibus_int_bus_auto_anon_out_1
LOCK_NET=chiptop0/system/spiClockDomainWrapper/spi_0/intsource/clk_out1
LOCK_NET=chiptop0/system/spiClockDomainWrapper/spi_0/intsource/reg_0_reg
LOCK_NET=chiptop0/system/spiClockDomainWrapper/spi_0/intsource/sync_0_reg_c_0_alias
LOCK_NET=chiptop0/system/spiClockDomainWrapper/spi_0/intsource/reg_0/<const1>
LOCK_NET=chiptop0/system/spiClockDomainWrapper/spi_0/intsource/reg_0/_aggregator_auto_out_4_member_cbus_cbus_0_reset
LOCK_NET=chiptop0/system/spiClockDomainWrapper/spi_0/intsource/reg_0/_ibus_int_bus_auto_anon_out_1
LOCK_NET=chiptop0/system/spiClockDomainWrapper/spi_0/intsource/reg_0/clk_out1
LOCK_NET=chiptop0/system/spiClockDomainWrapper/spi_0/intsource/reg_0/reg_0_reg_0
LOCK_NET=chiptop0/system/spiClockDomainWrapper/spi_0/intsource/reg_0/sync_0_reg_c_0_alias
LOCK_NET=chiptop0/system/spiClockDomainWrapper/spi_0/mac/<const0>
LOCK_NET=chiptop0/system/spiClockDomainWrapper/spi_0/mac/<const1>
LOCK_NET=chiptop0/system/spiClockDomainWrapper/spi_0/mac/DOA[0]
LOCK_NET=chiptop0/system/spiClockDomainWrapper/spi_0/mac/DOA[1]
LOCK_NET=chiptop0/system/spiClockDomainWrapper/spi_0/mac/DOB[0]
LOCK_NET=chiptop0/system/spiClockDomainWrapper/spi_0/mac/DOB[1]
LOCK_NET=chiptop0/system/spiClockDomainWrapper/spi_0/mac/DOC[0]
LOCK_NET=chiptop0/system/spiClockDomainWrapper/spi_0/mac/DOC[1]
LOCK_NET=chiptop0/system/spiClockDomainWrapper/spi_0/mac/DOD[0]
LOCK_NET=chiptop0/system/spiClockDomainWrapper/spi_0/mac/DOD[1]
LOCK_NET=chiptop0/system/spiClockDomainWrapper/spi_0/mac/E[0]
LOCK_NET=chiptop0/system/spiClockDomainWrapper/spi_0/mac/Q[0]
LOCK_NET=chiptop0/system/spiClockDomainWrapper/spi_0/mac/Q[1]
LOCK_NET=chiptop0/system/spiClockDomainWrapper/spi_0/mac/S[0]
LOCK_NET=chiptop0/system/spiClockDomainWrapper/spi_0/mac/S[1]
LOCK_NET=chiptop0/system/spiClockDomainWrapper/spi_0/mac/S[2]
LOCK_NET=chiptop0/system/spiClockDomainWrapper/spi_0/mac/S[3]
LOCK_NET=chiptop0/system/spiClockDomainWrapper/spi_0/mac/S[4]
LOCK_NET=chiptop0/system/spiClockDomainWrapper/spi_0/mac/W0_data[0]
LOCK_NET=chiptop0/system/spiClockDomainWrapper/spi_0/mac/W0_data[1]
LOCK_NET=chiptop0/system/spiClockDomainWrapper/spi_0/mac/W0_data[2]
LOCK_NET=chiptop0/system/spiClockDomainWrapper/spi_0/mac/W0_data[3]
LOCK_NET=chiptop0/system/spiClockDomainWrapper/spi_0/mac/W0_data[4]
LOCK_NET=chiptop0/system/spiClockDomainWrapper/spi_0/mac/W0_data[5]
LOCK_NET=chiptop0/system/spiClockDomainWrapper/spi_0/mac/W0_data[6]
LOCK_NET=chiptop0/system/spiClockDomainWrapper/spi_0/mac/W0_data[7]
LOCK_NET=chiptop0/system/spiClockDomainWrapper/spi_0/mac/_GEN_0[0]__0[0]
LOCK_NET=chiptop0/system/spiClockDomainWrapper/spi_0/mac/_GEN_0[2]__0[0]
LOCK_NET=chiptop0/system/spiClockDomainWrapper/spi_0/mac/_aggregator_auto_out_4_member_cbus_cbus_0_reset
LOCK_NET=chiptop0/system/spiClockDomainWrapper/spi_0/mac/_mac_io_link_rx_valid
LOCK_NET=chiptop0/system/spiClockDomainWrapper/spi_0/mac/_totalCoarseDel_T[0]
LOCK_NET=chiptop0/system/spiClockDomainWrapper/spi_0/mac/_totalCoarseDel_T[10]
LOCK_NET=chiptop0/system/spiClockDomainWrapper/spi_0/mac/_totalCoarseDel_T[11]
LOCK_NET=chiptop0/system/spiClockDomainWrapper/spi_0/mac/_totalCoarseDel_T[1]
LOCK_NET=chiptop0/system/spiClockDomainWrapper/spi_0/mac/_totalCoarseDel_T[2]
LOCK_NET=chiptop0/system/spiClockDomainWrapper/spi_0/mac/_totalCoarseDel_T[3]
LOCK_NET=chiptop0/system/spiClockDomainWrapper/spi_0/mac/_totalCoarseDel_T[4]
LOCK_NET=chiptop0/system/spiClockDomainWrapper/spi_0/mac/_totalCoarseDel_T[5]
LOCK_NET=chiptop0/system/spiClockDomainWrapper/spi_0/mac/_totalCoarseDel_T[6]
LOCK_NET=chiptop0/system/spiClockDomainWrapper/spi_0/mac/_totalCoarseDel_T[7]
LOCK_NET=chiptop0/system/spiClockDomainWrapper/spi_0/mac/_totalCoarseDel_T[8]
LOCK_NET=chiptop0/system/spiClockDomainWrapper/spi_0/mac/_totalCoarseDel_T[9]
LOCK_NET=chiptop0/system/spiClockDomainWrapper/spi_0/mac/auto_io_out_cs_0
LOCK_NET=chiptop0/system/spiClockDomainWrapper/spi_0/mac/auto_io_out_dq_0_o
LOCK_NET=chiptop0/system/spiClockDomainWrapper/spi_0/mac/clear
LOCK_NET=chiptop0/system/spiClockDomainWrapper/spi_0/mac/clear_reg_0[0]
LOCK_NET=chiptop0/system/spiClockDomainWrapper/spi_0/mac/clear_reg_0[1]
LOCK_NET=chiptop0/system/spiClockDomainWrapper/spi_0/mac/clk_out1
LOCK_NET=chiptop0/system/spiClockDomainWrapper/spi_0/mac/cs_assert
LOCK_NET=chiptop0/system/spiClockDomainWrapper/spi_0/mac/cs_assert_reg_0
LOCK_NET=chiptop0/system/spiClockDomainWrapper/spi_0/mac/cs_assert_reg_1
LOCK_NET=chiptop0/system/spiClockDomainWrapper/spi_0/mac/cs_dflt_0_reg_rep_0
LOCK_NET=chiptop0/system/spiClockDomainWrapper/spi_0/mac/cs_id
LOCK_NET=chiptop0/system/spiClockDomainWrapper/spi_0/mac/cs_id_i_1_n_0
LOCK_NET=chiptop0/system/spiClockDomainWrapper/spi_0/mac/cs_id_reg_0
LOCK_NET=chiptop0/system/spiClockDomainWrapper/spi_0/mac/cs_set
LOCK_NET=chiptop0/system/spiClockDomainWrapper/spi_0/mac/cs_set_reg_0
LOCK_NET=chiptop0/system/spiClockDomainWrapper/spi_0/mac/ctrl_fmt_endian_reg
LOCK_NET=chiptop0/system/spiClockDomainWrapper/spi_0/mac/ctrl_fmt_proto_reg[1][0]
LOCK_NET=chiptop0/system/spiClockDomainWrapper/spi_0/mac/ctrl_fmt_proto_reg[1][1]
LOCK_NET=chiptop0/system/spiClockDomainWrapper/spi_0/mac/ctrl_sck_div_reg[11][0]
LOCK_NET=chiptop0/system/spiClockDomainWrapper/spi_0/mac/ctrl_sck_div_reg[11][10]
LOCK_NET=chiptop0/system/spiClockDomainWrapper/spi_0/mac/ctrl_sck_div_reg[11][11]
LOCK_NET=chiptop0/system/spiClockDomainWrapper/spi_0/mac/ctrl_sck_div_reg[11][1]
LOCK_NET=chiptop0/system/spiClockDomainWrapper/spi_0/mac/ctrl_sck_div_reg[11][2]
LOCK_NET=chiptop0/system/spiClockDomainWrapper/spi_0/mac/ctrl_sck_div_reg[11][3]
LOCK_NET=chiptop0/system/spiClockDomainWrapper/spi_0/mac/ctrl_sck_div_reg[11][4]
LOCK_NET=chiptop0/system/spiClockDomainWrapper/spi_0/mac/ctrl_sck_div_reg[11][5]
LOCK_NET=chiptop0/system/spiClockDomainWrapper/spi_0/mac/ctrl_sck_div_reg[11][6]
LOCK_NET=chiptop0/system/spiClockDomainWrapper/spi_0/mac/ctrl_sck_div_reg[11][7]
LOCK_NET=chiptop0/system/spiClockDomainWrapper/spi_0/mac/ctrl_sck_div_reg[11][8]
LOCK_NET=chiptop0/system/spiClockDomainWrapper/spi_0/mac/ctrl_sck_div_reg[11][9]
LOCK_NET=chiptop0/system/spiClockDomainWrapper/spi_0/mac/ctrl_sck_pha
LOCK_NET=chiptop0/system/spiClockDomainWrapper/spi_0/mac/data3[0]
LOCK_NET=chiptop0/system/spiClockDomainWrapper/spi_0/mac/data4[0]
LOCK_NET=chiptop0/system/spiClockDomainWrapper/spi_0/mac/data4[1]
LOCK_NET=chiptop0/system/spiClockDomainWrapper/spi_0/mac/data4[2]
LOCK_NET=chiptop0/system/spiClockDomainWrapper/spi_0/mac/data4[3]
LOCK_NET=chiptop0/system/spiClockDomainWrapper/spi_0/mac/data4[4]
LOCK_NET=chiptop0/system/spiClockDomainWrapper/spi_0/mac/data4[5]
LOCK_NET=chiptop0/system/spiClockDomainWrapper/spi_0/mac/data4[6]
LOCK_NET=chiptop0/system/spiClockDomainWrapper/spi_0/mac/data4[7]
LOCK_NET=chiptop0/system/spiClockDomainWrapper/spi_0/mac/data4[8]
LOCK_NET=chiptop0/system/spiClockDomainWrapper/spi_0/mac/data4[9]
LOCK_NET=chiptop0/system/spiClockDomainWrapper/spi_0/mac/data5[0]
LOCK_NET=chiptop0/system/spiClockDomainWrapper/spi_0/mac/data5[10]
LOCK_NET=chiptop0/system/spiClockDomainWrapper/spi_0/mac/data5[11]
LOCK_NET=chiptop0/system/spiClockDomainWrapper/spi_0/mac/data5[12]
LOCK_NET=chiptop0/system/spiClockDomainWrapper/spi_0/mac/data5[13]
LOCK_NET=chiptop0/system/spiClockDomainWrapper/spi_0/mac/data5[14]
LOCK_NET=chiptop0/system/spiClockDomainWrapper/spi_0/mac/data5[15]
LOCK_NET=chiptop0/system/spiClockDomainWrapper/spi_0/mac/data5[16]
LOCK_NET=chiptop0/system/spiClockDomainWrapper/spi_0/mac/data5[17]
LOCK_NET=chiptop0/system/spiClockDomainWrapper/spi_0/mac/data5[18]
LOCK_NET=chiptop0/system/spiClockDomainWrapper/spi_0/mac/data5[19]
LOCK_NET=chiptop0/system/spiClockDomainWrapper/spi_0/mac/data5[1]
LOCK_NET=chiptop0/system/spiClockDomainWrapper/spi_0/mac/data5[20]
LOCK_NET=chiptop0/system/spiClockDomainWrapper/spi_0/mac/data5[21]
LOCK_NET=chiptop0/system/spiClockDomainWrapper/spi_0/mac/data5[22]
LOCK_NET=chiptop0/system/spiClockDomainWrapper/spi_0/mac/data5[23]
LOCK_NET=chiptop0/system/spiClockDomainWrapper/spi_0/mac/data5[24]
LOCK_NET=chiptop0/system/spiClockDomainWrapper/spi_0/mac/data5[25]
LOCK_NET=chiptop0/system/spiClockDomainWrapper/spi_0/mac/data5[26]
LOCK_NET=chiptop0/system/spiClockDomainWrapper/spi_0/mac/data5[27]
LOCK_NET=chiptop0/system/spiClockDomainWrapper/spi_0/mac/data5[28]
LOCK_NET=chiptop0/system/spiClockDomainWrapper/spi_0/mac/data5[29]
LOCK_NET=chiptop0/system/spiClockDomainWrapper/spi_0/mac/data5[2]
LOCK_NET=chiptop0/system/spiClockDomainWrapper/spi_0/mac/data5[30]
LOCK_NET=chiptop0/system/spiClockDomainWrapper/spi_0/mac/data5[31]
LOCK_NET=chiptop0/system/spiClockDomainWrapper/spi_0/mac/data5[3]
LOCK_NET=chiptop0/system/spiClockDomainWrapper/spi_0/mac/data5[4]
LOCK_NET=chiptop0/system/spiClockDomainWrapper/spi_0/mac/data5[5]
LOCK_NET=chiptop0/system/spiClockDomainWrapper/spi_0/mac/data5[6]
LOCK_NET=chiptop0/system/spiClockDomainWrapper/spi_0/mac/data5[7]
LOCK_NET=chiptop0/system/spiClockDomainWrapper/spi_0/mac/data5[8]
LOCK_NET=chiptop0/system/spiClockDomainWrapper/spi_0/mac/data5[9]
LOCK_NET=chiptop0/system/spiClockDomainWrapper/spi_0/mac/done_reg
LOCK_NET=chiptop0/system/spiClockDomainWrapper/spi_0/mac/done_reg_0[0]
LOCK_NET=chiptop0/system/spiClockDomainWrapper/spi_0/mac/done_reg_1
LOCK_NET=chiptop0/system/spiClockDomainWrapper/spi_0/mac/io_spi_bbIn_dq_1_i_REG_1
LOCK_NET=chiptop0/system/spiClockDomainWrapper/spi_0/mac/maybe_full
LOCK_NET=chiptop0/system/spiClockDomainWrapper/spi_0/mac/maybe_full_reg
LOCK_NET=chiptop0/system/spiClockDomainWrapper/spi_0/mac/phy_n_20
LOCK_NET=chiptop0/system/spiClockDomainWrapper/spi_0/mac/phy_n_3
LOCK_NET=chiptop0/system/spiClockDomainWrapper/spi_0/mac/phy_n_4
LOCK_NET=chiptop0/system/spiClockDomainWrapper/spi_0/mac/phy_n_7
LOCK_NET=chiptop0/system/spiClockDomainWrapper/spi_0/mac/phy_n_8
LOCK_NET=chiptop0/system/spiClockDomainWrapper/spi_0/mac/phy_n_9
LOCK_NET=chiptop0/system/spiClockDomainWrapper/spi_0/mac/rxen
LOCK_NET=chiptop0/system/spiClockDomainWrapper/spi_0/mac/scnt[2]_i_2[0]
LOCK_NET=chiptop0/system/spiClockDomainWrapper/spi_0/mac/scnt[2]_i_2[1]
LOCK_NET=chiptop0/system/spiClockDomainWrapper/spi_0/mac/scnt[2]_i_2[2]
LOCK_NET=chiptop0/system/spiClockDomainWrapper/spi_0/mac/scnt[2]_i_2[3]
LOCK_NET=chiptop0/system/spiClockDomainWrapper/spi_0/mac/sdio_spi_clk_OBUF
LOCK_NET=chiptop0/system/spiClockDomainWrapper/spi_0/mac/sdio_spi_dat_3_OBUF
LOCK_NET=chiptop0/system/spiClockDomainWrapper/spi_0/mac/state_reg[0]_0
LOCK_NET=chiptop0/system/spiClockDomainWrapper/spi_0/mac/state_reg_n_0_[0]
LOCK_NET=chiptop0/system/spiClockDomainWrapper/spi_0/mac/state_reg_n_0_[1]
LOCK_NET=chiptop0/system/spiClockDomainWrapper/spi_0/mac/sync_0_reg_c_0_alias
LOCK_NET=chiptop0/system/spiClockDomainWrapper/spi_0/mac/sync_0_reg_c_0_bufg_place
LOCK_NET=chiptop0/system/spiClockDomainWrapper/spi_0/mac/sync_0_reg_c_0_bufg_place_replica
LOCK_NET=chiptop0/system/spiClockDomainWrapper/spi_0/mac/phy/<const0>
LOCK_NET=chiptop0/system/spiClockDomainWrapper/spi_0/mac/phy/<const1>
LOCK_NET=chiptop0/system/spiClockDomainWrapper/spi_0/mac/phy/DOA[0]
LOCK_NET=chiptop0/system/spiClockDomainWrapper/spi_0/mac/phy/DOA[1]
LOCK_NET=chiptop0/system/spiClockDomainWrapper/spi_0/mac/phy/DOB[0]
LOCK_NET=chiptop0/system/spiClockDomainWrapper/spi_0/mac/phy/DOB[1]
LOCK_NET=chiptop0/system/spiClockDomainWrapper/spi_0/mac/phy/DOC[0]
LOCK_NET=chiptop0/system/spiClockDomainWrapper/spi_0/mac/phy/DOC[1]
LOCK_NET=chiptop0/system/spiClockDomainWrapper/spi_0/mac/phy/DOD[0]
LOCK_NET=chiptop0/system/spiClockDomainWrapper/spi_0/mac/phy/DOD[1]
LOCK_NET=chiptop0/system/spiClockDomainWrapper/spi_0/mac/phy/E[0]
LOCK_NET=chiptop0/system/spiClockDomainWrapper/spi_0/mac/phy/Q[0]
LOCK_NET=chiptop0/system/spiClockDomainWrapper/spi_0/mac/phy/Q[1]
LOCK_NET=chiptop0/system/spiClockDomainWrapper/spi_0/mac/phy/S[0]
LOCK_NET=chiptop0/system/spiClockDomainWrapper/spi_0/mac/phy/S[1]
LOCK_NET=chiptop0/system/spiClockDomainWrapper/spi_0/mac/phy/S[2]
LOCK_NET=chiptop0/system/spiClockDomainWrapper/spi_0/mac/phy/S[3]
LOCK_NET=chiptop0/system/spiClockDomainWrapper/spi_0/mac/phy/S[4]
LOCK_NET=chiptop0/system/spiClockDomainWrapper/spi_0/mac/phy/W0_data[0]
LOCK_NET=chiptop0/system/spiClockDomainWrapper/spi_0/mac/phy/W0_data[1]
LOCK_NET=chiptop0/system/spiClockDomainWrapper/spi_0/mac/phy/W0_data[2]
LOCK_NET=chiptop0/system/spiClockDomainWrapper/spi_0/mac/phy/W0_data[3]
LOCK_NET=chiptop0/system/spiClockDomainWrapper/spi_0/mac/phy/W0_data[4]
LOCK_NET=chiptop0/system/spiClockDomainWrapper/spi_0/mac/phy/W0_data[5]
LOCK_NET=chiptop0/system/spiClockDomainWrapper/spi_0/mac/phy/W0_data[6]
LOCK_NET=chiptop0/system/spiClockDomainWrapper/spi_0/mac/phy/W0_data[7]
LOCK_NET=chiptop0/system/spiClockDomainWrapper/spi_0/mac/phy/_GEN
LOCK_NET=chiptop0/system/spiClockDomainWrapper/spi_0/mac/phy/_GEN_0[0]__0[0]
LOCK_NET=chiptop0/system/spiClockDomainWrapper/spi_0/mac/phy/_GEN_0[2]__0[0]
LOCK_NET=chiptop0/system/spiClockDomainWrapper/spi_0/mac/phy/_GEN_60
LOCK_NET=chiptop0/system/spiClockDomainWrapper/spi_0/mac/phy/_aggregator_auto_out_4_member_cbus_cbus_0_reset
LOCK_NET=chiptop0/system/spiClockDomainWrapper/spi_0/mac/phy/_totalCoarseDel_T[0]
LOCK_NET=chiptop0/system/spiClockDomainWrapper/spi_0/mac/phy/_totalCoarseDel_T[10]
LOCK_NET=chiptop0/system/spiClockDomainWrapper/spi_0/mac/phy/_totalCoarseDel_T[11]
LOCK_NET=chiptop0/system/spiClockDomainWrapper/spi_0/mac/phy/_totalCoarseDel_T[1]
LOCK_NET=chiptop0/system/spiClockDomainWrapper/spi_0/mac/phy/_totalCoarseDel_T[2]
LOCK_NET=chiptop0/system/spiClockDomainWrapper/spi_0/mac/phy/_totalCoarseDel_T[3]
LOCK_NET=chiptop0/system/spiClockDomainWrapper/spi_0/mac/phy/_totalCoarseDel_T[4]
LOCK_NET=chiptop0/system/spiClockDomainWrapper/spi_0/mac/phy/_totalCoarseDel_T[5]
LOCK_NET=chiptop0/system/spiClockDomainWrapper/spi_0/mac/phy/_totalCoarseDel_T[6]
LOCK_NET=chiptop0/system/spiClockDomainWrapper/spi_0/mac/phy/_totalCoarseDel_T[7]
LOCK_NET=chiptop0/system/spiClockDomainWrapper/spi_0/mac/phy/_totalCoarseDel_T[8]
LOCK_NET=chiptop0/system/spiClockDomainWrapper/spi_0/mac/phy/_totalCoarseDel_T[9]
LOCK_NET=chiptop0/system/spiClockDomainWrapper/spi_0/mac/phy/auto_io_out_dq_0_o
LOCK_NET=chiptop0/system/spiClockDomainWrapper/spi_0/mac/phy/buffer[0]_i_1_n_0
LOCK_NET=chiptop0/system/spiClockDomainWrapper/spi_0/mac/phy/buffer[0]_i_2_n_0
LOCK_NET=chiptop0/system/spiClockDomainWrapper/spi_0/mac/phy/buffer[1]_i_1_n_0
LOCK_NET=chiptop0/system/spiClockDomainWrapper/spi_0/mac/phy/buffer[1]_i_2_n_0
LOCK_NET=chiptop0/system/spiClockDomainWrapper/spi_0/mac/phy/buffer[1]_i_3_n_0
LOCK_NET=chiptop0/system/spiClockDomainWrapper/spi_0/mac/phy/buffer[2]_i_1_n_0
LOCK_NET=chiptop0/system/spiClockDomainWrapper/spi_0/mac/phy/buffer[2]_i_2_n_0
LOCK_NET=chiptop0/system/spiClockDomainWrapper/spi_0/mac/phy/buffer[2]_i_3_n_0
LOCK_NET=chiptop0/system/spiClockDomainWrapper/spi_0/mac/phy/buffer[3]_i_1_n_0
LOCK_NET=chiptop0/system/spiClockDomainWrapper/spi_0/mac/phy/buffer[3]_i_2_n_0
LOCK_NET=chiptop0/system/spiClockDomainWrapper/spi_0/mac/phy/buffer[3]_i_3_n_0
LOCK_NET=chiptop0/system/spiClockDomainWrapper/spi_0/mac/phy/buffer[4]_i_1_n_0
LOCK_NET=chiptop0/system/spiClockDomainWrapper/spi_0/mac/phy/buffer[4]_i_2_n_0
LOCK_NET=chiptop0/system/spiClockDomainWrapper/spi_0/mac/phy/buffer[4]_i_3_n_0
LOCK_NET=chiptop0/system/spiClockDomainWrapper/spi_0/mac/phy/buffer[5]_i_1_n_0
LOCK_NET=chiptop0/system/spiClockDomainWrapper/spi_0/mac/phy/buffer[5]_i_2_n_0
LOCK_NET=chiptop0/system/spiClockDomainWrapper/spi_0/mac/phy/buffer[5]_i_3_n_0
LOCK_NET=chiptop0/system/spiClockDomainWrapper/spi_0/mac/phy/buffer[6]_i_1_n_0
LOCK_NET=chiptop0/system/spiClockDomainWrapper/spi_0/mac/phy/buffer[6]_i_2_n_0
LOCK_NET=chiptop0/system/spiClockDomainWrapper/spi_0/mac/phy/buffer[6]_i_3_n_0
LOCK_NET=chiptop0/system/spiClockDomainWrapper/spi_0/mac/phy/buffer[7]_i_1_n_0
LOCK_NET=chiptop0/system/spiClockDomainWrapper/spi_0/mac/phy/buffer[7]_i_2_n_0
LOCK_NET=chiptop0/system/spiClockDomainWrapper/spi_0/mac/phy/buffer[7]_i_3_n_0
LOCK_NET=chiptop0/system/spiClockDomainWrapper/spi_0/mac/phy/buffer[7]_i_4_n_0
LOCK_NET=chiptop0/system/spiClockDomainWrapper/spi_0/mac/phy/buffer[7]_i_5_n_0
LOCK_NET=chiptop0/system/spiClockDomainWrapper/spi_0/mac/phy/buffer[7]_i_6_n_0
LOCK_NET=chiptop0/system/spiClockDomainWrapper/spi_0/mac/phy/buffer[7]_i_7_n_0
LOCK_NET=chiptop0/system/spiClockDomainWrapper/spi_0/mac/phy/buffer_reg_n_0_[0]
LOCK_NET=chiptop0/system/spiClockDomainWrapper/spi_0/mac/phy/buffer_reg_n_0_[1]
LOCK_NET=chiptop0/system/spiClockDomainWrapper/spi_0/mac/phy/buffer_reg_n_0_[2]
LOCK_NET=chiptop0/system/spiClockDomainWrapper/spi_0/mac/phy/buffer_reg_n_0_[3]
LOCK_NET=chiptop0/system/spiClockDomainWrapper/spi_0/mac/phy/clear
LOCK_NET=chiptop0/system/spiClockDomainWrapper/spi_0/mac/phy/clear_i_2_n_0
LOCK_NET=chiptop0/system/spiClockDomainWrapper/spi_0/mac/phy/clear_reg[0]
LOCK_NET=chiptop0/system/spiClockDomainWrapper/spi_0/mac/phy/clear_reg[1]
LOCK_NET=chiptop0/system/spiClockDomainWrapper/spi_0/mac/phy/clk_out1
LOCK_NET=chiptop0/system/spiClockDomainWrapper/spi_0/mac/phy/cref
LOCK_NET=chiptop0/system/spiClockDomainWrapper/spi_0/mac/phy/cref0
LOCK_NET=chiptop0/system/spiClockDomainWrapper/spi_0/mac/phy/cs_assert
LOCK_NET=chiptop0/system/spiClockDomainWrapper/spi_0/mac/phy/cs_assert_reg
LOCK_NET=chiptop0/system/spiClockDomainWrapper/spi_0/mac/phy/cs_assert_reg_0
LOCK_NET=chiptop0/system/spiClockDomainWrapper/spi_0/mac/phy/cs_assert_reg_1
LOCK_NET=chiptop0/system/spiClockDomainWrapper/spi_0/mac/phy/cs_dflt_0_i_4_n_0
LOCK_NET=chiptop0/system/spiClockDomainWrapper/spi_0/mac/phy/cs_dflt_0_reg_rep
LOCK_NET=chiptop0/system/spiClockDomainWrapper/spi_0/mac/phy/cs_id
LOCK_NET=chiptop0/system/spiClockDomainWrapper/spi_0/mac/phy/cs_set
LOCK_NET=chiptop0/system/spiClockDomainWrapper/spi_0/mac/phy/ctrl_fmt_endian
LOCK_NET=chiptop0/system/spiClockDomainWrapper/spi_0/mac/phy/ctrl_fmt_endian_i_2__0_n_0
LOCK_NET=chiptop0/system/spiClockDomainWrapper/spi_0/mac/phy/ctrl_fmt_endian_i_3__0_n_0
LOCK_NET=chiptop0/system/spiClockDomainWrapper/spi_0/mac/phy/ctrl_fmt_endian_i_4__0_n_0
LOCK_NET=chiptop0/system/spiClockDomainWrapper/spi_0/mac/phy/ctrl_fmt_endian_i_5_n_0
LOCK_NET=chiptop0/system/spiClockDomainWrapper/spi_0/mac/phy/ctrl_fmt_endian_i_6_n_0
LOCK_NET=chiptop0/system/spiClockDomainWrapper/spi_0/mac/phy/ctrl_fmt_endian_i_7_n_0
LOCK_NET=chiptop0/system/spiClockDomainWrapper/spi_0/mac/phy/ctrl_fmt_endian_i_8_n_0
LOCK_NET=chiptop0/system/spiClockDomainWrapper/spi_0/mac/phy/ctrl_fmt_endian_reg_0
LOCK_NET=chiptop0/system/spiClockDomainWrapper/spi_0/mac/phy/ctrl_fmt_proto0
LOCK_NET=chiptop0/system/spiClockDomainWrapper/spi_0/mac/phy/ctrl_fmt_proto[0]
LOCK_NET=chiptop0/system/spiClockDomainWrapper/spi_0/mac/phy/ctrl_fmt_proto[1]
LOCK_NET=chiptop0/system/spiClockDomainWrapper/spi_0/mac/phy/ctrl_fmt_proto_reg[1]_0[0]
LOCK_NET=chiptop0/system/spiClockDomainWrapper/spi_0/mac/phy/ctrl_fmt_proto_reg[1]_0[1]
LOCK_NET=chiptop0/system/spiClockDomainWrapper/spi_0/mac/phy/ctrl_sck_div0
LOCK_NET=chiptop0/system/spiClockDomainWrapper/spi_0/mac/phy/ctrl_sck_div[0]
LOCK_NET=chiptop0/system/spiClockDomainWrapper/spi_0/mac/phy/ctrl_sck_div[10]
LOCK_NET=chiptop0/system/spiClockDomainWrapper/spi_0/mac/phy/ctrl_sck_div[11]
LOCK_NET=chiptop0/system/spiClockDomainWrapper/spi_0/mac/phy/ctrl_sck_div[1]
LOCK_NET=chiptop0/system/spiClockDomainWrapper/spi_0/mac/phy/ctrl_sck_div[2]
LOCK_NET=chiptop0/system/spiClockDomainWrapper/spi_0/mac/phy/ctrl_sck_div[3]
LOCK_NET=chiptop0/system/spiClockDomainWrapper/spi_0/mac/phy/ctrl_sck_div[4]
LOCK_NET=chiptop0/system/spiClockDomainWrapper/spi_0/mac/phy/ctrl_sck_div[5]
LOCK_NET=chiptop0/system/spiClockDomainWrapper/spi_0/mac/phy/ctrl_sck_div[6]
LOCK_NET=chiptop0/system/spiClockDomainWrapper/spi_0/mac/phy/ctrl_sck_div[7]
LOCK_NET=chiptop0/system/spiClockDomainWrapper/spi_0/mac/phy/ctrl_sck_div[8]
LOCK_NET=chiptop0/system/spiClockDomainWrapper/spi_0/mac/phy/ctrl_sck_div[9]
LOCK_NET=chiptop0/system/spiClockDomainWrapper/spi_0/mac/phy/ctrl_sck_div_reg[11]_0[0]
LOCK_NET=chiptop0/system/spiClockDomainWrapper/spi_0/mac/phy/ctrl_sck_div_reg[11]_0[10]
LOCK_NET=chiptop0/system/spiClockDomainWrapper/spi_0/mac/phy/ctrl_sck_div_reg[11]_0[11]
LOCK_NET=chiptop0/system/spiClockDomainWrapper/spi_0/mac/phy/ctrl_sck_div_reg[11]_0[1]
LOCK_NET=chiptop0/system/spiClockDomainWrapper/spi_0/mac/phy/ctrl_sck_div_reg[11]_0[2]
LOCK_NET=chiptop0/system/spiClockDomainWrapper/spi_0/mac/phy/ctrl_sck_div_reg[11]_0[3]
LOCK_NET=chiptop0/system/spiClockDomainWrapper/spi_0/mac/phy/ctrl_sck_div_reg[11]_0[4]
LOCK_NET=chiptop0/system/spiClockDomainWrapper/spi_0/mac/phy/ctrl_sck_div_reg[11]_0[5]
LOCK_NET=chiptop0/system/spiClockDomainWrapper/spi_0/mac/phy/ctrl_sck_div_reg[11]_0[6]
LOCK_NET=chiptop0/system/spiClockDomainWrapper/spi_0/mac/phy/ctrl_sck_div_reg[11]_0[7]
LOCK_NET=chiptop0/system/spiClockDomainWrapper/spi_0/mac/phy/ctrl_sck_div_reg[11]_0[8]
LOCK_NET=chiptop0/system/spiClockDomainWrapper/spi_0/mac/phy/ctrl_sck_div_reg[11]_0[9]
LOCK_NET=chiptop0/system/spiClockDomainWrapper/spi_0/mac/phy/ctrl_sck_pha
LOCK_NET=chiptop0/system/spiClockDomainWrapper/spi_0/mac/phy/ctrl_sck_pha_0
LOCK_NET=chiptop0/system/spiClockDomainWrapper/spi_0/mac/phy/ctrl_sck_pol
LOCK_NET=chiptop0/system/spiClockDomainWrapper/spi_0/mac/phy/data3[0]
LOCK_NET=chiptop0/system/spiClockDomainWrapper/spi_0/mac/phy/data4[0]
LOCK_NET=chiptop0/system/spiClockDomainWrapper/spi_0/mac/phy/data4[1]
LOCK_NET=chiptop0/system/spiClockDomainWrapper/spi_0/mac/phy/data4[2]
LOCK_NET=chiptop0/system/spiClockDomainWrapper/spi_0/mac/phy/data4[3]
LOCK_NET=chiptop0/system/spiClockDomainWrapper/spi_0/mac/phy/data4[4]
LOCK_NET=chiptop0/system/spiClockDomainWrapper/spi_0/mac/phy/data4[5]
LOCK_NET=chiptop0/system/spiClockDomainWrapper/spi_0/mac/phy/data4[6]
LOCK_NET=chiptop0/system/spiClockDomainWrapper/spi_0/mac/phy/data4[7]
LOCK_NET=chiptop0/system/spiClockDomainWrapper/spi_0/mac/phy/data4[8]
LOCK_NET=chiptop0/system/spiClockDomainWrapper/spi_0/mac/phy/data4[9]
LOCK_NET=chiptop0/system/spiClockDomainWrapper/spi_0/mac/phy/data5[0]
LOCK_NET=chiptop0/system/spiClockDomainWrapper/spi_0/mac/phy/data5[10]
LOCK_NET=chiptop0/system/spiClockDomainWrapper/spi_0/mac/phy/data5[11]
LOCK_NET=chiptop0/system/spiClockDomainWrapper/spi_0/mac/phy/data5[12]
LOCK_NET=chiptop0/system/spiClockDomainWrapper/spi_0/mac/phy/data5[13]
LOCK_NET=chiptop0/system/spiClockDomainWrapper/spi_0/mac/phy/data5[14]
LOCK_NET=chiptop0/system/spiClockDomainWrapper/spi_0/mac/phy/data5[15]
LOCK_NET=chiptop0/system/spiClockDomainWrapper/spi_0/mac/phy/data5[16]
LOCK_NET=chiptop0/system/spiClockDomainWrapper/spi_0/mac/phy/data5[17]
LOCK_NET=chiptop0/system/spiClockDomainWrapper/spi_0/mac/phy/data5[18]
LOCK_NET=chiptop0/system/spiClockDomainWrapper/spi_0/mac/phy/data5[19]
LOCK_NET=chiptop0/system/spiClockDomainWrapper/spi_0/mac/phy/data5[1]
LOCK_NET=chiptop0/system/spiClockDomainWrapper/spi_0/mac/phy/data5[20]
LOCK_NET=chiptop0/system/spiClockDomainWrapper/spi_0/mac/phy/data5[21]
LOCK_NET=chiptop0/system/spiClockDomainWrapper/spi_0/mac/phy/data5[22]
LOCK_NET=chiptop0/system/spiClockDomainWrapper/spi_0/mac/phy/data5[23]
LOCK_NET=chiptop0/system/spiClockDomainWrapper/spi_0/mac/phy/data5[24]
LOCK_NET=chiptop0/system/spiClockDomainWrapper/spi_0/mac/phy/data5[25]
LOCK_NET=chiptop0/system/spiClockDomainWrapper/spi_0/mac/phy/data5[26]
LOCK_NET=chiptop0/system/spiClockDomainWrapper/spi_0/mac/phy/data5[27]
LOCK_NET=chiptop0/system/spiClockDomainWrapper/spi_0/mac/phy/data5[28]
LOCK_NET=chiptop0/system/spiClockDomainWrapper/spi_0/mac/phy/data5[29]
LOCK_NET=chiptop0/system/spiClockDomainWrapper/spi_0/mac/phy/data5[2]
LOCK_NET=chiptop0/system/spiClockDomainWrapper/spi_0/mac/phy/data5[30]
LOCK_NET=chiptop0/system/spiClockDomainWrapper/spi_0/mac/phy/data5[31]
LOCK_NET=chiptop0/system/spiClockDomainWrapper/spi_0/mac/phy/data5[3]
LOCK_NET=chiptop0/system/spiClockDomainWrapper/spi_0/mac/phy/data5[4]
LOCK_NET=chiptop0/system/spiClockDomainWrapper/spi_0/mac/phy/data5[5]
LOCK_NET=chiptop0/system/spiClockDomainWrapper/spi_0/mac/phy/data5[6]
LOCK_NET=chiptop0/system/spiClockDomainWrapper/spi_0/mac/phy/data5[7]
LOCK_NET=chiptop0/system/spiClockDomainWrapper/spi_0/mac/phy/data5[8]
LOCK_NET=chiptop0/system/spiClockDomainWrapper/spi_0/mac/phy/data5[9]
LOCK_NET=chiptop0/system/spiClockDomainWrapper/spi_0/mac/phy/del_cntr[11]_i_1_n_0
LOCK_NET=chiptop0/system/spiClockDomainWrapper/spi_0/mac/phy/del_cntr[11]_i_3_n_0
LOCK_NET=chiptop0/system/spiClockDomainWrapper/spi_0/mac/phy/del_cntr[11]_i_4_n_0
LOCK_NET=chiptop0/system/spiClockDomainWrapper/spi_0/mac/phy/del_cntr[11]_i_5_n_0
LOCK_NET=chiptop0/system/spiClockDomainWrapper/spi_0/mac/phy/del_cntr[2]_i_2_n_0
LOCK_NET=chiptop0/system/spiClockDomainWrapper/spi_0/mac/phy/del_cntr[3]_i_2_n_0
LOCK_NET=chiptop0/system/spiClockDomainWrapper/spi_0/mac/phy/del_cntr[4]_i_2_n_0
LOCK_NET=chiptop0/system/spiClockDomainWrapper/spi_0/mac/phy/del_cntr[5]_i_2_n_0
LOCK_NET=chiptop0/system/spiClockDomainWrapper/spi_0/mac/phy/del_cntr[8]_i_2_n_0
LOCK_NET=chiptop0/system/spiClockDomainWrapper/spi_0/mac/phy/del_cntr[9]_i_2_n_0
LOCK_NET=chiptop0/system/spiClockDomainWrapper/spi_0/mac/phy/del_cntr[9]_i_3_n_0
LOCK_NET=chiptop0/system/spiClockDomainWrapper/spi_0/mac/phy/del_cntr_last[10]_i_2_n_0
LOCK_NET=chiptop0/system/spiClockDomainWrapper/spi_0/mac/phy/del_cntr_last[10]_i_3_n_0
LOCK_NET=chiptop0/system/spiClockDomainWrapper/spi_0/mac/phy/del_cntr_last[10]_i_5_n_0
LOCK_NET=chiptop0/system/spiClockDomainWrapper/spi_0/mac/phy/del_cntr_last[11]_i_1_n_0
LOCK_NET=chiptop0/system/spiClockDomainWrapper/spi_0/mac/phy/del_cntr_last[11]_i_3_n_0
LOCK_NET=chiptop0/system/spiClockDomainWrapper/spi_0/mac/phy/del_cntr_last[11]_i_4_n_0
LOCK_NET=chiptop0/system/spiClockDomainWrapper/spi_0/mac/phy/del_cntr_last[11]_i_5_n_0
LOCK_NET=chiptop0/system/spiClockDomainWrapper/spi_0/mac/phy/del_cntr_last[11]_i_6_n_0
LOCK_NET=chiptop0/system/spiClockDomainWrapper/spi_0/mac/phy/del_cntr_last[2]_i_2_n_0
LOCK_NET=chiptop0/system/spiClockDomainWrapper/spi_0/mac/phy/del_cntr_last[3]_i_2_n_0
LOCK_NET=chiptop0/system/spiClockDomainWrapper/spi_0/mac/phy/del_cntr_last[3]_i_3_n_0
LOCK_NET=chiptop0/system/spiClockDomainWrapper/spi_0/mac/phy/del_cntr_last[4]_i_2_n_0
LOCK_NET=chiptop0/system/spiClockDomainWrapper/spi_0/mac/phy/del_cntr_last[5]_i_2_n_0
LOCK_NET=chiptop0/system/spiClockDomainWrapper/spi_0/mac/phy/del_cntr_last[5]_i_3_n_0
LOCK_NET=chiptop0/system/spiClockDomainWrapper/spi_0/mac/phy/del_cntr_last[6]_i_2_n_0
LOCK_NET=chiptop0/system/spiClockDomainWrapper/spi_0/mac/phy/del_cntr_last[7]_i_2_n_0
LOCK_NET=chiptop0/system/spiClockDomainWrapper/spi_0/mac/phy/del_cntr_last[8]_i_2_n_0
LOCK_NET=chiptop0/system/spiClockDomainWrapper/spi_0/mac/phy/del_cntr_last[9]_i_2_n_0
LOCK_NET=chiptop0/system/spiClockDomainWrapper/spi_0/mac/phy/del_cntr_last[9]_i_3_n_0
LOCK_NET=chiptop0/system/spiClockDomainWrapper/spi_0/mac/phy/del_cntr_last[9]_i_4_n_0
LOCK_NET=chiptop0/system/spiClockDomainWrapper/spi_0/mac/phy/del_cntr_last_reg[0]
LOCK_NET=chiptop0/system/spiClockDomainWrapper/spi_0/mac/phy/del_cntr_last_reg[10]
LOCK_NET=chiptop0/system/spiClockDomainWrapper/spi_0/mac/phy/del_cntr_last_reg[11]
LOCK_NET=chiptop0/system/spiClockDomainWrapper/spi_0/mac/phy/del_cntr_last_reg[1]
LOCK_NET=chiptop0/system/spiClockDomainWrapper/spi_0/mac/phy/del_cntr_last_reg[2]
LOCK_NET=chiptop0/system/spiClockDomainWrapper/spi_0/mac/phy/del_cntr_last_reg[3]
LOCK_NET=chiptop0/system/spiClockDomainWrapper/spi_0/mac/phy/del_cntr_last_reg[4]
LOCK_NET=chiptop0/system/spiClockDomainWrapper/spi_0/mac/phy/del_cntr_last_reg[5]
LOCK_NET=chiptop0/system/spiClockDomainWrapper/spi_0/mac/phy/del_cntr_last_reg[6]
LOCK_NET=chiptop0/system/spiClockDomainWrapper/spi_0/mac/phy/del_cntr_last_reg[7]
LOCK_NET=chiptop0/system/spiClockDomainWrapper/spi_0/mac/phy/del_cntr_last_reg[8]
LOCK_NET=chiptop0/system/spiClockDomainWrapper/spi_0/mac/phy/del_cntr_last_reg[9]
LOCK_NET=chiptop0/system/spiClockDomainWrapper/spi_0/mac/phy/del_cntr_reg[0]
LOCK_NET=chiptop0/system/spiClockDomainWrapper/spi_0/mac/phy/del_cntr_reg[10]
LOCK_NET=chiptop0/system/spiClockDomainWrapper/spi_0/mac/phy/del_cntr_reg[11]
LOCK_NET=chiptop0/system/spiClockDomainWrapper/spi_0/mac/phy/del_cntr_reg[1]
LOCK_NET=chiptop0/system/spiClockDomainWrapper/spi_0/mac/phy/del_cntr_reg[2]
LOCK_NET=chiptop0/system/spiClockDomainWrapper/spi_0/mac/phy/del_cntr_reg[3]
LOCK_NET=chiptop0/system/spiClockDomainWrapper/spi_0/mac/phy/del_cntr_reg[4]
LOCK_NET=chiptop0/system/spiClockDomainWrapper/spi_0/mac/phy/del_cntr_reg[5]
LOCK_NET=chiptop0/system/spiClockDomainWrapper/spi_0/mac/phy/del_cntr_reg[6]
LOCK_NET=chiptop0/system/spiClockDomainWrapper/spi_0/mac/phy/del_cntr_reg[7]
LOCK_NET=chiptop0/system/spiClockDomainWrapper/spi_0/mac/phy/del_cntr_reg[8]
LOCK_NET=chiptop0/system/spiClockDomainWrapper/spi_0/mac/phy/del_cntr_reg[9]
LOCK_NET=chiptop0/system/spiClockDomainWrapper/spi_0/mac/phy/done_i_1_n_0
LOCK_NET=chiptop0/system/spiClockDomainWrapper/spi_0/mac/phy/done_i_2_n_0
LOCK_NET=chiptop0/system/spiClockDomainWrapper/spi_0/mac/phy/done_i_3_n_0
LOCK_NET=chiptop0/system/spiClockDomainWrapper/spi_0/mac/phy/done_reg_0
LOCK_NET=chiptop0/system/spiClockDomainWrapper/spi_0/mac/phy/done_reg_1
LOCK_NET=chiptop0/system/spiClockDomainWrapper/spi_0/mac/phy/done_reg_2[0]
LOCK_NET=chiptop0/system/spiClockDomainWrapper/spi_0/mac/phy/done_reg_3
LOCK_NET=chiptop0/system/spiClockDomainWrapper/spi_0/mac/phy/io_spi_bbIn_dq_1_i_REG_1
LOCK_NET=chiptop0/system/spiClockDomainWrapper/spi_0/mac/phy/last_d
LOCK_NET=chiptop0/system/spiClockDomainWrapper/spi_0/mac/phy/last_d_i_1_n_0
LOCK_NET=chiptop0/system/spiClockDomainWrapper/spi_0/mac/phy/last_d_i_2_n_0
LOCK_NET=chiptop0/system/spiClockDomainWrapper/spi_0/mac/phy/last_d_i_3_n_0
LOCK_NET=chiptop0/system/spiClockDomainWrapper/spi_0/mac/phy/maybe_full
LOCK_NET=chiptop0/system/spiClockDomainWrapper/spi_0/mac/phy/maybe_full_reg
LOCK_NET=chiptop0/system/spiClockDomainWrapper/spi_0/mac/phy/p_0_in__0[0]
LOCK_NET=chiptop0/system/spiClockDomainWrapper/spi_0/mac/phy/p_0_in__0[10]
LOCK_NET=chiptop0/system/spiClockDomainWrapper/spi_0/mac/phy/p_0_in__0[11]
LOCK_NET=chiptop0/system/spiClockDomainWrapper/spi_0/mac/phy/p_0_in__0[1]
LOCK_NET=chiptop0/system/spiClockDomainWrapper/spi_0/mac/phy/p_0_in__0[2]
LOCK_NET=chiptop0/system/spiClockDomainWrapper/spi_0/mac/phy/p_0_in__0[3]
LOCK_NET=chiptop0/system/spiClockDomainWrapper/spi_0/mac/phy/p_0_in__0[4]
LOCK_NET=chiptop0/system/spiClockDomainWrapper/spi_0/mac/phy/p_0_in__0[5]
LOCK_NET=chiptop0/system/spiClockDomainWrapper/spi_0/mac/phy/p_0_in__0[6]
LOCK_NET=chiptop0/system/spiClockDomainWrapper/spi_0/mac/phy/p_0_in__0[7]
LOCK_NET=chiptop0/system/spiClockDomainWrapper/spi_0/mac/phy/p_0_in__0[8]
LOCK_NET=chiptop0/system/spiClockDomainWrapper/spi_0/mac/phy/p_0_in__0[9]
LOCK_NET=chiptop0/system/spiClockDomainWrapper/spi_0/mac/phy/p_0_in__0__0[0]
LOCK_NET=chiptop0/system/spiClockDomainWrapper/spi_0/mac/phy/p_0_in__0__0[10]
LOCK_NET=chiptop0/system/spiClockDomainWrapper/spi_0/mac/phy/p_0_in__0__0[11]
LOCK_NET=chiptop0/system/spiClockDomainWrapper/spi_0/mac/phy/p_0_in__0__0[1]
LOCK_NET=chiptop0/system/spiClockDomainWrapper/spi_0/mac/phy/p_0_in__0__0[2]
LOCK_NET=chiptop0/system/spiClockDomainWrapper/spi_0/mac/phy/p_0_in__0__0[3]
LOCK_NET=chiptop0/system/spiClockDomainWrapper/spi_0/mac/phy/p_0_in__0__0[4]
LOCK_NET=chiptop0/system/spiClockDomainWrapper/spi_0/mac/phy/p_0_in__0__0[5]
LOCK_NET=chiptop0/system/spiClockDomainWrapper/spi_0/mac/phy/p_0_in__0__0[6]
LOCK_NET=chiptop0/system/spiClockDomainWrapper/spi_0/mac/phy/p_0_in__0__0[7]
LOCK_NET=chiptop0/system/spiClockDomainWrapper/spi_0/mac/phy/p_0_in__0__0[8]
LOCK_NET=chiptop0/system/spiClockDomainWrapper/spi_0/mac/phy/p_0_in__0__0[9]
LOCK_NET=chiptop0/system/spiClockDomainWrapper/spi_0/mac/phy/p_1_in[0]
LOCK_NET=chiptop0/system/spiClockDomainWrapper/spi_0/mac/phy/p_1_in[1]
LOCK_NET=chiptop0/system/spiClockDomainWrapper/spi_0/mac/phy/p_1_in[2]
LOCK_NET=chiptop0/system/spiClockDomainWrapper/spi_0/mac/phy/p_1_in[3]
LOCK_NET=chiptop0/system/spiClockDomainWrapper/spi_0/mac/phy/p_1_in[4]
LOCK_NET=chiptop0/system/spiClockDomainWrapper/spi_0/mac/phy/p_1_in[5]
LOCK_NET=chiptop0/system/spiClockDomainWrapper/spi_0/mac/phy/p_1_in[6]
LOCK_NET=chiptop0/system/spiClockDomainWrapper/spi_0/mac/phy/p_1_in[7]
LOCK_NET=chiptop0/system/spiClockDomainWrapper/spi_0/mac/phy/p_2_in[0]
LOCK_NET=chiptop0/system/spiClockDomainWrapper/spi_0/mac/phy/p_2_in[1]
LOCK_NET=chiptop0/system/spiClockDomainWrapper/spi_0/mac/phy/p_2_in[2]
LOCK_NET=chiptop0/system/spiClockDomainWrapper/spi_0/mac/phy/p_2_in[3]
LOCK_NET=chiptop0/system/spiClockDomainWrapper/spi_0/mac/phy/p_7_in
LOCK_NET=chiptop0/system/spiClockDomainWrapper/spi_0/mac/phy/rxen
LOCK_NET=chiptop0/system/spiClockDomainWrapper/spi_0/mac/phy/sample_d
LOCK_NET=chiptop0/system/spiClockDomainWrapper/spi_0/mac/phy/sample_d_i_1_n_0
LOCK_NET=chiptop0/system/spiClockDomainWrapper/spi_0/mac/phy/sample_d_i_2_n_0
LOCK_NET=chiptop0/system/spiClockDomainWrapper/spi_0/mac/phy/sample_d_i_3_n_0
LOCK_NET=chiptop0/system/spiClockDomainWrapper/spi_0/mac/phy/sck_i_1_n_0
LOCK_NET=chiptop0/system/spiClockDomainWrapper/spi_0/mac/phy/sck_i_2_n_0
LOCK_NET=chiptop0/system/spiClockDomainWrapper/spi_0/mac/phy/sck_i_3_n_0
LOCK_NET=chiptop0/system/spiClockDomainWrapper/spi_0/mac/phy/scnt[0]
LOCK_NET=chiptop0/system/spiClockDomainWrapper/spi_0/mac/phy/scnt[0]_i_2_n_0
LOCK_NET=chiptop0/system/spiClockDomainWrapper/spi_0/mac/phy/scnt[0]_i_3_n_0
LOCK_NET=chiptop0/system/spiClockDomainWrapper/spi_0/mac/phy/scnt[0]_i_4_n_0
LOCK_NET=chiptop0/system/spiClockDomainWrapper/spi_0/mac/phy/scnt[0]_i_5_n_0
LOCK_NET=chiptop0/system/spiClockDomainWrapper/spi_0/mac/phy/scnt[1]
LOCK_NET=chiptop0/system/spiClockDomainWrapper/spi_0/mac/phy/scnt[1]_i_2_n_0
LOCK_NET=chiptop0/system/spiClockDomainWrapper/spi_0/mac/phy/scnt[1]_i_3_n_0
LOCK_NET=chiptop0/system/spiClockDomainWrapper/spi_0/mac/phy/scnt[1]_i_4_n_0
LOCK_NET=chiptop0/system/spiClockDomainWrapper/spi_0/mac/phy/scnt[1]_i_5_n_0
LOCK_NET=chiptop0/system/spiClockDomainWrapper/spi_0/mac/phy/scnt[1]_i_6_n_0
LOCK_NET=chiptop0/system/spiClockDomainWrapper/spi_0/mac/phy/scnt[2]
LOCK_NET=chiptop0/system/spiClockDomainWrapper/spi_0/mac/phy/scnt[2]_i_2_0[0]
LOCK_NET=chiptop0/system/spiClockDomainWrapper/spi_0/mac/phy/scnt[2]_i_2_0[1]
LOCK_NET=chiptop0/system/spiClockDomainWrapper/spi_0/mac/phy/scnt[2]_i_2_0[2]
LOCK_NET=chiptop0/system/spiClockDomainWrapper/spi_0/mac/phy/scnt[2]_i_2_0[3]
LOCK_NET=chiptop0/system/spiClockDomainWrapper/spi_0/mac/phy/scnt[2]_i_2_n_0
LOCK_NET=chiptop0/system/spiClockDomainWrapper/spi_0/mac/phy/scnt[2]_i_3_n_0
LOCK_NET=chiptop0/system/spiClockDomainWrapper/spi_0/mac/phy/scnt[2]_i_4_n_0
LOCK_NET=chiptop0/system/spiClockDomainWrapper/spi_0/mac/phy/scnt[2]_i_5_n_0
LOCK_NET=chiptop0/system/spiClockDomainWrapper/spi_0/mac/phy/scnt[2]_i_6_n_0
LOCK_NET=chiptop0/system/spiClockDomainWrapper/spi_0/mac/phy/scnt[2]_i_7_n_0
LOCK_NET=chiptop0/system/spiClockDomainWrapper/spi_0/mac/phy/scnt[2]_i_8_n_0
LOCK_NET=chiptop0/system/spiClockDomainWrapper/spi_0/mac/phy/scnt[2]_i_9_n_0
LOCK_NET=chiptop0/system/spiClockDomainWrapper/spi_0/mac/phy/scnt[3]
LOCK_NET=chiptop0/system/spiClockDomainWrapper/spi_0/mac/phy/scnt[3]_i_2_n_0
LOCK_NET=chiptop0/system/spiClockDomainWrapper/spi_0/mac/phy/scnt[3]_i_3_n_0
LOCK_NET=chiptop0/system/spiClockDomainWrapper/spi_0/mac/phy/scnt[3]_i_4_n_0
LOCK_NET=chiptop0/system/spiClockDomainWrapper/spi_0/mac/phy/scnt[3]_i_5_n_0
LOCK_NET=chiptop0/system/spiClockDomainWrapper/spi_0/mac/phy/scnt[4]
LOCK_NET=chiptop0/system/spiClockDomainWrapper/spi_0/mac/phy/scnt[4]_i_2_n_0
LOCK_NET=chiptop0/system/spiClockDomainWrapper/spi_0/mac/phy/scnt[4]_i_3_n_0
LOCK_NET=chiptop0/system/spiClockDomainWrapper/spi_0/mac/phy/scnt[5]
LOCK_NET=chiptop0/system/spiClockDomainWrapper/spi_0/mac/phy/scnt[5]_i_2_n_0
LOCK_NET=chiptop0/system/spiClockDomainWrapper/spi_0/mac/phy/scnt[5]_i_3_n_0
LOCK_NET=chiptop0/system/spiClockDomainWrapper/spi_0/mac/phy/scnt[6]
LOCK_NET=chiptop0/system/spiClockDomainWrapper/spi_0/mac/phy/scnt[6]_i_2_n_0
LOCK_NET=chiptop0/system/spiClockDomainWrapper/spi_0/mac/phy/scnt[6]_i_3_n_0
LOCK_NET=chiptop0/system/spiClockDomainWrapper/spi_0/mac/phy/scnt[7]
LOCK_NET=chiptop0/system/spiClockDomainWrapper/spi_0/mac/phy/scnt[7]_i_1_n_0
LOCK_NET=chiptop0/system/spiClockDomainWrapper/spi_0/mac/phy/scnt[7]_i_3_n_0
LOCK_NET=chiptop0/system/spiClockDomainWrapper/spi_0/mac/phy/scnt[7]_i_4_n_0
LOCK_NET=chiptop0/system/spiClockDomainWrapper/spi_0/mac/phy/sdio_spi_clk_OBUF
LOCK_NET=chiptop0/system/spiClockDomainWrapper/spi_0/mac/phy/sdio_spi_dat_3_OBUF
LOCK_NET=chiptop0/system/spiClockDomainWrapper/spi_0/mac/phy/setup
LOCK_NET=chiptop0/system/spiClockDomainWrapper/spi_0/mac/phy/setup_d
LOCK_NET=chiptop0/system/spiClockDomainWrapper/spi_0/mac/phy/setup_d_i_2_n_0
LOCK_NET=chiptop0/system/spiClockDomainWrapper/spi_0/mac/phy/state[0]_i_2__1_n_0
LOCK_NET=chiptop0/system/spiClockDomainWrapper/spi_0/mac/phy/state[1]_i_2__2_n_0
LOCK_NET=chiptop0/system/spiClockDomainWrapper/spi_0/mac/phy/state[1]_i_3__2_n_0
LOCK_NET=chiptop0/system/spiClockDomainWrapper/spi_0/mac/phy/state_reg[0]
LOCK_NET=chiptop0/system/spiClockDomainWrapper/spi_0/mac/phy/state_reg[0]_0
LOCK_NET=chiptop0/system/spiClockDomainWrapper/spi_0/mac/phy/state_reg[0]_1
LOCK_NET=chiptop0/system/spiClockDomainWrapper/spi_0/mac/phy/state_reg[0]_2
LOCK_NET=chiptop0/system/spiClockDomainWrapper/spi_0/mac/phy/state_reg[1]
LOCK_NET=chiptop0/system/spiClockDomainWrapper/spi_0/mac/phy/state_reg[1]_0
LOCK_NET=chiptop0/system/spiClockDomainWrapper/spi_0/mac/phy/state_reg[1]_1
LOCK_NET=chiptop0/system/spiClockDomainWrapper/spi_0/mac/phy/state_reg[1]_2
LOCK_NET=chiptop0/system/spiClockDomainWrapper/spi_0/mac/phy/sync_0_reg
LOCK_NET=chiptop0/system/spiClockDomainWrapper/spi_0/mac/phy/sync_0_reg_c_0_alias
LOCK_NET=chiptop0/system/spiClockDomainWrapper/spi_0/mac/phy/sync_0_reg_c_0_bufg_place
LOCK_NET=chiptop0/system/spiClockDomainWrapper/spi_0/mac/phy/sync_0_reg_c_0_bufg_place_replica
LOCK_NET=chiptop0/system/spiClockDomainWrapper/spi_0/mac/phy/tcnt[0]
LOCK_NET=chiptop0/system/spiClockDomainWrapper/spi_0/mac/phy/tcnt[0]_i_1_n_0
LOCK_NET=chiptop0/system/spiClockDomainWrapper/spi_0/mac/phy/tcnt[10]
LOCK_NET=chiptop0/system/spiClockDomainWrapper/spi_0/mac/phy/tcnt[10]_i_1_n_0
LOCK_NET=chiptop0/system/spiClockDomainWrapper/spi_0/mac/phy/tcnt[10]_i_2_n_0
LOCK_NET=chiptop0/system/spiClockDomainWrapper/spi_0/mac/phy/tcnt[11]
LOCK_NET=chiptop0/system/spiClockDomainWrapper/spi_0/mac/phy/tcnt[11]_i_1_n_0
LOCK_NET=chiptop0/system/spiClockDomainWrapper/spi_0/mac/phy/tcnt[11]_i_2_n_0
LOCK_NET=chiptop0/system/spiClockDomainWrapper/spi_0/mac/phy/tcnt[11]_i_3_n_0
LOCK_NET=chiptop0/system/spiClockDomainWrapper/spi_0/mac/phy/tcnt[11]_i_4_n_0
LOCK_NET=chiptop0/system/spiClockDomainWrapper/spi_0/mac/phy/tcnt[11]_i_5_n_0
LOCK_NET=chiptop0/system/spiClockDomainWrapper/spi_0/mac/phy/tcnt[11]_i_6_n_0
LOCK_NET=chiptop0/system/spiClockDomainWrapper/spi_0/mac/phy/tcnt[11]_i_7_n_0
LOCK_NET=chiptop0/system/spiClockDomainWrapper/spi_0/mac/phy/tcnt[11]_i_8_n_0
LOCK_NET=chiptop0/system/spiClockDomainWrapper/spi_0/mac/phy/tcnt[11]_i_9_n_0
LOCK_NET=chiptop0/system/spiClockDomainWrapper/spi_0/mac/phy/tcnt[1]
LOCK_NET=chiptop0/system/spiClockDomainWrapper/spi_0/mac/phy/tcnt[1]_i_1_n_0
LOCK_NET=chiptop0/system/spiClockDomainWrapper/spi_0/mac/phy/tcnt[1]_i_2_n_0
LOCK_NET=chiptop0/system/spiClockDomainWrapper/spi_0/mac/phy/tcnt[2]
LOCK_NET=chiptop0/system/spiClockDomainWrapper/spi_0/mac/phy/tcnt[2]_i_1_n_0
LOCK_NET=chiptop0/system/spiClockDomainWrapper/spi_0/mac/phy/tcnt[2]_i_2_n_0
LOCK_NET=chiptop0/system/spiClockDomainWrapper/spi_0/mac/phy/tcnt[3]
LOCK_NET=chiptop0/system/spiClockDomainWrapper/spi_0/mac/phy/tcnt[3]_i_1_n_0
LOCK_NET=chiptop0/system/spiClockDomainWrapper/spi_0/mac/phy/tcnt[3]_i_2_n_0
LOCK_NET=chiptop0/system/spiClockDomainWrapper/spi_0/mac/phy/tcnt[3]_i_3_n_0
LOCK_NET=chiptop0/system/spiClockDomainWrapper/spi_0/mac/phy/tcnt[4]
LOCK_NET=chiptop0/system/spiClockDomainWrapper/spi_0/mac/phy/tcnt[4]_i_1_n_0
LOCK_NET=chiptop0/system/spiClockDomainWrapper/spi_0/mac/phy/tcnt[4]_i_2_n_0
LOCK_NET=chiptop0/system/spiClockDomainWrapper/spi_0/mac/phy/tcnt[4]_i_3_n_0
LOCK_NET=chiptop0/system/spiClockDomainWrapper/spi_0/mac/phy/tcnt[5]
LOCK_NET=chiptop0/system/spiClockDomainWrapper/spi_0/mac/phy/tcnt[5]_i_1_n_0
LOCK_NET=chiptop0/system/spiClockDomainWrapper/spi_0/mac/phy/tcnt[5]_i_2_n_0
LOCK_NET=chiptop0/system/spiClockDomainWrapper/spi_0/mac/phy/tcnt[6]
LOCK_NET=chiptop0/system/spiClockDomainWrapper/spi_0/mac/phy/tcnt[6]_i_1_n_0
LOCK_NET=chiptop0/system/spiClockDomainWrapper/spi_0/mac/phy/tcnt[6]_i_2_n_0
LOCK_NET=chiptop0/system/spiClockDomainWrapper/spi_0/mac/phy/tcnt[7]
LOCK_NET=chiptop0/system/spiClockDomainWrapper/spi_0/mac/phy/tcnt[7]_i_1_n_0
LOCK_NET=chiptop0/system/spiClockDomainWrapper/spi_0/mac/phy/tcnt[7]_i_2_n_0
LOCK_NET=chiptop0/system/spiClockDomainWrapper/spi_0/mac/phy/tcnt[7]_i_3_n_0
LOCK_NET=chiptop0/system/spiClockDomainWrapper/spi_0/mac/phy/tcnt[7]_i_4_n_0
LOCK_NET=chiptop0/system/spiClockDomainWrapper/spi_0/mac/phy/tcnt[7]_i_5_n_0
LOCK_NET=chiptop0/system/spiClockDomainWrapper/spi_0/mac/phy/tcnt[7]_i_6_n_0
LOCK_NET=chiptop0/system/spiClockDomainWrapper/spi_0/mac/phy/tcnt[8]
LOCK_NET=chiptop0/system/spiClockDomainWrapper/spi_0/mac/phy/tcnt[8]_i_1_n_0
LOCK_NET=chiptop0/system/spiClockDomainWrapper/spi_0/mac/phy/tcnt[9]
LOCK_NET=chiptop0/system/spiClockDomainWrapper/spi_0/mac/phy/tcnt[9]_i_1_n_0
LOCK_NET=chiptop0/system/spiClockDomainWrapper/spi_0/mac/phy/txd[0]_i_1_n_0
LOCK_NET=chiptop0/system/spiClockDomainWrapper/spi_0/mac/phy/txd[0]_i_2_n_0
LOCK_NET=chiptop0/system/spiClockDomainWrapper/spi_0/mac/phy/txd[0]_i_3_n_0
LOCK_NET=chiptop0/system/spiClockDomainWrapper/spi_0/mac/phy/txd[0]_i_4_n_0
LOCK_NET=chiptop0/system/spiClockDomainWrapper/spi_0/mac/phy/txd[0]_i_5_n_0
LOCK_NET=chiptop0/system/spiClockDomainWrapper/spi_0/mac/phy/txd[0]_i_6_n_0
LOCK_NET=chiptop0/system/spiClockDomainWrapper/spi_0/mac/phy/xfr
LOCK_NET=chiptop0/system/spiClockDomainWrapper/spi_0/mac/phy/xfr_i_1_n_0
LOCK_NET=chiptop0/system/tile_prci_domain/_plic_domain_auto_int_in_clock_xing_out_0_sync_0
LOCK_NET=chiptop0/system/tile_prci_domain/_plic_domain_auto_int_in_clock_xing_out_1_sync_0
LOCK_NET=chiptop0/system/tile_prci_domain/_sbus_auto_coupler_from_rockettile_tl_master_clock_xing_in_c_ready
LOCK_NET=chiptop0/system/tile_prci_domain/_sbus_auto_coupler_from_rockettile_tl_master_clock_xing_in_d_valid
LOCK_NET=chiptop0/system/tile_prci_domain/_tile_prci_domain_auto_tl_master_clock_xing_out_a_bits_data[0]
LOCK_NET=chiptop0/system/tile_prci_domain/_tile_prci_domain_auto_tl_master_clock_xing_out_a_bits_data[10]
LOCK_NET=chiptop0/system/tile_prci_domain/_tile_prci_domain_auto_tl_master_clock_xing_out_a_bits_data[11]
LOCK_NET=chiptop0/system/tile_prci_domain/_tile_prci_domain_auto_tl_master_clock_xing_out_a_bits_data[12]
LOCK_NET=chiptop0/system/tile_prci_domain/_tile_prci_domain_auto_tl_master_clock_xing_out_a_bits_data[13]
LOCK_NET=chiptop0/system/tile_prci_domain/_tile_prci_domain_auto_tl_master_clock_xing_out_a_bits_data[14]
LOCK_NET=chiptop0/system/tile_prci_domain/_tile_prci_domain_auto_tl_master_clock_xing_out_a_bits_data[15]
LOCK_NET=chiptop0/system/tile_prci_domain/_tile_prci_domain_auto_tl_master_clock_xing_out_a_bits_data[16]
LOCK_NET=chiptop0/system/tile_prci_domain/_tile_prci_domain_auto_tl_master_clock_xing_out_a_bits_data[17]
LOCK_NET=chiptop0/system/tile_prci_domain/_tile_prci_domain_auto_tl_master_clock_xing_out_a_bits_data[18]
LOCK_NET=chiptop0/system/tile_prci_domain/_tile_prci_domain_auto_tl_master_clock_xing_out_a_bits_data[19]
LOCK_NET=chiptop0/system/tile_prci_domain/_tile_prci_domain_auto_tl_master_clock_xing_out_a_bits_data[1]
LOCK_NET=chiptop0/system/tile_prci_domain/_tile_prci_domain_auto_tl_master_clock_xing_out_a_bits_data[20]
LOCK_NET=chiptop0/system/tile_prci_domain/_tile_prci_domain_auto_tl_master_clock_xing_out_a_bits_data[21]
LOCK_NET=chiptop0/system/tile_prci_domain/_tile_prci_domain_auto_tl_master_clock_xing_out_a_bits_data[22]
LOCK_NET=chiptop0/system/tile_prci_domain/_tile_prci_domain_auto_tl_master_clock_xing_out_a_bits_data[23]
LOCK_NET=chiptop0/system/tile_prci_domain/_tile_prci_domain_auto_tl_master_clock_xing_out_a_bits_data[24]
LOCK_NET=chiptop0/system/tile_prci_domain/_tile_prci_domain_auto_tl_master_clock_xing_out_a_bits_data[25]
LOCK_NET=chiptop0/system/tile_prci_domain/_tile_prci_domain_auto_tl_master_clock_xing_out_a_bits_data[26]
LOCK_NET=chiptop0/system/tile_prci_domain/_tile_prci_domain_auto_tl_master_clock_xing_out_a_bits_data[27]
LOCK_NET=chiptop0/system/tile_prci_domain/_tile_prci_domain_auto_tl_master_clock_xing_out_a_bits_data[28]
LOCK_NET=chiptop0/system/tile_prci_domain/_tile_prci_domain_auto_tl_master_clock_xing_out_a_bits_data[29]
LOCK_NET=chiptop0/system/tile_prci_domain/_tile_prci_domain_auto_tl_master_clock_xing_out_a_bits_data[2]
LOCK_NET=chiptop0/system/tile_prci_domain/_tile_prci_domain_auto_tl_master_clock_xing_out_a_bits_data[30]
LOCK_NET=chiptop0/system/tile_prci_domain/_tile_prci_domain_auto_tl_master_clock_xing_out_a_bits_data[31]
LOCK_NET=chiptop0/system/tile_prci_domain/_tile_prci_domain_auto_tl_master_clock_xing_out_a_bits_data[32]
LOCK_NET=chiptop0/system/tile_prci_domain/_tile_prci_domain_auto_tl_master_clock_xing_out_a_bits_data[33]
LOCK_NET=chiptop0/system/tile_prci_domain/_tile_prci_domain_auto_tl_master_clock_xing_out_a_bits_data[34]
LOCK_NET=chiptop0/system/tile_prci_domain/_tile_prci_domain_auto_tl_master_clock_xing_out_a_bits_data[35]
LOCK_NET=chiptop0/system/tile_prci_domain/_tile_prci_domain_auto_tl_master_clock_xing_out_a_bits_data[36]
LOCK_NET=chiptop0/system/tile_prci_domain/_tile_prci_domain_auto_tl_master_clock_xing_out_a_bits_data[37]
LOCK_NET=chiptop0/system/tile_prci_domain/_tile_prci_domain_auto_tl_master_clock_xing_out_a_bits_data[38]
LOCK_NET=chiptop0/system/tile_prci_domain/_tile_prci_domain_auto_tl_master_clock_xing_out_a_bits_data[39]
LOCK_NET=chiptop0/system/tile_prci_domain/_tile_prci_domain_auto_tl_master_clock_xing_out_a_bits_data[3]
LOCK_NET=chiptop0/system/tile_prci_domain/_tile_prci_domain_auto_tl_master_clock_xing_out_a_bits_data[40]
LOCK_NET=chiptop0/system/tile_prci_domain/_tile_prci_domain_auto_tl_master_clock_xing_out_a_bits_data[41]
LOCK_NET=chiptop0/system/tile_prci_domain/_tile_prci_domain_auto_tl_master_clock_xing_out_a_bits_data[42]
LOCK_NET=chiptop0/system/tile_prci_domain/_tile_prci_domain_auto_tl_master_clock_xing_out_a_bits_data[43]
LOCK_NET=chiptop0/system/tile_prci_domain/_tile_prci_domain_auto_tl_master_clock_xing_out_a_bits_data[44]
LOCK_NET=chiptop0/system/tile_prci_domain/_tile_prci_domain_auto_tl_master_clock_xing_out_a_bits_data[45]
LOCK_NET=chiptop0/system/tile_prci_domain/_tile_prci_domain_auto_tl_master_clock_xing_out_a_bits_data[46]
LOCK_NET=chiptop0/system/tile_prci_domain/_tile_prci_domain_auto_tl_master_clock_xing_out_a_bits_data[47]
LOCK_NET=chiptop0/system/tile_prci_domain/_tile_prci_domain_auto_tl_master_clock_xing_out_a_bits_data[48]
LOCK_NET=chiptop0/system/tile_prci_domain/_tile_prci_domain_auto_tl_master_clock_xing_out_a_bits_data[49]
LOCK_NET=chiptop0/system/tile_prci_domain/_tile_prci_domain_auto_tl_master_clock_xing_out_a_bits_data[4]
LOCK_NET=chiptop0/system/tile_prci_domain/_tile_prci_domain_auto_tl_master_clock_xing_out_a_bits_data[50]
LOCK_NET=chiptop0/system/tile_prci_domain/_tile_prci_domain_auto_tl_master_clock_xing_out_a_bits_data[51]
LOCK_NET=chiptop0/system/tile_prci_domain/_tile_prci_domain_auto_tl_master_clock_xing_out_a_bits_data[52]
LOCK_NET=chiptop0/system/tile_prci_domain/_tile_prci_domain_auto_tl_master_clock_xing_out_a_bits_data[53]
LOCK_NET=chiptop0/system/tile_prci_domain/_tile_prci_domain_auto_tl_master_clock_xing_out_a_bits_data[54]
LOCK_NET=chiptop0/system/tile_prci_domain/_tile_prci_domain_auto_tl_master_clock_xing_out_a_bits_data[55]
LOCK_NET=chiptop0/system/tile_prci_domain/_tile_prci_domain_auto_tl_master_clock_xing_out_a_bits_data[56]
LOCK_NET=chiptop0/system/tile_prci_domain/_tile_prci_domain_auto_tl_master_clock_xing_out_a_bits_data[57]
LOCK_NET=chiptop0/system/tile_prci_domain/_tile_prci_domain_auto_tl_master_clock_xing_out_a_bits_data[58]
LOCK_NET=chiptop0/system/tile_prci_domain/_tile_prci_domain_auto_tl_master_clock_xing_out_a_bits_data[59]
LOCK_NET=chiptop0/system/tile_prci_domain/_tile_prci_domain_auto_tl_master_clock_xing_out_a_bits_data[5]
LOCK_NET=chiptop0/system/tile_prci_domain/_tile_prci_domain_auto_tl_master_clock_xing_out_a_bits_data[60]
LOCK_NET=chiptop0/system/tile_prci_domain/_tile_prci_domain_auto_tl_master_clock_xing_out_a_bits_data[61]
LOCK_NET=chiptop0/system/tile_prci_domain/_tile_prci_domain_auto_tl_master_clock_xing_out_a_bits_data[62]
LOCK_NET=chiptop0/system/tile_prci_domain/_tile_prci_domain_auto_tl_master_clock_xing_out_a_bits_data[63]
LOCK_NET=chiptop0/system/tile_prci_domain/_tile_prci_domain_auto_tl_master_clock_xing_out_a_bits_data[6]
LOCK_NET=chiptop0/system/tile_prci_domain/_tile_prci_domain_auto_tl_master_clock_xing_out_a_bits_data[7]
LOCK_NET=chiptop0/system/tile_prci_domain/_tile_prci_domain_auto_tl_master_clock_xing_out_a_bits_data[8]
LOCK_NET=chiptop0/system/tile_prci_domain/_tile_prci_domain_auto_tl_master_clock_xing_out_a_bits_data[9]
LOCK_NET=chiptop0/system/tile_prci_domain/_tile_prci_domain_auto_tl_master_clock_xing_out_c_valid
LOCK_NET=chiptop0/system/tile_prci_domain/_tile_prci_domain_auto_tl_master_clock_xing_out_d_ready
LOCK_NET=chiptop0/system/tile_prci_domain/dcache/blockProbeAfterGrantCount[0]
LOCK_NET=chiptop0/system/tile_prci_domain/dcache/blockProbeAfterGrantCount[1]
LOCK_NET=chiptop0/system/tile_prci_domain/dcache/blockUncachedGrant
LOCK_NET=chiptop0/system/tile_prci_domain/buffer/_sbus_auto_coupler_from_rockettile_tl_master_clock_xing_in_c_ready
LOCK_NET=chiptop0/system/tile_prci_domain/buffer/_sbus_auto_coupler_from_rockettile_tl_master_clock_xing_in_d_valid
LOCK_NET=chiptop0/system/tile_prci_domain/buffer/_tile_prci_domain_auto_tl_master_clock_xing_out_a_bits_data[0]
LOCK_NET=chiptop0/system/tile_prci_domain/buffer/_tile_prci_domain_auto_tl_master_clock_xing_out_a_bits_data[10]
LOCK_NET=chiptop0/system/tile_prci_domain/buffer/_tile_prci_domain_auto_tl_master_clock_xing_out_a_bits_data[11]
LOCK_NET=chiptop0/system/tile_prci_domain/buffer/_tile_prci_domain_auto_tl_master_clock_xing_out_a_bits_data[12]
LOCK_NET=chiptop0/system/tile_prci_domain/buffer/_tile_prci_domain_auto_tl_master_clock_xing_out_a_bits_data[13]
LOCK_NET=chiptop0/system/tile_prci_domain/buffer/_tile_prci_domain_auto_tl_master_clock_xing_out_a_bits_data[14]
LOCK_NET=chiptop0/system/tile_prci_domain/buffer/_tile_prci_domain_auto_tl_master_clock_xing_out_a_bits_data[15]
LOCK_NET=chiptop0/system/tile_prci_domain/buffer/_tile_prci_domain_auto_tl_master_clock_xing_out_a_bits_data[16]
LOCK_NET=chiptop0/system/tile_prci_domain/buffer/_tile_prci_domain_auto_tl_master_clock_xing_out_a_bits_data[17]
LOCK_NET=chiptop0/system/tile_prci_domain/buffer/_tile_prci_domain_auto_tl_master_clock_xing_out_a_bits_data[18]
LOCK_NET=chiptop0/system/tile_prci_domain/buffer/_tile_prci_domain_auto_tl_master_clock_xing_out_a_bits_data[19]
LOCK_NET=chiptop0/system/tile_prci_domain/buffer/_tile_prci_domain_auto_tl_master_clock_xing_out_a_bits_data[1]
LOCK_NET=chiptop0/system/tile_prci_domain/buffer/_tile_prci_domain_auto_tl_master_clock_xing_out_a_bits_data[20]
LOCK_NET=chiptop0/system/tile_prci_domain/buffer/_tile_prci_domain_auto_tl_master_clock_xing_out_a_bits_data[21]
LOCK_NET=chiptop0/system/tile_prci_domain/buffer/_tile_prci_domain_auto_tl_master_clock_xing_out_a_bits_data[22]
LOCK_NET=chiptop0/system/tile_prci_domain/buffer/_tile_prci_domain_auto_tl_master_clock_xing_out_a_bits_data[23]
LOCK_NET=chiptop0/system/tile_prci_domain/buffer/_tile_prci_domain_auto_tl_master_clock_xing_out_a_bits_data[24]
LOCK_NET=chiptop0/system/tile_prci_domain/buffer/_tile_prci_domain_auto_tl_master_clock_xing_out_a_bits_data[25]
LOCK_NET=chiptop0/system/tile_prci_domain/buffer/_tile_prci_domain_auto_tl_master_clock_xing_out_a_bits_data[26]
LOCK_NET=chiptop0/system/tile_prci_domain/buffer/_tile_prci_domain_auto_tl_master_clock_xing_out_a_bits_data[27]
LOCK_NET=chiptop0/system/tile_prci_domain/buffer/_tile_prci_domain_auto_tl_master_clock_xing_out_a_bits_data[28]
LOCK_NET=chiptop0/system/tile_prci_domain/buffer/_tile_prci_domain_auto_tl_master_clock_xing_out_a_bits_data[29]
LOCK_NET=chiptop0/system/tile_prci_domain/buffer/_tile_prci_domain_auto_tl_master_clock_xing_out_a_bits_data[2]
LOCK_NET=chiptop0/system/tile_prci_domain/buffer/_tile_prci_domain_auto_tl_master_clock_xing_out_a_bits_data[30]
LOCK_NET=chiptop0/system/tile_prci_domain/buffer/_tile_prci_domain_auto_tl_master_clock_xing_out_a_bits_data[31]
LOCK_NET=chiptop0/system/tile_prci_domain/buffer/_tile_prci_domain_auto_tl_master_clock_xing_out_a_bits_data[32]
LOCK_NET=chiptop0/system/tile_prci_domain/buffer/_tile_prci_domain_auto_tl_master_clock_xing_out_a_bits_data[33]
LOCK_NET=chiptop0/system/tile_prci_domain/buffer/_tile_prci_domain_auto_tl_master_clock_xing_out_a_bits_data[34]
LOCK_NET=chiptop0/system/tile_prci_domain/buffer/_tile_prci_domain_auto_tl_master_clock_xing_out_a_bits_data[35]
LOCK_NET=chiptop0/system/tile_prci_domain/buffer/_tile_prci_domain_auto_tl_master_clock_xing_out_a_bits_data[36]
LOCK_NET=chiptop0/system/tile_prci_domain/buffer/_tile_prci_domain_auto_tl_master_clock_xing_out_a_bits_data[37]
LOCK_NET=chiptop0/system/tile_prci_domain/buffer/_tile_prci_domain_auto_tl_master_clock_xing_out_a_bits_data[38]
LOCK_NET=chiptop0/system/tile_prci_domain/buffer/_tile_prci_domain_auto_tl_master_clock_xing_out_a_bits_data[39]
LOCK_NET=chiptop0/system/tile_prci_domain/buffer/_tile_prci_domain_auto_tl_master_clock_xing_out_a_bits_data[3]
LOCK_NET=chiptop0/system/tile_prci_domain/buffer/_tile_prci_domain_auto_tl_master_clock_xing_out_a_bits_data[40]
LOCK_NET=chiptop0/system/tile_prci_domain/buffer/_tile_prci_domain_auto_tl_master_clock_xing_out_a_bits_data[41]
LOCK_NET=chiptop0/system/tile_prci_domain/buffer/_tile_prci_domain_auto_tl_master_clock_xing_out_a_bits_data[42]
LOCK_NET=chiptop0/system/tile_prci_domain/buffer/_tile_prci_domain_auto_tl_master_clock_xing_out_a_bits_data[43]
LOCK_NET=chiptop0/system/tile_prci_domain/buffer/_tile_prci_domain_auto_tl_master_clock_xing_out_a_bits_data[44]
LOCK_NET=chiptop0/system/tile_prci_domain/buffer/_tile_prci_domain_auto_tl_master_clock_xing_out_a_bits_data[45]
LOCK_NET=chiptop0/system/tile_prci_domain/buffer/_tile_prci_domain_auto_tl_master_clock_xing_out_a_bits_data[46]
LOCK_NET=chiptop0/system/tile_prci_domain/buffer/_tile_prci_domain_auto_tl_master_clock_xing_out_a_bits_data[47]
LOCK_NET=chiptop0/system/tile_prci_domain/buffer/_tile_prci_domain_auto_tl_master_clock_xing_out_a_bits_data[48]
LOCK_NET=chiptop0/system/tile_prci_domain/buffer/_tile_prci_domain_auto_tl_master_clock_xing_out_a_bits_data[49]
LOCK_NET=chiptop0/system/tile_prci_domain/buffer/_tile_prci_domain_auto_tl_master_clock_xing_out_a_bits_data[4]
LOCK_NET=chiptop0/system/tile_prci_domain/buffer/_tile_prci_domain_auto_tl_master_clock_xing_out_a_bits_data[50]
LOCK_NET=chiptop0/system/tile_prci_domain/buffer/_tile_prci_domain_auto_tl_master_clock_xing_out_a_bits_data[51]
LOCK_NET=chiptop0/system/tile_prci_domain/buffer/_tile_prci_domain_auto_tl_master_clock_xing_out_a_bits_data[52]
LOCK_NET=chiptop0/system/tile_prci_domain/buffer/_tile_prci_domain_auto_tl_master_clock_xing_out_a_bits_data[53]
LOCK_NET=chiptop0/system/tile_prci_domain/buffer/_tile_prci_domain_auto_tl_master_clock_xing_out_a_bits_data[54]
LOCK_NET=chiptop0/system/tile_prci_domain/buffer/_tile_prci_domain_auto_tl_master_clock_xing_out_a_bits_data[55]
LOCK_NET=chiptop0/system/tile_prci_domain/buffer/_tile_prci_domain_auto_tl_master_clock_xing_out_a_bits_data[56]
LOCK_NET=chiptop0/system/tile_prci_domain/buffer/_tile_prci_domain_auto_tl_master_clock_xing_out_a_bits_data[57]
LOCK_NET=chiptop0/system/tile_prci_domain/buffer/_tile_prci_domain_auto_tl_master_clock_xing_out_a_bits_data[58]
LOCK_NET=chiptop0/system/tile_prci_domain/buffer/_tile_prci_domain_auto_tl_master_clock_xing_out_a_bits_data[59]
LOCK_NET=chiptop0/system/tile_prci_domain/buffer/_tile_prci_domain_auto_tl_master_clock_xing_out_a_bits_data[5]
LOCK_NET=chiptop0/system/tile_prci_domain/buffer/_tile_prci_domain_auto_tl_master_clock_xing_out_a_bits_data[60]
LOCK_NET=chiptop0/system/tile_prci_domain/buffer/_tile_prci_domain_auto_tl_master_clock_xing_out_a_bits_data[61]
LOCK_NET=chiptop0/system/tile_prci_domain/buffer/_tile_prci_domain_auto_tl_master_clock_xing_out_a_bits_data[62]
LOCK_NET=chiptop0/system/tile_prci_domain/buffer/_tile_prci_domain_auto_tl_master_clock_xing_out_a_bits_data[63]
LOCK_NET=chiptop0/system/tile_prci_domain/buffer/_tile_prci_domain_auto_tl_master_clock_xing_out_a_bits_data[6]
LOCK_NET=chiptop0/system/tile_prci_domain/buffer/_tile_prci_domain_auto_tl_master_clock_xing_out_a_bits_data[7]
LOCK_NET=chiptop0/system/tile_prci_domain/buffer/_tile_prci_domain_auto_tl_master_clock_xing_out_a_bits_data[8]
LOCK_NET=chiptop0/system/tile_prci_domain/buffer/_tile_prci_domain_auto_tl_master_clock_xing_out_a_bits_data[9]
LOCK_NET=chiptop0/system/tile_prci_domain/buffer/_tile_prci_domain_auto_tl_master_clock_xing_out_c_valid
LOCK_NET=chiptop0/system/tile_prci_domain/buffer/_tile_prci_domain_auto_tl_master_clock_xing_out_d_ready
LOCK_NET=chiptop0/system/tile_prci_domain/buffer/blockProbeAfterGrantCount_reg[0]
LOCK_NET=chiptop0/system/tile_prci_domain/buffer/blockProbeAfterGrantCount_reg[1]
LOCK_NET=chiptop0/system/tile_prci_domain/buffer/blockProbeAfterGrantCount_reg[1]_0[0]
LOCK_NET=chiptop0/system/tile_prci_domain/buffer/blockProbeAfterGrantCount_reg[1]_0[1]
LOCK_NET=chiptop0/system/tile_prci_domain/buffer/blockUncachedGrant
LOCK_NET=chiptop0/system/tile_prci_domain/buffer/nodeIn_d_q/_sbus_auto_coupler_from_rockettile_tl_master_clock_xing_in_d_valid
LOCK_NET=chiptop0/system/tile_prci_domain/buffer/nodeIn_d_q/_tile_prci_domain_auto_tl_master_clock_xing_out_d_ready
LOCK_NET=chiptop0/system/tile_prci_domain/buffer/nodeIn_d_q/blockProbeAfterGrantCount_reg[0]
LOCK_NET=chiptop0/system/tile_prci_domain/buffer/nodeIn_d_q/blockProbeAfterGrantCount_reg[1]
LOCK_NET=chiptop0/system/tile_prci_domain/buffer/nodeIn_d_q/blockProbeAfterGrantCount_reg[1]_0[0]
LOCK_NET=chiptop0/system/tile_prci_domain/buffer/nodeIn_d_q/blockProbeAfterGrantCount_reg[1]_0[1]
LOCK_NET=chiptop0/system/tile_prci_domain/buffer/nodeIn_d_q/blockUncachedGrant
LOCK_NET=chiptop0/system/tile_prci_domain/buffer/nodeIn_d_q/ram_ext/_sbus_auto_coupler_from_rockettile_tl_master_clock_xing_in_d_valid
LOCK_NET=chiptop0/system/tile_prci_domain/buffer/nodeIn_d_q/ram_ext/blockProbeAfterGrantCount_reg[0]
LOCK_NET=chiptop0/system/tile_prci_domain/buffer/nodeIn_d_q/ram_ext/blockProbeAfterGrantCount_reg[1]
LOCK_NET=chiptop0/system/tile_prci_domain/buffer/nodeIn_d_q/ram_ext/blockProbeAfterGrantCount_reg[1]_0[0]
LOCK_NET=chiptop0/system/tile_prci_domain/buffer/nodeIn_d_q/ram_ext/blockProbeAfterGrantCount_reg[1]_0[1]
LOCK_NET=chiptop0/system/tile_prci_domain/buffer/nodeIn_d_q/ram_ext/blockUncachedGrant
LOCK_NET=chiptop0/system/tile_prci_domain/buffer/nodeOut_a_q/_tile_prci_domain_auto_tl_master_clock_xing_out_a_bits_data[0]
LOCK_NET=chiptop0/system/tile_prci_domain/buffer/nodeOut_a_q/_tile_prci_domain_auto_tl_master_clock_xing_out_a_bits_data[10]
LOCK_NET=chiptop0/system/tile_prci_domain/buffer/nodeOut_a_q/_tile_prci_domain_auto_tl_master_clock_xing_out_a_bits_data[11]
LOCK_NET=chiptop0/system/tile_prci_domain/buffer/nodeOut_a_q/_tile_prci_domain_auto_tl_master_clock_xing_out_a_bits_data[12]
LOCK_NET=chiptop0/system/tile_prci_domain/buffer/nodeOut_a_q/_tile_prci_domain_auto_tl_master_clock_xing_out_a_bits_data[13]
LOCK_NET=chiptop0/system/tile_prci_domain/buffer/nodeOut_a_q/_tile_prci_domain_auto_tl_master_clock_xing_out_a_bits_data[14]
LOCK_NET=chiptop0/system/tile_prci_domain/buffer/nodeOut_a_q/_tile_prci_domain_auto_tl_master_clock_xing_out_a_bits_data[15]
LOCK_NET=chiptop0/system/tile_prci_domain/buffer/nodeOut_a_q/_tile_prci_domain_auto_tl_master_clock_xing_out_a_bits_data[16]
LOCK_NET=chiptop0/system/tile_prci_domain/buffer/nodeOut_a_q/_tile_prci_domain_auto_tl_master_clock_xing_out_a_bits_data[17]
LOCK_NET=chiptop0/system/tile_prci_domain/buffer/nodeOut_a_q/_tile_prci_domain_auto_tl_master_clock_xing_out_a_bits_data[18]
LOCK_NET=chiptop0/system/tile_prci_domain/buffer/nodeOut_a_q/_tile_prci_domain_auto_tl_master_clock_xing_out_a_bits_data[19]
LOCK_NET=chiptop0/system/tile_prci_domain/buffer/nodeOut_a_q/_tile_prci_domain_auto_tl_master_clock_xing_out_a_bits_data[1]
LOCK_NET=chiptop0/system/tile_prci_domain/buffer/nodeOut_a_q/_tile_prci_domain_auto_tl_master_clock_xing_out_a_bits_data[20]
LOCK_NET=chiptop0/system/tile_prci_domain/buffer/nodeOut_a_q/_tile_prci_domain_auto_tl_master_clock_xing_out_a_bits_data[21]
LOCK_NET=chiptop0/system/tile_prci_domain/buffer/nodeOut_a_q/_tile_prci_domain_auto_tl_master_clock_xing_out_a_bits_data[22]
LOCK_NET=chiptop0/system/tile_prci_domain/buffer/nodeOut_a_q/_tile_prci_domain_auto_tl_master_clock_xing_out_a_bits_data[23]
LOCK_NET=chiptop0/system/tile_prci_domain/buffer/nodeOut_a_q/_tile_prci_domain_auto_tl_master_clock_xing_out_a_bits_data[24]
LOCK_NET=chiptop0/system/tile_prci_domain/buffer/nodeOut_a_q/_tile_prci_domain_auto_tl_master_clock_xing_out_a_bits_data[25]
LOCK_NET=chiptop0/system/tile_prci_domain/buffer/nodeOut_a_q/_tile_prci_domain_auto_tl_master_clock_xing_out_a_bits_data[26]
LOCK_NET=chiptop0/system/tile_prci_domain/buffer/nodeOut_a_q/_tile_prci_domain_auto_tl_master_clock_xing_out_a_bits_data[27]
LOCK_NET=chiptop0/system/tile_prci_domain/buffer/nodeOut_a_q/_tile_prci_domain_auto_tl_master_clock_xing_out_a_bits_data[28]
LOCK_NET=chiptop0/system/tile_prci_domain/buffer/nodeOut_a_q/_tile_prci_domain_auto_tl_master_clock_xing_out_a_bits_data[29]
LOCK_NET=chiptop0/system/tile_prci_domain/buffer/nodeOut_a_q/_tile_prci_domain_auto_tl_master_clock_xing_out_a_bits_data[2]
LOCK_NET=chiptop0/system/tile_prci_domain/buffer/nodeOut_a_q/_tile_prci_domain_auto_tl_master_clock_xing_out_a_bits_data[30]
LOCK_NET=chiptop0/system/tile_prci_domain/buffer/nodeOut_a_q/_tile_prci_domain_auto_tl_master_clock_xing_out_a_bits_data[31]
LOCK_NET=chiptop0/system/tile_prci_domain/buffer/nodeOut_a_q/_tile_prci_domain_auto_tl_master_clock_xing_out_a_bits_data[32]
LOCK_NET=chiptop0/system/tile_prci_domain/buffer/nodeOut_a_q/_tile_prci_domain_auto_tl_master_clock_xing_out_a_bits_data[33]
LOCK_NET=chiptop0/system/tile_prci_domain/buffer/nodeOut_a_q/_tile_prci_domain_auto_tl_master_clock_xing_out_a_bits_data[34]
LOCK_NET=chiptop0/system/tile_prci_domain/buffer/nodeOut_a_q/_tile_prci_domain_auto_tl_master_clock_xing_out_a_bits_data[35]
LOCK_NET=chiptop0/system/tile_prci_domain/buffer/nodeOut_a_q/_tile_prci_domain_auto_tl_master_clock_xing_out_a_bits_data[36]
LOCK_NET=chiptop0/system/tile_prci_domain/buffer/nodeOut_a_q/_tile_prci_domain_auto_tl_master_clock_xing_out_a_bits_data[37]
LOCK_NET=chiptop0/system/tile_prci_domain/buffer/nodeOut_a_q/_tile_prci_domain_auto_tl_master_clock_xing_out_a_bits_data[38]
LOCK_NET=chiptop0/system/tile_prci_domain/buffer/nodeOut_a_q/_tile_prci_domain_auto_tl_master_clock_xing_out_a_bits_data[39]
LOCK_NET=chiptop0/system/tile_prci_domain/buffer/nodeOut_a_q/_tile_prci_domain_auto_tl_master_clock_xing_out_a_bits_data[3]
LOCK_NET=chiptop0/system/tile_prci_domain/buffer/nodeOut_a_q/_tile_prci_domain_auto_tl_master_clock_xing_out_a_bits_data[40]
LOCK_NET=chiptop0/system/tile_prci_domain/buffer/nodeOut_a_q/_tile_prci_domain_auto_tl_master_clock_xing_out_a_bits_data[41]
LOCK_NET=chiptop0/system/tile_prci_domain/buffer/nodeOut_a_q/_tile_prci_domain_auto_tl_master_clock_xing_out_a_bits_data[42]
LOCK_NET=chiptop0/system/tile_prci_domain/buffer/nodeOut_a_q/_tile_prci_domain_auto_tl_master_clock_xing_out_a_bits_data[43]
LOCK_NET=chiptop0/system/tile_prci_domain/buffer/nodeOut_a_q/_tile_prci_domain_auto_tl_master_clock_xing_out_a_bits_data[44]
LOCK_NET=chiptop0/system/tile_prci_domain/buffer/nodeOut_a_q/_tile_prci_domain_auto_tl_master_clock_xing_out_a_bits_data[45]
LOCK_NET=chiptop0/system/tile_prci_domain/buffer/nodeOut_a_q/_tile_prci_domain_auto_tl_master_clock_xing_out_a_bits_data[46]
LOCK_NET=chiptop0/system/tile_prci_domain/buffer/nodeOut_a_q/_tile_prci_domain_auto_tl_master_clock_xing_out_a_bits_data[47]
LOCK_NET=chiptop0/system/tile_prci_domain/buffer/nodeOut_a_q/_tile_prci_domain_auto_tl_master_clock_xing_out_a_bits_data[48]
LOCK_NET=chiptop0/system/tile_prci_domain/buffer/nodeOut_a_q/_tile_prci_domain_auto_tl_master_clock_xing_out_a_bits_data[49]
LOCK_NET=chiptop0/system/tile_prci_domain/buffer/nodeOut_a_q/_tile_prci_domain_auto_tl_master_clock_xing_out_a_bits_data[4]
LOCK_NET=chiptop0/system/tile_prci_domain/buffer/nodeOut_a_q/_tile_prci_domain_auto_tl_master_clock_xing_out_a_bits_data[50]
LOCK_NET=chiptop0/system/tile_prci_domain/buffer/nodeOut_a_q/_tile_prci_domain_auto_tl_master_clock_xing_out_a_bits_data[51]
LOCK_NET=chiptop0/system/tile_prci_domain/buffer/nodeOut_a_q/_tile_prci_domain_auto_tl_master_clock_xing_out_a_bits_data[52]
LOCK_NET=chiptop0/system/tile_prci_domain/buffer/nodeOut_a_q/_tile_prci_domain_auto_tl_master_clock_xing_out_a_bits_data[53]
LOCK_NET=chiptop0/system/tile_prci_domain/buffer/nodeOut_a_q/_tile_prci_domain_auto_tl_master_clock_xing_out_a_bits_data[54]
LOCK_NET=chiptop0/system/tile_prci_domain/buffer/nodeOut_a_q/_tile_prci_domain_auto_tl_master_clock_xing_out_a_bits_data[55]
LOCK_NET=chiptop0/system/tile_prci_domain/buffer/nodeOut_a_q/_tile_prci_domain_auto_tl_master_clock_xing_out_a_bits_data[56]
LOCK_NET=chiptop0/system/tile_prci_domain/buffer/nodeOut_a_q/_tile_prci_domain_auto_tl_master_clock_xing_out_a_bits_data[57]
LOCK_NET=chiptop0/system/tile_prci_domain/buffer/nodeOut_a_q/_tile_prci_domain_auto_tl_master_clock_xing_out_a_bits_data[58]
LOCK_NET=chiptop0/system/tile_prci_domain/buffer/nodeOut_a_q/_tile_prci_domain_auto_tl_master_clock_xing_out_a_bits_data[59]
LOCK_NET=chiptop0/system/tile_prci_domain/buffer/nodeOut_a_q/_tile_prci_domain_auto_tl_master_clock_xing_out_a_bits_data[5]
LOCK_NET=chiptop0/system/tile_prci_domain/buffer/nodeOut_a_q/_tile_prci_domain_auto_tl_master_clock_xing_out_a_bits_data[60]
LOCK_NET=chiptop0/system/tile_prci_domain/buffer/nodeOut_a_q/_tile_prci_domain_auto_tl_master_clock_xing_out_a_bits_data[61]
LOCK_NET=chiptop0/system/tile_prci_domain/buffer/nodeOut_a_q/_tile_prci_domain_auto_tl_master_clock_xing_out_a_bits_data[62]
LOCK_NET=chiptop0/system/tile_prci_domain/buffer/nodeOut_a_q/_tile_prci_domain_auto_tl_master_clock_xing_out_a_bits_data[63]
LOCK_NET=chiptop0/system/tile_prci_domain/buffer/nodeOut_a_q/_tile_prci_domain_auto_tl_master_clock_xing_out_a_bits_data[6]
LOCK_NET=chiptop0/system/tile_prci_domain/buffer/nodeOut_a_q/_tile_prci_domain_auto_tl_master_clock_xing_out_a_bits_data[7]
LOCK_NET=chiptop0/system/tile_prci_domain/buffer/nodeOut_a_q/_tile_prci_domain_auto_tl_master_clock_xing_out_a_bits_data[8]
LOCK_NET=chiptop0/system/tile_prci_domain/buffer/nodeOut_a_q/_tile_prci_domain_auto_tl_master_clock_xing_out_a_bits_data[9]
LOCK_NET=chiptop0/system/tile_prci_domain/buffer/nodeOut_a_q/_tile_prci_domain_auto_tl_master_clock_xing_out_a_valid
LOCK_NET=chiptop0/system/tile_prci_domain/buffer/nodeOut_a_q/ram_ext/_sbus_auto_coupler_from_rockettile_tl_master_clock_xing_in_a_ready
LOCK_NET=chiptop0/system/tile_prci_domain/buffer/nodeOut_a_q/ram_ext/_tile_prci_domain_auto_tl_master_clock_xing_out_a_bits_data[0]
LOCK_NET=chiptop0/system/tile_prci_domain/buffer/nodeOut_a_q/ram_ext/_tile_prci_domain_auto_tl_master_clock_xing_out_a_bits_data[10]
LOCK_NET=chiptop0/system/tile_prci_domain/buffer/nodeOut_a_q/ram_ext/_tile_prci_domain_auto_tl_master_clock_xing_out_a_bits_data[11]
LOCK_NET=chiptop0/system/tile_prci_domain/buffer/nodeOut_a_q/ram_ext/_tile_prci_domain_auto_tl_master_clock_xing_out_a_bits_data[12]
LOCK_NET=chiptop0/system/tile_prci_domain/buffer/nodeOut_a_q/ram_ext/_tile_prci_domain_auto_tl_master_clock_xing_out_a_bits_data[13]
LOCK_NET=chiptop0/system/tile_prci_domain/buffer/nodeOut_a_q/ram_ext/_tile_prci_domain_auto_tl_master_clock_xing_out_a_bits_data[14]
LOCK_NET=chiptop0/system/tile_prci_domain/buffer/nodeOut_a_q/ram_ext/_tile_prci_domain_auto_tl_master_clock_xing_out_a_bits_data[15]
LOCK_NET=chiptop0/system/tile_prci_domain/buffer/nodeOut_a_q/ram_ext/_tile_prci_domain_auto_tl_master_clock_xing_out_a_bits_data[16]
LOCK_NET=chiptop0/system/tile_prci_domain/buffer/nodeOut_a_q/ram_ext/_tile_prci_domain_auto_tl_master_clock_xing_out_a_bits_data[17]
LOCK_NET=chiptop0/system/tile_prci_domain/buffer/nodeOut_a_q/ram_ext/_tile_prci_domain_auto_tl_master_clock_xing_out_a_bits_data[18]
LOCK_NET=chiptop0/system/tile_prci_domain/buffer/nodeOut_a_q/ram_ext/_tile_prci_domain_auto_tl_master_clock_xing_out_a_bits_data[19]
LOCK_NET=chiptop0/system/tile_prci_domain/buffer/nodeOut_a_q/ram_ext/_tile_prci_domain_auto_tl_master_clock_xing_out_a_bits_data[1]
LOCK_NET=chiptop0/system/tile_prci_domain/buffer/nodeOut_a_q/ram_ext/_tile_prci_domain_auto_tl_master_clock_xing_out_a_bits_data[20]
LOCK_NET=chiptop0/system/tile_prci_domain/buffer/nodeOut_a_q/ram_ext/_tile_prci_domain_auto_tl_master_clock_xing_out_a_bits_data[21]
LOCK_NET=chiptop0/system/tile_prci_domain/buffer/nodeOut_a_q/ram_ext/_tile_prci_domain_auto_tl_master_clock_xing_out_a_bits_data[22]
LOCK_NET=chiptop0/system/tile_prci_domain/buffer/nodeOut_a_q/ram_ext/_tile_prci_domain_auto_tl_master_clock_xing_out_a_bits_data[23]
LOCK_NET=chiptop0/system/tile_prci_domain/buffer/nodeOut_a_q/ram_ext/_tile_prci_domain_auto_tl_master_clock_xing_out_a_bits_data[24]
LOCK_NET=chiptop0/system/tile_prci_domain/buffer/nodeOut_a_q/ram_ext/_tile_prci_domain_auto_tl_master_clock_xing_out_a_bits_data[25]
LOCK_NET=chiptop0/system/tile_prci_domain/buffer/nodeOut_a_q/ram_ext/_tile_prci_domain_auto_tl_master_clock_xing_out_a_bits_data[26]
LOCK_NET=chiptop0/system/tile_prci_domain/buffer/nodeOut_a_q/ram_ext/_tile_prci_domain_auto_tl_master_clock_xing_out_a_bits_data[27]
LOCK_NET=chiptop0/system/tile_prci_domain/buffer/nodeOut_a_q/ram_ext/_tile_prci_domain_auto_tl_master_clock_xing_out_a_bits_data[28]
LOCK_NET=chiptop0/system/tile_prci_domain/buffer/nodeOut_a_q/ram_ext/_tile_prci_domain_auto_tl_master_clock_xing_out_a_bits_data[29]
LOCK_NET=chiptop0/system/tile_prci_domain/buffer/nodeOut_a_q/ram_ext/_tile_prci_domain_auto_tl_master_clock_xing_out_a_bits_data[2]
LOCK_NET=chiptop0/system/tile_prci_domain/buffer/nodeOut_a_q/ram_ext/_tile_prci_domain_auto_tl_master_clock_xing_out_a_bits_data[30]
LOCK_NET=chiptop0/system/tile_prci_domain/buffer/nodeOut_a_q/ram_ext/_tile_prci_domain_auto_tl_master_clock_xing_out_a_bits_data[31]
LOCK_NET=chiptop0/system/tile_prci_domain/buffer/nodeOut_a_q/ram_ext/_tile_prci_domain_auto_tl_master_clock_xing_out_a_bits_data[32]
LOCK_NET=chiptop0/system/tile_prci_domain/buffer/nodeOut_a_q/ram_ext/_tile_prci_domain_auto_tl_master_clock_xing_out_a_bits_data[33]
LOCK_NET=chiptop0/system/tile_prci_domain/buffer/nodeOut_a_q/ram_ext/_tile_prci_domain_auto_tl_master_clock_xing_out_a_bits_data[34]
LOCK_NET=chiptop0/system/tile_prci_domain/buffer/nodeOut_a_q/ram_ext/_tile_prci_domain_auto_tl_master_clock_xing_out_a_bits_data[35]
LOCK_NET=chiptop0/system/tile_prci_domain/buffer/nodeOut_a_q/ram_ext/_tile_prci_domain_auto_tl_master_clock_xing_out_a_bits_data[36]
LOCK_NET=chiptop0/system/tile_prci_domain/buffer/nodeOut_a_q/ram_ext/_tile_prci_domain_auto_tl_master_clock_xing_out_a_bits_data[37]
LOCK_NET=chiptop0/system/tile_prci_domain/buffer/nodeOut_a_q/ram_ext/_tile_prci_domain_auto_tl_master_clock_xing_out_a_bits_data[38]
LOCK_NET=chiptop0/system/tile_prci_domain/buffer/nodeOut_a_q/ram_ext/_tile_prci_domain_auto_tl_master_clock_xing_out_a_bits_data[39]
LOCK_NET=chiptop0/system/tile_prci_domain/buffer/nodeOut_a_q/ram_ext/_tile_prci_domain_auto_tl_master_clock_xing_out_a_bits_data[3]
LOCK_NET=chiptop0/system/tile_prci_domain/buffer/nodeOut_a_q/ram_ext/_tile_prci_domain_auto_tl_master_clock_xing_out_a_bits_data[40]
LOCK_NET=chiptop0/system/tile_prci_domain/buffer/nodeOut_a_q/ram_ext/_tile_prci_domain_auto_tl_master_clock_xing_out_a_bits_data[41]
LOCK_NET=chiptop0/system/tile_prci_domain/buffer/nodeOut_a_q/ram_ext/_tile_prci_domain_auto_tl_master_clock_xing_out_a_bits_data[42]
LOCK_NET=chiptop0/system/tile_prci_domain/buffer/nodeOut_a_q/ram_ext/_tile_prci_domain_auto_tl_master_clock_xing_out_a_bits_data[43]
LOCK_NET=chiptop0/system/tile_prci_domain/buffer/nodeOut_a_q/ram_ext/_tile_prci_domain_auto_tl_master_clock_xing_out_a_bits_data[44]
LOCK_NET=chiptop0/system/tile_prci_domain/buffer/nodeOut_a_q/ram_ext/_tile_prci_domain_auto_tl_master_clock_xing_out_a_bits_data[45]
LOCK_NET=chiptop0/system/tile_prci_domain/buffer/nodeOut_a_q/ram_ext/_tile_prci_domain_auto_tl_master_clock_xing_out_a_bits_data[46]
LOCK_NET=chiptop0/system/tile_prci_domain/buffer/nodeOut_a_q/ram_ext/_tile_prci_domain_auto_tl_master_clock_xing_out_a_bits_data[47]
LOCK_NET=chiptop0/system/tile_prci_domain/buffer/nodeOut_a_q/ram_ext/_tile_prci_domain_auto_tl_master_clock_xing_out_a_bits_data[48]
LOCK_NET=chiptop0/system/tile_prci_domain/buffer/nodeOut_a_q/ram_ext/_tile_prci_domain_auto_tl_master_clock_xing_out_a_bits_data[49]
LOCK_NET=chiptop0/system/tile_prci_domain/buffer/nodeOut_a_q/ram_ext/_tile_prci_domain_auto_tl_master_clock_xing_out_a_bits_data[4]
LOCK_NET=chiptop0/system/tile_prci_domain/buffer/nodeOut_a_q/ram_ext/_tile_prci_domain_auto_tl_master_clock_xing_out_a_bits_data[50]
LOCK_NET=chiptop0/system/tile_prci_domain/buffer/nodeOut_a_q/ram_ext/_tile_prci_domain_auto_tl_master_clock_xing_out_a_bits_data[51]
LOCK_NET=chiptop0/system/tile_prci_domain/buffer/nodeOut_a_q/ram_ext/_tile_prci_domain_auto_tl_master_clock_xing_out_a_bits_data[52]
LOCK_NET=chiptop0/system/tile_prci_domain/buffer/nodeOut_a_q/ram_ext/_tile_prci_domain_auto_tl_master_clock_xing_out_a_bits_data[53]
LOCK_NET=chiptop0/system/tile_prci_domain/buffer/nodeOut_a_q/ram_ext/_tile_prci_domain_auto_tl_master_clock_xing_out_a_bits_data[54]
LOCK_NET=chiptop0/system/tile_prci_domain/buffer/nodeOut_a_q/ram_ext/_tile_prci_domain_auto_tl_master_clock_xing_out_a_bits_data[55]
LOCK_NET=chiptop0/system/tile_prci_domain/buffer/nodeOut_a_q/ram_ext/_tile_prci_domain_auto_tl_master_clock_xing_out_a_bits_data[56]
LOCK_NET=chiptop0/system/tile_prci_domain/buffer/nodeOut_a_q/ram_ext/_tile_prci_domain_auto_tl_master_clock_xing_out_a_bits_data[57]
LOCK_NET=chiptop0/system/tile_prci_domain/buffer/nodeOut_a_q/ram_ext/_tile_prci_domain_auto_tl_master_clock_xing_out_a_bits_data[58]
LOCK_NET=chiptop0/system/tile_prci_domain/buffer/nodeOut_a_q/ram_ext/_tile_prci_domain_auto_tl_master_clock_xing_out_a_bits_data[59]
LOCK_NET=chiptop0/system/tile_prci_domain/buffer/nodeOut_a_q/ram_ext/_tile_prci_domain_auto_tl_master_clock_xing_out_a_bits_data[5]
LOCK_NET=chiptop0/system/tile_prci_domain/buffer/nodeOut_a_q/ram_ext/_tile_prci_domain_auto_tl_master_clock_xing_out_a_bits_data[60]
LOCK_NET=chiptop0/system/tile_prci_domain/buffer/nodeOut_a_q/ram_ext/_tile_prci_domain_auto_tl_master_clock_xing_out_a_bits_data[61]
LOCK_NET=chiptop0/system/tile_prci_domain/buffer/nodeOut_a_q/ram_ext/_tile_prci_domain_auto_tl_master_clock_xing_out_a_bits_data[62]
LOCK_NET=chiptop0/system/tile_prci_domain/buffer/nodeOut_a_q/ram_ext/_tile_prci_domain_auto_tl_master_clock_xing_out_a_bits_data[63]
LOCK_NET=chiptop0/system/tile_prci_domain/buffer/nodeOut_a_q/ram_ext/_tile_prci_domain_auto_tl_master_clock_xing_out_a_bits_data[6]
LOCK_NET=chiptop0/system/tile_prci_domain/buffer/nodeOut_a_q/ram_ext/_tile_prci_domain_auto_tl_master_clock_xing_out_a_bits_data[7]
LOCK_NET=chiptop0/system/tile_prci_domain/buffer/nodeOut_a_q/ram_ext/_tile_prci_domain_auto_tl_master_clock_xing_out_a_bits_data[8]
LOCK_NET=chiptop0/system/tile_prci_domain/buffer/nodeOut_a_q/ram_ext/_tile_prci_domain_auto_tl_master_clock_xing_out_a_bits_data[9]
LOCK_NET=chiptop0/system/tile_prci_domain/buffer/nodeOut_a_q/ram_ext/_tile_prci_domain_auto_tl_master_clock_xing_out_a_valid
LOCK_NET=chiptop0/system/tile_prci_domain/buffer/nodeOut_c_q/_sbus_auto_coupler_from_rockettile_tl_master_clock_xing_in_c_ready
LOCK_NET=chiptop0/system/tile_prci_domain/buffer/nodeOut_c_q/_tile_prci_domain_auto_tl_master_clock_xing_out_c_valid
LOCK_NET=chiptop0/system/tile_prci_domain/buffer/nodeOut_e_q/ram_sink_ext/_tile_prci_domain_auto_tl_master_clock_xing_out_e_bits_sink[1]
LOCK_NET=chiptop0/system/tile_prci_domain/buffer/nodeOut_e_q/ram_sink_ext/_tile_prci_domain_auto_tl_master_clock_xing_out_e_bits_sink[2]
LOCK_NET=chiptop0/system/tile_prci_domain/element_reset_domain_rockettile/_plic_domain_auto_int_in_clock_xing_out_0_sync_0
LOCK_NET=chiptop0/system/tile_prci_domain/element_reset_domain_rockettile/_plic_domain_auto_int_in_clock_xing_out_1_sync_0
LOCK_NET=chiptop0/system/tile_prci_domain/element_reset_domain_rockettile/blockProbeAfterGrantCount_reg[0]
LOCK_NET=chiptop0/system/tile_prci_domain/element_reset_domain_rockettile/blockProbeAfterGrantCount_reg[1][0]
LOCK_NET=chiptop0/system/tile_prci_domain/element_reset_domain_rockettile/blockProbeAfterGrantCount_reg[1][1]
LOCK_NET=chiptop0/system/tile_prci_domain/element_reset_domain_rockettile/blockProbeAfterGrantCount_reg[1]_0
LOCK_NET=chiptop0/system/tile_prci_domain/element_reset_domain_rockettile/blockUncachedGrant
LOCK_NET=chiptop0/system/tile_prci_domain/element_reset_domain_rockettile/blockUncachedGrant_reg
LOCK_NET=chiptop0/system/tile_prci_domain/element_reset_domain_rockettile/core/_plic_domain_auto_int_in_clock_xing_out_0_sync_0
LOCK_NET=chiptop0/system/tile_prci_domain/element_reset_domain_rockettile/core/_plic_domain_auto_int_in_clock_xing_out_1_sync_0
LOCK_NET=chiptop0/system/tile_prci_domain/element_reset_domain_rockettile/core/dcache_blocked_blocked
LOCK_NET=chiptop0/system/tile_prci_domain/element_reset_domain_rockettile/core/dcache_blocked_blocked0
LOCK_NET=chiptop0/system/tile_prci_domain/element_reset_domain_rockettile/core/dcache_blocked_blocked_reg_0
LOCK_NET=chiptop0/system/tile_prci_domain/element_reset_domain_rockettile/core/csr/_plic_domain_auto_int_in_clock_xing_out_0_sync_0
LOCK_NET=chiptop0/system/tile_prci_domain/element_reset_domain_rockettile/core/csr/_plic_domain_auto_int_in_clock_xing_out_1_sync_0
LOCK_NET=chiptop0/system/tile_prci_domain/element_reset_domain_rockettile/core/ibuf/dcache_blocked_blocked
LOCK_NET=chiptop0/system/tile_prci_domain/element_reset_domain_rockettile/core/ibuf/dcache_blocked_blocked_reg
LOCK_NET=chiptop0/system/tile_prci_domain/element_reset_domain_rockettile/dcache/blockProbeAfterGrantCount[2]
LOCK_NET=chiptop0/system/tile_prci_domain/element_reset_domain_rockettile/dcache/blockProbeAfterGrantCount[2]_i_1_n_0
LOCK_NET=chiptop0/system/tile_prci_domain/element_reset_domain_rockettile/dcache/blockProbeAfterGrantCount[2]_i_2_n_0
LOCK_NET=chiptop0/system/tile_prci_domain/element_reset_domain_rockettile/dcache/blockProbeAfterGrantCount_reg[0]_0
LOCK_NET=chiptop0/system/tile_prci_domain/element_reset_domain_rockettile/dcache/blockProbeAfterGrantCount_reg[1]_0[0]
LOCK_NET=chiptop0/system/tile_prci_domain/element_reset_domain_rockettile/dcache/blockProbeAfterGrantCount_reg[1]_0[1]
LOCK_NET=chiptop0/system/tile_prci_domain/element_reset_domain_rockettile/dcache/blockProbeAfterGrantCount_reg[1]_1
LOCK_NET=chiptop0/system/tile_prci_domain/element_reset_domain_rockettile/dcache/blockUncachedGrant
LOCK_NET=chiptop0/system/tile_prci_domain/element_reset_domain_rockettile/dcache/blockUncachedGrant_reg_0
LOCK_NET=chiptop0/system/tile_prci_domain/element_reset_domain_rockettile/dcache/rockettile_dcache_tag_array/blockProbeAfterGrantCount_reg[1]
LOCK_NET=chiptop0/system/tile_prci_domain/element_reset_domain_rockettile/dcache/rockettile_dcache_tag_array/rockettile_dcache_tag_array_ext/blockProbeAfterGrantCount_reg[1]
LOCK_NET=chiptop0/system/tile_prci_domain/element_reset_domain_rockettile/dcache/rockettile_dcache_tag_array/rockettile_dcache_tag_array_ext/mem_0_7/blockProbeAfterGrantCount_reg[1]
LOCK_NET=chiptop0/system/tile_prci_domain/element_reset_domain_rockettile/ptw/blockUncachedGrant_reg
LOCK_NET=chiptop0/system/tile_prci_domain/element_reset_domain_rockettile/ptw/blockUncachedGrant_reg_0
LOCK_NET=chiptop0/system/uartClockDomainWrapper/E[0]
LOCK_NET=chiptop0/system/uartClockDomainWrapper/Memory_reg_0_1_14_27_i_17__2
LOCK_NET=chiptop0/system/uartClockDomainWrapper/Memory_reg_0_1_14_27_i_2__8
LOCK_NET=chiptop0/system/uartClockDomainWrapper/Q[0]
LOCK_NET=chiptop0/system/uartClockDomainWrapper/Q[10]
LOCK_NET=chiptop0/system/uartClockDomainWrapper/Q[11]
LOCK_NET=chiptop0/system/uartClockDomainWrapper/Q[12]
LOCK_NET=chiptop0/system/uartClockDomainWrapper/Q[13]
LOCK_NET=chiptop0/system/uartClockDomainWrapper/Q[1]
LOCK_NET=chiptop0/system/uartClockDomainWrapper/Q[2]
LOCK_NET=chiptop0/system/uartClockDomainWrapper/Q[3]
LOCK_NET=chiptop0/system/uartClockDomainWrapper/Q[4]
LOCK_NET=chiptop0/system/uartClockDomainWrapper/Q[5]
LOCK_NET=chiptop0/system/uartClockDomainWrapper/Q[6]
LOCK_NET=chiptop0/system/uartClockDomainWrapper/Q[7]
LOCK_NET=chiptop0/system/uartClockDomainWrapper/Q[8]
LOCK_NET=chiptop0/system/uartClockDomainWrapper/Q[9]
LOCK_NET=chiptop0/system/uartClockDomainWrapper/SR[0]
LOCK_NET=chiptop0/system/uartClockDomainWrapper/_aggregator_auto_out_4_member_cbus_cbus_0_reset
LOCK_NET=chiptop0/system/uartClockDomainWrapper/_pbus_auto_coupler_to_device_named_uart_0_control_xing_out_a_bits_address[0]
LOCK_NET=chiptop0/system/uartClockDomainWrapper/_pbus_auto_coupler_to_device_named_uart_0_control_xing_out_a_bits_address[1]
LOCK_NET=chiptop0/system/uartClockDomainWrapper/_rxq_io_deq_bits[0]
LOCK_NET=chiptop0/system/uartClockDomainWrapper/_rxq_io_deq_bits[1]
LOCK_NET=chiptop0/system/uartClockDomainWrapper/_rxq_io_deq_bits[2]
LOCK_NET=chiptop0/system/uartClockDomainWrapper/_rxq_io_deq_bits[3]
LOCK_NET=chiptop0/system/uartClockDomainWrapper/_rxq_io_deq_bits[4]
LOCK_NET=chiptop0/system/uartClockDomainWrapper/_rxq_io_deq_bits[5]
LOCK_NET=chiptop0/system/uartClockDomainWrapper/_rxq_io_deq_bits[6]
LOCK_NET=chiptop0/system/uartClockDomainWrapper/_rxq_io_deq_bits[7]
LOCK_NET=chiptop0/system/uartClockDomainWrapper/_uartClockDomainWrapper_auto_uart_0_control_xing_in_d_bits_opcode[0]
LOCK_NET=chiptop0/system/uartClockDomainWrapper/_uartClockDomainWrapper_auto_uart_0_int_xing_out_sync_0
LOCK_NET=chiptop0/system/uartClockDomainWrapper/auto_io_out_rxd
LOCK_NET=chiptop0/system/uartClockDomainWrapper/clk_out1
LOCK_NET=chiptop0/system/uartClockDomainWrapper/deq_ptr_value_reg[2][0]
LOCK_NET=chiptop0/system/uartClockDomainWrapper/do_enq
LOCK_NET=chiptop0/system/uartClockDomainWrapper/ie_rxwm0
LOCK_NET=chiptop0/system/uartClockDomainWrapper/ie_rxwm_reg[0]
LOCK_NET=chiptop0/system/uartClockDomainWrapper/ie_txwm_reg
LOCK_NET=chiptop0/system/uartClockDomainWrapper/maybe_full_reg
LOCK_NET=chiptop0/system/uartClockDomainWrapper/maybe_full_reg_0
LOCK_NET=chiptop0/system/uartClockDomainWrapper/maybe_full_reg_1
LOCK_NET=chiptop0/system/uartClockDomainWrapper/maybe_full_reg_2
LOCK_NET=chiptop0/system/uartClockDomainWrapper/maybe_full_reg_3
LOCK_NET=chiptop0/system/uartClockDomainWrapper/maybe_full_reg_4
LOCK_NET=chiptop0/system/uartClockDomainWrapper/maybe_full_reg_5
LOCK_NET=chiptop0/system/uartClockDomainWrapper/maybe_full_reg_6
LOCK_NET=chiptop0/system/uartClockDomainWrapper/rxen
LOCK_NET=chiptop0/system/uartClockDomainWrapper/rxen_reg
LOCK_NET=chiptop0/system/uartClockDomainWrapper/rxwm_reg[0][0]
LOCK_NET=chiptop0/system/uartClockDomainWrapper/rxwm_reg[3][0]
LOCK_NET=chiptop0/system/uartClockDomainWrapper/rxwm_reg[3][1]
LOCK_NET=chiptop0/system/uartClockDomainWrapper/rxwm_reg[3][2]
LOCK_NET=chiptop0/system/uartClockDomainWrapper/rxwm_reg[3][3]
LOCK_NET=chiptop0/system/uartClockDomainWrapper/rxwm_reg[3]_0[0]
LOCK_NET=chiptop0/system/uartClockDomainWrapper/rxwm_reg[3]_0[10]
LOCK_NET=chiptop0/system/uartClockDomainWrapper/rxwm_reg[3]_0[11]
LOCK_NET=chiptop0/system/uartClockDomainWrapper/rxwm_reg[3]_0[12]
LOCK_NET=chiptop0/system/uartClockDomainWrapper/rxwm_reg[3]_0[13]
LOCK_NET=chiptop0/system/uartClockDomainWrapper/rxwm_reg[3]_0[14]
LOCK_NET=chiptop0/system/uartClockDomainWrapper/rxwm_reg[3]_0[15]
LOCK_NET=chiptop0/system/uartClockDomainWrapper/rxwm_reg[3]_0[16]
LOCK_NET=chiptop0/system/uartClockDomainWrapper/rxwm_reg[3]_0[17]
LOCK_NET=chiptop0/system/uartClockDomainWrapper/rxwm_reg[3]_0[18]
LOCK_NET=chiptop0/system/uartClockDomainWrapper/rxwm_reg[3]_0[19]
LOCK_NET=chiptop0/system/uartClockDomainWrapper/rxwm_reg[3]_0[1]
LOCK_NET=chiptop0/system/uartClockDomainWrapper/rxwm_reg[3]_0[20]
LOCK_NET=chiptop0/system/uartClockDomainWrapper/rxwm_reg[3]_0[21]
LOCK_NET=chiptop0/system/uartClockDomainWrapper/rxwm_reg[3]_0[22]
LOCK_NET=chiptop0/system/uartClockDomainWrapper/rxwm_reg[3]_0[23]
LOCK_NET=chiptop0/system/uartClockDomainWrapper/rxwm_reg[3]_0[2]
LOCK_NET=chiptop0/system/uartClockDomainWrapper/rxwm_reg[3]_0[3]
LOCK_NET=chiptop0/system/uartClockDomainWrapper/rxwm_reg[3]_0[4]
LOCK_NET=chiptop0/system/uartClockDomainWrapper/rxwm_reg[3]_0[5]
LOCK_NET=chiptop0/system/uartClockDomainWrapper/rxwm_reg[3]_0[6]
LOCK_NET=chiptop0/system/uartClockDomainWrapper/rxwm_reg[3]_0[7]
LOCK_NET=chiptop0/system/uartClockDomainWrapper/rxwm_reg[3]_0[8]
LOCK_NET=chiptop0/system/uartClockDomainWrapper/rxwm_reg[3]_0[9]
LOCK_NET=chiptop0/system/uartClockDomainWrapper/sync_0_reg_c_0_alias
LOCK_NET=chiptop0/system/uartClockDomainWrapper/txen0
LOCK_NET=chiptop0/system/uartClockDomainWrapper/txwm_reg[0][0]
LOCK_NET=chiptop0/system/uartClockDomainWrapper/txwm_reg[3]
LOCK_NET=chiptop0/system/uartClockDomainWrapper/txwm_reg[3]_0[0]
LOCK_NET=chiptop0/system/uartClockDomainWrapper/txwm_reg[3]_0[1]
LOCK_NET=chiptop0/system/uartClockDomainWrapper/txwm_reg[3]_0[2]
LOCK_NET=chiptop0/system/uartClockDomainWrapper/txwm_reg[3]_0[3]
LOCK_NET=chiptop0/system/uartClockDomainWrapper/uart_txd_OBUF
LOCK_NET=chiptop0/system/uartClockDomainWrapper/uart_0/<const1>
LOCK_NET=chiptop0/system/uartClockDomainWrapper/uart_0/E[0]
LOCK_NET=chiptop0/system/uartClockDomainWrapper/uart_0/Memory_reg_0_1_14_27_i_17__2_0
LOCK_NET=chiptop0/system/uartClockDomainWrapper/uart_0/Memory_reg_0_1_14_27_i_2__8
LOCK_NET=chiptop0/system/uartClockDomainWrapper/uart_0/Q[0]
LOCK_NET=chiptop0/system/uartClockDomainWrapper/uart_0/Q[10]
LOCK_NET=chiptop0/system/uartClockDomainWrapper/uart_0/Q[11]
LOCK_NET=chiptop0/system/uartClockDomainWrapper/uart_0/Q[12]
LOCK_NET=chiptop0/system/uartClockDomainWrapper/uart_0/Q[13]
LOCK_NET=chiptop0/system/uartClockDomainWrapper/uart_0/Q[1]
LOCK_NET=chiptop0/system/uartClockDomainWrapper/uart_0/Q[2]
LOCK_NET=chiptop0/system/uartClockDomainWrapper/uart_0/Q[3]
LOCK_NET=chiptop0/system/uartClockDomainWrapper/uart_0/Q[4]
LOCK_NET=chiptop0/system/uartClockDomainWrapper/uart_0/Q[5]
LOCK_NET=chiptop0/system/uartClockDomainWrapper/uart_0/Q[6]
LOCK_NET=chiptop0/system/uartClockDomainWrapper/uart_0/Q[7]
LOCK_NET=chiptop0/system/uartClockDomainWrapper/uart_0/Q[8]
LOCK_NET=chiptop0/system/uartClockDomainWrapper/uart_0/Q[9]
LOCK_NET=chiptop0/system/uartClockDomainWrapper/uart_0/R0_data0[0]
LOCK_NET=chiptop0/system/uartClockDomainWrapper/uart_0/R0_data0[1]
LOCK_NET=chiptop0/system/uartClockDomainWrapper/uart_0/R0_data0[2]
LOCK_NET=chiptop0/system/uartClockDomainWrapper/uart_0/R0_data0[3]
LOCK_NET=chiptop0/system/uartClockDomainWrapper/uart_0/R0_data0[4]
LOCK_NET=chiptop0/system/uartClockDomainWrapper/uart_0/R0_data0[5]
LOCK_NET=chiptop0/system/uartClockDomainWrapper/uart_0/R0_data0[6]
LOCK_NET=chiptop0/system/uartClockDomainWrapper/uart_0/R0_data0[7]
LOCK_NET=chiptop0/system/uartClockDomainWrapper/uart_0/SR[0]
LOCK_NET=chiptop0/system/uartClockDomainWrapper/uart_0/_GEN[1]_67[0]
LOCK_NET=chiptop0/system/uartClockDomainWrapper/uart_0/_aggregator_auto_out_4_member_cbus_cbus_0_reset
LOCK_NET=chiptop0/system/uartClockDomainWrapper/uart_0/_pbus_auto_coupler_to_device_named_uart_0_control_xing_out_a_bits_address[0]
LOCK_NET=chiptop0/system/uartClockDomainWrapper/uart_0/_pbus_auto_coupler_to_device_named_uart_0_control_xing_out_a_bits_address[1]
LOCK_NET=chiptop0/system/uartClockDomainWrapper/uart_0/_rxm_io_out_bits[1]
LOCK_NET=chiptop0/system/uartClockDomainWrapper/uart_0/_rxm_io_out_bits[2]
LOCK_NET=chiptop0/system/uartClockDomainWrapper/uart_0/_rxm_io_out_bits[3]
LOCK_NET=chiptop0/system/uartClockDomainWrapper/uart_0/_rxm_io_out_bits[4]
LOCK_NET=chiptop0/system/uartClockDomainWrapper/uart_0/_rxm_io_out_bits[5]
LOCK_NET=chiptop0/system/uartClockDomainWrapper/uart_0/_rxm_io_out_bits[6]
LOCK_NET=chiptop0/system/uartClockDomainWrapper/uart_0/_rxm_io_out_bits[7]
LOCK_NET=chiptop0/system/uartClockDomainWrapper/uart_0/_rxm_io_out_valid
LOCK_NET=chiptop0/system/uartClockDomainWrapper/uart_0/_rxq_io_deq_bits[0]
LOCK_NET=chiptop0/system/uartClockDomainWrapper/uart_0/_rxq_io_deq_bits[1]
LOCK_NET=chiptop0/system/uartClockDomainWrapper/uart_0/_rxq_io_deq_bits[2]
LOCK_NET=chiptop0/system/uartClockDomainWrapper/uart_0/_rxq_io_deq_bits[3]
LOCK_NET=chiptop0/system/uartClockDomainWrapper/uart_0/_rxq_io_deq_bits[4]
LOCK_NET=chiptop0/system/uartClockDomainWrapper/uart_0/_rxq_io_deq_bits[5]
LOCK_NET=chiptop0/system/uartClockDomainWrapper/uart_0/_rxq_io_deq_bits[6]
LOCK_NET=chiptop0/system/uartClockDomainWrapper/uart_0/_rxq_io_deq_bits[7]
LOCK_NET=chiptop0/system/uartClockDomainWrapper/uart_0/_uartClockDomainWrapper_auto_uart_0_control_xing_in_d_bits_data[0]
LOCK_NET=chiptop0/system/uartClockDomainWrapper/uart_0/_uartClockDomainWrapper_auto_uart_0_control_xing_in_d_bits_opcode[0]
LOCK_NET=chiptop0/system/uartClockDomainWrapper/uart_0/_uartClockDomainWrapper_auto_uart_0_int_xing_out_sync_0
LOCK_NET=chiptop0/system/uartClockDomainWrapper/uart_0/auto_io_out_rxd
LOCK_NET=chiptop0/system/uartClockDomainWrapper/uart_0/clk_out1
LOCK_NET=chiptop0/system/uartClockDomainWrapper/uart_0/deq_ptr_value_reg[2][0]
LOCK_NET=chiptop0/system/uartClockDomainWrapper/uart_0/div_reg_n_0_[0]
LOCK_NET=chiptop0/system/uartClockDomainWrapper/uart_0/div_reg_n_0_[1]
LOCK_NET=chiptop0/system/uartClockDomainWrapper/uart_0/do_deq
LOCK_NET=chiptop0/system/uartClockDomainWrapper/uart_0/do_enq
LOCK_NET=chiptop0/system/uartClockDomainWrapper/uart_0/ie_rxwm
LOCK_NET=chiptop0/system/uartClockDomainWrapper/uart_0/ie_rxwm0
LOCK_NET=chiptop0/system/uartClockDomainWrapper/uart_0/ie_rxwm_reg_0[0]
LOCK_NET=chiptop0/system/uartClockDomainWrapper/uart_0/ie_txwm
LOCK_NET=chiptop0/system/uartClockDomainWrapper/uart_0/ie_txwm_reg_0
LOCK_NET=chiptop0/system/uartClockDomainWrapper/uart_0/maybe_full_reg
LOCK_NET=chiptop0/system/uartClockDomainWrapper/uart_0/maybe_full_reg_0
LOCK_NET=chiptop0/system/uartClockDomainWrapper/uart_0/maybe_full_reg_1
LOCK_NET=chiptop0/system/uartClockDomainWrapper/uart_0/maybe_full_reg_2
LOCK_NET=chiptop0/system/uartClockDomainWrapper/uart_0/maybe_full_reg_3
LOCK_NET=chiptop0/system/uartClockDomainWrapper/uart_0/maybe_full_reg_4
LOCK_NET=chiptop0/system/uartClockDomainWrapper/uart_0/maybe_full_reg_5
LOCK_NET=chiptop0/system/uartClockDomainWrapper/uart_0/maybe_full_reg_6
LOCK_NET=chiptop0/system/uartClockDomainWrapper/uart_0/nstop
LOCK_NET=chiptop0/system/uartClockDomainWrapper/uart_0/prescaler0
LOCK_NET=chiptop0/system/uartClockDomainWrapper/uart_0/rxen
LOCK_NET=chiptop0/system/uartClockDomainWrapper/uart_0/rxen_reg_0
LOCK_NET=chiptop0/system/uartClockDomainWrapper/uart_0/rxm_n_8
LOCK_NET=chiptop0/system/uartClockDomainWrapper/uart_0/rxq_n_9
LOCK_NET=chiptop0/system/uartClockDomainWrapper/uart_0/rxwm_reg[0]_0[0]
LOCK_NET=chiptop0/system/uartClockDomainWrapper/uart_0/rxwm_reg[3]_0[0]
LOCK_NET=chiptop0/system/uartClockDomainWrapper/uart_0/rxwm_reg[3]_0[1]
LOCK_NET=chiptop0/system/uartClockDomainWrapper/uart_0/rxwm_reg[3]_0[2]
LOCK_NET=chiptop0/system/uartClockDomainWrapper/uart_0/rxwm_reg[3]_0[3]
LOCK_NET=chiptop0/system/uartClockDomainWrapper/uart_0/rxwm_reg[3]_1[0]
LOCK_NET=chiptop0/system/uartClockDomainWrapper/uart_0/rxwm_reg[3]_1[10]
LOCK_NET=chiptop0/system/uartClockDomainWrapper/uart_0/rxwm_reg[3]_1[11]
LOCK_NET=chiptop0/system/uartClockDomainWrapper/uart_0/rxwm_reg[3]_1[12]
LOCK_NET=chiptop0/system/uartClockDomainWrapper/uart_0/rxwm_reg[3]_1[13]
LOCK_NET=chiptop0/system/uartClockDomainWrapper/uart_0/rxwm_reg[3]_1[14]
LOCK_NET=chiptop0/system/uartClockDomainWrapper/uart_0/rxwm_reg[3]_1[15]
LOCK_NET=chiptop0/system/uartClockDomainWrapper/uart_0/rxwm_reg[3]_1[16]
LOCK_NET=chiptop0/system/uartClockDomainWrapper/uart_0/rxwm_reg[3]_1[17]
LOCK_NET=chiptop0/system/uartClockDomainWrapper/uart_0/rxwm_reg[3]_1[18]
LOCK_NET=chiptop0/system/uartClockDomainWrapper/uart_0/rxwm_reg[3]_1[19]
LOCK_NET=chiptop0/system/uartClockDomainWrapper/uart_0/rxwm_reg[3]_1[1]
LOCK_NET=chiptop0/system/uartClockDomainWrapper/uart_0/rxwm_reg[3]_1[20]
LOCK_NET=chiptop0/system/uartClockDomainWrapper/uart_0/rxwm_reg[3]_1[21]
LOCK_NET=chiptop0/system/uartClockDomainWrapper/uart_0/rxwm_reg[3]_1[22]
LOCK_NET=chiptop0/system/uartClockDomainWrapper/uart_0/rxwm_reg[3]_1[23]
LOCK_NET=chiptop0/system/uartClockDomainWrapper/uart_0/rxwm_reg[3]_1[2]
LOCK_NET=chiptop0/system/uartClockDomainWrapper/uart_0/rxwm_reg[3]_1[3]
LOCK_NET=chiptop0/system/uartClockDomainWrapper/uart_0/rxwm_reg[3]_1[4]
LOCK_NET=chiptop0/system/uartClockDomainWrapper/uart_0/rxwm_reg[3]_1[5]
LOCK_NET=chiptop0/system/uartClockDomainWrapper/uart_0/rxwm_reg[3]_1[6]
LOCK_NET=chiptop0/system/uartClockDomainWrapper/uart_0/rxwm_reg[3]_1[7]
LOCK_NET=chiptop0/system/uartClockDomainWrapper/uart_0/rxwm_reg[3]_1[8]
LOCK_NET=chiptop0/system/uartClockDomainWrapper/uart_0/rxwm_reg[3]_1[9]
LOCK_NET=chiptop0/system/uartClockDomainWrapper/uart_0/sync_0_reg_c_0_alias
LOCK_NET=chiptop0/system/uartClockDomainWrapper/uart_0/txen0
LOCK_NET=chiptop0/system/uartClockDomainWrapper/uart_0/txwm_reg[0]_0[0]
LOCK_NET=chiptop0/system/uartClockDomainWrapper/uart_0/txwm_reg[3]_0
LOCK_NET=chiptop0/system/uartClockDomainWrapper/uart_0/txwm_reg[3]_1[0]
LOCK_NET=chiptop0/system/uartClockDomainWrapper/uart_0/txwm_reg[3]_1[1]
LOCK_NET=chiptop0/system/uartClockDomainWrapper/uart_0/txwm_reg[3]_1[2]
LOCK_NET=chiptop0/system/uartClockDomainWrapper/uart_0/txwm_reg[3]_1[3]
LOCK_NET=chiptop0/system/uartClockDomainWrapper/uart_0/uart_txd_OBUF
LOCK_NET=chiptop0/system/uartClockDomainWrapper/uart_0/intsource/_aggregator_auto_out_4_member_cbus_cbus_0_reset
LOCK_NET=chiptop0/system/uartClockDomainWrapper/uart_0/intsource/_uartClockDomainWrapper_auto_uart_0_int_xing_out_sync_0
LOCK_NET=chiptop0/system/uartClockDomainWrapper/uart_0/intsource/clk_out1
LOCK_NET=chiptop0/system/uartClockDomainWrapper/uart_0/intsource/reg_0_reg
LOCK_NET=chiptop0/system/uartClockDomainWrapper/uart_0/intsource/sync_0_reg_c_0_alias
LOCK_NET=chiptop0/system/uartClockDomainWrapper/uart_0/intsource/reg_0/<const1>
LOCK_NET=chiptop0/system/uartClockDomainWrapper/uart_0/intsource/reg_0/_aggregator_auto_out_4_member_cbus_cbus_0_reset
LOCK_NET=chiptop0/system/uartClockDomainWrapper/uart_0/intsource/reg_0/_uartClockDomainWrapper_auto_uart_0_int_xing_out_sync_0
LOCK_NET=chiptop0/system/uartClockDomainWrapper/uart_0/intsource/reg_0/clk_out1
LOCK_NET=chiptop0/system/uartClockDomainWrapper/uart_0/intsource/reg_0/reg_0_reg_0
LOCK_NET=chiptop0/system/uartClockDomainWrapper/uart_0/intsource/reg_0/sync_0_reg_c_0_alias
LOCK_NET=chiptop0/system/uartClockDomainWrapper/uart_0/rxm/<const0>
LOCK_NET=chiptop0/system/uartClockDomainWrapper/uart_0/rxm/<const1>
LOCK_NET=chiptop0/system/uartClockDomainWrapper/uart_0/rxm/GND_2
LOCK_NET=chiptop0/system/uartClockDomainWrapper/uart_0/rxm/Q[0]
LOCK_NET=chiptop0/system/uartClockDomainWrapper/uart_0/rxm/Q[10]
LOCK_NET=chiptop0/system/uartClockDomainWrapper/uart_0/rxm/Q[11]
LOCK_NET=chiptop0/system/uartClockDomainWrapper/uart_0/rxm/Q[12]
LOCK_NET=chiptop0/system/uartClockDomainWrapper/uart_0/rxm/Q[13]
LOCK_NET=chiptop0/system/uartClockDomainWrapper/uart_0/rxm/Q[14]
LOCK_NET=chiptop0/system/uartClockDomainWrapper/uart_0/rxm/Q[15]
LOCK_NET=chiptop0/system/uartClockDomainWrapper/uart_0/rxm/Q[1]
LOCK_NET=chiptop0/system/uartClockDomainWrapper/uart_0/rxm/Q[2]
LOCK_NET=chiptop0/system/uartClockDomainWrapper/uart_0/rxm/Q[3]
LOCK_NET=chiptop0/system/uartClockDomainWrapper/uart_0/rxm/Q[4]
LOCK_NET=chiptop0/system/uartClockDomainWrapper/uart_0/rxm/Q[5]
LOCK_NET=chiptop0/system/uartClockDomainWrapper/uart_0/rxm/Q[6]
LOCK_NET=chiptop0/system/uartClockDomainWrapper/uart_0/rxm/Q[7]
LOCK_NET=chiptop0/system/uartClockDomainWrapper/uart_0/rxm/Q[8]
LOCK_NET=chiptop0/system/uartClockDomainWrapper/uart_0/rxm/Q[9]
LOCK_NET=chiptop0/system/uartClockDomainWrapper/uart_0/rxm/SR[0]
LOCK_NET=chiptop0/system/uartClockDomainWrapper/uart_0/rxm/_GEN_0
LOCK_NET=chiptop0/system/uartClockDomainWrapper/uart_0/rxm/_aggregator_auto_out_4_member_cbus_cbus_0_reset
LOCK_NET=chiptop0/system/uartClockDomainWrapper/uart_0/rxm/_rxm_io_out_valid
LOCK_NET=chiptop0/system/uartClockDomainWrapper/uart_0/rxm/auto_io_out_rxd
LOCK_NET=chiptop0/system/uartClockDomainWrapper/uart_0/rxm/clk_out1
LOCK_NET=chiptop0/system/uartClockDomainWrapper/uart_0/rxm/data_count[0]
LOCK_NET=chiptop0/system/uartClockDomainWrapper/uart_0/rxm/data_count[1]
LOCK_NET=chiptop0/system/uartClockDomainWrapper/uart_0/rxm/data_count[2]
LOCK_NET=chiptop0/system/uartClockDomainWrapper/uart_0/rxm/data_count[3]
LOCK_NET=chiptop0/system/uartClockDomainWrapper/uart_0/rxm/data_count[3]_i_1_n_0
LOCK_NET=chiptop0/system/uartClockDomainWrapper/uart_0/rxm/data_count[3]_i_4_n_0
LOCK_NET=chiptop0/system/uartClockDomainWrapper/uart_0/rxm/data_count[3]_i_5_n_0
LOCK_NET=chiptop0/system/uartClockDomainWrapper/uart_0/rxm/data_count[3]_i_6_n_0
LOCK_NET=chiptop0/system/uartClockDomainWrapper/uart_0/rxm/data_count[3]_i_7_n_0
LOCK_NET=chiptop0/system/uartClockDomainWrapper/uart_0/rxm/data_count_0
LOCK_NET=chiptop0/system/uartClockDomainWrapper/uart_0/rxm/debounce[0]
LOCK_NET=chiptop0/system/uartClockDomainWrapper/uart_0/rxm/debounce[0]_i_1_n_0
LOCK_NET=chiptop0/system/uartClockDomainWrapper/uart_0/rxm/debounce[1]
LOCK_NET=chiptop0/system/uartClockDomainWrapper/uart_0/rxm/debounce[1]_i_3_n_0
LOCK_NET=chiptop0/system/uartClockDomainWrapper/uart_0/rxm/debounce_1
LOCK_NET=chiptop0/system/uartClockDomainWrapper/uart_0/rxm/in[5]
LOCK_NET=chiptop0/system/uartClockDomainWrapper/uart_0/rxm/p_0_in
LOCK_NET=chiptop0/system/uartClockDomainWrapper/uart_0/rxm/p_1_in[0]
LOCK_NET=chiptop0/system/uartClockDomainWrapper/uart_0/rxm/p_1_in[1]
LOCK_NET=chiptop0/system/uartClockDomainWrapper/uart_0/rxm/p_1_in[2]
LOCK_NET=chiptop0/system/uartClockDomainWrapper/uart_0/rxm/p_1_in[3]
LOCK_NET=chiptop0/system/uartClockDomainWrapper/uart_0/rxm/p_1_in_2
LOCK_NET=chiptop0/system/uartClockDomainWrapper/uart_0/rxm/p_4_out__0[7]
LOCK_NET=chiptop0/system/uartClockDomainWrapper/uart_0/rxm/prescaler0[0]
LOCK_NET=chiptop0/system/uartClockDomainWrapper/uart_0/rxm/prescaler0[10]
LOCK_NET=chiptop0/system/uartClockDomainWrapper/uart_0/rxm/prescaler0[11]
LOCK_NET=chiptop0/system/uartClockDomainWrapper/uart_0/rxm/prescaler0[12]
LOCK_NET=chiptop0/system/uartClockDomainWrapper/uart_0/rxm/prescaler0[1]
LOCK_NET=chiptop0/system/uartClockDomainWrapper/uart_0/rxm/prescaler0[2]
LOCK_NET=chiptop0/system/uartClockDomainWrapper/uart_0/rxm/prescaler0[3]
LOCK_NET=chiptop0/system/uartClockDomainWrapper/uart_0/rxm/prescaler0[4]
LOCK_NET=chiptop0/system/uartClockDomainWrapper/uart_0/rxm/prescaler0[5]
LOCK_NET=chiptop0/system/uartClockDomainWrapper/uart_0/rxm/prescaler0[6]
LOCK_NET=chiptop0/system/uartClockDomainWrapper/uart_0/rxm/prescaler0[7]
LOCK_NET=chiptop0/system/uartClockDomainWrapper/uart_0/rxm/prescaler0[8]
LOCK_NET=chiptop0/system/uartClockDomainWrapper/uart_0/rxm/prescaler0[9]
LOCK_NET=chiptop0/system/uartClockDomainWrapper/uart_0/rxm/prescaler0_carry__0_i_1_n_0
LOCK_NET=chiptop0/system/uartClockDomainWrapper/uart_0/rxm/prescaler0_carry__0_i_2_n_0
LOCK_NET=chiptop0/system/uartClockDomainWrapper/uart_0/rxm/prescaler0_carry__0_i_3_n_0
LOCK_NET=chiptop0/system/uartClockDomainWrapper/uart_0/rxm/prescaler0_carry__0_i_4_n_0
LOCK_NET=chiptop0/system/uartClockDomainWrapper/uart_0/rxm/prescaler0_carry__0_i_5_n_0
LOCK_NET=chiptop0/system/uartClockDomainWrapper/uart_0/rxm/prescaler0_carry_i_10_n_0
LOCK_NET=chiptop0/system/uartClockDomainWrapper/uart_0/rxm/prescaler0_carry_i_11_n_0
LOCK_NET=chiptop0/system/uartClockDomainWrapper/uart_0/rxm/prescaler0_carry_i_2_n_0
LOCK_NET=chiptop0/system/uartClockDomainWrapper/uart_0/rxm/prescaler0_carry_i_3_n_0
LOCK_NET=chiptop0/system/uartClockDomainWrapper/uart_0/rxm/prescaler0_carry_i_4_n_0
LOCK_NET=chiptop0/system/uartClockDomainWrapper/uart_0/rxm/prescaler0_carry_i_5_n_0
LOCK_NET=chiptop0/system/uartClockDomainWrapper/uart_0/rxm/prescaler0_carry_i_6_n_0
LOCK_NET=chiptop0/system/uartClockDomainWrapper/uart_0/rxm/prescaler0_carry_i_7_n_0
LOCK_NET=chiptop0/system/uartClockDomainWrapper/uart_0/rxm/prescaler0_carry_i_8_n_0
LOCK_NET=chiptop0/system/uartClockDomainWrapper/uart_0/rxm/prescaler0_carry_i_9_n_0
LOCK_NET=chiptop0/system/uartClockDomainWrapper/uart_0/rxm/prescaler0_carry_n_0
LOCK_NET=chiptop0/system/uartClockDomainWrapper/uart_0/rxm/prescaler_reg[0]
LOCK_NET=chiptop0/system/uartClockDomainWrapper/uart_0/rxm/prescaler_reg[10]
LOCK_NET=chiptop0/system/uartClockDomainWrapper/uart_0/rxm/prescaler_reg[11]
LOCK_NET=chiptop0/system/uartClockDomainWrapper/uart_0/rxm/prescaler_reg[12]
LOCK_NET=chiptop0/system/uartClockDomainWrapper/uart_0/rxm/prescaler_reg[1]
LOCK_NET=chiptop0/system/uartClockDomainWrapper/uart_0/rxm/prescaler_reg[2]
LOCK_NET=chiptop0/system/uartClockDomainWrapper/uart_0/rxm/prescaler_reg[3]
LOCK_NET=chiptop0/system/uartClockDomainWrapper/uart_0/rxm/prescaler_reg[4]
LOCK_NET=chiptop0/system/uartClockDomainWrapper/uart_0/rxm/prescaler_reg[5]
LOCK_NET=chiptop0/system/uartClockDomainWrapper/uart_0/rxm/prescaler_reg[6]
LOCK_NET=chiptop0/system/uartClockDomainWrapper/uart_0/rxm/prescaler_reg[7]
LOCK_NET=chiptop0/system/uartClockDomainWrapper/uart_0/rxm/prescaler_reg[8]
LOCK_NET=chiptop0/system/uartClockDomainWrapper/uart_0/rxm/prescaler_reg[9]
LOCK_NET=chiptop0/system/uartClockDomainWrapper/uart_0/rxm/sample_count[0]
LOCK_NET=chiptop0/system/uartClockDomainWrapper/uart_0/rxm/sample_count[0]_i_1_n_0
LOCK_NET=chiptop0/system/uartClockDomainWrapper/uart_0/rxm/sample_count[1]
LOCK_NET=chiptop0/system/uartClockDomainWrapper/uart_0/rxm/sample_count[1]_i_1_n_0
LOCK_NET=chiptop0/system/uartClockDomainWrapper/uart_0/rxm/sample_count[2]
LOCK_NET=chiptop0/system/uartClockDomainWrapper/uart_0/rxm/sample_count[2]_i_1_n_0
LOCK_NET=chiptop0/system/uartClockDomainWrapper/uart_0/rxm/sample_count[3]
LOCK_NET=chiptop0/system/uartClockDomainWrapper/uart_0/rxm/sample_count[3]_i_1_n_0
LOCK_NET=chiptop0/system/uartClockDomainWrapper/uart_0/rxm/sample_reg_n_0_[0]
LOCK_NET=chiptop0/system/uartClockDomainWrapper/uart_0/rxm/shifter[7]_i_1__0_n_0
LOCK_NET=chiptop0/system/uartClockDomainWrapper/uart_0/rxm/shifter_reg[7]_0[0]
LOCK_NET=chiptop0/system/uartClockDomainWrapper/uart_0/rxm/shifter_reg[7]_0[1]
LOCK_NET=chiptop0/system/uartClockDomainWrapper/uart_0/rxm/shifter_reg[7]_0[2]
LOCK_NET=chiptop0/system/uartClockDomainWrapper/uart_0/rxm/shifter_reg[7]_0[3]
LOCK_NET=chiptop0/system/uartClockDomainWrapper/uart_0/rxm/shifter_reg[7]_0[4]
LOCK_NET=chiptop0/system/uartClockDomainWrapper/uart_0/rxm/shifter_reg[7]_0[5]
LOCK_NET=chiptop0/system/uartClockDomainWrapper/uart_0/rxm/shifter_reg[7]_0[6]
LOCK_NET=chiptop0/system/uartClockDomainWrapper/uart_0/rxm/shifter_reg[7]_0[7]
LOCK_NET=chiptop0/system/uartClockDomainWrapper/uart_0/rxm/state
LOCK_NET=chiptop0/system/uartClockDomainWrapper/uart_0/rxm/state_i_1_n_0
LOCK_NET=chiptop0/system/uartClockDomainWrapper/uart_0/rxm/state_i_2_n_0
LOCK_NET=chiptop0/system/uartClockDomainWrapper/uart_0/rxm/sync_0_reg_c_0_alias
LOCK_NET=chiptop0/system/uartClockDomainWrapper/uart_0/rxm/valid0
LOCK_NET=chiptop0/system/uartClockDomainWrapper/uart_0/rxq/<const1>
LOCK_NET=chiptop0/system/uartClockDomainWrapper/uart_0/rxq/Memory_reg_0_1_42_55_i_30__0[0]
LOCK_NET=chiptop0/system/uartClockDomainWrapper/uart_0/rxq/Memory_reg_0_1_42_55_i_30__0[1]
LOCK_NET=chiptop0/system/uartClockDomainWrapper/uart_0/rxq/Memory_reg_0_1_42_55_i_30__0[2]
LOCK_NET=chiptop0/system/uartClockDomainWrapper/uart_0/rxq/Memory_reg_0_1_42_55_i_30__0[3]
LOCK_NET=chiptop0/system/uartClockDomainWrapper/uart_0/rxq/Memory_reg_0_1_42_55_i_30__0[4]
LOCK_NET=chiptop0/system/uartClockDomainWrapper/uart_0/rxq/Memory_reg_0_1_42_55_i_30__0[5]
LOCK_NET=chiptop0/system/uartClockDomainWrapper/uart_0/rxq/Memory_reg_0_1_42_55_i_30__0[6]
LOCK_NET=chiptop0/system/uartClockDomainWrapper/uart_0/rxq/Memory_reg_0_1_42_55_i_30__0[7]
LOCK_NET=chiptop0/system/uartClockDomainWrapper/uart_0/rxq/Memory_reg_0_1_70_78_i_7__0
LOCK_NET=chiptop0/system/uartClockDomainWrapper/uart_0/rxq/_aggregator_auto_out_4_member_cbus_cbus_0_reset
LOCK_NET=chiptop0/system/uartClockDomainWrapper/uart_0/rxq/_rxm_io_out_valid
LOCK_NET=chiptop0/system/uartClockDomainWrapper/uart_0/rxq/_rxq_io_deq_bits[0]
LOCK_NET=chiptop0/system/uartClockDomainWrapper/uart_0/rxq/_rxq_io_deq_bits[1]
LOCK_NET=chiptop0/system/uartClockDomainWrapper/uart_0/rxq/_rxq_io_deq_bits[2]
LOCK_NET=chiptop0/system/uartClockDomainWrapper/uart_0/rxq/_rxq_io_deq_bits[3]
LOCK_NET=chiptop0/system/uartClockDomainWrapper/uart_0/rxq/_rxq_io_deq_bits[4]
LOCK_NET=chiptop0/system/uartClockDomainWrapper/uart_0/rxq/_rxq_io_deq_bits[5]
LOCK_NET=chiptop0/system/uartClockDomainWrapper/uart_0/rxq/_rxq_io_deq_bits[6]
LOCK_NET=chiptop0/system/uartClockDomainWrapper/uart_0/rxq/_rxq_io_deq_bits[7]
LOCK_NET=chiptop0/system/uartClockDomainWrapper/uart_0/rxq/_uartClockDomainWrapper_auto_uart_0_control_xing_in_d_bits_opcode[0]
LOCK_NET=chiptop0/system/uartClockDomainWrapper/uart_0/rxq/clk_out1
LOCK_NET=chiptop0/system/uartClockDomainWrapper/uart_0/rxq/deq_ptr_value[1]_i_1__1_n_0
LOCK_NET=chiptop0/system/uartClockDomainWrapper/uart_0/rxq/deq_ptr_value[2]_i_2__0_n_0
LOCK_NET=chiptop0/system/uartClockDomainWrapper/uart_0/rxq/deq_ptr_value_reg[2]_0[0]
LOCK_NET=chiptop0/system/uartClockDomainWrapper/uart_0/rxq/deq_ptr_value_reg_n_0_[0]
LOCK_NET=chiptop0/system/uartClockDomainWrapper/uart_0/rxq/deq_ptr_value_reg_n_0_[1]
LOCK_NET=chiptop0/system/uartClockDomainWrapper/uart_0/rxq/deq_ptr_value_reg_n_0_[2]
LOCK_NET=chiptop0/system/uartClockDomainWrapper/uart_0/rxq/do_enq
LOCK_NET=chiptop0/system/uartClockDomainWrapper/uart_0/rxq/enq_ptr_value[0]_i_1__2_n_0
LOCK_NET=chiptop0/system/uartClockDomainWrapper/uart_0/rxq/enq_ptr_value[1]_i_1__1_n_0
LOCK_NET=chiptop0/system/uartClockDomainWrapper/uart_0/rxq/enq_ptr_value[2]_i_2__0_n_0
LOCK_NET=chiptop0/system/uartClockDomainWrapper/uart_0/rxq/enq_ptr_value_reg_n_0_[0]
LOCK_NET=chiptop0/system/uartClockDomainWrapper/uart_0/rxq/enq_ptr_value_reg_n_0_[1]
LOCK_NET=chiptop0/system/uartClockDomainWrapper/uart_0/rxq/enq_ptr_value_reg_n_0_[2]
LOCK_NET=chiptop0/system/uartClockDomainWrapper/uart_0/rxq/ie_rxwm
LOCK_NET=chiptop0/system/uartClockDomainWrapper/uart_0/rxq/ie_rxwm_reg
LOCK_NET=chiptop0/system/uartClockDomainWrapper/uart_0/rxq/ie_txwm
LOCK_NET=chiptop0/system/uartClockDomainWrapper/uart_0/rxq/maybe_full
LOCK_NET=chiptop0/system/uartClockDomainWrapper/uart_0/rxq/maybe_full_i_1__22_n_0
LOCK_NET=chiptop0/system/uartClockDomainWrapper/uart_0/rxq/maybe_full_reg_0
LOCK_NET=chiptop0/system/uartClockDomainWrapper/uart_0/rxq/maybe_full_reg_1
LOCK_NET=chiptop0/system/uartClockDomainWrapper/uart_0/rxq/maybe_full_reg_2
LOCK_NET=chiptop0/system/uartClockDomainWrapper/uart_0/rxq/maybe_full_reg_3
LOCK_NET=chiptop0/system/uartClockDomainWrapper/uart_0/rxq/maybe_full_reg_4
LOCK_NET=chiptop0/system/uartClockDomainWrapper/uart_0/rxq/p_0_in[0]
LOCK_NET=chiptop0/system/uartClockDomainWrapper/uart_0/rxq/ram_ext_n_9
LOCK_NET=chiptop0/system/uartClockDomainWrapper/uart_0/rxq/reg_0_i_4_n_0
LOCK_NET=chiptop0/system/uartClockDomainWrapper/uart_0/rxq/reg_0_i_5_n_0
LOCK_NET=chiptop0/system/uartClockDomainWrapper/uart_0/rxq/reg_0_reg
LOCK_NET=chiptop0/system/uartClockDomainWrapper/uart_0/rxq/reg_0_reg_0[0]
LOCK_NET=chiptop0/system/uartClockDomainWrapper/uart_0/rxq/reg_0_reg_0[1]
LOCK_NET=chiptop0/system/uartClockDomainWrapper/uart_0/rxq/reg_0_reg_0[2]
LOCK_NET=chiptop0/system/uartClockDomainWrapper/uart_0/rxq/reg_0_reg_0[3]
LOCK_NET=chiptop0/system/uartClockDomainWrapper/uart_0/rxq/sync_0_reg_c_0_alias
LOCK_NET=chiptop0/system/uartClockDomainWrapper/uart_0/rxq/ram_ext/<const0>
LOCK_NET=chiptop0/system/uartClockDomainWrapper/uart_0/rxq/ram_ext/E[0]
LOCK_NET=chiptop0/system/uartClockDomainWrapper/uart_0/rxq/ram_ext/Memory_reg_0_1_42_55_i_30__0[0]
LOCK_NET=chiptop0/system/uartClockDomainWrapper/uart_0/rxq/ram_ext/Memory_reg_0_1_42_55_i_30__0[1]
LOCK_NET=chiptop0/system/uartClockDomainWrapper/uart_0/rxq/ram_ext/Memory_reg_0_1_42_55_i_30__0[2]
LOCK_NET=chiptop0/system/uartClockDomainWrapper/uart_0/rxq/ram_ext/Memory_reg_0_1_42_55_i_30__0[3]
LOCK_NET=chiptop0/system/uartClockDomainWrapper/uart_0/rxq/ram_ext/Memory_reg_0_1_42_55_i_30__0[4]
LOCK_NET=chiptop0/system/uartClockDomainWrapper/uart_0/rxq/ram_ext/Memory_reg_0_1_42_55_i_30__0[5]
LOCK_NET=chiptop0/system/uartClockDomainWrapper/uart_0/rxq/ram_ext/Memory_reg_0_1_42_55_i_30__0[6]
LOCK_NET=chiptop0/system/uartClockDomainWrapper/uart_0/rxq/ram_ext/Memory_reg_0_1_42_55_i_30__0[7]
LOCK_NET=chiptop0/system/uartClockDomainWrapper/uart_0/rxq/ram_ext/Q[0]
LOCK_NET=chiptop0/system/uartClockDomainWrapper/uart_0/rxq/ram_ext/Q[1]
LOCK_NET=chiptop0/system/uartClockDomainWrapper/uart_0/rxq/ram_ext/Q[2]
LOCK_NET=chiptop0/system/uartClockDomainWrapper/uart_0/rxq/ram_ext/_rxm_io_out_valid
LOCK_NET=chiptop0/system/uartClockDomainWrapper/uart_0/rxq/ram_ext/_rxq_io_deq_bits[0]
LOCK_NET=chiptop0/system/uartClockDomainWrapper/uart_0/rxq/ram_ext/_rxq_io_deq_bits[1]
LOCK_NET=chiptop0/system/uartClockDomainWrapper/uart_0/rxq/ram_ext/_rxq_io_deq_bits[2]
LOCK_NET=chiptop0/system/uartClockDomainWrapper/uart_0/rxq/ram_ext/_rxq_io_deq_bits[3]
LOCK_NET=chiptop0/system/uartClockDomainWrapper/uart_0/rxq/ram_ext/_rxq_io_deq_bits[4]
LOCK_NET=chiptop0/system/uartClockDomainWrapper/uart_0/rxq/ram_ext/_rxq_io_deq_bits[5]
LOCK_NET=chiptop0/system/uartClockDomainWrapper/uart_0/rxq/ram_ext/_rxq_io_deq_bits[6]
LOCK_NET=chiptop0/system/uartClockDomainWrapper/uart_0/rxq/ram_ext/_rxq_io_deq_bits[7]
LOCK_NET=chiptop0/system/uartClockDomainWrapper/uart_0/rxq/ram_ext/clk_out1
LOCK_NET=chiptop0/system/uartClockDomainWrapper/uart_0/rxq/ram_ext/enq_ptr_value_reg[0]
LOCK_NET=chiptop0/system/uartClockDomainWrapper/uart_0/rxq/ram_ext/enq_ptr_value_reg[0]_0[0]
LOCK_NET=chiptop0/system/uartClockDomainWrapper/uart_0/rxq/ram_ext/enq_ptr_value_reg[0]_0[1]
LOCK_NET=chiptop0/system/uartClockDomainWrapper/uart_0/rxq/ram_ext/enq_ptr_value_reg[0]_0[2]
LOCK_NET=chiptop0/system/uartClockDomainWrapper/uart_0/rxq/ram_ext/maybe_full
LOCK_NET=chiptop0/system/uartClockDomainWrapper/uart_0/rxq/ram_ext/Memory_reg_0_7_0_7/ADDRA0
LOCK_NET=chiptop0/system/uartClockDomainWrapper/uart_0/rxq/ram_ext/Memory_reg_0_7_0_7/ADDRA1
LOCK_NET=chiptop0/system/uartClockDomainWrapper/uart_0/rxq/ram_ext/Memory_reg_0_7_0_7/ADDRA2
LOCK_NET=chiptop0/system/uartClockDomainWrapper/uart_0/rxq/ram_ext/Memory_reg_0_7_0_7/ADDRA3
LOCK_NET=chiptop0/system/uartClockDomainWrapper/uart_0/rxq/ram_ext/Memory_reg_0_7_0_7/ADDRA4
LOCK_NET=chiptop0/system/uartClockDomainWrapper/uart_0/rxq/ram_ext/Memory_reg_0_7_0_7/ADDRB0
LOCK_NET=chiptop0/system/uartClockDomainWrapper/uart_0/rxq/ram_ext/Memory_reg_0_7_0_7/ADDRB1
LOCK_NET=chiptop0/system/uartClockDomainWrapper/uart_0/rxq/ram_ext/Memory_reg_0_7_0_7/ADDRB2
LOCK_NET=chiptop0/system/uartClockDomainWrapper/uart_0/rxq/ram_ext/Memory_reg_0_7_0_7/ADDRB3
LOCK_NET=chiptop0/system/uartClockDomainWrapper/uart_0/rxq/ram_ext/Memory_reg_0_7_0_7/ADDRB4
LOCK_NET=chiptop0/system/uartClockDomainWrapper/uart_0/rxq/ram_ext/Memory_reg_0_7_0_7/ADDRC0
LOCK_NET=chiptop0/system/uartClockDomainWrapper/uart_0/rxq/ram_ext/Memory_reg_0_7_0_7/ADDRC1
LOCK_NET=chiptop0/system/uartClockDomainWrapper/uart_0/rxq/ram_ext/Memory_reg_0_7_0_7/ADDRC2
LOCK_NET=chiptop0/system/uartClockDomainWrapper/uart_0/rxq/ram_ext/Memory_reg_0_7_0_7/ADDRC3
LOCK_NET=chiptop0/system/uartClockDomainWrapper/uart_0/rxq/ram_ext/Memory_reg_0_7_0_7/ADDRC4
LOCK_NET=chiptop0/system/uartClockDomainWrapper/uart_0/rxq/ram_ext/Memory_reg_0_7_0_7/ADDRD0
LOCK_NET=chiptop0/system/uartClockDomainWrapper/uart_0/rxq/ram_ext/Memory_reg_0_7_0_7/ADDRD1
LOCK_NET=chiptop0/system/uartClockDomainWrapper/uart_0/rxq/ram_ext/Memory_reg_0_7_0_7/ADDRD2
LOCK_NET=chiptop0/system/uartClockDomainWrapper/uart_0/rxq/ram_ext/Memory_reg_0_7_0_7/ADDRD3
LOCK_NET=chiptop0/system/uartClockDomainWrapper/uart_0/rxq/ram_ext/Memory_reg_0_7_0_7/ADDRD4
LOCK_NET=chiptop0/system/uartClockDomainWrapper/uart_0/rxq/ram_ext/Memory_reg_0_7_0_7/ADDRE0
LOCK_NET=chiptop0/system/uartClockDomainWrapper/uart_0/rxq/ram_ext/Memory_reg_0_7_0_7/ADDRE1
LOCK_NET=chiptop0/system/uartClockDomainWrapper/uart_0/rxq/ram_ext/Memory_reg_0_7_0_7/ADDRE2
LOCK_NET=chiptop0/system/uartClockDomainWrapper/uart_0/rxq/ram_ext/Memory_reg_0_7_0_7/ADDRE3
LOCK_NET=chiptop0/system/uartClockDomainWrapper/uart_0/rxq/ram_ext/Memory_reg_0_7_0_7/ADDRE4
LOCK_NET=chiptop0/system/uartClockDomainWrapper/uart_0/rxq/ram_ext/Memory_reg_0_7_0_7/ADDRF0
LOCK_NET=chiptop0/system/uartClockDomainWrapper/uart_0/rxq/ram_ext/Memory_reg_0_7_0_7/ADDRF1
LOCK_NET=chiptop0/system/uartClockDomainWrapper/uart_0/rxq/ram_ext/Memory_reg_0_7_0_7/ADDRF2
LOCK_NET=chiptop0/system/uartClockDomainWrapper/uart_0/rxq/ram_ext/Memory_reg_0_7_0_7/ADDRF3
LOCK_NET=chiptop0/system/uartClockDomainWrapper/uart_0/rxq/ram_ext/Memory_reg_0_7_0_7/ADDRF4
LOCK_NET=chiptop0/system/uartClockDomainWrapper/uart_0/rxq/ram_ext/Memory_reg_0_7_0_7/ADDRG0
LOCK_NET=chiptop0/system/uartClockDomainWrapper/uart_0/rxq/ram_ext/Memory_reg_0_7_0_7/ADDRG1
LOCK_NET=chiptop0/system/uartClockDomainWrapper/uart_0/rxq/ram_ext/Memory_reg_0_7_0_7/ADDRG2
LOCK_NET=chiptop0/system/uartClockDomainWrapper/uart_0/rxq/ram_ext/Memory_reg_0_7_0_7/ADDRG3
LOCK_NET=chiptop0/system/uartClockDomainWrapper/uart_0/rxq/ram_ext/Memory_reg_0_7_0_7/ADDRG4
LOCK_NET=chiptop0/system/uartClockDomainWrapper/uart_0/rxq/ram_ext/Memory_reg_0_7_0_7/ADDRH0
LOCK_NET=chiptop0/system/uartClockDomainWrapper/uart_0/rxq/ram_ext/Memory_reg_0_7_0_7/ADDRH1
LOCK_NET=chiptop0/system/uartClockDomainWrapper/uart_0/rxq/ram_ext/Memory_reg_0_7_0_7/ADDRH2
LOCK_NET=chiptop0/system/uartClockDomainWrapper/uart_0/rxq/ram_ext/Memory_reg_0_7_0_7/ADDRH3
LOCK_NET=chiptop0/system/uartClockDomainWrapper/uart_0/rxq/ram_ext/Memory_reg_0_7_0_7/ADDRH4
LOCK_NET=chiptop0/system/uartClockDomainWrapper/uart_0/rxq/ram_ext/Memory_reg_0_7_0_7/DIA0
LOCK_NET=chiptop0/system/uartClockDomainWrapper/uart_0/rxq/ram_ext/Memory_reg_0_7_0_7/DIA1
LOCK_NET=chiptop0/system/uartClockDomainWrapper/uart_0/rxq/ram_ext/Memory_reg_0_7_0_7/DIB0
LOCK_NET=chiptop0/system/uartClockDomainWrapper/uart_0/rxq/ram_ext/Memory_reg_0_7_0_7/DIB1
LOCK_NET=chiptop0/system/uartClockDomainWrapper/uart_0/rxq/ram_ext/Memory_reg_0_7_0_7/DIC0
LOCK_NET=chiptop0/system/uartClockDomainWrapper/uart_0/rxq/ram_ext/Memory_reg_0_7_0_7/DIC1
LOCK_NET=chiptop0/system/uartClockDomainWrapper/uart_0/rxq/ram_ext/Memory_reg_0_7_0_7/DID0
LOCK_NET=chiptop0/system/uartClockDomainWrapper/uart_0/rxq/ram_ext/Memory_reg_0_7_0_7/DID1
LOCK_NET=chiptop0/system/uartClockDomainWrapper/uart_0/rxq/ram_ext/Memory_reg_0_7_0_7/DIE0
LOCK_NET=chiptop0/system/uartClockDomainWrapper/uart_0/rxq/ram_ext/Memory_reg_0_7_0_7/DIE1
LOCK_NET=chiptop0/system/uartClockDomainWrapper/uart_0/rxq/ram_ext/Memory_reg_0_7_0_7/DIF0
LOCK_NET=chiptop0/system/uartClockDomainWrapper/uart_0/rxq/ram_ext/Memory_reg_0_7_0_7/DIF1
LOCK_NET=chiptop0/system/uartClockDomainWrapper/uart_0/rxq/ram_ext/Memory_reg_0_7_0_7/DIG0
LOCK_NET=chiptop0/system/uartClockDomainWrapper/uart_0/rxq/ram_ext/Memory_reg_0_7_0_7/DIG1
LOCK_NET=chiptop0/system/uartClockDomainWrapper/uart_0/rxq/ram_ext/Memory_reg_0_7_0_7/DIH0
LOCK_NET=chiptop0/system/uartClockDomainWrapper/uart_0/rxq/ram_ext/Memory_reg_0_7_0_7/DIH1
LOCK_NET=chiptop0/system/uartClockDomainWrapper/uart_0/rxq/ram_ext/Memory_reg_0_7_0_7/DOA0
LOCK_NET=chiptop0/system/uartClockDomainWrapper/uart_0/rxq/ram_ext/Memory_reg_0_7_0_7/DOA1
LOCK_NET=chiptop0/system/uartClockDomainWrapper/uart_0/rxq/ram_ext/Memory_reg_0_7_0_7/DOB0
LOCK_NET=chiptop0/system/uartClockDomainWrapper/uart_0/rxq/ram_ext/Memory_reg_0_7_0_7/DOB1
LOCK_NET=chiptop0/system/uartClockDomainWrapper/uart_0/rxq/ram_ext/Memory_reg_0_7_0_7/DOC0
LOCK_NET=chiptop0/system/uartClockDomainWrapper/uart_0/rxq/ram_ext/Memory_reg_0_7_0_7/DOC1
LOCK_NET=chiptop0/system/uartClockDomainWrapper/uart_0/rxq/ram_ext/Memory_reg_0_7_0_7/DOD0
LOCK_NET=chiptop0/system/uartClockDomainWrapper/uart_0/rxq/ram_ext/Memory_reg_0_7_0_7/DOD1
LOCK_NET=chiptop0/system/uartClockDomainWrapper/uart_0/rxq/ram_ext/Memory_reg_0_7_0_7/DOE0
LOCK_NET=chiptop0/system/uartClockDomainWrapper/uart_0/rxq/ram_ext/Memory_reg_0_7_0_7/DOE1
LOCK_NET=chiptop0/system/uartClockDomainWrapper/uart_0/rxq/ram_ext/Memory_reg_0_7_0_7/DOF0
LOCK_NET=chiptop0/system/uartClockDomainWrapper/uart_0/rxq/ram_ext/Memory_reg_0_7_0_7/DOF1
LOCK_NET=chiptop0/system/uartClockDomainWrapper/uart_0/rxq/ram_ext/Memory_reg_0_7_0_7/DOG0
LOCK_NET=chiptop0/system/uartClockDomainWrapper/uart_0/rxq/ram_ext/Memory_reg_0_7_0_7/DOG1
LOCK_NET=chiptop0/system/uartClockDomainWrapper/uart_0/rxq/ram_ext/Memory_reg_0_7_0_7/DOH0
LOCK_NET=chiptop0/system/uartClockDomainWrapper/uart_0/rxq/ram_ext/Memory_reg_0_7_0_7/DOH1
LOCK_NET=chiptop0/system/uartClockDomainWrapper/uart_0/rxq/ram_ext/Memory_reg_0_7_0_7/WCLK
LOCK_NET=chiptop0/system/uartClockDomainWrapper/uart_0/rxq/ram_ext/Memory_reg_0_7_0_7/WE
LOCK_NET=chiptop0/system/uartClockDomainWrapper/uart_0/txm/<const0>
LOCK_NET=chiptop0/system/uartClockDomainWrapper/uart_0/txm/<const1>
LOCK_NET=chiptop0/system/uartClockDomainWrapper/uart_0/txm/E[0]
LOCK_NET=chiptop0/system/uartClockDomainWrapper/uart_0/txm/Q[0]
LOCK_NET=chiptop0/system/uartClockDomainWrapper/uart_0/txm/Q[10]
LOCK_NET=chiptop0/system/uartClockDomainWrapper/uart_0/txm/Q[11]
LOCK_NET=chiptop0/system/uartClockDomainWrapper/uart_0/txm/Q[12]
LOCK_NET=chiptop0/system/uartClockDomainWrapper/uart_0/txm/Q[13]
LOCK_NET=chiptop0/system/uartClockDomainWrapper/uart_0/txm/Q[14]
LOCK_NET=chiptop0/system/uartClockDomainWrapper/uart_0/txm/Q[15]
LOCK_NET=chiptop0/system/uartClockDomainWrapper/uart_0/txm/Q[1]
LOCK_NET=chiptop0/system/uartClockDomainWrapper/uart_0/txm/Q[2]
LOCK_NET=chiptop0/system/uartClockDomainWrapper/uart_0/txm/Q[3]
LOCK_NET=chiptop0/system/uartClockDomainWrapper/uart_0/txm/Q[4]
LOCK_NET=chiptop0/system/uartClockDomainWrapper/uart_0/txm/Q[5]
LOCK_NET=chiptop0/system/uartClockDomainWrapper/uart_0/txm/Q[6]
LOCK_NET=chiptop0/system/uartClockDomainWrapper/uart_0/txm/Q[7]
LOCK_NET=chiptop0/system/uartClockDomainWrapper/uart_0/txm/Q[8]
LOCK_NET=chiptop0/system/uartClockDomainWrapper/uart_0/txm/Q[9]
LOCK_NET=chiptop0/system/uartClockDomainWrapper/uart_0/txm/R0_data0[0]
LOCK_NET=chiptop0/system/uartClockDomainWrapper/uart_0/txm/R0_data0[1]
LOCK_NET=chiptop0/system/uartClockDomainWrapper/uart_0/txm/R0_data0[2]
LOCK_NET=chiptop0/system/uartClockDomainWrapper/uart_0/txm/R0_data0[3]
LOCK_NET=chiptop0/system/uartClockDomainWrapper/uart_0/txm/R0_data0[4]
LOCK_NET=chiptop0/system/uartClockDomainWrapper/uart_0/txm/R0_data0[5]
LOCK_NET=chiptop0/system/uartClockDomainWrapper/uart_0/txm/R0_data0[6]
LOCK_NET=chiptop0/system/uartClockDomainWrapper/uart_0/txm/R0_data0[7]
LOCK_NET=chiptop0/system/uartClockDomainWrapper/uart_0/txm/_GEN_1
LOCK_NET=chiptop0/system/uartClockDomainWrapper/uart_0/txm/_aggregator_auto_out_4_member_cbus_cbus_0_reset
LOCK_NET=chiptop0/system/uartClockDomainWrapper/uart_0/txm/clk_out1
LOCK_NET=chiptop0/system/uartClockDomainWrapper/uart_0/txm/counter[1]_i_2_n_0
LOCK_NET=chiptop0/system/uartClockDomainWrapper/uart_0/txm/counter[1]_i_3_n_0
LOCK_NET=chiptop0/system/uartClockDomainWrapper/uart_0/txm/counter_reg[0]
LOCK_NET=chiptop0/system/uartClockDomainWrapper/uart_0/txm/counter_reg[1]
LOCK_NET=chiptop0/system/uartClockDomainWrapper/uart_0/txm/counter_reg[2]
LOCK_NET=chiptop0/system/uartClockDomainWrapper/uart_0/txm/counter_reg[3]
LOCK_NET=chiptop0/system/uartClockDomainWrapper/uart_0/txm/counter_reg[3]_0[0]
LOCK_NET=chiptop0/system/uartClockDomainWrapper/uart_0/txm/nstop
LOCK_NET=chiptop0/system/uartClockDomainWrapper/uart_0/txm/out_i_1_n_0
LOCK_NET=chiptop0/system/uartClockDomainWrapper/uart_0/txm/p_0_in__0[0]
LOCK_NET=chiptop0/system/uartClockDomainWrapper/uart_0/txm/p_0_in__0[1]
LOCK_NET=chiptop0/system/uartClockDomainWrapper/uart_0/txm/p_0_in__0[2]
LOCK_NET=chiptop0/system/uartClockDomainWrapper/uart_0/txm/p_0_in__0[3]
LOCK_NET=chiptop0/system/uartClockDomainWrapper/uart_0/txm/p_0_in__0[4]
LOCK_NET=chiptop0/system/uartClockDomainWrapper/uart_0/txm/p_0_in__0[5]
LOCK_NET=chiptop0/system/uartClockDomainWrapper/uart_0/txm/p_0_in__0[6]
LOCK_NET=chiptop0/system/uartClockDomainWrapper/uart_0/txm/p_0_in__0[7]
LOCK_NET=chiptop0/system/uartClockDomainWrapper/uart_0/txm/p_0_in__0__0[0]
LOCK_NET=chiptop0/system/uartClockDomainWrapper/uart_0/txm/p_0_in__0__0[10]
LOCK_NET=chiptop0/system/uartClockDomainWrapper/uart_0/txm/p_0_in__0__0[11]
LOCK_NET=chiptop0/system/uartClockDomainWrapper/uart_0/txm/p_0_in__0__0[12]
LOCK_NET=chiptop0/system/uartClockDomainWrapper/uart_0/txm/p_0_in__0__0[13]
LOCK_NET=chiptop0/system/uartClockDomainWrapper/uart_0/txm/p_0_in__0__0[14]
LOCK_NET=chiptop0/system/uartClockDomainWrapper/uart_0/txm/p_0_in__0__0[15]
LOCK_NET=chiptop0/system/uartClockDomainWrapper/uart_0/txm/p_0_in__0__0[1]
LOCK_NET=chiptop0/system/uartClockDomainWrapper/uart_0/txm/p_0_in__0__0[2]
LOCK_NET=chiptop0/system/uartClockDomainWrapper/uart_0/txm/p_0_in__0__0[3]
LOCK_NET=chiptop0/system/uartClockDomainWrapper/uart_0/txm/p_0_in__0__0[4]
LOCK_NET=chiptop0/system/uartClockDomainWrapper/uart_0/txm/p_0_in__0__0[5]
LOCK_NET=chiptop0/system/uartClockDomainWrapper/uart_0/txm/p_0_in__0__0[6]
LOCK_NET=chiptop0/system/uartClockDomainWrapper/uart_0/txm/p_0_in__0__0[7]
LOCK_NET=chiptop0/system/uartClockDomainWrapper/uart_0/txm/p_0_in__0__0[8]
LOCK_NET=chiptop0/system/uartClockDomainWrapper/uart_0/txm/p_0_in__0__0[9]
LOCK_NET=chiptop0/system/uartClockDomainWrapper/uart_0/txm/p_0_in__1[0]
LOCK_NET=chiptop0/system/uartClockDomainWrapper/uart_0/txm/p_0_in__1[1]
LOCK_NET=chiptop0/system/uartClockDomainWrapper/uart_0/txm/p_0_in__1[2]
LOCK_NET=chiptop0/system/uartClockDomainWrapper/uart_0/txm/p_0_in__1[3]
LOCK_NET=chiptop0/system/uartClockDomainWrapper/uart_0/txm/prescaler[10]_i_2_n_0
LOCK_NET=chiptop0/system/uartClockDomainWrapper/uart_0/txm/prescaler[12]_i_2_n_0
LOCK_NET=chiptop0/system/uartClockDomainWrapper/uart_0/txm/prescaler[15]_i_3_n_0
LOCK_NET=chiptop0/system/uartClockDomainWrapper/uart_0/txm/prescaler[6]_i_2_n_0
LOCK_NET=chiptop0/system/uartClockDomainWrapper/uart_0/txm/prescaler[7]_i_2_n_0
LOCK_NET=chiptop0/system/uartClockDomainWrapper/uart_0/txm/prescaler_reg[0]
LOCK_NET=chiptop0/system/uartClockDomainWrapper/uart_0/txm/prescaler_reg[10]
LOCK_NET=chiptop0/system/uartClockDomainWrapper/uart_0/txm/prescaler_reg[11]
LOCK_NET=chiptop0/system/uartClockDomainWrapper/uart_0/txm/prescaler_reg[12]
LOCK_NET=chiptop0/system/uartClockDomainWrapper/uart_0/txm/prescaler_reg[13]
LOCK_NET=chiptop0/system/uartClockDomainWrapper/uart_0/txm/prescaler_reg[14]
LOCK_NET=chiptop0/system/uartClockDomainWrapper/uart_0/txm/prescaler_reg[15]
LOCK_NET=chiptop0/system/uartClockDomainWrapper/uart_0/txm/prescaler_reg[1]
LOCK_NET=chiptop0/system/uartClockDomainWrapper/uart_0/txm/prescaler_reg[2]
LOCK_NET=chiptop0/system/uartClockDomainWrapper/uart_0/txm/prescaler_reg[3]
LOCK_NET=chiptop0/system/uartClockDomainWrapper/uart_0/txm/prescaler_reg[4]
LOCK_NET=chiptop0/system/uartClockDomainWrapper/uart_0/txm/prescaler_reg[5]
LOCK_NET=chiptop0/system/uartClockDomainWrapper/uart_0/txm/prescaler_reg[6]
LOCK_NET=chiptop0/system/uartClockDomainWrapper/uart_0/txm/prescaler_reg[7]
LOCK_NET=chiptop0/system/uartClockDomainWrapper/uart_0/txm/prescaler_reg[8]
LOCK_NET=chiptop0/system/uartClockDomainWrapper/uart_0/txm/prescaler_reg[9]
LOCK_NET=chiptop0/system/uartClockDomainWrapper/uart_0/txm/shifter
LOCK_NET=chiptop0/system/uartClockDomainWrapper/uart_0/txm/shifter[8]_i_1_n_0
LOCK_NET=chiptop0/system/uartClockDomainWrapper/uart_0/txm/shifter_reg_n_0_[0]
LOCK_NET=chiptop0/system/uartClockDomainWrapper/uart_0/txm/shifter_reg_n_0_[1]
LOCK_NET=chiptop0/system/uartClockDomainWrapper/uart_0/txm/shifter_reg_n_0_[2]
LOCK_NET=chiptop0/system/uartClockDomainWrapper/uart_0/txm/shifter_reg_n_0_[3]
LOCK_NET=chiptop0/system/uartClockDomainWrapper/uart_0/txm/shifter_reg_n_0_[4]
LOCK_NET=chiptop0/system/uartClockDomainWrapper/uart_0/txm/shifter_reg_n_0_[5]
LOCK_NET=chiptop0/system/uartClockDomainWrapper/uart_0/txm/shifter_reg_n_0_[6]
LOCK_NET=chiptop0/system/uartClockDomainWrapper/uart_0/txm/shifter_reg_n_0_[7]
LOCK_NET=chiptop0/system/uartClockDomainWrapper/uart_0/txm/shifter_reg_n_0_[8]
LOCK_NET=chiptop0/system/uartClockDomainWrapper/uart_0/txm/sync_0_reg_c_0_alias
LOCK_NET=chiptop0/system/uartClockDomainWrapper/uart_0/txm/uart_txd_OBUF
LOCK_NET=chiptop0/system/uartClockDomainWrapper/uart_0/txq/<const1>
LOCK_NET=chiptop0/system/uartClockDomainWrapper/uart_0/txq/E[0]
LOCK_NET=chiptop0/system/uartClockDomainWrapper/uart_0/txq/R0_data0[0]
LOCK_NET=chiptop0/system/uartClockDomainWrapper/uart_0/txq/R0_data0[1]
LOCK_NET=chiptop0/system/uartClockDomainWrapper/uart_0/txq/R0_data0[2]
LOCK_NET=chiptop0/system/uartClockDomainWrapper/uart_0/txq/R0_data0[3]
LOCK_NET=chiptop0/system/uartClockDomainWrapper/uart_0/txq/R0_data0[4]
LOCK_NET=chiptop0/system/uartClockDomainWrapper/uart_0/txq/R0_data0[5]
LOCK_NET=chiptop0/system/uartClockDomainWrapper/uart_0/txq/R0_data0[6]
LOCK_NET=chiptop0/system/uartClockDomainWrapper/uart_0/txq/R0_data0[7]
LOCK_NET=chiptop0/system/uartClockDomainWrapper/uart_0/txq/_GEN[1]_67[0]
LOCK_NET=chiptop0/system/uartClockDomainWrapper/uart_0/txq/_aggregator_auto_out_4_member_cbus_cbus_0_reset
LOCK_NET=chiptop0/system/uartClockDomainWrapper/uart_0/txq/clk_out1
LOCK_NET=chiptop0/system/uartClockDomainWrapper/uart_0/txq/deq_ptr_value[0]
LOCK_NET=chiptop0/system/uartClockDomainWrapper/uart_0/txq/deq_ptr_value[0]_i_1__1_n_0
LOCK_NET=chiptop0/system/uartClockDomainWrapper/uart_0/txq/deq_ptr_value[1]
LOCK_NET=chiptop0/system/uartClockDomainWrapper/uart_0/txq/deq_ptr_value[1]_i_1__0_n_0
LOCK_NET=chiptop0/system/uartClockDomainWrapper/uart_0/txq/deq_ptr_value[2]
LOCK_NET=chiptop0/system/uartClockDomainWrapper/uart_0/txq/deq_ptr_value[2]_i_2_n_0
LOCK_NET=chiptop0/system/uartClockDomainWrapper/uart_0/txq/deq_ptr_value[2]_i_3__0_n_0
LOCK_NET=chiptop0/system/uartClockDomainWrapper/uart_0/txq/do_enq
LOCK_NET=chiptop0/system/uartClockDomainWrapper/uart_0/txq/enq_ptr_value[0]
LOCK_NET=chiptop0/system/uartClockDomainWrapper/uart_0/txq/enq_ptr_value[0]_i_1__1_n_0
LOCK_NET=chiptop0/system/uartClockDomainWrapper/uart_0/txq/enq_ptr_value[1]
LOCK_NET=chiptop0/system/uartClockDomainWrapper/uart_0/txq/enq_ptr_value[1]_i_1__0_n_0
LOCK_NET=chiptop0/system/uartClockDomainWrapper/uart_0/txq/enq_ptr_value[2]
LOCK_NET=chiptop0/system/uartClockDomainWrapper/uart_0/txq/enq_ptr_value[2]_i_2_n_0
LOCK_NET=chiptop0/system/uartClockDomainWrapper/uart_0/txq/enq_ptr_value[2]_i_6_n_0
LOCK_NET=chiptop0/system/uartClockDomainWrapper/uart_0/txq/maybe_full
LOCK_NET=chiptop0/system/uartClockDomainWrapper/uart_0/txq/maybe_full_i_1__23_n_0
LOCK_NET=chiptop0/system/uartClockDomainWrapper/uart_0/txq/maybe_full_reg_0
LOCK_NET=chiptop0/system/uartClockDomainWrapper/uart_0/txq/maybe_full_reg_1[0]
LOCK_NET=chiptop0/system/uartClockDomainWrapper/uart_0/txq/maybe_full_reg_2
LOCK_NET=chiptop0/system/uartClockDomainWrapper/uart_0/txq/maybe_full_reg_3
LOCK_NET=chiptop0/system/uartClockDomainWrapper/uart_0/txq/reg_0_i_6_n_0
LOCK_NET=chiptop0/system/uartClockDomainWrapper/uart_0/txq/reg_0_i_7_n_0
LOCK_NET=chiptop0/system/uartClockDomainWrapper/uart_0/txq/reg_0_reg[0]
LOCK_NET=chiptop0/system/uartClockDomainWrapper/uart_0/txq/reg_0_reg[1]
LOCK_NET=chiptop0/system/uartClockDomainWrapper/uart_0/txq/reg_0_reg[2]
LOCK_NET=chiptop0/system/uartClockDomainWrapper/uart_0/txq/reg_0_reg[3]
LOCK_NET=chiptop0/system/uartClockDomainWrapper/uart_0/txq/shifter_reg[2][0]
LOCK_NET=chiptop0/system/uartClockDomainWrapper/uart_0/txq/shifter_reg[2][1]
LOCK_NET=chiptop0/system/uartClockDomainWrapper/uart_0/txq/shifter_reg[2][2]
LOCK_NET=chiptop0/system/uartClockDomainWrapper/uart_0/txq/shifter_reg[2][3]
LOCK_NET=chiptop0/system/uartClockDomainWrapper/uart_0/txq/shifter_reg[2][4]
LOCK_NET=chiptop0/system/uartClockDomainWrapper/uart_0/txq/shifter_reg[2][5]
LOCK_NET=chiptop0/system/uartClockDomainWrapper/uart_0/txq/shifter_reg[2][6]
LOCK_NET=chiptop0/system/uartClockDomainWrapper/uart_0/txq/shifter_reg[2][7]
LOCK_NET=chiptop0/system/uartClockDomainWrapper/uart_0/txq/sync_0_reg_c_0_alias
LOCK_NET=chiptop0/system/uartClockDomainWrapper/uart_0/txq/txwm_reg[3]
LOCK_NET=chiptop0/system/uartClockDomainWrapper/uart_0/txq/ram_ext/<const0>
LOCK_NET=chiptop0/system/uartClockDomainWrapper/uart_0/txq/ram_ext/Q[0]
LOCK_NET=chiptop0/system/uartClockDomainWrapper/uart_0/txq/ram_ext/Q[1]
LOCK_NET=chiptop0/system/uartClockDomainWrapper/uart_0/txq/ram_ext/Q[2]
LOCK_NET=chiptop0/system/uartClockDomainWrapper/uart_0/txq/ram_ext/R0_data0[0]
LOCK_NET=chiptop0/system/uartClockDomainWrapper/uart_0/txq/ram_ext/R0_data0[1]
LOCK_NET=chiptop0/system/uartClockDomainWrapper/uart_0/txq/ram_ext/R0_data0[2]
LOCK_NET=chiptop0/system/uartClockDomainWrapper/uart_0/txq/ram_ext/R0_data0[3]
LOCK_NET=chiptop0/system/uartClockDomainWrapper/uart_0/txq/ram_ext/R0_data0[4]
LOCK_NET=chiptop0/system/uartClockDomainWrapper/uart_0/txq/ram_ext/R0_data0[5]
LOCK_NET=chiptop0/system/uartClockDomainWrapper/uart_0/txq/ram_ext/R0_data0[6]
LOCK_NET=chiptop0/system/uartClockDomainWrapper/uart_0/txq/ram_ext/R0_data0[7]
LOCK_NET=chiptop0/system/uartClockDomainWrapper/uart_0/txq/ram_ext/clk_out1
LOCK_NET=chiptop0/system/uartClockDomainWrapper/uart_0/txq/ram_ext/do_enq
LOCK_NET=chiptop0/system/uartClockDomainWrapper/uart_0/txq/ram_ext/shifter_reg[2][0]
LOCK_NET=chiptop0/system/uartClockDomainWrapper/uart_0/txq/ram_ext/shifter_reg[2][1]
LOCK_NET=chiptop0/system/uartClockDomainWrapper/uart_0/txq/ram_ext/shifter_reg[2][2]
LOCK_NET=chiptop0/system/uartClockDomainWrapper/uart_0/txq/ram_ext/shifter_reg[2][3]
LOCK_NET=chiptop0/system/uartClockDomainWrapper/uart_0/txq/ram_ext/shifter_reg[2][4]
LOCK_NET=chiptop0/system/uartClockDomainWrapper/uart_0/txq/ram_ext/shifter_reg[2][5]
LOCK_NET=chiptop0/system/uartClockDomainWrapper/uart_0/txq/ram_ext/shifter_reg[2][6]
LOCK_NET=chiptop0/system/uartClockDomainWrapper/uart_0/txq/ram_ext/shifter_reg[2][7]
LOCK_NET=chiptop0/system/uartClockDomainWrapper/uart_0/txq/ram_ext/shifter_reg[2]_0[0]
LOCK_NET=chiptop0/system/uartClockDomainWrapper/uart_0/txq/ram_ext/shifter_reg[2]_0[1]
LOCK_NET=chiptop0/system/uartClockDomainWrapper/uart_0/txq/ram_ext/shifter_reg[2]_0[2]
LOCK_NET=chiptop0/system/uartClockDomainWrapper/uart_0/txq/ram_ext/Memory_reg_0_7_0_7/ADDRA0
LOCK_NET=chiptop0/system/uartClockDomainWrapper/uart_0/txq/ram_ext/Memory_reg_0_7_0_7/ADDRA1
LOCK_NET=chiptop0/system/uartClockDomainWrapper/uart_0/txq/ram_ext/Memory_reg_0_7_0_7/ADDRA2
LOCK_NET=chiptop0/system/uartClockDomainWrapper/uart_0/txq/ram_ext/Memory_reg_0_7_0_7/ADDRA3
LOCK_NET=chiptop0/system/uartClockDomainWrapper/uart_0/txq/ram_ext/Memory_reg_0_7_0_7/ADDRA4
LOCK_NET=chiptop0/system/uartClockDomainWrapper/uart_0/txq/ram_ext/Memory_reg_0_7_0_7/ADDRB0
LOCK_NET=chiptop0/system/uartClockDomainWrapper/uart_0/txq/ram_ext/Memory_reg_0_7_0_7/ADDRB1
LOCK_NET=chiptop0/system/uartClockDomainWrapper/uart_0/txq/ram_ext/Memory_reg_0_7_0_7/ADDRB2
LOCK_NET=chiptop0/system/uartClockDomainWrapper/uart_0/txq/ram_ext/Memory_reg_0_7_0_7/ADDRB3
LOCK_NET=chiptop0/system/uartClockDomainWrapper/uart_0/txq/ram_ext/Memory_reg_0_7_0_7/ADDRB4
LOCK_NET=chiptop0/system/uartClockDomainWrapper/uart_0/txq/ram_ext/Memory_reg_0_7_0_7/ADDRC0
LOCK_NET=chiptop0/system/uartClockDomainWrapper/uart_0/txq/ram_ext/Memory_reg_0_7_0_7/ADDRC1
LOCK_NET=chiptop0/system/uartClockDomainWrapper/uart_0/txq/ram_ext/Memory_reg_0_7_0_7/ADDRC2
LOCK_NET=chiptop0/system/uartClockDomainWrapper/uart_0/txq/ram_ext/Memory_reg_0_7_0_7/ADDRC3
LOCK_NET=chiptop0/system/uartClockDomainWrapper/uart_0/txq/ram_ext/Memory_reg_0_7_0_7/ADDRC4
LOCK_NET=chiptop0/system/uartClockDomainWrapper/uart_0/txq/ram_ext/Memory_reg_0_7_0_7/ADDRD0
LOCK_NET=chiptop0/system/uartClockDomainWrapper/uart_0/txq/ram_ext/Memory_reg_0_7_0_7/ADDRD1
LOCK_NET=chiptop0/system/uartClockDomainWrapper/uart_0/txq/ram_ext/Memory_reg_0_7_0_7/ADDRD2
LOCK_NET=chiptop0/system/uartClockDomainWrapper/uart_0/txq/ram_ext/Memory_reg_0_7_0_7/ADDRD3
LOCK_NET=chiptop0/system/uartClockDomainWrapper/uart_0/txq/ram_ext/Memory_reg_0_7_0_7/ADDRD4
LOCK_NET=chiptop0/system/uartClockDomainWrapper/uart_0/txq/ram_ext/Memory_reg_0_7_0_7/ADDRE0
LOCK_NET=chiptop0/system/uartClockDomainWrapper/uart_0/txq/ram_ext/Memory_reg_0_7_0_7/ADDRE1
LOCK_NET=chiptop0/system/uartClockDomainWrapper/uart_0/txq/ram_ext/Memory_reg_0_7_0_7/ADDRE2
LOCK_NET=chiptop0/system/uartClockDomainWrapper/uart_0/txq/ram_ext/Memory_reg_0_7_0_7/ADDRE3
LOCK_NET=chiptop0/system/uartClockDomainWrapper/uart_0/txq/ram_ext/Memory_reg_0_7_0_7/ADDRE4
LOCK_NET=chiptop0/system/uartClockDomainWrapper/uart_0/txq/ram_ext/Memory_reg_0_7_0_7/ADDRF0
LOCK_NET=chiptop0/system/uartClockDomainWrapper/uart_0/txq/ram_ext/Memory_reg_0_7_0_7/ADDRF1
LOCK_NET=chiptop0/system/uartClockDomainWrapper/uart_0/txq/ram_ext/Memory_reg_0_7_0_7/ADDRF2
LOCK_NET=chiptop0/system/uartClockDomainWrapper/uart_0/txq/ram_ext/Memory_reg_0_7_0_7/ADDRF3
LOCK_NET=chiptop0/system/uartClockDomainWrapper/uart_0/txq/ram_ext/Memory_reg_0_7_0_7/ADDRF4
LOCK_NET=chiptop0/system/uartClockDomainWrapper/uart_0/txq/ram_ext/Memory_reg_0_7_0_7/ADDRG0
LOCK_NET=chiptop0/system/uartClockDomainWrapper/uart_0/txq/ram_ext/Memory_reg_0_7_0_7/ADDRG1
LOCK_NET=chiptop0/system/uartClockDomainWrapper/uart_0/txq/ram_ext/Memory_reg_0_7_0_7/ADDRG2
LOCK_NET=chiptop0/system/uartClockDomainWrapper/uart_0/txq/ram_ext/Memory_reg_0_7_0_7/ADDRG3
LOCK_NET=chiptop0/system/uartClockDomainWrapper/uart_0/txq/ram_ext/Memory_reg_0_7_0_7/ADDRG4
LOCK_NET=chiptop0/system/uartClockDomainWrapper/uart_0/txq/ram_ext/Memory_reg_0_7_0_7/ADDRH0
LOCK_NET=chiptop0/system/uartClockDomainWrapper/uart_0/txq/ram_ext/Memory_reg_0_7_0_7/ADDRH1
LOCK_NET=chiptop0/system/uartClockDomainWrapper/uart_0/txq/ram_ext/Memory_reg_0_7_0_7/ADDRH2
LOCK_NET=chiptop0/system/uartClockDomainWrapper/uart_0/txq/ram_ext/Memory_reg_0_7_0_7/ADDRH3
LOCK_NET=chiptop0/system/uartClockDomainWrapper/uart_0/txq/ram_ext/Memory_reg_0_7_0_7/ADDRH4
LOCK_NET=chiptop0/system/uartClockDomainWrapper/uart_0/txq/ram_ext/Memory_reg_0_7_0_7/DIA0
LOCK_NET=chiptop0/system/uartClockDomainWrapper/uart_0/txq/ram_ext/Memory_reg_0_7_0_7/DIA1
LOCK_NET=chiptop0/system/uartClockDomainWrapper/uart_0/txq/ram_ext/Memory_reg_0_7_0_7/DIB0
LOCK_NET=chiptop0/system/uartClockDomainWrapper/uart_0/txq/ram_ext/Memory_reg_0_7_0_7/DIB1
LOCK_NET=chiptop0/system/uartClockDomainWrapper/uart_0/txq/ram_ext/Memory_reg_0_7_0_7/DIC0
LOCK_NET=chiptop0/system/uartClockDomainWrapper/uart_0/txq/ram_ext/Memory_reg_0_7_0_7/DIC1
LOCK_NET=chiptop0/system/uartClockDomainWrapper/uart_0/txq/ram_ext/Memory_reg_0_7_0_7/DID0
LOCK_NET=chiptop0/system/uartClockDomainWrapper/uart_0/txq/ram_ext/Memory_reg_0_7_0_7/DID1
LOCK_NET=chiptop0/system/uartClockDomainWrapper/uart_0/txq/ram_ext/Memory_reg_0_7_0_7/DIE0
LOCK_NET=chiptop0/system/uartClockDomainWrapper/uart_0/txq/ram_ext/Memory_reg_0_7_0_7/DIE1
LOCK_NET=chiptop0/system/uartClockDomainWrapper/uart_0/txq/ram_ext/Memory_reg_0_7_0_7/DIF0
LOCK_NET=chiptop0/system/uartClockDomainWrapper/uart_0/txq/ram_ext/Memory_reg_0_7_0_7/DIF1
LOCK_NET=chiptop0/system/uartClockDomainWrapper/uart_0/txq/ram_ext/Memory_reg_0_7_0_7/DIG0
LOCK_NET=chiptop0/system/uartClockDomainWrapper/uart_0/txq/ram_ext/Memory_reg_0_7_0_7/DIG1
LOCK_NET=chiptop0/system/uartClockDomainWrapper/uart_0/txq/ram_ext/Memory_reg_0_7_0_7/DIH0
LOCK_NET=chiptop0/system/uartClockDomainWrapper/uart_0/txq/ram_ext/Memory_reg_0_7_0_7/DIH1
LOCK_NET=chiptop0/system/uartClockDomainWrapper/uart_0/txq/ram_ext/Memory_reg_0_7_0_7/DOA0
LOCK_NET=chiptop0/system/uartClockDomainWrapper/uart_0/txq/ram_ext/Memory_reg_0_7_0_7/DOA1
LOCK_NET=chiptop0/system/uartClockDomainWrapper/uart_0/txq/ram_ext/Memory_reg_0_7_0_7/DOB0
LOCK_NET=chiptop0/system/uartClockDomainWrapper/uart_0/txq/ram_ext/Memory_reg_0_7_0_7/DOB1
LOCK_NET=chiptop0/system/uartClockDomainWrapper/uart_0/txq/ram_ext/Memory_reg_0_7_0_7/DOC0
LOCK_NET=chiptop0/system/uartClockDomainWrapper/uart_0/txq/ram_ext/Memory_reg_0_7_0_7/DOC1
LOCK_NET=chiptop0/system/uartClockDomainWrapper/uart_0/txq/ram_ext/Memory_reg_0_7_0_7/DOD0
LOCK_NET=chiptop0/system/uartClockDomainWrapper/uart_0/txq/ram_ext/Memory_reg_0_7_0_7/DOD1
LOCK_NET=chiptop0/system/uartClockDomainWrapper/uart_0/txq/ram_ext/Memory_reg_0_7_0_7/DOE0
LOCK_NET=chiptop0/system/uartClockDomainWrapper/uart_0/txq/ram_ext/Memory_reg_0_7_0_7/DOE1
LOCK_NET=chiptop0/system/uartClockDomainWrapper/uart_0/txq/ram_ext/Memory_reg_0_7_0_7/DOF0
LOCK_NET=chiptop0/system/uartClockDomainWrapper/uart_0/txq/ram_ext/Memory_reg_0_7_0_7/DOF1
LOCK_NET=chiptop0/system/uartClockDomainWrapper/uart_0/txq/ram_ext/Memory_reg_0_7_0_7/DOG0
LOCK_NET=chiptop0/system/uartClockDomainWrapper/uart_0/txq/ram_ext/Memory_reg_0_7_0_7/DOG1
LOCK_NET=chiptop0/system/uartClockDomainWrapper/uart_0/txq/ram_ext/Memory_reg_0_7_0_7/DOH0
LOCK_NET=chiptop0/system/uartClockDomainWrapper/uart_0/txq/ram_ext/Memory_reg_0_7_0_7/DOH1
LOCK_NET=chiptop0/system/uartClockDomainWrapper/uart_0/txq/ram_ext/Memory_reg_0_7_0_7/WCLK
LOCK_NET=chiptop0/system/uartClockDomainWrapper/uart_0/txq/ram_ext/Memory_reg_0_7_0_7/WE
LOCK_NET=dutWrangler/locked
LOCK_NET=dutWrangler/debounced_debounce/locked
LOCK_NET=fpga_power_on/clock
LOCK_NET=harnessSysPLL/locked
LOCK_NET=harnessSysPLL/inst/locked
LOCK_NET=ps/axi4asource/locked_reg
LOCK_NET=ps/axi4asource/nodeIn_b_sink/locked_reg
LOCK_NET=ps/axi4asource/nodeIn_b_sink/source_valid/locked_reg
LOCK_NET=ps/axi4asource/nodeIn_b_sink/source_valid/io_out_sink_valid_0/locked_reg
LOCK_NET=ps/axi4asource/nodeIn_b_sink/source_valid/io_out_sink_valid_0/output_chain/locked_reg
LOCK_NET=ps/buffer/locked_reg
LOCK_NET=ps/buffer/locked_reg_0[0]
LOCK_NET=ps/buffer/nodeIn_d_q/locked_reg
LOCK_NET=ps/buffer/nodeIn_d_q/locked_reg_0[0]
LOCK_NET=ps/deint/locked_reg_0
LOCK_NET=ps/deint/locked_reg_1
LOCK_NET=ps/deint/locked_reg_2
LOCK_NET=ps/deint/qs_queue_11/locked_reg
LOCK_NET=ps/deint/qs_queue_11/locked_reg_0
LOCK_NET=ps/deint/qs_queue_11/locked_reg_1
LOCK_NET=ps/deint/qs_queue_11/locked_reg_2
LOCK_NET=ps/deint/qs_queue_11/ram_ext/locked_i_2_n_0
LOCK_NET=ps/deint/qs_queue_11/ram_ext/locked_i_3_n_0
LOCK_NET=ps/deint/qs_queue_11/ram_ext/locked_i_4_n_0
LOCK_NET=ps/deint/qs_queue_11/ram_ext/locked_i_5_n_0
LOCK_NET=ps/deint/qs_queue_11/ram_ext/locked_i_8_n_0
LOCK_NET=ps/deint/qs_queue_11/ram_ext/locked_reg
LOCK_NET=ps/deint/qs_queue_11/ram_ext/locked_reg_0
LOCK_NET=ps/deint/qs_queue_11/ram_ext/locked_reg_1
LOCK_NET=ps/deint/qs_queue_11/ram_ext/locked_reg_2
LOCK_NET=ps/toaxi4/locked_reg[0]
LOCK_NET=sys_clock_ibufds/I
LOCK_NET=sys_clock_ibufds/IB
LOCK_NET=sys_clock_ibufds/O
LOCK_NET=sys_clock_ibufds/OUT
# exit
INFO: [Common 17-206] Exiting Vivado at Tue Mar 17 13:42:49 2026...
