
/root/chipyard/fpga/src/main/resources/zcu104/sdboot-noddr//build/sdboot.elf:     file format elf64-littleriscv


Disassembly of section .text:

0000000000010000 <_prog_start>:
  .section .text.init
  .option norvc
  .globl _prog_start
  .extern _sp
_prog_start:
  la sp, _sp
   10000:	08000117          	auipc	sp,0x8000
   10004:	00010113          	mv	sp,sp
  call main
   10008:	054000ef          	jal	1005c <main>
1:
  j 1b
   1000c:	0000006f          	j	1000c <_prog_start+0xc>

0000000000010010 <uart_puts>:
  REG32(uart0, UART_REG_TXFIFO) = (uint32_t)(uint8_t)c;
}

static void uart_puts(const char *s)
{
  while (*s != '\0') {
   10010:	00054783          	lbu	a5,0(a0)
   10014:	02078a63          	beqz	a5,10048 <uart_puts+0x38>
    if (*s == '\n') {
   10018:	00a00613          	li	a2,10
  while ((int32_t)REG32(uart0, UART_REG_TXFIFO) < 0) {
   1001c:	64000737          	lui	a4,0x64000
  REG32(uart0, UART_REG_TXFIFO) = (uint32_t)(uint8_t)c;
   10020:	00d00593          	li	a1,13
    if (*s == '\n') {
   10024:	02c78463          	beq	a5,a2,1004c <uart_puts+0x3c>
      uart_putc('\r');
    }
    uart_putc(*s++);
   10028:	00054683          	lbu	a3,0(a0)
   1002c:	00150513          	addi	a0,a0,1
  while ((int32_t)REG32(uart0, UART_REG_TXFIFO) < 0) {
   10030:	00072783          	lw	a5,0(a4) # 64000000 <_sp+0x5bff0000>
   10034:	fe07cee3          	bltz	a5,10030 <uart_puts+0x20>
  REG32(uart0, UART_REG_TXFIFO) = (uint32_t)(uint8_t)c;
   10038:	0006879b          	sext.w	a5,a3
   1003c:	00f72023          	sw	a5,0(a4)
  while (*s != '\0') {
   10040:	00054783          	lbu	a5,0(a0)
   10044:	fe0790e3          	bnez	a5,10024 <uart_puts+0x14>
  }
}
   10048:	00008067          	ret
  while ((int32_t)REG32(uart0, UART_REG_TXFIFO) < 0) {
   1004c:	00072783          	lw	a5,0(a4)
   10050:	fe07cee3          	bltz	a5,1004c <uart_puts+0x3c>
  REG32(uart0, UART_REG_TXFIFO) = (uint32_t)(uint8_t)c;
   10054:	00b72023          	sw	a1,0(a4)
}
   10058:	fd1ff06f          	j	10028 <uart_puts+0x18>

000000000001005c <main>:
    __asm__ __volatile__("nop");
  }
}

int main(void)
{
   1005c:	fc010113          	addi	sp,sp,-64 # 800ffc0 <_ebss+0xffb8>
   10060:	02113c23          	sd	ra,56(sp)
   10064:	02813823          	sd	s0,48(sp)
   10068:	02913423          	sd	s1,40(sp)
   1006c:	03213023          	sd	s2,32(sp)
  REG32(uart0, UART_REG_DIV) = UART_DIV;
   10070:	640007b7          	lui	a5,0x64000
   10074:	1b200693          	li	a3,434
   10078:	00d7ac23          	sw	a3,24(a5) # 64000018 <_sp+0x5bff0018>
  REG32(uart0, UART_REG_RXCTRL) = 0;
   1007c:	0007a623          	sw	zero,12(a5)
  REG32(uart0, UART_REG_TXCTRL) = UART_TXEN;
   10080:	00100493          	li	s1,1
   10084:	0097a423          	sw	s1,8(a5)
  REG32(gpio0, GPIO_INPUT_EN) = 0;
   10088:	64002737          	lui	a4,0x64002
  led_state = 0;
   1008c:	07ff0797          	auipc	a5,0x7ff0
   10090:	f607aa23          	sw	zero,-140(a5) # 8000000 <led_state>
  REG32(gpio0, GPIO_INPUT_EN) = 0;
   10094:	00072223          	sw	zero,4(a4) # 64002004 <_sp+0x5bff2004>
  REG32(gpio0, GPIO_PULLUP_EN) = 0;
   10098:	00072823          	sw	zero,16(a4)
  REG32(gpio0, GPIO_IOF_EN) = 0;
   1009c:	02072c23          	sw	zero,56(a4)
  REG32(gpio0, GPIO_OUTPUT_XOR) = 0;
   100a0:	04072023          	sw	zero,64(a4)
  REG32(gpio0, GPIO_OUTPUT_EN) = DS38_LED_MASK;
   100a4:	640027b7          	lui	a5,0x64002
  REG32(gpio0, GPIO_OUTPUT_VAL) = led_state;
   100a8:	00072623          	sw	zero,12(a4)
  REG32(gpio0, GPIO_OUTPUT_EN) = DS38_LED_MASK;
   100ac:	0097a423          	sw	s1,8(a5) # 64002008 <_sp+0x5bff2008>
  uint64_t count = 0;

  uart_init();
  gpio_init();
  uart_puts("zcu104 rocket noddr bit ok\n");
   100b0:	00000517          	auipc	a0,0x0
   100b4:	48850513          	addi	a0,a0,1160 # 10538 <kprintf+0x234>
  REG32(gpio0, GPIO_OUTPUT_VAL) = led_state;
   100b8:	00c70413          	addi	s0,a4,12
  uart_puts("zcu104 rocket noddr bit ok\n");
   100bc:	f55ff0ef          	jal	10010 <uart_puts>
  uart_puts("j9 tx / k9 rx uart active\n");
   100c0:	00000517          	auipc	a0,0x0
   100c4:	49850513          	addi	a0,a0,1176 # 10558 <kprintf+0x254>
   100c8:	f49ff0ef          	jal	10010 <uart_puts>
  uart_puts("ds38 blink armed\n");
   100cc:	00000517          	auipc	a0,0x0
   100d0:	4ac50513          	addi	a0,a0,1196 # 10578 <kprintf+0x274>
   100d4:	f3dff0ef          	jal	10010 <uart_puts>
    buffer[i++] = '0' + (value % 10);
   100d8:	ccccd7b7          	lui	a5,0xccccd
   100dc:	ccd78793          	addi	a5,a5,-819 # ffffffffcccccccd <_sp+0xffffffffc4cbcccd>
   100e0:	02079893          	slli	a7,a5,0x20
   100e4:	00810e13          	addi	t3,sp,8
   100e8:	00f888b3          	add	a7,a7,a5
   100ec:	41c48ebb          	subw	t4,s1,t3
   100f0:	00710f13          	addi	t5,sp,7
  uart_puts("ds38 blink armed\n");
   100f4:	00000813          	li	a6,0
   100f8:	07ff0517          	auipc	a0,0x7ff0
   100fc:	f0850513          	addi	a0,a0,-248 # 8000000 <led_state>
  while ((int32_t)REG32(uart0, UART_REG_TXFIFO) < 0) {
   10100:	640007b7          	lui	a5,0x64000
    if (*s == '\n') {
   10104:	00a00613          	li	a2,10
  REG32(uart0, UART_REG_TXFIFO) = (uint32_t)(uint8_t)c;
   10108:	00d00593          	li	a1,13
  while (value != 0) {
   1010c:	00900313          	li	t1,9
  REG32(uart0, UART_REG_TXFIFO) = (uint32_t)(uint8_t)c;
   10110:	03000f93          	li	t6,48
  uart_puts("ds38 blink armed\n");
   10114:	00000697          	auipc	a3,0x0
   10118:	3e468693          	addi	a3,a3,996 # 104f8 <kprintf+0x1f4>
    uart_putc(*s++);
   1011c:	0006c283          	lbu	t0,0(a3)
   10120:	00168693          	addi	a3,a3,1
  while ((int32_t)REG32(uart0, UART_REG_TXFIFO) < 0) {
   10124:	0007a703          	lw	a4,0(a5) # 64000000 <_sp+0x5bff0000>
   10128:	fe074ee3          	bltz	a4,10124 <main+0xc8>
  REG32(uart0, UART_REG_TXFIFO) = (uint32_t)(uint8_t)c;
   1012c:	0002871b          	sext.w	a4,t0
   10130:	00e7a023          	sw	a4,0(a5)
  while (*s != '\0') {
   10134:	0006c703          	lbu	a4,0(a3)
   10138:	00070c63          	beqz	a4,10150 <main+0xf4>
    if (*s == '\n') {
   1013c:	fec710e3          	bne	a4,a2,1011c <main+0xc0>
  while ((int32_t)REG32(uart0, UART_REG_TXFIFO) < 0) {
   10140:	0007a703          	lw	a4,0(a5)
   10144:	fe074ee3          	bltz	a4,10140 <main+0xe4>
  REG32(uart0, UART_REG_TXFIFO) = (uint32_t)(uint8_t)c;
   10148:	00b7a023          	sw	a1,0(a5)
}
   1014c:	fd1ff06f          	j	1011c <main+0xc0>
  if (value == 0) {
   10150:	000e0493          	mv	s1,t3
   10154:	00080713          	mv	a4,a6
   10158:	0a080663          	beqz	a6,10204 <main+0x1a8>
    buffer[i++] = '0' + (value % 10);
   1015c:	031736b3          	mulhu	a3,a4,a7
   10160:	00070913          	mv	s2,a4
   10164:	00048393          	mv	t2,s1
  while (value != 0) {
   10168:	00148493          	addi	s1,s1,1
    buffer[i++] = '0' + (value % 10);
   1016c:	0036d693          	srli	a3,a3,0x3
   10170:	00269293          	slli	t0,a3,0x2
   10174:	00d282b3          	add	t0,t0,a3
   10178:	00129293          	slli	t0,t0,0x1
   1017c:	40570733          	sub	a4,a4,t0
   10180:	0307071b          	addiw	a4,a4,48
   10184:	fee48fa3          	sb	a4,-1(s1)
    value /= 10;
   10188:	00068713          	mv	a4,a3
  while (value != 0) {
   1018c:	fd2368e3          	bltu	t1,s2,1015c <main+0x100>
   10190:	007e86bb          	addw	a3,t4,t2
   10194:	fff6871b          	addiw	a4,a3,-1
   10198:	02071713          	slli	a4,a4,0x20
   1019c:	00df03b3          	add	t2,t5,a3
   101a0:	02075713          	srli	a4,a4,0x20
   101a4:	00de06b3          	add	a3,t3,a3
   101a8:	40e383b3          	sub	t2,t2,a4
    uart_putc(buffer[--i]);
   101ac:	fff6c283          	lbu	t0,-1(a3)
  while ((int32_t)REG32(uart0, UART_REG_TXFIFO) < 0) {
   101b0:	0007a703          	lw	a4,0(a5)
   101b4:	fe074ee3          	bltz	a4,101b0 <main+0x154>
  REG32(uart0, UART_REG_TXFIFO) = (uint32_t)(uint8_t)c;
   101b8:	0002871b          	sext.w	a4,t0
   101bc:	00e7a023          	sw	a4,0(a5)
  while (i > 0) {
   101c0:	fff68693          	addi	a3,a3,-1
   101c4:	fe7694e3          	bne	a3,t2,101ac <main+0x150>
    return;
   101c8:	00000697          	auipc	a3,0x0
   101cc:	35868693          	addi	a3,a3,856 # 10520 <kprintf+0x21c>
    uart_putc(*s++);
   101d0:	0006c283          	lbu	t0,0(a3)
   101d4:	00168693          	addi	a3,a3,1
  while ((int32_t)REG32(uart0, UART_REG_TXFIFO) < 0) {
   101d8:	0007a703          	lw	a4,0(a5)
   101dc:	fe074ee3          	bltz	a4,101d8 <main+0x17c>
  REG32(uart0, UART_REG_TXFIFO) = (uint32_t)(uint8_t)c;
   101e0:	0002871b          	sext.w	a4,t0
   101e4:	00e7a023          	sw	a4,0(a5)
  while (*s != '\0') {
   101e8:	0006c703          	lbu	a4,0(a3)
   101ec:	02070463          	beqz	a4,10214 <main+0x1b8>
    if (*s == '\n') {
   101f0:	fec710e3          	bne	a4,a2,101d0 <main+0x174>
  while ((int32_t)REG32(uart0, UART_REG_TXFIFO) < 0) {
   101f4:	0007a703          	lw	a4,0(a5)
   101f8:	fe074ee3          	bltz	a4,101f4 <main+0x198>
  REG32(uart0, UART_REG_TXFIFO) = (uint32_t)(uint8_t)c;
   101fc:	00b7a023          	sw	a1,0(a5)
}
   10200:	fd1ff06f          	j	101d0 <main+0x174>
  while ((int32_t)REG32(uart0, UART_REG_TXFIFO) < 0) {
   10204:	0007a703          	lw	a4,0(a5)
   10208:	fe074ee3          	bltz	a4,10204 <main+0x1a8>
  REG32(uart0, UART_REG_TXFIFO) = (uint32_t)(uint8_t)c;
   1020c:	01f7a023          	sw	t6,0(a5)
    return;
   10210:	fb9ff06f          	j	101c8 <main+0x16c>

  while (1) {
    uart_puts("helloworld rocket_noddr heartbeat=");
    print_dec(count++);
    uart_puts(" ds38=");
    uart_puts((led_state & DS38_LED_MASK) ? "on" : "off");
   10214:	07ff0717          	auipc	a4,0x7ff0
   10218:	dec72703          	lw	a4,-532(a4) # 8000000 <led_state>
   1021c:	00000697          	auipc	a3,0x0
   10220:	31468693          	addi	a3,a3,788 # 10530 <kprintf+0x22c>
   10224:	00177713          	andi	a4,a4,1
   10228:	00070663          	beqz	a4,10234 <main+0x1d8>
   1022c:	00000697          	auipc	a3,0x0
   10230:	2fc68693          	addi	a3,a3,764 # 10528 <kprintf+0x224>
    uart_putc(*s++);
   10234:	0006c283          	lbu	t0,0(a3)
   10238:	00168693          	addi	a3,a3,1
  while ((int32_t)REG32(uart0, UART_REG_TXFIFO) < 0) {
   1023c:	0007a703          	lw	a4,0(a5)
   10240:	fe074ee3          	bltz	a4,1023c <main+0x1e0>
  REG32(uart0, UART_REG_TXFIFO) = (uint32_t)(uint8_t)c;
   10244:	0002871b          	sext.w	a4,t0
   10248:	00e7a023          	sw	a4,0(a5)
  while (*s != '\0') {
   1024c:	0006c703          	lbu	a4,0(a3)
   10250:	00070c63          	beqz	a4,10268 <main+0x20c>
    if (*s == '\n') {
   10254:	fec710e3          	bne	a4,a2,10234 <main+0x1d8>
  while ((int32_t)REG32(uart0, UART_REG_TXFIFO) < 0) {
   10258:	0007a703          	lw	a4,0(a5)
   1025c:	fe074ee3          	bltz	a4,10258 <main+0x1fc>
  REG32(uart0, UART_REG_TXFIFO) = (uint32_t)(uint8_t)c;
   10260:	00b7a023          	sw	a1,0(a5)
}
   10264:	fd1ff06f          	j	10234 <main+0x1d8>
  while ((int32_t)REG32(uart0, UART_REG_TXFIFO) < 0) {
   10268:	0007a703          	lw	a4,0(a5)
   1026c:	fe074ee3          	bltz	a4,10268 <main+0x20c>
  REG32(uart0, UART_REG_TXFIFO) = (uint32_t)(uint8_t)c;
   10270:	00b7a023          	sw	a1,0(a5)
  while ((int32_t)REG32(uart0, UART_REG_TXFIFO) < 0) {
   10274:	0007a703          	lw	a4,0(a5)
   10278:	fe074ee3          	bltz	a4,10274 <main+0x218>
  REG32(uart0, UART_REG_TXFIFO) = (uint32_t)(uint8_t)c;
   1027c:	00c7a023          	sw	a2,0(a5)
  led_state ^= DS38_LED_MASK;
   10280:	07ff0697          	auipc	a3,0x7ff0
   10284:	d806a683          	lw	a3,-640(a3) # 8000000 <led_state>
  while (cycles-- > 0) {
   10288:	00bec737          	lui	a4,0xbec
   1028c:	c1f70713          	addi	a4,a4,-993 # bebc1f <dtb+0xbdb637>
  led_state ^= DS38_LED_MASK;
   10290:	0016c693          	xori	a3,a3,1
   10294:	00d52023          	sw	a3,0(a0)
  REG32(gpio0, GPIO_OUTPUT_VAL) = led_state;
   10298:	00d42023          	sw	a3,0(s0)
    __asm__ __volatile__("nop");
   1029c:	00000013          	nop
  while (cycles-- > 0) {
   102a0:	00070693          	mv	a3,a4
   102a4:	fff70713          	addi	a4,a4,-1
   102a8:	fe069ae3          	bnez	a3,1029c <main+0x240>
   102ac:	00180813          	addi	a6,a6,1
   102b0:	e65ff06f          	j	10114 <main+0xb8>

00000000000102b4 <kputs>:
#include "kprintf.h"

static inline void _kputs(const char *s)
{
	char c;
	for (; (c = *s) != '\0'; s++)
   102b4:	00054703          	lbu	a4,0(a0)
   102b8:	02070063          	beqz	a4,102d8 <kputs+0x24>
{
	volatile uint32_t *tx = &REG32(uart, UART_REG_TXFIFO);
#ifdef __riscv_atomic
	int32_t r;
	do {
		__asm__ __volatile__ (
   102bc:	640007b7          	lui	a5,0x64000
   102c0:	40e7a6af          	amoor.w	a3,a4,(a5)
			"amoor.w %0, %2, %1\n"
			: "=r" (r), "+A" (*tx)
			: "r" (c));
	} while (r < 0);
   102c4:	02069613          	slli	a2,a3,0x20
   102c8:	fe064ce3          	bltz	a2,102c0 <kputs+0xc>
   102cc:	00154703          	lbu	a4,1(a0)
   102d0:	00150513          	addi	a0,a0,1
   102d4:	fe0716e3          	bnez	a4,102c0 <kputs+0xc>
		__asm__ __volatile__ (
   102d8:	640007b7          	lui	a5,0x64000
   102dc:	00d00713          	li	a4,13
   102e0:	40e7a6af          	amoor.w	a3,a4,(a5)
	} while (r < 0);
   102e4:	02069613          	slli	a2,a3,0x20
   102e8:	fe064ce3          	bltz	a2,102e0 <kputs+0x2c>
		__asm__ __volatile__ (
   102ec:	640007b7          	lui	a5,0x64000
   102f0:	00a00713          	li	a4,10
   102f4:	40e7a6af          	amoor.w	a3,a4,(a5)
	} while (r < 0);
   102f8:	02069613          	slli	a2,a3,0x20
   102fc:	fe064ce3          	bltz	a2,102f4 <kputs+0x40>
void kputs(const char *s)
{
	_kputs(s);
	kputc('\r');
	kputc('\n');
}
   10300:	00008067          	ret

0000000000010304 <kprintf>:

void kprintf(const char *fmt, ...)
{
   10304:	fb010113          	addi	sp,sp,-80

	va_start(vl, fmt);
	is_format = false;
	is_long = false;
	is_char = false;
	while ((c = *fmt++) != '\0') {
   10308:	00054303          	lbu	t1,0(a0)
	va_start(vl, fmt);
   1030c:	01810e13          	addi	t3,sp,24
{
   10310:	00b13c23          	sd	a1,24(sp)
   10314:	02c13023          	sd	a2,32(sp)
   10318:	02d13423          	sd	a3,40(sp)
   1031c:	02e13823          	sd	a4,48(sp)
   10320:	02f13c23          	sd	a5,56(sp)
   10324:	05013023          	sd	a6,64(sp)
   10328:	05113423          	sd	a7,72(sp)
	va_start(vl, fmt);
   1032c:	01c13423          	sd	t3,8(sp)
	while ((c = *fmt++) != '\0') {
   10330:	06030663          	beqz	t1,1039c <kprintf+0x98>
   10334:	00150713          	addi	a4,a0,1
				break;
			}
			is_format = false;
			is_long = false;
			is_char = false;
		} else if (c == '%') {
   10338:	02500e93          	li	t4,37
			switch (c) {
   1033c:	01500e13          	li	t3,21
   10340:	00000897          	auipc	a7,0x0
   10344:	24c88893          	addi	a7,a7,588 # 1058c <kprintf+0x288>
		__asm__ __volatile__ (
   10348:	640005b7          	lui	a1,0x64000
		} else if (c == '%') {
   1034c:	03d31c63          	bne	t1,t4,10384 <kprintf+0x80>
	while ((c = *fmt++) != '\0') {
   10350:	00074783          	lbu	a5,0(a4)
   10354:	00170513          	addi	a0,a4,1
   10358:	04078263          	beqz	a5,1039c <kprintf+0x98>
   1035c:	00000693          	li	a3,0
   10360:	00000713          	li	a4,0
			switch (c) {
   10364:	f9d7879b          	addiw	a5,a5,-99 # 63ffff9d <_sp+0x5bfeff9d>
   10368:	0ff7f793          	zext.b	a5,a5
   1036c:	08fe6263          	bltu	t3,a5,103f0 <kprintf+0xec>
   10370:	00279793          	slli	a5,a5,0x2
   10374:	011787b3          	add	a5,a5,a7
   10378:	0007a783          	lw	a5,0(a5)
   1037c:	011787b3          	add	a5,a5,a7
   10380:	00078067          	jr	a5
   10384:	4065a7af          	amoor.w	a5,t1,(a1)
	} while (r < 0);
   10388:	02079693          	slli	a3,a5,0x20
   1038c:	fe06cce3          	bltz	a3,10384 <kprintf+0x80>
	while ((c = *fmt++) != '\0') {
   10390:	00074303          	lbu	t1,0(a4)
   10394:	00170713          	addi	a4,a4,1
   10398:	fa031ae3          	bnez	t1,1034c <kprintf+0x48>
		} else {
			kputc(c);
		}
	}
	va_end(vl);
}
   1039c:	05010113          	addi	sp,sp,80
   103a0:	00008067          	ret
					n = va_arg(vl, unsigned long);
   103a4:	00813783          	ld	a5,8(sp)
   103a8:	00878613          	addi	a2,a5,8
   103ac:	00c13423          	sd	a2,8(sp)
				if (is_long) {
   103b0:	0c070e63          	beqz	a4,1048c <kprintf+0x188>
					n = va_arg(vl, unsigned long);
   103b4:	0007bf83          	ld	t6,0(a5)
					i = (sizeof(unsigned long) << 3) - 4;
   103b8:	03c00813          	li	a6,60
					kputc(d < 10 ? '0' + d : 'a' + d - 10);
   103bc:	00900f13          	li	t5,9
		__asm__ __volatile__ (
   103c0:	640007b7          	lui	a5,0x64000
				for (; i >= 0; i -= 4) {
   103c4:	ffc00313          	li	t1,-4
					d = (n >> i) & 0xF;
   103c8:	010fd733          	srl	a4,t6,a6
					kputc(d < 10 ? '0' + d : 'a' + d - 10);
   103cc:	00f77613          	andi	a2,a4,15
   103d0:	05760713          	addi	a4,a2,87
   103d4:	00cf6463          	bltu	t5,a2,103dc <kprintf+0xd8>
   103d8:	03060713          	addi	a4,a2,48
   103dc:	40e7a6af          	amoor.w	a3,a4,(a5)
	} while (r < 0);
   103e0:	02069613          	slli	a2,a3,0x20
   103e4:	fe064ce3          	bltz	a2,103dc <kprintf+0xd8>
				for (; i >= 0; i -= 4) {
   103e8:	ffc80813          	addi	a6,a6,-4
   103ec:	fc681ee3          	bne	a6,t1,103c8 <kprintf+0xc4>
	while ((c = *fmt++) != '\0') {
   103f0:	00054303          	lbu	t1,0(a0)
   103f4:	00150713          	addi	a4,a0,1
   103f8:	f4031ae3          	bnez	t1,1034c <kprintf+0x48>
}
   103fc:	05010113          	addi	sp,sp,80
   10400:	00008067          	ret
				kputc(va_arg(vl, int));
   10404:	00813683          	ld	a3,8(sp)
		__asm__ __volatile__ (
   10408:	640007b7          	lui	a5,0x64000
   1040c:	0006c703          	lbu	a4,0(a3)
   10410:	00868693          	addi	a3,a3,8
   10414:	00d13423          	sd	a3,8(sp)
   10418:	40e7a6af          	amoor.w	a3,a4,(a5)
	} while (r < 0);
   1041c:	02069613          	slli	a2,a3,0x20
   10420:	fe064ce3          	bltz	a2,10418 <kprintf+0x114>
	while ((c = *fmt++) != '\0') {
   10424:	00054303          	lbu	t1,0(a0)
   10428:	00150713          	addi	a4,a0,1
   1042c:	f20310e3          	bnez	t1,1034c <kprintf+0x48>
   10430:	fcdff06f          	j	103fc <kprintf+0xf8>
				_kputs(va_arg(vl, const char *));
   10434:	00813783          	ld	a5,8(sp)
   10438:	0007b803          	ld	a6,0(a5) # 64000000 <_sp+0x5bff0000>
   1043c:	00878793          	addi	a5,a5,8
   10440:	00f13423          	sd	a5,8(sp)
	for (; (c = *s) != '\0'; s++)
   10444:	00084703          	lbu	a4,0(a6)
   10448:	fa0704e3          	beqz	a4,103f0 <kprintf+0xec>
		__asm__ __volatile__ (
   1044c:	640007b7          	lui	a5,0x64000
   10450:	40e7a6af          	amoor.w	a3,a4,(a5)
	} while (r < 0);
   10454:	02069613          	slli	a2,a3,0x20
   10458:	fe064ce3          	bltz	a2,10450 <kprintf+0x14c>
   1045c:	00184703          	lbu	a4,1(a6)
   10460:	00180813          	addi	a6,a6,1
   10464:	fe0716e3          	bnez	a4,10450 <kprintf+0x14c>
	while ((c = *fmt++) != '\0') {
   10468:	00054303          	lbu	t1,0(a0)
   1046c:	00150713          	addi	a4,a0,1
   10470:	ec031ee3          	bnez	t1,1034c <kprintf+0x48>
   10474:	f89ff06f          	j	103fc <kprintf+0xf8>
   10478:	00054783          	lbu	a5,0(a0)
   1047c:	00150513          	addi	a0,a0,1
   10480:	f0078ee3          	beqz	a5,1039c <kprintf+0x98>
				is_long = true;
   10484:	00100713          	li	a4,1
   10488:	eddff06f          	j	10364 <kprintf+0x60>
					n = va_arg(vl, unsigned int);
   1048c:	0007ef83          	lwu	t6,0(a5) # 64000000 <_sp+0x5bff0000>
					i = is_char ? 4 : (sizeof(unsigned int) << 3) - 4;
   10490:	00400813          	li	a6,4
   10494:	f20694e3          	bnez	a3,103bc <kprintf+0xb8>
   10498:	01c00813          	li	a6,28
   1049c:	f21ff06f          	j	103bc <kprintf+0xb8>
	while ((c = *fmt++) != '\0') {
   104a0:	00054783          	lbu	a5,0(a0)
   104a4:	00150513          	addi	a0,a0,1
   104a8:	ee078ae3          	beqz	a5,1039c <kprintf+0x98>
   104ac:	00100693          	li	a3,1
   104b0:	eb5ff06f          	j	10364 <kprintf+0x60>
	...

Disassembly of section .rodata:

00000000000104f8 <dtb-0xf0>:
   104f8:	6568                	.insn	2, 0x6568
   104fa:	6c6c                	.insn	2, 0x6c6c
   104fc:	726f776f          	jal	a4,107c22 <dtb+0xf763a>
   10500:	646c                	.insn	2, 0x646c
   10502:	7220                	.insn	2, 0x7220
   10504:	656b636f          	jal	t1,c6b5a <dtb+0xb6572>
   10508:	5f74                	.insn	2, 0x5f74
   1050a:	6f6e                	.insn	2, 0x6f6e
   1050c:	6464                	.insn	2, 0x6464
   1050e:	2072                	.insn	2, 0x2072
   10510:	6568                	.insn	2, 0x6568
   10512:	7261                	.insn	2, 0x7261
   10514:	6274                	.insn	2, 0x6274
   10516:	6165                	.insn	2, 0x6165
   10518:	3d74                	.insn	2, 0x3d74
   1051a:	0000                	.insn	2, 0x
   1051c:	0000                	.insn	2, 0x
   1051e:	0000                	.insn	2, 0x
   10520:	6420                	.insn	2, 0x6420
   10522:	3d383373          	csrrc	t1,pmpaddr35,a6
   10526:	0000                	.insn	2, 0x
   10528:	00006e6f          	jal	t3,16528 <dtb+0x5f40>
   1052c:	0000                	.insn	2, 0x
   1052e:	0000                	.insn	2, 0x
   10530:	0066666f          	jal	a2,76536 <dtb+0x65f4e>
   10534:	0000                	.insn	2, 0x
   10536:	0000                	.insn	2, 0x
   10538:	637a                	.insn	2, 0x637a
   1053a:	3175                	.insn	2, 0x3175
   1053c:	3430                	.insn	2, 0x3430
   1053e:	7220                	.insn	2, 0x7220
   10540:	656b636f          	jal	t1,c6b96 <dtb+0xb65ae>
   10544:	2074                	.insn	2, 0x2074
   10546:	6f6e                	.insn	2, 0x6f6e
   10548:	6464                	.insn	2, 0x6464
   1054a:	2072                	.insn	2, 0x2072
   1054c:	6962                	.insn	2, 0x6962
   1054e:	2074                	.insn	2, 0x2074
   10550:	000a6b6f          	jal	s6,b6550 <dtb+0xa5f68>
   10554:	0000                	.insn	2, 0x
   10556:	0000                	.insn	2, 0x
   10558:	396a                	.insn	2, 0x396a
   1055a:	7420                	.insn	2, 0x7420
   1055c:	2078                	.insn	2, 0x2078
   1055e:	396b202f          	.insn	4, 0x396b202f
   10562:	7220                	.insn	2, 0x7220
   10564:	2078                	.insn	2, 0x2078
   10566:	6175                	.insn	2, 0x6175
   10568:	7472                	.insn	2, 0x7472
   1056a:	6120                	.insn	2, 0x6120
   1056c:	76697463          	bgeu	s2,t1,10cd4 <dtb+0x6ec>
   10570:	0a65                	.insn	2, 0x0a65
   10572:	0000                	.insn	2, 0x
   10574:	0000                	.insn	2, 0x
   10576:	0000                	.insn	2, 0x
   10578:	7364                	.insn	2, 0x7364
   1057a:	62203833          	.insn	4, 0x62203833
   1057e:	696c                	.insn	2, 0x696c
   10580:	6b6e                	.insn	2, 0x6b6e
   10582:	6120                	.insn	2, 0x6120
   10584:	6d72                	.insn	2, 0x6d72
   10586:	6465                	.insn	2, 0x6465
   10588:	000a                	.insn	2, 0x000a
   1058a:	0000                	.insn	2, 0x
   1058c:	fe78                	.insn	2, 0xfe78
   1058e:	ffff                	.insn	2, 0xffff
   10590:	fe64                	.insn	2, 0xfe64
   10592:	ffff                	.insn	2, 0xffff
   10594:	fe64                	.insn	2, 0xfe64
   10596:	ffff                	.insn	2, 0xffff
   10598:	fe64                	.insn	2, 0xfe64
   1059a:	ffff                	.insn	2, 0xffff
   1059c:	fe64                	.insn	2, 0xfe64
   1059e:	ffff                	.insn	2, 0xffff
   105a0:	ff14                	.insn	2, 0xff14
   105a2:	ffff                	.insn	2, 0xffff
   105a4:	fe64                	.insn	2, 0xfe64
   105a6:	ffff                	.insn	2, 0xffff
   105a8:	fe64                	.insn	2, 0xfe64
   105aa:	ffff                	.insn	2, 0xffff
   105ac:	fe64                	.insn	2, 0xfe64
   105ae:	ffff                	.insn	2, 0xffff
   105b0:	feec                	.insn	2, 0xfeec
   105b2:	ffff                	.insn	2, 0xffff
   105b4:	fe64                	.insn	2, 0xfe64
   105b6:	ffff                	.insn	2, 0xffff
   105b8:	fe64                	.insn	2, 0xfe64
   105ba:	ffff                	.insn	2, 0xffff
   105bc:	fe64                	.insn	2, 0xfe64
   105be:	ffff                	.insn	2, 0xffff
   105c0:	fe64                	.insn	2, 0xfe64
   105c2:	ffff                	.insn	2, 0xffff
   105c4:	fe64                	.insn	2, 0xfe64
   105c6:	ffff                	.insn	2, 0xffff
   105c8:	fe64                	.insn	2, 0xfe64
   105ca:	ffff                	.insn	2, 0xffff
   105cc:	fea8                	.insn	2, 0xfea8
   105ce:	ffff                	.insn	2, 0xffff
   105d0:	fe64                	.insn	2, 0xfe64
   105d2:	ffff                	.insn	2, 0xffff
   105d4:	fe64                	.insn	2, 0xfe64
   105d6:	ffff                	.insn	2, 0xffff
   105d8:	fe64                	.insn	2, 0xfe64
   105da:	ffff                	.insn	2, 0xffff
   105dc:	fe64                	.insn	2, 0xfe64
   105de:	ffff                	.insn	2, 0xffff
   105e0:	fe18                	.insn	2, 0xfe18
   105e2:	ffff                	.insn	2, 0xffff
   105e4:	0000                	.insn	2, 0x
	...

Disassembly of section .riscv.attributes:

0000000000000000 <.riscv.attributes>:
   0:	5641                	.insn	2, 0x5641
   2:	0000                	.insn	2, 0x
   4:	7200                	.insn	2, 0x7200
   6:	7369                	.insn	2, 0x7369
   8:	01007663          	bgeu	zero,a6,14 <_prog_start-0xffec>
   c:	004c                	.insn	2, 0x004c
   e:	0000                	.insn	2, 0x
  10:	1004                	.insn	2, 0x1004
  12:	7205                	.insn	2, 0x7205
  14:	3676                	.insn	2, 0x3676
  16:	6934                	.insn	2, 0x6934
  18:	7032                	.insn	2, 0x7032
  1a:	5f31                	.insn	2, 0x5f31
  1c:	326d                	.insn	2, 0x326d
  1e:	3070                	.insn	2, 0x3070
  20:	615f 7032 5f31      	.insn	6, 0x5f317032615f
  26:	697a                	.insn	2, 0x697a
  28:	32727363          	bgeu	tp,t2,34e <_prog_start-0xfcb2>
  2c:	3070                	.insn	2, 0x3070
  2e:	7a5f 6669 6e65      	.insn	6, 0x6e6566697a5f
  34:	32696563          	bltu	s2,t1,35e <_prog_start-0xfca2>
  38:	3070                	.insn	2, 0x3070
  3a:	7a5f 6d6d 6c75      	.insn	6, 0x6c756d6d7a5f
  40:	7031                	.insn	2, 0x7031
  42:	5f30                	.insn	2, 0x5f30
  44:	617a                	.insn	2, 0x617a
  46:	6d61                	.insn	2, 0x6d61
  48:	3070316f          	jal	sp,3b4e <_prog_start-0xc4b2>
  4c:	7a5f 6c61 7372      	.insn	6, 0x73726c617a5f
  52:	30703163          	.insn	4, 0x30703163
	...

Disassembly of section .comment:

0000000000000000 <.comment>:
   0:	3a434347          	.insn	4, 0x3a434347
   4:	2820                	.insn	2, 0x2820
   6:	36343067          	.insn	4, 0x36343067
   a:	3639                	.insn	2, 0x3639
   c:	6664                	.insn	2, 0x6664
   e:	3930                	.insn	2, 0x3930
  10:	3336                	.insn	2, 0x3336
  12:	2029                	.insn	2, 0x2029
  14:	3431                	.insn	2, 0x3431
  16:	322e                	.insn	2, 0x322e
  18:	302e                	.insn	2, 0x302e
	...

Disassembly of section .debug_line:

0000000000000000 <.debug_line>:
   0:	0054                	.insn	2, 0x0054
   2:	0000                	.insn	2, 0x
   4:	0005                	.insn	2, 0x0005
   6:	0008                	.insn	2, 0x0008
   8:	002e                	.insn	2, 0x002e
   a:	0000                	.insn	2, 0x
   c:	0101                	.insn	2, 0x0101
   e:	fb01                	.insn	2, 0xfb01
  10:	0d0e                	.insn	2, 0x0d0e
  12:	0100                	.insn	2, 0x0100
  14:	0101                	.insn	2, 0x0101
  16:	0001                	.insn	2, 0x0001
  18:	0000                	.insn	2, 0x
  1a:	0001                	.insn	2, 0x0001
  1c:	0100                	.insn	2, 0x0100
  1e:	0101                	.insn	2, 0x0101
  20:	021f 0000 0000      	.insn	6, 0x021f
  26:	0000003b          	addw	zero,zero,zero
  2a:	0102                	.insn	2, 0x0102
  2c:	021f 020f 0070      	.insn	6, 0x0070020f021f
  32:	0000                	.insn	2, 0x
  34:	7001                	.insn	2, 0x7001
  36:	0000                	.insn	2, 0x
  38:	0100                	.insn	2, 0x0100
  3a:	0900                	.insn	2, 0x0900
  3c:	0002                	.insn	2, 0x0002
  3e:	0100                	.insn	2, 0x0100
  40:	0000                	.insn	2, 0x
  42:	0000                	.insn	2, 0x
  44:	1a00                	.insn	2, 0x1a00
  46:	08090103          	lb	sp,128(s2)
  4a:	0100                	.insn	2, 0x0100
  4c:	04090203          	lb	tp,64(s2)
  50:	0100                	.insn	2, 0x0100
  52:	0409                	.insn	2, 0x0409
  54:	0000                	.insn	2, 0x
  56:	0101                	.insn	2, 0x0101
  58:	07f6                	.insn	2, 0x07f6
  5a:	0000                	.insn	2, 0x
  5c:	0005                	.insn	2, 0x0005
  5e:	0008                	.insn	2, 0x0008
  60:	003c                	.insn	2, 0x003c
  62:	0000                	.insn	2, 0x
  64:	0101                	.insn	2, 0x0101
  66:	fb01                	.insn	2, 0xfb01
  68:	0d0e                	.insn	2, 0x0d0e
  6a:	0100                	.insn	2, 0x0100
  6c:	0101                	.insn	2, 0x0101
  6e:	0001                	.insn	2, 0x0001
  70:	0000                	.insn	2, 0x
  72:	0001                	.insn	2, 0x0001
  74:	0100                	.insn	2, 0x0100
  76:	0101                	.insn	2, 0x0101
  78:	031f 0000 0000      	.insn	6, 0x031f
  7e:	0086                	.insn	2, 0x0086
  80:	0000                	.insn	2, 0x
  82:	00d0                	.insn	2, 0x00d0
  84:	0000                	.insn	2, 0x
  86:	0102                	.insn	2, 0x0102
  88:	021f 040f 0077      	.insn	6, 0x0077040f021f
  8e:	0000                	.insn	2, 0x
  90:	7700                	.insn	2, 0x7700
  92:	0000                	.insn	2, 0x
  94:	0000                	.insn	2, 0x
  96:	0116                	.insn	2, 0x0116
  98:	0000                	.insn	2, 0x
  9a:	2701                	.insn	2, 0x2701
  9c:	0001                	.insn	2, 0x0001
  9e:	0200                	.insn	2, 0x0200
  a0:	0105                	.insn	2, 0x0105
  a2:	0900                	.insn	2, 0x0900
  a4:	1002                	.insn	2, 0x1002
  a6:	0100                	.insn	2, 0x0100
  a8:	0000                	.insn	2, 0x
  aa:	0000                	.insn	2, 0x
  ac:	0300                	.insn	2, 0x0300
  ae:	0134                	.insn	2, 0x0134
  b0:	0305                	.insn	2, 0x0305
  b2:	00090103          	lb	sp,0(s2)
  b6:	0100                	.insn	2, 0x0100
  b8:	0d05                	.insn	2, 0x0d05
  ba:	00090003          	lb	zero,0(s2)
  be:	0100                	.insn	2, 0x0100
  c0:	0a05                	.insn	2, 0x0a05
  c2:	0306                	.insn	2, 0x0306
  c4:	0900                	.insn	2, 0x0900
  c6:	0000                	.insn	2, 0x
  c8:	0501                	.insn	2, 0x0501
  ca:	030d                	.insn	2, 0x030d
  cc:	0900                	.insn	2, 0x0900
  ce:	0004                	.insn	2, 0x0004
  d0:	0501                	.insn	2, 0x0501
  d2:	0308                	.insn	2, 0x0308
  d4:	0901                	.insn	2, 0x0901
  d6:	0004                	.insn	2, 0x0004
  d8:	0501                	.insn	2, 0x0501
  da:	04020013          	addi	zero,tp,64 # 40 <_prog_start-0xffc0>
  de:	0301                	.insn	2, 0x0301
  e0:	0978                	.insn	2, 0x0978
  e2:	0004                	.insn	2, 0x0004
  e4:	0501                	.insn	2, 0x0501
  e6:	0321                	.insn	2, 0x0321
  e8:	0902                	.insn	2, 0x0902
  ea:	0004                	.insn	2, 0x0004
  ec:	0501                	.insn	2, 0x0501
  ee:	0605                	.insn	2, 0x0605
  f0:	04090603          	lb	a2,64(s2)
  f4:	0100                	.insn	2, 0x0100
  f6:	0805                	.insn	2, 0x0805
  f8:	0306                	.insn	2, 0x0306
  fa:	0900                	.insn	2, 0x0900
  fc:	0000                	.insn	2, 0x
  fe:	0501                	.insn	2, 0x0501
 100:	0605                	.insn	2, 0x0605
 102:	04090303          	lb	t1,64(s2)
 106:	0100                	.insn	2, 0x0100
 108:	1105                	.insn	2, 0x1105
 10a:	0306                	.insn	2, 0x0306
 10c:	0900                	.insn	2, 0x0900
 10e:	0004                	.insn	2, 0x0004
 110:	0501                	.insn	2, 0x0501
 112:	75030603          	lb	a2,1872(t1)
 116:	0409                	.insn	2, 0x0409
 118:	0100                	.insn	2, 0x0100
 11a:	00090103          	lb	sp,0(s2)
 11e:	0100                	.insn	2, 0x0100
 120:	3105                	.insn	2, 0x3105
 122:	0200                	.insn	2, 0x0200
 124:	0104                	.insn	2, 0x0104
 126:	00097f03          	.insn	4, 0x00097f03
 12a:	0100                	.insn	2, 0x0100
 12c:	1305                	.insn	2, 0x1305
 12e:	0200                	.insn	2, 0x0200
 130:	0104                	.insn	2, 0x0104
 132:	0306                	.insn	2, 0x0306
 134:	0900                	.insn	2, 0x0900
 136:	0000                	.insn	2, 0x
 138:	0501                	.insn	2, 0x0501
 13a:	0031                	.insn	2, 0x0031
 13c:	0402                	.insn	2, 0x0402
 13e:	0301                	.insn	2, 0x0301
 140:	0900                	.insn	2, 0x0900
 142:	0004                	.insn	2, 0x0004
 144:	0501                	.insn	2, 0x0501
 146:	02030603          	lb	a2,32(t1)
 14a:	0409                	.insn	2, 0x0409
 14c:	0100                	.insn	2, 0x0100
 14e:	2305                	.insn	2, 0x2305
 150:	0306                	.insn	2, 0x0306
 152:	0900                	.insn	2, 0x0900
 154:	0000                	.insn	2, 0x
 156:	0501                	.insn	2, 0x0501
 158:	0321                	.insn	2, 0x0321
 15a:	0900                	.insn	2, 0x0900
 15c:	0004                	.insn	2, 0x0004
 15e:	0501                	.insn	2, 0x0501
 160:	060d                	.insn	2, 0x060d
 162:	04090503          	lb	a0,64(s2)
 166:	0100                	.insn	2, 0x0100
 168:	0a05                	.insn	2, 0x0a05
 16a:	0306                	.insn	2, 0x0306
 16c:	0900                	.insn	2, 0x0900
 16e:	0000                	.insn	2, 0x
 170:	0501                	.insn	2, 0x0501
 172:	030d                	.insn	2, 0x030d
 174:	0900                	.insn	2, 0x0900
 176:	0004                	.insn	2, 0x0004
 178:	0501                	.insn	2, 0x0501
 17a:	0301                	.insn	2, 0x0301
 17c:	0906                	.insn	2, 0x0906
 17e:	0004                	.insn	2, 0x0004
 180:	0501                	.insn	2, 0x0501
 182:	74030603          	lb	a2,1856(t1)
 186:	0409                	.insn	2, 0x0409
 188:	0100                	.insn	2, 0x0100
 18a:	3105                	.insn	2, 0x3105
 18c:	0200                	.insn	2, 0x0200
 18e:	0104                	.insn	2, 0x0104
 190:	00097f03          	.insn	4, 0x00097f03
 194:	0100                	.insn	2, 0x0100
 196:	1305                	.insn	2, 0x1305
 198:	0200                	.insn	2, 0x0200
 19a:	0104                	.insn	2, 0x0104
 19c:	0306                	.insn	2, 0x0306
 19e:	0900                	.insn	2, 0x0900
 1a0:	0000                	.insn	2, 0x
 1a2:	0501                	.insn	2, 0x0501
 1a4:	0031                	.insn	2, 0x0031
 1a6:	0402                	.insn	2, 0x0402
 1a8:	0301                	.insn	2, 0x0301
 1aa:	0900                	.insn	2, 0x0900
 1ac:	0004                	.insn	2, 0x0004
 1ae:	0501                	.insn	2, 0x0501
 1b0:	02030603          	lb	a2,32(t1)
 1b4:	0409                	.insn	2, 0x0409
 1b6:	0100                	.insn	2, 0x0100
 1b8:	2105                	.insn	2, 0x2105
 1ba:	0306                	.insn	2, 0x0306
 1bc:	0900                	.insn	2, 0x0900
 1be:	0000                	.insn	2, 0x
 1c0:	0501                	.insn	2, 0x0501
 1c2:	0301                	.insn	2, 0x0301
 1c4:	0901                	.insn	2, 0x0901
 1c6:	0004                	.insn	2, 0x0004
 1c8:	0901                	.insn	2, 0x0901
 1ca:	0004                	.insn	2, 0x0004
 1cc:	0100                	.insn	2, 0x0100
 1ce:	0501                	.insn	2, 0x0501
 1d0:	0001                	.insn	2, 0x0001
 1d2:	0209                	.insn	2, 0x0209
 1d4:	005c                	.insn	2, 0x005c
 1d6:	0001                	.insn	2, 0x0001
 1d8:	0000                	.insn	2, 0x
 1da:	0000                	.insn	2, 0x
 1dc:	0100d903          	lhu	s2,16(ra)
 1e0:	0305                	.insn	2, 0x0305
 1e2:	00090103          	lb	sp,0(s2)
 1e6:	0100                	.insn	2, 0x0100
 1e8:	00090203          	lb	tp,0(s2)
 1ec:	0100                	.insn	2, 0x0100
 1ee:	097fba03          	ld	s4,151(t6)
 1f2:	0000                	.insn	2, 0x
 1f4:	0501                	.insn	2, 0x0501
 1f6:	0601                	.insn	2, 0x0601
 1f8:	0900c303          	lbu	t1,144(ra)
 1fc:	0000                	.insn	2, 0x
 1fe:	0501                	.insn	2, 0x0501
 200:	031e                	.insn	2, 0x031e
 202:	7fbd                	.insn	2, 0x7fbd
 204:	1409                	.insn	2, 0x1409
 206:	0100                	.insn	2, 0x0100
 208:	0305                	.insn	2, 0x0305
 20a:	0306                	.insn	2, 0x0306
 20c:	0901                	.insn	2, 0x0901
 20e:	000c                	.insn	2, 0x000c
 210:	0501                	.insn	2, 0x0501
 212:	0621                	.insn	2, 0x0621
 214:	00090003          	lb	zero,0(s2)
 218:	0100                	.insn	2, 0x0100
 21a:	0305                	.insn	2, 0x0305
 21c:	0306                	.insn	2, 0x0306
 21e:	0901                	.insn	2, 0x0901
 220:	0004                	.insn	2, 0x0004
 222:	0501                	.insn	2, 0x0501
 224:	0621                	.insn	2, 0x0621
 226:	00090003          	lb	zero,0(s2)
 22a:	0100                	.insn	2, 0x0100
 22c:	0305                	.insn	2, 0x0305
 22e:	0306                	.insn	2, 0x0306
 230:	00c5                	.insn	2, 0x00c5
 232:	0809                	.insn	2, 0x0809
 234:	0100                	.insn	2, 0x0100
 236:	00094003          	lbu	zero,0(s2)
 23a:	0100                	.insn	2, 0x0100
 23c:	1f05                	.insn	2, 0x1f05
 23e:	0306                	.insn	2, 0x0306
 240:	0901                	.insn	2, 0x0901
 242:	0000                	.insn	2, 0x
 244:	0501                	.insn	2, 0x0501
 246:	030d                	.insn	2, 0x030d
 248:	097f 0004 0501 0603 	.insn	10, 0x0103060305010004097f
 250:	0103 
 252:	0809                	.insn	2, 0x0809
 254:	0100                	.insn	2, 0x0100
 256:	1f05                	.insn	2, 0x1f05
 258:	0306                	.insn	2, 0x0306
 25a:	0900                	.insn	2, 0x0900
 25c:	0000                	.insn	2, 0x
 25e:	0501                	.insn	2, 0x0501
 260:	01030603          	lb	a2,16(t1)
 264:	0409                	.insn	2, 0x0409
 266:	0100                	.insn	2, 0x0100
 268:	2005                	.insn	2, 0x2005
 26a:	0306                	.insn	2, 0x0306
 26c:	0900                	.insn	2, 0x0900
 26e:	0000                	.insn	2, 0x
 270:	0501                	.insn	2, 0x0501
 272:	01030603          	lb	a2,16(t1)
 276:	0409                	.insn	2, 0x0409
 278:	0100                	.insn	2, 0x0100
 27a:	1d05                	.insn	2, 0x1d05
 27c:	0306                	.insn	2, 0x0306
 27e:	0900                	.insn	2, 0x0900
 280:	0000                	.insn	2, 0x
 282:	0501                	.insn	2, 0x0501
 284:	01030603          	lb	a2,16(t1)
 288:	0409                	.insn	2, 0x0409
 28a:	0100                	.insn	2, 0x0100
 28c:	2105                	.insn	2, 0x2105
 28e:	0306                	.insn	2, 0x0306
 290:	0900                	.insn	2, 0x0900
 292:	0000                	.insn	2, 0x
 294:	0501                	.insn	2, 0x0501
 296:	01030603          	lb	a2,16(t1)
 29a:	0409                	.insn	2, 0x0409
 29c:	0100                	.insn	2, 0x0100
 29e:	2005                	.insn	2, 0x2005
 2a0:	0306                	.insn	2, 0x0306
 2a2:	0901                	.insn	2, 0x0901
 2a4:	0000                	.insn	2, 0x
 2a6:	0501                	.insn	2, 0x0501
 2a8:	0321                	.insn	2, 0x0321
 2aa:	097f 0004 0501 0603 	.insn	10, 0x0103060305010004097f
 2b2:	0103 
 2b4:	0409                	.insn	2, 0x0409
 2b6:	0100                	.insn	2, 0x0100
 2b8:	2005                	.insn	2, 0x2005
 2ba:	0306                	.insn	2, 0x0306
 2bc:	0900                	.insn	2, 0x0900
 2be:	0000                	.insn	2, 0x
 2c0:	0501                	.insn	2, 0x0501
 2c2:	3b030603          	lb	a2,944(t1)
 2c6:	0409                	.insn	2, 0x0409
 2c8:	0100                	.insn	2, 0x0100
 2ca:	2105                	.insn	2, 0x2105
 2cc:	0306                	.insn	2, 0x0306
 2ce:	0944                	.insn	2, 0x0944
 2d0:	0008                	.insn	2, 0x0008
 2d2:	0501                	.insn	2, 0x0501
 2d4:	093c0303          	lb	t1,147(s8)
 2d8:	0004                	.insn	2, 0x0004
 2da:	0601                	.insn	2, 0x0601
 2dc:	04090103          	lb	sp,64(s2)
 2e0:	0100                	.insn	2, 0x0100
 2e2:	0c090103          	lb	sp,192(s2)
 2e6:	0100                	.insn	2, 0x0100
 2e8:	2005                	.insn	2, 0x2005
 2ea:	0306                	.insn	2, 0x0306
 2ec:	0968                	.insn	2, 0x0968
 2ee:	000c                	.insn	2, 0x000c
 2f0:	0501                	.insn	2, 0x0501
 2f2:	09180303          	lb	t1,145(a6)
 2f6:	001c                	.insn	2, 0x001c
 2f8:	0501                	.insn	2, 0x0501
 2fa:	04020013          	addi	zero,tp,64 # 40 <_prog_start-0xffc0>
 2fe:	0301                	.insn	2, 0x0301
 300:	094e                	.insn	2, 0x094e
 302:	000c                	.insn	2, 0x000c
 304:	0501                	.insn	2, 0x0501
 306:	0308                	.insn	2, 0x0308
 308:	0908                	.insn	2, 0x0908
 30a:	0004                	.insn	2, 0x0004
 30c:	0501                	.insn	2, 0x0501
 30e:	0321                	.insn	2, 0x0321
 310:	097a                	.insn	2, 0x097a
 312:	0004                	.insn	2, 0x0004
 314:	0501                	.insn	2, 0x0501
 316:	0310                	.insn	2, 0x0310
 318:	00040917          	auipc	s2,0x40
 31c:	0501                	.insn	2, 0x0501
 31e:	0321                	.insn	2, 0x0321
 320:	0969                	.insn	2, 0x0969
 322:	0004                	.insn	2, 0x0004
 324:	0501                	.insn	2, 0x0501
 326:	32030603          	lb	a2,800(t1)
 32a:	0409                	.insn	2, 0x0409
 32c:	0100                	.insn	2, 0x0100
 32e:	0505                	.insn	2, 0x0505
 330:	00090103          	lb	sp,0(s2) # 40318 <dtb+0x2fd30>
 334:	0100                	.insn	2, 0x0100
 336:	0305                	.insn	2, 0x0305
 338:	00095203          	lhu	tp,0(s2)
 33c:	0100                	.insn	2, 0x0100
 33e:	0d05                	.insn	2, 0x0d05
 340:	00090003          	lb	zero,0(s2)
 344:	0100                	.insn	2, 0x0100
 346:	0505                	.insn	2, 0x0505
 348:	00090103          	lb	sp,0(s2)
 34c:	0100                	.insn	2, 0x0100
 34e:	0305                	.insn	2, 0x0305
 350:	0306                	.insn	2, 0x0306
 352:	092a                	.insn	2, 0x092a
 354:	0000                	.insn	2, 0x
 356:	0501                	.insn	2, 0x0501
 358:	0605                	.insn	2, 0x0605
 35a:	08095903          	lhu	s2,128(s2)
 35e:	0100                	.insn	2, 0x0100
 360:	1105                	.insn	2, 0x1105
 362:	0306                	.insn	2, 0x0306
 364:	0900                	.insn	2, 0x0900
 366:	0004                	.insn	2, 0x0004
 368:	0501                	.insn	2, 0x0501
 36a:	75030603          	lb	a2,1872(t1)
 36e:	0409                	.insn	2, 0x0409
 370:	0100                	.insn	2, 0x0100
 372:	00090103          	lb	sp,0(s2)
 376:	0100                	.insn	2, 0x0100
 378:	3105                	.insn	2, 0x3105
 37a:	0200                	.insn	2, 0x0200
 37c:	0104                	.insn	2, 0x0104
 37e:	00097f03          	.insn	4, 0x00097f03
 382:	0100                	.insn	2, 0x0100
 384:	1305                	.insn	2, 0x1305
 386:	0200                	.insn	2, 0x0200
 388:	0104                	.insn	2, 0x0104
 38a:	0306                	.insn	2, 0x0306
 38c:	0900                	.insn	2, 0x0900
 38e:	0000                	.insn	2, 0x
 390:	0501                	.insn	2, 0x0501
 392:	0031                	.insn	2, 0x0031
 394:	0402                	.insn	2, 0x0402
 396:	0301                	.insn	2, 0x0301
 398:	0900                	.insn	2, 0x0900
 39a:	0004                	.insn	2, 0x0004
 39c:	0501                	.insn	2, 0x0501
 39e:	02030603          	lb	a2,32(t1)
 3a2:	0409                	.insn	2, 0x0409
 3a4:	0100                	.insn	2, 0x0100
 3a6:	2305                	.insn	2, 0x2305
 3a8:	0306                	.insn	2, 0x0306
 3aa:	0900                	.insn	2, 0x0900
 3ac:	0000                	.insn	2, 0x
 3ae:	0501                	.insn	2, 0x0501
 3b0:	0321                	.insn	2, 0x0321
 3b2:	0900                	.insn	2, 0x0900
 3b4:	0004                	.insn	2, 0x0004
 3b6:	0501                	.insn	2, 0x0501
 3b8:	060d                	.insn	2, 0x060d
 3ba:	04090503          	lb	a0,64(s2)
 3be:	0100                	.insn	2, 0x0100
 3c0:	0a05                	.insn	2, 0x0a05
 3c2:	0306                	.insn	2, 0x0306
 3c4:	0900                	.insn	2, 0x0900
 3c6:	0000                	.insn	2, 0x
 3c8:	0501                	.insn	2, 0x0501
 3ca:	030d                	.insn	2, 0x030d
 3cc:	0900                	.insn	2, 0x0900
 3ce:	0004                	.insn	2, 0x0004
 3d0:	0501                	.insn	2, 0x0501
 3d2:	0605                	.insn	2, 0x0605
 3d4:	04090103          	lb	sp,64(s2)
 3d8:	0100                	.insn	2, 0x0100
 3da:	0805                	.insn	2, 0x0805
 3dc:	0306                	.insn	2, 0x0306
 3de:	0900                	.insn	2, 0x0900
 3e0:	0000                	.insn	2, 0x
 3e2:	0501                	.insn	2, 0x0501
 3e4:	79030603          	lb	a2,1936(t1)
 3e8:	0409                	.insn	2, 0x0409
 3ea:	0100                	.insn	2, 0x0100
 3ec:	3105                	.insn	2, 0x3105
 3ee:	0200                	.insn	2, 0x0200
 3f0:	0104                	.insn	2, 0x0104
 3f2:	00097f03          	.insn	4, 0x00097f03
 3f6:	0100                	.insn	2, 0x0100
 3f8:	1305                	.insn	2, 0x1305
 3fa:	0200                	.insn	2, 0x0200
 3fc:	0104                	.insn	2, 0x0104
 3fe:	0306                	.insn	2, 0x0306
 400:	0900                	.insn	2, 0x0900
 402:	0000                	.insn	2, 0x
 404:	0501                	.insn	2, 0x0501
 406:	0031                	.insn	2, 0x0031
 408:	0402                	.insn	2, 0x0402
 40a:	0301                	.insn	2, 0x0301
 40c:	0900                	.insn	2, 0x0900
 40e:	0004                	.insn	2, 0x0004
 410:	0501                	.insn	2, 0x0501
 412:	02030603          	lb	a2,32(t1)
 416:	0409                	.insn	2, 0x0409
 418:	0100                	.insn	2, 0x0100
 41a:	2105                	.insn	2, 0x2105
 41c:	0306                	.insn	2, 0x0306
 41e:	0900                	.insn	2, 0x0900
 420:	0000                	.insn	2, 0x
 422:	0501                	.insn	2, 0x0501
 424:	0301                	.insn	2, 0x0301
 426:	0901                	.insn	2, 0x0901
 428:	0004                	.insn	2, 0x0004
 42a:	0501                	.insn	2, 0x0501
 42c:	0605                	.insn	2, 0x0605
 42e:	04093303          	ld	t1,64(s2)
 432:	0100                	.insn	2, 0x0100
 434:	0305                	.insn	2, 0x0305
 436:	00095b03          	lhu	s6,0(s2)
 43a:	0100                	.insn	2, 0x0100
 43c:	00090103          	lb	sp,0(s2)
 440:	0100                	.insn	2, 0x0100
 442:	00090203          	lb	tp,0(s2)
 446:	0100                	.insn	2, 0x0100
 448:	0605                	.insn	2, 0x0605
 44a:	0306                	.insn	2, 0x0306
 44c:	0900                	.insn	2, 0x0900
 44e:	0000                	.insn	2, 0x
 450:	0501                	.insn	2, 0x0501
 452:	0605                	.insn	2, 0x0605
 454:	0c090603          	lb	a2,192(s2)
 458:	0100                	.insn	2, 0x0100
 45a:	2005                	.insn	2, 0x2005
 45c:	0306                	.insn	2, 0x0306
 45e:	0900                	.insn	2, 0x0900
 460:	0000                	.insn	2, 0x
 462:	0501                	.insn	2, 0x0501
 464:	0310                	.insn	2, 0x0310
 466:	097f 000c 0501 0320 	.insn	10, 0x090103200501000c097f
 46e:	0901 
 470:	0004                	.insn	2, 0x0004
 472:	0501                	.insn	2, 0x0501
 474:	09000317          	auipc	t1,0x9000
 478:	0014                	.insn	2, 0x0014
 47a:	0501                	.insn	2, 0x0501
 47c:	0311                	.insn	2, 0x0311
 47e:	0900                	.insn	2, 0x0900
 480:	0004                	.insn	2, 0x0004
 482:	0501                	.insn	2, 0x0501
 484:	0605                	.insn	2, 0x0605
 486:	04090103          	lb	sp,64(s2)
 48a:	0100                	.insn	2, 0x0100
 48c:	0b05                	.insn	2, 0x0b05
 48e:	0306                	.insn	2, 0x0306
 490:	0900                	.insn	2, 0x0900
 492:	0000                	.insn	2, 0x
 494:	0501                	.insn	2, 0x0501
 496:	0610                	.insn	2, 0x0610
 498:	04097e03          	.insn	4, 0x04097e03
 49c:	0100                	.insn	2, 0x0100
 49e:	0505                	.insn	2, 0x0505
 4a0:	20090603          	lb	a2,512(s2)
 4a4:	0100                	.insn	2, 0x0100
 4a6:	0305                	.insn	2, 0x0305
 4a8:	04096103          	lwu	sp,64(s2)
 4ac:	0100                	.insn	2, 0x0100
 4ae:	00090103          	lb	sp,0(s2)
 4b2:	0100                	.insn	2, 0x0100
 4b4:	3105                	.insn	2, 0x3105
 4b6:	0200                	.insn	2, 0x0200
 4b8:	0104                	.insn	2, 0x0104
 4ba:	00097f03          	.insn	4, 0x00097f03
 4be:	0100                	.insn	2, 0x0100
 4c0:	1305                	.insn	2, 0x1305
 4c2:	0200                	.insn	2, 0x0200
 4c4:	0104                	.insn	2, 0x0104
 4c6:	0306                	.insn	2, 0x0306
 4c8:	0900                	.insn	2, 0x0900
 4ca:	0000                	.insn	2, 0x
 4cc:	0501                	.insn	2, 0x0501
 4ce:	0031                	.insn	2, 0x0031
 4d0:	0402                	.insn	2, 0x0402
 4d2:	0301                	.insn	2, 0x0301
 4d4:	0900                	.insn	2, 0x0900
 4d6:	0004                	.insn	2, 0x0004
 4d8:	0501                	.insn	2, 0x0501
 4da:	02030603          	lb	a2,32(t1) # 9000494 <_sp+0xff0494>
 4de:	0409                	.insn	2, 0x0409
 4e0:	0100                	.insn	2, 0x0100
 4e2:	2305                	.insn	2, 0x2305
 4e4:	0306                	.insn	2, 0x0306
 4e6:	0900                	.insn	2, 0x0900
 4e8:	0000                	.insn	2, 0x
 4ea:	0501                	.insn	2, 0x0501
 4ec:	0321                	.insn	2, 0x0321
 4ee:	0900                	.insn	2, 0x0900
 4f0:	0004                	.insn	2, 0x0004
 4f2:	0501                	.insn	2, 0x0501
 4f4:	060c                	.insn	2, 0x060c
 4f6:	04091c03          	lh	s8,64(s2)
 4fa:	0100                	.insn	2, 0x0100
 4fc:	0d05                	.insn	2, 0x0d05
 4fe:	08096903          	lwu	s2,128(s2)
 502:	0100                	.insn	2, 0x0100
 504:	0505                	.insn	2, 0x0505
 506:	00090103          	lb	sp,0(s2)
 50a:	0100                	.insn	2, 0x0100
 50c:	0200                	.insn	2, 0x0200
 50e:	0104                	.insn	2, 0x0104
 510:	0306                	.insn	2, 0x0306
 512:	090e                	.insn	2, 0x090e
 514:	0000                	.insn	2, 0x
 516:	0601                	.insn	2, 0x0601
 518:	08097503          	.insn	4, 0x08097503
 51c:	0100                	.insn	2, 0x0100
 51e:	1105                	.insn	2, 0x1105
 520:	0306                	.insn	2, 0x0306
 522:	0900                	.insn	2, 0x0900
 524:	0004                	.insn	2, 0x0004
 526:	0501                	.insn	2, 0x0501
 528:	75030603          	lb	a2,1872(t1)
 52c:	0409                	.insn	2, 0x0409
 52e:	0100                	.insn	2, 0x0100
 530:	00090103          	lb	sp,0(s2)
 534:	0100                	.insn	2, 0x0100
 536:	3105                	.insn	2, 0x3105
 538:	0200                	.insn	2, 0x0200
 53a:	0104                	.insn	2, 0x0104
 53c:	00097f03          	.insn	4, 0x00097f03
 540:	0100                	.insn	2, 0x0100
 542:	1305                	.insn	2, 0x1305
 544:	0200                	.insn	2, 0x0200
 546:	0104                	.insn	2, 0x0104
 548:	0306                	.insn	2, 0x0306
 54a:	0900                	.insn	2, 0x0900
 54c:	0000                	.insn	2, 0x
 54e:	0501                	.insn	2, 0x0501
 550:	0031                	.insn	2, 0x0031
 552:	0402                	.insn	2, 0x0402
 554:	0301                	.insn	2, 0x0301
 556:	0900                	.insn	2, 0x0900
 558:	0004                	.insn	2, 0x0004
 55a:	0501                	.insn	2, 0x0501
 55c:	02030603          	lb	a2,32(t1)
 560:	0409                	.insn	2, 0x0409
 562:	0100                	.insn	2, 0x0100
 564:	2305                	.insn	2, 0x2305
 566:	0306                	.insn	2, 0x0306
 568:	0900                	.insn	2, 0x0900
 56a:	0000                	.insn	2, 0x
 56c:	0501                	.insn	2, 0x0501
 56e:	0321                	.insn	2, 0x0321
 570:	0900                	.insn	2, 0x0900
 572:	0004                	.insn	2, 0x0004
 574:	0501                	.insn	2, 0x0501
 576:	060d                	.insn	2, 0x060d
 578:	04090503          	lb	a0,64(s2)
 57c:	0100                	.insn	2, 0x0100
 57e:	0a05                	.insn	2, 0x0a05
 580:	0306                	.insn	2, 0x0306
 582:	0900                	.insn	2, 0x0900
 584:	0000                	.insn	2, 0x
 586:	0501                	.insn	2, 0x0501
 588:	030d                	.insn	2, 0x030d
 58a:	0900                	.insn	2, 0x0900
 58c:	0004                	.insn	2, 0x0004
 58e:	0501                	.insn	2, 0x0501
 590:	0605                	.insn	2, 0x0605
 592:	04090103          	lb	sp,64(s2)
 596:	0100                	.insn	2, 0x0100
 598:	0805                	.insn	2, 0x0805
 59a:	0306                	.insn	2, 0x0306
 59c:	0900                	.insn	2, 0x0900
 59e:	0000                	.insn	2, 0x
 5a0:	0501                	.insn	2, 0x0501
 5a2:	79030603          	lb	a2,1936(t1)
 5a6:	0409                	.insn	2, 0x0409
 5a8:	0100                	.insn	2, 0x0100
 5aa:	3105                	.insn	2, 0x3105
 5ac:	0200                	.insn	2, 0x0200
 5ae:	0104                	.insn	2, 0x0104
 5b0:	00097f03          	.insn	4, 0x00097f03
 5b4:	0100                	.insn	2, 0x0100
 5b6:	1305                	.insn	2, 0x1305
 5b8:	0200                	.insn	2, 0x0200
 5ba:	0104                	.insn	2, 0x0104
 5bc:	0306                	.insn	2, 0x0306
 5be:	0900                	.insn	2, 0x0900
 5c0:	0000                	.insn	2, 0x
 5c2:	0501                	.insn	2, 0x0501
 5c4:	0031                	.insn	2, 0x0031
 5c6:	0402                	.insn	2, 0x0402
 5c8:	0301                	.insn	2, 0x0301
 5ca:	0900                	.insn	2, 0x0900
 5cc:	0004                	.insn	2, 0x0004
 5ce:	0501                	.insn	2, 0x0501
 5d0:	02030603          	lb	a2,32(t1)
 5d4:	0409                	.insn	2, 0x0409
 5d6:	0100                	.insn	2, 0x0100
 5d8:	2105                	.insn	2, 0x2105
 5da:	0306                	.insn	2, 0x0306
 5dc:	0900                	.insn	2, 0x0900
 5de:	0000                	.insn	2, 0x
 5e0:	0501                	.insn	2, 0x0501
 5e2:	0301                	.insn	2, 0x0301
 5e4:	0901                	.insn	2, 0x0901
 5e6:	0004                	.insn	2, 0x0004
 5e8:	0501                	.insn	2, 0x0501
 5ea:	7e030603          	lb	a2,2016(t1)
 5ee:	0409                	.insn	2, 0x0409
 5f0:	0100                	.insn	2, 0x0100
 5f2:	3105                	.insn	2, 0x3105
 5f4:	0200                	.insn	2, 0x0200
 5f6:	0104                	.insn	2, 0x0104
 5f8:	00097f03          	.insn	4, 0x00097f03
 5fc:	0100                	.insn	2, 0x0100
 5fe:	1305                	.insn	2, 0x1305
 600:	0200                	.insn	2, 0x0200
 602:	0104                	.insn	2, 0x0104
 604:	0306                	.insn	2, 0x0306
 606:	0900                	.insn	2, 0x0900
 608:	0000                	.insn	2, 0x
 60a:	0501                	.insn	2, 0x0501
 60c:	0031                	.insn	2, 0x0031
 60e:	0402                	.insn	2, 0x0402
 610:	0301                	.insn	2, 0x0301
 612:	0900                	.insn	2, 0x0900
 614:	0004                	.insn	2, 0x0004
 616:	0501                	.insn	2, 0x0501
 618:	02030603          	lb	a2,32(t1)
 61c:	0409                	.insn	2, 0x0409
 61e:	0100                	.insn	2, 0x0100
 620:	2105                	.insn	2, 0x2105
 622:	0306                	.insn	2, 0x0306
 624:	0900                	.insn	2, 0x0900
 626:	0000                	.insn	2, 0x
 628:	0501                	.insn	2, 0x0501
 62a:	0605                	.insn	2, 0x0605
 62c:	04091403          	lh	s0,64(s2)
 630:	0100                	.insn	2, 0x0100
 632:	04092203          	lw	tp,64(s2)
 636:	0100                	.insn	2, 0x0100
 638:	1a05                	.insn	2, 0x1a05
 63a:	0306                	.insn	2, 0x0306
 63c:	0900                	.insn	2, 0x0900
 63e:	0000                	.insn	2, 0x
 640:	0501                	.insn	2, 0x0501
 642:	0005                	.insn	2, 0x0005
 644:	0402                	.insn	2, 0x0402
 646:	0302                	.insn	2, 0x0302
 648:	0900                	.insn	2, 0x0900
 64a:	0008                	.insn	2, 0x0008
 64c:	0301                	.insn	2, 0x0301
 64e:	0900                	.insn	2, 0x0900
 650:	0008                	.insn	2, 0x0008
 652:	0001                	.insn	2, 0x0001
 654:	0402                	.insn	2, 0x0402
 656:	0301                	.insn	2, 0x0301
 658:	0900                	.insn	2, 0x0900
 65a:	0008                	.insn	2, 0x0008
 65c:	0501                	.insn	2, 0x0501
 65e:	060d                	.insn	2, 0x060d
 660:	08094f03          	lbu	t5,128(s2)
 664:	0100                	.insn	2, 0x0100
 666:	0505                	.insn	2, 0x0505
 668:	00090103          	lb	sp,0(s2)
 66c:	0100                	.insn	2, 0x0100
 66e:	00090303          	lb	t1,0(s2)
 672:	0100                	.insn	2, 0x0100
 674:	1105                	.insn	2, 0x1105
 676:	0306                	.insn	2, 0x0306
 678:	0900                	.insn	2, 0x0900
 67a:	0004                	.insn	2, 0x0004
 67c:	0501                	.insn	2, 0x0501
 67e:	75030603          	lb	a2,1872(t1)
 682:	0409                	.insn	2, 0x0409
 684:	0100                	.insn	2, 0x0100
 686:	00090103          	lb	sp,0(s2)
 68a:	0100                	.insn	2, 0x0100
 68c:	3105                	.insn	2, 0x3105
 68e:	0200                	.insn	2, 0x0200
 690:	0104                	.insn	2, 0x0104
 692:	00097f03          	.insn	4, 0x00097f03
 696:	0100                	.insn	2, 0x0100
 698:	1305                	.insn	2, 0x1305
 69a:	0200                	.insn	2, 0x0200
 69c:	0104                	.insn	2, 0x0104
 69e:	0306                	.insn	2, 0x0306
 6a0:	0900                	.insn	2, 0x0900
 6a2:	0000                	.insn	2, 0x
 6a4:	0501                	.insn	2, 0x0501
 6a6:	0031                	.insn	2, 0x0031
 6a8:	0402                	.insn	2, 0x0402
 6aa:	0301                	.insn	2, 0x0301
 6ac:	0900                	.insn	2, 0x0900
 6ae:	0004                	.insn	2, 0x0004
 6b0:	0501                	.insn	2, 0x0501
 6b2:	02030603          	lb	a2,32(t1)
 6b6:	0409                	.insn	2, 0x0409
 6b8:	0100                	.insn	2, 0x0100
 6ba:	2305                	.insn	2, 0x2305
 6bc:	0306                	.insn	2, 0x0306
 6be:	0900                	.insn	2, 0x0900
 6c0:	0000                	.insn	2, 0x
 6c2:	0501                	.insn	2, 0x0501
 6c4:	0321                	.insn	2, 0x0321
 6c6:	0900                	.insn	2, 0x0900
 6c8:	0004                	.insn	2, 0x0004
 6ca:	0501                	.insn	2, 0x0501
 6cc:	060d                	.insn	2, 0x060d
 6ce:	04090503          	lb	a0,64(s2)
 6d2:	0100                	.insn	2, 0x0100
 6d4:	0a05                	.insn	2, 0x0a05
 6d6:	0306                	.insn	2, 0x0306
 6d8:	0900                	.insn	2, 0x0900
 6da:	0000                	.insn	2, 0x
 6dc:	0501                	.insn	2, 0x0501
 6de:	030d                	.insn	2, 0x030d
 6e0:	0900                	.insn	2, 0x0900
 6e2:	0004                	.insn	2, 0x0004
 6e4:	0501                	.insn	2, 0x0501
 6e6:	0605                	.insn	2, 0x0605
 6e8:	04090103          	lb	sp,64(s2)
 6ec:	0100                	.insn	2, 0x0100
 6ee:	0805                	.insn	2, 0x0805
 6f0:	0306                	.insn	2, 0x0306
 6f2:	0900                	.insn	2, 0x0900
 6f4:	0000                	.insn	2, 0x
 6f6:	0501                	.insn	2, 0x0501
 6f8:	79030603          	lb	a2,1936(t1)
 6fc:	0409                	.insn	2, 0x0409
 6fe:	0100                	.insn	2, 0x0100
 700:	3105                	.insn	2, 0x3105
 702:	0200                	.insn	2, 0x0200
 704:	0104                	.insn	2, 0x0104
 706:	00097f03          	.insn	4, 0x00097f03
 70a:	0100                	.insn	2, 0x0100
 70c:	1305                	.insn	2, 0x1305
 70e:	0200                	.insn	2, 0x0200
 710:	0104                	.insn	2, 0x0104
 712:	0306                	.insn	2, 0x0306
 714:	0900                	.insn	2, 0x0900
 716:	0000                	.insn	2, 0x
 718:	0501                	.insn	2, 0x0501
 71a:	0031                	.insn	2, 0x0031
 71c:	0402                	.insn	2, 0x0402
 71e:	0301                	.insn	2, 0x0301
 720:	0900                	.insn	2, 0x0900
 722:	0004                	.insn	2, 0x0004
 724:	0501                	.insn	2, 0x0501
 726:	02030603          	lb	a2,32(t1)
 72a:	0409                	.insn	2, 0x0409
 72c:	0100                	.insn	2, 0x0100
 72e:	2105                	.insn	2, 0x2105
 730:	0306                	.insn	2, 0x0306
 732:	0900                	.insn	2, 0x0900
 734:	0000                	.insn	2, 0x
 736:	0501                	.insn	2, 0x0501
 738:	0301                	.insn	2, 0x0301
 73a:	0901                	.insn	2, 0x0901
 73c:	0004                	.insn	2, 0x0004
 73e:	0501                	.insn	2, 0x0501
 740:	7e030603          	lb	a2,2016(t1)
 744:	0409                	.insn	2, 0x0409
 746:	0100                	.insn	2, 0x0100
 748:	3105                	.insn	2, 0x3105
 74a:	0200                	.insn	2, 0x0200
 74c:	0104                	.insn	2, 0x0104
 74e:	00097f03          	.insn	4, 0x00097f03
 752:	0100                	.insn	2, 0x0100
 754:	1305                	.insn	2, 0x1305
 756:	0200                	.insn	2, 0x0200
 758:	0104                	.insn	2, 0x0104
 75a:	0306                	.insn	2, 0x0306
 75c:	0900                	.insn	2, 0x0900
 75e:	0000                	.insn	2, 0x
 760:	0501                	.insn	2, 0x0501
 762:	0031                	.insn	2, 0x0031
 764:	0402                	.insn	2, 0x0402
 766:	0301                	.insn	2, 0x0301
 768:	0900                	.insn	2, 0x0900
 76a:	0004                	.insn	2, 0x0004
 76c:	0501                	.insn	2, 0x0501
 76e:	02030603          	lb	a2,32(t1)
 772:	0409                	.insn	2, 0x0409
 774:	0100                	.insn	2, 0x0100
 776:	2105                	.insn	2, 0x2105
 778:	0306                	.insn	2, 0x0306
 77a:	0900                	.insn	2, 0x0900
 77c:	0000                	.insn	2, 0x
 77e:	0501                	.insn	2, 0x0501
 780:	0605                	.insn	2, 0x0605
 782:	04090903          	lb	s2,64(s2)
 786:	0100                	.insn	2, 0x0100
 788:	0305                	.insn	2, 0x0305
 78a:	00097503          	.insn	4, 0x00097503
 78e:	0100                	.insn	2, 0x0100
 790:	00090103          	lb	sp,0(s2)
 794:	0100                	.insn	2, 0x0100
 796:	3105                	.insn	2, 0x3105
 798:	0200                	.insn	2, 0x0200
 79a:	0104                	.insn	2, 0x0104
 79c:	00097f03          	.insn	4, 0x00097f03
 7a0:	0100                	.insn	2, 0x0100
 7a2:	1305                	.insn	2, 0x1305
 7a4:	0200                	.insn	2, 0x0200
 7a6:	0104                	.insn	2, 0x0104
 7a8:	0306                	.insn	2, 0x0306
 7aa:	0900                	.insn	2, 0x0900
 7ac:	0000                	.insn	2, 0x
 7ae:	0501                	.insn	2, 0x0501
 7b0:	0031                	.insn	2, 0x0031
 7b2:	0402                	.insn	2, 0x0402
 7b4:	0301                	.insn	2, 0x0301
 7b6:	0900                	.insn	2, 0x0900
 7b8:	0004                	.insn	2, 0x0004
 7ba:	0501                	.insn	2, 0x0501
 7bc:	02030603          	lb	a2,32(t1)
 7c0:	0409                	.insn	2, 0x0409
 7c2:	0100                	.insn	2, 0x0100
 7c4:	2105                	.insn	2, 0x2105
 7c6:	0306                	.insn	2, 0x0306
 7c8:	0900                	.insn	2, 0x0900
 7ca:	0000                	.insn	2, 0x
 7cc:	0501                	.insn	2, 0x0501
 7ce:	060d                	.insn	2, 0x060d
 7d0:	04090503          	lb	a0,64(s2)
 7d4:	0100                	.insn	2, 0x0100
 7d6:	0505                	.insn	2, 0x0505
 7d8:	00093303          	ld	t1,0(s2)
 7dc:	0100                	.insn	2, 0x0100
 7de:	0305                	.insn	2, 0x0305
 7e0:	00094003          	lbu	zero,0(s2)
 7e4:	0100                	.insn	2, 0x0100
 7e6:	0d05                	.insn	2, 0x0d05
 7e8:	0306                	.insn	2, 0x0306
 7ea:	0900                	.insn	2, 0x0900
 7ec:	0000                	.insn	2, 0x
 7ee:	0501                	.insn	2, 0x0501
 7f0:	0310                	.insn	2, 0x0310
 7f2:	0008092b          	.insn	4, 0x0008092b
 7f6:	0501                	.insn	2, 0x0501
 7f8:	030d                	.insn	2, 0x030d
 7fa:	0955                	.insn	2, 0x0955
 7fc:	0008                	.insn	2, 0x0008
 7fe:	0501                	.insn	2, 0x0501
 800:	01030603          	lb	a2,16(t1)
 804:	0809                	.insn	2, 0x0809
 806:	0100                	.insn	2, 0x0100
 808:	2105                	.insn	2, 0x2105
 80a:	0306                	.insn	2, 0x0306
 80c:	0900                	.insn	2, 0x0900
 80e:	0000                	.insn	2, 0x
 810:	0501                	.insn	2, 0x0501
 812:	0605                	.insn	2, 0x0605
 814:	0900c003          	lbu	zero,144(ra)
 818:	0004                	.insn	2, 0x0004
 81a:	0501                	.insn	2, 0x0501
 81c:	096a0303          	lb	t1,150(s4)
 820:	0000                	.insn	2, 0x
 822:	0501                	.insn	2, 0x0501
 824:	09000313          	li	t1,144
 828:	0000                	.insn	2, 0x
 82a:	0501                	.insn	2, 0x0501
 82c:	0305                	.insn	2, 0x0305
 82e:	0901                	.insn	2, 0x0901
 830:	0000                	.insn	2, 0x
 832:	0501                	.insn	2, 0x0501
 834:	097f0313          	addi	t1,t5,151
 838:	0004                	.insn	2, 0x0004
 83a:	0501                	.insn	2, 0x0501
 83c:	0610                	.insn	2, 0x0610
 83e:	00090003          	lb	zero,0(s2)
 842:	0100                	.insn	2, 0x0100
 844:	1305                	.insn	2, 0x1305
 846:	08090003          	lb	zero,128(s2)
 84a:	0100                	.insn	2, 0x0100
 84c:	0c09                	.insn	2, 0x0c09
 84e:	0000                	.insn	2, 0x
 850:	0101                	.insn	2, 0x0101
 852:	00000573          	.insn	4, 0x0573
 856:	0005                	.insn	2, 0x0005
 858:	0008                	.insn	2, 0x0008
 85a:	004e                	.insn	2, 0x004e
 85c:	0000                	.insn	2, 0x
 85e:	0101                	.insn	2, 0x0101
 860:	fb01                	.insn	2, 0xfb01
 862:	0d0e                	.insn	2, 0x0d0e
 864:	0100                	.insn	2, 0x0100
 866:	0101                	.insn	2, 0x0101
 868:	0001                	.insn	2, 0x0001
 86a:	0000                	.insn	2, 0x
 86c:	0001                	.insn	2, 0x0001
 86e:	0100                	.insn	2, 0x0100
 870:	0101                	.insn	2, 0x0101
 872:	051f 0000 0000      	.insn	6, 0x051f
 878:	0000003b          	addw	zero,zero,zero
 87c:	0170                	.insn	2, 0x0170
 87e:	0000                	.insn	2, 0x
 880:	0086                	.insn	2, 0x0086
 882:	0000                	.insn	2, 0x
 884:	00d0                	.insn	2, 0x00d0
 886:	0000                	.insn	2, 0x
 888:	0102                	.insn	2, 0x0102
 88a:	021f 060f 0166      	.insn	6, 0x0166060f021f
 890:	0000                	.insn	2, 0x
 892:	6601                	.insn	2, 0x6601
 894:	0001                	.insn	2, 0x0001
 896:	0100                	.insn	2, 0x0100
 898:	01c1                	.insn	2, 0x01c1
 89a:	0000                	.insn	2, 0x
 89c:	cb01                	.insn	2, 0xcb01
 89e:	0001                	.insn	2, 0x0001
 8a0:	0200                	.insn	2, 0x0200
 8a2:	0116                	.insn	2, 0x0116
 8a4:	0000                	.insn	2, 0x
 8a6:	00012703          	lw	a4,0(sp)
 8aa:	0400                	.insn	2, 0x0400
 8ac:	0105                	.insn	2, 0x0105
 8ae:	0900                	.insn	2, 0x0900
 8b0:	b402                	.insn	2, 0xb402
 8b2:	0102                	.insn	2, 0x0102
 8b4:	0000                	.insn	2, 0x
 8b6:	0000                	.insn	2, 0x
 8b8:	0300                	.insn	2, 0x0300
 8ba:	0205010f          	.insn	4, 0x0205010f
 8be:	00090103          	lb	sp,0(s2)
 8c2:	0100                	.insn	2, 0x0100
 8c4:	00097903          	.insn	4, 0x00097903
 8c8:	0100                	.insn	2, 0x0100
 8ca:	00090103          	lb	sp,0(s2)
 8ce:	0100                	.insn	2, 0x0100
 8d0:	1205                	.insn	2, 0x1205
 8d2:	0200                	.insn	2, 0x0200
 8d4:	0104                	.insn	2, 0x0104
 8d6:	00090003          	lb	zero,0(s2)
 8da:	0100                	.insn	2, 0x0100
 8dc:	0c05                	.insn	2, 0x0c05
 8de:	0200                	.insn	2, 0x0200
 8e0:	0104                	.insn	2, 0x0104
 8e2:	0306                	.insn	2, 0x0306
 8e4:	0900                	.insn	2, 0x0900
 8e6:	0000                	.insn	2, 0x
 8e8:	0501                	.insn	2, 0x0501
 8ea:	0012                	.insn	2, 0x0012
 8ec:	0402                	.insn	2, 0x0402
 8ee:	0301                	.insn	2, 0x0301
 8f0:	0900                	.insn	2, 0x0900
 8f2:	0004                	.insn	2, 0x0004
 8f4:	0401                	.insn	2, 0x0401
 8f6:	0502                	.insn	2, 0x0502
 8f8:	09100303          	lb	t1,145(zero) # 91 <_prog_start-0xff6f>
 8fc:	0004                	.insn	2, 0x0004
 8fe:	0501                	.insn	2, 0x0501
 900:	0602                	.insn	2, 0x0602
 902:	04097e03          	.insn	4, 0x04097e03
 906:	0100                	.insn	2, 0x0100
 908:	00090103          	lb	sp,0(s2)
 90c:	0100                	.insn	2, 0x0100
 90e:	0305                	.insn	2, 0x0305
 910:	00090103          	lb	sp,0(s2)
 914:	0100                	.insn	2, 0x0100
 916:	0d05                	.insn	2, 0x0d05
 918:	0200                	.insn	2, 0x0200
 91a:	0104                	.insn	2, 0x0104
 91c:	04090403          	lb	s0,64(s2)
 920:	0100                	.insn	2, 0x0100
 922:	0104                	.insn	2, 0x0104
 924:	1c05                	.insn	2, 0x1c05
 926:	0200                	.insn	2, 0x0200
 928:	0204                	.insn	2, 0x0204
 92a:	08096c03          	lwu	s8,128(s2)
 92e:	0100                	.insn	2, 0x0100
 930:	0c05                	.insn	2, 0x0c05
 932:	0200                	.insn	2, 0x0200
 934:	0104                	.insn	2, 0x0104
 936:	0306                	.insn	2, 0x0306
 938:	0900                	.insn	2, 0x0900
 93a:	0000                	.insn	2, 0x
 93c:	0501                	.insn	2, 0x0501
 93e:	001c                	.insn	2, 0x001c
 940:	0402                	.insn	2, 0x0402
 942:	0302                	.insn	2, 0x0302
 944:	0900                	.insn	2, 0x0900
 946:	0004                	.insn	2, 0x0004
 948:	0501                	.insn	2, 0x0501
 94a:	0012                	.insn	2, 0x0012
 94c:	0402                	.insn	2, 0x0402
 94e:	0601                	.insn	2, 0x0601
 950:	04090003          	lb	zero,64(s2)
 954:	0100                	.insn	2, 0x0100
 956:	0204                	.insn	2, 0x0204
 958:	0305                	.insn	2, 0x0305
 95a:	0306                	.insn	2, 0x0306
 95c:	0910                	.insn	2, 0x0910
 95e:	0004                	.insn	2, 0x0004
 960:	0501                	.insn	2, 0x0501
 962:	0602                	.insn	2, 0x0602
 964:	08097e03          	.insn	4, 0x08097e03
 968:	0100                	.insn	2, 0x0100
 96a:	00090103          	lb	sp,0(s2)
 96e:	0100                	.insn	2, 0x0100
 970:	0305                	.insn	2, 0x0305
 972:	00090103          	lb	sp,0(s2)
 976:	0100                	.insn	2, 0x0100
 978:	0d05                	.insn	2, 0x0d05
 97a:	0200                	.insn	2, 0x0200
 97c:	0104                	.insn	2, 0x0104
 97e:	04090403          	lb	s0,64(s2)
 982:	0100                	.insn	2, 0x0100
 984:	0305                	.insn	2, 0x0305
 986:	0306                	.insn	2, 0x0306
 988:	097c                	.insn	2, 0x097c
 98a:	0008                	.insn	2, 0x0008
 98c:	0501                	.insn	2, 0x0501
 98e:	0602                	.insn	2, 0x0602
 990:	08097e03          	.insn	4, 0x08097e03
 994:	0100                	.insn	2, 0x0100
 996:	00090103          	lb	sp,0(s2)
 99a:	0100                	.insn	2, 0x0100
 99c:	0305                	.insn	2, 0x0305
 99e:	00090103          	lb	sp,0(s2)
 9a2:	0100                	.insn	2, 0x0100
 9a4:	0d05                	.insn	2, 0x0d05
 9a6:	0200                	.insn	2, 0x0200
 9a8:	0104                	.insn	2, 0x0104
 9aa:	04090403          	lb	s0,64(s2)
 9ae:	0100                	.insn	2, 0x0100
 9b0:	0104                	.insn	2, 0x0104
 9b2:	0105                	.insn	2, 0x0105
 9b4:	0306                	.insn	2, 0x0306
 9b6:	0975                	.insn	2, 0x0975
 9b8:	0008                	.insn	2, 0x0008
 9ba:	0601                	.insn	2, 0x0601
 9bc:	04090303          	lb	t1,64(s2)
 9c0:	0100                	.insn	2, 0x0100
 9c2:	0205                	.insn	2, 0x0205
 9c4:	00090103          	lb	sp,0(s2)
 9c8:	0100                	.insn	2, 0x0100
 9ca:	00090103          	lb	sp,0(s2)
 9ce:	0100                	.insn	2, 0x0100
 9d0:	00090103          	lb	sp,0(s2)
 9d4:	0100                	.insn	2, 0x0100
 9d6:	00090203          	lb	tp,0(s2)
 9da:	0100                	.insn	2, 0x0100
 9dc:	0105                	.insn	2, 0x0105
 9de:	0306                	.insn	2, 0x0306
 9e0:	0000097b          	.insn	4, 0x097b
 9e4:	0501                	.insn	2, 0x0501
 9e6:	030c                	.insn	2, 0x030c
 9e8:	0909                	.insn	2, 0x0909
 9ea:	0004                	.insn	2, 0x0004
 9ec:	0501                	.insn	2, 0x0501
 9ee:	0302                	.insn	2, 0x0302
 9f0:	097c                	.insn	2, 0x097c
 9f2:	0004                	.insn	2, 0x0004
 9f4:	0501                	.insn	2, 0x0501
 9f6:	0301                	.insn	2, 0x0301
 9f8:	0004097b          	.insn	4, 0x0004097b
 9fc:	0501                	.insn	2, 0x0501
 9fe:	0302                	.insn	2, 0x0302
 a00:	0905                	.insn	2, 0x0905
 a02:	001c                	.insn	2, 0x001c
 a04:	0601                	.insn	2, 0x0601
 a06:	04090103          	lb	sp,64(s2)
 a0a:	0100                	.insn	2, 0x0100
 a0c:	00090103          	lb	sp,0(s2)
 a10:	0100                	.insn	2, 0x0100
 a12:	00090103          	lb	sp,0(s2)
 a16:	0100                	.insn	2, 0x0100
 a18:	00090103          	lb	sp,0(s2)
 a1c:	0100                	.insn	2, 0x0100
 a1e:	1605                	.insn	2, 0x1605
 a20:	00090003          	lb	zero,0(s2)
 a24:	0100                	.insn	2, 0x0100
 a26:	0d05                	.insn	2, 0x0d05
 a28:	0306                	.insn	2, 0x0306
 a2a:	0924                	.insn	2, 0x0924
 a2c:	0008                	.insn	2, 0x0008
 a2e:	0501                	.insn	2, 0x0501
 a30:	0304                	.insn	2, 0x0304
 a32:	095e                	.insn	2, 0x095e
 a34:	0004                	.insn	2, 0x0004
 a36:	0401                	.insn	2, 0x0401
 a38:	0502                	.insn	2, 0x0502
 a3a:	09790303          	lb	t1,151(s2)
 a3e:	000c                	.insn	2, 0x000c
 a40:	0401                	.insn	2, 0x0401
 a42:	0501                	.insn	2, 0x0501
 a44:	060a                	.insn	2, 0x060a
 a46:	04092903          	lw	s2,64(s2)
 a4a:	0100                	.insn	2, 0x0100
 a4c:	0d05                	.insn	2, 0x0d05
 a4e:	0306                	.insn	2, 0x0306
 a50:	0900                	.insn	2, 0x0900
 a52:	0000                	.insn	2, 0x
 a54:	0501                	.insn	2, 0x0501
 a56:	0616                	.insn	2, 0x0616
 a58:	04095c03          	lhu	s8,64(s2)
 a5c:	0100                	.insn	2, 0x0100
 a5e:	0c05                	.insn	2, 0x0c05
 a60:	0306                	.insn	2, 0x0306
 a62:	0900                	.insn	2, 0x0900
 a64:	0000                	.insn	2, 0x
 a66:	0501                	.insn	2, 0x0501
 a68:	0312                	.insn	2, 0x0312
 a6a:	0900                	.insn	2, 0x0900
 a6c:	0004                	.insn	2, 0x0004
 a6e:	0501                	.insn	2, 0x0501
 a70:	0316                	.insn	2, 0x0316
 a72:	0900                	.insn	2, 0x0900
 a74:	0004                	.insn	2, 0x0004
 a76:	0501                	.insn	2, 0x0501
 a78:	0604                	.insn	2, 0x0604
 a7a:	0c090203          	lb	tp,192(s2)
 a7e:	0100                	.insn	2, 0x0100
 a80:	0204                	.insn	2, 0x0204
 a82:	0205                	.insn	2, 0x0205
 a84:	20097703          	.insn	4, 0x20097703
 a88:	0100                	.insn	2, 0x0100
 a8a:	00090103          	lb	sp,0(s2)
 a8e:	0100                	.insn	2, 0x0100
 a90:	0305                	.insn	2, 0x0305
 a92:	00090103          	lb	sp,0(s2)
 a96:	0100                	.insn	2, 0x0100
 a98:	0d05                	.insn	2, 0x0d05
 a9a:	0200                	.insn	2, 0x0200
 a9c:	0104                	.insn	2, 0x0104
 a9e:	04090403          	lb	s0,64(s2)
 aa2:	0100                	.insn	2, 0x0100
 aa4:	0104                	.insn	2, 0x0104
 aa6:	1605                	.insn	2, 0x1605
 aa8:	08090103          	lb	sp,128(s2)
 aac:	0100                	.insn	2, 0x0100
 aae:	0c05                	.insn	2, 0x0c05
 ab0:	0306                	.insn	2, 0x0306
 ab2:	0900                	.insn	2, 0x0900
 ab4:	0000                	.insn	2, 0x
 ab6:	0501                	.insn	2, 0x0501
 ab8:	0312                	.insn	2, 0x0312
 aba:	0900                	.insn	2, 0x0900
 abc:	0004                	.insn	2, 0x0004
 abe:	0501                	.insn	2, 0x0501
 ac0:	0316                	.insn	2, 0x0316
 ac2:	0900                	.insn	2, 0x0900
 ac4:	0004                	.insn	2, 0x0004
 ac6:	0501                	.insn	2, 0x0501
 ac8:	0301                	.insn	2, 0x0301
 aca:	0004092b          	.insn	4, 0x0004092b
 ace:	0501                	.insn	2, 0x0501
 ad0:	0605                	.insn	2, 0x0605
 ad2:	08095f03          	lhu	t5,128(s2)
 ad6:	0100                	.insn	2, 0x0100
 ad8:	00090103          	lb	sp,0(s2)
 adc:	0100                	.insn	2, 0x0100
 ade:	00090103          	lb	sp,0(s2)
 ae2:	0100                	.insn	2, 0x0100
 ae4:	0805                	.insn	2, 0x0805
 ae6:	0306                	.insn	2, 0x0306
 ae8:	0901                	.insn	2, 0x0901
 aea:	0000                	.insn	2, 0x
 aec:	0301                	.insn	2, 0x0301
 aee:	097f 000c 0501 0606 	.insn	10, 0x010306060501000c097f
 af6:	0103 
 af8:	0409                	.insn	2, 0x0409
 afa:	0100                	.insn	2, 0x0100
 afc:	0805                	.insn	2, 0x0805
 afe:	0306                	.insn	2, 0x0306
 b00:	0900                	.insn	2, 0x0900
 b02:	0000                	.insn	2, 0x
 b04:	0501                	.insn	2, 0x0501
 b06:	0606                	.insn	2, 0x0606
 b08:	04090103          	lb	sp,64(s2)
 b0c:	0100                	.insn	2, 0x0100
 b0e:	0805                	.insn	2, 0x0805
 b10:	0306                	.insn	2, 0x0306
 b12:	0900                	.insn	2, 0x0900
 b14:	0000                	.insn	2, 0x
 b16:	0501                	.insn	2, 0x0501
 b18:	000e                	.insn	2, 0x000e
 b1a:	0402                	.insn	2, 0x0402
 b1c:	0601                	.insn	2, 0x0601
 b1e:	04090503          	lb	a0,64(s2)
 b22:	0100                	.insn	2, 0x0100
 b24:	0605                	.insn	2, 0x0605
 b26:	0306                	.insn	2, 0x0306
 b28:	00000903          	lb	s2,0(zero) # 0 <_prog_start-0x10000>
 b2c:	0401                	.insn	2, 0x0401
 b2e:	0502                	.insn	2, 0x0502
 b30:	09650303          	lb	t1,150(a0)
 b34:	0004                	.insn	2, 0x0004
 b36:	0401                	.insn	2, 0x0401
 b38:	0501                	.insn	2, 0x0501
 b3a:	000e                	.insn	2, 0x000e
 b3c:	0402                	.insn	2, 0x0402
 b3e:	0301                	.insn	2, 0x0301
 b40:	0918                	.insn	2, 0x0918
 b42:	0004                	.insn	2, 0x0004
 b44:	0501                	.insn	2, 0x0501
 b46:	0606                	.insn	2, 0x0606
 b48:	04090103          	lb	sp,64(s2)
 b4c:	0100                	.insn	2, 0x0100
 b4e:	00090103          	lb	sp,0(s2)
 b52:	0100                	.insn	2, 0x0100
 b54:	0d05                	.insn	2, 0x0d05
 b56:	0306                	.insn	2, 0x0306
 b58:	0900                	.insn	2, 0x0900
 b5a:	0000                	.insn	2, 0x
 b5c:	0501                	.insn	2, 0x0501
 b5e:	0019                	.insn	2, 0x0019
 b60:	0402                	.insn	2, 0x0402
 b62:	0301                	.insn	2, 0x0301
 b64:	0901                	.insn	2, 0x0901
 b66:	0004                	.insn	2, 0x0004
 b68:	0501                	.insn	2, 0x0501
 b6a:	0606                	.insn	2, 0x0606
 b6c:	04090003          	lb	zero,64(s2)
 b70:	0100                	.insn	2, 0x0100
 b72:	0200                	.insn	2, 0x0200
 b74:	0204                	.insn	2, 0x0204
 b76:	0306                	.insn	2, 0x0306
 b78:	0900                	.insn	2, 0x0900
 b7a:	0000                	.insn	2, 0x
 b7c:	0301                	.insn	2, 0x0301
 b7e:	0900                	.insn	2, 0x0900
 b80:	0004                	.insn	2, 0x0004
 b82:	0001                	.insn	2, 0x0001
 b84:	0402                	.insn	2, 0x0402
 b86:	0301                	.insn	2, 0x0301
 b88:	0900                	.insn	2, 0x0900
 b8a:	0004                	.insn	2, 0x0004
 b8c:	0401                	.insn	2, 0x0401
 b8e:	0502                	.insn	2, 0x0502
 b90:	0602                	.insn	2, 0x0602
 b92:	04096303          	lwu	t1,64(s2)
 b96:	0100                	.insn	2, 0x0100
 b98:	00090103          	lb	sp,0(s2)
 b9c:	0100                	.insn	2, 0x0100
 b9e:	0305                	.insn	2, 0x0305
 ba0:	00090103          	lb	sp,0(s2)
 ba4:	0100                	.insn	2, 0x0100
 ba6:	0d05                	.insn	2, 0x0d05
 ba8:	0200                	.insn	2, 0x0200
 baa:	0104                	.insn	2, 0x0104
 bac:	04090403          	lb	s0,64(s2)
 bb0:	0100                	.insn	2, 0x0100
 bb2:	0104                	.insn	2, 0x0104
 bb4:	1605                	.insn	2, 0x1605
 bb6:	08091403          	lh	s0,128(s2)
 bba:	0100                	.insn	2, 0x0100
 bbc:	0e05                	.insn	2, 0x0e05
 bbe:	0200                	.insn	2, 0x0200
 bc0:	0104                	.insn	2, 0x0104
 bc2:	04090003          	lb	zero,64(s2)
 bc6:	0100                	.insn	2, 0x0100
 bc8:	1605                	.insn	2, 0x1605
 bca:	04096d03          	lwu	s10,64(s2)
 bce:	0100                	.insn	2, 0x0100
 bd0:	0c05                	.insn	2, 0x0c05
 bd2:	0306                	.insn	2, 0x0306
 bd4:	0900                	.insn	2, 0x0900
 bd6:	0000                	.insn	2, 0x
 bd8:	0501                	.insn	2, 0x0501
 bda:	0312                	.insn	2, 0x0312
 bdc:	0900                	.insn	2, 0x0900
 bde:	0004                	.insn	2, 0x0004
 be0:	0501                	.insn	2, 0x0501
 be2:	0316                	.insn	2, 0x0316
 be4:	0900                	.insn	2, 0x0900
 be6:	0004                	.insn	2, 0x0004
 be8:	0501                	.insn	2, 0x0501
 bea:	0301                	.insn	2, 0x0301
 bec:	0004092b          	.insn	4, 0x0004092b
 bf0:	0501                	.insn	2, 0x0501
 bf2:	0605                	.insn	2, 0x0605
 bf4:	08097303          	.insn	4, 0x08097303
 bf8:	0100                	.insn	2, 0x0100
 bfa:	0b05                	.insn	2, 0x0b05
 bfc:	0306                	.insn	2, 0x0306
 bfe:	0900                	.insn	2, 0x0900
 c00:	0000                	.insn	2, 0x
 c02:	0401                	.insn	2, 0x0401
 c04:	0502                	.insn	2, 0x0502
 c06:	095d0303          	lb	t1,149(s10)
 c0a:	0004                	.insn	2, 0x0004
 c0c:	0401                	.insn	2, 0x0401
 c0e:	0501                	.insn	2, 0x0501
 c10:	0005                	.insn	2, 0x0005
 c12:	0402                	.insn	2, 0x0402
 c14:	0301                	.insn	2, 0x0301
 c16:	00040923          	sb	zero,18(s0)
 c1a:	0401                	.insn	2, 0x0401
 c1c:	0502                	.insn	2, 0x0502
 c1e:	0602                	.insn	2, 0x0602
 c20:	04095903          	lhu	s2,64(s2)
 c24:	0100                	.insn	2, 0x0100
 c26:	0104                	.insn	2, 0x0104
 c28:	0b05                	.insn	2, 0x0b05
 c2a:	0306                	.insn	2, 0x0306
 c2c:	00000927          	.insn	4, 0x0927
 c30:	0401                	.insn	2, 0x0401
 c32:	0502                	.insn	2, 0x0502
 c34:	0602                	.insn	2, 0x0602
 c36:	08095b03          	lhu	s6,128(s2)
 c3a:	0100                	.insn	2, 0x0100
 c3c:	00090103          	lb	sp,0(s2)
 c40:	0100                	.insn	2, 0x0100
 c42:	0305                	.insn	2, 0x0305
 c44:	00090103          	lb	sp,0(s2)
 c48:	0100                	.insn	2, 0x0100
 c4a:	0d05                	.insn	2, 0x0d05
 c4c:	0200                	.insn	2, 0x0200
 c4e:	0104                	.insn	2, 0x0104
 c50:	04090403          	lb	s0,64(s2)
 c54:	0100                	.insn	2, 0x0100
 c56:	0104                	.insn	2, 0x0104
 c58:	1605                	.insn	2, 0x1605
 c5a:	08090103          	lb	sp,128(s2)
 c5e:	0100                	.insn	2, 0x0100
 c60:	0c05                	.insn	2, 0x0c05
 c62:	0306                	.insn	2, 0x0306
 c64:	0900                	.insn	2, 0x0900
 c66:	0000                	.insn	2, 0x
 c68:	0501                	.insn	2, 0x0501
 c6a:	0312                	.insn	2, 0x0312
 c6c:	0900                	.insn	2, 0x0900
 c6e:	0004                	.insn	2, 0x0004
 c70:	0501                	.insn	2, 0x0501
 c72:	0316                	.insn	2, 0x0316
 c74:	0900                	.insn	2, 0x0900
 c76:	0004                	.insn	2, 0x0004
 c78:	0501                	.insn	2, 0x0501
 c7a:	0605                	.insn	2, 0x0605
 c7c:	08091b03          	lh	s6,128(s2)
 c80:	0100                	.insn	2, 0x0100
 c82:	0205                	.insn	2, 0x0205
 c84:	08094f03          	lbu	t5,128(s2)
 c88:	0100                	.insn	2, 0x0100
 c8a:	00090103          	lb	sp,0(s2)
 c8e:	0100                	.insn	2, 0x0100
 c90:	1205                	.insn	2, 0x1205
 c92:	0200                	.insn	2, 0x0200
 c94:	0104                	.insn	2, 0x0104
 c96:	00090003          	lb	zero,0(s2)
 c9a:	0100                	.insn	2, 0x0100
 c9c:	0505                	.insn	2, 0x0505
 c9e:	0306                	.insn	2, 0x0306
 ca0:	0930                	.insn	2, 0x0930
 ca2:	0000                	.insn	2, 0x
 ca4:	0501                	.insn	2, 0x0501
 ca6:	000c                	.insn	2, 0x000c
 ca8:	0402                	.insn	2, 0x0402
 caa:	0301                	.insn	2, 0x0301
 cac:	0950                	.insn	2, 0x0950
 cae:	0008                	.insn	2, 0x0008
 cb0:	0501                	.insn	2, 0x0501
 cb2:	0012                	.insn	2, 0x0012
 cb4:	0402                	.insn	2, 0x0402
 cb6:	0301                	.insn	2, 0x0301
 cb8:	0900                	.insn	2, 0x0900
 cba:	0004                	.insn	2, 0x0004
 cbc:	0401                	.insn	2, 0x0401
 cbe:	0502                	.insn	2, 0x0502
 cc0:	09100303          	lb	t1,145(zero) # 91 <_prog_start-0xff6f>
 cc4:	0004                	.insn	2, 0x0004
 cc6:	0501                	.insn	2, 0x0501
 cc8:	0602                	.insn	2, 0x0602
 cca:	04097e03          	.insn	4, 0x04097e03
 cce:	0100                	.insn	2, 0x0100
 cd0:	00090103          	lb	sp,0(s2)
 cd4:	0100                	.insn	2, 0x0100
 cd6:	0305                	.insn	2, 0x0305
 cd8:	00090103          	lb	sp,0(s2)
 cdc:	0100                	.insn	2, 0x0100
 cde:	0d05                	.insn	2, 0x0d05
 ce0:	0200                	.insn	2, 0x0200
 ce2:	0104                	.insn	2, 0x0104
 ce4:	04090403          	lb	s0,64(s2)
 ce8:	0100                	.insn	2, 0x0100
 cea:	0104                	.insn	2, 0x0104
 cec:	1c05                	.insn	2, 0x1c05
 cee:	0200                	.insn	2, 0x0200
 cf0:	0204                	.insn	2, 0x0204
 cf2:	08096c03          	lwu	s8,128(s2)
 cf6:	0100                	.insn	2, 0x0100
 cf8:	0c05                	.insn	2, 0x0c05
 cfa:	0200                	.insn	2, 0x0200
 cfc:	0104                	.insn	2, 0x0104
 cfe:	0306                	.insn	2, 0x0306
 d00:	0900                	.insn	2, 0x0900
 d02:	0000                	.insn	2, 0x
 d04:	0501                	.insn	2, 0x0501
 d06:	001c                	.insn	2, 0x001c
 d08:	0402                	.insn	2, 0x0402
 d0a:	0302                	.insn	2, 0x0302
 d0c:	0900                	.insn	2, 0x0900
 d0e:	0004                	.insn	2, 0x0004
 d10:	0501                	.insn	2, 0x0501
 d12:	0012                	.insn	2, 0x0012
 d14:	0402                	.insn	2, 0x0402
 d16:	0601                	.insn	2, 0x0601
 d18:	04090003          	lb	zero,64(s2)
 d1c:	0100                	.insn	2, 0x0100
 d1e:	1605                	.insn	2, 0x1605
 d20:	04091503          	lh	a0,64(s2)
 d24:	0100                	.insn	2, 0x0100
 d26:	0c05                	.insn	2, 0x0c05
 d28:	0306                	.insn	2, 0x0306
 d2a:	0900                	.insn	2, 0x0900
 d2c:	0000                	.insn	2, 0x
 d2e:	0501                	.insn	2, 0x0501
 d30:	0312                	.insn	2, 0x0312
 d32:	0900                	.insn	2, 0x0900
 d34:	0004                	.insn	2, 0x0004
 d36:	0501                	.insn	2, 0x0501
 d38:	0316                	.insn	2, 0x0316
 d3a:	0900                	.insn	2, 0x0900
 d3c:	0004                	.insn	2, 0x0004
 d3e:	0601                	.insn	2, 0x0601
 d40:	08090003          	lb	zero,128(s2)
 d44:	0100                	.insn	2, 0x0100
 d46:	0c05                	.insn	2, 0x0c05
 d48:	0306                	.insn	2, 0x0306
 d4a:	0900                	.insn	2, 0x0900
 d4c:	0000                	.insn	2, 0x
 d4e:	0501                	.insn	2, 0x0501
 d50:	0312                	.insn	2, 0x0312
 d52:	0900                	.insn	2, 0x0900
 d54:	0004                	.insn	2, 0x0004
 d56:	0501                	.insn	2, 0x0501
 d58:	0316                	.insn	2, 0x0316
 d5a:	0900                	.insn	2, 0x0900
 d5c:	0004                	.insn	2, 0x0004
 d5e:	0501                	.insn	2, 0x0501
 d60:	030d                	.insn	2, 0x030d
 d62:	0904                	.insn	2, 0x0904
 d64:	0004                	.insn	2, 0x0004
 d66:	0501                	.insn	2, 0x0501
 d68:	0606                	.insn	2, 0x0606
 d6a:	08090c03          	lb	s8,128(s2)
 d6e:	0100                	.insn	2, 0x0100
 d70:	0805                	.insn	2, 0x0805
 d72:	0200                	.insn	2, 0x0200
 d74:	0104                	.insn	2, 0x0104
 d76:	0306                	.insn	2, 0x0306
 d78:	0900                	.insn	2, 0x0900
 d7a:	0000                	.insn	2, 0x
 d7c:	0501                	.insn	2, 0x0501
 d7e:	0606                	.insn	2, 0x0606
 d80:	04090103          	lb	sp,64(s2)
 d84:	0100                	.insn	2, 0x0100
 d86:	1605                	.insn	2, 0x1605
 d88:	0200                	.insn	2, 0x0200
 d8a:	0104                	.insn	2, 0x0104
 d8c:	0306                	.insn	2, 0x0306
 d8e:	0900                	.insn	2, 0x0900
 d90:	0000                	.insn	2, 0x
 d92:	0301                	.insn	2, 0x0301
 d94:	0900                	.insn	2, 0x0900
 d96:	0004                	.insn	2, 0x0004
 d98:	0001                	.insn	2, 0x0001
 d9a:	0402                	.insn	2, 0x0402
 d9c:	0302                	.insn	2, 0x0302
 d9e:	0900                	.insn	2, 0x0900
 da0:	0004                	.insn	2, 0x0004
 da2:	0601                	.insn	2, 0x0601
 da4:	08096f03          	lwu	t5,128(s2)
 da8:	0100                	.insn	2, 0x0100
 daa:	0c05                	.insn	2, 0x0c05
 dac:	0306                	.insn	2, 0x0306
 dae:	0900                	.insn	2, 0x0900
 db0:	0000                	.insn	2, 0x
 db2:	0501                	.insn	2, 0x0501
 db4:	0312                	.insn	2, 0x0312
 db6:	0900                	.insn	2, 0x0900
 db8:	0004                	.insn	2, 0x0004
 dba:	0501                	.insn	2, 0x0501
 dbc:	0316                	.insn	2, 0x0316
 dbe:	0900                	.insn	2, 0x0900
 dc0:	0004                	.insn	2, 0x0004
 dc2:	0901                	.insn	2, 0x0901
 dc4:	000c                	.insn	2, 0x000c
 dc6:	0100                	.insn	2, 0x0100
 dc8:	Address 0xdc8 is out of bounds.


Disassembly of section .debug_line_str:

0000000000000000 <.debug_line_str>:
   0:	6f6f722f          	.insn	4, 0x6f6f722f
   4:	2f74                	.insn	2, 0x2f74
   6:	70696863          	bltu	s2,t1,716 <_prog_start-0xf8ea>
   a:	6179                	.insn	2, 0x6179
   c:	6472                	.insn	2, 0x6472
   e:	6770662f          	.insn	4, 0x6770662f
  12:	2f61                	.insn	2, 0x2f61
  14:	2f637273          	csrrci	tp,0x2f6,6
  18:	616d                	.insn	2, 0x616d
  1a:	6e69                	.insn	2, 0x6e69
  1c:	7365722f          	.insn	4, 0x7365722f
  20:	6372756f          	jal	a0,27e56 <dtb+0x1786e>
  24:	7365                	.insn	2, 0x7365
  26:	75637a2f          	.insn	4, 0x75637a2f
  2a:	3031                	.insn	2, 0x3031
  2c:	2f34                	.insn	2, 0x2f34
  2e:	6f626473          	csrrsi	s0,0x6f6,4
  32:	6e2d746f          	jal	s0,d7714 <dtb+0xc712c>
  36:	7264646f          	jal	s0,4675c <dtb+0x36174>
  3a:	2f00                	.insn	2, 0x2f00
  3c:	6f72                	.insn	2, 0x6f72
  3e:	632f746f          	jal	s0,f7670 <dtb+0xe7088>
  42:	6968                	.insn	2, 0x6968
  44:	7970                	.insn	2, 0x7970
  46:	7261                	.insn	2, 0x7261
  48:	2f64                	.insn	2, 0x2f64
  4a:	7066                	.insn	2, 0x7066
  4c:	732f6167          	.insn	4, 0x732f6167
  50:	6372                	.insn	2, 0x6372
  52:	69616d2f          	.insn	4, 0x69616d2f
  56:	2f6e                	.insn	2, 0x2f6e
  58:	6572                	.insn	2, 0x6572
  5a:	72756f73          	csrrsi	t5,mhpmevent7h,10
  5e:	2f736563          	bltu	t1,s7,348 <_prog_start-0xfcb8>
  62:	637a                	.insn	2, 0x637a
  64:	3175                	.insn	2, 0x3175
  66:	3430                	.insn	2, 0x3430
  68:	6264732f          	.insn	4, 0x6264732f
  6c:	00746f6f          	jal	t5,46872 <dtb+0x3628a>
  70:	6568                	.insn	2, 0x6568
  72:	6461                	.insn	2, 0x6461
  74:	532e                	.insn	2, 0x532e
  76:	7200                	.insn	2, 0x7200
  78:	656b636f          	jal	t1,b66ce <dtb+0xa60e6>
  7c:	5f74                	.insn	2, 0x5f74
  7e:	6f6e                	.insn	2, 0x6f6e
  80:	6464                	.insn	2, 0x6464
  82:	2e72                	.insn	2, 0x2e72
  84:	722f0063          	beq	t5,sp,7a4 <_prog_start-0xf85c>
  88:	2f746f6f          	jal	t5,46b7e <dtb+0x36596>
  8c:	70696863          	bltu	s2,t1,79c <_prog_start-0xf864>
  90:	6179                	.insn	2, 0x6179
  92:	6472                	.insn	2, 0x6472
  94:	636f2e2f          	amoand.w.rl	t3,s6,(t5)
  98:	616c                	.insn	2, 0x616c
  9a:	6e652d77          	.insn	4, 0x6e652d77
  9e:	2f76                	.insn	2, 0x2f76
  a0:	6972                	.insn	2, 0x6972
  a2:	2d766373          	csrrsi	t1,0x2d7,12
  a6:	6f74                	.insn	2, 0x6f74
  a8:	2f736c6f          	jal	s8,36b9e <dtb+0x265b6>
  ac:	6972                	.insn	2, 0x6972
  ae:	36766373          	csrrsi	t1,0x367,12
  b2:	2d34                	.insn	2, 0x2d34
  b4:	6e75                	.insn	2, 0x6e75
  b6:	776f6e6b          	.insn	4, 0x776f6e6b
  ba:	2d6e                	.insn	2, 0x2d6e
  bc:	6c65                	.insn	2, 0x6c65
  be:	2f66                	.insn	2, 0x2f66
  c0:	6e69                	.insn	2, 0x6e69
  c2:	64756c63          	bltu	a0,t2,71a <_prog_start-0xf8e6>
  c6:	2f65                	.insn	2, 0x2f65
  c8:	616d                	.insn	2, 0x616d
  ca:	6e696863          	bltu	s2,t1,7ba <_prog_start-0xf846>
  ce:	0065                	.insn	2, 0x0065
  d0:	6f6f722f          	.insn	4, 0x6f6f722f
  d4:	2f74                	.insn	2, 0x2f74
  d6:	70696863          	bltu	s2,t1,7e6 <_prog_start-0xf81a>
  da:	6179                	.insn	2, 0x6179
  dc:	6472                	.insn	2, 0x6472
  de:	636f2e2f          	amoand.w.rl	t3,s6,(t5)
  e2:	616c                	.insn	2, 0x616c
  e4:	6e652d77          	.insn	4, 0x6e652d77
  e8:	2f76                	.insn	2, 0x2f76
  ea:	6972                	.insn	2, 0x6972
  ec:	2d766373          	csrrsi	t1,0x2d7,12
  f0:	6f74                	.insn	2, 0x6f74
  f2:	2f736c6f          	jal	s8,36be8 <dtb+0x26600>
  f6:	6972                	.insn	2, 0x6972
  f8:	36766373          	csrrsi	t1,0x367,12
  fc:	2d34                	.insn	2, 0x2d34
  fe:	6e75                	.insn	2, 0x6e75
 100:	776f6e6b          	.insn	4, 0x776f6e6b
 104:	2d6e                	.insn	2, 0x2d6e
 106:	6c65                	.insn	2, 0x6c65
 108:	2f66                	.insn	2, 0x2f66
 10a:	6e69                	.insn	2, 0x6e69
 10c:	64756c63          	bltu	a0,t2,764 <_prog_start-0xf89c>
 110:	2f65                	.insn	2, 0x2f65
 112:	00737973          	csrrci	s2,0x7,6
 116:	645f 6665 7561      	.insn	6, 0x75616665645f
 11c:	746c                	.insn	2, 0x746c
 11e:	745f 7079 7365      	.insn	6, 0x73657079745f
 124:	682e                	.insn	2, 0x682e
 126:	5f00                	.insn	2, 0x5f00
 128:	69647473          	csrrci	s0,0x696,8
 12c:	746e                	.insn	2, 0x746e
 12e:	682e                	.insn	2, 0x682e
 130:	2f00                	.insn	2, 0x2f00
 132:	6f72                	.insn	2, 0x6f72
 134:	632f746f          	jal	s0,f7766 <dtb+0xe717e>
 138:	6968                	.insn	2, 0x6968
 13a:	7970                	.insn	2, 0x7970
 13c:	7261                	.insn	2, 0x7261
 13e:	2f64                	.insn	2, 0x2f64
 140:	7066                	.insn	2, 0x7066
 142:	732f6167          	.insn	4, 0x732f6167
 146:	6372                	.insn	2, 0x6372
 148:	69616d2f          	.insn	4, 0x69616d2f
 14c:	2f6e                	.insn	2, 0x2f6e
 14e:	6572                	.insn	2, 0x6572
 150:	72756f73          	csrrsi	t5,mhpmevent7h,10
 154:	2f736563          	bltu	t1,s7,43e <_prog_start-0xfbc2>
 158:	637a                	.insn	2, 0x637a
 15a:	3175                	.insn	2, 0x3175
 15c:	3430                	.insn	2, 0x3430
 15e:	6264732f          	.insn	4, 0x6264732f
 162:	2f746f6f          	jal	t5,46c58 <dtb+0x36670>
 166:	6972706b          	.insn	4, 0x6972706b
 16a:	746e                	.insn	2, 0x746e
 16c:	2e66                	.insn	2, 0x2e66
 16e:	722f0063          	beq	t5,sp,88e <_prog_start-0xf772>
 172:	2f746f6f          	jal	t5,46c68 <dtb+0x36680>
 176:	70696863          	bltu	s2,t1,886 <_prog_start-0xf77a>
 17a:	6179                	.insn	2, 0x6179
 17c:	6472                	.insn	2, 0x6472
 17e:	636f2e2f          	amoand.w.rl	t3,s6,(t5)
 182:	616c                	.insn	2, 0x616c
 184:	6e652d77          	.insn	4, 0x6e652d77
 188:	2f76                	.insn	2, 0x2f76
 18a:	6972                	.insn	2, 0x6972
 18c:	2d766373          	csrrsi	t1,0x2d7,12
 190:	6f74                	.insn	2, 0x6f74
 192:	2f736c6f          	jal	s8,36c88 <dtb+0x266a0>
 196:	696c                	.insn	2, 0x696c
 198:	2f62                	.insn	2, 0x2f62
 19a:	2f636367          	.insn	4, 0x2f636367
 19e:	6972                	.insn	2, 0x6972
 1a0:	36766373          	csrrsi	t1,0x367,12
 1a4:	2d34                	.insn	2, 0x2d34
 1a6:	6e75                	.insn	2, 0x6e75
 1a8:	776f6e6b          	.insn	4, 0x776f6e6b
 1ac:	2d6e                	.insn	2, 0x2d6e
 1ae:	6c65                	.insn	2, 0x6c65
 1b0:	2f66                	.insn	2, 0x2f66
 1b2:	3431                	.insn	2, 0x3431
 1b4:	322e                	.insn	2, 0x322e
 1b6:	302e                	.insn	2, 0x302e
 1b8:	636e692f          	.insn	4, 0x636e692f
 1bc:	756c                	.insn	2, 0x756c
 1be:	6564                	.insn	2, 0x6564
 1c0:	6b00                	.insn	2, 0x6b00
 1c2:	7270                	.insn	2, 0x7270
 1c4:	6e69                	.insn	2, 0x6e69
 1c6:	6674                	.insn	2, 0x6674
 1c8:	682e                	.insn	2, 0x682e
 1ca:	7300                	.insn	2, 0x7300
 1cc:	6474                	.insn	2, 0x6474
 1ce:	7261                	.insn	2, 0x7261
 1d0:	00682e67          	.insn	4, 0x00682e67

Disassembly of section .debug_info:

0000000000000000 <.debug_info>:
   0:	0024                	.insn	2, 0x0024
   2:	0000                	.insn	2, 0x
   4:	0005                	.insn	2, 0x0005
   6:	0801                	.insn	2, 0x0801
   8:	0000                	.insn	2, 0x
   a:	0000                	.insn	2, 0x
   c:	0001                	.insn	2, 0x0001
   e:	0000                	.insn	2, 0x
  10:	0000                	.insn	2, 0x
  12:	0100                	.insn	2, 0x0100
  14:	0000                	.insn	2, 0x
  16:	0000                	.insn	2, 0x
  18:	1400                	.insn	2, 0x1400
  1a:	0000                	.insn	2, 0x
  1c:	0000                	.insn	2, 0x
  1e:	003c                	.insn	2, 0x003c
  20:	0000                	.insn	2, 0x
  22:	00000077          	.insn	4, 0x0077
  26:	8001                	.insn	2, 0x8001
  28:	04ed                	.insn	2, 0x04ed
  2a:	0000                	.insn	2, 0x
  2c:	0005                	.insn	2, 0x0005
  2e:	0801                	.insn	2, 0x0801
  30:	0014                	.insn	2, 0x0014
  32:	0000                	.insn	2, 0x
  34:	0000d513          	srli	a0,ra,0x0
  38:	1d00                	.insn	2, 0x1d00
  3a:	00000077          	.insn	4, 0x0077
  3e:	0000                	.insn	2, 0x
  40:	0000                	.insn	2, 0x
  42:	000000cf          	.insn	4, 0x00cf
	...
  4e:	0058                	.insn	2, 0x0058
  50:	0000                	.insn	2, 0x
  52:	1002                	.insn	2, 0x1002
  54:	00009c07          	.insn	4, 0x9c07
  58:	0200                	.insn	2, 0x0200
  5a:	0708                	.insn	2, 0x0708
  5c:	00000177          	.insn	4, 0x0177
  60:	0102                	.insn	2, 0x0102
  62:	5f06                	.insn	2, 0x5f06
  64:	0001                	.insn	2, 0x0001
  66:	0300                	.insn	2, 0x0300
  68:	0092                	.insn	2, 0x0092
  6a:	0000                	.insn	2, 0x
  6c:	2b02                	.insn	2, 0x2b02
  6e:	4b18                	.insn	2, 0x4b18
  70:	0000                	.insn	2, 0x
  72:	0200                	.insn	2, 0x0200
  74:	0801                	.insn	2, 0x0801
  76:	015d                	.insn	2, 0x015d
  78:	0000                	.insn	2, 0x
  7a:	0202                	.insn	2, 0x0202
  7c:	c605                	.insn	2, 0xc605
  7e:	0001                	.insn	2, 0x0001
  80:	0200                	.insn	2, 0x0200
  82:	0702                	.insn	2, 0x0702
  84:	0189                	.insn	2, 0x0189
  86:	0000                	.insn	2, 0x
  88:	0000bb03          	ld	s6,0(ra)
  8c:	0200                	.insn	2, 0x0200
  8e:	184d                	.insn	2, 0x184d
  90:	006c                	.insn	2, 0x006c
  92:	0000                	.insn	2, 0x
  94:	0414                	.insn	2, 0x0414
  96:	6905                	.insn	2, 0x6905
  98:	746e                	.insn	2, 0x746e
  9a:	0300                	.insn	2, 0x0300
  9c:	019c                	.insn	2, 0x019c
  9e:	0000                	.insn	2, 0x
  a0:	4f02                	.insn	2, 0x4f02
  a2:	7f19                	.insn	2, 0x7f19
  a4:	0000                	.insn	2, 0x
  a6:	0200                	.insn	2, 0x0200
  a8:	0704                	.insn	2, 0x0704
  aa:	017c                	.insn	2, 0x017c
  ac:	0000                	.insn	2, 0x
  ae:	0802                	.insn	2, 0x0802
  b0:	ef05                	.insn	2, 0xef05
  b2:	0001                	.insn	2, 0x0001
  b4:	0300                	.insn	2, 0x0300
  b6:	01d0                	.insn	2, 0x01d0
  b8:	0000                	.insn	2, 0x
  ba:	6902                	.insn	2, 0x6902
  bc:	3119                	.insn	2, 0x3119
  be:	0000                	.insn	2, 0x
  c0:	0300                	.insn	2, 0x0300
  c2:	0094                	.insn	2, 0x0094
  c4:	0000                	.insn	2, 0x
  c6:	3f131803          	lh	a6,1009(t1)
  ca:	0000                	.insn	2, 0x
  cc:	0300                	.insn	2, 0x0300
  ce:	00bd                	.insn	2, 0x00bd
  d0:	0000                	.insn	2, 0x
  d2:	60132c03          	lw	s8,1537(t1)
  d6:	0000                	.insn	2, 0x
  d8:	0300                	.insn	2, 0x0300
  da:	019e                	.insn	2, 0x019e
  dc:	0000                	.insn	2, 0x
  de:	73143003          	ld	zero,1841(s0)
  e2:	0000                	.insn	2, 0x
  e4:	0c00                	.insn	2, 0x0c00
  e6:	00b1                	.insn	2, 0x00b1
  e8:	0000                	.insn	2, 0x
  ea:	0001d203          	lhu	tp,0(gp)
  ee:	0300                	.insn	2, 0x0300
  f0:	143c                	.insn	2, 0x143c
  f2:	008d                	.insn	2, 0x008d
  f4:	0000                	.insn	2, 0x
  f6:	c20c                	.insn	2, 0xc20c
  f8:	0000                	.insn	2, 0x
  fa:	0d00                	.insn	2, 0x0d00
  fc:	0202                	.insn	2, 0x0202
  fe:	0000                	.insn	2, 0x
 100:	e611                	.insn	2, 0xe611
 102:	0000                	.insn	2, 0x
 104:	0000                	.insn	2, 0x
 106:	0000                	.insn	2, 0x
 108:	0e64                	.insn	2, 0x0e64
 10a:	00bd                	.insn	2, 0x00bd
 10c:	0000                	.insn	2, 0x
 10e:	0000e10f          	.insn	4, 0xe10f
 112:	0d00                	.insn	2, 0x0d00
 114:	00c5                	.insn	2, 0x00c5
 116:	0000                	.insn	2, 0x
 118:	e612                	.insn	2, 0xe612
 11a:	0000                	.insn	2, 0x
 11c:	0000                	.insn	2, 0x
 11e:	0020                	.insn	2, 0x0020
 120:	1564                	.insn	2, 0x1564
 122:	01ac                	.insn	2, 0x01ac
 124:	0000                	.insn	2, 0x
 126:	1301                	.insn	2, 0x1301
 128:	b111                	.insn	2, 0xb111
 12a:	0000                	.insn	2, 0x
 12c:	0900                	.insn	2, 0x0900
 12e:	00000003          	lb	zero,0(zero) # 0 <_prog_start-0x10000>
 132:	0008                	.insn	2, 0x0008
 134:	0000                	.insn	2, 0x
 136:	1600                	.insn	2, 0x1600
 138:	000001a7          	.insn	4, 0x01a7
 13c:	5901                	.insn	2, 0x5901
 13e:	6c05                	.insn	2, 0x6c05
 140:	0000                	.insn	2, 0x
 142:	5c00                	.insn	2, 0x5c00
 144:	0100                	.insn	2, 0x0100
 146:	0000                	.insn	2, 0x
 148:	0000                	.insn	2, 0x
 14a:	5800                	.insn	2, 0x5800
 14c:	0002                	.insn	2, 0x0002
 14e:	0000                	.insn	2, 0x
 150:	0000                	.insn	2, 0x
 152:	0100                	.insn	2, 0x0100
 154:	f49c                	.insn	2, 0xf49c
 156:	17000003          	lb	zero,368(zero) # 170 <_prog_start-0xfe90>
 15a:	01c0                	.insn	2, 0x01c0
 15c:	0000                	.insn	2, 0x
 15e:	5b01                	.insn	2, 0x5b01
 160:	c20c                	.insn	2, 0xc20c
 162:	0000                	.insn	2, 0x
 164:	0c00                	.insn	2, 0x0c00
 166:	0000                	.insn	2, 0x
 168:	0900                	.insn	2, 0x0900
 16a:	0000048b          	.insn	4, 0x048b
 16e:	005c                	.insn	2, 0x005c
 170:	0001                	.insn	2, 0x0001
 172:	0000                	.insn	2, 0x
 174:	0000                	.insn	2, 0x
 176:	001c                	.insn	2, 0x001c
 178:	0000                	.insn	2, 0x
 17a:	035d                	.insn	2, 0x035d
 17c:	8509                	.insn	2, 0x8509
 17e:	0004                	.insn	2, 0x0004
 180:	8800                	.insn	2, 0x8800
 182:	0100                	.insn	2, 0x0100
 184:	0000                	.insn	2, 0x
 186:	0000                	.insn	2, 0x
 188:	2c00                	.insn	2, 0x2c00
 18a:	0000                	.insn	2, 0x
 18c:	5e00                	.insn	2, 0x5e00
 18e:	040a0403          	lb	s0,64(s4)
 192:	0000                	.insn	2, 0x
 194:	00d8                	.insn	2, 0x00d8
 196:	0001                	.insn	2, 0x0001
 198:	0000                	.insn	2, 0x
 19a:	0000                	.insn	2, 0x
 19c:	003c                	.insn	2, 0x003c
 19e:	0000                	.insn	2, 0x
 1a0:	0565                	.insn	2, 0x0565
 1a2:	01dd                	.insn	2, 0x01dd
 1a4:	0000                	.insn	2, 0x
 1a6:	1401                	.insn	2, 0x1401
 1a8:	0004                	.insn	2, 0x0004
 1aa:	3400                	.insn	2, 0x3400
 1ac:	0000                	.insn	2, 0x
 1ae:	1800                	.insn	2, 0x1800
 1b0:	003c                	.insn	2, 0x003c
 1b2:	0000                	.insn	2, 0x
 1b4:	1f19                	.insn	2, 0x1f19
 1b6:	0004                	.insn	2, 0x0004
 1b8:	0200                	.insn	2, 0x0200
 1ba:	4891                	.insn	2, 0x4891
 1bc:	2b1a                	.insn	2, 0x2b1a
 1be:	0004                	.insn	2, 0x0004
 1c0:	7b00                	.insn	2, 0x7b00
 1c2:	0000                	.insn	2, 0x
 1c4:	0400                	.insn	2, 0x0400
 1c6:	0000046b          	.insn	4, 0x046b
 1ca:	0110                	.insn	2, 0x0110
 1cc:	0001                	.insn	2, 0x0001
 1ce:	0000                	.insn	2, 0x
 1d0:	0000                	.insn	2, 0x
 1d2:	005a                	.insn	2, 0x005a
 1d4:	0000                	.insn	2, 0x
 1d6:	0544                	.insn	2, 0x0544
 1d8:	01ba                	.insn	2, 0x01ba
 1da:	0000                	.insn	2, 0x
 1dc:	7505                	.insn	2, 0x7505
 1de:	0004                	.insn	2, 0x0004
 1e0:	0000                	.insn	2, 0x
 1e2:	6b06                	.insn	2, 0x6b06
 1e4:	0004                	.insn	2, 0x0004
 1e6:	b000                	.insn	2, 0xb000
 1e8:	0101                	.insn	2, 0x0101
 1ea:	0000                	.insn	2, 0x
 1ec:	0000                	.insn	2, 0x
 1ee:	1000                	.insn	2, 0x1000
 1f0:	0000                	.insn	2, 0x
 1f2:	0000                	.insn	2, 0x
 1f4:	0000                	.insn	2, 0x
 1f6:	4e00                	.insn	2, 0x4e00
 1f8:	0105                	.insn	2, 0x0105
 1fa:	0475                	.insn	2, 0x0475
 1fc:	0000                	.insn	2, 0x
 1fe:	00f9                	.insn	2, 0x00f9
 200:	0000                	.insn	2, 0x
 202:	0000                	.insn	2, 0x
 204:	0400                	.insn	2, 0x0400
 206:	0452                	.insn	2, 0x0452
 208:	0000                	.insn	2, 0x
 20a:	0100                	.insn	2, 0x0100
 20c:	0001                	.insn	2, 0x0001
 20e:	0000                	.insn	2, 0x
 210:	0000                	.insn	2, 0x
 212:	006c                	.insn	2, 0x006c
 214:	0000                	.insn	2, 0x
 216:	0564                	.insn	2, 0x0564
 218:	0239                	.insn	2, 0x0239
 21a:	0000                	.insn	2, 0x
 21c:	5c01                	.insn	2, 0x5c01
 21e:	0004                	.insn	2, 0x0004
 220:	0600                	.insn	2, 0x0600
 222:	0001                	.insn	2, 0x0001
 224:	0400                	.insn	2, 0x0400
 226:	0000046b          	.insn	4, 0x046b
 22a:	0100                	.insn	2, 0x0100
 22c:	0001                	.insn	2, 0x0001
 22e:	0000                	.insn	2, 0x
 230:	0000                	.insn	2, 0x
 232:	007f 0000 053a 021e 	.insn	10, 0x021e053a0000007f
 23a:	0000 
 23c:	7501                	.insn	2, 0x7501
 23e:	0004                	.insn	2, 0x0004
 240:	2300                	.insn	2, 0x2300
 242:	0001                	.insn	2, 0x0001
 244:	0000                	.insn	2, 0x
 246:	00046b1b          	.insn	4, 0x00046b1b
 24a:	0800                	.insn	2, 0x0800
 24c:	0101                	.insn	2, 0x0101
 24e:	0000                	.insn	2, 0x
 250:	0000                	.insn	2, 0x
 252:	8f00                	.insn	2, 0x8f00
 254:	0000                	.insn	2, 0x
 256:	0100                	.insn	2, 0x0100
 258:	0738                	.insn	2, 0x0738
 25a:	7505                	.insn	2, 0x7505
 25c:	0004                	.insn	2, 0x0004
 25e:	0000                	.insn	2, 0x
 260:	0400                	.insn	2, 0x0400
 262:	0452                	.insn	2, 0x0452
 264:	0000                	.insn	2, 0x
 266:	01c8                	.insn	2, 0x01c8
 268:	0001                	.insn	2, 0x0001
 26a:	0000                	.insn	2, 0x
 26c:	0000                	.insn	2, 0x
 26e:	009f 0000 0566      	.insn	6, 0x05660000009f
 274:	029c                	.insn	2, 0x029c
 276:	0000                	.insn	2, 0x
 278:	5c01                	.insn	2, 0x5c01
 27a:	0004                	.insn	2, 0x0004
 27c:	3000                	.insn	2, 0x3000
 27e:	0001                	.insn	2, 0x0001
 280:	0700                	.insn	2, 0x0700
 282:	0000046b          	.insn	4, 0x046b
 286:	01d8                	.insn	2, 0x01d8
 288:	0001                	.insn	2, 0x0001
 28a:	0000                	.insn	2, 0x
 28c:	0000                	.insn	2, 0x
 28e:	0010                	.insn	2, 0x0010
 290:	0000                	.insn	2, 0x
 292:	0000                	.insn	2, 0x
 294:	0000                	.insn	2, 0x
 296:	053a                	.insn	2, 0x053a
 298:	027e                	.insn	2, 0x027e
 29a:	0000                	.insn	2, 0x
 29c:	7501                	.insn	2, 0x7501
 29e:	0004                	.insn	2, 0x0004
 2a0:	4d00                	.insn	2, 0x4d00
 2a2:	0001                	.insn	2, 0x0001
 2a4:	0000                	.insn	2, 0x
 2a6:	6b06                	.insn	2, 0x6b06
 2a8:	0004                	.insn	2, 0x0004
 2aa:	f400                	.insn	2, 0xf400
 2ac:	0101                	.insn	2, 0x0101
 2ae:	0000                	.insn	2, 0x
 2b0:	0000                	.insn	2, 0x
 2b2:	1000                	.insn	2, 0x1000
 2b4:	0000                	.insn	2, 0x
 2b6:	0000                	.insn	2, 0x
 2b8:	0000                	.insn	2, 0x
 2ba:	3800                	.insn	2, 0x3800
 2bc:	04750507          	.insn	4, 0x04750507
 2c0:	0000                	.insn	2, 0x
 2c2:	0000                	.insn	2, 0x
 2c4:	00045207          	.insn	4, 0x00045207
 2c8:	3400                	.insn	2, 0x3400
 2ca:	0102                	.insn	2, 0x0102
 2cc:	0000                	.insn	2, 0x
 2ce:	0000                	.insn	2, 0x
 2d0:	3400                	.insn	2, 0x3400
 2d2:	0000                	.insn	2, 0x
 2d4:	0000                	.insn	2, 0x
 2d6:	0000                	.insn	2, 0x
 2d8:	6700                	.insn	2, 0x6700
 2da:	0305                	.insn	2, 0x0305
 2dc:	01000003          	lb	zero,16(zero) # 10 <_prog_start-0xfff0>
 2e0:	045c                	.insn	2, 0x045c
 2e2:	0000                	.insn	2, 0x
 2e4:	015a                	.insn	2, 0x015a
 2e6:	0000                	.insn	2, 0x
 2e8:	00046b07          	.insn	4, 0x00046b07
 2ec:	3c00                	.insn	2, 0x3c00
 2ee:	0102                	.insn	2, 0x0102
 2f0:	0000                	.insn	2, 0x
 2f2:	0000                	.insn	2, 0x
 2f4:	1000                	.insn	2, 0x1000
 2f6:	0000                	.insn	2, 0x
 2f8:	0000                	.insn	2, 0x
 2fa:	0000                	.insn	2, 0x
 2fc:	3a00                	.insn	2, 0x3a00
 2fe:	e505                	.insn	2, 0xe505
 300:	0002                	.insn	2, 0x0002
 302:	0100                	.insn	2, 0x0100
 304:	0475                	.insn	2, 0x0475
 306:	0000                	.insn	2, 0x
 308:	00000167          	jalr	sp,zero # 0 <_prog_start-0x10000>
 30c:	0600                	.insn	2, 0x0600
 30e:	0000046b          	.insn	4, 0x046b
 312:	0258                	.insn	2, 0x0258
 314:	0001                	.insn	2, 0x0001
 316:	0000                	.insn	2, 0x
 318:	0000                	.insn	2, 0x
 31a:	0010                	.insn	2, 0x0010
 31c:	0000                	.insn	2, 0x
 31e:	0000                	.insn	2, 0x
 320:	0000                	.insn	2, 0x
 322:	0738                	.insn	2, 0x0738
 324:	7505                	.insn	2, 0x7505
 326:	0004                	.insn	2, 0x0004
 328:	0000                	.insn	2, 0x
 32a:	0700                	.insn	2, 0x0700
 32c:	0452                	.insn	2, 0x0452
 32e:	0000                	.insn	2, 0x
 330:	0268                	.insn	2, 0x0268
 332:	0001                	.insn	2, 0x0001
 334:	0000                	.insn	2, 0x
 336:	0000                	.insn	2, 0x
 338:	0018                	.insn	2, 0x0018
 33a:	0000                	.insn	2, 0x
 33c:	0000                	.insn	2, 0x
 33e:	0000                	.insn	2, 0x
 340:	0568                	.insn	2, 0x0568
 342:	0366                	.insn	2, 0x0366
 344:	0000                	.insn	2, 0x
 346:	5c05                	.insn	2, 0x5c05
 348:	0004                	.insn	2, 0x0004
 34a:	0700                	.insn	2, 0x0700
 34c:	0000046b          	.insn	4, 0x046b
 350:	0268                	.insn	2, 0x0268
 352:	0001                	.insn	2, 0x0001
 354:	0000                	.insn	2, 0x
 356:	0000                	.insn	2, 0x
 358:	000c                	.insn	2, 0x000c
 35a:	0000                	.insn	2, 0x
 35c:	0000                	.insn	2, 0x
 35e:	0000                	.insn	2, 0x
 360:	0738                	.insn	2, 0x0738
 362:	0344                	.insn	2, 0x0344
 364:	0000                	.insn	2, 0x
 366:	7505                	.insn	2, 0x7505
 368:	0004                	.insn	2, 0x0004
 36a:	0000                	.insn	2, 0x
 36c:	6b06                	.insn	2, 0x6b06
 36e:	0004                	.insn	2, 0x0004
 370:	7400                	.insn	2, 0x7400
 372:	0102                	.insn	2, 0x0102
 374:	0000                	.insn	2, 0x
 376:	0000                	.insn	2, 0x
 378:	0c00                	.insn	2, 0x0c00
 37a:	0000                	.insn	2, 0x
 37c:	0000                	.insn	2, 0x
 37e:	0000                	.insn	2, 0x
 380:	3a00                	.insn	2, 0x3a00
 382:	0105                	.insn	2, 0x0105
 384:	0475                	.insn	2, 0x0475
 386:	0000                	.insn	2, 0x
 388:	0174                	.insn	2, 0x0174
 38a:	0000                	.insn	2, 0x
 38c:	0000                	.insn	2, 0x
 38e:	7f09                	.insn	2, 0x7f09
 390:	0004                	.insn	2, 0x0004
 392:	8000                	.insn	2, 0x8000
 394:	0102                	.insn	2, 0x0102
 396:	0000                	.insn	2, 0x
 398:	0000                	.insn	2, 0x
 39a:	af00                	.insn	2, 0xaf00
 39c:	0000                	.insn	2, 0x
 39e:	6900                	.insn	2, 0x6900
 3a0:	0405                	.insn	2, 0x0405
 3a2:	03f4                	.insn	2, 0x03f4
 3a4:	0000                	.insn	2, 0x
 3a6:	0288                	.insn	2, 0x0288
 3a8:	0001                	.insn	2, 0x0001
 3aa:	0000                	.insn	2, 0x
 3ac:	0000                	.insn	2, 0x
 3ae:	000000bf 039a056a 	.insn	8, 0x039a056a000000bf
 3b6:	0000                	.insn	2, 0x
 3b8:	fe1c                	.insn	2, 0xfe1c
 3ba:	20000003          	lb	zero,512(zero) # 200 <_prog_start-0xfe00>
 3be:	bebc                	.insn	2, 0xbebc
 3c0:	0000                	.insn	2, 0x
 3c2:	c010                	.insn	2, 0xc010
 3c4:	0100                	.insn	2, 0x0100
 3c6:	0000                	.insn	2, 0x
 3c8:	0000                	.insn	2, 0x
 3ca:	5200                	.insn	2, 0x5200
 3cc:	0004                	.insn	2, 0x0004
 3ce:	b900                	.insn	2, 0xb900
 3d0:	0a000003          	lb	zero,160(zero) # a0 <_prog_start-0xff60>
 3d4:	5a01                	.insn	2, 0x5a01
 3d6:	0309                	.insn	2, 0x0309
 3d8:	0538                	.insn	2, 0x0538
 3da:	0001                	.insn	2, 0x0001
 3dc:	0000                	.insn	2, 0x
 3de:	0000                	.insn	2, 0x
 3e0:	1000                	.insn	2, 0x1000
 3e2:	00cc                	.insn	2, 0x00cc
 3e4:	0001                	.insn	2, 0x0001
 3e6:	0000                	.insn	2, 0x
 3e8:	0000                	.insn	2, 0x
 3ea:	0452                	.insn	2, 0x0452
 3ec:	0000                	.insn	2, 0x
 3ee:	03d8                	.insn	2, 0x03d8
 3f0:	0000                	.insn	2, 0x
 3f2:	010a                	.insn	2, 0x010a
 3f4:	095a                	.insn	2, 0x095a
 3f6:	01055803          	lhu	a6,16(a0)
 3fa:	0000                	.insn	2, 0x
 3fc:	0000                	.insn	2, 0x
 3fe:	0000                	.insn	2, 0x
 400:	d81d                	.insn	2, 0xd81d
 402:	0100                	.insn	2, 0x0100
 404:	0000                	.insn	2, 0x
 406:	0000                	.insn	2, 0x
 408:	5200                	.insn	2, 0x5200
 40a:	0004                	.insn	2, 0x0004
 40c:	0a00                	.insn	2, 0x0a00
 40e:	5a01                	.insn	2, 0x5a01
 410:	0309                	.insn	2, 0x0309
 412:	0578                	.insn	2, 0x0578
 414:	0001                	.insn	2, 0x0001
 416:	0000                	.insn	2, 0x
 418:	0000                	.insn	2, 0x
 41a:	0000                	.insn	2, 0x
 41c:	8508                	.insn	2, 0x8508
 41e:	0000                	.insn	2, 0x
 420:	5200                	.insn	2, 0x5200
 422:	040a                	.insn	2, 0x040a
 424:	0000                	.insn	2, 0x
 426:	8b11                	.insn	2, 0x8b11
 428:	0000                	.insn	2, 0x
 42a:	5200                	.insn	2, 0x5200
 42c:	ce2c                	.insn	2, 0xce2c
 42e:	0000                	.insn	2, 0x
 430:	0000                	.insn	2, 0x
 432:	db08                	.insn	2, 0xdb08
 434:	0001                	.insn	2, 0x0001
 436:	3e00                	.insn	2, 0x3e00
 438:	0436                	.insn	2, 0x0436
 43a:	0000                	.insn	2, 0x
 43c:	b511                	.insn	2, 0xb511
 43e:	0000                	.insn	2, 0x
 440:	3e00                	.insn	2, 0x3e00
 442:	c220                	.insn	2, 0xc220
 444:	0000                	.insn	2, 0x
 446:	1e00                	.insn	2, 0x1e00
 448:	00ae                	.insn	2, 0x00ae
 44a:	0000                	.insn	2, 0x
 44c:	4001                	.insn	2, 0x4001
 44e:	3608                	.insn	2, 0x3608
 450:	0004                	.insn	2, 0x0004
 452:	1f00                	.insn	2, 0x1f00
 454:	0069                	.insn	2, 0x0069
 456:	4101                	.insn	2, 0x4101
 458:	00006c07          	.insn	4, 0x6c07
 45c:	0000                	.insn	2, 0x
 45e:	4620                	.insn	2, 0x4620
 460:	0004                	.insn	2, 0x0004
 462:	4600                	.insn	2, 0x4600
 464:	0004                	.insn	2, 0x0004
 466:	2100                	.insn	2, 0x2100
 468:	0031                	.insn	2, 0x0031
 46a:	0000                	.insn	2, 0x
 46c:	0014                	.insn	2, 0x0014
 46e:	0102                	.insn	2, 0x0102
 470:	6608                	.insn	2, 0x6608
 472:	0001                	.insn	2, 0x0001
 474:	0f00                	.insn	2, 0x0f00
 476:	0446                	.insn	2, 0x0446
 478:	0000                	.insn	2, 0x
 47a:	f808                	.insn	2, 0xf808
 47c:	0001                	.insn	2, 0x0001
 47e:	3400                	.insn	2, 0x3400
 480:	0466                	.insn	2, 0x0466
 482:	0000                	.insn	2, 0x
 484:	7312                	.insn	2, 0x7312
 486:	3400                	.insn	2, 0x3400
 488:	00046623          	.insn	4, 0x00046623
 48c:	0000                	.insn	2, 0x
 48e:	4d0e                	.insn	2, 0x4d0e
 490:	0004                	.insn	2, 0x0004
 492:	0800                	.insn	2, 0x0800
 494:	01e5                	.insn	2, 0x01e5
 496:	0000                	.insn	2, 0x
 498:	7f2d                	.insn	2, 0x7f2d
 49a:	0004                	.insn	2, 0x0004
 49c:	1200                	.insn	2, 0x1200
 49e:	1c2d0063          	beq	s10,sp,65e <_prog_start-0xf9a2>
 4a2:	0446                	.insn	2, 0x0446
 4a4:	0000                	.insn	2, 0x
 4a6:	0b00                	.insn	2, 0x0b00
 4a8:	0000016b          	.insn	4, 0x016b
 4ac:	01b60b27          	.insn	4, 0x01b60b27
 4b0:	0000                	.insn	2, 0x
 4b2:	0b1c                	.insn	2, 0x0b1c
 4b4:	000000cb          	.insn	4, 0x00cb
 4b8:	2215                	.insn	2, 0x2215
 4ba:	0452                	.insn	2, 0x0452
 4bc:	0000                	.insn	2, 0x
 4be:	0010                	.insn	2, 0x0010
 4c0:	0001                	.insn	2, 0x0001
 4c2:	0000                	.insn	2, 0x
 4c4:	0000                	.insn	2, 0x
 4c6:	004c                	.insn	2, 0x004c
 4c8:	0000                	.insn	2, 0x
 4ca:	0000                	.insn	2, 0x
 4cc:	0000                	.insn	2, 0x
 4ce:	9c01                	.insn	2, 0x9c01
 4d0:	5c01                	.insn	2, 0x5c01
 4d2:	0004                	.insn	2, 0x0004
 4d4:	8200                	.insn	2, 0x8200
 4d6:	0001                	.insn	2, 0x0001
 4d8:	0400                	.insn	2, 0x0400
 4da:	0000046b          	.insn	4, 0x046b
 4de:	001c                	.insn	2, 0x001c
 4e0:	0001                	.insn	2, 0x0001
 4e2:	0000                	.insn	2, 0x
 4e4:	0000                	.insn	2, 0x
 4e6:	000c                	.insn	2, 0x000c
 4e8:	0000                	.insn	2, 0x
 4ea:	0738                	.insn	2, 0x0738
 4ec:	04ce                	.insn	2, 0x04ce
 4ee:	0000                	.insn	2, 0x
 4f0:	7505                	.insn	2, 0x7505
 4f2:	0004                	.insn	2, 0x0004
 4f4:	0000                	.insn	2, 0x
 4f6:	6b06                	.insn	2, 0x6b06
 4f8:	0004                	.insn	2, 0x0004
 4fa:	3000                	.insn	2, 0x3000
 4fc:	0100                	.insn	2, 0x0100
 4fe:	0000                	.insn	2, 0x
 500:	0000                	.insn	2, 0x
 502:	1000                	.insn	2, 0x1000
 504:	0000                	.insn	2, 0x
 506:	0000                	.insn	2, 0x
 508:	0000                	.insn	2, 0x
 50a:	3a00                	.insn	2, 0x3a00
 50c:	0105                	.insn	2, 0x0105
 50e:	0475                	.insn	2, 0x0475
 510:	0000                	.insn	2, 0x
 512:	0196                	.insn	2, 0x0196
 514:	0000                	.insn	2, 0x
 516:	0000                	.insn	2, 0x
 518:	a400                	.insn	2, 0xa400
 51a:	05000003          	lb	zero,80(zero) # 50 <_prog_start-0xffb0>
 51e:	0100                	.insn	2, 0x0100
 520:	ec08                	.insn	2, 0xec08
 522:	0001                	.insn	2, 0x0001
 524:	1400                	.insn	2, 0x1400
 526:	00d5                	.insn	2, 0x00d5
 528:	0000                	.insn	2, 0x
 52a:	311d                	.insn	2, 0x311d
 52c:	0001                	.insn	2, 0x0001
 52e:	0000                	.insn	2, 0x
 530:	0000                	.insn	2, 0x
 532:	b400                	.insn	2, 0xb400
 534:	0102                	.insn	2, 0x0102
 536:	0000                	.insn	2, 0x
 538:	0000                	.insn	2, 0x
 53a:	0000                	.insn	2, 0x
 53c:	0002                	.insn	2, 0x0002
 53e:	0000                	.insn	2, 0x
 540:	0000                	.insn	2, 0x
 542:	5200                	.insn	2, 0x5200
 544:	0008                	.insn	2, 0x0008
 546:	0300                	.insn	2, 0x0300
 548:	0232                	.insn	2, 0x0232
 54a:	0000                	.insn	2, 0x
 54c:	3a1b2803          	lw	a6,929(s6)
 550:	0000                	.insn	2, 0x
 552:	1500                	.insn	2, 0x1500
 554:	1008                	.insn	2, 0x1008
 556:	0002                	.insn	2, 0x0002
 558:	0300                	.insn	2, 0x0300
 55a:	0239                	.insn	2, 0x0239
 55c:	0000                	.insn	2, 0x
 55e:	2e186703          	lwu	a4,737(a6)
 562:	0000                	.insn	2, 0x
 564:	0100                	.insn	2, 0x0100
 566:	0601                	.insn	2, 0x0601
 568:	015f 0000 0101      	.insn	6, 0x01010000015f
 56e:	5d08                	.insn	2, 0x5d08
 570:	0001                	.insn	2, 0x0001
 572:	0100                	.insn	2, 0x0100
 574:	0502                	.insn	2, 0x0502
 576:	01c6                	.insn	2, 0x01c6
 578:	0000                	.insn	2, 0x
 57a:	0201                	.insn	2, 0x0201
 57c:	00018907          	.insn	4, 0x00018907
 580:	0300                	.insn	2, 0x0300
 582:	000000bb          	addw	ra,zero,zero
 586:	4d04                	.insn	2, 0x4d04
 588:	7418                	.insn	2, 0x7418
 58a:	0000                	.insn	2, 0x
 58c:	1600                	.insn	2, 0x1600
 58e:	0504                	.insn	2, 0x0504
 590:	6e69                	.insn	2, 0x6e69
 592:	0074                	.insn	2, 0x0074
 594:	00019c03          	lh	s8,0(gp)
 598:	0400                	.insn	2, 0x0400
 59a:	0087194f          	.insn	4, 0x0087194f
 59e:	0000                	.insn	2, 0x
 5a0:	0401                	.insn	2, 0x0401
 5a2:	00017c07          	.insn	4, 0x00017c07
 5a6:	0100                	.insn	2, 0x0100
 5a8:	0508                	.insn	2, 0x0508
 5aa:	000001ef          	jal	gp,5aa <_prog_start-0xfa56>
 5ae:	0801                	.insn	2, 0x0801
 5b0:	00017707          	.insn	4, 0x00017707
 5b4:	0300                	.insn	2, 0x0300
 5b6:	00bd                	.insn	2, 0x00bd
 5b8:	0000                	.insn	2, 0x
 5ba:	2c05                	.insn	2, 0x2c05
 5bc:	00006813          	ori	a6,zero,0
 5c0:	0300                	.insn	2, 0x0300
 5c2:	019e                	.insn	2, 0x019e
 5c4:	0000                	.insn	2, 0x
 5c6:	3005                	.insn	2, 0x3005
 5c8:	7b14                	.insn	2, 0x7b14
 5ca:	0000                	.insn	2, 0x
 5cc:	1700                	.insn	2, 0x1700
 5ce:	00a8                	.insn	2, 0x00a8
 5d0:	0000                	.insn	2, 0x
 5d2:	5218                	.insn	2, 0x5218
 5d4:	0002                	.insn	2, 0x0002
 5d6:	0200                	.insn	2, 0x0200
 5d8:	00ce2213          	slti	tp,t3,12
 5dc:	0000                	.insn	2, 0x
 5de:	0000                	.insn	2, 0x
 5e0:	6400                	.insn	2, 0x6400
 5e2:	b40c                	.insn	2, 0xb40c
 5e4:	0000                	.insn	2, 0x
 5e6:	0d00                	.insn	2, 0x0d00
 5e8:	00c9                	.insn	2, 0x00c9
 5ea:	0000                	.insn	2, 0x
 5ec:	2a0e                	.insn	2, 0x2a0e
 5ee:	0002                	.insn	2, 0x0002
 5f0:	1600                	.insn	2, 0x1600
 5f2:	0304                	.insn	2, 0x0304
 5f4:	0001                	.insn	2, 0x0001
 5f6:	0000                	.insn	2, 0x
 5f8:	0000                	.insn	2, 0x
 5fa:	01b0                	.insn	2, 0x01b0
 5fc:	0000                	.insn	2, 0x
 5fe:	0000                	.insn	2, 0x
 600:	0000                	.insn	2, 0x
 602:	9c01                	.insn	2, 0x9c01
 604:	0000026b          	.insn	4, 0x026b
 608:	746d660f          	.insn	4, 0x746d660f
 60c:	1600                	.insn	2, 0x1600
 60e:	6b1a                	.insn	2, 0x6b1a
 610:	0002                	.insn	2, 0x0002
 612:	af00                	.insn	2, 0xaf00
 614:	0001                	.insn	2, 0x0001
 616:	1900                	.insn	2, 0x1900
 618:	761a                	.insn	2, 0x761a
 61a:	006c                	.insn	2, 0x006c
 61c:	1801                	.insn	2, 0x1801
 61e:	400a                	.insn	2, 0x400a
 620:	0000                	.insn	2, 0x
 622:	0300                	.insn	2, 0x0300
 624:	b891                	.insn	2, 0xb891
 626:	087f 0241 0000 7c07 	.insn	10, 0x00027c0700000241087f
 62e:	0002 
 630:	0a00                	.insn	2, 0x0a00
 632:	0002                	.insn	2, 0x0002
 634:	0800                	.insn	2, 0x0800
 636:	0222                	.insn	2, 0x0222
 638:	0000                	.insn	2, 0x
 63a:	7c12                	.insn	2, 0x7c12
 63c:	0002                	.insn	2, 0x0002
 63e:	4a00                	.insn	2, 0x4a00
 640:	0002                	.insn	2, 0x0002
 642:	0800                	.insn	2, 0x0800
 644:	0208                	.insn	2, 0x0208
 646:	0000                	.insn	2, 0x
 648:	00027c1b          	.insn	4, 0x00027c1b
 64c:	8100                	.insn	2, 0x8100
 64e:	0002                	.insn	2, 0x0002
 650:	0700                	.insn	2, 0x0700
 652:	071a0063          	beq	s4,a7,6b2 <_prog_start-0xf94e>
 656:	0270                	.insn	2, 0x0270
 658:	0000                	.insn	2, 0x
 65a:	02b8                	.insn	2, 0x02b8
 65c:	0000                	.insn	2, 0x
 65e:	0000fc1b          	.insn	4, 0xfc1b
 662:	a900                	.insn	2, 0xa900
 664:	0001                	.insn	2, 0x0001
 666:	0700                	.insn	2, 0x0700
 668:	006e                	.insn	2, 0x006e
 66a:	132a                	.insn	2, 0x132a
 66c:	0095                	.insn	2, 0x0095
 66e:	0000                	.insn	2, 0x
 670:	000002f7          	.insn	4, 0x02f7
 674:	2b006907          	.insn	4, 0x2b006907
 678:	8e0a                	.insn	2, 0x8e0a
 67a:	0000                	.insn	2, 0x
 67c:	0600                	.insn	2, 0x0600
 67e:	06000003          	lb	zero,96(zero) # 60 <_prog_start-0xffa0>
 682:	00000107          	.insn	4, 0x0107
 686:	34006407          	.insn	4, 0x34006407
 68a:	00008e0b          	.insn	4, 0x8e0b
 68e:	1700                	.insn	2, 0x1700
 690:	10000003          	lb	zero,256(zero) # 100 <_prog_start-0xff00>
 694:	037e                	.insn	2, 0x037e
 696:	0000                	.insn	2, 0x
 698:	03c0                	.insn	2, 0x03c0
 69a:	0001                	.insn	2, 0x0001
 69c:	0000                	.insn	2, 0x
 69e:	0000                	.insn	2, 0x
 6a0:	0112                	.insn	2, 0x0112
 6a2:	0000                	.insn	2, 0x
 6a4:	0636                	.insn	2, 0x0636
 6a6:	8704                	.insn	2, 0x8704
 6a8:	06000003          	lb	zero,96(zero) # 60 <_prog_start-0xffa0>
 6ac:	0112                	.insn	2, 0x0112
 6ae:	0000                	.insn	2, 0x
 6b0:	9105                	.insn	2, 0x9105
 6b2:	02000003          	lb	zero,32(zero) # 20 <_prog_start-0xffe0>
 6b6:	039c                	.insn	2, 0x039c
 6b8:	0000                	.insn	2, 0x
 6ba:	0330                	.insn	2, 0x0330
 6bc:	0000                	.insn	2, 0x
 6be:	0000                	.insn	2, 0x
 6c0:	0000                	.insn	2, 0x
 6c2:	7e11                	.insn	2, 0x7e11
 6c4:	48000003          	lb	zero,1152(zero) # 480 <_prog_start-0xfb80>
 6c8:	00000103          	lb	sp,0(zero) # 0 <_prog_start-0x10000>
 6cc:	0000                	.insn	2, 0x
 6ce:	f100                	.insn	2, 0xf100
 6d0:	0000                	.insn	2, 0x
 6d2:	4700                	.insn	2, 0x4700
 6d4:	da04                	.insn	2, 0xda04
 6d6:	0001                	.insn	2, 0x0001
 6d8:	0400                	.insn	2, 0x0400
 6da:	00000387          	.insn	4, 0x0387
 6de:	f106                	.insn	2, 0xf106
 6e0:	0000                	.insn	2, 0x
 6e2:	0500                	.insn	2, 0x0500
 6e4:	0391                	.insn	2, 0x0391
 6e6:	0000                	.insn	2, 0x
 6e8:	9c02                	.insn	2, 0x9c02
 6ea:	38000003          	lb	zero,896(zero) # 380 <_prog_start-0xfc80>
 6ee:	00000003          	lb	zero,0(zero) # 0 <_prog_start-0x10000>
 6f2:	1100                	.insn	2, 0x1100
 6f4:	037e                	.insn	2, 0x037e
 6f6:	0000                	.insn	2, 0x
 6f8:	0408                	.insn	2, 0x0408
 6fa:	0001                	.insn	2, 0x0001
 6fc:	0000                	.insn	2, 0x
 6fe:	0000                	.insn	2, 0x
 700:	011d                	.insn	2, 0x011d
 702:	0000                	.insn	2, 0x
 704:	053e                	.insn	2, 0x053e
 706:	00000213          	li	tp,0
 70a:	8709                	.insn	2, 0x8709
 70c:	40000003          	lb	zero,1024(zero) # 400 <_prog_start-0xfc00>
 710:	06000003          	lb	zero,96(zero) # 60 <_prog_start-0xffa0>
 714:	011d                	.insn	2, 0x011d
 716:	0000                	.insn	2, 0x
 718:	9102                	.insn	2, 0x9102
 71a:	48000003          	lb	zero,1152(zero) # 480 <_prog_start-0xfb80>
 71e:	02000003          	lb	zero,32(zero) # 20 <_prog_start-0xffe0>
 722:	039c                	.insn	2, 0x039c
 724:	0000                	.insn	2, 0x
 726:	00000353          	.insn	4, 0x0353
 72a:	0000                	.insn	2, 0x
 72c:	5c10                	.insn	2, 0x5c10
 72e:	3c000003          	lb	zero,960(zero) # 3c0 <_prog_start-0xfc40>
 732:	0104                	.insn	2, 0x0104
 734:	0000                	.insn	2, 0x
 736:	0000                	.insn	2, 0x
 738:	2d00                	.insn	2, 0x2d00
 73a:	0001                	.insn	2, 0x0001
 73c:	3b00                	.insn	2, 0x3b00
 73e:	0905                	.insn	2, 0x0905
 740:	0369                	.insn	2, 0x0369
 742:	0000                	.insn	2, 0x
 744:	0000035b          	.insn	4, 0x035b
 748:	2d06                	.insn	2, 0x2d06
 74a:	0001                	.insn	2, 0x0001
 74c:	0200                	.insn	2, 0x0200
 74e:	00000373          	.insn	4, 0x0373
 752:	00000363          	beqz	zero,758 <_prog_start-0xf8a8>
 756:	7e0a                	.insn	2, 0x7e0a
 758:	4c000003          	lb	zero,1216(zero) # 4c0 <_prog_start-0xfb40>
 75c:	0104                	.insn	2, 0x0104
 75e:	0000                	.insn	2, 0x
 760:	0000                	.insn	2, 0x
 762:	1000                	.insn	2, 0x1000
 764:	0000                	.insn	2, 0x
 766:	0000                	.insn	2, 0x
 768:	0000                	.insn	2, 0x
 76a:	0c00                	.insn	2, 0x0c00
 76c:	03870403          	lb	s0,56(a4)
 770:	0000                	.insn	2, 0x
 772:	9105                	.insn	2, 0x9105
 774:	02000003          	lb	zero,32(zero) # 20 <_prog_start-0xffe0>
 778:	039c                	.insn	2, 0x039c
 77a:	0000                	.insn	2, 0x
 77c:	0372                	.insn	2, 0x0372
 77e:	0000                	.insn	2, 0x
 780:	0000                	.insn	2, 0x
 782:	0000                	.insn	2, 0x
 784:	770c                	.insn	2, 0x770c
 786:	0002                	.insn	2, 0x0002
 788:	0100                	.insn	2, 0x0100
 78a:	0801                	.insn	2, 0x0801
 78c:	0166                	.insn	2, 0x0166
 78e:	0000                	.insn	2, 0x
 790:	700d                	.insn	2, 0x700d
 792:	0002                	.insn	2, 0x0002
 794:	0100                	.insn	2, 0x0100
 796:	0201                	.insn	2, 0x0201
 798:	025d                	.insn	2, 0x025d
 79a:	0000                	.insn	2, 0x
 79c:	4c0e                	.insn	2, 0x4c0e
 79e:	0002                	.insn	2, 0x0002
 7a0:	0f00                	.insn	2, 0x0f00
 7a2:	02b4                	.insn	2, 0x02b4
 7a4:	0001                	.insn	2, 0x0001
 7a6:	0000                	.insn	2, 0x
 7a8:	0000                	.insn	2, 0x
 7aa:	0050                	.insn	2, 0x0050
 7ac:	0000                	.insn	2, 0x
 7ae:	0000                	.insn	2, 0x
 7b0:	0000                	.insn	2, 0x
 7b2:	9c01                	.insn	2, 0x9c01
 7b4:	035c                	.insn	2, 0x035c
 7b6:	0000                	.insn	2, 0x
 7b8:	0f00730f          	.insn	4, 0x0f00730f
 7bc:	6b18                	.insn	2, 0x6b18
 7be:	0002                	.insn	2, 0x0002
 7c0:	7a00                	.insn	2, 0x7a00
 7c2:	12000003          	lb	zero,288(zero) # 120 <_prog_start-0xfee0>
 7c6:	035c                	.insn	2, 0x035c
 7c8:	0000                	.insn	2, 0x
 7ca:	02b4                	.insn	2, 0x02b4
 7cc:	0001                	.insn	2, 0x0001
 7ce:	0000                	.insn	2, 0x
 7d0:	0000                	.insn	2, 0x
 7d2:	0024                	.insn	2, 0x0024
 7d4:	0000                	.insn	2, 0x
 7d6:	0000                	.insn	2, 0x
 7d8:	0000                	.insn	2, 0x
 7da:	0411                	.insn	2, 0x0411
 7dc:	09000003          	lb	zero,144(zero) # 90 <_prog_start-0xff70>
 7e0:	0369                	.insn	2, 0x0369
 7e2:	0000                	.insn	2, 0x
 7e4:	0388                	.insn	2, 0x0388
 7e6:	0000                	.insn	2, 0x
 7e8:	7302                	.insn	2, 0x7302
 7ea:	8e000003          	lb	zero,-1824(zero) # fffffffffffff8e0 <_sp+0xfffffffff7fef8e0>
 7ee:	0a000003          	lb	zero,160(zero) # a0 <_prog_start-0xff60>
 7f2:	037e                	.insn	2, 0x037e
 7f4:	0000                	.insn	2, 0x
 7f6:	02bc                	.insn	2, 0x02bc
 7f8:	0001                	.insn	2, 0x0001
 7fa:	0000                	.insn	2, 0x
 7fc:	0000                	.insn	2, 0x
 7fe:	0010                	.insn	2, 0x0010
 800:	0000                	.insn	2, 0x
 802:	0000                	.insn	2, 0x
 804:	0000                	.insn	2, 0x
 806:	030c                	.insn	2, 0x030c
 808:	8704                	.insn	2, 0x8704
 80a:	05000003          	lb	zero,80(zero) # 50 <_prog_start-0xffb0>
 80e:	0391                	.insn	2, 0x0391
 810:	0000                	.insn	2, 0x
 812:	9c02                	.insn	2, 0x9c02
 814:	99000003          	lb	zero,-1648(zero) # fffffffffffff990 <_sp+0xfffffffff7fef990>
 818:	00000003          	lb	zero,0(zero) # 0 <_prog_start-0x10000>
 81c:	1200                	.insn	2, 0x1200
 81e:	037e                	.insn	2, 0x037e
 820:	0000                	.insn	2, 0x
 822:	02d8                	.insn	2, 0x02d8
 824:	0001                	.insn	2, 0x0001
 826:	0000                	.insn	2, 0x
 828:	0000                	.insn	2, 0x
 82a:	0014                	.insn	2, 0x0014
 82c:	0000                	.insn	2, 0x
 82e:	0000                	.insn	2, 0x
 830:	0000                	.insn	2, 0x
 832:	3212                	.insn	2, 0x3212
 834:	04000003          	lb	zero,64(zero) # 40 <_prog_start-0xffc0>
 838:	00000387          	.insn	4, 0x0387
 83c:	9105                	.insn	2, 0x9105
 83e:	02000003          	lb	zero,32(zero) # 20 <_prog_start-0xffe0>
 842:	039c                	.insn	2, 0x039c
 844:	0000                	.insn	2, 0x
 846:	039f 0000 0a00      	.insn	6, 0x0a000000039f
 84c:	037e                	.insn	2, 0x037e
 84e:	0000                	.insn	2, 0x
 850:	02ec                	.insn	2, 0x02ec
 852:	0001                	.insn	2, 0x0001
 854:	0000                	.insn	2, 0x
 856:	0000                	.insn	2, 0x
 858:	0014                	.insn	2, 0x0014
 85a:	0000                	.insn	2, 0x
 85c:	0000                	.insn	2, 0x
 85e:	0000                	.insn	2, 0x
 860:	87040213          	addi	tp,s0,-1936
 864:	05000003          	lb	zero,80(zero) # 50 <_prog_start-0xffb0>
 868:	0391                	.insn	2, 0x0391
 86a:	0000                	.insn	2, 0x
 86c:	9c1c                	.insn	2, 0x9c1c
 86e:	01000003          	lb	zero,16(zero) # 10 <_prog_start-0xfff0>
 872:	005d                	.insn	2, 0x005d
 874:	1d00                	.insn	2, 0x1d00
 876:	0000024b          	.insn	4, 0x024b
 87a:	0801                	.insn	2, 0x0801
 87c:	0314                	.insn	2, 0x0314
 87e:	037e                	.insn	2, 0x037e
 880:	0000                	.insn	2, 0x
 882:	01007313          	andi	t1,zero,16
 886:	2708                	.insn	2, 0x2708
 888:	0000026b          	.insn	4, 0x026b
 88c:	0100630b          	.insn	4, 0x0100630b
 890:	070a                	.insn	2, 0x070a
 892:	0270                	.insn	2, 0x0270
 894:	0000                	.insn	2, 0x
 896:	1e00                	.insn	2, 0x1e00
 898:	00000257          	.insn	4, 0x0257
 89c:	1502                	.insn	2, 0x1502
 89e:	0314                	.insn	2, 0x0314
 8a0:	02006313          	ori	t1,zero,32
 8a4:	1f15                	.insn	2, 0x1f15
 8a6:	0270                	.insn	2, 0x0270
 8a8:	0000                	.insn	2, 0x
 8aa:	0078740b          	.insn	4, 0x0078740b
 8ae:	1702                	.insn	2, 0x1702
 8b0:	c915                	.insn	2, 0xc915
 8b2:	0000                	.insn	2, 0x
 8b4:	0b00                	.insn	2, 0x0b00
 8b6:	0072                	.insn	2, 0x0072
 8b8:	1902                	.insn	2, 0x1902
 8ba:	9c0a                	.insn	2, 0x9c0a
 8bc:	0000                	.insn	2, 0x
 8be:	0000                	.insn	2, 0x
	...

Disassembly of section .debug_abbrev:

0000000000000000 <.debug_abbrev>:
   0:	1101                	.insn	2, 0x1101
   2:	1000                	.insn	2, 0x1000
   4:	12011117          	auipc	sp,0x12011
   8:	1b0e030f          	.insn	4, 0x1b0e030f
   c:	250e                	.insn	2, 0x250e
   e:	130e                	.insn	2, 0x130e
  10:	0005                	.insn	2, 0x0005
  12:	0000                	.insn	2, 0x
  14:	0501                	.insn	2, 0x0501
  16:	3100                	.insn	2, 0x3100
  18:	00170213          	addi	tp,a4,1
  1c:	0200                	.insn	2, 0x0200
  1e:	0024                	.insn	2, 0x0024
  20:	0b3e0b0b          	.insn	4, 0x0b3e0b0b
  24:	00000e03          	lb	t3,0(zero) # 0 <_prog_start-0x10000>
  28:	03001603          	lh	a2,48(zero) # 30 <_prog_start-0xffd0>
  2c:	3a0e                	.insn	2, 0x3a0e
  2e:	390b3b0b          	.insn	4, 0x390b3b0b
  32:	0013490b          	.insn	4, 0x0013490b
  36:	0400                	.insn	2, 0x0400
  38:	011d                	.insn	2, 0x011d
  3a:	1331                	.insn	2, 0x1331
  3c:	0152                	.insn	2, 0x0152
  3e:	1755                	.insn	2, 0x1755
  40:	2158                	.insn	2, 0x2158
  42:	5901                	.insn	2, 0x5901
  44:	010b570b          	.insn	4, 0x010b570b
  48:	05000013          	li	zero,80
  4c:	0005                	.insn	2, 0x0005
  4e:	1331                	.insn	2, 0x1331
  50:	0000                	.insn	2, 0x
  52:	1d06                	.insn	2, 0x1d06
  54:	3101                	.insn	2, 0x3101
  56:	12011113          	.insn	4, 0x12011113
  5a:	01215807          	.insn	4, 0x01215807
  5e:	0b59                	.insn	2, 0x0b59
  60:	00000b57          	.insn	4, 0x0b57
  64:	31011d07          	.insn	4, 0x31011d07
  68:	12011113          	.insn	4, 0x12011113
  6c:	01215807          	.insn	4, 0x01215807
  70:	0b59                	.insn	2, 0x0b59
  72:	13010b57          	.insn	4, 0x13010b57
  76:	0000                	.insn	2, 0x
  78:	2e08                	.insn	2, 0x2e08
  7a:	0301                	.insn	2, 0x0301
  7c:	3a0e                	.insn	2, 0x3a0e
  7e:	0121                	.insn	2, 0x0121
  80:	21390b3b          	.insn	4, 0x21390b3b
  84:	270d                	.insn	2, 0x270d
  86:	2019                	.insn	2, 0x2019
  88:	0121                	.insn	2, 0x0121
  8a:	1301                	.insn	2, 0x1301
  8c:	0000                	.insn	2, 0x
  8e:	1d09                	.insn	2, 0x1d09
  90:	3100                	.insn	2, 0x3100
  92:	55015213          	.insn	4, 0x55015213
  96:	01215817          	auipc	a6,0x1215
  9a:	0b59                	.insn	2, 0x0b59
  9c:	00000b57          	.insn	4, 0x0b57
  a0:	490a                	.insn	2, 0x490a
  a2:	0200                	.insn	2, 0x0200
  a4:	7e18                	.insn	2, 0x7e18
  a6:	0018                	.insn	2, 0x0018
  a8:	0b00                	.insn	2, 0x0b00
  aa:	002e                	.insn	2, 0x002e
  ac:	213a0e03          	lb	t3,531(s4)
  b0:	3b01                	.insn	2, 0x3b01
  b2:	1421390b          	.insn	4, 0x1421390b
  b6:	21201927          	.insn	4, 0x21201927
  ba:	0c000003          	lb	zero,192(zero) # c0 <_prog_start-0xff40>
  be:	0035                	.insn	2, 0x0035
  c0:	1349                	.insn	2, 0x1349
  c2:	0000                	.insn	2, 0x
  c4:	340d                	.insn	2, 0x340d
  c6:	0300                	.insn	2, 0x0300
  c8:	3a0e                	.insn	2, 0x3a0e
  ca:	0121                	.insn	2, 0x0121
  cc:	21390b3b          	.insn	4, 0x21390b3b
  d0:	4922                	.insn	2, 0x4922
  d2:	00061c13          	slli	s8,a2,0x0
  d6:	0e00                	.insn	2, 0x0e00
  d8:	210b000f          	.insn	4, 0x210b000f
  dc:	4908                	.insn	2, 0x4908
  de:	0f000013          	li	zero,240
  e2:	0026                	.insn	2, 0x0026
  e4:	1349                	.insn	2, 0x1349
  e6:	0000                	.insn	2, 0x
  e8:	4810                	.insn	2, 0x4810
  ea:	7d01                	.insn	2, 0x7d01
  ec:	7f01                	.insn	2, 0x7f01
  ee:	00130113          	addi	sp,t1,1
  f2:	1100                	.insn	2, 0x1100
  f4:	0005                	.insn	2, 0x0005
  f6:	213a0e03          	lb	t3,531(s4)
  fa:	3b01                	.insn	2, 0x3b01
  fc:	490b390b          	.insn	4, 0x490b390b
 100:	12000013          	li	zero,288
 104:	0005                	.insn	2, 0x0005
 106:	213a0803          	lb	a6,531(s4)
 10a:	3b01                	.insn	2, 0x3b01
 10c:	490b390b          	.insn	4, 0x490b390b
 110:	13000013          	li	zero,304
 114:	0111                	.insn	2, 0x0111
 116:	0e25                	.insn	2, 0x0e25
 118:	1f030b13          	addi	s6,t1,496
 11c:	17551f1b          	.insn	4, 0x17551f1b
 120:	0111                	.insn	2, 0x0111
 122:	1710                	.insn	2, 0x1710
 124:	0000                	.insn	2, 0x
 126:	2414                	.insn	2, 0x2414
 128:	0b00                	.insn	2, 0x0b00
 12a:	030b3e0b          	.insn	4, 0x030b3e0b
 12e:	0008                	.insn	2, 0x0008
 130:	1500                	.insn	2, 0x1500
 132:	0034                	.insn	2, 0x0034
 134:	0b3a0e03          	lb	t3,179(s4)
 138:	0b390b3b          	.insn	4, 0x0b390b3b
 13c:	1349                	.insn	2, 0x1349
 13e:	1802                	.insn	2, 0x1802
 140:	0000                	.insn	2, 0x
 142:	2e16                	.insn	2, 0x2e16
 144:	3f01                	.insn	2, 0x3f01
 146:	0319                	.insn	2, 0x0319
 148:	3a0e                	.insn	2, 0x3a0e
 14a:	390b3b0b          	.insn	4, 0x390b3b0b
 14e:	4919270b          	.insn	4, 0x4919270b
 152:	12011113          	.insn	4, 0x12011113
 156:	7a184007          	.insn	4, 0x7a184007
 15a:	0119                	.insn	2, 0x0119
 15c:	17000013          	li	zero,368
 160:	0034                	.insn	2, 0x0034
 162:	0b3a0e03          	lb	t3,179(s4)
 166:	0b390b3b          	.insn	4, 0x0b390b3b
 16a:	1349                	.insn	2, 0x1349
 16c:	1702                	.insn	2, 0x1702
 16e:	0000                	.insn	2, 0x
 170:	0b18                	.insn	2, 0x0b18
 172:	5501                	.insn	2, 0x5501
 174:	19000017          	auipc	zero,0x19000
 178:	0034                	.insn	2, 0x0034
 17a:	1331                	.insn	2, 0x1331
 17c:	1802                	.insn	2, 0x1802
 17e:	0000                	.insn	2, 0x
 180:	341a                	.insn	2, 0x341a
 182:	3100                	.insn	2, 0x3100
 184:	00170213          	addi	tp,a4,1
 188:	1b00                	.insn	2, 0x1b00
 18a:	011d                	.insn	2, 0x011d
 18c:	1331                	.insn	2, 0x1331
 18e:	0152                	.insn	2, 0x0152
 190:	1755                	.insn	2, 0x1755
 192:	0b58                	.insn	2, 0x0b58
 194:	0b59                	.insn	2, 0x0b59
 196:	00000b57          	.insn	4, 0x0b57
 19a:	051c                	.insn	2, 0x051c
 19c:	3100                	.insn	2, 0x3100
 19e:	00061c13          	slli	s8,a2,0x0
 1a2:	1d00                	.insn	2, 0x1d00
 1a4:	0148                	.insn	2, 0x0148
 1a6:	017d                	.insn	2, 0x017d
 1a8:	0000137f 0300341e 	.insn	12, 0x3b0b3a0e0300341e0000137f
 1b0:	3b0b3a0e 
 1b4:	490b390b          	.insn	4, 0x490b390b
 1b8:	1f000013          	li	zero,496
 1bc:	0034                	.insn	2, 0x0034
 1be:	0b3a0803          	lb	a6,179(s4)
 1c2:	0b390b3b          	.insn	4, 0x0b390b3b
 1c6:	1349                	.insn	2, 0x1349
 1c8:	0000                	.insn	2, 0x
 1ca:	0120                	.insn	2, 0x0120
 1cc:	4901                	.insn	2, 0x4901
 1ce:	00130113          	addi	sp,t1,1
 1d2:	2100                	.insn	2, 0x2100
 1d4:	0021                	.insn	2, 0x0021
 1d6:	1349                	.insn	2, 0x1349
 1d8:	00000b2f          	.insn	4, 0x0b2f
 1dc:	2e22                	.insn	2, 0x2e22
 1de:	3101                	.insn	2, 0x3101
 1e0:	12011113          	.insn	4, 0x12011113
 1e4:	7a184007          	.insn	4, 0x7a184007
 1e8:	0019                	.insn	2, 0x0019
 1ea:	0000                	.insn	2, 0x
 1ec:	2401                	.insn	2, 0x2401
 1ee:	0b00                	.insn	2, 0x0b00
 1f0:	030b3e0b          	.insn	4, 0x030b3e0b
 1f4:	000e                	.insn	2, 0x000e
 1f6:	0200                	.insn	2, 0x0200
 1f8:	0034                	.insn	2, 0x0034
 1fa:	1331                	.insn	2, 0x1331
 1fc:	1702                	.insn	2, 0x1702
 1fe:	0000                	.insn	2, 0x
 200:	03001603          	lh	a2,48(zero) # 30 <_prog_start-0xffd0>
 204:	3a0e                	.insn	2, 0x3a0e
 206:	390b3b0b          	.insn	4, 0x390b3b0b
 20a:	0013490b          	.insn	4, 0x0013490b
 20e:	0400                	.insn	2, 0x0400
 210:	0005                	.insn	2, 0x0005
 212:	1331                	.insn	2, 0x1331
 214:	0000                	.insn	2, 0x
 216:	3405                	.insn	2, 0x3405
 218:	3100                	.insn	2, 0x3100
 21a:	06000013          	li	zero,96
 21e:	1755010b          	.insn	4, 0x1755010b
 222:	0000                	.insn	2, 0x
 224:	03003407          	.insn	4, 0x03003407
 228:	3a08                	.insn	2, 0x3a08
 22a:	0121                	.insn	2, 0x0121
 22c:	0b390b3b          	.insn	4, 0x0b390b3b
 230:	1349                	.insn	2, 0x1349
 232:	1702                	.insn	2, 0x1702
 234:	0000                	.insn	2, 0x
 236:	3408                	.insn	2, 0x3408
 238:	0300                	.insn	2, 0x0300
 23a:	3a0e                	.insn	2, 0x3a0e
 23c:	0121                	.insn	2, 0x0121
 23e:	3919213b          	.insn	4, 0x3919213b
 242:	0213490b          	.insn	4, 0x0213490b
 246:	09000017          	auipc	zero,0x9000
 24a:	0005                	.insn	2, 0x0005
 24c:	1331                	.insn	2, 0x1331
 24e:	1702                	.insn	2, 0x1702
 250:	0000                	.insn	2, 0x
 252:	1d0a                	.insn	2, 0x1d0a
 254:	3101                	.insn	2, 0x3101
 256:	12011113          	.insn	4, 0x12011113
 25a:	01215807          	.insn	4, 0x01215807
 25e:	0b59                	.insn	2, 0x0b59
 260:	00000b57          	.insn	4, 0x0b57
 264:	0300340b          	.insn	4, 0x0300340b
 268:	3a08                	.insn	2, 0x3a08
 26a:	390b3b0b          	.insn	4, 0x390b3b0b
 26e:	0013490b          	.insn	4, 0x0013490b
 272:	0c00                	.insn	2, 0x0c00
 274:	210b000f          	.insn	4, 0x210b000f
 278:	4908                	.insn	2, 0x4908
 27a:	0d000013          	li	zero,208
 27e:	0026                	.insn	2, 0x0026
 280:	1349                	.insn	2, 0x1349
 282:	0000                	.insn	2, 0x
 284:	2e0e                	.insn	2, 0x2e0e
 286:	3f01                	.insn	2, 0x3f01
 288:	0319                	.insn	2, 0x0319
 28a:	3a0e                	.insn	2, 0x3a0e
 28c:	0121                	.insn	2, 0x0121
 28e:	21390b3b          	.insn	4, 0x21390b3b
 292:	2706                	.insn	2, 0x2706
 294:	1119                	.insn	2, 0x1119
 296:	1201                	.insn	2, 0x1201
 298:	7a184007          	.insn	4, 0x7a184007
 29c:	0119                	.insn	2, 0x0119
 29e:	0f000013          	li	zero,240
 2a2:	0005                	.insn	2, 0x0005
 2a4:	213a0803          	lb	a6,531(s4)
 2a8:	3b01                	.insn	2, 0x3b01
 2aa:	490b390b          	.insn	4, 0x490b390b
 2ae:	00170213          	addi	tp,a4,1
 2b2:	1000                	.insn	2, 0x1000
 2b4:	011d                	.insn	2, 0x011d
 2b6:	1331                	.insn	2, 0x1331
 2b8:	0152                	.insn	2, 0x0152
 2ba:	1755                	.insn	2, 0x1755
 2bc:	2158                	.insn	2, 0x2158
 2be:	5901                	.insn	2, 0x5901
 2c0:	000b570b          	.insn	4, 0x000b570b
 2c4:	1100                	.insn	2, 0x1100
 2c6:	011d                	.insn	2, 0x011d
 2c8:	1331                	.insn	2, 0x1331
 2ca:	0152                	.insn	2, 0x0152
 2cc:	1755                	.insn	2, 0x1755
 2ce:	2158                	.insn	2, 0x2158
 2d0:	5901                	.insn	2, 0x5901
 2d2:	010b570b          	.insn	4, 0x010b570b
 2d6:	12000013          	li	zero,288
 2da:	011d                	.insn	2, 0x011d
 2dc:	1331                	.insn	2, 0x1331
 2de:	0111                	.insn	2, 0x0111
 2e0:	0712                	.insn	2, 0x0712
 2e2:	2158                	.insn	2, 0x2158
 2e4:	5901                	.insn	2, 0x5901
 2e6:	0221570b          	.insn	4, 0x0221570b
 2ea:	1301                	.insn	2, 0x1301
 2ec:	0000                	.insn	2, 0x
 2ee:	03000513          	li	a0,48
 2f2:	3a08                	.insn	2, 0x3a08
 2f4:	390b3b0b          	.insn	4, 0x390b3b0b
 2f8:	0013490b          	.insn	4, 0x0013490b
 2fc:	1400                	.insn	2, 0x1400
 2fe:	0111                	.insn	2, 0x0111
 300:	0e25                	.insn	2, 0x0e25
 302:	1f030b13          	addi	s6,t1,496
 306:	01111f1b          	slliw	t5,sp,0x11
 30a:	0712                	.insn	2, 0x0712
 30c:	1710                	.insn	2, 0x1710
 30e:	0000                	.insn	2, 0x
 310:	0f15                	.insn	2, 0x0f15
 312:	0b00                	.insn	2, 0x0b00
 314:	000e030b          	.insn	4, 0x000e030b
 318:	1600                	.insn	2, 0x1600
 31a:	0024                	.insn	2, 0x0024
 31c:	0b3e0b0b          	.insn	4, 0x0b3e0b0b
 320:	00000803          	lb	a6,0(zero) # 0 <_prog_start-0x10000>
 324:	49003517          	auipc	a0,0x49003
 328:	18000013          	li	zero,384
 32c:	0034                	.insn	2, 0x0034
 32e:	0b3a0e03          	lb	t3,179(s4)
 332:	0b390b3b          	.insn	4, 0x0b390b3b
 336:	1349                	.insn	2, 0x1349
 338:	061c                	.insn	2, 0x061c
 33a:	0000                	.insn	2, 0x
 33c:	1819                	.insn	2, 0x1819
 33e:	0000                	.insn	2, 0x
 340:	1a00                	.insn	2, 0x1a00
 342:	0034                	.insn	2, 0x0034
 344:	0b3a0803          	lb	a6,179(s4)
 348:	0b390b3b          	.insn	4, 0x0b390b3b
 34c:	1349                	.insn	2, 0x1349
 34e:	1802                	.insn	2, 0x1802
 350:	0000                	.insn	2, 0x
 352:	55010b1b          	addiw	s6,sp,1360 # 12011554 <_sp+0xa001554>
 356:	00130117          	auipc	sp,0x130
 35a:	1c00                	.insn	2, 0x1c00
 35c:	0034                	.insn	2, 0x0034
 35e:	1331                	.insn	2, 0x1331
 360:	1802                	.insn	2, 0x1802
 362:	0000                	.insn	2, 0x
 364:	2e1d                	.insn	2, 0x2e1d
 366:	0301                	.insn	2, 0x0301
 368:	3a0e                	.insn	2, 0x3a0e
 36a:	390b3b0b          	.insn	4, 0x390b3b0b
 36e:	2019270b          	.insn	4, 0x2019270b
 372:	0013010b          	.insn	4, 0x0013010b
 376:	1e00                	.insn	2, 0x1e00
 378:	012e                	.insn	2, 0x012e
 37a:	0b3a0e03          	lb	t3,179(s4)
 37e:	0b390b3b          	.insn	4, 0x0b390b3b
 382:	0b201927          	.insn	4, 0x0b201927
 386:	0000                	.insn	2, 0x
	...

Disassembly of section .debug_aranges:

0000000000000000 <.debug_aranges>:
   0:	002c                	.insn	2, 0x002c
   2:	0000                	.insn	2, 0x
   4:	0002                	.insn	2, 0x0002
   6:	0000                	.insn	2, 0x
   8:	0000                	.insn	2, 0x
   a:	0008                	.insn	2, 0x0008
   c:	0000                	.insn	2, 0x
   e:	0000                	.insn	2, 0x
  10:	0000                	.insn	2, 0x
  12:	0001                	.insn	2, 0x0001
  14:	0000                	.insn	2, 0x
  16:	0000                	.insn	2, 0x
  18:	0010                	.insn	2, 0x0010
	...
  2e:	0000                	.insn	2, 0x
  30:	003c                	.insn	2, 0x003c
  32:	0000                	.insn	2, 0x
  34:	0002                	.insn	2, 0x0002
  36:	0028                	.insn	2, 0x0028
  38:	0000                	.insn	2, 0x
  3a:	0008                	.insn	2, 0x0008
  3c:	0000                	.insn	2, 0x
  3e:	0000                	.insn	2, 0x
  40:	0010                	.insn	2, 0x0010
  42:	0001                	.insn	2, 0x0001
  44:	0000                	.insn	2, 0x
  46:	0000                	.insn	2, 0x
  48:	004c                	.insn	2, 0x004c
  4a:	0000                	.insn	2, 0x
  4c:	0000                	.insn	2, 0x
  4e:	0000                	.insn	2, 0x
  50:	005c                	.insn	2, 0x005c
  52:	0001                	.insn	2, 0x0001
  54:	0000                	.insn	2, 0x
  56:	0000                	.insn	2, 0x
  58:	0258                	.insn	2, 0x0258
	...
  6e:	0000                	.insn	2, 0x
  70:	002c                	.insn	2, 0x002c
  72:	0000                	.insn	2, 0x
  74:	0002                	.insn	2, 0x0002
  76:	0519                	.insn	2, 0x0519
  78:	0000                	.insn	2, 0x
  7a:	0008                	.insn	2, 0x0008
  7c:	0000                	.insn	2, 0x
  7e:	0000                	.insn	2, 0x
  80:	02b4                	.insn	2, 0x02b4
  82:	0001                	.insn	2, 0x0001
  84:	0000                	.insn	2, 0x
  86:	0000                	.insn	2, 0x
  88:	0200                	.insn	2, 0x0200
	...

Disassembly of section .debug_str:

0000000000000000 <.debug_str>:
   0:	6f6f722f          	.insn	4, 0x6f6f722f
   4:	2f74                	.insn	2, 0x2f74
   6:	70696863          	bltu	s2,t1,716 <_prog_start-0xf8ea>
   a:	6179                	.insn	2, 0x6179
   c:	6472                	.insn	2, 0x6472
   e:	6770662f          	.insn	4, 0x6770662f
  12:	2f61                	.insn	2, 0x2f61
  14:	2f637273          	csrrci	tp,0x2f6,6
  18:	616d                	.insn	2, 0x616d
  1a:	6e69                	.insn	2, 0x6e69
  1c:	7365722f          	.insn	4, 0x7365722f
  20:	6372756f          	jal	a0,27e56 <dtb+0x1786e>
  24:	7365                	.insn	2, 0x7365
  26:	75637a2f          	.insn	4, 0x75637a2f
  2a:	3031                	.insn	2, 0x3031
  2c:	2f34                	.insn	2, 0x2f34
  2e:	6f626473          	csrrsi	s0,0x6f6,4
  32:	682f746f          	jal	s0,f76b4 <dtb+0xe70cc>
  36:	6165                	.insn	2, 0x6165
  38:	2e64                	.insn	2, 0x2e64
  3a:	722f0053          	.insn	4, 0x722f0053
  3e:	2f746f6f          	jal	t5,46b34 <dtb+0x3654c>
  42:	70696863          	bltu	s2,t1,752 <_prog_start-0xf8ae>
  46:	6179                	.insn	2, 0x6179
  48:	6472                	.insn	2, 0x6472
  4a:	6770662f          	.insn	4, 0x6770662f
  4e:	2f61                	.insn	2, 0x2f61
  50:	2f637273          	csrrci	tp,0x2f6,6
  54:	616d                	.insn	2, 0x616d
  56:	6e69                	.insn	2, 0x6e69
  58:	7365722f          	.insn	4, 0x7365722f
  5c:	6372756f          	jal	a0,27e92 <dtb+0x178aa>
  60:	7365                	.insn	2, 0x7365
  62:	75637a2f          	.insn	4, 0x75637a2f
  66:	3031                	.insn	2, 0x3031
  68:	2f34                	.insn	2, 0x2f34
  6a:	6f626473          	csrrsi	s0,0x6f6,4
  6e:	6e2d746f          	jal	s0,d7750 <dtb+0xc7168>
  72:	7264646f          	jal	s0,46798 <dtb+0x361b0>
  76:	4700                	.insn	2, 0x4700
  78:	554e                	.insn	2, 0x554e
  7a:	4120                	.insn	2, 0x4120
  7c:	2e322053          	.insn	4, 0x2e322053
  80:	3334                	.insn	2, 0x3334
  82:	312e                	.insn	2, 0x312e
  84:	6400                	.insn	2, 0x6400
  86:	6c65                	.insn	2, 0x6c65
  88:	7961                	.insn	2, 0x7961
  8a:	635f 6379 656c      	.insn	6, 0x656c6379635f
  90:	5f5f0073          	.insn	4, 0x5f5f0073
  94:	6975                	.insn	2, 0x6975
  96:	746e                	.insn	2, 0x746e
  98:	5f38                	.insn	2, 0x5f38
  9a:	0074                	.insn	2, 0x0074
  9c:	5f5f 6e69 3174      	.insn	6, 0x31746e695f5f
  a2:	3832                	.insn	2, 0x3832
  a4:	7520                	.insn	2, 0x7520
  a6:	736e                	.insn	2, 0x736e
  a8:	6769                	.insn	2, 0x6769
  aa:	656e                	.insn	2, 0x656e
  ac:	0064                	.insn	2, 0x0064
  ae:	7562                	.insn	2, 0x7562
  b0:	6666                	.insn	2, 0x6666
  b2:	7265                	.insn	2, 0x7265
  b4:	7600                	.insn	2, 0x7600
  b6:	6c61                	.insn	2, 0x6c61
  b8:	6575                	.insn	2, 0x6575
  ba:	5f00                	.insn	2, 0x5f00
  bc:	695f 746e 3233      	.insn	6, 0x3233746e695f
  c2:	745f 6700 6970      	.insn	6, 0x69706700745f
  c8:	7500306f          	j	3818 <_prog_start-0xc7e8>
  cc:	7261                	.insn	2, 0x7261
  ce:	5f74                	.insn	2, 0x5f74
  d0:	6e69                	.insn	2, 0x6e69
  d2:	7469                	.insn	2, 0x7469
  d4:	4700                	.insn	2, 0x4700
  d6:	554e                	.insn	2, 0x554e
  d8:	4320                	.insn	2, 0x4320
  da:	3131                	.insn	2, 0x3131
  dc:	3120                	.insn	2, 0x3120
  de:	2e34                	.insn	2, 0x2e34
  e0:	2e32                	.insn	2, 0x2e32
  e2:	2030                	.insn	2, 0x2030
  e4:	6d2d                	.insn	2, 0x6d2d
  e6:	646f6d63          	bltu	t5,t1,740 <_prog_start-0xf8c0>
  ea:	6c65                	.insn	2, 0x6c65
  ec:	6d3d                	.insn	2, 0x6d3d
  ee:	6465                	.insn	2, 0x6465
  f0:	6e61                	.insn	2, 0x6e61
  f2:	2079                	.insn	2, 0x2079
  f4:	6d2d                	.insn	2, 0x6d2d
  f6:	6261                	.insn	2, 0x6261
  f8:	3d69                	.insn	2, 0x3d69
  fa:	706c                	.insn	2, 0x706c
  fc:	3436                	.insn	2, 0x3436
  fe:	2d20                	.insn	2, 0x2d20
 100:	746d                	.insn	2, 0x746d
 102:	6e75                	.insn	2, 0x6e75
 104:	3d65                	.insn	2, 0x3d65
 106:	6f72                	.insn	2, 0x6f72
 108:	74656b63          	bltu	a0,t1,85e <_prog_start-0xf7a2>
 10c:	2d20                	.insn	2, 0x2d20
 10e:	696d                	.insn	2, 0x696d
 110:	732d6173          	csrrsi	sp,mhpmevent18h,26
 114:	6570                	.insn	2, 0x6570
 116:	30323d63          	.insn	4, 0x30323d63
 11a:	3931                	.insn	2, 0x3931
 11c:	3231                	.insn	2, 0x3231
 11e:	3331                	.insn	2, 0x3331
 120:	2d20                	.insn	2, 0x2d20
 122:	616d                	.insn	2, 0x616d
 124:	6372                	.insn	2, 0x6372
 126:	3d68                	.insn	2, 0x3d68
 128:	7672                	.insn	2, 0x7672
 12a:	3436                	.insn	2, 0x3436
 12c:	6d69                	.insn	2, 0x6d69
 12e:	5f61                	.insn	2, 0x5f61
 130:	697a                	.insn	2, 0x697a
 132:	5f727363          	bgeu	tp,s7,718 <_prog_start-0xf8e8>
 136:	697a                	.insn	2, 0x697a
 138:	6566                	.insn	2, 0x6566
 13a:	636e                	.insn	2, 0x636e
 13c:	6965                	.insn	2, 0x6965
 13e:	2d20                	.insn	2, 0x2d20
 140:	4f2d2067          	.insn	4, 0x4f2d2067
 144:	2032                	.insn	2, 0x2032
 146:	732d                	.insn	2, 0x732d
 148:	6474                	.insn	2, 0x6474
 14a:	673d                	.insn	2, 0x673d
 14c:	756e                	.insn	2, 0x756e
 14e:	3131                	.insn	2, 0x3131
 150:	2d20                	.insn	2, 0x2d20
 152:	6e66                	.insn	2, 0x6e66
 154:	6f632d6f          	jal	s10,3284a <dtb+0x22262>
 158:	6d6d                	.insn	2, 0x6d6d
 15a:	75006e6f          	jal	t3,68aa <_prog_start-0x9756>
 15e:	736e                	.insn	2, 0x736e
 160:	6769                	.insn	2, 0x6769
 162:	656e                	.insn	2, 0x656e
 164:	2064                	.insn	2, 0x2064
 166:	72616863          	bltu	sp,t1,896 <_prog_start-0xf76a>
 16a:	6400                	.insn	2, 0x6400
 16c:	5f383373          	csrrc	t1,0x5f3,a6
 170:	6f74                	.insn	2, 0x6f74
 172:	656c6767          	.insn	4, 0x656c6767
 176:	6c00                	.insn	2, 0x6c00
 178:	20676e6f          	jal	t3,7637e <dtb+0x65d96>
 17c:	6e75                	.insn	2, 0x6e75
 17e:	6e676973          	csrrsi	s2,0x6e6,14
 182:	6465                	.insn	2, 0x6465
 184:	6920                	.insn	2, 0x6920
 186:	746e                	.insn	2, 0x746e
 188:	7300                	.insn	2, 0x7300
 18a:	6f68                	.insn	2, 0x6f68
 18c:	7472                	.insn	2, 0x7472
 18e:	7520                	.insn	2, 0x7520
 190:	736e                	.insn	2, 0x736e
 192:	6769                	.insn	2, 0x6769
 194:	656e                	.insn	2, 0x656e
 196:	2064                	.insn	2, 0x2064
 198:	6e69                	.insn	2, 0x6e69
 19a:	0074                	.insn	2, 0x0074
 19c:	5f5f 6975 746e      	.insn	6, 0x746e69755f5f
 1a2:	745f3233          	.insn	4, 0x745f3233
 1a6:	6d00                	.insn	2, 0x6d00
 1a8:	6961                	.insn	2, 0x6961
 1aa:	006e                	.insn	2, 0x006e
 1ac:	656c                	.insn	2, 0x656c
 1ae:	5f64                	.insn	2, 0x5f64
 1b0:	74617473          	csrrci	s0,0x746,2
 1b4:	0065                	.insn	2, 0x0065
 1b6:	6f697067          	.insn	4, 0x6f697067
 1ba:	695f 696e 0074      	.insn	6, 0x0074696e695f
 1c0:	6e756f63          	bltu	a0,t2,8be <_prog_start-0xf742>
 1c4:	0074                	.insn	2, 0x0074
 1c6:	726f6873          	csrrsi	a6,mhpmevent6h,30
 1ca:	2074                	.insn	2, 0x2074
 1cc:	6e69                	.insn	2, 0x6e69
 1ce:	0074                	.insn	2, 0x0074
 1d0:	5f5f 6975 746e      	.insn	6, 0x746e69755f5f
 1d6:	3436                	.insn	2, 0x3436
 1d8:	745f 7000 6972      	.insn	6, 0x69727000745f
 1de:	746e                	.insn	2, 0x746e
 1e0:	645f 6365 7500      	.insn	6, 0x75006365645f
 1e6:	7261                	.insn	2, 0x7261
 1e8:	5f74                	.insn	2, 0x5f74
 1ea:	7570                	.insn	2, 0x7570
 1ec:	6374                	.insn	2, 0x6374
 1ee:	6c00                	.insn	2, 0x6c00
 1f0:	20676e6f          	jal	t3,763f6 <dtb+0x65e0e>
 1f4:	6e69                	.insn	2, 0x6e69
 1f6:	0074                	.insn	2, 0x0074
 1f8:	6175                	.insn	2, 0x6175
 1fa:	7472                	.insn	2, 0x7472
 1fc:	705f 7475 0073      	.insn	6, 0x00737475705f
 202:	6175                	.insn	2, 0x6175
 204:	7472                	.insn	2, 0x7472
 206:	0030                	.insn	2, 0x0030
 208:	7369                	.insn	2, 0x7369
 20a:	635f 6168 0072      	.insn	6, 0x00726168635f
 210:	5f5f 7562 6c69      	.insn	6, 0x6c6975625f5f
 216:	6974                	.insn	2, 0x6974
 218:	5f6e                	.insn	2, 0x5f6e
 21a:	6176                	.insn	2, 0x6176
 21c:	6c5f 7369 0074      	.insn	6, 0x007473696c5f
 222:	7369                	.insn	2, 0x7369
 224:	6c5f 6e6f 0067      	.insn	6, 0x00676e6f6c5f
 22a:	6972706b          	.insn	4, 0x6972706b
 22e:	746e                	.insn	2, 0x746e
 230:	0066                	.insn	2, 0x0066
 232:	5f5f 6e67 6375      	.insn	6, 0x63756e675f5f
 238:	765f 5f61 696c      	.insn	6, 0x696c5f61765f
 23e:	69007473          	csrrci	s0,0x690,0
 242:	6f665f73          	csrrwi	t5,0x6f6,12
 246:	6d72                	.insn	2, 0x6d72
 248:	7461                	.insn	2, 0x7461
 24a:	5f00                	.insn	2, 0x5f00
 24c:	7475706b          	.insn	4, 0x7475706b
 250:	61750073          	.insn	4, 0x61750073
 254:	7472                	.insn	2, 0x7472
 256:	6b00                	.insn	2, 0x6b00
 258:	7570                	.insn	2, 0x7570
 25a:	6374                	.insn	2, 0x6374
 25c:	5f00                	.insn	2, 0x5f00
 25e:	6f42                	.insn	2, 0x6f42
 260:	Address 0x260 is out of bounds.


Disassembly of section .debug_loclists:

0000000000000000 <.debug_loclists>:
   0:	019f 0000 0005      	.insn	6, 0x00050000019f
   6:	0008                	.insn	2, 0x0008
   8:	0000                	.insn	2, 0x
   a:	0000                	.insn	2, 0x
   c:	5c06                	.insn	2, 0x5c06
   e:	0100                	.insn	2, 0x0100
  10:	0000                	.insn	2, 0x
  12:	0000                	.insn	2, 0x
  14:	0400                	.insn	2, 0x0400
  16:	b800                	.insn	2, 0xb800
  18:	0201                	.insn	2, 0x0201
  1a:	9f30                	.insn	2, 0x9f30
  1c:	b804                	.insn	2, 0xb804
  1e:	f401                	.insn	2, 0xf401
  20:	0101                	.insn	2, 0x0101
  22:	0460                	.insn	2, 0x0460
  24:	01f4                	.insn	2, 0x01f4
  26:	04d4                	.insn	2, 0x04d4
  28:	9f018003          	lb	zero,-1552(gp)
  2c:	d404                	.insn	2, 0xd404
  2e:	d804                	.insn	2, 0xd804
  30:	0104                	.insn	2, 0x0104
  32:	0060                	.insn	2, 0x0060
  34:	5006                	.insn	2, 0x5006
  36:	0101                	.insn	2, 0x0101
  38:	0000                	.insn	2, 0x
  3a:	0000                	.insn	2, 0x
  3c:	0400                	.insn	2, 0x0400
  3e:	0c00                	.insn	2, 0x0c00
  40:	6001                	.insn	2, 0x6001
  42:	0c04                	.insn	2, 0x0c04
  44:	0130                	.insn	2, 0x0130
  46:	045e                	.insn	2, 0x045e
  48:	3c30                	.insn	2, 0x3c30
  4a:	6201                	.insn	2, 0x6201
  4c:	3c04                	.insn	2, 0x3c04
  4e:	0144                	.insn	2, 0x0144
  50:	045d                	.insn	2, 0x045d
  52:	4844                	.insn	2, 0x4844
  54:	5e01                	.insn	2, 0x5e01
  56:	4804                	.insn	2, 0x4804
  58:	1978                	.insn	2, 0x1978
  5a:	0082                	.insn	2, 0x0082
  5c:	31a8                	.insn	2, 0x31a8
  5e:	2aa8                	.insn	2, 0x2aa8
  60:	0081                	.insn	2, 0x0081
  62:	31a8                	.insn	2, 0x31a8
  64:	2aa8                	.insn	2, 0x2aa8
  66:	081e                	.insn	2, 0x081e
  68:	a840                	.insn	2, 0xa840
  6a:	252a                	.insn	2, 0x252a
  6c:	31a8                	.insn	2, 0x31a8
  6e:	00a8                	.insn	2, 0x00a8
  70:	049f2533          	.insn	4, 0x049f2533
  74:	01b4                	.insn	2, 0x01b4
  76:	01c4                	.insn	2, 0x01c4
  78:	6001                	.insn	2, 0x6001
  7a:	0600                	.insn	2, 0x0600
  7c:	0150                	.insn	2, 0x0150
  7e:	0001                	.insn	2, 0x0001
  80:	0000                	.insn	2, 0x
  82:	0000                	.insn	2, 0x
  84:	0004                	.insn	2, 0x0004
  86:	020c                	.insn	2, 0x020c
  88:	9f30                	.insn	2, 0x9f30
  8a:	0c04                	.insn	2, 0x0c04
  8c:	081c                	.insn	2, 0x081c
  8e:	0079                	.insn	2, 0x0079
  90:	008c                	.insn	2, 0x008c
  92:	231c                	.insn	2, 0x231c
  94:	9f01                	.insn	2, 0x9f01
  96:	1c04                	.insn	2, 0x1c04
  98:	0850                	.insn	2, 0x0850
  9a:	008c0077          	.insn	4, 0x008c0077
  9e:	231c                	.insn	2, 0x231c
  a0:	9f01                	.insn	2, 0x9f01
  a2:	5004                	.insn	2, 0x5004
  a4:	085c                	.insn	2, 0x085c
  a6:	7f79                	.insn	2, 0x7f79
  a8:	008c                	.insn	2, 0x008c
  aa:	231c                	.insn	2, 0x231c
  ac:	9f01                	.insn	2, 0x9f01
  ae:	5c04                	.insn	2, 0x5c04
  b0:	1d74                	.insn	2, 0x1d74
  b2:	7f79                	.insn	2, 0x7f79
  b4:	7f79                	.insn	2, 0x7f79
  b6:	008c                	.insn	2, 0x008c
  b8:	231c                	.insn	2, 0x231c
  ba:	0801                	.insn	2, 0x0801
  bc:	2420                	.insn	2, 0x2420
  be:	2008                	.insn	2, 0x2008
  c0:	9126                	.insn	2, 0x9126
  c2:	2200                	.insn	2, 0x2200
  c4:	3808                	.insn	2, 0x3808
  c6:	1c1c                	.insn	2, 0x1c1c
  c8:	007d                	.insn	2, 0x007d
  ca:	8c22                	.insn	2, 0x8c22
  cc:	1c00                	.insn	2, 0x1c00
  ce:	049f 7874 791d      	.insn	6, 0x791d7874049f
  d4:	7d7f                	.insn	2, 0x7d7f
  d6:	2201                	.insn	2, 0x2201
  d8:	7f79                	.insn	2, 0x7f79
  da:	008c                	.insn	2, 0x008c
  dc:	231c                	.insn	2, 0x231c
  de:	0801                	.insn	2, 0x0801
  e0:	2420                	.insn	2, 0x2420
  e2:	2008                	.insn	2, 0x2008
  e4:	9126                	.insn	2, 0x9126
  e6:	2200                	.insn	2, 0x2200
  e8:	3808                	.insn	2, 0x3808
  ea:	1c1c                	.insn	2, 0x1c1c
  ec:	008c                	.insn	2, 0x008c
  ee:	9f1c                	.insn	2, 0x9f1c
  f0:	b404                	.insn	2, 0xb404
  f2:	c401                	.insn	2, 0xc401
  f4:	0201                	.insn	2, 0x0201
  f6:	9f30                	.insn	2, 0x9f30
  f8:	0800                	.insn	2, 0x0800
  fa:	01b0                	.insn	2, 0x01b0
  fc:	0001                	.insn	2, 0x0001
  fe:	0000                	.insn	2, 0x
 100:	0000                	.insn	2, 0x
 102:	0110                	.insn	2, 0x0110
 104:	0055                	.insn	2, 0x0055
 106:	1406                	.insn	2, 0x1406
 108:	0101                	.insn	2, 0x0101
 10a:	0000                	.insn	2, 0x
 10c:	0000                	.insn	2, 0x
 10e:	0400                	.insn	2, 0x0400
 110:	0800                	.insn	2, 0x0800
 112:	030a                	.insn	2, 0x030a
 114:	04f8                	.insn	2, 0x04f8
 116:	0001                	.insn	2, 0x0001
 118:	0000                	.insn	2, 0x
 11a:	0000                	.insn	2, 0x
 11c:	049f 3c10 5d01      	.insn	6, 0x5d013c10049f
 122:	0800                	.insn	2, 0x0800
 124:	0124                	.insn	2, 0x0124
 126:	0001                	.insn	2, 0x0001
 128:	0000                	.insn	2, 0x
 12a:	0000                	.insn	2, 0x
 12c:	0110                	.insn	2, 0x0110
 12e:	0055                	.insn	2, 0x0055
 130:	c806                	.insn	2, 0xc806
 132:	0101                	.insn	2, 0x0101
 134:	0000                	.insn	2, 0x
 136:	0000                	.insn	2, 0x
 138:	0400                	.insn	2, 0x0400
 13a:	0800                	.insn	2, 0x0800
 13c:	030a                	.insn	2, 0x030a
 13e:	0520                	.insn	2, 0x0520
 140:	0001                	.insn	2, 0x0001
 142:	0000                	.insn	2, 0x
 144:	0000                	.insn	2, 0x
 146:	049f 3c10 5d01      	.insn	6, 0x5d013c10049f
 14c:	0800                	.insn	2, 0x0800
 14e:	01d8                	.insn	2, 0x01d8
 150:	0001                	.insn	2, 0x0001
 152:	0000                	.insn	2, 0x
 154:	0000                	.insn	2, 0x
 156:	0110                	.insn	2, 0x0110
 158:	0055                	.insn	2, 0x0055
 15a:	3c08                	.insn	2, 0x3c08
 15c:	0102                	.insn	2, 0x0102
 15e:	0000                	.insn	2, 0x
 160:	0000                	.insn	2, 0x
 162:	2c00                	.insn	2, 0x2c00
 164:	5d01                	.insn	2, 0x5d01
 166:	0800                	.insn	2, 0x0800
 168:	023c                	.insn	2, 0x023c
 16a:	0001                	.insn	2, 0x0001
 16c:	0000                	.insn	2, 0x
 16e:	0000                	.insn	2, 0x
 170:	0110                	.insn	2, 0x0110
 172:	0055                	.insn	2, 0x0055
 174:	7408                	.insn	2, 0x7408
 176:	0102                	.insn	2, 0x0102
 178:	0000                	.insn	2, 0x
 17a:	0000                	.insn	2, 0x
 17c:	0c00                	.insn	2, 0x0c00
 17e:	3a02                	.insn	2, 0x3a02
 180:	009f 1006 0100      	.insn	6, 0x01001006009f
 186:	0000                	.insn	2, 0x
 188:	0000                	.insn	2, 0x
 18a:	0400                	.insn	2, 0x0400
 18c:	2000                	.insn	2, 0x2000
 18e:	5a01                	.insn	2, 0x5a01
 190:	2004                	.insn	2, 0x2004
 192:	014c                	.insn	2, 0x014c
 194:	005a                	.insn	2, 0x005a
 196:	3008                	.insn	2, 0x3008
 198:	0100                	.insn	2, 0x0100
 19a:	0000                	.insn	2, 0x
 19c:	0000                	.insn	2, 0x
 19e:	1000                	.insn	2, 0x1000
 1a0:	5d01                	.insn	2, 0x5d01
 1a2:	fe00                	.insn	2, 0xfe00
 1a4:	0001                	.insn	2, 0x0001
 1a6:	0500                	.insn	2, 0x0500
 1a8:	0800                	.insn	2, 0x0800
 1aa:	0000                	.insn	2, 0x
 1ac:	0000                	.insn	2, 0x
 1ae:	0400                	.insn	2, 0x0400
 1b0:	7c50                	.insn	2, 0x7c50
 1b2:	5a01                	.insn	2, 0x5a01
 1b4:	7c04                	.insn	2, 0x7c04
 1b6:	0184                	.insn	2, 0x0184
 1b8:	9f017a03          	.insn	4, 0x9f017a03
 1bc:	8404                	.insn	2, 0x8404
 1be:	a401                	.insn	2, 0xa401
 1c0:	0101                	.insn	2, 0x0101
 1c2:	045e                	.insn	2, 0x045e
 1c4:	01a4                	.insn	2, 0x01a4
 1c6:	01b0                	.insn	2, 0x01b0
 1c8:	5a01                	.insn	2, 0x5a01
 1ca:	d004                	.insn	2, 0xd004
 1cc:	e801                	.insn	2, 0xe801
 1ce:	0101                	.insn	2, 0x0101
 1d0:	045e                	.insn	2, 0x045e
 1d2:	02bc                	.insn	2, 0x02bc
 1d4:	02c4                	.insn	2, 0x02c4
 1d6:	5a01                	.insn	2, 0x5a01
 1d8:	c404                	.insn	2, 0xc404
 1da:	d002                	.insn	2, 0xd002
 1dc:	0102                	.insn	2, 0x0102
 1de:	045e                	.insn	2, 0x045e
 1e0:	02f0                	.insn	2, 0x02f0
 1e2:	02f8                	.insn	2, 0x02f8
 1e4:	5a01                	.insn	2, 0x5a01
 1e6:	f804                	.insn	2, 0xf804
 1e8:	8002                	.insn	2, 0x8002
 1ea:	045e0103          	lb	sp,69(t3)
 1ee:	03b4                	.insn	2, 0x03b4
 1f0:	03bc                	.insn	2, 0x03bc
 1f2:	5a01                	.insn	2, 0x5a01
 1f4:	bc04                	.insn	2, 0xbc04
 1f6:	0103c403          	lbu	s0,16(t2)
 1fa:	045e                	.insn	2, 0x045e
 1fc:	03c4                	.insn	2, 0x03c4
 1fe:	03d4                	.insn	2, 0x03d4
 200:	5a01                	.insn	2, 0x5a01
 202:	ec04                	.insn	2, 0xec04
 204:	01048003          	lb	zero,16(s1)
 208:	005a                	.insn	2, 0x005a
 20a:	7c04                	.insn	2, 0x7c04
 20c:	019c                	.insn	2, 0x019c
 20e:	3002                	.insn	2, 0x3002
 210:	049f 019c 01b0      	.insn	6, 0x01b0019c049f
 216:	3102                	.insn	2, 0x3102
 218:	049f 01d0 01e8      	.insn	6, 0x01e801d0049f
 21e:	3002                	.insn	2, 0x3002
 220:	049f 02bc 02d0      	.insn	6, 0x02d002bc049f
 226:	3002                	.insn	2, 0x3002
 228:	049f 02f0 0380      	.insn	6, 0x038002f0049f
 22e:	3002                	.insn	2, 0x3002
 230:	049f 03b4 03c4      	.insn	6, 0x03c403b4049f
 236:	3002                	.insn	2, 0x3002
 238:	049f 03c4 03d4      	.insn	6, 0x03d403c4049f
 23e:	3102                	.insn	2, 0x3102
 240:	049f 03ec 0480      	.insn	6, 0x048003ec049f
 246:	3102                	.insn	2, 0x3102
 248:	009f 7c04 01b0      	.insn	6, 0x01b07c04009f
 24e:	3002                	.insn	2, 0x3002
 250:	049f 01d0 01e8      	.insn	6, 0x01e801d0049f
 256:	3002                	.insn	2, 0x3002
 258:	049f 02bc 02d0      	.insn	6, 0x02d002bc049f
 25e:	3002                	.insn	2, 0x3002
 260:	049f 02f0 0380      	.insn	6, 0x038002f0049f
 266:	3002                	.insn	2, 0x3002
 268:	049f 03b4 03c4      	.insn	6, 0x03c403b4049f
 26e:	3002                	.insn	2, 0x3002
 270:	049f 03c4 03d4      	.insn	6, 0x03d403c4049f
 276:	3102                	.insn	2, 0x3102
 278:	049f 03ec 0480      	.insn	6, 0x048003ec049f
 27e:	5e01                	.insn	2, 0x5e01
 280:	0400                	.insn	2, 0x0400
 282:	b07c                	.insn	2, 0xb07c
 284:	0201                	.insn	2, 0x0201
 286:	9f30                	.insn	2, 0x9f30
 288:	d004                	.insn	2, 0xd004
 28a:	e801                	.insn	2, 0xe801
 28c:	0201                	.insn	2, 0x0201
 28e:	9f30                	.insn	2, 0x9f30
 290:	bc04                	.insn	2, 0xbc04
 292:	d002                	.insn	2, 0xd002
 294:	0202                	.insn	2, 0x0202
 296:	9f30                	.insn	2, 0x9f30
 298:	f004                	.insn	2, 0xf004
 29a:	8002                	.insn	2, 0x8002
 29c:	9f300203          	lb	tp,-1549(zero) # fffffffffffff9f3 <_sp+0xfffffffff7fef9f3>
 2a0:	b404                	.insn	2, 0xb404
 2a2:	0203c403          	lbu	s0,32(t2)
 2a6:	9f30                	.insn	2, 0x9f30
 2a8:	c404                	.insn	2, 0xc404
 2aa:	0103d403          	lhu	s0,16(t2)
 2ae:	045d                	.insn	2, 0x045d
 2b0:	03ec                	.insn	2, 0x03ec
 2b2:	0480                	.insn	2, 0x0480
 2b4:	3102                	.insn	2, 0x3102
 2b6:	009f 7c04 01a4      	.insn	6, 0x01a47c04009f
 2bc:	5601                	.insn	2, 0x5601
 2be:	a404                	.insn	2, 0xa404
 2c0:	b001                	.insn	2, 0xb001
 2c2:	0101                	.insn	2, 0x0101
 2c4:	045f 01d0 01e0      	.insn	6, 0x01e001d0045f
 2ca:	5601                	.insn	2, 0x5601
 2cc:	e404                	.insn	2, 0xe404
 2ce:	e801                	.insn	2, 0xe801
 2d0:	0101                	.insn	2, 0x0101
 2d2:	0456                	.insn	2, 0x0456
 2d4:	02c4                	.insn	2, 0x02c4
 2d6:	02d0                	.insn	2, 0x02d0
 2d8:	5601                	.insn	2, 0x5601
 2da:	f804                	.insn	2, 0xf804
 2dc:	8002                	.insn	2, 0x8002
 2de:	04560103          	lb	sp,69(a2)
 2e2:	03bc                	.insn	2, 0x03bc
 2e4:	03c4                	.insn	2, 0x03c4
 2e6:	5601                	.insn	2, 0x5601
 2e8:	cc04                	.insn	2, 0xcc04
 2ea:	0103d403          	lhu	s0,16(t2)
 2ee:	045f 03f4 0480      	.insn	6, 0x048003f4045f
 2f4:	5f01                	.insn	2, 0x5f01
 2f6:	0400                	.insn	2, 0x0400
 2f8:	0288                	.insn	2, 0x0288
 2fa:	02bc                	.insn	2, 0x02bc
 2fc:	6f01                	.insn	2, 0x6f01
 2fe:	dc04                	.insn	2, 0xdc04
 300:	0103ec03          	lwu	s8,16(t2)
 304:	8404006f          	j	fffffffffff40344 <_sp+0xfffffffff7f30344>
 308:	8802                	.insn	2, 0x8802
 30a:	0302                	.insn	2, 0x0302
 30c:	3c08                	.insn	2, 0x3c08
 30e:	049f 0288 02bc      	.insn	6, 0x02bc0288049f
 314:	6001                	.insn	2, 0x6001
 316:	0400                	.insn	2, 0x0400
 318:	029c                	.insn	2, 0x029c
 31a:	02a8                	.insn	2, 0x02a8
 31c:	5c01                	.insn	2, 0x5c01
 31e:	a804                	.insn	2, 0xa804
 320:	b802                	.insn	2, 0xb802
 322:	0b02                	.insn	2, 0x0b02
 324:	0080008f          	.insn	4, 0x0080008f
 328:	ff08                	.insn	2, 0xff08
 32a:	251a                	.insn	2, 0x251a
 32c:	009f1a3f b402ac04 	.insn	8, 0xb402ac04009f1a3f
 334:	0102                	.insn	2, 0x0102
 336:	005d                	.insn	2, 0x005d
 338:	d404                	.insn	2, 0xd404
 33a:	dc01                	.insn	2, 0xdc01
 33c:	0101                	.insn	2, 0x0101
 33e:	005f dc04 f002      	.insn	6, 0xf002dc04005f
 344:	0102                	.insn	2, 0x0102
 346:	005e                	.insn	2, 0x005e
 348:	dc04                	.insn	2, 0xdc04
 34a:	8002                	.insn	2, 0x8002
 34c:	4a490403          	lb	s0,1188(s2)
 350:	9f24                	.insn	2, 0x9f24
 352:	0400                	.insn	2, 0x0400
 354:	02e8                	.insn	2, 0x02e8
 356:	02f0                	.insn	2, 0x02f0
 358:	5d01                	.insn	2, 0x5d01
 35a:	0400                	.insn	2, 0x0400
 35c:	0388                	.insn	2, 0x0388
 35e:	03b4                	.insn	2, 0x03b4
 360:	6001                	.insn	2, 0x6001
 362:	0400                	.insn	2, 0x0400
 364:	0394                	.insn	2, 0x0394
 366:	03ac                	.insn	2, 0x03ac
 368:	5e01                	.insn	2, 0x5e01
 36a:	b004                	.insn	2, 0xb004
 36c:	0103b403          	ld	s0,16(t2)
 370:	005e                	.insn	2, 0x005e
 372:	a004                	.insn	2, 0xa004
 374:	0103a803          	lw	a6,16(t2)
 378:	005d                	.insn	2, 0x005d
 37a:	0004                	.insn	2, 0x0004
 37c:	010c                	.insn	2, 0x010c
 37e:	045a                	.insn	2, 0x045a
 380:	500c                	.insn	2, 0x500c
 382:	a304                	.insn	2, 0xa304
 384:	5a01                	.insn	2, 0x5a01
 386:	009f 0004 012c      	.insn	6, 0x012c0004009f
 38c:	005a                	.insn	2, 0x005a
 38e:	0404                	.insn	2, 0x0404
 390:	011c                	.insn	2, 0x011c
 392:	045e                	.insn	2, 0x045e
 394:	2c20                	.insn	2, 0x2c20
 396:	5e01                	.insn	2, 0x5e01
 398:	0400                	.insn	2, 0x0400
 39a:	1810                	.insn	2, 0x1810
 39c:	5d01                	.insn	2, 0x5d01
 39e:	0400                	.insn	2, 0x0400
 3a0:	4030                	.insn	2, 0x4030
 3a2:	5d01                	.insn	2, 0x5d01
	...

Disassembly of section .debug_rnglists:

0000000000000000 <.debug_rnglists>:
   0:	00e1                	.insn	2, 0x00e1
   2:	0000                	.insn	2, 0x
   4:	0005                	.insn	2, 0x0005
   6:	0008                	.insn	2, 0x0008
   8:	0000                	.insn	2, 0x
   a:	0000                	.insn	2, 0x
   c:	1c05                	.insn	2, 0x1c05
   e:	0100                	.insn	2, 0x0100
  10:	0000                	.insn	2, 0x
  12:	0000                	.insn	2, 0x
  14:	0400                	.insn	2, 0x0400
  16:	0800                	.insn	2, 0x0800
  18:	3004                	.insn	2, 0x3004
  1a:	0040                	.insn	2, 0x0040
  1c:	5c05                	.insn	2, 0x5c05
  1e:	0100                	.insn	2, 0x0100
  20:	0000                	.insn	2, 0x
  22:	0000                	.insn	2, 0x
  24:	0400                	.insn	2, 0x0400
  26:	0000                	.insn	2, 0x
  28:	1404                	.insn	2, 0x1404
  2a:	002c                	.insn	2, 0x002c
  2c:	8805                	.insn	2, 0x8805
  2e:	0100                	.insn	2, 0x0100
  30:	0000                	.insn	2, 0x
  32:	0000                	.insn	2, 0x
  34:	0400                	.insn	2, 0x0400
  36:	2800                	.insn	2, 0x2800
  38:	3004                	.insn	2, 0x3004
  3a:	0034                	.insn	2, 0x0034
  3c:	d805                	.insn	2, 0xd805
  3e:	0100                	.insn	2, 0x0100
  40:	0000                	.insn	2, 0x
  42:	0000                	.insn	2, 0x
  44:	0400                	.insn	2, 0x0400
  46:	1c00                	.insn	2, 0x1c00
  48:	3404                	.insn	2, 0x3404
  4a:	043c                	.insn	2, 0x043c
  4c:	f078                	.insn	2, 0xf078
  4e:	0401                	.insn	2, 0x0401
  50:	01f0                	.insn	2, 0x01f0
  52:	01f8                	.insn	2, 0x01f8
  54:	ac04                	.insn	2, 0xac04
  56:	bc02                	.insn	2, 0xbc02
  58:	0002                	.insn	2, 0x0002
  5a:	1005                	.insn	2, 0x1005
  5c:	0101                	.insn	2, 0x0101
  5e:	0000                	.insn	2, 0x
  60:	0000                	.insn	2, 0x
  62:	0400                	.insn	2, 0x0400
  64:	0400                	.insn	2, 0x0400
  66:	f404                	.insn	2, 0xf404
  68:	8001                	.insn	2, 0x8001
  6a:	0002                	.insn	2, 0x0002
  6c:	0005                	.insn	2, 0x0005
  6e:	0101                	.insn	2, 0x0101
  70:	0000                	.insn	2, 0x
  72:	0000                	.insn	2, 0x
  74:	0400                	.insn	2, 0x0400
  76:	0c00                	.insn	2, 0x0c00
  78:	1404                	.insn	2, 0x1404
  7a:	0414                	.insn	2, 0x0414
  7c:	501c                	.insn	2, 0x501c
  7e:	0500                	.insn	2, 0x0500
  80:	0100                	.insn	2, 0x0100
  82:	0001                	.insn	2, 0x0001
  84:	0000                	.insn	2, 0x
  86:	0000                	.insn	2, 0x
  88:	0004                	.insn	2, 0x0004
  8a:	0404                	.insn	2, 0x0404
  8c:	3424                	.insn	2, 0x3424
  8e:	0500                	.insn	2, 0x0500
  90:	0108                	.insn	2, 0x0108
  92:	0001                	.insn	2, 0x0001
  94:	0000                	.insn	2, 0x
  96:	0000                	.insn	2, 0x
  98:	0004                	.insn	2, 0x0004
  9a:	0404                	.insn	2, 0x0404
  9c:	4838                	.insn	2, 0x4838
  9e:	0500                	.insn	2, 0x0500
  a0:	01c8                	.insn	2, 0x01c8
  a2:	0001                	.insn	2, 0x0001
  a4:	0000                	.insn	2, 0x
  a6:	0000                	.insn	2, 0x
  a8:	0004                	.insn	2, 0x0004
  aa:	0400                	.insn	2, 0x0400
  ac:	3c08                	.insn	2, 0x3c08
  ae:	0500                	.insn	2, 0x0500
  b0:	0280                	.insn	2, 0x0280
  b2:	0001                	.insn	2, 0x0001
  b4:	0000                	.insn	2, 0x
  b6:	0000                	.insn	2, 0x
  b8:	0004                	.insn	2, 0x0004
  ba:	0408                	.insn	2, 0x0408
  bc:	1c10                	.insn	2, 0x1c10
  be:	0500                	.insn	2, 0x0500
  c0:	0288                	.insn	2, 0x0288
  c2:	0001                	.insn	2, 0x0001
  c4:	0000                	.insn	2, 0x
  c6:	0000                	.insn	2, 0x
  c8:	0004                	.insn	2, 0x0004
  ca:	0408                	.insn	2, 0x0408
  cc:	2c14                	.insn	2, 0x2c14
  ce:	0700                	.insn	2, 0x0700
  d0:	0010                	.insn	2, 0x0010
  d2:	0001                	.insn	2, 0x0001
  d4:	0000                	.insn	2, 0x
  d6:	0000                	.insn	2, 0x
  d8:	074c                	.insn	2, 0x074c
  da:	005c                	.insn	2, 0x005c
  dc:	0001                	.insn	2, 0x0001
  de:	0000                	.insn	2, 0x
  e0:	0000                	.insn	2, 0x
  e2:	04d8                	.insn	2, 0x04d8
  e4:	4f00                	.insn	2, 0x4f00
  e6:	0000                	.insn	2, 0x
  e8:	0500                	.insn	2, 0x0500
  ea:	0800                	.insn	2, 0x0800
  ec:	0000                	.insn	2, 0x
  ee:	0000                	.insn	2, 0x
  f0:	0400                	.insn	2, 0x0400
  f2:	0194                	.insn	2, 0x0194
  f4:	0198                	.insn	2, 0x0198
  f6:	d004                	.insn	2, 0xd004
  f8:	dc01                	.insn	2, 0xdc01
  fa:	0001                	.insn	2, 0x0001
  fc:	f004                	.insn	2, 0xf004
  fe:	bc01                	.insn	2, 0xbc01
 100:	0402                	.insn	2, 0x0402
 102:	03d8                	.insn	2, 0x03d8
 104:	03ec                	.insn	2, 0x03ec
 106:	0400                	.insn	2, 0x0400
 108:	0288                	.insn	2, 0x0288
 10a:	0290                	.insn	2, 0x0290
 10c:	9404                	.insn	2, 0x9404
 10e:	b402                	.insn	2, 0xb402
 110:	0002                	.insn	2, 0x0002
 112:	8c04                	.insn	2, 0x8c04
 114:	9002                	.insn	2, 0x9002
 116:	0402                	.insn	2, 0x0402
 118:	02a8                	.insn	2, 0x02a8
 11a:	02b4                	.insn	2, 0x02b4
 11c:	0400                	.insn	2, 0x0400
 11e:	02d4                	.insn	2, 0x02d4
 120:	02d8                	.insn	2, 0x02d8
 122:	dc04                	.insn	2, 0xdc04
 124:	dc02                	.insn	2, 0xdc02
 126:	0402                	.insn	2, 0x0402
 128:	02e4                	.insn	2, 0x02e4
 12a:	02f0                	.insn	2, 0x02f0
 12c:	0400                	.insn	2, 0x0400
 12e:	0388                	.insn	2, 0x0388
 130:	0388                	.insn	2, 0x0388
 132:	9004                	.insn	2, 0x9004
 134:	0003b403          	ld	s0,0(t2)

Disassembly of section .debug_frame:

0000000000000000 <.debug_frame>:
   0:	000c                	.insn	2, 0x000c
   2:	0000                	.insn	2, 0x
   4:	ffff                	.insn	2, 0xffff
   6:	ffff                	.insn	2, 0xffff
   8:	7c010003          	lb	zero,1984(sp) # 130b16 <dtb+0x12052e>
   c:	0c01                	.insn	2, 0x0c01
   e:	0002                	.insn	2, 0x0002
  10:	0014                	.insn	2, 0x0014
  12:	0000                	.insn	2, 0x
  14:	0000                	.insn	2, 0x
  16:	0000                	.insn	2, 0x
  18:	0010                	.insn	2, 0x0010
  1a:	0001                	.insn	2, 0x0001
  1c:	0000                	.insn	2, 0x
  1e:	0000                	.insn	2, 0x
  20:	004c                	.insn	2, 0x004c
  22:	0000                	.insn	2, 0x
  24:	0000                	.insn	2, 0x
  26:	0000                	.insn	2, 0x
  28:	0024                	.insn	2, 0x0024
  2a:	0000                	.insn	2, 0x
  2c:	0000                	.insn	2, 0x
  2e:	0000                	.insn	2, 0x
  30:	005c                	.insn	2, 0x005c
  32:	0001                	.insn	2, 0x0001
  34:	0000                	.insn	2, 0x
  36:	0000                	.insn	2, 0x
  38:	0258                	.insn	2, 0x0258
  3a:	0000                	.insn	2, 0x
  3c:	0000                	.insn	2, 0x
  3e:	0000                	.insn	2, 0x
  40:	0e44                	.insn	2, 0x0e44
  42:	5040                	.insn	2, 0x5040
  44:	0281                	.insn	2, 0x0281
  46:	0488                	.insn	2, 0x0488
  48:	0689                	.insn	2, 0x0689
  4a:	0892                	.insn	2, 0x0892
  4c:	0000                	.insn	2, 0x
  4e:	0000                	.insn	2, 0x
  50:	000c                	.insn	2, 0x000c
  52:	0000                	.insn	2, 0x
  54:	ffff                	.insn	2, 0xffff
  56:	ffff                	.insn	2, 0xffff
  58:	7c010003          	lb	zero,1984(sp)
  5c:	0c01                	.insn	2, 0x0c01
  5e:	0002                	.insn	2, 0x0002
  60:	0014                	.insn	2, 0x0014
  62:	0000                	.insn	2, 0x
  64:	0050                	.insn	2, 0x0050
  66:	0000                	.insn	2, 0x
  68:	02b4                	.insn	2, 0x02b4
  6a:	0001                	.insn	2, 0x0001
  6c:	0000                	.insn	2, 0x
  6e:	0000                	.insn	2, 0x
  70:	0050                	.insn	2, 0x0050
  72:	0000                	.insn	2, 0x
  74:	0000                	.insn	2, 0x
  76:	0000                	.insn	2, 0x
  78:	002c                	.insn	2, 0x002c
  7a:	0000                	.insn	2, 0x
  7c:	0050                	.insn	2, 0x0050
  7e:	0000                	.insn	2, 0x
  80:	0304                	.insn	2, 0x0304
  82:	0001                	.insn	2, 0x0001
  84:	0000                	.insn	2, 0x
  86:	0000                	.insn	2, 0x
  88:	01b0                	.insn	2, 0x01b0
  8a:	0000                	.insn	2, 0x
  8c:	0000                	.insn	2, 0x
  8e:	0000                	.insn	2, 0x
  90:	0e44                	.insn	2, 0x0e44
  92:	0250                	.insn	2, 0x0250
  94:	0a98                	.insn	2, 0x0a98
  96:	000e                	.insn	2, 0x000e
  98:	0b44                	.insn	2, 0x0b44
  9a:	5c02                	.insn	2, 0x5c02
  9c:	0e0a                	.insn	2, 0x0e0a
  9e:	4400                	.insn	2, 0x4400
  a0:	0000000b          	.insn	4, 0x000b
  a4:	0000                	.insn	2, 0x
	...
