
/root/chipyard/fpga/src/main/resources/zcu104/sdboot-linux//build/sdboot.elf:     file format elf64-littleriscv


Disassembly of section .text:

0000000000010000 <_hang>:
  .section .text.init
  .option norvc
  .globl _hang

_hang:
  li t3, DDR_SENTINEL
   10000:	00001e37          	lui	t3,0x1
   10004:	8ffe0e1b          	addiw	t3,t3,-1793 # 8ff <_hang-0xf701>
   10008:	014e1e13          	slli	t3,t3,0x14
  li t4, 0x11111111
   1000c:	11111eb7          	lui	t4,0x11111
   10010:	111e8e9b          	addiw	t4,t4,273 # 11111111 <_sp+0x9101111>
  sw t4, 0(t3)
   10014:	01de2023          	sw	t4,0(t3)
1:
  j 1b
   10018:	0000006f          	j	10018 <_hang+0x18>

000000000001001c <_hang80>:

  .section .text.hang80, "ax", @progbits
  .globl _hang80
_hang80:
  j _hang
   1001c:	fe5ff06f          	j	10000 <_hang>

0000000000010020 <uart_puts>:
  REG32(uart0, UART_REG_TXFIFO) = (uint32_t)(uint8_t)c;
}

static void uart_puts(const char *s)
{
  while (*s != '\0') {
   10020:	00054783          	lbu	a5,0(a0)
   10024:	02078a63          	beqz	a5,10058 <uart_puts+0x38>
    if (*s == '\n') {
   10028:	00a00613          	li	a2,10
  while ((int32_t)REG32(uart0, UART_REG_TXFIFO) < 0) {
   1002c:	64000737          	lui	a4,0x64000
  REG32(uart0, UART_REG_TXFIFO) = (uint32_t)(uint8_t)c;
   10030:	00d00593          	li	a1,13
    if (*s == '\n') {
   10034:	02c78463          	beq	a5,a2,1005c <uart_puts+0x3c>
      uart_putc('\r');
    }
    uart_putc(*s++);
   10038:	00054683          	lbu	a3,0(a0)
   1003c:	00150513          	addi	a0,a0,1
  while ((int32_t)REG32(uart0, UART_REG_TXFIFO) < 0) {
   10040:	00072783          	lw	a5,0(a4) # 64000000 <_sp+0x5bff0000>
   10044:	fe07cee3          	bltz	a5,10040 <uart_puts+0x20>
  REG32(uart0, UART_REG_TXFIFO) = (uint32_t)(uint8_t)c;
   10048:	0006879b          	sext.w	a5,a3
   1004c:	00f72023          	sw	a5,0(a4)
  while (*s != '\0') {
   10050:	00054783          	lbu	a5,0(a0)
   10054:	fe0790e3          	bnez	a5,10034 <uart_puts+0x14>
  }
}
   10058:	00008067          	ret
  while ((int32_t)REG32(uart0, UART_REG_TXFIFO) < 0) {
   1005c:	00072783          	lw	a5,0(a4)
   10060:	fe07cee3          	bltz	a5,1005c <uart_puts+0x3c>
  REG32(uart0, UART_REG_TXFIFO) = (uint32_t)(uint8_t)c;
   10064:	00b72023          	sw	a1,0(a4)
}
   10068:	fd1ff06f          	j	10038 <uart_puts+0x18>

000000000001006c <print_hex32>:
    uart_putc(buffer[--i]);
  }
}

static void print_hex32(uint32_t value)
{
   1006c:	ff010113          	addi	sp,sp,-16
   10070:	00813023          	sd	s0,0(sp)
   10074:	00050413          	mv	s0,a0
  int shift;

  uart_puts("0x");
   10078:	00001517          	auipc	a0,0x1
   1007c:	91850513          	addi	a0,a0,-1768 # 10990 <kprintf+0x1f4>
{
   10080:	00113423          	sd	ra,8(sp)
  uart_puts("0x");
   10084:	f9dff0ef          	jal	10020 <uart_puts>
  for (shift = 28; shift >= 0; shift -= 4) {
   10088:	01c00613          	li	a2,28
    const uint32_t digit = (value >> shift) & 0xfu;
    uart_putc((digit < 10u) ? ('0' + digit) : ('a' + (digit - 10u)));
   1008c:	00900813          	li	a6,9
  while ((int32_t)REG32(uart0, UART_REG_TXFIFO) < 0) {
   10090:	64000737          	lui	a4,0x64000
  for (shift = 28; shift >= 0; shift -= 4) {
   10094:	ffc00513          	li	a0,-4
    const uint32_t digit = (value >> shift) & 0xfu;
   10098:	00c457bb          	srlw	a5,s0,a2
    uart_putc((digit < 10u) ? ('0' + digit) : ('a' + (digit - 10u)));
   1009c:	00f7f593          	andi	a1,a5,15
   100a0:	05758693          	addi	a3,a1,87
   100a4:	00b86463          	bltu	a6,a1,100ac <print_hex32+0x40>
   100a8:	03058693          	addi	a3,a1,48
  while ((int32_t)REG32(uart0, UART_REG_TXFIFO) < 0) {
   100ac:	00072783          	lw	a5,0(a4) # 64000000 <_sp+0x5bff0000>
   100b0:	fe07cee3          	bltz	a5,100ac <print_hex32+0x40>
  REG32(uart0, UART_REG_TXFIFO) = (uint32_t)(uint8_t)c;
   100b4:	0006869b          	sext.w	a3,a3
   100b8:	00d72023          	sw	a3,0(a4)
  for (shift = 28; shift >= 0; shift -= 4) {
   100bc:	ffc6061b          	addiw	a2,a2,-4
   100c0:	fca61ce3          	bne	a2,a0,10098 <print_hex32+0x2c>
  }
}
   100c4:	00813083          	ld	ra,8(sp)
   100c8:	00013403          	ld	s0,0(sp)
   100cc:	01010113          	addi	sp,sp,16
   100d0:	00008067          	ret

00000000000100d4 <print_dec>:
  if (value == 0) {
   100d4:	0a050263          	beqz	a0,10178 <print_dec+0xa4>
    buffer[i++] = '0' + (value % 10);
   100d8:	ccccd7b7          	lui	a5,0xccccd
   100dc:	ccd78793          	addi	a5,a5,-819 # ffffffffcccccccd <_sp+0xffffffffc4cbcccd>
{
   100e0:	fe010113          	addi	sp,sp,-32
   100e4:	00810693          	addi	a3,sp,8
    buffer[i++] = '0' + (value % 10);
   100e8:	02079893          	slli	a7,a5,0x20
   100ec:	00068613          	mv	a2,a3
   100f0:	00f888b3          	add	a7,a7,a5
  while (value != 0) {
   100f4:	00900313          	li	t1,9
    buffer[i++] = '0' + (value % 10);
   100f8:	031537b3          	mulhu	a5,a0,a7
   100fc:	00050593          	mv	a1,a0
   10100:	00060813          	mv	a6,a2
  while (value != 0) {
   10104:	00160613          	addi	a2,a2,1
    buffer[i++] = '0' + (value % 10);
   10108:	0037d793          	srli	a5,a5,0x3
   1010c:	00279713          	slli	a4,a5,0x2
   10110:	00f70733          	add	a4,a4,a5
   10114:	00171713          	slli	a4,a4,0x1
   10118:	40e50533          	sub	a0,a0,a4
   1011c:	0305051b          	addiw	a0,a0,48
   10120:	fea60fa3          	sb	a0,-1(a2)
    value /= 10;
   10124:	00078513          	mv	a0,a5
  while (value != 0) {
   10128:	fcb368e3          	bltu	t1,a1,100f8 <print_dec+0x24>
   1012c:	40d807bb          	subw	a5,a6,a3
   10130:	0017879b          	addiw	a5,a5,1
  while (i > 0) {
   10134:	fff7871b          	addiw	a4,a5,-1
   10138:	fff68593          	addi	a1,a3,-1
   1013c:	02071713          	slli	a4,a4,0x20
   10140:	02075713          	srli	a4,a4,0x20
   10144:	00f585b3          	add	a1,a1,a5
   10148:	40e585b3          	sub	a1,a1,a4
   1014c:	00f686b3          	add	a3,a3,a5
  while ((int32_t)REG32(uart0, UART_REG_TXFIFO) < 0) {
   10150:	64000737          	lui	a4,0x64000
    uart_putc(buffer[--i]);
   10154:	fff6c603          	lbu	a2,-1(a3)
  while ((int32_t)REG32(uart0, UART_REG_TXFIFO) < 0) {
   10158:	00072783          	lw	a5,0(a4) # 64000000 <_sp+0x5bff0000>
   1015c:	fe07cee3          	bltz	a5,10158 <print_dec+0x84>
  REG32(uart0, UART_REG_TXFIFO) = (uint32_t)(uint8_t)c;
   10160:	0006079b          	sext.w	a5,a2
   10164:	00f72023          	sw	a5,0(a4)
  while (i > 0) {
   10168:	fff68693          	addi	a3,a3,-1
   1016c:	feb694e3          	bne	a3,a1,10154 <print_dec+0x80>
}
   10170:	02010113          	addi	sp,sp,32
   10174:	00008067          	ret
  while ((int32_t)REG32(uart0, UART_REG_TXFIFO) < 0) {
   10178:	64000737          	lui	a4,0x64000
   1017c:	00072783          	lw	a5,0(a4) # 64000000 <_sp+0x5bff0000>
   10180:	fe07cee3          	bltz	a5,1017c <print_dec+0xa8>
  REG32(uart0, UART_REG_TXFIFO) = (uint32_t)(uint8_t)c;
   10184:	03000793          	li	a5,48
   10188:	00f72023          	sw	a5,0(a4)
    return;
   1018c:	00008067          	ret

0000000000010190 <ddr_report_mismatch.isra.0>:

static int ddr_report_mismatch(const char *label, volatile uint32_t *addr, uint32_t expected, uint32_t actual)
   10190:	fe010113          	addi	sp,sp,-32
   10194:	00113c23          	sd	ra,24(sp)
   10198:	00813823          	sd	s0,16(sp)
   1019c:	00913423          	sd	s1,8(sp)
   101a0:	00068413          	mv	s0,a3
   101a4:	00060493          	mv	s1,a2
   101a8:	01213023          	sd	s2,0(sp)
   101ac:	00058913          	mv	s2,a1
{
  uart_puts(label);
   101b0:	e71ff0ef          	jal	10020 <uart_puts>
  uart_puts(" fail addr=");
   101b4:	00000517          	auipc	a0,0x0
   101b8:	7e450513          	addi	a0,a0,2020 # 10998 <kprintf+0x1fc>
   101bc:	e65ff0ef          	jal	10020 <uart_puts>
  print_hex32((uint32_t)(uintptr_t)addr);
   101c0:	0009051b          	sext.w	a0,s2
   101c4:	ea9ff0ef          	jal	1006c <print_hex32>
  uart_puts(" exp=");
   101c8:	00000517          	auipc	a0,0x0
   101cc:	7e050513          	addi	a0,a0,2016 # 109a8 <kprintf+0x20c>
   101d0:	e51ff0ef          	jal	10020 <uart_puts>
  print_hex32(expected);
   101d4:	00048513          	mv	a0,s1
   101d8:	e95ff0ef          	jal	1006c <print_hex32>
  uart_puts(" got=");
   101dc:	00000517          	auipc	a0,0x0
   101e0:	7d450513          	addi	a0,a0,2004 # 109b0 <kprintf+0x214>
   101e4:	e3dff0ef          	jal	10020 <uart_puts>
  print_hex32(actual);
   101e8:	00040513          	mv	a0,s0
   101ec:	e81ff0ef          	jal	1006c <print_hex32>
  uart_puts("\n");
  return -1;
}
   101f0:	01013403          	ld	s0,16(sp)
   101f4:	01813083          	ld	ra,24(sp)
   101f8:	00813483          	ld	s1,8(sp)
   101fc:	00013903          	ld	s2,0(sp)
  uart_puts("\n");
   10200:	00001517          	auipc	a0,0x1
   10204:	83050513          	addi	a0,a0,-2000 # 10a30 <kprintf+0x294>
}
   10208:	02010113          	addi	sp,sp,32
  uart_puts("\n");
   1020c:	e15ff06f          	j	10020 <uart_puts>

0000000000010210 <main>:
    delay_cycles(HEARTBEAT_DELAY_CYCLES);
  }
}

int main(void)
{
   10210:	fc010113          	addi	sp,sp,-64
   10214:	02113c23          	sd	ra,56(sp)
   10218:	02813823          	sd	s0,48(sp)
   1021c:	02913423          	sd	s1,40(sp)
   10220:	03213023          	sd	s2,32(sp)
   10224:	01313c23          	sd	s3,24(sp)
   10228:	01413823          	sd	s4,16(sp)
   1022c:	01513423          	sd	s5,8(sp)
  REG32(uart0, UART_REG_DIV) = UART_DIV;
   10230:	640007b7          	lui	a5,0x64000
   10234:	1b200693          	li	a3,434
   10238:	00d7ac23          	sw	a3,24(a5) # 64000018 <_sp+0x5bff0018>
  REG32(uart0, UART_REG_RXCTRL) = 0;
   1023c:	0007a623          	sw	zero,12(a5)
  REG32(uart0, UART_REG_TXCTRL) = UART_TXEN;
   10240:	00100693          	li	a3,1
   10244:	00d7a423          	sw	a3,8(a5)
  REG32(gpio0, GPIO_INPUT_EN) = 0;
   10248:	64002737          	lui	a4,0x64002
  led_state = 0;
   1024c:	07ff0797          	auipc	a5,0x7ff0
   10250:	da07aa23          	sw	zero,-588(a5) # 8000000 <led_state>
  REG32(gpio0, GPIO_INPUT_EN) = 0;
   10254:	00072223          	sw	zero,4(a4) # 64002004 <_sp+0x5bff2004>
  REG32(gpio0, GPIO_PULLUP_EN) = 0;
   10258:	00072823          	sw	zero,16(a4)
  REG32(gpio0, GPIO_IOF_EN) = 0;
   1025c:	02072c23          	sw	zero,56(a4)
  REG32(gpio0, GPIO_OUTPUT_XOR) = 0;
   10260:	04072023          	sw	zero,64(a4)
  REG32(gpio0, GPIO_OUTPUT_EN) = DS38_LED_MASK;
   10264:	640027b7          	lui	a5,0x64002
  REG32(gpio0, GPIO_OUTPUT_VAL) = led_state;
   10268:	00072623          	sw	zero,12(a4)
  REG32(gpio0, GPIO_OUTPUT_EN) = DS38_LED_MASK;
   1026c:	00d7a423          	sw	a3,8(a5) # 64002008 <_sp+0x5bff2008>
  uint64_t count = 0;
  int ddr_ok = 1;

  uart_init();
  gpio_init();
  uart_puts("zcu104 bit ok\n");
   10270:	00000517          	auipc	a0,0x0
   10274:	78050513          	addi	a0,a0,1920 # 109f0 <kprintf+0x254>
  REG32(gpio0, GPIO_OUTPUT_VAL) = led_state;
   10278:	00c70493          	addi	s1,a4,12
  uart_puts("zcu104 bit ok\n");
   1027c:	da5ff0ef          	jal	10020 <uart_puts>
  uart_puts("j9 tx / k9 rx uart active\n");
   10280:	00000517          	auipc	a0,0x0
   10284:	78050513          	addi	a0,a0,1920 # 10a00 <kprintf+0x264>
   10288:	d99ff0ef          	jal	10020 <uart_puts>
  uart_puts("ds38 blink armed\n");
   1028c:	00000517          	auipc	a0,0x0
   10290:	79450513          	addi	a0,a0,1940 # 10a20 <kprintf+0x284>
   10294:	d8dff0ef          	jal	10020 <uart_puts>
  uart_puts("rocket cpu booted\n");
   10298:	00000517          	auipc	a0,0x0
   1029c:	7a050513          	addi	a0,a0,1952 # 10a38 <kprintf+0x29c>
   102a0:	d81ff0ef          	jal	10020 <uart_puts>
  uart_puts("pre-ddr hold start\n");
   102a4:	00000517          	auipc	a0,0x0
   102a8:	7ac50513          	addi	a0,a0,1964 # 10a50 <kprintf+0x2b4>
   102ac:	d75ff0ef          	jal	10020 <uart_puts>
   102b0:	00000a93          	li	s5,0
   102b4:	07ff0917          	auipc	s2,0x7ff0
   102b8:	d4c90913          	addi	s2,s2,-692 # 8000000 <led_state>
  while ((int32_t)REG32(uart0, UART_REG_TXFIFO) < 0) {
   102bc:	64000437          	lui	s0,0x64000
    if (*s == '\n') {
   102c0:	00a00993          	li	s3,10
  REG32(uart0, UART_REG_TXFIFO) = (uint32_t)(uint8_t)c;
   102c4:	00d00a13          	li	s4,13
  led_state ^= DS38_LED_MASK;
   102c8:	07ff0797          	auipc	a5,0x7ff0
   102cc:	d387a783          	lw	a5,-712(a5) # 8000000 <led_state>
  REG32(gpio0, GPIO_OUTPUT_VAL) = led_state;
   102d0:	00000717          	auipc	a4,0x0
   102d4:	6e870713          	addi	a4,a4,1768 # 109b8 <kprintf+0x21c>
  led_state ^= DS38_LED_MASK;
   102d8:	0017c793          	xori	a5,a5,1
   102dc:	00f92023          	sw	a5,0(s2)
  REG32(gpio0, GPIO_OUTPUT_VAL) = led_state;
   102e0:	00f4a023          	sw	a5,0(s1)
    uart_putc(*s++);
   102e4:	00074683          	lbu	a3,0(a4)
   102e8:	00170713          	addi	a4,a4,1
  while ((int32_t)REG32(uart0, UART_REG_TXFIFO) < 0) {
   102ec:	00042783          	lw	a5,0(s0) # 64000000 <_sp+0x5bff0000>
   102f0:	fe07cee3          	bltz	a5,102ec <main+0xdc>
  REG32(uart0, UART_REG_TXFIFO) = (uint32_t)(uint8_t)c;
   102f4:	0006879b          	sext.w	a5,a3
   102f8:	00f42023          	sw	a5,0(s0)
  while (*s != '\0') {
   102fc:	00074783          	lbu	a5,0(a4)
   10300:	00078c63          	beqz	a5,10318 <main+0x108>
    if (*s == '\n') {
   10304:	ff3790e3          	bne	a5,s3,102e4 <main+0xd4>
  while ((int32_t)REG32(uart0, UART_REG_TXFIFO) < 0) {
   10308:	00042783          	lw	a5,0(s0)
   1030c:	fe07cee3          	bltz	a5,10308 <main+0xf8>
  REG32(uart0, UART_REG_TXFIFO) = (uint32_t)(uint8_t)c;
   10310:	01442023          	sw	s4,0(s0)
}
   10314:	fd1ff06f          	j	102e4 <main+0xd4>
    print_dec(i);
   10318:	000a8513          	mv	a0,s5
   1031c:	db9ff0ef          	jal	100d4 <print_dec>
   10320:	00000717          	auipc	a4,0x0
   10324:	6b870713          	addi	a4,a4,1720 # 109d8 <kprintf+0x23c>
    uart_putc(*s++);
   10328:	00074683          	lbu	a3,0(a4)
   1032c:	00170713          	addi	a4,a4,1
  while ((int32_t)REG32(uart0, UART_REG_TXFIFO) < 0) {
   10330:	00042783          	lw	a5,0(s0)
   10334:	fe07cee3          	bltz	a5,10330 <main+0x120>
  REG32(uart0, UART_REG_TXFIFO) = (uint32_t)(uint8_t)c;
   10338:	0006879b          	sext.w	a5,a3
   1033c:	00f42023          	sw	a5,0(s0)
  while (*s != '\0') {
   10340:	00074783          	lbu	a5,0(a4)
   10344:	00078c63          	beqz	a5,1035c <main+0x14c>
    if (*s == '\n') {
   10348:	ff3790e3          	bne	a5,s3,10328 <main+0x118>
  while ((int32_t)REG32(uart0, UART_REG_TXFIFO) < 0) {
   1034c:	00042783          	lw	a5,0(s0)
   10350:	fe07cee3          	bltz	a5,1034c <main+0x13c>
  REG32(uart0, UART_REG_TXFIFO) = (uint32_t)(uint8_t)c;
   10354:	01442023          	sw	s4,0(s0)
}
   10358:	fd1ff06f          	j	10328 <main+0x118>
    uart_puts((led_state & DS38_LED_MASK) ? "on" : "off");
   1035c:	07ff0797          	auipc	a5,0x7ff0
   10360:	ca47a783          	lw	a5,-860(a5) # 8000000 <led_state>
   10364:	00000717          	auipc	a4,0x0
   10368:	68470713          	addi	a4,a4,1668 # 109e8 <kprintf+0x24c>
   1036c:	0017f793          	andi	a5,a5,1
   10370:	00078663          	beqz	a5,1037c <main+0x16c>
   10374:	00000717          	auipc	a4,0x0
   10378:	66c70713          	addi	a4,a4,1644 # 109e0 <kprintf+0x244>
    uart_putc(*s++);
   1037c:	00074683          	lbu	a3,0(a4)
   10380:	00170713          	addi	a4,a4,1
  while ((int32_t)REG32(uart0, UART_REG_TXFIFO) < 0) {
   10384:	00042783          	lw	a5,0(s0)
   10388:	fe07cee3          	bltz	a5,10384 <main+0x174>
  REG32(uart0, UART_REG_TXFIFO) = (uint32_t)(uint8_t)c;
   1038c:	0006879b          	sext.w	a5,a3
   10390:	00f42023          	sw	a5,0(s0)
  while (*s != '\0') {
   10394:	00074783          	lbu	a5,0(a4)
   10398:	00078c63          	beqz	a5,103b0 <main+0x1a0>
    if (*s == '\n') {
   1039c:	ff3790e3          	bne	a5,s3,1037c <main+0x16c>
  while ((int32_t)REG32(uart0, UART_REG_TXFIFO) < 0) {
   103a0:	00042783          	lw	a5,0(s0)
   103a4:	fe07cee3          	bltz	a5,103a0 <main+0x190>
  REG32(uart0, UART_REG_TXFIFO) = (uint32_t)(uint8_t)c;
   103a8:	01442023          	sw	s4,0(s0)
}
   103ac:	fd1ff06f          	j	1037c <main+0x16c>
  while ((int32_t)REG32(uart0, UART_REG_TXFIFO) < 0) {
   103b0:	00042783          	lw	a5,0(s0)
   103b4:	fe07cee3          	bltz	a5,103b0 <main+0x1a0>
  REG32(uart0, UART_REG_TXFIFO) = (uint32_t)(uint8_t)c;
   103b8:	01442023          	sw	s4,0(s0)
  while ((int32_t)REG32(uart0, UART_REG_TXFIFO) < 0) {
   103bc:	00042783          	lw	a5,0(s0)
   103c0:	fe07cee3          	bltz	a5,103bc <main+0x1ac>
  while (cycles-- > 0) {
   103c4:	00bec7b7          	lui	a5,0xbec
  REG32(uart0, UART_REG_TXFIFO) = (uint32_t)(uint8_t)c;
   103c8:	01342023          	sw	s3,0(s0)
  while (cycles-- > 0) {
   103cc:	c1f78793          	addi	a5,a5,-993 # bebc1f <dtb+0xbdb0b7>
    __asm__ __volatile__("nop");
   103d0:	00000013          	nop
  while (cycles-- > 0) {
   103d4:	00078713          	mv	a4,a5
   103d8:	fff78793          	addi	a5,a5,-1
   103dc:	fe071ae3          	bnez	a4,103d0 <main+0x1c0>
  for (i = 0; i < count; ++i) {
   103e0:	001a8a93          	addi	s5,s5,1
   103e4:	07800793          	li	a5,120
   103e8:	eefa90e3          	bne	s5,a5,102c8 <main+0xb8>
  pre_ddr_heartbeat(PRE_DDR_HEARTBEATS);
  uart_puts("pre-ddr hold done\n");
   103ec:	00000517          	auipc	a0,0x0
   103f0:	67c50513          	addi	a0,a0,1660 # 10a68 <kprintf+0x2cc>
   103f4:	c2dff0ef          	jal	10020 <uart_puts>
  uart_puts("entering ddr stage\n");
   103f8:	00000517          	auipc	a0,0x0
   103fc:	68850513          	addi	a0,a0,1672 # 10a80 <kprintf+0x2e4>
   10400:	c21ff0ef          	jal	10020 <uart_puts>
  uart_puts("ddr test start\n");
   10404:	00000517          	auipc	a0,0x0
   10408:	69450513          	addi	a0,a0,1684 # 10a98 <kprintf+0x2fc>
   1040c:	c15ff0ef          	jal	10020 <uart_puts>
    ddr0[i] = patterns[i];
   10410:	00100893          	li	a7,1
   10414:	11223337          	lui	t1,0x11223
   10418:	01f89893          	slli	a7,a7,0x1f
   1041c:	34430313          	addi	t1,t1,836 # 11223344 <_sp+0x9213344>
   10420:	a5a56837          	lui	a6,0xa5a56
   10424:	0068a023          	sw	t1,0(a7)
   10428:	00488713          	addi	a4,a7,4
   1042c:	a5a80813          	addi	a6,a6,-1446 # ffffffffa5a55a5a <_sp+0xffffffff9da45a5a>
   10430:	deadc537          	lui	a0,0xdeadc
   10434:	01072023          	sw	a6,0(a4)
   10438:	00888793          	addi	a5,a7,8
   1043c:	eef50513          	addi	a0,a0,-273 # ffffffffdeadbeef <_sp+0xffffffffd6acbeef>
   10440:	c001d637          	lui	a2,0xc001d
   10444:	00a7a023          	sw	a0,0(a5)
   10448:	00c88593          	addi	a1,a7,12
   1044c:	00d60613          	addi	a2,a2,13 # ffffffffc001d00d <_sp+0xffffffffb800d00d>
   10450:	00c5a023          	sw	a2,0(a1)
  __asm__ __volatile__("fence rw, rw" ::: "memory");
   10454:	0330000f          	fence	rw,rw
    const uint32_t actual = ddr0[i];
   10458:	0008ae03          	lw	t3,0(a7)
   1045c:	000e069b          	sext.w	a3,t3
    if (actual != patterns[i]) {
   10460:	2a6e1c63          	bne	t3,t1,10718 <main+0x508>
    const uint32_t actual = ddr0[i];
   10464:	00072883          	lw	a7,0(a4)
   10468:	0008869b          	sext.w	a3,a7
    if (actual != patterns[i]) {
   1046c:	2d089463          	bne	a7,a6,10734 <main+0x524>
    const uint32_t actual = ddr0[i];
   10470:	0007a703          	lw	a4,0(a5)
   10474:	0007069b          	sext.w	a3,a4
    if (actual != patterns[i]) {
   10478:	2ca71463          	bne	a4,a0,10740 <main+0x530>
    const uint32_t actual = ddr0[i];
   1047c:	0005a783          	lw	a5,0(a1)
   10480:	0007869b          	sext.w	a3,a5
    if (actual != patterns[i]) {
   10484:	28c79e63          	bne	a5,a2,10720 <main+0x510>
  uart_puts("ddr fixed pass\n");
   10488:	00000517          	auipc	a0,0x0
   1048c:	62050513          	addi	a0,a0,1568 # 10aa8 <kprintf+0x30c>
   10490:	b91ff0ef          	jal	10020 <uart_puts>
  int ddr_ok = 1;
   10494:	00100413          	li	s0,1
    base[i] = 0x5a5a0000u ^ (0x01010101u * i);
   10498:	00100593          	li	a1,1
   1049c:	01f59593          	slli	a1,a1,0x1f
   104a0:	04058593          	addi	a1,a1,64
   104a4:	5a5a0537          	lui	a0,0x5a5a0
   104a8:	00100693          	li	a3,1
   104ac:	5b5b0837          	lui	a6,0x5b5b0
   104b0:	01f69693          	slli	a3,a3,0x1f
   104b4:	00a5a023          	sw	a0,0(a1)
   104b8:	10180813          	addi	a6,a6,257 # 5b5b0101 <_sp+0x535a0101>
   104bc:	58580637          	lui	a2,0x58580
   104c0:	0506a223          	sw	a6,68(a3)
   104c4:	20260613          	addi	a2,a2,514 # 58580202 <_sp+0x50570202>
   104c8:	59590837          	lui	a6,0x59590
   104cc:	04c6a423          	sw	a2,72(a3)
   104d0:	30380813          	addi	a6,a6,771 # 59590303 <_sp+0x51580303>
   104d4:	5e5e0637          	lui	a2,0x5e5e0
   104d8:	0506a623          	sw	a6,76(a3)
   104dc:	40460613          	addi	a2,a2,1028 # 5e5e0404 <_sp+0x565d0404>
   104e0:	5f5f0837          	lui	a6,0x5f5f0
   104e4:	04c6a823          	sw	a2,80(a3)
   104e8:	50580813          	addi	a6,a6,1285 # 5f5f0505 <_sp+0x575e0505>
   104ec:	5c5c0637          	lui	a2,0x5c5c0
   104f0:	0506aa23          	sw	a6,84(a3)
   104f4:	60660613          	addi	a2,a2,1542 # 5c5c0606 <_sp+0x545b0606>
   104f8:	5d5d0837          	lui	a6,0x5d5d0
   104fc:	04c6ac23          	sw	a2,88(a3)
   10500:	70780813          	addi	a6,a6,1799 # 5d5d0707 <_sp+0x555c0707>
   10504:	52521637          	lui	a2,0x52521
   10508:	0506ae23          	sw	a6,92(a3)
   1050c:	80860613          	addi	a2,a2,-2040 # 52520808 <_sp+0x4a510808>
   10510:	53531837          	lui	a6,0x53531
   10514:	06c6a023          	sw	a2,96(a3)
   10518:	90980813          	addi	a6,a6,-1783 # 53530909 <_sp+0x4b520909>
   1051c:	50501637          	lui	a2,0x50501
   10520:	0706a223          	sw	a6,100(a3)
   10524:	a0a60613          	addi	a2,a2,-1526 # 50500a0a <_sp+0x484f0a0a>
   10528:	51511837          	lui	a6,0x51511
   1052c:	06c6a423          	sw	a2,104(a3)
   10530:	b0b80813          	addi	a6,a6,-1269 # 51510b0b <_sp+0x49500b0b>
   10534:	56561637          	lui	a2,0x56561
   10538:	0706a623          	sw	a6,108(a3)
   1053c:	c0c60613          	addi	a2,a2,-1012 # 56560c0c <_sp+0x4e550c0c>
   10540:	57571837          	lui	a6,0x57571
   10544:	06c6a823          	sw	a2,112(a3)
   10548:	d0d80813          	addi	a6,a6,-755 # 57570d0d <_sp+0x4f560d0d>
   1054c:	54541637          	lui	a2,0x54541
   10550:	0706aa23          	sw	a6,116(a3)
   10554:	00068713          	mv	a4,a3
   10558:	00068793          	mv	a5,a3
   1055c:	e0e60613          	addi	a2,a2,-498 # 54540e0e <_sp+0x4c530e0e>
   10560:	555516b7          	lui	a3,0x55551
   10564:	06c72c23          	sw	a2,120(a4)
   10568:	f0f68713          	addi	a4,a3,-241 # 55550f0f <_sp+0x4d540f0f>
   1056c:	06e7ae23          	sw	a4,124(a5)
  __asm__ __volatile__("fence rw, rw" ::: "memory");
   10570:	0330000f          	fence	rw,rw
  for (i = 0; i < DDR_LINEAR_WORDS; ++i) {
   10574:	01010837          	lui	a6,0x1010
   10578:	10101737          	lui	a4,0x10101
   1057c:	1018081b          	addiw	a6,a6,257 # 1010101 <dtb+0xfff599>
   10580:	01070713          	addi	a4,a4,16 # 10101010 <_sp+0x80f1010>
  __asm__ __volatile__("fence rw, rw" ::: "memory");
   10584:	00000793          	li	a5,0
    const uint32_t actual = base[i];
   10588:	0005a883          	lw	a7,0(a1)
    const uint32_t expected = 0x5a5a0000u ^ (0x01010101u * i);
   1058c:	00a7c633          	xor	a2,a5,a0
  for (i = 0; i < DDR_LINEAR_WORDS; ++i) {
   10590:	010787bb          	addw	a5,a5,a6
    const uint32_t actual = base[i];
   10594:	0008869b          	sext.w	a3,a7
    if (actual != expected) {
   10598:	17161063          	bne	a2,a7,106f8 <main+0x4e8>
  for (i = 0; i < DDR_LINEAR_WORDS; ++i) {
   1059c:	00458593          	addi	a1,a1,4
   105a0:	fee794e3          	bne	a5,a4,10588 <main+0x378>
  uart_puts("ddr linear pass\n");
   105a4:	00000517          	auipc	a0,0x0
   105a8:	53450513          	addi	a0,a0,1332 # 10ad8 <kprintf+0x33c>
   105ac:	a75ff0ef          	jal	10020 <uart_puts>
    ddr_ok = 0;
  }
  if (ddr_test_linear() != 0) {
    ddr_ok = 0;
  }
  if (ddr_ok) {
   105b0:	14041c63          	bnez	s0,10708 <main+0x4f8>
    uart_puts("ddr test pass\n");
  } else {
    uart_puts("ddr test fail\n");
   105b4:	00000517          	auipc	a0,0x0
   105b8:	54c50513          	addi	a0,a0,1356 # 10b00 <kprintf+0x364>
   105bc:	a65ff0ef          	jal	10020 <uart_puts>
  REG32(gpio0, GPIO_OUTPUT_VAL) = led_state;
   105c0:	64002a37          	lui	s4,0x64002
   105c4:	00ca0a13          	addi	s4,s4,12 # 6400200c <_sp+0x5bff200c>
  __asm__ __volatile__("fence rw, rw" ::: "memory");
   105c8:	00000a93          	li	s5,0
  while ((int32_t)REG32(uart0, UART_REG_TXFIFO) < 0) {
   105cc:	64000437          	lui	s0,0x64000
    if (*s == '\n') {
   105d0:	00a00493          	li	s1,10
  REG32(uart0, UART_REG_TXFIFO) = (uint32_t)(uint8_t)c;
   105d4:	00d00993          	li	s3,13
  }

  while (1) {
    uart_puts("rocket_alive heartbeat=");
    print_dec(count++);
   105d8:	00000717          	auipc	a4,0x0
   105dc:	3e870713          	addi	a4,a4,1000 # 109c0 <kprintf+0x224>
    uart_putc(*s++);
   105e0:	00074683          	lbu	a3,0(a4)
   105e4:	00170713          	addi	a4,a4,1
  while ((int32_t)REG32(uart0, UART_REG_TXFIFO) < 0) {
   105e8:	00042783          	lw	a5,0(s0) # 64000000 <_sp+0x5bff0000>
   105ec:	fe07cee3          	bltz	a5,105e8 <main+0x3d8>
  REG32(uart0, UART_REG_TXFIFO) = (uint32_t)(uint8_t)c;
   105f0:	0006879b          	sext.w	a5,a3
   105f4:	00f42023          	sw	a5,0(s0)
  while (*s != '\0') {
   105f8:	00074783          	lbu	a5,0(a4)
   105fc:	00078c63          	beqz	a5,10614 <main+0x404>
    if (*s == '\n') {
   10600:	fe9790e3          	bne	a5,s1,105e0 <main+0x3d0>
  while ((int32_t)REG32(uart0, UART_REG_TXFIFO) < 0) {
   10604:	00042783          	lw	a5,0(s0)
   10608:	fe07cee3          	bltz	a5,10604 <main+0x3f4>
  REG32(uart0, UART_REG_TXFIFO) = (uint32_t)(uint8_t)c;
   1060c:	01342023          	sw	s3,0(s0)
}
   10610:	fd1ff06f          	j	105e0 <main+0x3d0>
    print_dec(count++);
   10614:	000a8513          	mv	a0,s5
   10618:	abdff0ef          	jal	100d4 <print_dec>
   1061c:	001a8a93          	addi	s5,s5,1
   10620:	00000717          	auipc	a4,0x0
   10624:	3b870713          	addi	a4,a4,952 # 109d8 <kprintf+0x23c>
    uart_putc(*s++);
   10628:	00074683          	lbu	a3,0(a4)
   1062c:	00170713          	addi	a4,a4,1
  while ((int32_t)REG32(uart0, UART_REG_TXFIFO) < 0) {
   10630:	00042783          	lw	a5,0(s0)
   10634:	fe07cee3          	bltz	a5,10630 <main+0x420>
  REG32(uart0, UART_REG_TXFIFO) = (uint32_t)(uint8_t)c;
   10638:	0006879b          	sext.w	a5,a3
   1063c:	00f42023          	sw	a5,0(s0)
  while (*s != '\0') {
   10640:	00074783          	lbu	a5,0(a4)
   10644:	00078c63          	beqz	a5,1065c <main+0x44c>
    if (*s == '\n') {
   10648:	fe9790e3          	bne	a5,s1,10628 <main+0x418>
  while ((int32_t)REG32(uart0, UART_REG_TXFIFO) < 0) {
   1064c:	00042783          	lw	a5,0(s0)
   10650:	fe07cee3          	bltz	a5,1064c <main+0x43c>
  REG32(uart0, UART_REG_TXFIFO) = (uint32_t)(uint8_t)c;
   10654:	01342023          	sw	s3,0(s0)
}
   10658:	fd1ff06f          	j	10628 <main+0x418>
    uart_puts(" ds38=");
    uart_puts((led_state & DS38_LED_MASK) ? "on" : "off");
   1065c:	07ff0797          	auipc	a5,0x7ff0
   10660:	9a47a783          	lw	a5,-1628(a5) # 8000000 <led_state>
   10664:	00000717          	auipc	a4,0x0
   10668:	38470713          	addi	a4,a4,900 # 109e8 <kprintf+0x24c>
   1066c:	0017f793          	andi	a5,a5,1
   10670:	00078663          	beqz	a5,1067c <main+0x46c>
   10674:	00000717          	auipc	a4,0x0
   10678:	36c70713          	addi	a4,a4,876 # 109e0 <kprintf+0x244>
    uart_putc(*s++);
   1067c:	00074683          	lbu	a3,0(a4)
   10680:	00170713          	addi	a4,a4,1
  while ((int32_t)REG32(uart0, UART_REG_TXFIFO) < 0) {
   10684:	00042783          	lw	a5,0(s0)
   10688:	fe07cee3          	bltz	a5,10684 <main+0x474>
  REG32(uart0, UART_REG_TXFIFO) = (uint32_t)(uint8_t)c;
   1068c:	0006879b          	sext.w	a5,a3
   10690:	00f42023          	sw	a5,0(s0)
  while (*s != '\0') {
   10694:	00074783          	lbu	a5,0(a4)
   10698:	00078c63          	beqz	a5,106b0 <main+0x4a0>
    if (*s == '\n') {
   1069c:	fe9790e3          	bne	a5,s1,1067c <main+0x46c>
  while ((int32_t)REG32(uart0, UART_REG_TXFIFO) < 0) {
   106a0:	00042783          	lw	a5,0(s0)
   106a4:	fe07cee3          	bltz	a5,106a0 <main+0x490>
  REG32(uart0, UART_REG_TXFIFO) = (uint32_t)(uint8_t)c;
   106a8:	01342023          	sw	s3,0(s0)
}
   106ac:	fd1ff06f          	j	1067c <main+0x46c>
  while ((int32_t)REG32(uart0, UART_REG_TXFIFO) < 0) {
   106b0:	00042783          	lw	a5,0(s0)
   106b4:	fe07cee3          	bltz	a5,106b0 <main+0x4a0>
  REG32(uart0, UART_REG_TXFIFO) = (uint32_t)(uint8_t)c;
   106b8:	01342023          	sw	s3,0(s0)
  while ((int32_t)REG32(uart0, UART_REG_TXFIFO) < 0) {
   106bc:	00042783          	lw	a5,0(s0)
   106c0:	fe07cee3          	bltz	a5,106bc <main+0x4ac>
  REG32(uart0, UART_REG_TXFIFO) = (uint32_t)(uint8_t)c;
   106c4:	00942023          	sw	s1,0(s0)
  led_state ^= DS38_LED_MASK;
   106c8:	07ff0717          	auipc	a4,0x7ff0
   106cc:	93872703          	lw	a4,-1736(a4) # 8000000 <led_state>
  while (cycles-- > 0) {
   106d0:	00bec7b7          	lui	a5,0xbec
   106d4:	c1f78793          	addi	a5,a5,-993 # bebc1f <dtb+0xbdb0b7>
  led_state ^= DS38_LED_MASK;
   106d8:	00174713          	xori	a4,a4,1
   106dc:	00e92023          	sw	a4,0(s2)
  REG32(gpio0, GPIO_OUTPUT_VAL) = led_state;
   106e0:	00ea2023          	sw	a4,0(s4)
    __asm__ __volatile__("nop");
   106e4:	00000013          	nop
  while (cycles-- > 0) {
   106e8:	00078713          	mv	a4,a5
   106ec:	fff78793          	addi	a5,a5,-1
   106f0:	fe071ae3          	bnez	a4,106e4 <main+0x4d4>
   106f4:	ee5ff06f          	j	105d8 <main+0x3c8>
      return ddr_report_mismatch("ddr linear", &base[i], expected, actual);
   106f8:	00000517          	auipc	a0,0x0
   106fc:	3d050513          	addi	a0,a0,976 # 10ac8 <kprintf+0x32c>
   10700:	a91ff0ef          	jal	10190 <ddr_report_mismatch.isra.0>
   10704:	eb1ff06f          	j	105b4 <main+0x3a4>
    uart_puts("ddr test pass\n");
   10708:	00000517          	auipc	a0,0x0
   1070c:	3e850513          	addi	a0,a0,1000 # 10af0 <kprintf+0x354>
   10710:	911ff0ef          	jal	10020 <uart_puts>
   10714:	eadff06f          	j	105c0 <main+0x3b0>
    if (actual != patterns[i]) {
   10718:	00030613          	mv	a2,t1
    const uint32_t actual = ddr0[i];
   1071c:	00088593          	mv	a1,a7
      return ddr_report_mismatch("ddr fixed", &ddr0[i], patterns[i], actual);
   10720:	00000517          	auipc	a0,0x0
   10724:	39850513          	addi	a0,a0,920 # 10ab8 <kprintf+0x31c>
   10728:	a69ff0ef          	jal	10190 <ddr_report_mismatch.isra.0>
    ddr_ok = 0;
   1072c:	00000413          	li	s0,0
   10730:	d69ff06f          	j	10498 <main+0x288>
    if (actual != patterns[i]) {
   10734:	00080613          	mv	a2,a6
    const uint32_t actual = ddr0[i];
   10738:	00070593          	mv	a1,a4
   1073c:	fe5ff06f          	j	10720 <main+0x510>
    if (actual != patterns[i]) {
   10740:	00050613          	mv	a2,a0
    const uint32_t actual = ddr0[i];
   10744:	00078593          	mv	a1,a5
   10748:	fd9ff06f          	j	10720 <main+0x510>

000000000001074c <kputs>:
#include "kprintf.h"

static inline void _kputs(const char *s)
{
	char c;
	for (; (c = *s) != '\0'; s++)
   1074c:	00054703          	lbu	a4,0(a0)
   10750:	02070063          	beqz	a4,10770 <kputs+0x24>
{
	volatile uint32_t *tx = &REG32(uart, UART_REG_TXFIFO);
#ifdef __riscv_atomic
	int32_t r;
	do {
		__asm__ __volatile__ (
   10754:	640007b7          	lui	a5,0x64000
   10758:	40e7a6af          	amoor.w	a3,a4,(a5)
			"amoor.w %0, %2, %1\n"
			: "=r" (r), "+A" (*tx)
			: "r" (c));
	} while (r < 0);
   1075c:	02069613          	slli	a2,a3,0x20
   10760:	fe064ce3          	bltz	a2,10758 <kputs+0xc>
   10764:	00154703          	lbu	a4,1(a0)
   10768:	00150513          	addi	a0,a0,1
   1076c:	fe0716e3          	bnez	a4,10758 <kputs+0xc>
		__asm__ __volatile__ (
   10770:	640007b7          	lui	a5,0x64000
   10774:	00d00713          	li	a4,13
   10778:	40e7a6af          	amoor.w	a3,a4,(a5)
	} while (r < 0);
   1077c:	02069613          	slli	a2,a3,0x20
   10780:	fe064ce3          	bltz	a2,10778 <kputs+0x2c>
		__asm__ __volatile__ (
   10784:	640007b7          	lui	a5,0x64000
   10788:	00a00713          	li	a4,10
   1078c:	40e7a6af          	amoor.w	a3,a4,(a5)
	} while (r < 0);
   10790:	02069613          	slli	a2,a3,0x20
   10794:	fe064ce3          	bltz	a2,1078c <kputs+0x40>
void kputs(const char *s)
{
	_kputs(s);
	kputc('\r');
	kputc('\n');
}
   10798:	00008067          	ret

000000000001079c <kprintf>:

void kprintf(const char *fmt, ...)
{
   1079c:	fb010113          	addi	sp,sp,-80

	va_start(vl, fmt);
	is_format = false;
	is_long = false;
	is_char = false;
	while ((c = *fmt++) != '\0') {
   107a0:	00054303          	lbu	t1,0(a0)
	va_start(vl, fmt);
   107a4:	01810e13          	addi	t3,sp,24
{
   107a8:	00b13c23          	sd	a1,24(sp)
   107ac:	02c13023          	sd	a2,32(sp)
   107b0:	02d13423          	sd	a3,40(sp)
   107b4:	02e13823          	sd	a4,48(sp)
   107b8:	02f13c23          	sd	a5,56(sp)
   107bc:	05013023          	sd	a6,64(sp)
   107c0:	05113423          	sd	a7,72(sp)
	va_start(vl, fmt);
   107c4:	01c13423          	sd	t3,8(sp)
	while ((c = *fmt++) != '\0') {
   107c8:	06030663          	beqz	t1,10834 <kprintf+0x98>
   107cc:	00150713          	addi	a4,a0,1
				break;
			}
			is_format = false;
			is_long = false;
			is_char = false;
		} else if (c == '%') {
   107d0:	02500e93          	li	t4,37
			switch (c) {
   107d4:	01500e13          	li	t3,21
   107d8:	00000897          	auipc	a7,0x0
   107dc:	33888893          	addi	a7,a7,824 # 10b10 <kprintf+0x374>
		__asm__ __volatile__ (
   107e0:	640005b7          	lui	a1,0x64000
		} else if (c == '%') {
   107e4:	03d31c63          	bne	t1,t4,1081c <kprintf+0x80>
	while ((c = *fmt++) != '\0') {
   107e8:	00074783          	lbu	a5,0(a4)
   107ec:	00170513          	addi	a0,a4,1
   107f0:	04078263          	beqz	a5,10834 <kprintf+0x98>
   107f4:	00000693          	li	a3,0
   107f8:	00000713          	li	a4,0
			switch (c) {
   107fc:	f9d7879b          	addiw	a5,a5,-99 # 63ffff9d <_sp+0x5bfeff9d>
   10800:	0ff7f793          	zext.b	a5,a5
   10804:	08fe6263          	bltu	t3,a5,10888 <kprintf+0xec>
   10808:	00279793          	slli	a5,a5,0x2
   1080c:	011787b3          	add	a5,a5,a7
   10810:	0007a783          	lw	a5,0(a5)
   10814:	011787b3          	add	a5,a5,a7
   10818:	00078067          	jr	a5
   1081c:	4065a7af          	amoor.w	a5,t1,(a1)
	} while (r < 0);
   10820:	02079693          	slli	a3,a5,0x20
   10824:	fe06cce3          	bltz	a3,1081c <kprintf+0x80>
	while ((c = *fmt++) != '\0') {
   10828:	00074303          	lbu	t1,0(a4)
   1082c:	00170713          	addi	a4,a4,1
   10830:	fa031ae3          	bnez	t1,107e4 <kprintf+0x48>
		} else {
			kputc(c);
		}
	}
	va_end(vl);
}
   10834:	05010113          	addi	sp,sp,80
   10838:	00008067          	ret
					n = va_arg(vl, unsigned long);
   1083c:	00813783          	ld	a5,8(sp)
   10840:	00878613          	addi	a2,a5,8
   10844:	00c13423          	sd	a2,8(sp)
				if (is_long) {
   10848:	0c070e63          	beqz	a4,10924 <kprintf+0x188>
					n = va_arg(vl, unsigned long);
   1084c:	0007bf83          	ld	t6,0(a5)
					i = (sizeof(unsigned long) << 3) - 4;
   10850:	03c00813          	li	a6,60
					kputc(d < 10 ? '0' + d : 'a' + d - 10);
   10854:	00900f13          	li	t5,9
		__asm__ __volatile__ (
   10858:	640007b7          	lui	a5,0x64000
				for (; i >= 0; i -= 4) {
   1085c:	ffc00313          	li	t1,-4
					d = (n >> i) & 0xF;
   10860:	010fd733          	srl	a4,t6,a6
					kputc(d < 10 ? '0' + d : 'a' + d - 10);
   10864:	00f77613          	andi	a2,a4,15
   10868:	05760713          	addi	a4,a2,87
   1086c:	00cf6463          	bltu	t5,a2,10874 <kprintf+0xd8>
   10870:	03060713          	addi	a4,a2,48
   10874:	40e7a6af          	amoor.w	a3,a4,(a5)
	} while (r < 0);
   10878:	02069613          	slli	a2,a3,0x20
   1087c:	fe064ce3          	bltz	a2,10874 <kprintf+0xd8>
				for (; i >= 0; i -= 4) {
   10880:	ffc80813          	addi	a6,a6,-4
   10884:	fc681ee3          	bne	a6,t1,10860 <kprintf+0xc4>
	while ((c = *fmt++) != '\0') {
   10888:	00054303          	lbu	t1,0(a0)
   1088c:	00150713          	addi	a4,a0,1
   10890:	f4031ae3          	bnez	t1,107e4 <kprintf+0x48>
}
   10894:	05010113          	addi	sp,sp,80
   10898:	00008067          	ret
				kputc(va_arg(vl, int));
   1089c:	00813683          	ld	a3,8(sp)
		__asm__ __volatile__ (
   108a0:	640007b7          	lui	a5,0x64000
   108a4:	0006c703          	lbu	a4,0(a3)
   108a8:	00868693          	addi	a3,a3,8
   108ac:	00d13423          	sd	a3,8(sp)
   108b0:	40e7a6af          	amoor.w	a3,a4,(a5)
	} while (r < 0);
   108b4:	02069613          	slli	a2,a3,0x20
   108b8:	fe064ce3          	bltz	a2,108b0 <kprintf+0x114>
	while ((c = *fmt++) != '\0') {
   108bc:	00054303          	lbu	t1,0(a0)
   108c0:	00150713          	addi	a4,a0,1
   108c4:	f20310e3          	bnez	t1,107e4 <kprintf+0x48>
   108c8:	fcdff06f          	j	10894 <kprintf+0xf8>
				_kputs(va_arg(vl, const char *));
   108cc:	00813783          	ld	a5,8(sp)
   108d0:	0007b803          	ld	a6,0(a5) # 64000000 <_sp+0x5bff0000>
   108d4:	00878793          	addi	a5,a5,8
   108d8:	00f13423          	sd	a5,8(sp)
	for (; (c = *s) != '\0'; s++)
   108dc:	00084703          	lbu	a4,0(a6)
   108e0:	fa0704e3          	beqz	a4,10888 <kprintf+0xec>
		__asm__ __volatile__ (
   108e4:	640007b7          	lui	a5,0x64000
   108e8:	40e7a6af          	amoor.w	a3,a4,(a5)
	} while (r < 0);
   108ec:	02069613          	slli	a2,a3,0x20
   108f0:	fe064ce3          	bltz	a2,108e8 <kprintf+0x14c>
   108f4:	00184703          	lbu	a4,1(a6)
   108f8:	00180813          	addi	a6,a6,1
   108fc:	fe0716e3          	bnez	a4,108e8 <kprintf+0x14c>
	while ((c = *fmt++) != '\0') {
   10900:	00054303          	lbu	t1,0(a0)
   10904:	00150713          	addi	a4,a0,1
   10908:	ec031ee3          	bnez	t1,107e4 <kprintf+0x48>
   1090c:	f89ff06f          	j	10894 <kprintf+0xf8>
   10910:	00054783          	lbu	a5,0(a0)
   10914:	00150513          	addi	a0,a0,1
   10918:	f0078ee3          	beqz	a5,10834 <kprintf+0x98>
				is_long = true;
   1091c:	00100713          	li	a4,1
   10920:	eddff06f          	j	107fc <kprintf+0x60>
					n = va_arg(vl, unsigned int);
   10924:	0007ef83          	lwu	t6,0(a5) # 64000000 <_sp+0x5bff0000>
					i = is_char ? 4 : (sizeof(unsigned int) << 3) - 4;
   10928:	00400813          	li	a6,4
   1092c:	f20694e3          	bnez	a3,10854 <kprintf+0xb8>
   10930:	01c00813          	li	a6,28
   10934:	f21ff06f          	j	10854 <kprintf+0xb8>
	while ((c = *fmt++) != '\0') {
   10938:	00054783          	lbu	a5,0(a0)
   1093c:	00150513          	addi	a0,a0,1
   10940:	ee078ae3          	beqz	a5,10834 <kprintf+0x98>
   10944:	00100693          	li	a3,1
   10948:	eb5ff06f          	j	107fc <kprintf+0x60>
	...

Disassembly of section .rodata:

0000000000010990 <dtb-0x1d8>:
   10990:	7830                	.insn	2, 0x7830
   10992:	0000                	.insn	2, 0x
   10994:	0000                	.insn	2, 0x
   10996:	0000                	.insn	2, 0x
   10998:	6620                	.insn	2, 0x6620
   1099a:	6961                	.insn	2, 0x6961
   1099c:	206c                	.insn	2, 0x206c
   1099e:	6461                	.insn	2, 0x6461
   109a0:	7264                	.insn	2, 0x7264
   109a2:	003d                	.insn	2, 0x003d
   109a4:	0000                	.insn	2, 0x
   109a6:	0000                	.insn	2, 0x
   109a8:	6520                	.insn	2, 0x6520
   109aa:	7078                	.insn	2, 0x7078
   109ac:	003d                	.insn	2, 0x003d
   109ae:	0000                	.insn	2, 0x
   109b0:	6720                	.insn	2, 0x6720
   109b2:	003d746f          	jal	s0,e81b4 <dtb+0xd764c>
   109b6:	0000                	.insn	2, 0x
   109b8:	7270                	.insn	2, 0x7270
   109ba:	2d65                	.insn	2, 0x2d65
   109bc:	6464                	.insn	2, 0x6464
   109be:	2072                	.insn	2, 0x2072
   109c0:	6f72                	.insn	2, 0x6f72
   109c2:	74656b63          	bltu	a0,t1,11118 <dtb+0x5b0>
   109c6:	615f 696c 6576      	.insn	6, 0x6576696c615f
   109cc:	6820                	.insn	2, 0x6820
   109ce:	6165                	.insn	2, 0x6165
   109d0:	7472                	.insn	2, 0x7472
   109d2:	6562                	.insn	2, 0x6562
   109d4:	7461                	.insn	2, 0x7461
   109d6:	003d                	.insn	2, 0x003d
   109d8:	6420                	.insn	2, 0x6420
   109da:	3d383373          	csrrc	t1,pmpaddr35,a6
   109de:	0000                	.insn	2, 0x
   109e0:	00006e6f          	jal	t3,169e0 <dtb+0x5e78>
   109e4:	0000                	.insn	2, 0x
   109e6:	0000                	.insn	2, 0x
   109e8:	0066666f          	jal	a2,769ee <dtb+0x65e86>
   109ec:	0000                	.insn	2, 0x
   109ee:	0000                	.insn	2, 0x
   109f0:	637a                	.insn	2, 0x637a
   109f2:	3175                	.insn	2, 0x3175
   109f4:	3430                	.insn	2, 0x3430
   109f6:	6220                	.insn	2, 0x6220
   109f8:	7469                	.insn	2, 0x7469
   109fa:	6f20                	.insn	2, 0x6f20
   109fc:	00000a6b          	.insn	4, 0x0a6b
   10a00:	396a                	.insn	2, 0x396a
   10a02:	7420                	.insn	2, 0x7420
   10a04:	2078                	.insn	2, 0x2078
   10a06:	396b202f          	.insn	4, 0x396b202f
   10a0a:	7220                	.insn	2, 0x7220
   10a0c:	2078                	.insn	2, 0x2078
   10a0e:	6175                	.insn	2, 0x6175
   10a10:	7472                	.insn	2, 0x7472
   10a12:	6120                	.insn	2, 0x6120
   10a14:	76697463          	bgeu	s2,t1,1117c <dtb+0x614>
   10a18:	0a65                	.insn	2, 0x0a65
   10a1a:	0000                	.insn	2, 0x
   10a1c:	0000                	.insn	2, 0x
   10a1e:	0000                	.insn	2, 0x
   10a20:	7364                	.insn	2, 0x7364
   10a22:	62203833          	.insn	4, 0x62203833
   10a26:	696c                	.insn	2, 0x696c
   10a28:	6b6e                	.insn	2, 0x6b6e
   10a2a:	6120                	.insn	2, 0x6120
   10a2c:	6d72                	.insn	2, 0x6d72
   10a2e:	6465                	.insn	2, 0x6465
   10a30:	000a                	.insn	2, 0x000a
   10a32:	0000                	.insn	2, 0x
   10a34:	0000                	.insn	2, 0x
   10a36:	0000                	.insn	2, 0x
   10a38:	6f72                	.insn	2, 0x6f72
   10a3a:	74656b63          	bltu	a0,t1,11190 <dtb+0x628>
   10a3e:	6320                	.insn	2, 0x6320
   10a40:	7570                	.insn	2, 0x7570
   10a42:	6220                	.insn	2, 0x6220
   10a44:	65746f6f          	jal	t5,5789a <dtb+0x46d32>
   10a48:	0a64                	.insn	2, 0x0a64
   10a4a:	0000                	.insn	2, 0x
   10a4c:	0000                	.insn	2, 0x
   10a4e:	0000                	.insn	2, 0x
   10a50:	7270                	.insn	2, 0x7270
   10a52:	2d65                	.insn	2, 0x2d65
   10a54:	6464                	.insn	2, 0x6464
   10a56:	2072                	.insn	2, 0x2072
   10a58:	6f68                	.insn	2, 0x6f68
   10a5a:	646c                	.insn	2, 0x646c
   10a5c:	7320                	.insn	2, 0x7320
   10a5e:	6174                	.insn	2, 0x6174
   10a60:	7472                	.insn	2, 0x7472
   10a62:	000a                	.insn	2, 0x000a
   10a64:	0000                	.insn	2, 0x
   10a66:	0000                	.insn	2, 0x
   10a68:	7270                	.insn	2, 0x7270
   10a6a:	2d65                	.insn	2, 0x2d65
   10a6c:	6464                	.insn	2, 0x6464
   10a6e:	2072                	.insn	2, 0x2072
   10a70:	6f68                	.insn	2, 0x6f68
   10a72:	646c                	.insn	2, 0x646c
   10a74:	6420                	.insn	2, 0x6420
   10a76:	0a656e6f          	jal	t3,66b1c <dtb+0x55fb4>
   10a7a:	0000                	.insn	2, 0x
   10a7c:	0000                	.insn	2, 0x
   10a7e:	0000                	.insn	2, 0x
   10a80:	6e65                	.insn	2, 0x6e65
   10a82:	6574                	.insn	2, 0x6574
   10a84:	6972                	.insn	2, 0x6972
   10a86:	676e                	.insn	2, 0x676e
   10a88:	6420                	.insn	2, 0x6420
   10a8a:	7264                	.insn	2, 0x7264
   10a8c:	7320                	.insn	2, 0x7320
   10a8e:	6174                	.insn	2, 0x6174
   10a90:	000a6567          	.insn	4, 0x000a6567
   10a94:	0000                	.insn	2, 0x
   10a96:	0000                	.insn	2, 0x
   10a98:	6464                	.insn	2, 0x6464
   10a9a:	2072                	.insn	2, 0x2072
   10a9c:	6574                	.insn	2, 0x6574
   10a9e:	73207473          	csrrci	s0,mhpmevent18h,0
   10aa2:	6174                	.insn	2, 0x6174
   10aa4:	7472                	.insn	2, 0x7472
   10aa6:	000a                	.insn	2, 0x000a
   10aa8:	6464                	.insn	2, 0x6464
   10aaa:	2072                	.insn	2, 0x2072
   10aac:	6966                	.insn	2, 0x6966
   10aae:	6578                	.insn	2, 0x6578
   10ab0:	2064                	.insn	2, 0x2064
   10ab2:	6170                	.insn	2, 0x6170
   10ab4:	000a7373          	csrrci	t1,0x0,20
   10ab8:	6464                	.insn	2, 0x6464
   10aba:	2072                	.insn	2, 0x2072
   10abc:	6966                	.insn	2, 0x6966
   10abe:	6578                	.insn	2, 0x6578
   10ac0:	0064                	.insn	2, 0x0064
   10ac2:	0000                	.insn	2, 0x
   10ac4:	0000                	.insn	2, 0x
   10ac6:	0000                	.insn	2, 0x
   10ac8:	6464                	.insn	2, 0x6464
   10aca:	2072                	.insn	2, 0x2072
   10acc:	696c                	.insn	2, 0x696c
   10ace:	656e                	.insn	2, 0x656e
   10ad0:	7261                	.insn	2, 0x7261
   10ad2:	0000                	.insn	2, 0x
   10ad4:	0000                	.insn	2, 0x
   10ad6:	0000                	.insn	2, 0x
   10ad8:	6464                	.insn	2, 0x6464
   10ada:	2072                	.insn	2, 0x2072
   10adc:	696c                	.insn	2, 0x696c
   10ade:	656e                	.insn	2, 0x656e
   10ae0:	7261                	.insn	2, 0x7261
   10ae2:	7020                	.insn	2, 0x7020
   10ae4:	7361                	.insn	2, 0x7361
   10ae6:	00000a73          	.insn	4, 0x0a73
   10aea:	0000                	.insn	2, 0x
   10aec:	0000                	.insn	2, 0x
   10aee:	0000                	.insn	2, 0x
   10af0:	6464                	.insn	2, 0x6464
   10af2:	2072                	.insn	2, 0x2072
   10af4:	6574                	.insn	2, 0x6574
   10af6:	70207473          	csrrci	s0,0x702,0
   10afa:	7361                	.insn	2, 0x7361
   10afc:	00000a73          	.insn	4, 0x0a73
   10b00:	6464                	.insn	2, 0x6464
   10b02:	2072                	.insn	2, 0x2072
   10b04:	6574                	.insn	2, 0x6574
   10b06:	66207473          	csrrci	s0,0x662,0
   10b0a:	6961                	.insn	2, 0x6961
   10b0c:	0a6c                	.insn	2, 0x0a6c
   10b0e:	0000                	.insn	2, 0x
   10b10:	fd8c                	.insn	2, 0xfd8c
   10b12:	ffff                	.insn	2, 0xffff
   10b14:	fd78                	.insn	2, 0xfd78
   10b16:	ffff                	.insn	2, 0xffff
   10b18:	fd78                	.insn	2, 0xfd78
   10b1a:	ffff                	.insn	2, 0xffff
   10b1c:	fd78                	.insn	2, 0xfd78
   10b1e:	ffff                	.insn	2, 0xffff
   10b20:	fd78                	.insn	2, 0xfd78
   10b22:	ffff                	.insn	2, 0xffff
   10b24:	fe28                	.insn	2, 0xfe28
   10b26:	ffff                	.insn	2, 0xffff
   10b28:	fd78                	.insn	2, 0xfd78
   10b2a:	ffff                	.insn	2, 0xffff
   10b2c:	fd78                	.insn	2, 0xfd78
   10b2e:	ffff                	.insn	2, 0xffff
   10b30:	fd78                	.insn	2, 0xfd78
   10b32:	ffff                	.insn	2, 0xffff
   10b34:	fe00                	.insn	2, 0xfe00
   10b36:	ffff                	.insn	2, 0xffff
   10b38:	fd78                	.insn	2, 0xfd78
   10b3a:	ffff                	.insn	2, 0xffff
   10b3c:	fd78                	.insn	2, 0xfd78
   10b3e:	ffff                	.insn	2, 0xffff
   10b40:	fd78                	.insn	2, 0xfd78
   10b42:	ffff                	.insn	2, 0xffff
   10b44:	fd78                	.insn	2, 0xfd78
   10b46:	ffff                	.insn	2, 0xffff
   10b48:	fd78                	.insn	2, 0xfd78
   10b4a:	ffff                	.insn	2, 0xffff
   10b4c:	fd78                	.insn	2, 0xfd78
   10b4e:	ffff                	.insn	2, 0xffff
   10b50:	fdbc                	.insn	2, 0xfdbc
   10b52:	ffff                	.insn	2, 0xffff
   10b54:	fd78                	.insn	2, 0xfd78
   10b56:	ffff                	.insn	2, 0xffff
   10b58:	fd78                	.insn	2, 0xfd78
   10b5a:	ffff                	.insn	2, 0xffff
   10b5c:	fd78                	.insn	2, 0xfd78
   10b5e:	ffff                	.insn	2, 0xffff
   10b60:	fd78                	.insn	2, 0xfd78
   10b62:	ffff                	.insn	2, 0xffff
   10b64:	fd2c                	.insn	2, 0xfd2c
   10b66:	ffff                	.insn	2, 0xffff

Disassembly of section .riscv.attributes:

0000000000000000 <.riscv.attributes>:
   0:	5641                	.insn	2, 0x5641
   2:	0000                	.insn	2, 0x
   4:	7200                	.insn	2, 0x7200
   6:	7369                	.insn	2, 0x7369
   8:	01007663          	bgeu	zero,a6,14 <_hang-0xffec>
   c:	004c                	.insn	2, 0x004c
   e:	0000                	.insn	2, 0x
  10:	1004                	.insn	2, 0x1004
  12:	7205                	.insn	2, 0x7205
  14:	3676                	.insn	2, 0x3676
  16:	6934                	.insn	2, 0x6934
  18:	7032                	.insn	2, 0x7032
  1a:	5f31                	.insn	2, 0x5f31
  1c:	326d                	.insn	2, 0x326d
  1e:	3070                	.insn	2, 0x3070
  20:	615f 7032 5f31      	.insn	6, 0x5f317032615f
  26:	697a                	.insn	2, 0x697a
  28:	32727363          	bgeu	tp,t2,34e <_hang-0xfcb2>
  2c:	3070                	.insn	2, 0x3070
  2e:	7a5f 6669 6e65      	.insn	6, 0x6e6566697a5f
  34:	32696563          	bltu	s2,t1,35e <_hang-0xfca2>
  38:	3070                	.insn	2, 0x3070
  3a:	7a5f 6d6d 6c75      	.insn	6, 0x6c756d6d7a5f
  40:	7031                	.insn	2, 0x7031
  42:	5f30                	.insn	2, 0x5f30
  44:	617a                	.insn	2, 0x617a
  46:	6d61                	.insn	2, 0x6d61
  48:	3070316f          	jal	sp,3b4e <_hang-0xc4b2>
  4c:	7a5f 6c61 7372      	.insn	6, 0x73726c617a5f
  52:	30703163          	.insn	4, 0x30703163
	...

Disassembly of section .comment:

0000000000000000 <.comment>:
   0:	3a434347          	.insn	4, 0x3a434347
   4:	2820                	.insn	2, 0x2820
   6:	36343067          	.insn	4, 0x36343067
   a:	3639                	.insn	2, 0x3639
   c:	6664                	.insn	2, 0x6664
   e:	3930                	.insn	2, 0x3930
  10:	3336                	.insn	2, 0x3336
  12:	2029                	.insn	2, 0x2029
  14:	3431                	.insn	2, 0x3431
  16:	322e                	.insn	2, 0x322e
  18:	302e                	.insn	2, 0x302e
	...

Disassembly of section .debug_line:

0000000000000000 <.debug_line>:
       0:	006c                	.insn	2, 0x006c
       2:	0000                	.insn	2, 0x
       4:	0005                	.insn	2, 0x0005
       6:	0008                	.insn	2, 0x0008
       8:	002a                	.insn	2, 0x002a
       a:	0000                	.insn	2, 0x
       c:	0101                	.insn	2, 0x0101
       e:	fb01                	.insn	2, 0xfb01
      10:	0d0e                	.insn	2, 0x0d0e
      12:	0100                	.insn	2, 0x0100
      14:	0101                	.insn	2, 0x0101
      16:	0001                	.insn	2, 0x0001
      18:	0000                	.insn	2, 0x
      1a:	0001                	.insn	2, 0x0001
      1c:	0100                	.insn	2, 0x0100
      1e:	0101                	.insn	2, 0x0101
      20:	011f 0000 0000      	.insn	6, 0x011f
      26:	0102                	.insn	2, 0x0102
      28:	021f 020f 003b      	.insn	6, 0x003b020f021f
      2e:	0000                	.insn	2, 0x
      30:	3b00                	.insn	2, 0x3b00
      32:	0000                	.insn	2, 0x
      34:	0000                	.insn	2, 0x
      36:	0900                	.insn	2, 0x0900
      38:	0002                	.insn	2, 0x0002
      3a:	0100                	.insn	2, 0x0100
      3c:	0000                	.insn	2, 0x
      3e:	0000                	.insn	2, 0x
      40:	0300                	.insn	2, 0x0300
      42:	010a                	.insn	2, 0x010a
      44:	0c090103          	lb	sp,192(s2)
      48:	0100                	.insn	2, 0x0100
      4a:	08090103          	lb	sp,128(s2)
      4e:	0100                	.insn	2, 0x0100
      50:	04090203          	lb	tp,64(s2)
      54:	0100                	.insn	2, 0x0100
      56:	0409                	.insn	2, 0x0409
      58:	0000                	.insn	2, 0x
      5a:	0101                	.insn	2, 0x0101
      5c:	0900                	.insn	2, 0x0900
      5e:	1c02                	.insn	2, 0x1c02
      60:	0100                	.insn	2, 0x0100
      62:	0000                	.insn	2, 0x
      64:	0000                	.insn	2, 0x
      66:	0300                	.insn	2, 0x0300
      68:	04090113          	addi	sp,s2,64
      6c:	0000                	.insn	2, 0x
      6e:	0101                	.insn	2, 0x0101
      70:	1475                	.insn	2, 0x1475
      72:	0000                	.insn	2, 0x
      74:	0005                	.insn	2, 0x0005
      76:	0008                	.insn	2, 0x0008
      78:	003c                	.insn	2, 0x003c
      7a:	0000                	.insn	2, 0x
      7c:	0101                	.insn	2, 0x0101
      7e:	fb01                	.insn	2, 0xfb01
      80:	0d0e                	.insn	2, 0x0d0e
      82:	0100                	.insn	2, 0x0100
      84:	0101                	.insn	2, 0x0101
      86:	0001                	.insn	2, 0x0001
      88:	0000                	.insn	2, 0x
      8a:	0001                	.insn	2, 0x0001
      8c:	0100                	.insn	2, 0x0100
      8e:	0101                	.insn	2, 0x0101
      90:	031f 0000 0000      	.insn	6, 0x031f
      96:	0052                	.insn	2, 0x0052
      98:	0000                	.insn	2, 0x
      9a:	009c                	.insn	2, 0x009c
      9c:	0000                	.insn	2, 0x
      9e:	0102                	.insn	2, 0x0102
      a0:	021f 040f 0042      	.insn	6, 0x0042040f021f
      a6:	0000                	.insn	2, 0x
      a8:	4200                	.insn	2, 0x4200
      aa:	0000                	.insn	2, 0x
      ac:	0000                	.insn	2, 0x
      ae:	00e2                	.insn	2, 0x00e2
      b0:	0000                	.insn	2, 0x
      b2:	f301                	.insn	2, 0xf301
      b4:	0000                	.insn	2, 0x
      b6:	0200                	.insn	2, 0x0200
      b8:	0105                	.insn	2, 0x0105
      ba:	0900                	.insn	2, 0x0900
      bc:	2002                	.insn	2, 0x2002
      be:	0100                	.insn	2, 0x0100
      c0:	0000                	.insn	2, 0x
      c2:	0000                	.insn	2, 0x
      c4:	0300                	.insn	2, 0x0300
      c6:	0139                	.insn	2, 0x0139
      c8:	0305                	.insn	2, 0x0305
      ca:	00090103          	lb	sp,0(s2)
      ce:	0100                	.insn	2, 0x0100
      d0:	0d05                	.insn	2, 0x0d05
      d2:	00090003          	lb	zero,0(s2)
      d6:	0100                	.insn	2, 0x0100
      d8:	0a05                	.insn	2, 0x0a05
      da:	0306                	.insn	2, 0x0306
      dc:	0900                	.insn	2, 0x0900
      de:	0000                	.insn	2, 0x
      e0:	0501                	.insn	2, 0x0501
      e2:	030d                	.insn	2, 0x030d
      e4:	0900                	.insn	2, 0x0900
      e6:	0004                	.insn	2, 0x0004
      e8:	0501                	.insn	2, 0x0501
      ea:	0308                	.insn	2, 0x0308
      ec:	0901                	.insn	2, 0x0901
      ee:	0004                	.insn	2, 0x0004
      f0:	0501                	.insn	2, 0x0501
      f2:	04020013          	addi	zero,tp,64 # 40 <_hang-0xffc0>
      f6:	0301                	.insn	2, 0x0301
      f8:	0978                	.insn	2, 0x0978
      fa:	0004                	.insn	2, 0x0004
      fc:	0501                	.insn	2, 0x0501
      fe:	0321                	.insn	2, 0x0321
     100:	0902                	.insn	2, 0x0902
     102:	0004                	.insn	2, 0x0004
     104:	0501                	.insn	2, 0x0501
     106:	0605                	.insn	2, 0x0605
     108:	04090603          	lb	a2,64(s2)
     10c:	0100                	.insn	2, 0x0100
     10e:	0805                	.insn	2, 0x0805
     110:	0306                	.insn	2, 0x0306
     112:	0900                	.insn	2, 0x0900
     114:	0000                	.insn	2, 0x
     116:	0501                	.insn	2, 0x0501
     118:	0605                	.insn	2, 0x0605
     11a:	04090303          	lb	t1,64(s2)
     11e:	0100                	.insn	2, 0x0100
     120:	1105                	.insn	2, 0x1105
     122:	0306                	.insn	2, 0x0306
     124:	0900                	.insn	2, 0x0900
     126:	0004                	.insn	2, 0x0004
     128:	0501                	.insn	2, 0x0501
     12a:	75030603          	lb	a2,1872(t1)
     12e:	0409                	.insn	2, 0x0409
     130:	0100                	.insn	2, 0x0100
     132:	00090103          	lb	sp,0(s2)
     136:	0100                	.insn	2, 0x0100
     138:	3105                	.insn	2, 0x3105
     13a:	0200                	.insn	2, 0x0200
     13c:	0104                	.insn	2, 0x0104
     13e:	00097f03          	.insn	4, 0x00097f03
     142:	0100                	.insn	2, 0x0100
     144:	1305                	.insn	2, 0x1305
     146:	0200                	.insn	2, 0x0200
     148:	0104                	.insn	2, 0x0104
     14a:	0306                	.insn	2, 0x0306
     14c:	0900                	.insn	2, 0x0900
     14e:	0000                	.insn	2, 0x
     150:	0501                	.insn	2, 0x0501
     152:	0031                	.insn	2, 0x0031
     154:	0402                	.insn	2, 0x0402
     156:	0301                	.insn	2, 0x0301
     158:	0900                	.insn	2, 0x0900
     15a:	0004                	.insn	2, 0x0004
     15c:	0501                	.insn	2, 0x0501
     15e:	02030603          	lb	a2,32(t1)
     162:	0409                	.insn	2, 0x0409
     164:	0100                	.insn	2, 0x0100
     166:	2305                	.insn	2, 0x2305
     168:	0306                	.insn	2, 0x0306
     16a:	0900                	.insn	2, 0x0900
     16c:	0000                	.insn	2, 0x
     16e:	0501                	.insn	2, 0x0501
     170:	0321                	.insn	2, 0x0321
     172:	0900                	.insn	2, 0x0900
     174:	0004                	.insn	2, 0x0004
     176:	0501                	.insn	2, 0x0501
     178:	060d                	.insn	2, 0x060d
     17a:	04090503          	lb	a0,64(s2)
     17e:	0100                	.insn	2, 0x0100
     180:	0a05                	.insn	2, 0x0a05
     182:	0306                	.insn	2, 0x0306
     184:	0900                	.insn	2, 0x0900
     186:	0000                	.insn	2, 0x
     188:	0501                	.insn	2, 0x0501
     18a:	030d                	.insn	2, 0x030d
     18c:	0900                	.insn	2, 0x0900
     18e:	0004                	.insn	2, 0x0004
     190:	0501                	.insn	2, 0x0501
     192:	0301                	.insn	2, 0x0301
     194:	0906                	.insn	2, 0x0906
     196:	0004                	.insn	2, 0x0004
     198:	0501                	.insn	2, 0x0501
     19a:	74030603          	lb	a2,1856(t1)
     19e:	0409                	.insn	2, 0x0409
     1a0:	0100                	.insn	2, 0x0100
     1a2:	3105                	.insn	2, 0x3105
     1a4:	0200                	.insn	2, 0x0200
     1a6:	0104                	.insn	2, 0x0104
     1a8:	00097f03          	.insn	4, 0x00097f03
     1ac:	0100                	.insn	2, 0x0100
     1ae:	1305                	.insn	2, 0x1305
     1b0:	0200                	.insn	2, 0x0200
     1b2:	0104                	.insn	2, 0x0104
     1b4:	0306                	.insn	2, 0x0306
     1b6:	0900                	.insn	2, 0x0900
     1b8:	0000                	.insn	2, 0x
     1ba:	0501                	.insn	2, 0x0501
     1bc:	0031                	.insn	2, 0x0031
     1be:	0402                	.insn	2, 0x0402
     1c0:	0301                	.insn	2, 0x0301
     1c2:	0900                	.insn	2, 0x0900
     1c4:	0004                	.insn	2, 0x0004
     1c6:	0501                	.insn	2, 0x0501
     1c8:	02030603          	lb	a2,32(t1)
     1cc:	0409                	.insn	2, 0x0409
     1ce:	0100                	.insn	2, 0x0100
     1d0:	2105                	.insn	2, 0x2105
     1d2:	0306                	.insn	2, 0x0306
     1d4:	0900                	.insn	2, 0x0900
     1d6:	0000                	.insn	2, 0x
     1d8:	0501                	.insn	2, 0x0501
     1da:	0301                	.insn	2, 0x0301
     1dc:	0901                	.insn	2, 0x0901
     1de:	0004                	.insn	2, 0x0004
     1e0:	0601                	.insn	2, 0x0601
     1e2:	04092103          	lw	sp,64(s2)
     1e6:	0100                	.insn	2, 0x0100
     1e8:	0305                	.insn	2, 0x0305
     1ea:	00090103          	lb	sp,0(s2)
     1ee:	0100                	.insn	2, 0x0100
     1f0:	00090203          	lb	tp,0(s2)
     1f4:	0100                	.insn	2, 0x0100
     1f6:	0105                	.insn	2, 0x0105
     1f8:	0306                	.insn	2, 0x0306
     1fa:	097d                	.insn	2, 0x097d
     1fc:	0000                	.insn	2, 0x
     1fe:	0501                	.insn	2, 0x0501
     200:	09030303          	lb	t1,144(t1)
     204:	000c                	.insn	2, 0x000c
     206:	0501                	.insn	2, 0x0501
     208:	0301                	.insn	2, 0x0301
     20a:	097d                	.insn	2, 0x097d
     20c:	0008                	.insn	2, 0x0008
     20e:	0501                	.insn	2, 0x0501
     210:	09030303          	lb	t1,144(t1)
     214:	0004                	.insn	2, 0x0004
     216:	0601                	.insn	2, 0x0601
     218:	04090103          	lb	sp,64(s2)
     21c:	0100                	.insn	2, 0x0100
     21e:	1a05                	.insn	2, 0x1a05
     220:	0200                	.insn	2, 0x0200
     222:	0104                	.insn	2, 0x0104
     224:	00090003          	lb	zero,0(s2)
     228:	0100                	.insn	2, 0x0100
     22a:	0e05                	.insn	2, 0x0e05
     22c:	0306                	.insn	2, 0x0306
     22e:	0900                	.insn	2, 0x0900
     230:	0000                	.insn	2, 0x
     232:	0501                	.insn	2, 0x0501
     234:	0305                	.insn	2, 0x0305
     236:	0902                	.insn	2, 0x0902
     238:	0004                	.insn	2, 0x0004
     23a:	0501                	.insn	2, 0x0501
     23c:	04020013          	addi	zero,tp,64 # 40 <_hang-0xffc0>
     240:	0301                	.insn	2, 0x0301
     242:	0956                	.insn	2, 0x0956
     244:	0004                	.insn	2, 0x0004
     246:	0501                	.insn	2, 0x0501
     248:	001a                	.insn	2, 0x001a
     24a:	0402                	.insn	2, 0x0402
     24c:	0301                	.insn	2, 0x0301
     24e:	0928                	.insn	2, 0x0928
     250:	0004                	.insn	2, 0x0004
     252:	0501                	.insn	2, 0x0501
     254:	0605                	.insn	2, 0x0605
     256:	04090103          	lb	sp,64(s2)
     25a:	0100                	.insn	2, 0x0100
     25c:	2305                	.insn	2, 0x2305
     25e:	0306                	.insn	2, 0x0306
     260:	0900                	.insn	2, 0x0900
     262:	0000                	.insn	2, 0x
     264:	0501                	.insn	2, 0x0501
     266:	0024                	.insn	2, 0x0024
     268:	0402                	.insn	2, 0x0402
     26a:	0301                	.insn	2, 0x0301
     26c:	0901                	.insn	2, 0x0901
     26e:	0004                	.insn	2, 0x0004
     270:	0501                	.insn	2, 0x0501
     272:	0605                	.insn	2, 0x0605
     274:	04090003          	lb	zero,64(s2)
     278:	0100                	.insn	2, 0x0100
     27a:	0200                	.insn	2, 0x0200
     27c:	0204                	.insn	2, 0x0204
     27e:	0306                	.insn	2, 0x0306
     280:	0900                	.insn	2, 0x0900
     282:	0000                	.insn	2, 0x
     284:	0301                	.insn	2, 0x0301
     286:	0900                	.insn	2, 0x0900
     288:	0004                	.insn	2, 0x0004
     28a:	0001                	.insn	2, 0x0001
     28c:	0402                	.insn	2, 0x0402
     28e:	0301                	.insn	2, 0x0301
     290:	0900                	.insn	2, 0x0900
     292:	0004                	.insn	2, 0x0004
     294:	0501                	.insn	2, 0x0501
     296:	57030603          	lb	a2,1392(t1)
     29a:	0409                	.insn	2, 0x0409
     29c:	0100                	.insn	2, 0x0100
     29e:	3105                	.insn	2, 0x3105
     2a0:	0200                	.insn	2, 0x0200
     2a2:	0104                	.insn	2, 0x0104
     2a4:	00097f03          	.insn	4, 0x00097f03
     2a8:	0100                	.insn	2, 0x0100
     2aa:	1305                	.insn	2, 0x1305
     2ac:	0200                	.insn	2, 0x0200
     2ae:	0104                	.insn	2, 0x0104
     2b0:	0306                	.insn	2, 0x0306
     2b2:	0900                	.insn	2, 0x0900
     2b4:	0000                	.insn	2, 0x
     2b6:	0501                	.insn	2, 0x0501
     2b8:	0031                	.insn	2, 0x0031
     2ba:	0402                	.insn	2, 0x0402
     2bc:	0301                	.insn	2, 0x0301
     2be:	0900                	.insn	2, 0x0900
     2c0:	0004                	.insn	2, 0x0004
     2c2:	0501                	.insn	2, 0x0501
     2c4:	02030603          	lb	a2,32(t1)
     2c8:	0409                	.insn	2, 0x0409
     2ca:	0100                	.insn	2, 0x0100
     2cc:	2305                	.insn	2, 0x2305
     2ce:	0306                	.insn	2, 0x0306
     2d0:	0900                	.insn	2, 0x0900
     2d2:	0000                	.insn	2, 0x
     2d4:	0501                	.insn	2, 0x0501
     2d6:	0321                	.insn	2, 0x0321
     2d8:	0900                	.insn	2, 0x0900
     2da:	0004                	.insn	2, 0x0004
     2dc:	0501                	.insn	2, 0x0501
     2de:	0026                	.insn	2, 0x0026
     2e0:	0402                	.insn	2, 0x0402
     2e2:	0602                	.insn	2, 0x0602
     2e4:	04092603          	lw	a2,64(s2)
     2e8:	0100                	.insn	2, 0x0100
     2ea:	1a05                	.insn	2, 0x1a05
     2ec:	0200                	.insn	2, 0x0200
     2ee:	0104                	.insn	2, 0x0104
     2f0:	04090003          	lb	zero,64(s2)
     2f4:	0100                	.insn	2, 0x0100
     2f6:	0105                	.insn	2, 0x0105
     2f8:	0306                	.insn	2, 0x0306
     2fa:	0904                	.insn	2, 0x0904
     2fc:	0004                	.insn	2, 0x0004
     2fe:	0601                	.insn	2, 0x0601
     300:	10096403          	lwu	s0,256(s2)
     304:	0100                	.insn	2, 0x0100
     306:	0305                	.insn	2, 0x0305
     308:	00090103          	lb	sp,0(s2)
     30c:	0100                	.insn	2, 0x0100
     30e:	00090103          	lb	sp,0(s2)
     312:	0100                	.insn	2, 0x0100
     314:	00090203          	lb	tp,0(s2)
     318:	0100                	.insn	2, 0x0100
     31a:	0605                	.insn	2, 0x0605
     31c:	0306                	.insn	2, 0x0306
     31e:	0900                	.insn	2, 0x0900
     320:	0000                	.insn	2, 0x
     322:	0501                	.insn	2, 0x0501
     324:	0320                	.insn	2, 0x0320
     326:	0906                	.insn	2, 0x0906
     328:	0004                	.insn	2, 0x0004
     32a:	0501                	.insn	2, 0x0501
     32c:	0301                	.insn	2, 0x0301
     32e:	0976                	.insn	2, 0x0976
     330:	0008                	.insn	2, 0x0008
     332:	0501                	.insn	2, 0x0501
     334:	0320                	.insn	2, 0x0320
     336:	090a                	.insn	2, 0x090a
     338:	0008                	.insn	2, 0x0008
     33a:	0501                	.insn	2, 0x0501
     33c:	0310                	.insn	2, 0x0310
     33e:	097f 000c 0501 0605 	.insn	10, 0x010306050501000c097f
     346:	0103 
     348:	0409                	.insn	2, 0x0409
     34a:	0100                	.insn	2, 0x0100
     34c:	2005                	.insn	2, 0x2005
     34e:	0306                	.insn	2, 0x0306
     350:	0900                	.insn	2, 0x0900
     352:	0000                	.insn	2, 0x
     354:	0501                	.insn	2, 0x0501
     356:	0310                	.insn	2, 0x0310
     358:	097f 000c 0501 0320 	.insn	10, 0x090103200501000c097f
     360:	0901 
     362:	0004                	.insn	2, 0x0004
     364:	0501                	.insn	2, 0x0501
     366:	09000317          	auipc	t1,0x9000
     36a:	0014                	.insn	2, 0x0014
     36c:	0501                	.insn	2, 0x0501
     36e:	0311                	.insn	2, 0x0311
     370:	0900                	.insn	2, 0x0900
     372:	0004                	.insn	2, 0x0004
     374:	0501                	.insn	2, 0x0501
     376:	0605                	.insn	2, 0x0605
     378:	04090103          	lb	sp,64(s2)
     37c:	0100                	.insn	2, 0x0100
     37e:	0b05                	.insn	2, 0x0b05
     380:	0306                	.insn	2, 0x0306
     382:	0900                	.insn	2, 0x0900
     384:	0000                	.insn	2, 0x
     386:	0501                	.insn	2, 0x0501
     388:	0610                	.insn	2, 0x0610
     38a:	04097e03          	.insn	4, 0x04097e03
     38e:	0100                	.insn	2, 0x0100
     390:	0c05                	.insn	2, 0x0c05
     392:	0c090503          	lb	a0,192(s2)
     396:	0100                	.insn	2, 0x0100
     398:	1305                	.insn	2, 0x1305
     39a:	0200                	.insn	2, 0x0200
     39c:	0104                	.insn	2, 0x0104
     39e:	0306                	.insn	2, 0x0306
     3a0:	0962                	.insn	2, 0x0962
     3a2:	001c                	.insn	2, 0x001c
     3a4:	0501                	.insn	2, 0x0501
     3a6:	0605                	.insn	2, 0x0605
     3a8:	04091f03          	lh	t5,64(s2)
     3ac:	0100                	.insn	2, 0x0100
     3ae:	0305                	.insn	2, 0x0305
     3b0:	04096103          	lwu	sp,64(s2)
     3b4:	0100                	.insn	2, 0x0100
     3b6:	00090103          	lb	sp,0(s2)
     3ba:	0100                	.insn	2, 0x0100
     3bc:	3105                	.insn	2, 0x3105
     3be:	0200                	.insn	2, 0x0200
     3c0:	0104                	.insn	2, 0x0104
     3c2:	00097f03          	.insn	4, 0x00097f03
     3c6:	0100                	.insn	2, 0x0100
     3c8:	1305                	.insn	2, 0x1305
     3ca:	0200                	.insn	2, 0x0200
     3cc:	0104                	.insn	2, 0x0104
     3ce:	0306                	.insn	2, 0x0306
     3d0:	0900                	.insn	2, 0x0900
     3d2:	0000                	.insn	2, 0x
     3d4:	0501                	.insn	2, 0x0501
     3d6:	0031                	.insn	2, 0x0031
     3d8:	0402                	.insn	2, 0x0402
     3da:	0301                	.insn	2, 0x0301
     3dc:	0900                	.insn	2, 0x0900
     3de:	0004                	.insn	2, 0x0004
     3e0:	0501                	.insn	2, 0x0501
     3e2:	02030603          	lb	a2,32(t1) # 9000386 <_sp+0xff0386>
     3e6:	0409                	.insn	2, 0x0409
     3e8:	0100                	.insn	2, 0x0100
     3ea:	2305                	.insn	2, 0x2305
     3ec:	0306                	.insn	2, 0x0306
     3ee:	0900                	.insn	2, 0x0900
     3f0:	0000                	.insn	2, 0x
     3f2:	0501                	.insn	2, 0x0501
     3f4:	0321                	.insn	2, 0x0321
     3f6:	0900                	.insn	2, 0x0900
     3f8:	0004                	.insn	2, 0x0004
     3fa:	0501                	.insn	2, 0x0501
     3fc:	060c                	.insn	2, 0x060c
     3fe:	04091c03          	lh	s8,64(s2)
     402:	0100                	.insn	2, 0x0100
     404:	0105                	.insn	2, 0x0105
     406:	0306                	.insn	2, 0x0306
     408:	00080903          	lb	s2,0(a6)
     40c:	0501                	.insn	2, 0x0501
     40e:	04020013          	addi	zero,tp,64 # 40 <_hang-0xffc0>
     412:	0301                	.insn	2, 0x0301
     414:	095f 0008 0501      	.insn	6, 0x05010008095f
     41a:	01030603          	lb	a2,16(t1)
     41e:	0409                	.insn	2, 0x0409
     420:	0100                	.insn	2, 0x0100
     422:	3105                	.insn	2, 0x3105
     424:	0200                	.insn	2, 0x0200
     426:	0104                	.insn	2, 0x0104
     428:	00097f03          	.insn	4, 0x00097f03
     42c:	0100                	.insn	2, 0x0100
     42e:	1305                	.insn	2, 0x1305
     430:	0200                	.insn	2, 0x0200
     432:	0104                	.insn	2, 0x0104
     434:	0306                	.insn	2, 0x0306
     436:	0900                	.insn	2, 0x0900
     438:	0000                	.insn	2, 0x
     43a:	0501                	.insn	2, 0x0501
     43c:	0031                	.insn	2, 0x0031
     43e:	0402                	.insn	2, 0x0402
     440:	0301                	.insn	2, 0x0301
     442:	0900                	.insn	2, 0x0900
     444:	0004                	.insn	2, 0x0004
     446:	0501                	.insn	2, 0x0501
     448:	02030603          	lb	a2,32(t1)
     44c:	0409                	.insn	2, 0x0409
     44e:	0100                	.insn	2, 0x0100
     450:	2105                	.insn	2, 0x2105
     452:	0306                	.insn	2, 0x0306
     454:	0900                	.insn	2, 0x0900
     456:	0000                	.insn	2, 0x
     458:	0501                	.insn	2, 0x0501
     45a:	0605                	.insn	2, 0x0605
     45c:	08091403          	lh	s0,128(s2)
     460:	0100                	.insn	2, 0x0100
     462:	0c05                	.insn	2, 0x0c05
     464:	04091803          	lh	a6,64(s2)
     468:	0100                	.insn	2, 0x0100
     46a:	0305                	.insn	2, 0x0305
     46c:	00090203          	lb	tp,0(s2)
     470:	0100                	.insn	2, 0x0100
     472:	0c05                	.insn	2, 0x0c05
     474:	0306                	.insn	2, 0x0306
     476:	097e                	.insn	2, 0x097e
     478:	0000                	.insn	2, 0x
     47a:	0301                	.insn	2, 0x0301
     47c:	0900                	.insn	2, 0x0900
     47e:	001c                	.insn	2, 0x001c
     480:	0501                	.insn	2, 0x0501
     482:	09020303          	lb	t1,144(tp) # 90 <_hang-0xff70>
     486:	0004                	.insn	2, 0x0004
     488:	0601                	.insn	2, 0x0601
     48a:	04090103          	lb	sp,64(s2)
     48e:	0100                	.insn	2, 0x0100
     490:	0c090103          	lb	sp,192(s2)
     494:	0100                	.insn	2, 0x0100
     496:	08090103          	lb	sp,128(s2)
     49a:	0100                	.insn	2, 0x0100
     49c:	0c090103          	lb	sp,192(s2)
     4a0:	0100                	.insn	2, 0x0100
     4a2:	08090103          	lb	sp,128(s2)
     4a6:	0100                	.insn	2, 0x0100
     4a8:	0c090103          	lb	sp,192(s2)
     4ac:	0100                	.insn	2, 0x0100
     4ae:	08090103          	lb	sp,128(s2)
     4b2:	0100                	.insn	2, 0x0100
     4b4:	0105                	.insn	2, 0x0105
     4b6:	0306                	.insn	2, 0x0306
     4b8:	0902                	.insn	2, 0x0902
     4ba:	0000                	.insn	2, 0x
     4bc:	0501                	.insn	2, 0x0501
     4be:	097e0303          	lb	t1,151(t3)
     4c2:	0010                	.insn	2, 0x0010
     4c4:	0501                	.insn	2, 0x0501
     4c6:	0301                	.insn	2, 0x0301
     4c8:	0902                	.insn	2, 0x0902
     4ca:	0008                	.insn	2, 0x0008
     4cc:	0501                	.insn	2, 0x0501
     4ce:	097e0303          	lb	t1,151(t3)
     4d2:	0004                	.insn	2, 0x0004
     4d4:	0901                	.insn	2, 0x0901
     4d6:	0004                	.insn	2, 0x0004
     4d8:	0100                	.insn	2, 0x0100
     4da:	0501                	.insn	2, 0x0501
     4dc:	0001                	.insn	2, 0x0001
     4de:	0209                	.insn	2, 0x0209
     4e0:	0210                	.insn	2, 0x0210
     4e2:	0001                	.insn	2, 0x0001
     4e4:	0000                	.insn	2, 0x
     4e6:	0000                	.insn	2, 0x
     4e8:	0101b703          	ld	a4,16(gp)
     4ec:	0305                	.insn	2, 0x0305
     4ee:	00090103          	lb	sp,0(s2)
     4f2:	0100                	.insn	2, 0x0100
     4f4:	00090103          	lb	sp,0(s2)
     4f8:	0100                	.insn	2, 0x0100
     4fa:	00090203          	lb	tp,0(s2)
     4fe:	0100                	.insn	2, 0x0100
     500:	097ee003          	lwu	zero,151(t4)
     504:	0000                	.insn	2, 0x
     506:	0501                	.insn	2, 0x0501
     508:	0601                	.insn	2, 0x0601
     50a:	09019c03          	lh	s8,144(gp)
     50e:	0000                	.insn	2, 0x
     510:	0501                	.insn	2, 0x0501
     512:	031e                	.insn	2, 0x031e
     514:	7ee4                	.insn	2, 0x7ee4
     516:	2009                	.insn	2, 0x2009
     518:	0100                	.insn	2, 0x0100
     51a:	0305                	.insn	2, 0x0305
     51c:	0306                	.insn	2, 0x0306
     51e:	0901                	.insn	2, 0x0901
     520:	000c                	.insn	2, 0x000c
     522:	0501                	.insn	2, 0x0501
     524:	0621                	.insn	2, 0x0621
     526:	00090003          	lb	zero,0(s2)
     52a:	0100                	.insn	2, 0x0100
     52c:	0305                	.insn	2, 0x0305
     52e:	0306                	.insn	2, 0x0306
     530:	0901                	.insn	2, 0x0901
     532:	0004                	.insn	2, 0x0004
     534:	0501                	.insn	2, 0x0501
     536:	0621                	.insn	2, 0x0621
     538:	00090003          	lb	zero,0(s2)
     53c:	0100                	.insn	2, 0x0100
     53e:	0305                	.insn	2, 0x0305
     540:	0306                	.insn	2, 0x0306
     542:	019f 0809 0100      	.insn	6, 0x01000809019f
     548:	097ee603          	lwu	a2,151(t4)
     54c:	0000                	.insn	2, 0x
     54e:	0501                	.insn	2, 0x0501
     550:	061f 0103 0009      	.insn	6, 0x00090103061f
     556:	0100                	.insn	2, 0x0100
     558:	0d05                	.insn	2, 0x0d05
     55a:	04097f03          	.insn	4, 0x04097f03
     55e:	0100                	.insn	2, 0x0100
     560:	0305                	.insn	2, 0x0305
     562:	0306                	.insn	2, 0x0306
     564:	0901                	.insn	2, 0x0901
     566:	0008                	.insn	2, 0x0008
     568:	0501                	.insn	2, 0x0501
     56a:	061f 0003 0009      	.insn	6, 0x00090003061f
     570:	0100                	.insn	2, 0x0100
     572:	0305                	.insn	2, 0x0305
     574:	0306                	.insn	2, 0x0306
     576:	0901                	.insn	2, 0x0901
     578:	0004                	.insn	2, 0x0004
     57a:	0501                	.insn	2, 0x0501
     57c:	0620                	.insn	2, 0x0620
     57e:	00090003          	lb	zero,0(s2)
     582:	0100                	.insn	2, 0x0100
     584:	0305                	.insn	2, 0x0305
     586:	0306                	.insn	2, 0x0306
     588:	0901                	.insn	2, 0x0901
     58a:	0004                	.insn	2, 0x0004
     58c:	0501                	.insn	2, 0x0501
     58e:	061d                	.insn	2, 0x061d
     590:	00090003          	lb	zero,0(s2)
     594:	0100                	.insn	2, 0x0100
     596:	0305                	.insn	2, 0x0305
     598:	0306                	.insn	2, 0x0306
     59a:	0901                	.insn	2, 0x0901
     59c:	0004                	.insn	2, 0x0004
     59e:	0501                	.insn	2, 0x0501
     5a0:	0621                	.insn	2, 0x0621
     5a2:	00090003          	lb	zero,0(s2)
     5a6:	0100                	.insn	2, 0x0100
     5a8:	0305                	.insn	2, 0x0305
     5aa:	0306                	.insn	2, 0x0306
     5ac:	0901                	.insn	2, 0x0901
     5ae:	0004                	.insn	2, 0x0004
     5b0:	0501                	.insn	2, 0x0501
     5b2:	0620                	.insn	2, 0x0620
     5b4:	00090103          	lb	sp,0(s2)
     5b8:	0100                	.insn	2, 0x0100
     5ba:	2105                	.insn	2, 0x2105
     5bc:	04097f03          	.insn	4, 0x04097f03
     5c0:	0100                	.insn	2, 0x0100
     5c2:	0305                	.insn	2, 0x0305
     5c4:	0306                	.insn	2, 0x0306
     5c6:	0901                	.insn	2, 0x0901
     5c8:	0004                	.insn	2, 0x0004
     5ca:	0501                	.insn	2, 0x0501
     5cc:	0620                	.insn	2, 0x0620
     5ce:	00090003          	lb	zero,0(s2)
     5d2:	0100                	.insn	2, 0x0100
     5d4:	0305                	.insn	2, 0x0305
     5d6:	0306                	.insn	2, 0x0306
     5d8:	0195                	.insn	2, 0x0195
     5da:	0409                	.insn	2, 0x0409
     5dc:	0100                	.insn	2, 0x0100
     5de:	2105                	.insn	2, 0x2105
     5e0:	0306                	.insn	2, 0x0306
     5e2:	7eea                	.insn	2, 0x7eea
     5e4:	0809                	.insn	2, 0x0809
     5e6:	0100                	.insn	2, 0x0100
     5e8:	0305                	.insn	2, 0x0305
     5ea:	09019603          	lh	a2,144(gp)
     5ee:	0004                	.insn	2, 0x0004
     5f0:	0601                	.insn	2, 0x0601
     5f2:	04090103          	lb	sp,64(s2)
     5f6:	0100                	.insn	2, 0x0100
     5f8:	0c090103          	lb	sp,192(s2)
     5fc:	0100                	.insn	2, 0x0100
     5fe:	0c090103          	lb	sp,192(s2)
     602:	0100                	.insn	2, 0x0100
     604:	0c090103          	lb	sp,192(s2)
     608:	0100                	.insn	2, 0x0100
     60a:	0c090103          	lb	sp,192(s2)
     60e:	0100                	.insn	2, 0x0100
     610:	00096703          	lwu	a4,0(s2)
     614:	0100                	.insn	2, 0x0100
     616:	00090203          	lb	tp,0(s2)
     61a:	0100                	.insn	2, 0x0100
     61c:	1105                	.insn	2, 0x1105
     61e:	0200                	.insn	2, 0x0200
     620:	0104                	.insn	2, 0x0104
     622:	00090003          	lb	zero,0(s2)
     626:	0100                	.insn	2, 0x0100
     628:	0305                	.insn	2, 0x0305
     62a:	0306                	.insn	2, 0x0306
     62c:	0916                	.insn	2, 0x0916
     62e:	0000                	.insn	2, 0x
     630:	0501                	.insn	2, 0x0501
     632:	04020013          	addi	zero,tp,64 # 40 <_hang-0xffc0>
     636:	0301                	.insn	2, 0x0301
     638:	7ef2                	.insn	2, 0x7ef2
     63a:	0c09                	.insn	2, 0x0c09
     63c:	0100                	.insn	2, 0x0100
     63e:	0805                	.insn	2, 0x0805
     640:	04090803          	lb	a6,64(s2)
     644:	0100                	.insn	2, 0x0100
     646:	2105                	.insn	2, 0x2105
     648:	04097a03          	.insn	4, 0x04097a03
     64c:	0100                	.insn	2, 0x0100
     64e:	0505                	.insn	2, 0x0505
     650:	0306                	.insn	2, 0x0306
     652:	040900f7          	.insn	4, 0x040900f7
     656:	0100                	.insn	2, 0x0100
     658:	0305                	.insn	2, 0x0305
     65a:	097f8103          	lb	sp,151(t6)
     65e:	0000                	.insn	2, 0x
     660:	0501                	.insn	2, 0x0501
     662:	060d                	.insn	2, 0x060d
     664:	00090003          	lb	zero,0(s2)
     668:	0100                	.insn	2, 0x0100
     66a:	2105                	.insn	2, 0x2105
     66c:	08090103          	lb	sp,128(s2)
     670:	0100                	.insn	2, 0x0100
     672:	0d05                	.insn	2, 0x0d05
     674:	08097f03          	.insn	4, 0x08097f03
     678:	0100                	.insn	2, 0x0100
     67a:	0305                	.insn	2, 0x0305
     67c:	0306                	.insn	2, 0x0306
     67e:	0901                	.insn	2, 0x0901
     680:	0008                	.insn	2, 0x0008
     682:	0501                	.insn	2, 0x0501
     684:	0621                	.insn	2, 0x0621
     686:	00090003          	lb	zero,0(s2)
     68a:	0100                	.insn	2, 0x0100
     68c:	0505                	.insn	2, 0x0505
     68e:	0306                	.insn	2, 0x0306
     690:	00ff 0409 0100 0305 	.insn	10, 0x8d0303050100040900ff
     698:	8d03 
     69a:	097f 0000 0501 030d 	.insn	10, 0x0900030d05010000097f
     6a2:	0900 
     6a4:	0000                	.insn	2, 0x
     6a6:	0501                	.insn	2, 0x0501
     6a8:	0305                	.insn	2, 0x0305
     6aa:	0901                	.insn	2, 0x0901
     6ac:	0000                	.insn	2, 0x
     6ae:	0301                	.insn	2, 0x0301
     6b0:	00000903          	lb	s2,0(zero) # 0 <_hang-0x10000>
     6b4:	0501                	.insn	2, 0x0501
     6b6:	0611                	.insn	2, 0x0611
     6b8:	04090003          	lb	zero,64(s2)
     6bc:	0100                	.insn	2, 0x0100
     6be:	0305                	.insn	2, 0x0305
     6c0:	0306                	.insn	2, 0x0306
     6c2:	0975                	.insn	2, 0x0975
     6c4:	0004                	.insn	2, 0x0004
     6c6:	0301                	.insn	2, 0x0301
     6c8:	0901                	.insn	2, 0x0901
     6ca:	0000                	.insn	2, 0x
     6cc:	0501                	.insn	2, 0x0501
     6ce:	0031                	.insn	2, 0x0031
     6d0:	0402                	.insn	2, 0x0402
     6d2:	0301                	.insn	2, 0x0301
     6d4:	097f 0000 0501 0013 	.insn	10, 0x0402001305010000097f
     6dc:	0402 
     6de:	0601                	.insn	2, 0x0601
     6e0:	00090003          	lb	zero,0(s2)
     6e4:	0100                	.insn	2, 0x0100
     6e6:	3105                	.insn	2, 0x3105
     6e8:	0200                	.insn	2, 0x0200
     6ea:	0104                	.insn	2, 0x0104
     6ec:	04090003          	lb	zero,64(s2)
     6f0:	0100                	.insn	2, 0x0100
     6f2:	0305                	.insn	2, 0x0305
     6f4:	0306                	.insn	2, 0x0306
     6f6:	0902                	.insn	2, 0x0902
     6f8:	0004                	.insn	2, 0x0004
     6fa:	0501                	.insn	2, 0x0501
     6fc:	00030623          	sb	zero,12(t1)
     700:	0009                	.insn	2, 0x0009
     702:	0100                	.insn	2, 0x0100
     704:	2105                	.insn	2, 0x2105
     706:	04090003          	lb	zero,64(s2)
     70a:	0100                	.insn	2, 0x0100
     70c:	0d05                	.insn	2, 0x0d05
     70e:	0306                	.insn	2, 0x0306
     710:	0905                	.insn	2, 0x0905
     712:	0004                	.insn	2, 0x0004
     714:	0501                	.insn	2, 0x0501
     716:	060a                	.insn	2, 0x060a
     718:	00090003          	lb	zero,0(s2)
     71c:	0100                	.insn	2, 0x0100
     71e:	0d05                	.insn	2, 0x0d05
     720:	04090003          	lb	zero,64(s2)
     724:	0100                	.insn	2, 0x0100
     726:	0505                	.insn	2, 0x0505
     728:	0306                	.insn	2, 0x0306
     72a:	0901                	.insn	2, 0x0901
     72c:	0004                	.insn	2, 0x0004
     72e:	0501                	.insn	2, 0x0501
     730:	0608                	.insn	2, 0x0608
     732:	00090003          	lb	zero,0(s2)
     736:	0100                	.insn	2, 0x0100
     738:	0305                	.insn	2, 0x0305
     73a:	0306                	.insn	2, 0x0306
     73c:	0979                	.insn	2, 0x0979
     73e:	0004                	.insn	2, 0x0004
     740:	0501                	.insn	2, 0x0501
     742:	0031                	.insn	2, 0x0031
     744:	0402                	.insn	2, 0x0402
     746:	0301                	.insn	2, 0x0301
     748:	097f 0000 0501 0013 	.insn	10, 0x0402001305010000097f
     750:	0402 
     752:	0601                	.insn	2, 0x0601
     754:	00090003          	lb	zero,0(s2)
     758:	0100                	.insn	2, 0x0100
     75a:	3105                	.insn	2, 0x3105
     75c:	0200                	.insn	2, 0x0200
     75e:	0104                	.insn	2, 0x0104
     760:	04090003          	lb	zero,64(s2)
     764:	0100                	.insn	2, 0x0100
     766:	0305                	.insn	2, 0x0305
     768:	0306                	.insn	2, 0x0306
     76a:	0902                	.insn	2, 0x0902
     76c:	0004                	.insn	2, 0x0004
     76e:	0501                	.insn	2, 0x0501
     770:	0621                	.insn	2, 0x0621
     772:	00090003          	lb	zero,0(s2)
     776:	0100                	.insn	2, 0x0100
     778:	0105                	.insn	2, 0x0105
     77a:	04090103          	lb	sp,64(s2)
     77e:	0100                	.insn	2, 0x0100
     780:	0505                	.insn	2, 0x0505
     782:	0306                	.insn	2, 0x0306
     784:	00f8                	.insn	2, 0x00f8
     786:	0409                	.insn	2, 0x0409
     788:	0100                	.insn	2, 0x0100
     78a:	08090103          	lb	sp,128(s2)
     78e:	0100                	.insn	2, 0x0100
     790:	0305                	.insn	2, 0x0305
     792:	097f8b03          	lb	s6,151(t6)
     796:	0000                	.insn	2, 0x
     798:	0501                	.insn	2, 0x0501
     79a:	030d                	.insn	2, 0x030d
     79c:	0900                	.insn	2, 0x0900
     79e:	0000                	.insn	2, 0x
     7a0:	0501                	.insn	2, 0x0501
     7a2:	0305                	.insn	2, 0x0305
     7a4:	0901                	.insn	2, 0x0901
     7a6:	0000                	.insn	2, 0x
     7a8:	0601                	.insn	2, 0x0601
     7aa:	0900f303          	.insn	4, 0x0900f303
     7ae:	0000                	.insn	2, 0x
     7b0:	0601                	.insn	2, 0x0601
     7b2:	097f9003          	lh	zero,151(t6)
     7b6:	0008                	.insn	2, 0x0008
     7b8:	0501                	.insn	2, 0x0501
     7ba:	0611                	.insn	2, 0x0611
     7bc:	04090003          	lb	zero,64(s2)
     7c0:	0100                	.insn	2, 0x0100
     7c2:	0305                	.insn	2, 0x0305
     7c4:	0306                	.insn	2, 0x0306
     7c6:	0975                	.insn	2, 0x0975
     7c8:	0004                	.insn	2, 0x0004
     7ca:	0301                	.insn	2, 0x0301
     7cc:	0901                	.insn	2, 0x0901
     7ce:	0000                	.insn	2, 0x
     7d0:	0501                	.insn	2, 0x0501
     7d2:	0031                	.insn	2, 0x0031
     7d4:	0402                	.insn	2, 0x0402
     7d6:	0301                	.insn	2, 0x0301
     7d8:	097f 0000 0501 0013 	.insn	10, 0x0402001305010000097f
     7e0:	0402 
     7e2:	0601                	.insn	2, 0x0601
     7e4:	00090003          	lb	zero,0(s2)
     7e8:	0100                	.insn	2, 0x0100
     7ea:	3105                	.insn	2, 0x3105
     7ec:	0200                	.insn	2, 0x0200
     7ee:	0104                	.insn	2, 0x0104
     7f0:	04090003          	lb	zero,64(s2)
     7f4:	0100                	.insn	2, 0x0100
     7f6:	0305                	.insn	2, 0x0305
     7f8:	0306                	.insn	2, 0x0306
     7fa:	0902                	.insn	2, 0x0902
     7fc:	0004                	.insn	2, 0x0004
     7fe:	0501                	.insn	2, 0x0501
     800:	00030623          	sb	zero,12(t1)
     804:	0009                	.insn	2, 0x0009
     806:	0100                	.insn	2, 0x0100
     808:	2105                	.insn	2, 0x2105
     80a:	04090003          	lb	zero,64(s2)
     80e:	0100                	.insn	2, 0x0100
     810:	0d05                	.insn	2, 0x0d05
     812:	0306                	.insn	2, 0x0306
     814:	0905                	.insn	2, 0x0905
     816:	0004                	.insn	2, 0x0004
     818:	0501                	.insn	2, 0x0501
     81a:	060a                	.insn	2, 0x060a
     81c:	00090003          	lb	zero,0(s2)
     820:	0100                	.insn	2, 0x0100
     822:	0d05                	.insn	2, 0x0d05
     824:	04090003          	lb	zero,64(s2)
     828:	0100                	.insn	2, 0x0100
     82a:	0505                	.insn	2, 0x0505
     82c:	0306                	.insn	2, 0x0306
     82e:	0901                	.insn	2, 0x0901
     830:	0004                	.insn	2, 0x0004
     832:	0501                	.insn	2, 0x0501
     834:	0608                	.insn	2, 0x0608
     836:	00090003          	lb	zero,0(s2)
     83a:	0100                	.insn	2, 0x0100
     83c:	0305                	.insn	2, 0x0305
     83e:	0306                	.insn	2, 0x0306
     840:	0979                	.insn	2, 0x0979
     842:	0004                	.insn	2, 0x0004
     844:	0501                	.insn	2, 0x0501
     846:	0031                	.insn	2, 0x0031
     848:	0402                	.insn	2, 0x0402
     84a:	0301                	.insn	2, 0x0301
     84c:	097f 0000 0501 0013 	.insn	10, 0x0402001305010000097f
     854:	0402 
     856:	0601                	.insn	2, 0x0601
     858:	00090003          	lb	zero,0(s2)
     85c:	0100                	.insn	2, 0x0100
     85e:	3105                	.insn	2, 0x3105
     860:	0200                	.insn	2, 0x0200
     862:	0104                	.insn	2, 0x0104
     864:	04090003          	lb	zero,64(s2)
     868:	0100                	.insn	2, 0x0100
     86a:	0305                	.insn	2, 0x0305
     86c:	0306                	.insn	2, 0x0306
     86e:	0902                	.insn	2, 0x0902
     870:	0004                	.insn	2, 0x0004
     872:	0501                	.insn	2, 0x0501
     874:	0621                	.insn	2, 0x0621
     876:	00090003          	lb	zero,0(s2)
     87a:	0100                	.insn	2, 0x0100
     87c:	0105                	.insn	2, 0x0105
     87e:	04090103          	lb	sp,64(s2)
     882:	0100                	.insn	2, 0x0100
     884:	0505                	.insn	2, 0x0505
     886:	0306                	.insn	2, 0x0306
     888:	00fa                	.insn	2, 0x00fa
     88a:	0409                	.insn	2, 0x0409
     88c:	0100                	.insn	2, 0x0100
     88e:	1a05                	.insn	2, 0x1a05
     890:	0306                	.insn	2, 0x0306
     892:	0900                	.insn	2, 0x0900
     894:	0000                	.insn	2, 0x
     896:	0501                	.insn	2, 0x0501
     898:	0005                	.insn	2, 0x0005
     89a:	0402                	.insn	2, 0x0402
     89c:	0302                	.insn	2, 0x0302
     89e:	0900                	.insn	2, 0x0900
     8a0:	0008                	.insn	2, 0x0008
     8a2:	0301                	.insn	2, 0x0301
     8a4:	0900                	.insn	2, 0x0900
     8a6:	0008                	.insn	2, 0x0008
     8a8:	0001                	.insn	2, 0x0001
     8aa:	0402                	.insn	2, 0x0402
     8ac:	0301                	.insn	2, 0x0301
     8ae:	0900                	.insn	2, 0x0900
     8b0:	0008                	.insn	2, 0x0008
     8b2:	0501                	.insn	2, 0x0501
     8b4:	060d                	.insn	2, 0x060d
     8b6:	097f8a03          	lb	s4,151(t6)
     8ba:	0008                	.insn	2, 0x0008
     8bc:	0501                	.insn	2, 0x0501
     8be:	0305                	.insn	2, 0x0305
     8c0:	0901                	.insn	2, 0x0901
     8c2:	0000                	.insn	2, 0x
     8c4:	0301                	.insn	2, 0x0301
     8c6:	00000903          	lb	s2,0(zero) # 0 <_hang-0x10000>
     8ca:	0501                	.insn	2, 0x0501
     8cc:	0611                	.insn	2, 0x0611
     8ce:	04090003          	lb	zero,64(s2)
     8d2:	0100                	.insn	2, 0x0100
     8d4:	0305                	.insn	2, 0x0305
     8d6:	0306                	.insn	2, 0x0306
     8d8:	0975                	.insn	2, 0x0975
     8da:	0004                	.insn	2, 0x0004
     8dc:	0301                	.insn	2, 0x0301
     8de:	0901                	.insn	2, 0x0901
     8e0:	0000                	.insn	2, 0x
     8e2:	0501                	.insn	2, 0x0501
     8e4:	0031                	.insn	2, 0x0031
     8e6:	0402                	.insn	2, 0x0402
     8e8:	0301                	.insn	2, 0x0301
     8ea:	097f 0000 0501 0013 	.insn	10, 0x0402001305010000097f
     8f2:	0402 
     8f4:	0601                	.insn	2, 0x0601
     8f6:	00090003          	lb	zero,0(s2)
     8fa:	0100                	.insn	2, 0x0100
     8fc:	3105                	.insn	2, 0x3105
     8fe:	0200                	.insn	2, 0x0200
     900:	0104                	.insn	2, 0x0104
     902:	04090003          	lb	zero,64(s2)
     906:	0100                	.insn	2, 0x0100
     908:	0305                	.insn	2, 0x0305
     90a:	0306                	.insn	2, 0x0306
     90c:	0902                	.insn	2, 0x0902
     90e:	0004                	.insn	2, 0x0004
     910:	0501                	.insn	2, 0x0501
     912:	00030623          	sb	zero,12(t1)
     916:	0009                	.insn	2, 0x0009
     918:	0100                	.insn	2, 0x0100
     91a:	2105                	.insn	2, 0x2105
     91c:	04090003          	lb	zero,64(s2)
     920:	0100                	.insn	2, 0x0100
     922:	0d05                	.insn	2, 0x0d05
     924:	0306                	.insn	2, 0x0306
     926:	0905                	.insn	2, 0x0905
     928:	0004                	.insn	2, 0x0004
     92a:	0501                	.insn	2, 0x0501
     92c:	060a                	.insn	2, 0x060a
     92e:	00090003          	lb	zero,0(s2)
     932:	0100                	.insn	2, 0x0100
     934:	0d05                	.insn	2, 0x0d05
     936:	04090003          	lb	zero,64(s2)
     93a:	0100                	.insn	2, 0x0100
     93c:	0505                	.insn	2, 0x0505
     93e:	0306                	.insn	2, 0x0306
     940:	0901                	.insn	2, 0x0901
     942:	0004                	.insn	2, 0x0004
     944:	0501                	.insn	2, 0x0501
     946:	0608                	.insn	2, 0x0608
     948:	00090003          	lb	zero,0(s2)
     94c:	0100                	.insn	2, 0x0100
     94e:	0305                	.insn	2, 0x0305
     950:	0306                	.insn	2, 0x0306
     952:	0979                	.insn	2, 0x0979
     954:	0004                	.insn	2, 0x0004
     956:	0501                	.insn	2, 0x0501
     958:	0031                	.insn	2, 0x0031
     95a:	0402                	.insn	2, 0x0402
     95c:	0301                	.insn	2, 0x0301
     95e:	097f 0000 0501 0013 	.insn	10, 0x0402001305010000097f
     966:	0402 
     968:	0601                	.insn	2, 0x0601
     96a:	00090003          	lb	zero,0(s2)
     96e:	0100                	.insn	2, 0x0100
     970:	3105                	.insn	2, 0x3105
     972:	0200                	.insn	2, 0x0200
     974:	0104                	.insn	2, 0x0104
     976:	04090003          	lb	zero,64(s2)
     97a:	0100                	.insn	2, 0x0100
     97c:	0305                	.insn	2, 0x0305
     97e:	0306                	.insn	2, 0x0306
     980:	0902                	.insn	2, 0x0902
     982:	0004                	.insn	2, 0x0004
     984:	0501                	.insn	2, 0x0501
     986:	0621                	.insn	2, 0x0621
     988:	00090003          	lb	zero,0(s2)
     98c:	0100                	.insn	2, 0x0100
     98e:	0105                	.insn	2, 0x0105
     990:	04090103          	lb	sp,64(s2)
     994:	0100                	.insn	2, 0x0100
     996:	0305                	.insn	2, 0x0305
     998:	0306                	.insn	2, 0x0306
     99a:	097e                	.insn	2, 0x097e
     99c:	0004                	.insn	2, 0x0004
     99e:	0501                	.insn	2, 0x0501
     9a0:	0031                	.insn	2, 0x0031
     9a2:	0402                	.insn	2, 0x0402
     9a4:	0301                	.insn	2, 0x0301
     9a6:	097f 0000 0501 0013 	.insn	10, 0x0402001305010000097f
     9ae:	0402 
     9b0:	0601                	.insn	2, 0x0601
     9b2:	00090003          	lb	zero,0(s2)
     9b6:	0100                	.insn	2, 0x0100
     9b8:	3105                	.insn	2, 0x3105
     9ba:	0200                	.insn	2, 0x0200
     9bc:	0104                	.insn	2, 0x0104
     9be:	04090003          	lb	zero,64(s2)
     9c2:	0100                	.insn	2, 0x0100
     9c4:	0305                	.insn	2, 0x0305
     9c6:	0306                	.insn	2, 0x0306
     9c8:	0902                	.insn	2, 0x0902
     9ca:	0004                	.insn	2, 0x0004
     9cc:	0501                	.insn	2, 0x0501
     9ce:	0621                	.insn	2, 0x0621
     9d0:	00090003          	lb	zero,0(s2)
     9d4:	0100                	.insn	2, 0x0100
     9d6:	0505                	.insn	2, 0x0505
     9d8:	0306                	.insn	2, 0x0306
     9da:	0909                	.insn	2, 0x0909
     9dc:	0004                	.insn	2, 0x0004
     9de:	0501                	.insn	2, 0x0501
     9e0:	09750303          	lb	t1,151(a0)
     9e4:	0000                	.insn	2, 0x
     9e6:	0301                	.insn	2, 0x0301
     9e8:	0901                	.insn	2, 0x0901
     9ea:	0000                	.insn	2, 0x
     9ec:	0501                	.insn	2, 0x0501
     9ee:	0031                	.insn	2, 0x0031
     9f0:	0402                	.insn	2, 0x0402
     9f2:	0301                	.insn	2, 0x0301
     9f4:	097f 0000 0501 0013 	.insn	10, 0x0402001305010000097f
     9fc:	0402 
     9fe:	0601                	.insn	2, 0x0601
     a00:	00090003          	lb	zero,0(s2)
     a04:	0100                	.insn	2, 0x0100
     a06:	3105                	.insn	2, 0x3105
     a08:	0200                	.insn	2, 0x0200
     a0a:	0104                	.insn	2, 0x0104
     a0c:	04090003          	lb	zero,64(s2)
     a10:	0100                	.insn	2, 0x0100
     a12:	0305                	.insn	2, 0x0305
     a14:	0306                	.insn	2, 0x0306
     a16:	0902                	.insn	2, 0x0902
     a18:	0004                	.insn	2, 0x0004
     a1a:	0501                	.insn	2, 0x0501
     a1c:	0610                	.insn	2, 0x0610
     a1e:	0900ed03          	lwu	s10,144(ra)
     a22:	0000                	.insn	2, 0x
     a24:	0501                	.insn	2, 0x0501
     a26:	0321                	.insn	2, 0x0321
     a28:	04097f93          	andi	t6,s2,64
     a2c:	0100                	.insn	2, 0x0100
     a2e:	0d05                	.insn	2, 0x0d05
     a30:	0306                	.insn	2, 0x0306
     a32:	0905                	.insn	2, 0x0905
     a34:	0004                	.insn	2, 0x0004
     a36:	0501                	.insn	2, 0x0501
     a38:	0305                	.insn	2, 0x0305
     a3a:	00f8                	.insn	2, 0x00f8
     a3c:	0009                	.insn	2, 0x0009
     a3e:	0100                	.insn	2, 0x0100
     a40:	0305                	.insn	2, 0x0305
     a42:	00097003          	.insn	4, 0x00097003
     a46:	0100                	.insn	2, 0x0100
     a48:	1305                	.insn	2, 0x1305
     a4a:	00090003          	lb	zero,0(s2)
     a4e:	0100                	.insn	2, 0x0100
     a50:	1005                	.insn	2, 0x1005
     a52:	0306                	.insn	2, 0x0306
     a54:	0900                	.insn	2, 0x0900
     a56:	0000                	.insn	2, 0x
     a58:	0501                	.insn	2, 0x0501
     a5a:	0605                	.insn	2, 0x0605
     a5c:	04090103          	lb	sp,64(s2)
     a60:	0100                	.insn	2, 0x0100
     a62:	1305                	.insn	2, 0x1305
     a64:	04097f03          	.insn	4, 0x04097f03
     a68:	0100                	.insn	2, 0x0100
     a6a:	1005                	.insn	2, 0x1005
     a6c:	0306                	.insn	2, 0x0306
     a6e:	0900                	.insn	2, 0x0900
     a70:	0000                	.insn	2, 0x
     a72:	0501                	.insn	2, 0x0501
     a74:	09000313          	li	t1,144
     a78:	0008                	.insn	2, 0x0008
     a7a:	0501                	.insn	2, 0x0501
     a7c:	001a                	.insn	2, 0x001a
     a7e:	0402                	.insn	2, 0x0402
     a80:	0602                	.insn	2, 0x0602
     a82:	04090903          	lb	s2,64(s2)
     a86:	0100                	.insn	2, 0x0100
     a88:	1105                	.insn	2, 0x1105
     a8a:	0200                	.insn	2, 0x0200
     a8c:	0104                	.insn	2, 0x0104
     a8e:	00090003          	lb	zero,0(s2)
     a92:	0100                	.insn	2, 0x0100
     a94:	0305                	.insn	2, 0x0305
     a96:	0c091803          	lh	a6,192(s2)
     a9a:	0100                	.insn	2, 0x0100
     a9c:	0c090103          	lb	sp,192(s2)
     aa0:	0100                	.insn	2, 0x0100
     aa2:	0c090103          	lb	sp,192(s2)
     aa6:	0100                	.insn	2, 0x0100
     aa8:	0c090103          	lb	sp,192(s2)
     aac:	0100                	.insn	2, 0x0100
     aae:	097faa03          	lw	s4,151(t6)
     ab2:	0000                	.insn	2, 0x
     ab4:	0301                	.insn	2, 0x0301
     ab6:	0906                	.insn	2, 0x0906
     ab8:	0000                	.insn	2, 0x
     aba:	0301                	.insn	2, 0x0301
     abc:	0902                	.insn	2, 0x0902
     abe:	0000                	.insn	2, 0x
     ac0:	0501                	.insn	2, 0x0501
     ac2:	0011                	.insn	2, 0x0011
     ac4:	0402                	.insn	2, 0x0402
     ac6:	0301                	.insn	2, 0x0301
     ac8:	0900                	.insn	2, 0x0900
     aca:	0000                	.insn	2, 0x
     acc:	0501                	.insn	2, 0x0501
     ace:	0305                	.insn	2, 0x0305
     ad0:	0901                	.insn	2, 0x0901
     ad2:	0000                	.insn	2, 0x
     ad4:	0501                	.insn	2, 0x0501
     ad6:	060d                	.insn	2, 0x060d
     ad8:	00090003          	lb	zero,0(s2)
     adc:	0100                	.insn	2, 0x0100
     ade:	2405                	.insn	2, 0x2405
     ae0:	0200                	.insn	2, 0x0200
     ae2:	0304                	.insn	2, 0x0304
     ae4:	0306                	.insn	2, 0x0306
     ae6:	097f 0018 0501 0011 	.insn	10, 0x0402001105010018097f
     aee:	0402 
     af0:	0301                	.insn	2, 0x0301
     af2:	0900                	.insn	2, 0x0900
     af4:	0000                	.insn	2, 0x
     af6:	0501                	.insn	2, 0x0501
     af8:	0305                	.insn	2, 0x0305
     afa:	0901                	.insn	2, 0x0901
     afc:	0000                	.insn	2, 0x
     afe:	0501                	.insn	2, 0x0501
     b00:	060d                	.insn	2, 0x060d
     b02:	00090003          	lb	zero,0(s2)
     b06:	0100                	.insn	2, 0x0100
     b08:	2405                	.insn	2, 0x2405
     b0a:	0200                	.insn	2, 0x0200
     b0c:	0304                	.insn	2, 0x0304
     b0e:	0306                	.insn	2, 0x0306
     b10:	097f 0010 0501 0011 	.insn	10, 0x0402001105010010097f
     b18:	0402 
     b1a:	0301                	.insn	2, 0x0301
     b1c:	0900                	.insn	2, 0x0900
     b1e:	0000                	.insn	2, 0x
     b20:	0501                	.insn	2, 0x0501
     b22:	0305                	.insn	2, 0x0305
     b24:	0901                	.insn	2, 0x0901
     b26:	0000                	.insn	2, 0x
     b28:	0501                	.insn	2, 0x0501
     b2a:	060d                	.insn	2, 0x060d
     b2c:	00090003          	lb	zero,0(s2)
     b30:	0100                	.insn	2, 0x0100
     b32:	2405                	.insn	2, 0x2405
     b34:	0200                	.insn	2, 0x0200
     b36:	0304                	.insn	2, 0x0304
     b38:	0306                	.insn	2, 0x0306
     b3a:	097f 0010 0501 0011 	.insn	10, 0x0402001105010010097f
     b42:	0402 
     b44:	0301                	.insn	2, 0x0301
     b46:	0900                	.insn	2, 0x0900
     b48:	0000                	.insn	2, 0x
     b4a:	0501                	.insn	2, 0x0501
     b4c:	0305                	.insn	2, 0x0305
     b4e:	0901                	.insn	2, 0x0901
     b50:	0000                	.insn	2, 0x
     b52:	0501                	.insn	2, 0x0501
     b54:	060d                	.insn	2, 0x060d
     b56:	00090003          	lb	zero,0(s2)
     b5a:	0100                	.insn	2, 0x0100
     b5c:	2405                	.insn	2, 0x2405
     b5e:	0200                	.insn	2, 0x0200
     b60:	0304                	.insn	2, 0x0304
     b62:	0306                	.insn	2, 0x0306
     b64:	097f 000c 0501 0011 	.insn	10, 0x040200110501000c097f
     b6c:	0402 
     b6e:	0301                	.insn	2, 0x0301
     b70:	0900                	.insn	2, 0x0900
     b72:	0000                	.insn	2, 0x
     b74:	0501                	.insn	2, 0x0501
     b76:	09040303          	lb	t1,144(s0)
     b7a:	0000                	.insn	2, 0x
     b7c:	0301                	.insn	2, 0x0301
     b7e:	0902                	.insn	2, 0x0902
     b80:	0004                	.insn	2, 0x0004
     b82:	0501                	.insn	2, 0x0501
     b84:	0011                	.insn	2, 0x0011
     b86:	0402                	.insn	2, 0x0402
     b88:	0301                	.insn	2, 0x0301
     b8a:	0900                	.insn	2, 0x0900
     b8c:	0000                	.insn	2, 0x
     b8e:	0501                	.insn	2, 0x0501
     b90:	0305                	.insn	2, 0x0305
     b92:	0901                	.insn	2, 0x0901
     b94:	0000                	.insn	2, 0x
     b96:	0501                	.insn	2, 0x0501
     b98:	0614                	.insn	2, 0x0614
     b9a:	00090003          	lb	zero,0(s2)
     b9e:	0100                	.insn	2, 0x0100
     ba0:	0505                	.insn	2, 0x0505
     ba2:	0306                	.insn	2, 0x0306
     ba4:	0901                	.insn	2, 0x0901
     ba6:	0008                	.insn	2, 0x0008
     ba8:	0501                	.insn	2, 0x0501
     baa:	0608                	.insn	2, 0x0608
     bac:	00090003          	lb	zero,0(s2)
     bb0:	0100                	.insn	2, 0x0100
     bb2:	2405                	.insn	2, 0x2405
     bb4:	0200                	.insn	2, 0x0200
     bb6:	0204                	.insn	2, 0x0204
     bb8:	0306                	.insn	2, 0x0306
     bba:	097e                	.insn	2, 0x097e
     bbc:	0004                	.insn	2, 0x0004
     bbe:	0501                	.insn	2, 0x0501
     bc0:	0011                	.insn	2, 0x0011
     bc2:	0402                	.insn	2, 0x0402
     bc4:	0301                	.insn	2, 0x0301
     bc6:	0900                	.insn	2, 0x0900
     bc8:	0000                	.insn	2, 0x
     bca:	0501                	.insn	2, 0x0501
     bcc:	0305                	.insn	2, 0x0305
     bce:	0901                	.insn	2, 0x0901
     bd0:	0000                	.insn	2, 0x
     bd2:	0501                	.insn	2, 0x0501
     bd4:	0614                	.insn	2, 0x0614
     bd6:	00090003          	lb	zero,0(s2)
     bda:	0100                	.insn	2, 0x0100
     bdc:	0505                	.insn	2, 0x0505
     bde:	0306                	.insn	2, 0x0306
     be0:	0901                	.insn	2, 0x0901
     be2:	0008                	.insn	2, 0x0008
     be4:	0501                	.insn	2, 0x0501
     be6:	0608                	.insn	2, 0x0608
     be8:	00090003          	lb	zero,0(s2)
     bec:	0100                	.insn	2, 0x0100
     bee:	2405                	.insn	2, 0x2405
     bf0:	0200                	.insn	2, 0x0200
     bf2:	0204                	.insn	2, 0x0204
     bf4:	0306                	.insn	2, 0x0306
     bf6:	097e                	.insn	2, 0x097e
     bf8:	0004                	.insn	2, 0x0004
     bfa:	0501                	.insn	2, 0x0501
     bfc:	0011                	.insn	2, 0x0011
     bfe:	0402                	.insn	2, 0x0402
     c00:	0301                	.insn	2, 0x0301
     c02:	0900                	.insn	2, 0x0900
     c04:	0000                	.insn	2, 0x
     c06:	0501                	.insn	2, 0x0501
     c08:	0305                	.insn	2, 0x0305
     c0a:	0901                	.insn	2, 0x0901
     c0c:	0000                	.insn	2, 0x
     c0e:	0501                	.insn	2, 0x0501
     c10:	0614                	.insn	2, 0x0614
     c12:	00090003          	lb	zero,0(s2)
     c16:	0100                	.insn	2, 0x0100
     c18:	0505                	.insn	2, 0x0505
     c1a:	0306                	.insn	2, 0x0306
     c1c:	0901                	.insn	2, 0x0901
     c1e:	0008                	.insn	2, 0x0008
     c20:	0501                	.insn	2, 0x0501
     c22:	0608                	.insn	2, 0x0608
     c24:	00090003          	lb	zero,0(s2)
     c28:	0100                	.insn	2, 0x0100
     c2a:	2405                	.insn	2, 0x2405
     c2c:	0200                	.insn	2, 0x0200
     c2e:	0204                	.insn	2, 0x0204
     c30:	0306                	.insn	2, 0x0306
     c32:	097e                	.insn	2, 0x097e
     c34:	0004                	.insn	2, 0x0004
     c36:	0501                	.insn	2, 0x0501
     c38:	0011                	.insn	2, 0x0011
     c3a:	0402                	.insn	2, 0x0402
     c3c:	0301                	.insn	2, 0x0301
     c3e:	0900                	.insn	2, 0x0900
     c40:	0000                	.insn	2, 0x
     c42:	0501                	.insn	2, 0x0501
     c44:	0305                	.insn	2, 0x0305
     c46:	0901                	.insn	2, 0x0901
     c48:	0000                	.insn	2, 0x
     c4a:	0501                	.insn	2, 0x0501
     c4c:	0614                	.insn	2, 0x0614
     c4e:	00090003          	lb	zero,0(s2)
     c52:	0100                	.insn	2, 0x0100
     c54:	0505                	.insn	2, 0x0505
     c56:	0306                	.insn	2, 0x0306
     c58:	0901                	.insn	2, 0x0901
     c5a:	0008                	.insn	2, 0x0008
     c5c:	0501                	.insn	2, 0x0501
     c5e:	0608                	.insn	2, 0x0608
     c60:	00090003          	lb	zero,0(s2)
     c64:	0100                	.insn	2, 0x0100
     c66:	2405                	.insn	2, 0x2405
     c68:	0200                	.insn	2, 0x0200
     c6a:	0204                	.insn	2, 0x0204
     c6c:	0306                	.insn	2, 0x0306
     c6e:	097e                	.insn	2, 0x097e
     c70:	0004                	.insn	2, 0x0004
     c72:	0501                	.insn	2, 0x0501
     c74:	0011                	.insn	2, 0x0011
     c76:	0402                	.insn	2, 0x0402
     c78:	0301                	.insn	2, 0x0301
     c7a:	0900                	.insn	2, 0x0900
     c7c:	0000                	.insn	2, 0x
     c7e:	0501                	.insn	2, 0x0501
     c80:	09070303          	lb	t1,144(a4)
     c84:	0000                	.insn	2, 0x
     c86:	0301                	.insn	2, 0x0301
     c88:	0901                	.insn	2, 0x0901
     c8a:	000c                	.insn	2, 0x000c
     c8c:	0501                	.insn	2, 0x0501
     c8e:	33030607          	.insn	4, 0x33030607
     c92:	0009                	.insn	2, 0x0009
     c94:	0100                	.insn	2, 0x0100
     c96:	0305                	.insn	2, 0x0305
     c98:	0306                	.insn	2, 0x0306
     c9a:	0910                	.insn	2, 0x0910
     c9c:	0004                	.insn	2, 0x0004
     c9e:	0301                	.insn	2, 0x0301
     ca0:	0942                	.insn	2, 0x0942
     ca2:	0000                	.insn	2, 0x
     ca4:	0301                	.insn	2, 0x0301
     ca6:	0901                	.insn	2, 0x0901
     ca8:	0000                	.insn	2, 0x
     caa:	0301                	.insn	2, 0x0301
     cac:	0902                	.insn	2, 0x0902
     cae:	0000                	.insn	2, 0x
     cb0:	0501                	.insn	2, 0x0501
     cb2:	0011                	.insn	2, 0x0011
     cb4:	0402                	.insn	2, 0x0402
     cb6:	0301                	.insn	2, 0x0301
     cb8:	0900                	.insn	2, 0x0900
     cba:	0000                	.insn	2, 0x
     cbc:	0501                	.insn	2, 0x0501
     cbe:	0305                	.insn	2, 0x0305
     cc0:	0901                	.insn	2, 0x0901
     cc2:	0000                	.insn	2, 0x
     cc4:	0501                	.insn	2, 0x0501
     cc6:	060d                	.insn	2, 0x060d
     cc8:	00090003          	lb	zero,0(s2)
     ccc:	0100                	.insn	2, 0x0100
     cce:	2505                	.insn	2, 0x2505
     cd0:	0200                	.insn	2, 0x0200
     cd2:	0304                	.insn	2, 0x0304
     cd4:	0306                	.insn	2, 0x0306
     cd6:	097f 0020 0501 0011 	.insn	10, 0x0402001105010020097f
     cde:	0402 
     ce0:	0301                	.insn	2, 0x0301
     ce2:	0900                	.insn	2, 0x0900
     ce4:	0000                	.insn	2, 0x
     ce6:	0501                	.insn	2, 0x0501
     ce8:	0305                	.insn	2, 0x0305
     cea:	0901                	.insn	2, 0x0901
     cec:	0000                	.insn	2, 0x
     cee:	0501                	.insn	2, 0x0501
     cf0:	060d                	.insn	2, 0x060d
     cf2:	00090003          	lb	zero,0(s2)
     cf6:	0100                	.insn	2, 0x0100
     cf8:	2505                	.insn	2, 0x2505
     cfa:	0200                	.insn	2, 0x0200
     cfc:	0304                	.insn	2, 0x0304
     cfe:	0306                	.insn	2, 0x0306
     d00:	097f 000c 0501 0011 	.insn	10, 0x040200110501000c097f
     d08:	0402 
     d0a:	0301                	.insn	2, 0x0301
     d0c:	0900                	.insn	2, 0x0900
     d0e:	0000                	.insn	2, 0x
     d10:	0501                	.insn	2, 0x0501
     d12:	0305                	.insn	2, 0x0305
     d14:	0901                	.insn	2, 0x0901
     d16:	0000                	.insn	2, 0x
     d18:	0501                	.insn	2, 0x0501
     d1a:	060d                	.insn	2, 0x060d
     d1c:	00090003          	lb	zero,0(s2)
     d20:	0100                	.insn	2, 0x0100
     d22:	2505                	.insn	2, 0x2505
     d24:	0200                	.insn	2, 0x0200
     d26:	0304                	.insn	2, 0x0304
     d28:	0306                	.insn	2, 0x0306
     d2a:	097f 000c 0501 0011 	.insn	10, 0x040200110501000c097f
     d32:	0402 
     d34:	0301                	.insn	2, 0x0301
     d36:	0900                	.insn	2, 0x0900
     d38:	0000                	.insn	2, 0x
     d3a:	0501                	.insn	2, 0x0501
     d3c:	0305                	.insn	2, 0x0305
     d3e:	0901                	.insn	2, 0x0901
     d40:	0000                	.insn	2, 0x
     d42:	0501                	.insn	2, 0x0501
     d44:	060d                	.insn	2, 0x060d
     d46:	00090003          	lb	zero,0(s2)
     d4a:	0100                	.insn	2, 0x0100
     d4c:	2505                	.insn	2, 0x2505
     d4e:	0200                	.insn	2, 0x0200
     d50:	0304                	.insn	2, 0x0304
     d52:	0306                	.insn	2, 0x0306
     d54:	097f 000c 0501 0011 	.insn	10, 0x040200110501000c097f
     d5c:	0402 
     d5e:	0301                	.insn	2, 0x0301
     d60:	0900                	.insn	2, 0x0900
     d62:	0000                	.insn	2, 0x
     d64:	0501                	.insn	2, 0x0501
     d66:	0305                	.insn	2, 0x0305
     d68:	0901                	.insn	2, 0x0901
     d6a:	0000                	.insn	2, 0x
     d6c:	0501                	.insn	2, 0x0501
     d6e:	060d                	.insn	2, 0x060d
     d70:	00090003          	lb	zero,0(s2)
     d74:	0100                	.insn	2, 0x0100
     d76:	2505                	.insn	2, 0x2505
     d78:	0200                	.insn	2, 0x0200
     d7a:	0304                	.insn	2, 0x0304
     d7c:	0306                	.insn	2, 0x0306
     d7e:	097f 000c 0501 0011 	.insn	10, 0x040200110501000c097f
     d86:	0402 
     d88:	0301                	.insn	2, 0x0301
     d8a:	0900                	.insn	2, 0x0900
     d8c:	0000                	.insn	2, 0x
     d8e:	0501                	.insn	2, 0x0501
     d90:	0305                	.insn	2, 0x0305
     d92:	0901                	.insn	2, 0x0901
     d94:	0000                	.insn	2, 0x
     d96:	0501                	.insn	2, 0x0501
     d98:	060d                	.insn	2, 0x060d
     d9a:	00090003          	lb	zero,0(s2)
     d9e:	0100                	.insn	2, 0x0100
     da0:	2505                	.insn	2, 0x2505
     da2:	0200                	.insn	2, 0x0200
     da4:	0304                	.insn	2, 0x0304
     da6:	0306                	.insn	2, 0x0306
     da8:	097f 000c 0501 0011 	.insn	10, 0x040200110501000c097f
     db0:	0402 
     db2:	0301                	.insn	2, 0x0301
     db4:	0900                	.insn	2, 0x0900
     db6:	0000                	.insn	2, 0x
     db8:	0501                	.insn	2, 0x0501
     dba:	0305                	.insn	2, 0x0305
     dbc:	0901                	.insn	2, 0x0901
     dbe:	0000                	.insn	2, 0x
     dc0:	0501                	.insn	2, 0x0501
     dc2:	060d                	.insn	2, 0x060d
     dc4:	00090003          	lb	zero,0(s2)
     dc8:	0100                	.insn	2, 0x0100
     dca:	2505                	.insn	2, 0x2505
     dcc:	0200                	.insn	2, 0x0200
     dce:	0304                	.insn	2, 0x0304
     dd0:	0306                	.insn	2, 0x0306
     dd2:	097f 000c 0501 0011 	.insn	10, 0x040200110501000c097f
     dda:	0402 
     ddc:	0301                	.insn	2, 0x0301
     dde:	0900                	.insn	2, 0x0900
     de0:	0000                	.insn	2, 0x
     de2:	0501                	.insn	2, 0x0501
     de4:	0305                	.insn	2, 0x0305
     de6:	0901                	.insn	2, 0x0901
     de8:	0000                	.insn	2, 0x
     dea:	0501                	.insn	2, 0x0501
     dec:	060d                	.insn	2, 0x060d
     dee:	00090003          	lb	zero,0(s2)
     df2:	0100                	.insn	2, 0x0100
     df4:	2505                	.insn	2, 0x2505
     df6:	0200                	.insn	2, 0x0200
     df8:	0304                	.insn	2, 0x0304
     dfa:	0306                	.insn	2, 0x0306
     dfc:	097f 000c 0501 0011 	.insn	10, 0x040200110501000c097f
     e04:	0402 
     e06:	0301                	.insn	2, 0x0301
     e08:	0900                	.insn	2, 0x0900
     e0a:	0000                	.insn	2, 0x
     e0c:	0501                	.insn	2, 0x0501
     e0e:	0305                	.insn	2, 0x0305
     e10:	0901                	.insn	2, 0x0901
     e12:	0000                	.insn	2, 0x
     e14:	0501                	.insn	2, 0x0501
     e16:	060d                	.insn	2, 0x060d
     e18:	00090003          	lb	zero,0(s2)
     e1c:	0100                	.insn	2, 0x0100
     e1e:	2505                	.insn	2, 0x2505
     e20:	0200                	.insn	2, 0x0200
     e22:	0304                	.insn	2, 0x0304
     e24:	0306                	.insn	2, 0x0306
     e26:	097f 000c 0501 0011 	.insn	10, 0x040200110501000c097f
     e2e:	0402 
     e30:	0301                	.insn	2, 0x0301
     e32:	0900                	.insn	2, 0x0900
     e34:	0000                	.insn	2, 0x
     e36:	0501                	.insn	2, 0x0501
     e38:	0305                	.insn	2, 0x0305
     e3a:	0901                	.insn	2, 0x0901
     e3c:	0000                	.insn	2, 0x
     e3e:	0501                	.insn	2, 0x0501
     e40:	060d                	.insn	2, 0x060d
     e42:	00090003          	lb	zero,0(s2)
     e46:	0100                	.insn	2, 0x0100
     e48:	2505                	.insn	2, 0x2505
     e4a:	0200                	.insn	2, 0x0200
     e4c:	0304                	.insn	2, 0x0304
     e4e:	0306                	.insn	2, 0x0306
     e50:	097f 000c 0501 0011 	.insn	10, 0x040200110501000c097f
     e58:	0402 
     e5a:	0301                	.insn	2, 0x0301
     e5c:	0900                	.insn	2, 0x0900
     e5e:	0000                	.insn	2, 0x
     e60:	0501                	.insn	2, 0x0501
     e62:	0305                	.insn	2, 0x0305
     e64:	0901                	.insn	2, 0x0901
     e66:	0000                	.insn	2, 0x
     e68:	0501                	.insn	2, 0x0501
     e6a:	060d                	.insn	2, 0x060d
     e6c:	00090003          	lb	zero,0(s2)
     e70:	0100                	.insn	2, 0x0100
     e72:	2505                	.insn	2, 0x2505
     e74:	0200                	.insn	2, 0x0200
     e76:	0304                	.insn	2, 0x0304
     e78:	0306                	.insn	2, 0x0306
     e7a:	097f 000c 0501 0011 	.insn	10, 0x040200110501000c097f
     e82:	0402 
     e84:	0301                	.insn	2, 0x0301
     e86:	0900                	.insn	2, 0x0900
     e88:	0000                	.insn	2, 0x
     e8a:	0501                	.insn	2, 0x0501
     e8c:	0305                	.insn	2, 0x0305
     e8e:	0901                	.insn	2, 0x0901
     e90:	0000                	.insn	2, 0x
     e92:	0501                	.insn	2, 0x0501
     e94:	060d                	.insn	2, 0x060d
     e96:	00090003          	lb	zero,0(s2)
     e9a:	0100                	.insn	2, 0x0100
     e9c:	2505                	.insn	2, 0x2505
     e9e:	0200                	.insn	2, 0x0200
     ea0:	0304                	.insn	2, 0x0304
     ea2:	0306                	.insn	2, 0x0306
     ea4:	097f 000c 0501 0011 	.insn	10, 0x040200110501000c097f
     eac:	0402 
     eae:	0301                	.insn	2, 0x0301
     eb0:	0900                	.insn	2, 0x0900
     eb2:	0000                	.insn	2, 0x
     eb4:	0501                	.insn	2, 0x0501
     eb6:	0305                	.insn	2, 0x0305
     eb8:	0901                	.insn	2, 0x0901
     eba:	0000                	.insn	2, 0x
     ebc:	0501                	.insn	2, 0x0501
     ebe:	060d                	.insn	2, 0x060d
     ec0:	00090003          	lb	zero,0(s2)
     ec4:	0100                	.insn	2, 0x0100
     ec6:	2505                	.insn	2, 0x2505
     ec8:	0200                	.insn	2, 0x0200
     eca:	0304                	.insn	2, 0x0304
     ecc:	0306                	.insn	2, 0x0306
     ece:	097f 000c 0501 0011 	.insn	10, 0x040200110501000c097f
     ed6:	0402 
     ed8:	0301                	.insn	2, 0x0301
     eda:	0900                	.insn	2, 0x0900
     edc:	0000                	.insn	2, 0x
     ede:	0501                	.insn	2, 0x0501
     ee0:	0305                	.insn	2, 0x0305
     ee2:	0901                	.insn	2, 0x0901
     ee4:	0000                	.insn	2, 0x
     ee6:	0501                	.insn	2, 0x0501
     ee8:	060d                	.insn	2, 0x060d
     eea:	00090003          	lb	zero,0(s2)
     eee:	0100                	.insn	2, 0x0100
     ef0:	2505                	.insn	2, 0x2505
     ef2:	0200                	.insn	2, 0x0200
     ef4:	0304                	.insn	2, 0x0304
     ef6:	0306                	.insn	2, 0x0306
     ef8:	097f 000c 0501 0011 	.insn	10, 0x040200110501000c097f
     f00:	0402 
     f02:	0301                	.insn	2, 0x0301
     f04:	0900                	.insn	2, 0x0900
     f06:	0000                	.insn	2, 0x
     f08:	0501                	.insn	2, 0x0501
     f0a:	0305                	.insn	2, 0x0305
     f0c:	0901                	.insn	2, 0x0901
     f0e:	0000                	.insn	2, 0x
     f10:	0501                	.insn	2, 0x0501
     f12:	060d                	.insn	2, 0x060d
     f14:	00090003          	lb	zero,0(s2)
     f18:	0100                	.insn	2, 0x0100
     f1a:	2505                	.insn	2, 0x2505
     f1c:	0200                	.insn	2, 0x0200
     f1e:	0304                	.insn	2, 0x0304
     f20:	0306                	.insn	2, 0x0306
     f22:	097f 0014 0501 0011 	.insn	10, 0x0402001105010014097f
     f2a:	0402 
     f2c:	0301                	.insn	2, 0x0301
     f2e:	0900                	.insn	2, 0x0900
     f30:	0000                	.insn	2, 0x
     f32:	0501                	.insn	2, 0x0501
     f34:	0305                	.insn	2, 0x0305
     f36:	0901                	.insn	2, 0x0901
     f38:	0000                	.insn	2, 0x
     f3a:	0501                	.insn	2, 0x0501
     f3c:	060d                	.insn	2, 0x060d
     f3e:	00090003          	lb	zero,0(s2)
     f42:	0100                	.insn	2, 0x0100
     f44:	2505                	.insn	2, 0x2505
     f46:	0200                	.insn	2, 0x0200
     f48:	0304                	.insn	2, 0x0304
     f4a:	0306                	.insn	2, 0x0306
     f4c:	097f 0008 0501 0011 	.insn	10, 0x0402001105010008097f
     f54:	0402 
     f56:	0301                	.insn	2, 0x0301
     f58:	0900                	.insn	2, 0x0900
     f5a:	0000                	.insn	2, 0x
     f5c:	0501                	.insn	2, 0x0501
     f5e:	09040303          	lb	t1,144(s0)
     f62:	0000                	.insn	2, 0x
     f64:	0301                	.insn	2, 0x0301
     f66:	0902                	.insn	2, 0x0902
     f68:	0004                	.insn	2, 0x0004
     f6a:	0501                	.insn	2, 0x0501
     f6c:	0011                	.insn	2, 0x0011
     f6e:	0402                	.insn	2, 0x0402
     f70:	0301                	.insn	2, 0x0301
     f72:	0900                	.insn	2, 0x0900
     f74:	0000                	.insn	2, 0x
     f76:	0501                	.insn	2, 0x0501
     f78:	7e030603          	lb	a2,2016(t1)
     f7c:	1009                	.insn	2, 0x1009
     f7e:	0100                	.insn	2, 0x0100
     f80:	0505                	.insn	2, 0x0505
     f82:	0306                	.insn	2, 0x0306
     f84:	00040903          	lb	s2,0(s0)
     f88:	0501                	.insn	2, 0x0501
     f8a:	0025                	.insn	2, 0x0025
     f8c:	0402                	.insn	2, 0x0402
     f8e:	0302                	.insn	2, 0x0302
     f90:	097f 0000 0501 0011 	.insn	10, 0x0402001105010000097f
     f98:	0402 
     f9a:	0301                	.insn	2, 0x0301
     f9c:	0900                	.insn	2, 0x0900
     f9e:	0000                	.insn	2, 0x
     fa0:	0501                	.insn	2, 0x0501
     fa2:	0614                	.insn	2, 0x0614
     fa4:	00090203          	lb	tp,0(s2)
     fa8:	0100                	.insn	2, 0x0100
     faa:	04097f03          	.insn	4, 0x04097f03
     fae:	0100                	.insn	2, 0x0100
     fb0:	0505                	.insn	2, 0x0505
     fb2:	0306                	.insn	2, 0x0306
     fb4:	0901                	.insn	2, 0x0901
     fb6:	0004                	.insn	2, 0x0004
     fb8:	0501                	.insn	2, 0x0501
     fba:	0011                	.insn	2, 0x0011
     fbc:	0402                	.insn	2, 0x0402
     fbe:	0601                	.insn	2, 0x0601
     fc0:	00097e03          	.insn	4, 0x00097e03
     fc4:	0100                	.insn	2, 0x0100
     fc6:	1405                	.insn	2, 0x1405
     fc8:	04090203          	lb	tp,64(s2)
     fcc:	0100                	.insn	2, 0x0100
     fce:	0505                	.insn	2, 0x0505
     fd0:	0306                	.insn	2, 0x0306
     fd2:	0901                	.insn	2, 0x0901
     fd4:	0004                	.insn	2, 0x0004
     fd6:	0501                	.insn	2, 0x0501
     fd8:	0608                	.insn	2, 0x0608
     fda:	00090003          	lb	zero,0(s2)
     fde:	0100                	.insn	2, 0x0100
     fe0:	1105                	.insn	2, 0x1105
     fe2:	0200                	.insn	2, 0x0200
     fe4:	0104                	.insn	2, 0x0104
     fe6:	04097d03          	.insn	4, 0x04097d03
     fea:	0100                	.insn	2, 0x0100
     fec:	0305                	.insn	2, 0x0305
     fee:	0306                	.insn	2, 0x0306
     ff0:	0908                	.insn	2, 0x0908
     ff2:	0008                	.insn	2, 0x0008
     ff4:	0301                	.insn	2, 0x0301
     ff6:	0901                	.insn	2, 0x0901
     ff8:	000c                	.insn	2, 0x000c
     ffa:	0301                	.insn	2, 0x0301
     ffc:	0000092f          	.insn	4, 0x092f
    1000:	0501                	.insn	2, 0x0501
    1002:	0606                	.insn	2, 0x0606
    1004:	00090003          	lb	zero,0(s2)
    1008:	0100                	.insn	2, 0x0100
    100a:	0505                	.insn	2, 0x0505
    100c:	0306                	.insn	2, 0x0306
    100e:	00040903          	lb	s2,0(s0)
    1012:	0501                	.insn	2, 0x0501
    1014:	0621                	.insn	2, 0x0621
    1016:	097edf03          	lhu	t5,151(t4)
    101a:	000c                	.insn	2, 0x000c
    101c:	0501                	.insn	2, 0x0501
    101e:	00e40303          	lb	t1,14(s0)
    1022:	0809                	.insn	2, 0x0809
    1024:	0100                	.insn	2, 0x0100
    1026:	1305                	.insn	2, 0x1305
    1028:	0200                	.insn	2, 0x0200
    102a:	0104                	.insn	2, 0x0104
    102c:	097fa103          	lw	sp,151(t6)
    1030:	0004                	.insn	2, 0x0004
    1032:	0501                	.insn	2, 0x0501
    1034:	0308                	.insn	2, 0x0308
    1036:	0908                	.insn	2, 0x0908
    1038:	0004                	.insn	2, 0x0004
    103a:	0501                	.insn	2, 0x0501
    103c:	0321                	.insn	2, 0x0321
    103e:	097a                	.insn	2, 0x097a
    1040:	0004                	.insn	2, 0x0004
    1042:	0501                	.insn	2, 0x0501
    1044:	9d030603          	lb	a2,-1584(t1)
    1048:	0901                	.insn	2, 0x0901
    104a:	0004                	.insn	2, 0x0004
    104c:	0501                	.insn	2, 0x0501
    104e:	0305                	.insn	2, 0x0305
    1050:	0901                	.insn	2, 0x0901
    1052:	0000                	.insn	2, 0x
    1054:	0501                	.insn	2, 0x0501
    1056:	7ee70303          	lb	t1,2030(a4)
    105a:	0009                	.insn	2, 0x0009
    105c:	0100                	.insn	2, 0x0100
    105e:	0d05                	.insn	2, 0x0d05
    1060:	00090003          	lb	zero,0(s2)
    1064:	0100                	.insn	2, 0x0100
    1066:	0505                	.insn	2, 0x0505
    1068:	00090103          	lb	sp,0(s2)
    106c:	0100                	.insn	2, 0x0100
    106e:	0306                	.insn	2, 0x0306
    1070:	0199                	.insn	2, 0x0199
    1072:	0009                	.insn	2, 0x0009
    1074:	0100                	.insn	2, 0x0100
    1076:	0306                	.insn	2, 0x0306
    1078:	7eea                	.insn	2, 0x7eea
    107a:	0809                	.insn	2, 0x0809
    107c:	0100                	.insn	2, 0x0100
    107e:	1105                	.insn	2, 0x1105
    1080:	0306                	.insn	2, 0x0306
    1082:	0900                	.insn	2, 0x0900
    1084:	0004                	.insn	2, 0x0004
    1086:	0501                	.insn	2, 0x0501
    1088:	75030603          	lb	a2,1872(t1)
    108c:	0409                	.insn	2, 0x0409
    108e:	0100                	.insn	2, 0x0100
    1090:	00090103          	lb	sp,0(s2)
    1094:	0100                	.insn	2, 0x0100
    1096:	3105                	.insn	2, 0x3105
    1098:	0200                	.insn	2, 0x0200
    109a:	0104                	.insn	2, 0x0104
    109c:	00097f03          	.insn	4, 0x00097f03
    10a0:	0100                	.insn	2, 0x0100
    10a2:	1305                	.insn	2, 0x1305
    10a4:	0200                	.insn	2, 0x0200
    10a6:	0104                	.insn	2, 0x0104
    10a8:	0306                	.insn	2, 0x0306
    10aa:	0900                	.insn	2, 0x0900
    10ac:	0000                	.insn	2, 0x
    10ae:	0501                	.insn	2, 0x0501
    10b0:	0031                	.insn	2, 0x0031
    10b2:	0402                	.insn	2, 0x0402
    10b4:	0301                	.insn	2, 0x0301
    10b6:	0900                	.insn	2, 0x0900
    10b8:	0004                	.insn	2, 0x0004
    10ba:	0501                	.insn	2, 0x0501
    10bc:	02030603          	lb	a2,32(t1)
    10c0:	0409                	.insn	2, 0x0409
    10c2:	0100                	.insn	2, 0x0100
    10c4:	2305                	.insn	2, 0x2305
    10c6:	0306                	.insn	2, 0x0306
    10c8:	0900                	.insn	2, 0x0900
    10ca:	0000                	.insn	2, 0x
    10cc:	0501                	.insn	2, 0x0501
    10ce:	0321                	.insn	2, 0x0321
    10d0:	0900                	.insn	2, 0x0900
    10d2:	0004                	.insn	2, 0x0004
    10d4:	0501                	.insn	2, 0x0501
    10d6:	060d                	.insn	2, 0x060d
    10d8:	04090503          	lb	a0,64(s2)
    10dc:	0100                	.insn	2, 0x0100
    10de:	0a05                	.insn	2, 0x0a05
    10e0:	0306                	.insn	2, 0x0306
    10e2:	0900                	.insn	2, 0x0900
    10e4:	0000                	.insn	2, 0x
    10e6:	0501                	.insn	2, 0x0501
    10e8:	030d                	.insn	2, 0x030d
    10ea:	0900                	.insn	2, 0x0900
    10ec:	0004                	.insn	2, 0x0004
    10ee:	0501                	.insn	2, 0x0501
    10f0:	0605                	.insn	2, 0x0605
    10f2:	04090103          	lb	sp,64(s2)
    10f6:	0100                	.insn	2, 0x0100
    10f8:	0805                	.insn	2, 0x0805
    10fa:	0306                	.insn	2, 0x0306
    10fc:	0900                	.insn	2, 0x0900
    10fe:	0000                	.insn	2, 0x
    1100:	0501                	.insn	2, 0x0501
    1102:	79030603          	lb	a2,1936(t1)
    1106:	0409                	.insn	2, 0x0409
    1108:	0100                	.insn	2, 0x0100
    110a:	3105                	.insn	2, 0x3105
    110c:	0200                	.insn	2, 0x0200
    110e:	0104                	.insn	2, 0x0104
    1110:	00097f03          	.insn	4, 0x00097f03
    1114:	0100                	.insn	2, 0x0100
    1116:	1305                	.insn	2, 0x1305
    1118:	0200                	.insn	2, 0x0200
    111a:	0104                	.insn	2, 0x0104
    111c:	0306                	.insn	2, 0x0306
    111e:	0900                	.insn	2, 0x0900
    1120:	0000                	.insn	2, 0x
    1122:	0501                	.insn	2, 0x0501
    1124:	0031                	.insn	2, 0x0031
    1126:	0402                	.insn	2, 0x0402
    1128:	0301                	.insn	2, 0x0301
    112a:	0900                	.insn	2, 0x0900
    112c:	0004                	.insn	2, 0x0004
    112e:	0501                	.insn	2, 0x0501
    1130:	02030603          	lb	a2,32(t1)
    1134:	0409                	.insn	2, 0x0409
    1136:	0100                	.insn	2, 0x0100
    1138:	2105                	.insn	2, 0x2105
    113a:	0306                	.insn	2, 0x0306
    113c:	0900                	.insn	2, 0x0900
    113e:	0000                	.insn	2, 0x
    1140:	0501                	.insn	2, 0x0501
    1142:	0301                	.insn	2, 0x0301
    1144:	0901                	.insn	2, 0x0901
    1146:	0004                	.insn	2, 0x0004
    1148:	0501                	.insn	2, 0x0501
    114a:	0605                	.insn	2, 0x0605
    114c:	09019e03          	lh	t3,144(gp)
    1150:	0004                	.insn	2, 0x0004
    1152:	0301                	.insn	2, 0x0301
    1154:	0901                	.insn	2, 0x0901
    1156:	000c                	.insn	2, 0x000c
    1158:	0501                	.insn	2, 0x0501
    115a:	7ee50303          	lb	t1,2030(a0)
    115e:	0009                	.insn	2, 0x0009
    1160:	0100                	.insn	2, 0x0100
    1162:	0d05                	.insn	2, 0x0d05
    1164:	00090003          	lb	zero,0(s2)
    1168:	0100                	.insn	2, 0x0100
    116a:	0505                	.insn	2, 0x0505
    116c:	00090103          	lb	sp,0(s2)
    1170:	0100                	.insn	2, 0x0100
    1172:	0306                	.insn	2, 0x0306
    1174:	0199                	.insn	2, 0x0199
    1176:	0009                	.insn	2, 0x0009
    1178:	0100                	.insn	2, 0x0100
    117a:	0306                	.insn	2, 0x0306
    117c:	7eea                	.insn	2, 0x7eea
    117e:	0809                	.insn	2, 0x0809
    1180:	0100                	.insn	2, 0x0100
    1182:	1105                	.insn	2, 0x1105
    1184:	0306                	.insn	2, 0x0306
    1186:	0900                	.insn	2, 0x0900
    1188:	0004                	.insn	2, 0x0004
    118a:	0501                	.insn	2, 0x0501
    118c:	75030603          	lb	a2,1872(t1)
    1190:	0409                	.insn	2, 0x0409
    1192:	0100                	.insn	2, 0x0100
    1194:	00090103          	lb	sp,0(s2)
    1198:	0100                	.insn	2, 0x0100
    119a:	3105                	.insn	2, 0x3105
    119c:	0200                	.insn	2, 0x0200
    119e:	0104                	.insn	2, 0x0104
    11a0:	00097f03          	.insn	4, 0x00097f03
    11a4:	0100                	.insn	2, 0x0100
    11a6:	1305                	.insn	2, 0x1305
    11a8:	0200                	.insn	2, 0x0200
    11aa:	0104                	.insn	2, 0x0104
    11ac:	0306                	.insn	2, 0x0306
    11ae:	0900                	.insn	2, 0x0900
    11b0:	0000                	.insn	2, 0x
    11b2:	0501                	.insn	2, 0x0501
    11b4:	0031                	.insn	2, 0x0031
    11b6:	0402                	.insn	2, 0x0402
    11b8:	0301                	.insn	2, 0x0301
    11ba:	0900                	.insn	2, 0x0900
    11bc:	0004                	.insn	2, 0x0004
    11be:	0501                	.insn	2, 0x0501
    11c0:	02030603          	lb	a2,32(t1)
    11c4:	0409                	.insn	2, 0x0409
    11c6:	0100                	.insn	2, 0x0100
    11c8:	2305                	.insn	2, 0x2305
    11ca:	0306                	.insn	2, 0x0306
    11cc:	0900                	.insn	2, 0x0900
    11ce:	0000                	.insn	2, 0x
    11d0:	0501                	.insn	2, 0x0501
    11d2:	0321                	.insn	2, 0x0321
    11d4:	0900                	.insn	2, 0x0900
    11d6:	0004                	.insn	2, 0x0004
    11d8:	0501                	.insn	2, 0x0501
    11da:	060d                	.insn	2, 0x060d
    11dc:	04090503          	lb	a0,64(s2)
    11e0:	0100                	.insn	2, 0x0100
    11e2:	0a05                	.insn	2, 0x0a05
    11e4:	0306                	.insn	2, 0x0306
    11e6:	0900                	.insn	2, 0x0900
    11e8:	0000                	.insn	2, 0x
    11ea:	0501                	.insn	2, 0x0501
    11ec:	030d                	.insn	2, 0x030d
    11ee:	0900                	.insn	2, 0x0900
    11f0:	0004                	.insn	2, 0x0004
    11f2:	0501                	.insn	2, 0x0501
    11f4:	0605                	.insn	2, 0x0605
    11f6:	04090103          	lb	sp,64(s2)
    11fa:	0100                	.insn	2, 0x0100
    11fc:	0805                	.insn	2, 0x0805
    11fe:	0306                	.insn	2, 0x0306
    1200:	0900                	.insn	2, 0x0900
    1202:	0000                	.insn	2, 0x
    1204:	0501                	.insn	2, 0x0501
    1206:	79030603          	lb	a2,1936(t1)
    120a:	0409                	.insn	2, 0x0409
    120c:	0100                	.insn	2, 0x0100
    120e:	3105                	.insn	2, 0x3105
    1210:	0200                	.insn	2, 0x0200
    1212:	0104                	.insn	2, 0x0104
    1214:	00097f03          	.insn	4, 0x00097f03
    1218:	0100                	.insn	2, 0x0100
    121a:	1305                	.insn	2, 0x1305
    121c:	0200                	.insn	2, 0x0200
    121e:	0104                	.insn	2, 0x0104
    1220:	0306                	.insn	2, 0x0306
    1222:	0900                	.insn	2, 0x0900
    1224:	0000                	.insn	2, 0x
    1226:	0501                	.insn	2, 0x0501
    1228:	0031                	.insn	2, 0x0031
    122a:	0402                	.insn	2, 0x0402
    122c:	0301                	.insn	2, 0x0301
    122e:	0900                	.insn	2, 0x0900
    1230:	0004                	.insn	2, 0x0004
    1232:	0501                	.insn	2, 0x0501
    1234:	02030603          	lb	a2,32(t1)
    1238:	0409                	.insn	2, 0x0409
    123a:	0100                	.insn	2, 0x0100
    123c:	2105                	.insn	2, 0x2105
    123e:	0306                	.insn	2, 0x0306
    1240:	0900                	.insn	2, 0x0900
    1242:	0000                	.insn	2, 0x
    1244:	0501                	.insn	2, 0x0501
    1246:	0301                	.insn	2, 0x0301
    1248:	0901                	.insn	2, 0x0901
    124a:	0004                	.insn	2, 0x0004
    124c:	0501                	.insn	2, 0x0501
    124e:	0605                	.insn	2, 0x0605
    1250:	0901a003          	lw	zero,144(gp)
    1254:	0004                	.insn	2, 0x0004
    1256:	0501                	.insn	2, 0x0501
    1258:	061a                	.insn	2, 0x061a
    125a:	00090003          	lb	zero,0(s2)
    125e:	0100                	.insn	2, 0x0100
    1260:	0505                	.insn	2, 0x0505
    1262:	0200                	.insn	2, 0x0200
    1264:	0204                	.insn	2, 0x0204
    1266:	08090003          	lb	zero,128(s2)
    126a:	0100                	.insn	2, 0x0100
    126c:	08090003          	lb	zero,128(s2)
    1270:	0100                	.insn	2, 0x0100
    1272:	0200                	.insn	2, 0x0200
    1274:	0104                	.insn	2, 0x0104
    1276:	08090003          	lb	zero,128(s2)
    127a:	0100                	.insn	2, 0x0100
    127c:	0d05                	.insn	2, 0x0d05
    127e:	0306                	.insn	2, 0x0306
    1280:	7ee4                	.insn	2, 0x7ee4
    1282:	0809                	.insn	2, 0x0809
    1284:	0100                	.insn	2, 0x0100
    1286:	0505                	.insn	2, 0x0505
    1288:	00090103          	lb	sp,0(s2)
    128c:	0100                	.insn	2, 0x0100
    128e:	00090303          	lb	t1,0(s2)
    1292:	0100                	.insn	2, 0x0100
    1294:	1105                	.insn	2, 0x1105
    1296:	0306                	.insn	2, 0x0306
    1298:	0900                	.insn	2, 0x0900
    129a:	0004                	.insn	2, 0x0004
    129c:	0501                	.insn	2, 0x0501
    129e:	75030603          	lb	a2,1872(t1)
    12a2:	0409                	.insn	2, 0x0409
    12a4:	0100                	.insn	2, 0x0100
    12a6:	00090103          	lb	sp,0(s2)
    12aa:	0100                	.insn	2, 0x0100
    12ac:	3105                	.insn	2, 0x3105
    12ae:	0200                	.insn	2, 0x0200
    12b0:	0104                	.insn	2, 0x0104
    12b2:	00097f03          	.insn	4, 0x00097f03
    12b6:	0100                	.insn	2, 0x0100
    12b8:	1305                	.insn	2, 0x1305
    12ba:	0200                	.insn	2, 0x0200
    12bc:	0104                	.insn	2, 0x0104
    12be:	0306                	.insn	2, 0x0306
    12c0:	0900                	.insn	2, 0x0900
    12c2:	0000                	.insn	2, 0x
    12c4:	0501                	.insn	2, 0x0501
    12c6:	0031                	.insn	2, 0x0031
    12c8:	0402                	.insn	2, 0x0402
    12ca:	0301                	.insn	2, 0x0301
    12cc:	0900                	.insn	2, 0x0900
    12ce:	0004                	.insn	2, 0x0004
    12d0:	0501                	.insn	2, 0x0501
    12d2:	02030603          	lb	a2,32(t1)
    12d6:	0409                	.insn	2, 0x0409
    12d8:	0100                	.insn	2, 0x0100
    12da:	2305                	.insn	2, 0x2305
    12dc:	0306                	.insn	2, 0x0306
    12de:	0900                	.insn	2, 0x0900
    12e0:	0000                	.insn	2, 0x
    12e2:	0501                	.insn	2, 0x0501
    12e4:	0321                	.insn	2, 0x0321
    12e6:	0900                	.insn	2, 0x0900
    12e8:	0004                	.insn	2, 0x0004
    12ea:	0501                	.insn	2, 0x0501
    12ec:	060d                	.insn	2, 0x060d
    12ee:	04090503          	lb	a0,64(s2)
    12f2:	0100                	.insn	2, 0x0100
    12f4:	0a05                	.insn	2, 0x0a05
    12f6:	0306                	.insn	2, 0x0306
    12f8:	0900                	.insn	2, 0x0900
    12fa:	0000                	.insn	2, 0x
    12fc:	0501                	.insn	2, 0x0501
    12fe:	030d                	.insn	2, 0x030d
    1300:	0900                	.insn	2, 0x0900
    1302:	0004                	.insn	2, 0x0004
    1304:	0501                	.insn	2, 0x0501
    1306:	0605                	.insn	2, 0x0605
    1308:	04090103          	lb	sp,64(s2)
    130c:	0100                	.insn	2, 0x0100
    130e:	0805                	.insn	2, 0x0805
    1310:	0306                	.insn	2, 0x0306
    1312:	0900                	.insn	2, 0x0900
    1314:	0000                	.insn	2, 0x
    1316:	0501                	.insn	2, 0x0501
    1318:	79030603          	lb	a2,1936(t1)
    131c:	0409                	.insn	2, 0x0409
    131e:	0100                	.insn	2, 0x0100
    1320:	3105                	.insn	2, 0x3105
    1322:	0200                	.insn	2, 0x0200
    1324:	0104                	.insn	2, 0x0104
    1326:	00097f03          	.insn	4, 0x00097f03
    132a:	0100                	.insn	2, 0x0100
    132c:	1305                	.insn	2, 0x1305
    132e:	0200                	.insn	2, 0x0200
    1330:	0104                	.insn	2, 0x0104
    1332:	0306                	.insn	2, 0x0306
    1334:	0900                	.insn	2, 0x0900
    1336:	0000                	.insn	2, 0x
    1338:	0501                	.insn	2, 0x0501
    133a:	0031                	.insn	2, 0x0031
    133c:	0402                	.insn	2, 0x0402
    133e:	0301                	.insn	2, 0x0301
    1340:	0900                	.insn	2, 0x0900
    1342:	0004                	.insn	2, 0x0004
    1344:	0501                	.insn	2, 0x0501
    1346:	02030603          	lb	a2,32(t1)
    134a:	0409                	.insn	2, 0x0409
    134c:	0100                	.insn	2, 0x0100
    134e:	2105                	.insn	2, 0x2105
    1350:	0306                	.insn	2, 0x0306
    1352:	0900                	.insn	2, 0x0900
    1354:	0000                	.insn	2, 0x
    1356:	0501                	.insn	2, 0x0501
    1358:	0301                	.insn	2, 0x0301
    135a:	0901                	.insn	2, 0x0901
    135c:	0004                	.insn	2, 0x0004
    135e:	0501                	.insn	2, 0x0501
    1360:	7e030603          	lb	a2,2016(t1)
    1364:	0409                	.insn	2, 0x0409
    1366:	0100                	.insn	2, 0x0100
    1368:	3105                	.insn	2, 0x3105
    136a:	0200                	.insn	2, 0x0200
    136c:	0104                	.insn	2, 0x0104
    136e:	00097f03          	.insn	4, 0x00097f03
    1372:	0100                	.insn	2, 0x0100
    1374:	1305                	.insn	2, 0x1305
    1376:	0200                	.insn	2, 0x0200
    1378:	0104                	.insn	2, 0x0104
    137a:	0306                	.insn	2, 0x0306
    137c:	0900                	.insn	2, 0x0900
    137e:	0000                	.insn	2, 0x
    1380:	0501                	.insn	2, 0x0501
    1382:	0031                	.insn	2, 0x0031
    1384:	0402                	.insn	2, 0x0402
    1386:	0301                	.insn	2, 0x0301
    1388:	0900                	.insn	2, 0x0900
    138a:	0004                	.insn	2, 0x0004
    138c:	0501                	.insn	2, 0x0501
    138e:	02030603          	lb	a2,32(t1)
    1392:	0409                	.insn	2, 0x0409
    1394:	0100                	.insn	2, 0x0100
    1396:	2105                	.insn	2, 0x2105
    1398:	0306                	.insn	2, 0x0306
    139a:	0900                	.insn	2, 0x0900
    139c:	0000                	.insn	2, 0x
    139e:	0501                	.insn	2, 0x0501
    13a0:	0605                	.insn	2, 0x0605
    13a2:	04090903          	lb	s2,64(s2)
    13a6:	0100                	.insn	2, 0x0100
    13a8:	0305                	.insn	2, 0x0305
    13aa:	00097503          	.insn	4, 0x00097503
    13ae:	0100                	.insn	2, 0x0100
    13b0:	00090103          	lb	sp,0(s2)
    13b4:	0100                	.insn	2, 0x0100
    13b6:	3105                	.insn	2, 0x3105
    13b8:	0200                	.insn	2, 0x0200
    13ba:	0104                	.insn	2, 0x0104
    13bc:	00097f03          	.insn	4, 0x00097f03
    13c0:	0100                	.insn	2, 0x0100
    13c2:	1305                	.insn	2, 0x1305
    13c4:	0200                	.insn	2, 0x0200
    13c6:	0104                	.insn	2, 0x0104
    13c8:	0306                	.insn	2, 0x0306
    13ca:	0900                	.insn	2, 0x0900
    13cc:	0000                	.insn	2, 0x
    13ce:	0501                	.insn	2, 0x0501
    13d0:	0031                	.insn	2, 0x0031
    13d2:	0402                	.insn	2, 0x0402
    13d4:	0301                	.insn	2, 0x0301
    13d6:	0900                	.insn	2, 0x0900
    13d8:	0004                	.insn	2, 0x0004
    13da:	0501                	.insn	2, 0x0501
    13dc:	02030603          	lb	a2,32(t1)
    13e0:	0409                	.insn	2, 0x0409
    13e2:	0100                	.insn	2, 0x0100
    13e4:	2105                	.insn	2, 0x2105
    13e6:	0306                	.insn	2, 0x0306
    13e8:	0900                	.insn	2, 0x0900
    13ea:	0000                	.insn	2, 0x
    13ec:	0501                	.insn	2, 0x0501
    13ee:	060d                	.insn	2, 0x060d
    13f0:	04090503          	lb	a0,64(s2)
    13f4:	0100                	.insn	2, 0x0100
    13f6:	0505                	.insn	2, 0x0505
    13f8:	09019e03          	lh	t3,144(gp)
    13fc:	0000                	.insn	2, 0x
    13fe:	0501                	.insn	2, 0x0501
    1400:	7ed50303          	lb	t1,2029(a0)
    1404:	0009                	.insn	2, 0x0009
    1406:	0100                	.insn	2, 0x0100
    1408:	0d05                	.insn	2, 0x0d05
    140a:	0306                	.insn	2, 0x0306
    140c:	0900                	.insn	2, 0x0900
    140e:	0000                	.insn	2, 0x
    1410:	0501                	.insn	2, 0x0501
    1412:	0310                	.insn	2, 0x0310
    1414:	00f5                	.insn	2, 0x00f5
    1416:	0809                	.insn	2, 0x0809
    1418:	0100                	.insn	2, 0x0100
    141a:	0d05                	.insn	2, 0x0d05
    141c:	097f8b03          	lb	s6,151(t6)
    1420:	0008                	.insn	2, 0x0008
    1422:	0501                	.insn	2, 0x0501
    1424:	01030603          	lb	a2,16(t1)
    1428:	0809                	.insn	2, 0x0809
    142a:	0100                	.insn	2, 0x0100
    142c:	2105                	.insn	2, 0x2105
    142e:	0306                	.insn	2, 0x0306
    1430:	0900                	.insn	2, 0x0900
    1432:	0000                	.insn	2, 0x
    1434:	0501                	.insn	2, 0x0501
    1436:	0605                	.insn	2, 0x0605
    1438:	0901ab03          	lw	s6,144(gp)
    143c:	0004                	.insn	2, 0x0004
    143e:	0501                	.insn	2, 0x0501
    1440:	09490303          	lb	t1,148(s2)
    1444:	0000                	.insn	2, 0x
    1446:	0501                	.insn	2, 0x0501
    1448:	09000313          	li	t1,144
    144c:	0000                	.insn	2, 0x
    144e:	0501                	.insn	2, 0x0501
    1450:	0305                	.insn	2, 0x0305
    1452:	0901                	.insn	2, 0x0901
    1454:	0000                	.insn	2, 0x
    1456:	0501                	.insn	2, 0x0501
    1458:	097f0313          	addi	t1,t5,151
    145c:	0004                	.insn	2, 0x0004
    145e:	0501                	.insn	2, 0x0501
    1460:	0610                	.insn	2, 0x0610
    1462:	00090003          	lb	zero,0(s2)
    1466:	0100                	.insn	2, 0x0100
    1468:	1305                	.insn	2, 0x1305
    146a:	08090003          	lb	zero,128(s2)
    146e:	0100                	.insn	2, 0x0100
    1470:	0705                	.insn	2, 0x0705
    1472:	0306                	.insn	2, 0x0306
    1474:	0976                	.insn	2, 0x0976
    1476:	0008                	.insn	2, 0x0008
    1478:	0501                	.insn	2, 0x0501
    147a:	060e                	.insn	2, 0x060e
    147c:	00090003          	lb	zero,0(s2)
    1480:	0100                	.insn	2, 0x0100
    1482:	0505                	.insn	2, 0x0505
    1484:	0306                	.insn	2, 0x0306
    1486:	0935                	.insn	2, 0x0935
    1488:	0010                	.insn	2, 0x0010
    148a:	0501                	.insn	2, 0x0501
    148c:	b303061b          	addiw	a2,t1,-1232
    1490:	097f 0010 0501 0321 	.insn	10, 0x097f032105010010097f
    1498:	097f 
    149a:	0004                	.insn	2, 0x0004
    149c:	0501                	.insn	2, 0x0501
    149e:	02030607          	.insn	4, 0x02030607
    14a2:	0409                	.insn	2, 0x0409
    14a4:	0100                	.insn	2, 0x0100
    14a6:	0e05                	.insn	2, 0x0e05
    14a8:	0306                	.insn	2, 0x0306
    14aa:	0900                	.insn	2, 0x0900
    14ac:	0000                	.insn	2, 0x
    14ae:	0501                	.insn	2, 0x0501
    14b0:	0605                	.insn	2, 0x0605
    14b2:	0900c603          	lbu	a2,144(ra)
    14b6:	000c                	.insn	2, 0x000c
    14b8:	0501                	.insn	2, 0x0501
    14ba:	060c                	.insn	2, 0x060c
    14bc:	00090003          	lb	zero,0(s2)
    14c0:	0100                	.insn	2, 0x0100
    14c2:	1b05                	.insn	2, 0x1b05
    14c4:	097fb903          	ld	s2,151(t6)
    14c8:	0008                	.insn	2, 0x0008
    14ca:	0501                	.insn	2, 0x0501
    14cc:	0321                	.insn	2, 0x0321
    14ce:	097f 0004 0501 031b 	.insn	10, 0x0901031b05010004097f
    14d6:	0901 
    14d8:	0008                	.insn	2, 0x0008
    14da:	0501                	.insn	2, 0x0501
    14dc:	0321                	.insn	2, 0x0321
    14de:	097f 0004 0901 0008 	.insn	10, 0x0100000809010004097f
    14e6:	0100 
    14e8:	7301                	.insn	2, 0x7301
    14ea:	0005                	.insn	2, 0x0005
    14ec:	0500                	.insn	2, 0x0500
    14ee:	0800                	.insn	2, 0x0800
    14f0:	4e00                	.insn	2, 0x4e00
    14f2:	0000                	.insn	2, 0x
    14f4:	0100                	.insn	2, 0x0100
    14f6:	0101                	.insn	2, 0x0101
    14f8:	000d0efb          	.insn	4, 0x000d0efb
    14fc:	0101                	.insn	2, 0x0101
    14fe:	0101                	.insn	2, 0x0101
    1500:	0000                	.insn	2, 0x
    1502:	0100                	.insn	2, 0x0100
    1504:	0000                	.insn	2, 0x
    1506:	0101                	.insn	2, 0x0101
    1508:	1f01                	.insn	2, 0x1f01
    150a:	0005                	.insn	2, 0x0005
    150c:	0000                	.insn	2, 0x
    150e:	3c00                	.insn	2, 0x3c00
    1510:	0001                	.insn	2, 0x0001
    1512:	7100                	.insn	2, 0x7100
    1514:	0001                	.insn	2, 0x0001
    1516:	5200                	.insn	2, 0x5200
    1518:	0000                	.insn	2, 0x
    151a:	9c00                	.insn	2, 0x9c00
    151c:	0000                	.insn	2, 0x
    151e:	0200                	.insn	2, 0x0200
    1520:	1f01                	.insn	2, 0x1f01
    1522:	0f02                	.insn	2, 0x0f02
    1524:	3206                	.insn	2, 0x3206
    1526:	0001                	.insn	2, 0x0001
    1528:	0100                	.insn	2, 0x0100
    152a:	0132                	.insn	2, 0x0132
    152c:	0000                	.insn	2, 0x
    152e:	c201                	.insn	2, 0xc201
    1530:	0001                	.insn	2, 0x0001
    1532:	0100                	.insn	2, 0x0100
    1534:	01cc                	.insn	2, 0x01cc
    1536:	0000                	.insn	2, 0x
    1538:	e202                	.insn	2, 0xe202
    153a:	0000                	.insn	2, 0x
    153c:	0300                	.insn	2, 0x0300
    153e:	000000f3          	.insn	4, 0x00f3
    1542:	0504                	.insn	2, 0x0504
    1544:	0001                	.insn	2, 0x0001
    1546:	0209                	.insn	2, 0x0209
    1548:	074c                	.insn	2, 0x074c
    154a:	0001                	.insn	2, 0x0001
    154c:	0000                	.insn	2, 0x
    154e:	0000                	.insn	2, 0x
    1550:	05010f03          	lb	t5,80(sp)
    1554:	0302                	.insn	2, 0x0302
    1556:	0901                	.insn	2, 0x0901
    1558:	0000                	.insn	2, 0x
    155a:	0301                	.insn	2, 0x0301
    155c:	0979                	.insn	2, 0x0979
    155e:	0000                	.insn	2, 0x
    1560:	0301                	.insn	2, 0x0301
    1562:	0901                	.insn	2, 0x0901
    1564:	0000                	.insn	2, 0x
    1566:	0501                	.insn	2, 0x0501
    1568:	0012                	.insn	2, 0x0012
    156a:	0402                	.insn	2, 0x0402
    156c:	0301                	.insn	2, 0x0301
    156e:	0900                	.insn	2, 0x0900
    1570:	0000                	.insn	2, 0x
    1572:	0501                	.insn	2, 0x0501
    1574:	000c                	.insn	2, 0x000c
    1576:	0402                	.insn	2, 0x0402
    1578:	0601                	.insn	2, 0x0601
    157a:	00090003          	lb	zero,0(s2)
    157e:	0100                	.insn	2, 0x0100
    1580:	1205                	.insn	2, 0x1205
    1582:	0200                	.insn	2, 0x0200
    1584:	0104                	.insn	2, 0x0104
    1586:	04090003          	lb	zero,64(s2)
    158a:	0100                	.insn	2, 0x0100
    158c:	0204                	.insn	2, 0x0204
    158e:	0305                	.insn	2, 0x0305
    1590:	04091003          	lh	zero,64(s2)
    1594:	0100                	.insn	2, 0x0100
    1596:	0205                	.insn	2, 0x0205
    1598:	0306                	.insn	2, 0x0306
    159a:	097e                	.insn	2, 0x097e
    159c:	0004                	.insn	2, 0x0004
    159e:	0301                	.insn	2, 0x0301
    15a0:	0901                	.insn	2, 0x0901
    15a2:	0000                	.insn	2, 0x
    15a4:	0501                	.insn	2, 0x0501
    15a6:	09010303          	lb	t1,144(sp)
    15aa:	0000                	.insn	2, 0x
    15ac:	0501                	.insn	2, 0x0501
    15ae:	000d                	.insn	2, 0x000d
    15b0:	0402                	.insn	2, 0x0402
    15b2:	0301                	.insn	2, 0x0301
    15b4:	0904                	.insn	2, 0x0904
    15b6:	0004                	.insn	2, 0x0004
    15b8:	0401                	.insn	2, 0x0401
    15ba:	0501                	.insn	2, 0x0501
    15bc:	001c                	.insn	2, 0x001c
    15be:	0402                	.insn	2, 0x0402
    15c0:	0302                	.insn	2, 0x0302
    15c2:	096c                	.insn	2, 0x096c
    15c4:	0008                	.insn	2, 0x0008
    15c6:	0501                	.insn	2, 0x0501
    15c8:	000c                	.insn	2, 0x000c
    15ca:	0402                	.insn	2, 0x0402
    15cc:	0601                	.insn	2, 0x0601
    15ce:	00090003          	lb	zero,0(s2)
    15d2:	0100                	.insn	2, 0x0100
    15d4:	1c05                	.insn	2, 0x1c05
    15d6:	0200                	.insn	2, 0x0200
    15d8:	0204                	.insn	2, 0x0204
    15da:	04090003          	lb	zero,64(s2)
    15de:	0100                	.insn	2, 0x0100
    15e0:	1205                	.insn	2, 0x1205
    15e2:	0200                	.insn	2, 0x0200
    15e4:	0104                	.insn	2, 0x0104
    15e6:	0306                	.insn	2, 0x0306
    15e8:	0900                	.insn	2, 0x0900
    15ea:	0004                	.insn	2, 0x0004
    15ec:	0401                	.insn	2, 0x0401
    15ee:	0502                	.insn	2, 0x0502
    15f0:	10030603          	lb	a2,256(t1)
    15f4:	0409                	.insn	2, 0x0409
    15f6:	0100                	.insn	2, 0x0100
    15f8:	0205                	.insn	2, 0x0205
    15fa:	0306                	.insn	2, 0x0306
    15fc:	097e                	.insn	2, 0x097e
    15fe:	0008                	.insn	2, 0x0008
    1600:	0301                	.insn	2, 0x0301
    1602:	0901                	.insn	2, 0x0901
    1604:	0000                	.insn	2, 0x
    1606:	0501                	.insn	2, 0x0501
    1608:	09010303          	lb	t1,144(sp)
    160c:	0000                	.insn	2, 0x
    160e:	0501                	.insn	2, 0x0501
    1610:	000d                	.insn	2, 0x000d
    1612:	0402                	.insn	2, 0x0402
    1614:	0301                	.insn	2, 0x0301
    1616:	0904                	.insn	2, 0x0904
    1618:	0004                	.insn	2, 0x0004
    161a:	0501                	.insn	2, 0x0501
    161c:	7c030603          	lb	a2,1984(t1)
    1620:	0809                	.insn	2, 0x0809
    1622:	0100                	.insn	2, 0x0100
    1624:	0205                	.insn	2, 0x0205
    1626:	0306                	.insn	2, 0x0306
    1628:	097e                	.insn	2, 0x097e
    162a:	0008                	.insn	2, 0x0008
    162c:	0301                	.insn	2, 0x0301
    162e:	0901                	.insn	2, 0x0901
    1630:	0000                	.insn	2, 0x
    1632:	0501                	.insn	2, 0x0501
    1634:	09010303          	lb	t1,144(sp)
    1638:	0000                	.insn	2, 0x
    163a:	0501                	.insn	2, 0x0501
    163c:	000d                	.insn	2, 0x000d
    163e:	0402                	.insn	2, 0x0402
    1640:	0301                	.insn	2, 0x0301
    1642:	0904                	.insn	2, 0x0904
    1644:	0004                	.insn	2, 0x0004
    1646:	0401                	.insn	2, 0x0401
    1648:	0501                	.insn	2, 0x0501
    164a:	0601                	.insn	2, 0x0601
    164c:	08097503          	.insn	4, 0x08097503
    1650:	0100                	.insn	2, 0x0100
    1652:	0306                	.insn	2, 0x0306
    1654:	00040903          	lb	s2,0(s0)
    1658:	0501                	.insn	2, 0x0501
    165a:	0302                	.insn	2, 0x0302
    165c:	0901                	.insn	2, 0x0901
    165e:	0000                	.insn	2, 0x
    1660:	0301                	.insn	2, 0x0301
    1662:	0901                	.insn	2, 0x0901
    1664:	0000                	.insn	2, 0x
    1666:	0301                	.insn	2, 0x0301
    1668:	0901                	.insn	2, 0x0901
    166a:	0000                	.insn	2, 0x
    166c:	0301                	.insn	2, 0x0301
    166e:	0902                	.insn	2, 0x0902
    1670:	0000                	.insn	2, 0x
    1672:	0501                	.insn	2, 0x0501
    1674:	0601                	.insn	2, 0x0601
    1676:	00097b03          	.insn	4, 0x00097b03
    167a:	0100                	.insn	2, 0x0100
    167c:	0c05                	.insn	2, 0x0c05
    167e:	04090903          	lb	s2,64(s2)
    1682:	0100                	.insn	2, 0x0100
    1684:	0205                	.insn	2, 0x0205
    1686:	04097c03          	.insn	4, 0x04097c03
    168a:	0100                	.insn	2, 0x0100
    168c:	0105                	.insn	2, 0x0105
    168e:	04097b03          	.insn	4, 0x04097b03
    1692:	0100                	.insn	2, 0x0100
    1694:	0205                	.insn	2, 0x0205
    1696:	1c090503          	lb	a0,448(s2)
    169a:	0100                	.insn	2, 0x0100
    169c:	0306                	.insn	2, 0x0306
    169e:	0901                	.insn	2, 0x0901
    16a0:	0004                	.insn	2, 0x0004
    16a2:	0301                	.insn	2, 0x0301
    16a4:	0901                	.insn	2, 0x0901
    16a6:	0000                	.insn	2, 0x
    16a8:	0301                	.insn	2, 0x0301
    16aa:	0901                	.insn	2, 0x0901
    16ac:	0000                	.insn	2, 0x
    16ae:	0301                	.insn	2, 0x0301
    16b0:	0901                	.insn	2, 0x0901
    16b2:	0000                	.insn	2, 0x
    16b4:	0501                	.insn	2, 0x0501
    16b6:	0316                	.insn	2, 0x0316
    16b8:	0900                	.insn	2, 0x0900
    16ba:	0000                	.insn	2, 0x
    16bc:	0501                	.insn	2, 0x0501
    16be:	060d                	.insn	2, 0x060d
    16c0:	08092403          	lw	s0,128(s2)
    16c4:	0100                	.insn	2, 0x0100
    16c6:	0405                	.insn	2, 0x0405
    16c8:	04095e03          	lhu	t3,64(s2)
    16cc:	0100                	.insn	2, 0x0100
    16ce:	0204                	.insn	2, 0x0204
    16d0:	0305                	.insn	2, 0x0305
    16d2:	0c097903          	.insn	4, 0x0c097903
    16d6:	0100                	.insn	2, 0x0100
    16d8:	0104                	.insn	2, 0x0104
    16da:	0a05                	.insn	2, 0x0a05
    16dc:	0306                	.insn	2, 0x0306
    16de:	0929                	.insn	2, 0x0929
    16e0:	0004                	.insn	2, 0x0004
    16e2:	0501                	.insn	2, 0x0501
    16e4:	060d                	.insn	2, 0x060d
    16e6:	00090003          	lb	zero,0(s2)
    16ea:	0100                	.insn	2, 0x0100
    16ec:	1605                	.insn	2, 0x1605
    16ee:	0306                	.insn	2, 0x0306
    16f0:	095c                	.insn	2, 0x095c
    16f2:	0004                	.insn	2, 0x0004
    16f4:	0501                	.insn	2, 0x0501
    16f6:	060c                	.insn	2, 0x060c
    16f8:	00090003          	lb	zero,0(s2)
    16fc:	0100                	.insn	2, 0x0100
    16fe:	1205                	.insn	2, 0x1205
    1700:	04090003          	lb	zero,64(s2)
    1704:	0100                	.insn	2, 0x0100
    1706:	1605                	.insn	2, 0x1605
    1708:	04090003          	lb	zero,64(s2)
    170c:	0100                	.insn	2, 0x0100
    170e:	0405                	.insn	2, 0x0405
    1710:	0306                	.insn	2, 0x0306
    1712:	0902                	.insn	2, 0x0902
    1714:	000c                	.insn	2, 0x000c
    1716:	0401                	.insn	2, 0x0401
    1718:	0502                	.insn	2, 0x0502
    171a:	0302                	.insn	2, 0x0302
    171c:	00200977          	.insn	4, 0x00200977
    1720:	0301                	.insn	2, 0x0301
    1722:	0901                	.insn	2, 0x0901
    1724:	0000                	.insn	2, 0x
    1726:	0501                	.insn	2, 0x0501
    1728:	09010303          	lb	t1,144(sp)
    172c:	0000                	.insn	2, 0x
    172e:	0501                	.insn	2, 0x0501
    1730:	000d                	.insn	2, 0x000d
    1732:	0402                	.insn	2, 0x0402
    1734:	0301                	.insn	2, 0x0301
    1736:	0904                	.insn	2, 0x0904
    1738:	0004                	.insn	2, 0x0004
    173a:	0401                	.insn	2, 0x0401
    173c:	0501                	.insn	2, 0x0501
    173e:	0316                	.insn	2, 0x0316
    1740:	0901                	.insn	2, 0x0901
    1742:	0008                	.insn	2, 0x0008
    1744:	0501                	.insn	2, 0x0501
    1746:	060c                	.insn	2, 0x060c
    1748:	00090003          	lb	zero,0(s2)
    174c:	0100                	.insn	2, 0x0100
    174e:	1205                	.insn	2, 0x1205
    1750:	04090003          	lb	zero,64(s2)
    1754:	0100                	.insn	2, 0x0100
    1756:	1605                	.insn	2, 0x1605
    1758:	04090003          	lb	zero,64(s2)
    175c:	0100                	.insn	2, 0x0100
    175e:	0105                	.insn	2, 0x0105
    1760:	04092b03          	lw	s6,64(s2)
    1764:	0100                	.insn	2, 0x0100
    1766:	0505                	.insn	2, 0x0505
    1768:	0306                	.insn	2, 0x0306
    176a:	095f 0008 0301      	.insn	6, 0x03010008095f
    1770:	0901                	.insn	2, 0x0901
    1772:	0000                	.insn	2, 0x
    1774:	0301                	.insn	2, 0x0301
    1776:	0901                	.insn	2, 0x0901
    1778:	0000                	.insn	2, 0x
    177a:	0501                	.insn	2, 0x0501
    177c:	0608                	.insn	2, 0x0608
    177e:	00090103          	lb	sp,0(s2)
    1782:	0100                	.insn	2, 0x0100
    1784:	0c097f03          	.insn	4, 0x0c097f03
    1788:	0100                	.insn	2, 0x0100
    178a:	0605                	.insn	2, 0x0605
    178c:	0306                	.insn	2, 0x0306
    178e:	0901                	.insn	2, 0x0901
    1790:	0004                	.insn	2, 0x0004
    1792:	0501                	.insn	2, 0x0501
    1794:	0608                	.insn	2, 0x0608
    1796:	00090003          	lb	zero,0(s2)
    179a:	0100                	.insn	2, 0x0100
    179c:	0605                	.insn	2, 0x0605
    179e:	0306                	.insn	2, 0x0306
    17a0:	0901                	.insn	2, 0x0901
    17a2:	0004                	.insn	2, 0x0004
    17a4:	0501                	.insn	2, 0x0501
    17a6:	0608                	.insn	2, 0x0608
    17a8:	00090003          	lb	zero,0(s2)
    17ac:	0100                	.insn	2, 0x0100
    17ae:	0e05                	.insn	2, 0x0e05
    17b0:	0200                	.insn	2, 0x0200
    17b2:	0104                	.insn	2, 0x0104
    17b4:	0306                	.insn	2, 0x0306
    17b6:	0905                	.insn	2, 0x0905
    17b8:	0004                	.insn	2, 0x0004
    17ba:	0501                	.insn	2, 0x0501
    17bc:	0606                	.insn	2, 0x0606
    17be:	00090303          	lb	t1,0(s2)
    17c2:	0100                	.insn	2, 0x0100
    17c4:	0204                	.insn	2, 0x0204
    17c6:	0305                	.insn	2, 0x0305
    17c8:	04096503          	lwu	a0,64(s2)
    17cc:	0100                	.insn	2, 0x0100
    17ce:	0104                	.insn	2, 0x0104
    17d0:	0e05                	.insn	2, 0x0e05
    17d2:	0200                	.insn	2, 0x0200
    17d4:	0104                	.insn	2, 0x0104
    17d6:	04091803          	lh	a6,64(s2)
    17da:	0100                	.insn	2, 0x0100
    17dc:	0605                	.insn	2, 0x0605
    17de:	0306                	.insn	2, 0x0306
    17e0:	0901                	.insn	2, 0x0901
    17e2:	0004                	.insn	2, 0x0004
    17e4:	0301                	.insn	2, 0x0301
    17e6:	0901                	.insn	2, 0x0901
    17e8:	0000                	.insn	2, 0x
    17ea:	0501                	.insn	2, 0x0501
    17ec:	060d                	.insn	2, 0x060d
    17ee:	00090003          	lb	zero,0(s2)
    17f2:	0100                	.insn	2, 0x0100
    17f4:	1905                	.insn	2, 0x1905
    17f6:	0200                	.insn	2, 0x0200
    17f8:	0104                	.insn	2, 0x0104
    17fa:	04090103          	lb	sp,64(s2)
    17fe:	0100                	.insn	2, 0x0100
    1800:	0605                	.insn	2, 0x0605
    1802:	0306                	.insn	2, 0x0306
    1804:	0900                	.insn	2, 0x0900
    1806:	0004                	.insn	2, 0x0004
    1808:	0001                	.insn	2, 0x0001
    180a:	0402                	.insn	2, 0x0402
    180c:	0602                	.insn	2, 0x0602
    180e:	00090003          	lb	zero,0(s2)
    1812:	0100                	.insn	2, 0x0100
    1814:	04090003          	lb	zero,64(s2)
    1818:	0100                	.insn	2, 0x0100
    181a:	0200                	.insn	2, 0x0200
    181c:	0104                	.insn	2, 0x0104
    181e:	04090003          	lb	zero,64(s2)
    1822:	0100                	.insn	2, 0x0100
    1824:	0204                	.insn	2, 0x0204
    1826:	0205                	.insn	2, 0x0205
    1828:	0306                	.insn	2, 0x0306
    182a:	00040963          	beqz	s0,183c <_hang-0xe7c4>
    182e:	0301                	.insn	2, 0x0301
    1830:	0901                	.insn	2, 0x0901
    1832:	0000                	.insn	2, 0x
    1834:	0501                	.insn	2, 0x0501
    1836:	09010303          	lb	t1,144(sp)
    183a:	0000                	.insn	2, 0x
    183c:	0501                	.insn	2, 0x0501
    183e:	000d                	.insn	2, 0x000d
    1840:	0402                	.insn	2, 0x0402
    1842:	0301                	.insn	2, 0x0301
    1844:	0904                	.insn	2, 0x0904
    1846:	0004                	.insn	2, 0x0004
    1848:	0401                	.insn	2, 0x0401
    184a:	0501                	.insn	2, 0x0501
    184c:	0316                	.insn	2, 0x0316
    184e:	0914                	.insn	2, 0x0914
    1850:	0008                	.insn	2, 0x0008
    1852:	0501                	.insn	2, 0x0501
    1854:	000e                	.insn	2, 0x000e
    1856:	0402                	.insn	2, 0x0402
    1858:	0301                	.insn	2, 0x0301
    185a:	0900                	.insn	2, 0x0900
    185c:	0004                	.insn	2, 0x0004
    185e:	0501                	.insn	2, 0x0501
    1860:	0316                	.insn	2, 0x0316
    1862:	096d                	.insn	2, 0x096d
    1864:	0004                	.insn	2, 0x0004
    1866:	0501                	.insn	2, 0x0501
    1868:	060c                	.insn	2, 0x060c
    186a:	00090003          	lb	zero,0(s2)
    186e:	0100                	.insn	2, 0x0100
    1870:	1205                	.insn	2, 0x1205
    1872:	04090003          	lb	zero,64(s2)
    1876:	0100                	.insn	2, 0x0100
    1878:	1605                	.insn	2, 0x1605
    187a:	04090003          	lb	zero,64(s2)
    187e:	0100                	.insn	2, 0x0100
    1880:	0105                	.insn	2, 0x0105
    1882:	04092b03          	lw	s6,64(s2)
    1886:	0100                	.insn	2, 0x0100
    1888:	0505                	.insn	2, 0x0505
    188a:	0306                	.insn	2, 0x0306
    188c:	00080973          	.insn	4, 0x00080973
    1890:	0501                	.insn	2, 0x0501
    1892:	0003060b          	.insn	4, 0x0003060b
    1896:	0009                	.insn	2, 0x0009
    1898:	0100                	.insn	2, 0x0100
    189a:	0204                	.insn	2, 0x0204
    189c:	0305                	.insn	2, 0x0305
    189e:	04095d03          	lhu	s10,64(s2)
    18a2:	0100                	.insn	2, 0x0100
    18a4:	0104                	.insn	2, 0x0104
    18a6:	0505                	.insn	2, 0x0505
    18a8:	0200                	.insn	2, 0x0200
    18aa:	0104                	.insn	2, 0x0104
    18ac:	04092303          	lw	t1,64(s2)
    18b0:	0100                	.insn	2, 0x0100
    18b2:	0204                	.insn	2, 0x0204
    18b4:	0205                	.insn	2, 0x0205
    18b6:	0306                	.insn	2, 0x0306
    18b8:	0959                	.insn	2, 0x0959
    18ba:	0004                	.insn	2, 0x0004
    18bc:	0401                	.insn	2, 0x0401
    18be:	0501                	.insn	2, 0x0501
    18c0:	2703060b          	.insn	4, 0x2703060b
    18c4:	0009                	.insn	2, 0x0009
    18c6:	0100                	.insn	2, 0x0100
    18c8:	0204                	.insn	2, 0x0204
    18ca:	0205                	.insn	2, 0x0205
    18cc:	0306                	.insn	2, 0x0306
    18ce:	0008095b          	.insn	4, 0x0008095b
    18d2:	0301                	.insn	2, 0x0301
    18d4:	0901                	.insn	2, 0x0901
    18d6:	0000                	.insn	2, 0x
    18d8:	0501                	.insn	2, 0x0501
    18da:	09010303          	lb	t1,144(sp)
    18de:	0000                	.insn	2, 0x
    18e0:	0501                	.insn	2, 0x0501
    18e2:	000d                	.insn	2, 0x000d
    18e4:	0402                	.insn	2, 0x0402
    18e6:	0301                	.insn	2, 0x0301
    18e8:	0904                	.insn	2, 0x0904
    18ea:	0004                	.insn	2, 0x0004
    18ec:	0401                	.insn	2, 0x0401
    18ee:	0501                	.insn	2, 0x0501
    18f0:	0316                	.insn	2, 0x0316
    18f2:	0901                	.insn	2, 0x0901
    18f4:	0008                	.insn	2, 0x0008
    18f6:	0501                	.insn	2, 0x0501
    18f8:	060c                	.insn	2, 0x060c
    18fa:	00090003          	lb	zero,0(s2)
    18fe:	0100                	.insn	2, 0x0100
    1900:	1205                	.insn	2, 0x1205
    1902:	04090003          	lb	zero,64(s2)
    1906:	0100                	.insn	2, 0x0100
    1908:	1605                	.insn	2, 0x1605
    190a:	04090003          	lb	zero,64(s2)
    190e:	0100                	.insn	2, 0x0100
    1910:	0505                	.insn	2, 0x0505
    1912:	0306                	.insn	2, 0x0306
    1914:	0008091b          	sext.w	s2,a6
    1918:	0501                	.insn	2, 0x0501
    191a:	0302                	.insn	2, 0x0302
    191c:	0008094f          	.insn	4, 0x0008094f
    1920:	0301                	.insn	2, 0x0301
    1922:	0901                	.insn	2, 0x0901
    1924:	0000                	.insn	2, 0x
    1926:	0501                	.insn	2, 0x0501
    1928:	0012                	.insn	2, 0x0012
    192a:	0402                	.insn	2, 0x0402
    192c:	0301                	.insn	2, 0x0301
    192e:	0900                	.insn	2, 0x0900
    1930:	0000                	.insn	2, 0x
    1932:	0501                	.insn	2, 0x0501
    1934:	0605                	.insn	2, 0x0605
    1936:	00093003          	ld	zero,0(s2)
    193a:	0100                	.insn	2, 0x0100
    193c:	0c05                	.insn	2, 0x0c05
    193e:	0200                	.insn	2, 0x0200
    1940:	0104                	.insn	2, 0x0104
    1942:	08095003          	lhu	zero,128(s2)
    1946:	0100                	.insn	2, 0x0100
    1948:	1205                	.insn	2, 0x1205
    194a:	0200                	.insn	2, 0x0200
    194c:	0104                	.insn	2, 0x0104
    194e:	04090003          	lb	zero,64(s2)
    1952:	0100                	.insn	2, 0x0100
    1954:	0204                	.insn	2, 0x0204
    1956:	0305                	.insn	2, 0x0305
    1958:	04091003          	lh	zero,64(s2)
    195c:	0100                	.insn	2, 0x0100
    195e:	0205                	.insn	2, 0x0205
    1960:	0306                	.insn	2, 0x0306
    1962:	097e                	.insn	2, 0x097e
    1964:	0004                	.insn	2, 0x0004
    1966:	0301                	.insn	2, 0x0301
    1968:	0901                	.insn	2, 0x0901
    196a:	0000                	.insn	2, 0x
    196c:	0501                	.insn	2, 0x0501
    196e:	09010303          	lb	t1,144(sp)
    1972:	0000                	.insn	2, 0x
    1974:	0501                	.insn	2, 0x0501
    1976:	000d                	.insn	2, 0x000d
    1978:	0402                	.insn	2, 0x0402
    197a:	0301                	.insn	2, 0x0301
    197c:	0904                	.insn	2, 0x0904
    197e:	0004                	.insn	2, 0x0004
    1980:	0401                	.insn	2, 0x0401
    1982:	0501                	.insn	2, 0x0501
    1984:	001c                	.insn	2, 0x001c
    1986:	0402                	.insn	2, 0x0402
    1988:	0302                	.insn	2, 0x0302
    198a:	096c                	.insn	2, 0x096c
    198c:	0008                	.insn	2, 0x0008
    198e:	0501                	.insn	2, 0x0501
    1990:	000c                	.insn	2, 0x000c
    1992:	0402                	.insn	2, 0x0402
    1994:	0601                	.insn	2, 0x0601
    1996:	00090003          	lb	zero,0(s2)
    199a:	0100                	.insn	2, 0x0100
    199c:	1c05                	.insn	2, 0x1c05
    199e:	0200                	.insn	2, 0x0200
    19a0:	0204                	.insn	2, 0x0204
    19a2:	04090003          	lb	zero,64(s2)
    19a6:	0100                	.insn	2, 0x0100
    19a8:	1205                	.insn	2, 0x1205
    19aa:	0200                	.insn	2, 0x0200
    19ac:	0104                	.insn	2, 0x0104
    19ae:	0306                	.insn	2, 0x0306
    19b0:	0900                	.insn	2, 0x0900
    19b2:	0004                	.insn	2, 0x0004
    19b4:	0501                	.insn	2, 0x0501
    19b6:	0316                	.insn	2, 0x0316
    19b8:	0915                	.insn	2, 0x0915
    19ba:	0004                	.insn	2, 0x0004
    19bc:	0501                	.insn	2, 0x0501
    19be:	060c                	.insn	2, 0x060c
    19c0:	00090003          	lb	zero,0(s2)
    19c4:	0100                	.insn	2, 0x0100
    19c6:	1205                	.insn	2, 0x1205
    19c8:	04090003          	lb	zero,64(s2)
    19cc:	0100                	.insn	2, 0x0100
    19ce:	1605                	.insn	2, 0x1605
    19d0:	04090003          	lb	zero,64(s2)
    19d4:	0100                	.insn	2, 0x0100
    19d6:	0306                	.insn	2, 0x0306
    19d8:	0900                	.insn	2, 0x0900
    19da:	0008                	.insn	2, 0x0008
    19dc:	0501                	.insn	2, 0x0501
    19de:	060c                	.insn	2, 0x060c
    19e0:	00090003          	lb	zero,0(s2)
    19e4:	0100                	.insn	2, 0x0100
    19e6:	1205                	.insn	2, 0x1205
    19e8:	04090003          	lb	zero,64(s2)
    19ec:	0100                	.insn	2, 0x0100
    19ee:	1605                	.insn	2, 0x1605
    19f0:	04090003          	lb	zero,64(s2)
    19f4:	0100                	.insn	2, 0x0100
    19f6:	0d05                	.insn	2, 0x0d05
    19f8:	04090403          	lb	s0,64(s2)
    19fc:	0100                	.insn	2, 0x0100
    19fe:	0605                	.insn	2, 0x0605
    1a00:	0306                	.insn	2, 0x0306
    1a02:	090c                	.insn	2, 0x090c
    1a04:	0008                	.insn	2, 0x0008
    1a06:	0501                	.insn	2, 0x0501
    1a08:	0008                	.insn	2, 0x0008
    1a0a:	0402                	.insn	2, 0x0402
    1a0c:	0601                	.insn	2, 0x0601
    1a0e:	00090003          	lb	zero,0(s2)
    1a12:	0100                	.insn	2, 0x0100
    1a14:	0605                	.insn	2, 0x0605
    1a16:	0306                	.insn	2, 0x0306
    1a18:	0901                	.insn	2, 0x0901
    1a1a:	0004                	.insn	2, 0x0004
    1a1c:	0501                	.insn	2, 0x0501
    1a1e:	0016                	.insn	2, 0x0016
    1a20:	0402                	.insn	2, 0x0402
    1a22:	0601                	.insn	2, 0x0601
    1a24:	00090003          	lb	zero,0(s2)
    1a28:	0100                	.insn	2, 0x0100
    1a2a:	04090003          	lb	zero,64(s2)
    1a2e:	0100                	.insn	2, 0x0100
    1a30:	0200                	.insn	2, 0x0200
    1a32:	0204                	.insn	2, 0x0204
    1a34:	04090003          	lb	zero,64(s2)
    1a38:	0100                	.insn	2, 0x0100
    1a3a:	0306                	.insn	2, 0x0306
    1a3c:	0008096f          	jal	s2,81a3c <dtb+0x70ed4>
    1a40:	0501                	.insn	2, 0x0501
    1a42:	060c                	.insn	2, 0x060c
    1a44:	00090003          	lb	zero,0(s2)
    1a48:	0100                	.insn	2, 0x0100
    1a4a:	1205                	.insn	2, 0x1205
    1a4c:	04090003          	lb	zero,64(s2)
    1a50:	0100                	.insn	2, 0x0100
    1a52:	1605                	.insn	2, 0x1605
    1a54:	04090003          	lb	zero,64(s2)
    1a58:	0100                	.insn	2, 0x0100
    1a5a:	0c09                	.insn	2, 0x0c09
    1a5c:	0000                	.insn	2, 0x
    1a5e:	0101                	.insn	2, 0x0101

Disassembly of section .debug_line_str:

0000000000000000 <.debug_line_str>:
   0:	6f6f722f          	.insn	4, 0x6f6f722f
   4:	2f74                	.insn	2, 0x2f74
   6:	70696863          	bltu	s2,t1,716 <_hang-0xf8ea>
   a:	6179                	.insn	2, 0x6179
   c:	6472                	.insn	2, 0x6472
   e:	6770662f          	.insn	4, 0x6770662f
  12:	2f61                	.insn	2, 0x2f61
  14:	2f637273          	csrrci	tp,0x2f6,6
  18:	616d                	.insn	2, 0x616d
  1a:	6e69                	.insn	2, 0x6e69
  1c:	7365722f          	.insn	4, 0x7365722f
  20:	6372756f          	jal	a0,27e56 <dtb+0x172ee>
  24:	7365                	.insn	2, 0x7365
  26:	75637a2f          	.insn	4, 0x75637a2f
  2a:	3031                	.insn	2, 0x3031
  2c:	2f34                	.insn	2, 0x2f34
  2e:	6f626473          	csrrsi	s0,0x6f6,4
  32:	6c2d746f          	jal	s0,d76f4 <dtb+0xc6b8c>
  36:	6e69                	.insn	2, 0x6e69
  38:	7875                	.insn	2, 0x7875
  3a:	6800                	.insn	2, 0x6800
  3c:	6165                	.insn	2, 0x6165
  3e:	2e64                	.insn	2, 0x2e64
  40:	696c0053          	.insn	4, 0x696c0053
  44:	756e                	.insn	2, 0x756e
  46:	5f78                	.insn	2, 0x5f78
  48:	6168                	.insn	2, 0x6168
  4a:	646e                	.insn	2, 0x646e
  4c:	2e66666f          	jal	a2,66332 <dtb+0x557ca>
  50:	722f0063          	beq	t5,sp,770 <_hang-0xf890>
  54:	2f746f6f          	jal	t5,46b4a <dtb+0x35fe2>
  58:	70696863          	bltu	s2,t1,768 <_hang-0xf898>
  5c:	6179                	.insn	2, 0x6179
  5e:	6472                	.insn	2, 0x6472
  60:	636f2e2f          	amoand.w.rl	t3,s6,(t5)
  64:	616c                	.insn	2, 0x616c
  66:	6e652d77          	.insn	4, 0x6e652d77
  6a:	2f76                	.insn	2, 0x2f76
  6c:	6972                	.insn	2, 0x6972
  6e:	2d766373          	csrrsi	t1,0x2d7,12
  72:	6f74                	.insn	2, 0x6f74
  74:	2f736c6f          	jal	s8,36b6a <dtb+0x26002>
  78:	6972                	.insn	2, 0x6972
  7a:	36766373          	csrrsi	t1,0x367,12
  7e:	2d34                	.insn	2, 0x2d34
  80:	6e75                	.insn	2, 0x6e75
  82:	776f6e6b          	.insn	4, 0x776f6e6b
  86:	2d6e                	.insn	2, 0x2d6e
  88:	6c65                	.insn	2, 0x6c65
  8a:	2f66                	.insn	2, 0x2f66
  8c:	6e69                	.insn	2, 0x6e69
  8e:	64756c63          	bltu	a0,t2,6e6 <_hang-0xf91a>
  92:	2f65                	.insn	2, 0x2f65
  94:	616d                	.insn	2, 0x616d
  96:	6e696863          	bltu	s2,t1,786 <_hang-0xf87a>
  9a:	0065                	.insn	2, 0x0065
  9c:	6f6f722f          	.insn	4, 0x6f6f722f
  a0:	2f74                	.insn	2, 0x2f74
  a2:	70696863          	bltu	s2,t1,7b2 <_hang-0xf84e>
  a6:	6179                	.insn	2, 0x6179
  a8:	6472                	.insn	2, 0x6472
  aa:	636f2e2f          	amoand.w.rl	t3,s6,(t5)
  ae:	616c                	.insn	2, 0x616c
  b0:	6e652d77          	.insn	4, 0x6e652d77
  b4:	2f76                	.insn	2, 0x2f76
  b6:	6972                	.insn	2, 0x6972
  b8:	2d766373          	csrrsi	t1,0x2d7,12
  bc:	6f74                	.insn	2, 0x6f74
  be:	2f736c6f          	jal	s8,36bb4 <dtb+0x2604c>
  c2:	6972                	.insn	2, 0x6972
  c4:	36766373          	csrrsi	t1,0x367,12
  c8:	2d34                	.insn	2, 0x2d34
  ca:	6e75                	.insn	2, 0x6e75
  cc:	776f6e6b          	.insn	4, 0x776f6e6b
  d0:	2d6e                	.insn	2, 0x2d6e
  d2:	6c65                	.insn	2, 0x6c65
  d4:	2f66                	.insn	2, 0x2f66
  d6:	6e69                	.insn	2, 0x6e69
  d8:	64756c63          	bltu	a0,t2,730 <_hang-0xf8d0>
  dc:	2f65                	.insn	2, 0x2f65
  de:	00737973          	csrrci	s2,0x7,6
  e2:	645f 6665 7561      	.insn	6, 0x75616665645f
  e8:	746c                	.insn	2, 0x746c
  ea:	745f 7079 7365      	.insn	6, 0x73657079745f
  f0:	682e                	.insn	2, 0x682e
  f2:	5f00                	.insn	2, 0x5f00
  f4:	69647473          	csrrci	s0,0x696,8
  f8:	746e                	.insn	2, 0x746e
  fa:	682e                	.insn	2, 0x682e
  fc:	2f00                	.insn	2, 0x2f00
  fe:	6f72                	.insn	2, 0x6f72
 100:	632f746f          	jal	s0,f7732 <dtb+0xe6bca>
 104:	6968                	.insn	2, 0x6968
 106:	7970                	.insn	2, 0x7970
 108:	7261                	.insn	2, 0x7261
 10a:	2f64                	.insn	2, 0x2f64
 10c:	7066                	.insn	2, 0x7066
 10e:	732f6167          	.insn	4, 0x732f6167
 112:	6372                	.insn	2, 0x6372
 114:	69616d2f          	.insn	4, 0x69616d2f
 118:	2f6e                	.insn	2, 0x2f6e
 11a:	6572                	.insn	2, 0x6572
 11c:	72756f73          	csrrsi	t5,mhpmevent7h,10
 120:	2f736563          	bltu	t1,s7,40a <_hang-0xfbf6>
 124:	637a                	.insn	2, 0x637a
 126:	3175                	.insn	2, 0x3175
 128:	3430                	.insn	2, 0x3430
 12a:	6264732f          	.insn	4, 0x6264732f
 12e:	2f746f6f          	jal	t5,46c24 <dtb+0x360bc>
 132:	6972706b          	.insn	4, 0x6972706b
 136:	746e                	.insn	2, 0x746e
 138:	2e66                	.insn	2, 0x2e66
 13a:	722f0063          	beq	t5,sp,85a <_hang-0xf7a6>
 13e:	2f746f6f          	jal	t5,46c34 <dtb+0x360cc>
 142:	70696863          	bltu	s2,t1,852 <_hang-0xf7ae>
 146:	6179                	.insn	2, 0x6179
 148:	6472                	.insn	2, 0x6472
 14a:	6770662f          	.insn	4, 0x6770662f
 14e:	2f61                	.insn	2, 0x2f61
 150:	2f637273          	csrrci	tp,0x2f6,6
 154:	616d                	.insn	2, 0x616d
 156:	6e69                	.insn	2, 0x6e69
 158:	7365722f          	.insn	4, 0x7365722f
 15c:	6372756f          	jal	a0,27f92 <dtb+0x1742a>
 160:	7365                	.insn	2, 0x7365
 162:	75637a2f          	.insn	4, 0x75637a2f
 166:	3031                	.insn	2, 0x3031
 168:	2f34                	.insn	2, 0x2f34
 16a:	6f626473          	csrrsi	s0,0x6f6,4
 16e:	2f00746f          	jal	s0,745e <_hang-0x8ba2>
 172:	6f72                	.insn	2, 0x6f72
 174:	632f746f          	jal	s0,f77a6 <dtb+0xe6c3e>
 178:	6968                	.insn	2, 0x6968
 17a:	7970                	.insn	2, 0x7970
 17c:	7261                	.insn	2, 0x7261
 17e:	2f64                	.insn	2, 0x2f64
 180:	6f2e                	.insn	2, 0x6f2e
 182:	77616c63          	bltu	sp,s6,8fa <_hang-0xf706>
 186:	652d                	.insn	2, 0x652d
 188:	766e                	.insn	2, 0x766e
 18a:	7369722f          	.insn	4, 0x7369722f
 18e:	742d7663          	bgeu	s10,sp,8da <_hang-0xf726>
 192:	736c6f6f          	jal	t5,c68c8 <dtb+0xb5d60>
 196:	62696c2f          	.insn	4, 0x62696c2f
 19a:	6363672f          	.insn	4, 0x6363672f
 19e:	7369722f          	.insn	4, 0x7369722f
 1a2:	34367663          	bgeu	a2,gp,4ee <_hang-0xfb12>
 1a6:	752d                	.insn	2, 0x752d
 1a8:	6b6e                	.insn	2, 0x6b6e
 1aa:	6f6e                	.insn	2, 0x6f6e
 1ac:	652d6e77          	.insn	4, 0x652d6e77
 1b0:	666c                	.insn	2, 0x666c
 1b2:	2e34312f          	.insn	4, 0x2e34312f
 1b6:	2e32                	.insn	2, 0x2e32
 1b8:	2f30                	.insn	2, 0x2f30
 1ba:	6e69                	.insn	2, 0x6e69
 1bc:	64756c63          	bltu	a0,t2,814 <_hang-0xf7ec>
 1c0:	0065                	.insn	2, 0x0065
 1c2:	6972706b          	.insn	4, 0x6972706b
 1c6:	746e                	.insn	2, 0x746e
 1c8:	2e66                	.insn	2, 0x2e66
 1ca:	0068                	.insn	2, 0x0068
 1cc:	61647473          	csrrci	s0,0x616,8
 1d0:	6772                	.insn	2, 0x6772
 1d2:	682e                	.insn	2, 0x682e
	...

Disassembly of section .debug_info:

0000000000000000 <.debug_info>:
   0:	001f 0000 0005      	.insn	6, 0x00050000001f
   6:	0801                	.insn	2, 0x0801
   8:	0000                	.insn	2, 0x
   a:	0000                	.insn	2, 0x
   c:	0001                	.insn	2, 0x0001
   e:	0000                	.insn	2, 0x
  10:	0c00                	.insn	2, 0x0c00
  12:	0000                	.insn	2, 0x
  14:	0000                	.insn	2, 0x
  16:	0000                	.insn	2, 0x
  18:	0700                	.insn	2, 0x0700
  1a:	0000                	.insn	2, 0x
  1c:	4200                	.insn	2, 0x4200
  1e:	0000                	.insn	2, 0x
  20:	0100                	.insn	2, 0x0100
  22:	ac80                	.insn	2, 0xac80
  24:	0500000b          	.insn	4, 0x0500000b
  28:	0100                	.insn	2, 0x0100
  2a:	1208                	.insn	2, 0x1208
  2c:	0000                	.insn	2, 0x
  2e:	2200                	.insn	2, 0x2200
  30:	00d8                	.insn	2, 0x00d8
  32:	0000                	.insn	2, 0x
  34:	421d                	.insn	2, 0x421d
  36:	0000                	.insn	2, 0x
  38:	0000                	.insn	2, 0x
  3a:	0000                	.insn	2, 0x
  3c:	e000                	.insn	2, 0xe000
  3e:	0001                	.insn	2, 0x0001
	...
  48:	7000                	.insn	2, 0x7000
  4a:	0000                	.insn	2, 0x
  4c:	0800                	.insn	2, 0x0800
  4e:	0601                	.insn	2, 0x0601
  50:	0162                	.insn	2, 0x0162
  52:	0000                	.insn	2, 0x
  54:	7206                	.insn	2, 0x7206
  56:	0000                	.insn	2, 0x
  58:	0200                	.insn	2, 0x0200
  5a:	003d182b          	.insn	4, 0x003d182b
  5e:	0000                	.insn	2, 0x
  60:	0108                	.insn	2, 0x0108
  62:	6008                	.insn	2, 0x6008
  64:	0001                	.insn	2, 0x0001
  66:	0800                	.insn	2, 0x0800
  68:	0502                	.insn	2, 0x0502
  6a:	020e                	.insn	2, 0x020e
  6c:	0000                	.insn	2, 0x
  6e:	0208                	.insn	2, 0x0208
  70:	00019507          	.insn	4, 0x00019507
  74:	0600                	.insn	2, 0x0600
  76:	0094                	.insn	2, 0x0094
  78:	0000                	.insn	2, 0x
  7a:	4d02                	.insn	2, 0x4d02
  7c:	5e18                	.insn	2, 0x5e18
  7e:	0000                	.insn	2, 0x
  80:	2300                	.insn	2, 0x2300
  82:	0504                	.insn	2, 0x0504
  84:	6e69                	.insn	2, 0x6e69
  86:	0074                	.insn	2, 0x0074
  88:	b806                	.insn	2, 0xb806
  8a:	0001                	.insn	2, 0x0001
  8c:	0200                	.insn	2, 0x0200
  8e:	0071194f          	.insn	4, 0x0071194f
  92:	0000                	.insn	2, 0x
  94:	0408                	.insn	2, 0x0408
  96:	00018807          	.insn	4, 0x00018807
  9a:	0800                	.insn	2, 0x0800
  9c:	0508                	.insn	2, 0x0508
  9e:	0240                	.insn	2, 0x0240
  a0:	0000                	.insn	2, 0x
  a2:	2106                	.insn	2, 0x2106
  a4:	0002                	.insn	2, 0x0002
  a6:	0200                	.insn	2, 0x0200
  a8:	1969                	.insn	2, 0x1969
  aa:	0000008b          	.insn	4, 0x008b
  ae:	0808                	.insn	2, 0x0808
  b0:	00018307          	.insn	4, 0x00018307
  b4:	0600                	.insn	2, 0x0600
  b6:	009e                	.insn	2, 0x009e
  b8:	0000                	.insn	2, 0x
  ba:	e802                	.insn	2, 0xe802
  bc:	8b1a                	.insn	2, 0x8b1a
  be:	0000                	.insn	2, 0x
  c0:	0600                	.insn	2, 0x0600
  c2:	0074                	.insn	2, 0x0074
  c4:	0000                	.insn	2, 0x
  c6:	31131803          	lh	a6,785(t1)
  ca:	0000                	.insn	2, 0x
  cc:	0600                	.insn	2, 0x0600
  ce:	0096                	.insn	2, 0x0096
  d0:	0000                	.insn	2, 0x
  d2:	52132c03          	lw	s8,1313(t1)
  d6:	0000                	.insn	2, 0x
  d8:	0600                	.insn	2, 0x0600
  da:	01ba                	.insn	2, 0x01ba
  dc:	0000                	.insn	2, 0x
  de:	65143003          	ld	zero,1617(s0)
  e2:	0000                	.insn	2, 0x
  e4:	1800                	.insn	2, 0x1800
  e6:	00b6                	.insn	2, 0x00b6
  e8:	0000                	.insn	2, 0x
  ea:	0000b60f          	.insn	4, 0xb60f
  ee:	0600                	.insn	2, 0x0600
  f0:	00000223          	sb	zero,4(zero) # 4 <_hang-0xfffc>
  f4:	7f143c03          	ld	s8,2033(s0)
  f8:	0000                	.insn	2, 0x
  fa:	1800                	.insn	2, 0x1800
  fc:	00cc                	.insn	2, 0x00cc
  fe:	0000                	.insn	2, 0x
 100:	a006                	.insn	2, 0xa006
 102:	0000                	.insn	2, 0x
 104:	0300                	.insn	2, 0x0300
 106:	1552                	.insn	2, 0x1552
 108:	0092                	.insn	2, 0x0092
 10a:	0000                	.insn	2, 0x
 10c:	5912                	.insn	2, 0x5912
 10e:	0002                	.insn	2, 0x0002
 110:	1500                	.insn	2, 0x1500
 112:	00fc                	.insn	2, 0x00fc
 114:	0000                	.insn	2, 0x
 116:	0000                	.insn	2, 0x
 118:	6400                	.insn	2, 0x6400
 11a:	c219                	.insn	2, 0xc219
 11c:	0000                	.insn	2, 0x
 11e:	0f00                	.insn	2, 0x0f00
 120:	000000f7          	.insn	4, 0x00f7
 124:	aa12                	.insn	2, 0xaa12
 126:	0000                	.insn	2, 0x
 128:	1600                	.insn	2, 0x1600
 12a:	00fc                	.insn	2, 0x00fc
 12c:	0000                	.insn	2, 0x
 12e:	2000                	.insn	2, 0x2000
 130:	6400                	.insn	2, 0x6400
 132:	7c12                	.insn	2, 0x7c12
 134:	0000                	.insn	2, 0x
 136:	1700                	.insn	2, 0x1700
 138:	00fc                	.insn	2, 0x00fc
 13a:	0000                	.insn	2, 0x
 13c:	0000                	.insn	2, 0x
 13e:	8000                	.insn	2, 0x8000
 140:	d31a                	.insn	2, 0xd31a
 142:	0001                	.insn	2, 0x0001
 144:	1800                	.insn	2, 0x1800
 146:	b611                	.insn	2, 0xb611
 148:	0000                	.insn	2, 0x
 14a:	0900                	.insn	2, 0x0900
 14c:	00000003          	lb	zero,0(zero) # 0 <_hang-0x10000>
 150:	0008                	.insn	2, 0x0008
 152:	0000                	.insn	2, 0x
 154:	2400                	.insn	2, 0x2400
 156:	000001c3          	.insn	4, 0x01c3
 15a:	b701                	.insn	2, 0xb701
 15c:	5e05                	.insn	2, 0x5e05
 15e:	0000                	.insn	2, 0x
 160:	1000                	.insn	2, 0x1000
 162:	0102                	.insn	2, 0x0102
 164:	0000                	.insn	2, 0x
 166:	0000                	.insn	2, 0x
 168:	3c00                	.insn	2, 0x3c00
 16a:	0005                	.insn	2, 0x0005
 16c:	0000                	.insn	2, 0x
 16e:	0000                	.insn	2, 0x
 170:	0100                	.insn	2, 0x0100
 172:	9e9c                	.insn	2, 0x9e9c
 174:	13000007          	.insn	4, 0x13000007
 178:	0208                	.insn	2, 0x0208
 17a:	0000                	.insn	2, 0x
 17c:	0cb9                	.insn	2, 0x0cb9
 17e:	00cc                	.insn	2, 0x00cc
 180:	0000                	.insn	2, 0x
 182:	000c                	.insn	2, 0x000c
 184:	0000                	.insn	2, 0x
 186:	0001f113          	andi	sp,gp,0
 18a:	ba00                	.insn	2, 0xba00
 18c:	00005e07          	.insn	4, 0x5e07
 190:	2c00                	.insn	2, 0x2c00
 192:	0000                	.insn	2, 0x
 194:	1400                	.insn	2, 0x1400
 196:	0996                	.insn	2, 0x0996
 198:	0000                	.insn	2, 0x
 19a:	0210                	.insn	2, 0x0210
 19c:	0001                	.insn	2, 0x0001
 19e:	0000                	.insn	2, 0x
 1a0:	0000                	.insn	2, 0x
 1a2:	006d                	.insn	2, 0x006d
 1a4:	0000                	.insn	2, 0x
 1a6:	03bc                	.insn	2, 0x03bc
 1a8:	9014                	.insn	2, 0x9014
 1aa:	0009                	.insn	2, 0x0009
 1ac:	4800                	.insn	2, 0x4800
 1ae:	0102                	.insn	2, 0x0102
 1b0:	0000                	.insn	2, 0x
 1b2:	0000                	.insn	2, 0x
 1b4:	7d00                	.insn	2, 0x7d00
 1b6:	0000                	.insn	2, 0x
 1b8:	bd00                	.insn	2, 0xbd00
 1ba:	079e0403          	lb	s0,121(t3)
 1be:	0000                	.insn	2, 0x
 1c0:	02b0                	.insn	2, 0x02b0
 1c2:	0001                	.insn	2, 0x0001
 1c4:	0000                	.insn	2, 0x
 1c6:	0000                	.insn	2, 0x
 1c8:	008d                	.insn	2, 0x008d
 1ca:	0000                	.insn	2, 0x
 1cc:	039903c3          	.insn	4, 0x039903c3
 1d0:	0000                	.insn	2, 0x
 1d2:	a801                	.insn	2, 0xa801
 1d4:	63000007          	.insn	4, 0x63000007
 1d8:	0000                	.insn	2, 0x
 1da:	1500                	.insn	2, 0x1500
 1dc:	008d                	.insn	2, 0x008d
 1de:	0000                	.insn	2, 0x
 1e0:	b309                	.insn	2, 0xb309
 1e2:	73000007          	.insn	4, 0x73000007
 1e6:	0000                	.insn	2, 0x
 1e8:	0400                	.insn	2, 0x0400
 1ea:	0962                	.insn	2, 0x0962
 1ec:	0000                	.insn	2, 0x
 1ee:	02bc                	.insn	2, 0x02bc
 1f0:	0001                	.insn	2, 0x0001
 1f2:	0000                	.insn	2, 0x
 1f4:	0000                	.insn	2, 0x
 1f6:	009e                	.insn	2, 0x009e
 1f8:	0000                	.insn	2, 0x
 1fa:	05ae                	.insn	2, 0x05ae
 1fc:	0221                	.insn	2, 0x0221
 1fe:	0000                	.insn	2, 0x
 200:	6c01                	.insn	2, 0x6c01
 202:	0009                	.insn	2, 0x0009
 204:	9b00                	.insn	2, 0x9b00
 206:	0000                	.insn	2, 0x
 208:	0400                	.insn	2, 0x0400
 20a:	0976                	.insn	2, 0x0976
 20c:	0000                	.insn	2, 0x
 20e:	02bc                	.insn	2, 0x02bc
 210:	0001                	.insn	2, 0x0001
 212:	0000                	.insn	2, 0x
 214:	0000                	.insn	2, 0x
 216:	00ae                	.insn	2, 0x00ae
 218:	0000                	.insn	2, 0x
 21a:	0207053f 80010000 	.insn	8, 0x800100000207053f
 222:	0009                	.insn	2, 0x0009
 224:	a800                	.insn	2, 0xa800
 226:	0000                	.insn	2, 0x
 228:	0000                	.insn	2, 0x
 22a:	7610                	.insn	2, 0x7610
 22c:	0009                	.insn	2, 0x0009
 22e:	c400                	.insn	2, 0xc400
 230:	0102                	.insn	2, 0x0102
 232:	0000                	.insn	2, 0x
 234:	0000                	.insn	2, 0x
 236:	be00                	.insn	2, 0xbe00
 238:	0000                	.insn	2, 0x
 23a:	3d00                	.insn	2, 0x3d00
 23c:	09800507          	.insn	4, 0x09800507
 240:	0000                	.insn	2, 0x
 242:	0000                	.insn	2, 0x
 244:	8a25                	.insn	2, 0x8a25
 246:	0009                	.insn	2, 0x0009
 248:	c800                	.insn	2, 0xc800
 24a:	0102                	.insn	2, 0x0102
 24c:	0000                	.insn	2, 0x
 24e:	0000                	.insn	2, 0x
 250:	1c00                	.insn	2, 0x1c00
 252:	0000                	.insn	2, 0x
 254:	0000                	.insn	2, 0x
 256:	0000                	.insn	2, 0x
 258:	0100                	.insn	2, 0x0100
 25a:	05ad                	.insn	2, 0x05ad
 25c:	6204                	.insn	2, 0x6204
 25e:	0009                	.insn	2, 0x0009
 260:	2000                	.insn	2, 0x2000
 262:	00000103          	lb	sp,0(zero) # 0 <_hang-0x10000>
 266:	0000                	.insn	2, 0x
 268:	ce00                	.insn	2, 0xce00
 26a:	0000                	.insn	2, 0x
 26c:	b000                	.insn	2, 0xb000
 26e:	9c05                	.insn	2, 0x9c05
 270:	0002                	.insn	2, 0x0002
 272:	0100                	.insn	2, 0x0100
 274:	096c                	.insn	2, 0x096c
 276:	0000                	.insn	2, 0x
 278:	00b5                	.insn	2, 0x00b5
 27a:	0000                	.insn	2, 0x
 27c:	00097607          	.insn	4, 0x00097607
 280:	3000                	.insn	2, 0x3000
 282:	00000103          	lb	sp,0(zero) # 0 <_hang-0x10000>
 286:	0000                	.insn	2, 0x
 288:	1000                	.insn	2, 0x1000
 28a:	0000                	.insn	2, 0x
 28c:	0000                	.insn	2, 0x
 28e:	0000                	.insn	2, 0x
 290:	3f00                	.insn	2, 0x3f00
 292:	7e05                	.insn	2, 0x7e05
 294:	0002                	.insn	2, 0x0002
 296:	0100                	.insn	2, 0x0100
 298:	0980                	.insn	2, 0x0980
 29a:	0000                	.insn	2, 0x
 29c:	00d2                	.insn	2, 0x00d2
 29e:	0000                	.insn	2, 0x
 2a0:	0a00                	.insn	2, 0x0a00
 2a2:	0976                	.insn	2, 0x0976
 2a4:	0000                	.insn	2, 0x
 2a6:	034c                	.insn	2, 0x034c
 2a8:	0001                	.insn	2, 0x0001
 2aa:	0000                	.insn	2, 0x
 2ac:	0000                	.insn	2, 0x
 2ae:	0010                	.insn	2, 0x0010
 2b0:	0000                	.insn	2, 0x
 2b2:	0000                	.insn	2, 0x
 2b4:	0000                	.insn	2, 0x
 2b6:	073d                	.insn	2, 0x073d
 2b8:	8005                	.insn	2, 0x8005
 2ba:	0009                	.insn	2, 0x0009
 2bc:	0000                	.insn	2, 0x
 2be:	0700                	.insn	2, 0x0700
 2c0:	0962                	.insn	2, 0x0962
 2c2:	0000                	.insn	2, 0x
 2c4:	037c                	.insn	2, 0x037c
 2c6:	0001                	.insn	2, 0x0001
 2c8:	0000                	.insn	2, 0x
 2ca:	0000                	.insn	2, 0x
 2cc:	0034                	.insn	2, 0x0034
 2ce:	0000                	.insn	2, 0x
 2d0:	0000                	.insn	2, 0x
 2d2:	0000                	.insn	2, 0x
 2d4:	05b1                	.insn	2, 0x05b1
 2d6:	00000303          	lb	t1,0(zero) # 0 <_hang-0x10000>
 2da:	6c01                	.insn	2, 0x6c01
 2dc:	0009                	.insn	2, 0x0009
 2de:	df00                	.insn	2, 0xdf00
 2e0:	0000                	.insn	2, 0x
 2e2:	0700                	.insn	2, 0x0700
 2e4:	0976                	.insn	2, 0x0976
 2e6:	0000                	.insn	2, 0x
 2e8:	0384                	.insn	2, 0x0384
 2ea:	0001                	.insn	2, 0x0001
 2ec:	0000                	.insn	2, 0x
 2ee:	0000                	.insn	2, 0x
 2f0:	0010                	.insn	2, 0x0010
 2f2:	0000                	.insn	2, 0x
 2f4:	0000                	.insn	2, 0x
 2f6:	0000                	.insn	2, 0x
 2f8:	02e5053f 80010000 	.insn	8, 0x8001000002e5053f
 300:	0009                	.insn	2, 0x0009
 302:	ec00                	.insn	2, 0xec00
 304:	0000                	.insn	2, 0x
 306:	0000                	.insn	2, 0x
 308:	760a                	.insn	2, 0x760a
 30a:	0009                	.insn	2, 0x0009
 30c:	a000                	.insn	2, 0xa000
 30e:	00000103          	lb	sp,0(zero) # 0 <_hang-0x10000>
 312:	0000                	.insn	2, 0x
 314:	1000                	.insn	2, 0x1000
 316:	0000                	.insn	2, 0x
 318:	0000                	.insn	2, 0x
 31a:	0000                	.insn	2, 0x
 31c:	3d00                	.insn	2, 0x3d00
 31e:	09800507          	.insn	4, 0x09800507
 322:	0000                	.insn	2, 0x
 324:	0000                	.insn	2, 0x
 326:	6204                	.insn	2, 0x6204
 328:	0009                	.insn	2, 0x0009
 32a:	b000                	.insn	2, 0xb000
 32c:	00000103          	lb	sp,0(zero) # 0 <_hang-0x10000>
 330:	0000                	.insn	2, 0x
 332:	de00                	.insn	2, 0xde00
 334:	0000                	.insn	2, 0x
 336:	b200                	.insn	2, 0xb200
 338:	6205                	.insn	2, 0x6205
 33a:	01000003          	lb	zero,16(zero) # 10 <_hang-0xfff0>
 33e:	096c                	.insn	2, 0x096c
 340:	0000                	.insn	2, 0x
 342:	00f9                	.insn	2, 0x00f9
 344:	0000                	.insn	2, 0x
 346:	00097607          	.insn	4, 0x00097607
 34a:	b000                	.insn	2, 0xb000
 34c:	00000103          	lb	sp,0(zero) # 0 <_hang-0x10000>
 350:	0000                	.insn	2, 0x
 352:	0c00                	.insn	2, 0x0c00
 354:	0000                	.insn	2, 0x
 356:	0000                	.insn	2, 0x
 358:	0000                	.insn	2, 0x
 35a:	3d00                	.insn	2, 0x3d00
 35c:	00034407          	.insn	4, 0x00034407
 360:	0500                	.insn	2, 0x0500
 362:	0980                	.insn	2, 0x0980
 364:	0000                	.insn	2, 0x
 366:	1000                	.insn	2, 0x1000
 368:	0976                	.insn	2, 0x0976
 36a:	0000                	.insn	2, 0x
 36c:	03bc                	.insn	2, 0x03bc
 36e:	0001                	.insn	2, 0x0001
 370:	0000                	.insn	2, 0x
 372:	0000                	.insn	2, 0x
 374:	00ee                	.insn	2, 0x00ee
 376:	0000                	.insn	2, 0x
 378:	8001053f 0f000009 	.insn	8, 0x0f0000098001053f
 380:	0001                	.insn	2, 0x0001
 382:	0000                	.insn	2, 0x
 384:	0400                	.insn	2, 0x0400
 386:	07bd                	.insn	2, 0x07bd
 388:	0000                	.insn	2, 0x
 38a:	03c4                	.insn	2, 0x03c4
 38c:	0001                	.insn	2, 0x0001
 38e:	0000                	.insn	2, 0x
 390:	0000                	.insn	2, 0x
 392:	00fe                	.insn	2, 0x00fe
 394:	0000                	.insn	2, 0x
 396:	038305b3          	mul	a1,t1,s8
 39a:	0000                	.insn	2, 0x
 39c:	c701                	.insn	2, 0xc701
 39e:	1d000007          	.insn	4, 0x1d000007
 3a2:	0001                	.insn	2, 0x0001
 3a4:	0000                	.insn	2, 0x
 3a6:	0103200b          	.insn	4, 0x0103200b
 3aa:	0000                	.insn	2, 0x
 3ac:	0000                	.insn	2, 0x
 3ae:	2800                	.insn	2, 0x2800
 3b0:	0009                	.insn	2, 0x0009
 3b2:	0200                	.insn	2, 0x0200
 3b4:	5a01                	.insn	2, 0x5a01
 3b6:	8502                	.insn	2, 0x8502
 3b8:	0000                	.insn	2, 0x
 3ba:	0000                	.insn	2, 0x
 3bc:	0e04                	.insn	2, 0x0e04
 3be:	0008                	.insn	2, 0x0008
 3c0:	1000                	.insn	2, 0x1000
 3c2:	0104                	.insn	2, 0x0104
 3c4:	0000                	.insn	2, 0x
 3c6:	0000                	.insn	2, 0x
 3c8:	0e00                	.insn	2, 0x0e00
 3ca:	0001                	.insn	2, 0x0001
 3cc:	c700                	.insn	2, 0xc700
 3ce:	00040d07          	.insn	4, 0x00040d07
 3d2:	1500                	.insn	2, 0x1500
 3d4:	010e                	.insn	2, 0x010e
 3d6:	0000                	.insn	2, 0x
 3d8:	2709                	.insn	2, 0x2709
 3da:	0008                	.insn	2, 0x0008
 3dc:	2f00                	.insn	2, 0x2f00
 3de:	0001                	.insn	2, 0x0001
 3e0:	1b00                	.insn	2, 0x1b00
 3e2:	0830                	.insn	2, 0x0830
 3e4:	0000                	.insn	2, 0x
 3e6:	0126                	.insn	2, 0x0126
 3e8:	0000                	.insn	2, 0x
 3ea:	03f0                	.insn	2, 0x03f0
 3ec:	0000                	.insn	2, 0x
 3ee:	3109                	.insn	2, 0x3109
 3f0:	0008                	.insn	2, 0x0008
 3f2:	8e00                	.insn	2, 0x8e00
 3f4:	0001                	.insn	2, 0x0001
 3f6:	0b00                	.insn	2, 0x0b00
 3f8:	072c                	.insn	2, 0x072c
 3fa:	0001                	.insn	2, 0x0001
 3fc:	0000                	.insn	2, 0x
 3fe:	0000                	.insn	2, 0x
 400:	0a9a                	.insn	2, 0x0a9a
 402:	0000                	.insn	2, 0x
 404:	0102                	.insn	2, 0x0102
 406:	095a                	.insn	2, 0x095a
 408:	010ab803          	ld	a6,16(s5)
 40c:	0000                	.insn	2, 0x
 40e:	0000                	.insn	2, 0x
 410:	0000                	.insn	2, 0x
 412:	0b00                	.insn	2, 0x0b00
 414:	0494                	.insn	2, 0x0494
 416:	0001                	.insn	2, 0x0001
 418:	0000                	.insn	2, 0x
 41a:	0000                	.insn	2, 0x
 41c:	0962                	.insn	2, 0x0962
 41e:	0000                	.insn	2, 0x
 420:	0102                	.insn	2, 0x0102
 422:	095a                	.insn	2, 0x095a
 424:	010aa803          	lw	a6,16(s5)
	...
 430:	d304                	.insn	2, 0xd304
 432:	98000007          	.insn	4, 0x98000007
 436:	0104                	.insn	2, 0x0104
 438:	0000                	.insn	2, 0x
 43a:	0000                	.insn	2, 0x
 43c:	4600                	.insn	2, 0x4600
 43e:	0001                	.insn	2, 0x0001
 440:	ca00                	.insn	2, 0xca00
 442:	00049307          	.insn	4, 0x00049307
 446:	1500                	.insn	2, 0x1500
 448:	0146                	.insn	2, 0x0146
 44a:	0000                	.insn	2, 0x
 44c:	e109                	.insn	2, 0xe109
 44e:	ab000007          	.insn	4, 0xab000007
 452:	0001                	.insn	2, 0x0001
 454:	0900                	.insn	2, 0x0900
 456:	07ec                	.insn	2, 0x07ec
 458:	0000                	.insn	2, 0x
 45a:	01be                	.insn	2, 0x01be
 45c:	0000                	.insn	2, 0x
 45e:	0007f51b          	.insn	4, 0x0007f51b
 462:	5e00                	.insn	2, 0x5e00
 464:	0001                	.insn	2, 0x0001
 466:	7600                	.insn	2, 0x7600
 468:	0004                	.insn	2, 0x0004
 46a:	0900                	.insn	2, 0x0900
 46c:	07f6                	.insn	2, 0x07f6
 46e:	0000                	.insn	2, 0x
 470:	027a                	.insn	2, 0x027a
 472:	0000                	.insn	2, 0x
 474:	0109                	.insn	2, 0x0109
 476:	0008                	.insn	2, 0x0008
 478:	9000                	.insn	2, 0x9000
 47a:	0002                	.insn	2, 0x0002
 47c:	0b00                	.insn	2, 0x0b00
 47e:	0704                	.insn	2, 0x0704
 480:	0001                	.insn	2, 0x0001
 482:	0000                	.insn	2, 0x
 484:	0000                	.insn	2, 0x
 486:	0a9a                	.insn	2, 0x0a9a
 488:	0000                	.insn	2, 0x
 48a:	0102                	.insn	2, 0x0102
 48c:	095a                	.insn	2, 0x095a
 48e:	010ac803          	lbu	a6,16(s5)
 492:	0000                	.insn	2, 0x
 494:	0000                	.insn	2, 0x
 496:	0000                	.insn	2, 0x
 498:	0b00                	.insn	2, 0x0b00
 49a:	05b0                	.insn	2, 0x05b0
 49c:	0001                	.insn	2, 0x0001
 49e:	0000                	.insn	2, 0x
 4a0:	0000                	.insn	2, 0x
 4a2:	0962                	.insn	2, 0x0962
 4a4:	0000                	.insn	2, 0x
 4a6:	0102                	.insn	2, 0x0102
 4a8:	095a                	.insn	2, 0x095a
 4aa:	010ad803          	lhu	a6,16(s5)
	...
 4b6:	8a14                	.insn	2, 0x8a14
 4b8:	0009                	.insn	2, 0x0009
 4ba:	c000                	.insn	2, 0xc000
 4bc:	0105                	.insn	2, 0x0105
 4be:	0000                	.insn	2, 0x
 4c0:	0000                	.insn	2, 0x
 4c2:	7600                	.insn	2, 0x7600
 4c4:	0001                	.insn	2, 0x0001
 4c6:	d900                	.insn	2, 0xd900
 4c8:	0405                	.insn	2, 0x0405
 4ca:	0962                	.insn	2, 0x0962
 4cc:	0000                	.insn	2, 0x
 4ce:	05cc                	.insn	2, 0x05cc
 4d0:	0001                	.insn	2, 0x0001
 4d2:	0000                	.insn	2, 0x
 4d4:	0000                	.insn	2, 0x
 4d6:	018d                	.insn	2, 0x018d
 4d8:	0000                	.insn	2, 0x
 4da:	05d4                	.insn	2, 0x05d4
 4dc:	0501                	.insn	2, 0x0501
 4de:	0000                	.insn	2, 0x
 4e0:	6c01                	.insn	2, 0x6c01
 4e2:	0009                	.insn	2, 0x0009
 4e4:	a600                	.insn	2, 0xa600
 4e6:	0002                	.insn	2, 0x0002
 4e8:	0400                	.insn	2, 0x0400
 4ea:	0976                	.insn	2, 0x0976
 4ec:	0000                	.insn	2, 0x
 4ee:	05cc                	.insn	2, 0x05cc
 4f0:	0001                	.insn	2, 0x0001
 4f2:	0000                	.insn	2, 0x
 4f4:	0000                	.insn	2, 0x
 4f6:	01a0                	.insn	2, 0x01a0
 4f8:	0000                	.insn	2, 0x
 4fa:	04e7053f 80010000 	.insn	8, 0x8001000004e7053f
 502:	0009                	.insn	2, 0x0009
 504:	c300                	.insn	2, 0xc300
 506:	0002                	.insn	2, 0x0002
 508:	0000                	.insn	2, 0x
 50a:	7610                	.insn	2, 0x7610
 50c:	0009                	.insn	2, 0x0009
 50e:	d400                	.insn	2, 0xd400
 510:	0105                	.insn	2, 0x0105
 512:	0000                	.insn	2, 0x
 514:	0000                	.insn	2, 0x
 516:	b000                	.insn	2, 0xb000
 518:	0001                	.insn	2, 0x0001
 51a:	3d00                	.insn	2, 0x3d00
 51c:	09800507          	.insn	4, 0x09800507
 520:	0000                	.insn	2, 0x
 522:	0000                	.insn	2, 0x
 524:	6204                	.insn	2, 0x6204
 526:	0009                	.insn	2, 0x0009
 528:	2000                	.insn	2, 0x2000
 52a:	0106                	.insn	2, 0x0106
 52c:	0000                	.insn	2, 0x
 52e:	0000                	.insn	2, 0x
 530:	c000                	.insn	2, 0xc000
 532:	0001                	.insn	2, 0x0001
 534:	d600                	.insn	2, 0xd600
 536:	6405                	.insn	2, 0x6405
 538:	0005                	.insn	2, 0x0005
 53a:	0100                	.insn	2, 0x0100
 53c:	096c                	.insn	2, 0x096c
 53e:	0000                	.insn	2, 0x
 540:	02d0                	.insn	2, 0x02d0
 542:	0000                	.insn	2, 0x
 544:	00097607          	.insn	4, 0x00097607
 548:	3000                	.insn	2, 0x3000
 54a:	0106                	.insn	2, 0x0106
 54c:	0000                	.insn	2, 0x
 54e:	0000                	.insn	2, 0x
 550:	1000                	.insn	2, 0x1000
 552:	0000                	.insn	2, 0x
 554:	0000                	.insn	2, 0x
 556:	0000                	.insn	2, 0x
 558:	3f00                	.insn	2, 0x3f00
 55a:	4605                	.insn	2, 0x4605
 55c:	0005                	.insn	2, 0x0005
 55e:	0100                	.insn	2, 0x0100
 560:	0980                	.insn	2, 0x0980
 562:	0000                	.insn	2, 0x
 564:	02ed                	.insn	2, 0x02ed
 566:	0000                	.insn	2, 0x
 568:	0a00                	.insn	2, 0x0a00
 56a:	0976                	.insn	2, 0x0976
 56c:	0000                	.insn	2, 0x
 56e:	064c                	.insn	2, 0x064c
 570:	0001                	.insn	2, 0x0001
 572:	0000                	.insn	2, 0x
 574:	0000                	.insn	2, 0x
 576:	0010                	.insn	2, 0x0010
 578:	0000                	.insn	2, 0x
 57a:	0000                	.insn	2, 0x
 57c:	0000                	.insn	2, 0x
 57e:	073d                	.insn	2, 0x073d
 580:	8005                	.insn	2, 0x8005
 582:	0009                	.insn	2, 0x0009
 584:	0000                	.insn	2, 0x
 586:	0700                	.insn	2, 0x0700
 588:	0962                	.insn	2, 0x0962
 58a:	0000                	.insn	2, 0x
 58c:	067c                	.insn	2, 0x067c
 58e:	0001                	.insn	2, 0x0001
 590:	0000                	.insn	2, 0x
 592:	0000                	.insn	2, 0x
 594:	0034                	.insn	2, 0x0034
 596:	0000                	.insn	2, 0x
 598:	0000                	.insn	2, 0x
 59a:	0000                	.insn	2, 0x
 59c:	05cb05d7          	.insn	4, 0x05cb05d7
 5a0:	0000                	.insn	2, 0x
 5a2:	6c01                	.insn	2, 0x6c01
 5a4:	0009                	.insn	2, 0x0009
 5a6:	fa00                	.insn	2, 0xfa00
 5a8:	0002                	.insn	2, 0x0002
 5aa:	0700                	.insn	2, 0x0700
 5ac:	0976                	.insn	2, 0x0976
 5ae:	0000                	.insn	2, 0x
 5b0:	0684                	.insn	2, 0x0684
 5b2:	0001                	.insn	2, 0x0001
 5b4:	0000                	.insn	2, 0x
 5b6:	0000                	.insn	2, 0x
 5b8:	0010                	.insn	2, 0x0010
 5ba:	0000                	.insn	2, 0x
 5bc:	0000                	.insn	2, 0x
 5be:	0000                	.insn	2, 0x
 5c0:	05ad053f 80010000 	.insn	8, 0x8001000005ad053f
 5c8:	0009                	.insn	2, 0x0009
 5ca:	0700                	.insn	2, 0x0700
 5cc:	00000003          	lb	zero,0(zero) # 0 <_hang-0x10000>
 5d0:	760a                	.insn	2, 0x760a
 5d2:	0009                	.insn	2, 0x0009
 5d4:	a000                	.insn	2, 0xa000
 5d6:	0106                	.insn	2, 0x0106
 5d8:	0000                	.insn	2, 0x
 5da:	0000                	.insn	2, 0x
 5dc:	1000                	.insn	2, 0x1000
 5de:	0000                	.insn	2, 0x
 5e0:	0000                	.insn	2, 0x
 5e2:	0000                	.insn	2, 0x
 5e4:	3d00                	.insn	2, 0x3d00
 5e6:	09800507          	.insn	4, 0x09800507
 5ea:	0000                	.insn	2, 0x
 5ec:	0000                	.insn	2, 0x
 5ee:	00096207          	.insn	4, 0x00096207
 5f2:	b000                	.insn	2, 0xb000
 5f4:	0106                	.insn	2, 0x0106
 5f6:	0000                	.insn	2, 0x
 5f8:	0000                	.insn	2, 0x
 5fa:	1800                	.insn	2, 0x1800
 5fc:	0000                	.insn	2, 0x
 5fe:	0000                	.insn	2, 0x
 600:	0000                	.insn	2, 0x
 602:	d800                	.insn	2, 0xd800
 604:	3205                	.insn	2, 0x3205
 606:	0006                	.insn	2, 0x0006
 608:	0100                	.insn	2, 0x0100
 60a:	096c                	.insn	2, 0x096c
 60c:	0000                	.insn	2, 0x
 60e:	0314                	.insn	2, 0x0314
 610:	0000                	.insn	2, 0x
 612:	00097607          	.insn	4, 0x00097607
 616:	b000                	.insn	2, 0xb000
 618:	0106                	.insn	2, 0x0106
 61a:	0000                	.insn	2, 0x
 61c:	0000                	.insn	2, 0x
 61e:	0c00                	.insn	2, 0x0c00
 620:	0000                	.insn	2, 0x
 622:	0000                	.insn	2, 0x
 624:	0000                	.insn	2, 0x
 626:	3d00                	.insn	2, 0x3d00
 628:	00061007          	.insn	4, 0x00061007
 62c:	0500                	.insn	2, 0x0500
 62e:	0980                	.insn	2, 0x0980
 630:	0000                	.insn	2, 0x
 632:	0a00                	.insn	2, 0x0a00
 634:	0976                	.insn	2, 0x0976
 636:	0000                	.insn	2, 0x
 638:	06bc                	.insn	2, 0x06bc
 63a:	0001                	.insn	2, 0x0001
 63c:	0000                	.insn	2, 0x
 63e:	0000                	.insn	2, 0x
 640:	000c                	.insn	2, 0x000c
 642:	0000                	.insn	2, 0x
 644:	0000                	.insn	2, 0x
 646:	0000                	.insn	2, 0x
 648:	8001053f 2a000009 	.insn	8, 0x2a0000098001053f
 650:	00000003          	lb	zero,0(zero) # 0 <_hang-0x10000>
 654:	0400                	.insn	2, 0x0400
 656:	07bd                	.insn	2, 0x07bd
 658:	0000                	.insn	2, 0x
 65a:	06d0                	.insn	2, 0x06d0
 65c:	0001                	.insn	2, 0x0001
 65e:	0000                	.insn	2, 0x
 660:	0000                	.insn	2, 0x
 662:	01d0                	.insn	2, 0x01d0
 664:	0000                	.insn	2, 0x
 666:	05da                	.insn	2, 0x05da
 668:	00000653          	.insn	4, 0x0653
 66c:	c701                	.insn	2, 0xc701
 66e:	38000007          	.insn	4, 0x38000007
 672:	00000003          	lb	zero,0(zero) # 0 <_hang-0x10000>
 676:	01028003          	lb	zero,16(t0)
 67a:	0000                	.insn	2, 0x
 67c:	0000                	.insn	2, 0x
 67e:	6200                	.insn	2, 0x6200
 680:	0009                	.insn	2, 0x0009
 682:	7200                	.insn	2, 0x7200
 684:	0006                	.insn	2, 0x0006
 686:	0200                	.insn	2, 0x0200
 688:	5a01                	.insn	2, 0x5a01
 68a:	0309                	.insn	2, 0x0309
 68c:	09f0                	.insn	2, 0x09f0
 68e:	0001                	.insn	2, 0x0001
 690:	0000                	.insn	2, 0x
 692:	0000                	.insn	2, 0x
 694:	0300                	.insn	2, 0x0300
 696:	028c                	.insn	2, 0x028c
 698:	0001                	.insn	2, 0x0001
 69a:	0000                	.insn	2, 0x
 69c:	0000                	.insn	2, 0x
 69e:	0962                	.insn	2, 0x0962
 6a0:	0000                	.insn	2, 0x
 6a2:	0691                	.insn	2, 0x0691
 6a4:	0000                	.insn	2, 0x
 6a6:	0102                	.insn	2, 0x0102
 6a8:	095a                	.insn	2, 0x095a
 6aa:	010a0003          	lb	zero,16(s4)
 6ae:	0000                	.insn	2, 0x
 6b0:	0000                	.insn	2, 0x
 6b2:	0000                	.insn	2, 0x
 6b4:	01029803          	lh	a6,16(t0)
 6b8:	0000                	.insn	2, 0x
 6ba:	0000                	.insn	2, 0x
 6bc:	6200                	.insn	2, 0x6200
 6be:	0009                	.insn	2, 0x0009
 6c0:	b000                	.insn	2, 0xb000
 6c2:	0006                	.insn	2, 0x0006
 6c4:	0200                	.insn	2, 0x0200
 6c6:	5a01                	.insn	2, 0x5a01
 6c8:	0309                	.insn	2, 0x0309
 6ca:	0a20                	.insn	2, 0x0a20
 6cc:	0001                	.insn	2, 0x0001
 6ce:	0000                	.insn	2, 0x
 6d0:	0000                	.insn	2, 0x
 6d2:	0300                	.insn	2, 0x0300
 6d4:	02a4                	.insn	2, 0x02a4
 6d6:	0001                	.insn	2, 0x0001
 6d8:	0000                	.insn	2, 0x
 6da:	0000                	.insn	2, 0x
 6dc:	0962                	.insn	2, 0x0962
 6de:	0000                	.insn	2, 0x
 6e0:	000006cf          	.insn	4, 0x06cf
 6e4:	0102                	.insn	2, 0x0102
 6e6:	095a                	.insn	2, 0x095a
 6e8:	010a3803          	ld	a6,16(s4)
 6ec:	0000                	.insn	2, 0x
 6ee:	0000                	.insn	2, 0x
 6f0:	0000                	.insn	2, 0x
 6f2:	0102b003          	ld	zero,16(t0)
 6f6:	0000                	.insn	2, 0x
 6f8:	0000                	.insn	2, 0x
 6fa:	6200                	.insn	2, 0x6200
 6fc:	0009                	.insn	2, 0x0009
 6fe:	ee00                	.insn	2, 0xee00
 700:	0006                	.insn	2, 0x0006
 702:	0200                	.insn	2, 0x0200
 704:	5a01                	.insn	2, 0x5a01
 706:	0309                	.insn	2, 0x0309
 708:	0a50                	.insn	2, 0x0a50
 70a:	0001                	.insn	2, 0x0001
 70c:	0000                	.insn	2, 0x
 70e:	0000                	.insn	2, 0x
 710:	0300                	.insn	2, 0x0300
 712:	03f8                	.insn	2, 0x03f8
 714:	0001                	.insn	2, 0x0001
 716:	0000                	.insn	2, 0x
 718:	0000                	.insn	2, 0x
 71a:	0962                	.insn	2, 0x0962
 71c:	0000                	.insn	2, 0x
 71e:	070d                	.insn	2, 0x070d
 720:	0000                	.insn	2, 0x
 722:	0102                	.insn	2, 0x0102
 724:	095a                	.insn	2, 0x095a
 726:	010a6803          	lwu	a6,16(s4)
 72a:	0000                	.insn	2, 0x
 72c:	0000                	.insn	2, 0x
 72e:	0000                	.insn	2, 0x
 730:	01040403          	lb	s0,16(s0)
 734:	0000                	.insn	2, 0x
 736:	0000                	.insn	2, 0x
 738:	6200                	.insn	2, 0x6200
 73a:	0009                	.insn	2, 0x0009
 73c:	2c00                	.insn	2, 0x2c00
 73e:	02000007          	.insn	4, 0x02000007
 742:	5a01                	.insn	2, 0x5a01
 744:	0309                	.insn	2, 0x0309
 746:	0a80                	.insn	2, 0x0a80
 748:	0001                	.insn	2, 0x0001
 74a:	0000                	.insn	2, 0x
 74c:	0000                	.insn	2, 0x
 74e:	0300                	.insn	2, 0x0300
 750:	0410                	.insn	2, 0x0410
 752:	0001                	.insn	2, 0x0001
 754:	0000                	.insn	2, 0x
 756:	0000                	.insn	2, 0x
 758:	0962                	.insn	2, 0x0962
 75a:	0000                	.insn	2, 0x
 75c:	0000074b          	.insn	4, 0x074b
 760:	0102                	.insn	2, 0x0102
 762:	095a                	.insn	2, 0x095a
 764:	010a9803          	lh	a6,16(s5)
 768:	0000                	.insn	2, 0x
 76a:	0000                	.insn	2, 0x
 76c:	0000                	.insn	2, 0x
 76e:	0105c003          	lbu	zero,16(a1) # 64000010 <_sp+0x5bff0010>
 772:	0000                	.insn	2, 0x
 774:	0000                	.insn	2, 0x
 776:	6200                	.insn	2, 0x6200
 778:	0009                	.insn	2, 0x0009
 77a:	6a00                	.insn	2, 0x6a00
 77c:	02000007          	.insn	4, 0x02000007
 780:	5a01                	.insn	2, 0x5a01
 782:	0309                	.insn	2, 0x0309
 784:	0b00                	.insn	2, 0x0b00
 786:	0001                	.insn	2, 0x0001
 788:	0000                	.insn	2, 0x
 78a:	0000                	.insn	2, 0x
 78c:	0300                	.insn	2, 0x0300
 78e:	061c                	.insn	2, 0x061c
 790:	0001                	.insn	2, 0x0001
 792:	0000                	.insn	2, 0x
 794:	0000                	.insn	2, 0x
 796:	0928                	.insn	2, 0x0928
 798:	0000                	.insn	2, 0x
 79a:	0782                	.insn	2, 0x0782
 79c:	0000                	.insn	2, 0x
 79e:	0102                	.insn	2, 0x0102
 7a0:	025a                	.insn	2, 0x025a
 7a2:	0085                	.insn	2, 0x0085
 7a4:	0b00                	.insn	2, 0x0b00
 7a6:	0714                	.insn	2, 0x0714
 7a8:	0001                	.insn	2, 0x0001
 7aa:	0000                	.insn	2, 0x
 7ac:	0000                	.insn	2, 0x
 7ae:	0962                	.insn	2, 0x0962
 7b0:	0000                	.insn	2, 0x
 7b2:	0102                	.insn	2, 0x0102
 7b4:	095a                	.insn	2, 0x095a
 7b6:	010af003          	.insn	4, 0x010af003
 7ba:	0000                	.insn	2, 0x
 7bc:	0000                	.insn	2, 0x
 7be:	0000                	.insn	2, 0x
 7c0:	0e00                	.insn	2, 0x0e00
 7c2:	00b0                	.insn	2, 0x00b0
 7c4:	0000                	.insn	2, 0x
 7c6:	bda8                	.insn	2, 0xbda8
 7c8:	0c000007          	.insn	4, 0x0c000007
 7cc:	0208                	.insn	2, 0x0208
 7ce:	0000                	.insn	2, 0x
 7d0:	28a8                	.insn	2, 0x28a8
 7d2:	0071                	.insn	2, 0x0071
 7d4:	0000                	.insn	2, 0x
 7d6:	6911                	.insn	2, 0x6911
 7d8:	aa00                	.insn	2, 0xaa00
 7da:	710c                	.insn	2, 0x710c
 7dc:	0000                	.insn	2, 0x
 7de:	0000                	.insn	2, 0x
 7e0:	500e                	.insn	2, 0x500e
 7e2:	0000                	.insn	2, 0x
 7e4:	a100                	.insn	2, 0xa100
 7e6:	000007d3          	.insn	4, 0x07d3
 7ea:	560c                	.insn	2, 0x560c
 7ec:	0000                	.insn	2, 0x
 7ee:	a100                	.insn	2, 0xa100
 7f0:	d82c                	.insn	2, 0xd82c
 7f2:	0000                	.insn	2, 0x
 7f4:	0000                	.insn	2, 0x
 7f6:	a816                	.insn	2, 0xa816
 7f8:	0001                	.insn	2, 0x0001
 7fa:	8a00                	.insn	2, 0x8a00
 7fc:	005e                	.insn	2, 0x005e
 7fe:	0000                	.insn	2, 0x
 800:	080e                	.insn	2, 0x080e
 802:	0000                	.insn	2, 0x
 804:	c80d                	.insn	2, 0xc80d
 806:	0001                	.insn	2, 0x0001
 808:	8c00                	.insn	2, 0x8c00
 80a:	fc1d                	.insn	2, 0xfc1d
 80c:	0000                	.insn	2, 0x
 80e:	1100                	.insn	2, 0x1100
 810:	0069                	.insn	2, 0x0069
 812:	0c8d                	.insn	2, 0x0c8d
 814:	00b6                	.insn	2, 0x00b6
 816:	0000                	.insn	2, 0x
 818:	0d1c                	.insn	2, 0x0d1c
 81a:	016e                	.insn	2, 0x016e
 81c:	0000                	.insn	2, 0x
 81e:	1496                	.insn	2, 0x1496
 820:	000000c7          	.insn	4, 0x00c7
 824:	c20d                	.insn	2, 0xc20d
 826:	0000                	.insn	2, 0x
 828:	9700                	.insn	2, 0x9700
 82a:	c714                	.insn	2, 0xc714
 82c:	0000                	.insn	2, 0x
 82e:	0000                	.insn	2, 0x
 830:	1600                	.insn	2, 0x1600
 832:	005d                	.insn	2, 0x005d
 834:	0000                	.insn	2, 0x
 836:	00005e6f          	jal	t3,5836 <_hang-0xa7ca>
 83a:	3e00                	.insn	2, 0x3e00
 83c:	0008                	.insn	2, 0x0008
 83e:	0d00                	.insn	2, 0x0d00
 840:	0218                	.insn	2, 0x0218
 842:	0000                	.insn	2, 0x
 844:	1971                	.insn	2, 0x1971
 846:	084e                	.insn	2, 0x084e
 848:	0000                	.insn	2, 0x
 84a:	6911                	.insn	2, 0x6911
 84c:	7700                	.insn	2, 0x7700
 84e:	b60c                	.insn	2, 0xb60c
 850:	0000                	.insn	2, 0x
 852:	1c00                	.insn	2, 0x1c00
 854:	c20d                	.insn	2, 0xc20d
 856:	0000                	.insn	2, 0x
 858:	8000                	.insn	2, 0x8000
 85a:	c714                	.insn	2, 0xc714
 85c:	0000                	.insn	2, 0x
 85e:	0000                	.insn	2, 0x
 860:	1d00                	.insn	2, 0x1d00
 862:	000000c7          	.insn	4, 0x00c7
 866:	084e                	.insn	2, 0x084e
 868:	0000                	.insn	2, 0x
 86a:	8b1e                	.insn	2, 0x8b1e
 86c:	0000                	.insn	2, 0x
 86e:	0300                	.insn	2, 0x0300
 870:	0f00                	.insn	2, 0x0f00
 872:	083e                	.insn	2, 0x083e
 874:	0000                	.insn	2, 0x
 876:	dd16                	.insn	2, 0xdd16
 878:	0001                	.insn	2, 0x0001
 87a:	6200                	.insn	2, 0x6200
 87c:	005e                	.insn	2, 0x005e
 87e:	0000                	.insn	2, 0x
 880:	088e                	.insn	2, 0x088e
 882:	0000                	.insn	2, 0x
 884:	490c                	.insn	2, 0x490c
 886:	0002                	.insn	2, 0x0002
 888:	6200                	.insn	2, 0x6200
 88a:	8e2c                	.insn	2, 0x8e2c
 88c:	0008                	.insn	2, 0x0008
 88e:	0c00                	.insn	2, 0x0c00
 890:	00c9                	.insn	2, 0x00c9
 892:	0000                	.insn	2, 0x
 894:	4662                	.insn	2, 0x4662
 896:	000000f7          	.insn	4, 0x00f7
 89a:	6e0c                	.insn	2, 0x6e0c
 89c:	0001                	.insn	2, 0x0001
 89e:	6200                	.insn	2, 0x6200
 8a0:	b655                	.insn	2, 0xb655
 8a2:	0000                	.insn	2, 0x
 8a4:	0c00                	.insn	2, 0x0c00
 8a6:	00c2                	.insn	2, 0x00c2
 8a8:	0000                	.insn	2, 0x
 8aa:	6862                	.insn	2, 0x6862
 8ac:	00b6                	.insn	2, 0x00b6
 8ae:	0000                	.insn	2, 0x
 8b0:	1900                	.insn	2, 0x1900
 8b2:	089a                	.insn	2, 0x089a
 8b4:	0000                	.insn	2, 0x
 8b6:	0108                	.insn	2, 0x0108
 8b8:	6908                	.insn	2, 0x6908
 8ba:	0001                	.insn	2, 0x0001
 8bc:	0f00                	.insn	2, 0x0f00
 8be:	00000893          	li	a7,0
 8c2:	8126                	.insn	2, 0x8126
 8c4:	0000                	.insn	2, 0x
 8c6:	0100                	.insn	2, 0x0100
 8c8:	006c0d57          	.insn	4, 0x006c0d57
 8cc:	0001                	.insn	2, 0x0001
 8ce:	0000                	.insn	2, 0x
 8d0:	0000                	.insn	2, 0x
 8d2:	0068                	.insn	2, 0x0068
 8d4:	0000                	.insn	2, 0x
 8d6:	0000                	.insn	2, 0x
 8d8:	0000                	.insn	2, 0x
 8da:	9c01                	.insn	2, 0x9c01
 8dc:	0928                	.insn	2, 0x0928
 8de:	0000                	.insn	2, 0x
 8e0:	0001f827          	.insn	4, 0x0001f827
 8e4:	0100                	.insn	2, 0x0100
 8e6:	00b62257          	.insn	4, 0x00b62257
 8ea:	0000                	.insn	2, 0x
 8ec:	034a                	.insn	2, 0x034a
 8ee:	0000                	.insn	2, 0x
 8f0:	00006c13          	ori	s8,zero,0
 8f4:	5900                	.insn	2, 0x5900
 8f6:	00005e07          	.insn	4, 0x5e07
 8fa:	6600                	.insn	2, 0x6600
 8fc:	28000003          	lb	zero,640(zero) # 280 <_hang-0xfd80>
 900:	003d                	.insn	2, 0x003d
 902:	0000                	.insn	2, 0x
 904:	090c                	.insn	2, 0x090c
 906:	0000                	.insn	2, 0x
 908:	cd1a                	.insn	2, 0xcd1a
 90a:	0001                	.insn	2, 0x0001
 90c:	5d00                	.insn	2, 0x5d00
 90e:	c714                	.insn	2, 0xc714
 910:	0000                	.insn	2, 0x
 912:	0100                	.insn	2, 0x0100
 914:	0976105b          	.insn	4, 0x0976105b
 918:	0000                	.insn	2, 0x
 91a:	0090                	.insn	2, 0x0090
 91c:	0001                	.insn	2, 0x0001
 91e:	0000                	.insn	2, 0x
 920:	0000                	.insn	2, 0x
 922:	004d                	.insn	2, 0x004d
 924:	0000                	.insn	2, 0x
 926:	055e                	.insn	2, 0x055e
 928:	8005                	.insn	2, 0x8005
 92a:	0009                	.insn	2, 0x0009
 92c:	0000                	.insn	2, 0x
 92e:	0b00                	.insn	2, 0x0b00
 930:	0088                	.insn	2, 0x0088
 932:	0001                	.insn	2, 0x0001
 934:	0000                	.insn	2, 0x
 936:	0000                	.insn	2, 0x
 938:	0962                	.insn	2, 0x0962
 93a:	0000                	.insn	2, 0x
 93c:	0102                	.insn	2, 0x0102
 93e:	095a                	.insn	2, 0x095a
 940:	01099003          	lh	zero,16(s3)
 944:	0000                	.insn	2, 0x
 946:	0000                	.insn	2, 0x
 948:	0000                	.insn	2, 0x
 94a:	0e00                	.insn	2, 0x0e00
 94c:	022c                	.insn	2, 0x022c
 94e:	0000                	.insn	2, 0x
 950:	00095243          	.insn	4, 0x00095243
 954:	0c00                	.insn	2, 0x0c00
 956:	01f8                	.insn	2, 0x01f8
 958:	0000                	.insn	2, 0x
 95a:	00cc2043          	.insn	4, 0x00cc2043
 95e:	0000                	.insn	2, 0x
 960:	8d0d                	.insn	2, 0x8d0d
 962:	0000                	.insn	2, 0x
 964:	4500                	.insn	2, 0x4500
 966:	5208                	.insn	2, 0x5208
 968:	0009                	.insn	2, 0x0009
 96a:	1100                	.insn	2, 0x1100
 96c:	0069                	.insn	2, 0x0069
 96e:	0746                	.insn	2, 0x0746
 970:	005e                	.insn	2, 0x005e
 972:	0000                	.insn	2, 0x
 974:	1d00                	.insn	2, 0x1d00
 976:	00000893          	li	a7,0
 97a:	0962                	.insn	2, 0x0962
 97c:	0000                	.insn	2, 0x
 97e:	8b1e                	.insn	2, 0x8b1e
 980:	0000                	.insn	2, 0x
 982:	1400                	.insn	2, 0x1400
 984:	0e00                	.insn	2, 0x0e00
 986:	0000024f          	.insn	4, 0x024f
 98a:	7639                	.insn	2, 0x7639
 98c:	0009                	.insn	2, 0x0009
 98e:	1f00                	.insn	2, 0x1f00
 990:	23390073          	.insn	4, 0x23390073
 994:	088e                	.insn	2, 0x088e
 996:	0000                	.insn	2, 0x
 998:	0e00                	.insn	2, 0x0e00
 99a:	0236                	.insn	2, 0x0236
 99c:	0000                	.insn	2, 0x
 99e:	8a32                	.insn	2, 0x8a32
 9a0:	0009                	.insn	2, 0x0009
 9a2:	1f00                	.insn	2, 0x1f00
 9a4:	1c320063          	beq	tp,gp,b64 <_hang-0xf49c>
 9a8:	00000893          	li	a7,0
 9ac:	1700                	.insn	2, 0x1700
 9ae:	00000177          	.insn	4, 0x0177
 9b2:	172c                	.insn	2, 0x172c
 9b4:	01fe                	.insn	2, 0x01fe
 9b6:	0000                	.insn	2, 0x
 9b8:	1721                	.insn	2, 0x1721
 9ba:	00ce                	.insn	2, 0x00ce
 9bc:	0000                	.insn	2, 0x
 9be:	201a                	.insn	2, 0x201a
 9c0:	0962                	.insn	2, 0x0962
 9c2:	0000                	.insn	2, 0x
 9c4:	0020                	.insn	2, 0x0020
 9c6:	0001                	.insn	2, 0x0001
 9c8:	0000                	.insn	2, 0x
 9ca:	0000                	.insn	2, 0x
 9cc:	004c                	.insn	2, 0x004c
 9ce:	0000                	.insn	2, 0x
 9d0:	0000                	.insn	2, 0x
 9d2:	0000                	.insn	2, 0x
 9d4:	9c01                	.insn	2, 0x9c01
 9d6:	09ff 0000 6c01 0009 	.insn	10, 0x7b0000096c01000009ff
 9de:	7b00 
 9e0:	04000003          	lb	zero,64(zero) # 40 <_hang-0xffc0>
 9e4:	0976                	.insn	2, 0x0976
 9e6:	0000                	.insn	2, 0x
 9e8:	002c                	.insn	2, 0x002c
 9ea:	0001                	.insn	2, 0x0001
 9ec:	0000                	.insn	2, 0x
 9ee:	0000                	.insn	2, 0x
 9f0:	002d                	.insn	2, 0x002d
 9f2:	0000                	.insn	2, 0x
 9f4:	073d                	.insn	2, 0x073d
 9f6:	09dd                	.insn	2, 0x09dd
 9f8:	0000                	.insn	2, 0x
 9fa:	8005                	.insn	2, 0x8005
 9fc:	0009                	.insn	2, 0x0009
 9fe:	0000                	.insn	2, 0x
 a00:	760a                	.insn	2, 0x760a
 a02:	0009                	.insn	2, 0x0009
 a04:	4000                	.insn	2, 0x4000
 a06:	0100                	.insn	2, 0x0100
 a08:	0000                	.insn	2, 0x
 a0a:	0000                	.insn	2, 0x
 a0c:	1000                	.insn	2, 0x1000
 a0e:	0000                	.insn	2, 0x
 a10:	0000                	.insn	2, 0x
 a12:	0000                	.insn	2, 0x
 a14:	3f00                	.insn	2, 0x3f00
 a16:	0105                	.insn	2, 0x0105
 a18:	0980                	.insn	2, 0x0980
 a1a:	0000                	.insn	2, 0x
 a1c:	0000038f          	.insn	4, 0x038f
 a20:	0000                	.insn	2, 0x
 a22:	2820                	.insn	2, 0x2820
 a24:	0009                	.insn	2, 0x0009
 a26:	d400                	.insn	2, 0xd400
 a28:	0100                	.insn	2, 0x0100
 a2a:	0000                	.insn	2, 0x
 a2c:	0000                	.insn	2, 0x
 a2e:	bc00                	.insn	2, 0xbc00
 a30:	0000                	.insn	2, 0x
 a32:	0000                	.insn	2, 0x
 a34:	0000                	.insn	2, 0x
 a36:	0100                	.insn	2, 0x0100
 a38:	9a9c                	.insn	2, 0x9a9c
 a3a:	000a                	.insn	2, 0x000a
 a3c:	0100                	.insn	2, 0x0100
 a3e:	0932                	.insn	2, 0x0932
 a40:	0000                	.insn	2, 0x
 a42:	039c                	.insn	2, 0x039c
 a44:	0000                	.insn	2, 0x
 a46:	3d29                	.insn	2, 0x3d29
 a48:	0009                	.insn	2, 0x0009
 a4a:	0200                	.insn	2, 0x0200
 a4c:	6891                	.insn	2, 0x6891
 a4e:	4809                	.insn	2, 0x4809
 a50:	0009                	.insn	2, 0x0009
 a52:	bb00                	.insn	2, 0xbb00
 a54:	04000003          	lb	zero,64(zero) # 40 <_hang-0xffc0>
 a58:	0976                	.insn	2, 0x0976
 a5a:	0000                	.insn	2, 0x
 a5c:	0150                	.insn	2, 0x0150
 a5e:	0001                	.insn	2, 0x0001
 a60:	0000                	.insn	2, 0x
 a62:	0000                	.insn	2, 0x
 a64:	005d                	.insn	2, 0x005d
 a66:	0000                	.insn	2, 0x
 a68:	0a550553          	.insn	4, 0x0a550553
 a6c:	0000                	.insn	2, 0x
 a6e:	8001                	.insn	2, 0x8001
 a70:	0009                	.insn	2, 0x0009
 a72:	5e00                	.insn	2, 0x5e00
 a74:	0004                	.insn	2, 0x0004
 a76:	0000                	.insn	2, 0x
 a78:	280a                	.insn	2, 0x280a
 a7a:	0009                	.insn	2, 0x0009
 a7c:	7800                	.insn	2, 0x7800
 a7e:	0101                	.insn	2, 0x0101
 a80:	0000                	.insn	2, 0x
 a82:	0000                	.insn	2, 0x
 a84:	1800                	.insn	2, 0x1800
 a86:	0000                	.insn	2, 0x
 a88:	0000                	.insn	2, 0x
 a8a:	0000                	.insn	2, 0x
 a8c:	4300                	.insn	2, 0x4300
 a8e:	050d                	.insn	2, 0x050d
 a90:	0932                	.insn	2, 0x0932
 a92:	0000                	.insn	2, 0x
 a94:	3d21                	.insn	2, 0x3d21
 a96:	0009                	.insn	2, 0x0009
 a98:	2100                	.insn	2, 0x2100
 a9a:	0948                	.insn	2, 0x0948
 a9c:	0000                	.insn	2, 0x
 a9e:	760a                	.insn	2, 0x760a
 aa0:	0009                	.insn	2, 0x0009
 aa2:	7800                	.insn	2, 0x7800
 aa4:	0101                	.insn	2, 0x0101
 aa6:	0000                	.insn	2, 0x
 aa8:	0000                	.insn	2, 0x
 aaa:	1400                	.insn	2, 0x1400
 aac:	0000                	.insn	2, 0x
 aae:	0000                	.insn	2, 0x
 ab0:	0000                	.insn	2, 0x
 ab2:	4900                	.insn	2, 0x4900
 ab4:	0505                	.insn	2, 0x0505
 ab6:	0980                	.insn	2, 0x0980
 ab8:	0000                	.insn	2, 0x
 aba:	0000                	.insn	2, 0x
 abc:	2a00                	.insn	2, 0x2a00
 abe:	00000853          	.insn	4, 0x0853
 ac2:	0190                	.insn	2, 0x0190
 ac4:	0001                	.insn	2, 0x0001
 ac6:	0000                	.insn	2, 0x
 ac8:	0000                	.insn	2, 0x
 aca:	0080                	.insn	2, 0x0080
 acc:	0000                	.insn	2, 0x
 ace:	0000                	.insn	2, 0x
 ad0:	0000                	.insn	2, 0x
 ad2:	9c01                	.insn	2, 0x9c01
 ad4:	6101                	.insn	2, 0x6101
 ad6:	0008                	.insn	2, 0x0008
 ad8:	6b00                	.insn	2, 0x6b00
 ada:	0004                	.insn	2, 0x0004
 adc:	0100                	.insn	2, 0x0100
 ade:	086c                	.insn	2, 0x086c
 ae0:	0000                	.insn	2, 0x
 ae2:	00000483          	lb	s1,0(zero) # 0 <_hang-0x10000>
 ae6:	7701                	.insn	2, 0x7701
 ae8:	0008                	.insn	2, 0x0008
 aea:	a200                	.insn	2, 0xa200
 aec:	0004                	.insn	2, 0x0004
 aee:	0100                	.insn	2, 0x0100
 af0:	0882                	.insn	2, 0x0882
 af2:	0000                	.insn	2, 0x
 af4:	04c1                	.insn	2, 0x04c1
 af6:	0000                	.insn	2, 0x
 af8:	0101b403          	ld	s0,16(gp)
 afc:	0000                	.insn	2, 0x
 afe:	0000                	.insn	2, 0x
 b00:	6200                	.insn	2, 0x6200
 b02:	0009                	.insn	2, 0x0009
 b04:	ee00                	.insn	2, 0xee00
 b06:	000a                	.insn	2, 0x000a
 b08:	0200                	.insn	2, 0x0200
 b0a:	5a01                	.insn	2, 0x5a01
 b0c:	5a01a303          	lw	t1,1440(gp)
 b10:	0300                	.insn	2, 0x0300
 b12:	01c0                	.insn	2, 0x01c0
 b14:	0001                	.insn	2, 0x0001
 b16:	0000                	.insn	2, 0x
 b18:	0000                	.insn	2, 0x
 b1a:	0962                	.insn	2, 0x0962
 b1c:	0000                	.insn	2, 0x
 b1e:	0b0d                	.insn	2, 0x0b0d
 b20:	0000                	.insn	2, 0x
 b22:	0102                	.insn	2, 0x0102
 b24:	095a                	.insn	2, 0x095a
 b26:	01099803          	lh	a6,16(s3)
 b2a:	0000                	.insn	2, 0x
 b2c:	0000                	.insn	2, 0x
 b2e:	0000                	.insn	2, 0x
 b30:	0101c803          	lbu	a6,16(gp)
 b34:	0000                	.insn	2, 0x
 b36:	0000                	.insn	2, 0x
 b38:	9f00                	.insn	2, 0x9f00
 b3a:	0008                	.insn	2, 0x0008
 b3c:	2500                	.insn	2, 0x2500
 b3e:	0200000b          	.insn	4, 0x0200000b
 b42:	5a01                	.insn	2, 0x5a01
 b44:	8202                	.insn	2, 0x8202
 b46:	0000                	.insn	2, 0x
 b48:	0101d403          	lhu	s0,16(gp)
 b4c:	0000                	.insn	2, 0x
 b4e:	0000                	.insn	2, 0x
 b50:	6200                	.insn	2, 0x6200
 b52:	0009                	.insn	2, 0x0009
 b54:	4400                	.insn	2, 0x4400
 b56:	0200000b          	.insn	4, 0x0200000b
 b5a:	5a01                	.insn	2, 0x5a01
 b5c:	0309                	.insn	2, 0x0309
 b5e:	09a8                	.insn	2, 0x09a8
 b60:	0001                	.insn	2, 0x0001
 b62:	0000                	.insn	2, 0x
 b64:	0000                	.insn	2, 0x
 b66:	0300                	.insn	2, 0x0300
 b68:	01dc                	.insn	2, 0x01dc
 b6a:	0001                	.insn	2, 0x0001
 b6c:	0000                	.insn	2, 0x
 b6e:	0000                	.insn	2, 0x
 b70:	089f 0000 0b5c      	.insn	6, 0x0b5c0000089f
 b76:	0000                	.insn	2, 0x
 b78:	0102                	.insn	2, 0x0102
 b7a:	025a                	.insn	2, 0x025a
 b7c:	0079                	.insn	2, 0x0079
 b7e:	0300                	.insn	2, 0x0300
 b80:	01e8                	.insn	2, 0x01e8
 b82:	0001                	.insn	2, 0x0001
 b84:	0000                	.insn	2, 0x
 b86:	0000                	.insn	2, 0x
 b88:	0962                	.insn	2, 0x0962
 b8a:	0000                	.insn	2, 0x
 b8c:	00000b7b          	.insn	4, 0x0b7b
 b90:	0102                	.insn	2, 0x0102
 b92:	095a                	.insn	2, 0x095a
 b94:	0109b003          	ld	zero,16(s3)
 b98:	0000                	.insn	2, 0x
 b9a:	0000                	.insn	2, 0x
 b9c:	0000                	.insn	2, 0x
 b9e:	0101f003          	.insn	4, 0x0101f003
 ba2:	0000                	.insn	2, 0x
 ba4:	0000                	.insn	2, 0x
 ba6:	9f00                	.insn	2, 0x9f00
 ba8:	0008                	.insn	2, 0x0008
 baa:	9300                	.insn	2, 0x9300
 bac:	0200000b          	.insn	4, 0x0200000b
 bb0:	5a01                	.insn	2, 0x5a01
 bb2:	7802                	.insn	2, 0x7802
 bb4:	0000                	.insn	2, 0x
 bb6:	0102102b          	.insn	4, 0x0102102b
 bba:	0000                	.insn	2, 0x
 bbc:	0000                	.insn	2, 0x
 bbe:	6200                	.insn	2, 0x6200
 bc0:	0009                	.insn	2, 0x0009
 bc2:	0200                	.insn	2, 0x0200
 bc4:	5a01                	.insn	2, 0x5a01
 bc6:	0309                	.insn	2, 0x0309
 bc8:	0a30                	.insn	2, 0x0a30
 bca:	0001                	.insn	2, 0x0001
 bcc:	0000                	.insn	2, 0x
 bce:	0000                	.insn	2, 0x
 bd0:	0000                	.insn	2, 0x
 bd2:	a400                	.insn	2, 0xa400
 bd4:	05000003          	lb	zero,80(zero) # 50 <_hang-0xffb0>
 bd8:	0100                	.insn	2, 0x0100
 bda:	7608                	.insn	2, 0x7608
 bdc:	0002                	.insn	2, 0x0002
 bde:	1400                	.insn	2, 0x1400
 be0:	00d8                	.insn	2, 0x00d8
 be2:	0000                	.insn	2, 0x
 be4:	fd1d                	.insn	2, 0xfd1d
 be6:	0000                	.insn	2, 0x
 be8:	0000                	.insn	2, 0x
 bea:	0000                	.insn	2, 0x
 bec:	4c00                	.insn	2, 0x4c00
 bee:	00000107          	.insn	4, 0x0107
 bf2:	0000                	.insn	2, 0x
 bf4:	0000                	.insn	2, 0x
 bf6:	0002                	.insn	2, 0x0002
 bf8:	0000                	.insn	2, 0x
 bfa:	0000                	.insn	2, 0x
 bfc:	e900                	.insn	2, 0xe900
 bfe:	0014                	.insn	2, 0x0014
 c00:	0300                	.insn	2, 0x0300
 c02:	0289                	.insn	2, 0x0289
 c04:	0000                	.insn	2, 0x
 c06:	3a1b2803          	lw	a6,929(s6)
 c0a:	0000                	.insn	2, 0x
 c0c:	1500                	.insn	2, 0x1500
 c0e:	6708                	.insn	2, 0x6708
 c10:	0002                	.insn	2, 0x0002
 c12:	0300                	.insn	2, 0x0300
 c14:	0290                	.insn	2, 0x0290
 c16:	0000                	.insn	2, 0x
 c18:	2e186703          	lwu	a4,737(a6)
 c1c:	0000                	.insn	2, 0x
 c1e:	0100                	.insn	2, 0x0100
 c20:	0601                	.insn	2, 0x0601
 c22:	0162                	.insn	2, 0x0162
 c24:	0000                	.insn	2, 0x
 c26:	0101                	.insn	2, 0x0101
 c28:	6008                	.insn	2, 0x6008
 c2a:	0001                	.insn	2, 0x0001
 c2c:	0100                	.insn	2, 0x0100
 c2e:	0502                	.insn	2, 0x0502
 c30:	020e                	.insn	2, 0x020e
 c32:	0000                	.insn	2, 0x
 c34:	0201                	.insn	2, 0x0201
 c36:	00019507          	.insn	4, 0x00019507
 c3a:	0300                	.insn	2, 0x0300
 c3c:	0094                	.insn	2, 0x0094
 c3e:	0000                	.insn	2, 0x
 c40:	4d04                	.insn	2, 0x4d04
 c42:	7418                	.insn	2, 0x7418
 c44:	0000                	.insn	2, 0x
 c46:	1600                	.insn	2, 0x1600
 c48:	0504                	.insn	2, 0x0504
 c4a:	6e69                	.insn	2, 0x6e69
 c4c:	0074                	.insn	2, 0x0074
 c4e:	0001b803          	ld	a6,0(gp)
 c52:	0400                	.insn	2, 0x0400
 c54:	0087194f          	.insn	4, 0x0087194f
 c58:	0000                	.insn	2, 0x
 c5a:	0401                	.insn	2, 0x0401
 c5c:	00018807          	.insn	4, 0x00018807
 c60:	0100                	.insn	2, 0x0100
 c62:	0508                	.insn	2, 0x0508
 c64:	0240                	.insn	2, 0x0240
 c66:	0000                	.insn	2, 0x
 c68:	0801                	.insn	2, 0x0801
 c6a:	00018307          	.insn	4, 0x00018307
 c6e:	0300                	.insn	2, 0x0300
 c70:	0096                	.insn	2, 0x0096
 c72:	0000                	.insn	2, 0x
 c74:	2c05                	.insn	2, 0x2c05
 c76:	00006813          	ori	a6,zero,0
 c7a:	0300                	.insn	2, 0x0300
 c7c:	01ba                	.insn	2, 0x01ba
 c7e:	0000                	.insn	2, 0x
 c80:	3005                	.insn	2, 0x3005
 c82:	7b14                	.insn	2, 0x7b14
 c84:	0000                	.insn	2, 0x
 c86:	1700                	.insn	2, 0x1700
 c88:	00a8                	.insn	2, 0x00a8
 c8a:	0000                	.insn	2, 0x
 c8c:	a918                	.insn	2, 0xa918
 c8e:	0002                	.insn	2, 0x0002
 c90:	0200                	.insn	2, 0x0200
 c92:	00ce2213          	slti	tp,t3,12
 c96:	0000                	.insn	2, 0x
 c98:	0000                	.insn	2, 0x
 c9a:	6400                	.insn	2, 0x6400
 c9c:	b40c                	.insn	2, 0xb40c
 c9e:	0000                	.insn	2, 0x
 ca0:	0d00                	.insn	2, 0x0d00
 ca2:	00c9                	.insn	2, 0x00c9
 ca4:	0000                	.insn	2, 0x
 ca6:	810e                	.insn	2, 0x810e
 ca8:	0002                	.insn	2, 0x0002
 caa:	1600                	.insn	2, 0x1600
 cac:	079c                	.insn	2, 0x079c
 cae:	0001                	.insn	2, 0x0001
 cb0:	0000                	.insn	2, 0x
 cb2:	0000                	.insn	2, 0x
 cb4:	01b0                	.insn	2, 0x01b0
 cb6:	0000                	.insn	2, 0x
 cb8:	0000                	.insn	2, 0x
 cba:	0000                	.insn	2, 0x
 cbc:	9c01                	.insn	2, 0x9c01
 cbe:	0000026b          	.insn	4, 0x026b
 cc2:	746d660f          	.insn	4, 0x746d660f
 cc6:	1600                	.insn	2, 0x1600
 cc8:	6b1a                	.insn	2, 0x6b1a
 cca:	0002                	.insn	2, 0x0002
 ccc:	ec00                	.insn	2, 0xec00
 cce:	0004                	.insn	2, 0x0004
 cd0:	1900                	.insn	2, 0x1900
 cd2:	761a                	.insn	2, 0x761a
 cd4:	006c                	.insn	2, 0x006c
 cd6:	1801                	.insn	2, 0x1801
 cd8:	400a                	.insn	2, 0x400a
 cda:	0000                	.insn	2, 0x
 cdc:	0300                	.insn	2, 0x0300
 cde:	b891                	.insn	2, 0xb891
 ce0:	087f 0298 0000 7c07 	.insn	10, 0x00027c0700000298087f
 ce8:	0002 
 cea:	4700                	.insn	2, 0x4700
 cec:	0005                	.insn	2, 0x0005
 cee:	0800                	.insn	2, 0x0800
 cf0:	0279                	.insn	2, 0x0279
 cf2:	0000                	.insn	2, 0x
 cf4:	7c12                	.insn	2, 0x7c12
 cf6:	0002                	.insn	2, 0x0002
 cf8:	8700                	.insn	2, 0x8700
 cfa:	0005                	.insn	2, 0x0005
 cfc:	0800                	.insn	2, 0x0800
 cfe:	025f 0000 7c1b      	.insn	6, 0x7c1b0000025f
 d04:	0002                	.insn	2, 0x0002
 d06:	be00                	.insn	2, 0xbe00
 d08:	0005                	.insn	2, 0x0005
 d0a:	0700                	.insn	2, 0x0700
 d0c:	071a0063          	beq	s4,a7,d6c <_hang-0xf294>
 d10:	0270                	.insn	2, 0x0270
 d12:	0000                	.insn	2, 0x
 d14:	05f5                	.insn	2, 0x05f5
 d16:	0000                	.insn	2, 0x
 d18:	00020e1b          	sext.w	t3,tp
 d1c:	a900                	.insn	2, 0xa900
 d1e:	0001                	.insn	2, 0x0001
 d20:	0700                	.insn	2, 0x0700
 d22:	006e                	.insn	2, 0x006e
 d24:	132a                	.insn	2, 0x132a
 d26:	0095                	.insn	2, 0x0095
 d28:	0000                	.insn	2, 0x
 d2a:	0634                	.insn	2, 0x0634
 d2c:	0000                	.insn	2, 0x
 d2e:	2b006907          	.insn	4, 0x2b006907
 d32:	8e0a                	.insn	2, 0x8e0a
 d34:	0000                	.insn	2, 0x
 d36:	4300                	.insn	2, 0x4300
 d38:	0006                	.insn	2, 0x0006
 d3a:	0600                	.insn	2, 0x0600
 d3c:	0219                	.insn	2, 0x0219
 d3e:	0000                	.insn	2, 0x
 d40:	34006407          	.insn	4, 0x34006407
 d44:	00008e0b          	.insn	4, 0x8e0b
 d48:	5400                	.insn	2, 0x5400
 d4a:	0006                	.insn	2, 0x0006
 d4c:	1000                	.insn	2, 0x1000
 d4e:	037e                	.insn	2, 0x037e
 d50:	0000                	.insn	2, 0x
 d52:	0858                	.insn	2, 0x0858
 d54:	0001                	.insn	2, 0x0001
 d56:	0000                	.insn	2, 0x
 d58:	0000                	.insn	2, 0x
 d5a:	0224                	.insn	2, 0x0224
 d5c:	0000                	.insn	2, 0x
 d5e:	0636                	.insn	2, 0x0636
 d60:	8704                	.insn	2, 0x8704
 d62:	06000003          	lb	zero,96(zero) # 60 <_hang-0xffa0>
 d66:	0224                	.insn	2, 0x0224
 d68:	0000                	.insn	2, 0x
 d6a:	9105                	.insn	2, 0x9105
 d6c:	02000003          	lb	zero,32(zero) # 20 <_hang-0xffe0>
 d70:	039c                	.insn	2, 0x039c
 d72:	0000                	.insn	2, 0x
 d74:	066d                	.insn	2, 0x066d
 d76:	0000                	.insn	2, 0x
 d78:	0000                	.insn	2, 0x
 d7a:	0000                	.insn	2, 0x
 d7c:	7e11                	.insn	2, 0x7e11
 d7e:	e0000003          	lb	zero,-512(zero) # fffffffffffffe00 <_sp+0xfffffffff7fefe00>
 d82:	00000107          	.insn	4, 0x0107
 d86:	0000                	.insn	2, 0x
 d88:	0300                	.insn	2, 0x0300
 d8a:	0002                	.insn	2, 0x0002
 d8c:	4700                	.insn	2, 0x4700
 d8e:	da04                	.insn	2, 0xda04
 d90:	0001                	.insn	2, 0x0001
 d92:	0400                	.insn	2, 0x0400
 d94:	00000387          	.insn	4, 0x0387
 d98:	0306                	.insn	2, 0x0306
 d9a:	0002                	.insn	2, 0x0002
 d9c:	0500                	.insn	2, 0x0500
 d9e:	0391                	.insn	2, 0x0391
 da0:	0000                	.insn	2, 0x
 da2:	9c02                	.insn	2, 0x9c02
 da4:	75000003          	lb	zero,1872(zero) # 750 <_hang-0xf8b0>
 da8:	0006                	.insn	2, 0x0006
 daa:	0000                	.insn	2, 0x
 dac:	1100                	.insn	2, 0x1100
 dae:	037e                	.insn	2, 0x037e
 db0:	0000                	.insn	2, 0x
 db2:	08a0                	.insn	2, 0x08a0
 db4:	0001                	.insn	2, 0x0001
 db6:	0000                	.insn	2, 0x
 db8:	0000                	.insn	2, 0x
 dba:	0000022f          	.insn	4, 0x022f
 dbe:	053e                	.insn	2, 0x053e
 dc0:	00000213          	li	tp,0
 dc4:	8709                	.insn	2, 0x8709
 dc6:	7d000003          	lb	zero,2000(zero) # 7d0 <_hang-0xf830>
 dca:	0006                	.insn	2, 0x0006
 dcc:	0600                	.insn	2, 0x0600
 dce:	0000022f          	.insn	4, 0x022f
 dd2:	9102                	.insn	2, 0x9102
 dd4:	85000003          	lb	zero,-1968(zero) # fffffffffffff850 <_sp+0xfffffffff7fef850>
 dd8:	0006                	.insn	2, 0x0006
 dda:	0200                	.insn	2, 0x0200
 ddc:	039c                	.insn	2, 0x039c
 dde:	0000                	.insn	2, 0x
 de0:	0690                	.insn	2, 0x0690
 de2:	0000                	.insn	2, 0x
 de4:	0000                	.insn	2, 0x
 de6:	5c10                	.insn	2, 0x5c10
 de8:	d4000003          	lb	zero,-704(zero) # fffffffffffffd40 <_sp+0xfffffffff7fefd40>
 dec:	0108                	.insn	2, 0x0108
 dee:	0000                	.insn	2, 0x
 df0:	0000                	.insn	2, 0x
 df2:	3f00                	.insn	2, 0x3f00
 df4:	0002                	.insn	2, 0x0002
 df6:	3b00                	.insn	2, 0x3b00
 df8:	0905                	.insn	2, 0x0905
 dfa:	0369                	.insn	2, 0x0369
 dfc:	0000                	.insn	2, 0x
 dfe:	0698                	.insn	2, 0x0698
 e00:	0000                	.insn	2, 0x
 e02:	3f06                	.insn	2, 0x3f06
 e04:	0002                	.insn	2, 0x0002
 e06:	0200                	.insn	2, 0x0200
 e08:	00000373          	.insn	4, 0x0373
 e0c:	06a0                	.insn	2, 0x06a0
 e0e:	0000                	.insn	2, 0x
 e10:	7e0a                	.insn	2, 0x7e0a
 e12:	e4000003          	lb	zero,-448(zero) # fffffffffffffe40 <_sp+0xfffffffff7fefe40>
 e16:	0108                	.insn	2, 0x0108
 e18:	0000                	.insn	2, 0x
 e1a:	0000                	.insn	2, 0x
 e1c:	1000                	.insn	2, 0x1000
 e1e:	0000                	.insn	2, 0x
 e20:	0000                	.insn	2, 0x
 e22:	0000                	.insn	2, 0x
 e24:	0c00                	.insn	2, 0x0c00
 e26:	03870403          	lb	s0,56(a4)
 e2a:	0000                	.insn	2, 0x
 e2c:	9105                	.insn	2, 0x9105
 e2e:	02000003          	lb	zero,32(zero) # 20 <_hang-0xffe0>
 e32:	039c                	.insn	2, 0x039c
 e34:	0000                	.insn	2, 0x
 e36:	000006af          	.insn	4, 0x06af
 e3a:	0000                	.insn	2, 0x
 e3c:	0000                	.insn	2, 0x
 e3e:	770c                	.insn	2, 0x770c
 e40:	0002                	.insn	2, 0x0002
 e42:	0100                	.insn	2, 0x0100
 e44:	0801                	.insn	2, 0x0801
 e46:	0169                	.insn	2, 0x0169
 e48:	0000                	.insn	2, 0x
 e4a:	700d                	.insn	2, 0x700d
 e4c:	0002                	.insn	2, 0x0002
 e4e:	0100                	.insn	2, 0x0100
 e50:	0201                	.insn	2, 0x0201
 e52:	02b4                	.insn	2, 0x02b4
 e54:	0000                	.insn	2, 0x
 e56:	a30e                	.insn	2, 0xa30e
 e58:	0002                	.insn	2, 0x0002
 e5a:	0f00                	.insn	2, 0x0f00
 e5c:	074c                	.insn	2, 0x074c
 e5e:	0001                	.insn	2, 0x0001
 e60:	0000                	.insn	2, 0x
 e62:	0000                	.insn	2, 0x
 e64:	0050                	.insn	2, 0x0050
 e66:	0000                	.insn	2, 0x
 e68:	0000                	.insn	2, 0x
 e6a:	0000                	.insn	2, 0x
 e6c:	9c01                	.insn	2, 0x9c01
 e6e:	035c                	.insn	2, 0x035c
 e70:	0000                	.insn	2, 0x
 e72:	0f00730f          	.insn	4, 0x0f00730f
 e76:	6b18                	.insn	2, 0x6b18
 e78:	0002                	.insn	2, 0x0002
 e7a:	b700                	.insn	2, 0xb700
 e7c:	0006                	.insn	2, 0x0006
 e7e:	1200                	.insn	2, 0x1200
 e80:	035c                	.insn	2, 0x035c
 e82:	0000                	.insn	2, 0x
 e84:	074c                	.insn	2, 0x074c
 e86:	0001                	.insn	2, 0x0001
 e88:	0000                	.insn	2, 0x
 e8a:	0000                	.insn	2, 0x
 e8c:	0024                	.insn	2, 0x0024
 e8e:	0000                	.insn	2, 0x
 e90:	0000                	.insn	2, 0x
 e92:	0000                	.insn	2, 0x
 e94:	0411                	.insn	2, 0x0411
 e96:	09000003          	lb	zero,144(zero) # 90 <_hang-0xff70>
 e9a:	0369                	.insn	2, 0x0369
 e9c:	0000                	.insn	2, 0x
 e9e:	06c5                	.insn	2, 0x06c5
 ea0:	0000                	.insn	2, 0x
 ea2:	7302                	.insn	2, 0x7302
 ea4:	cb000003          	lb	zero,-848(zero) # fffffffffffffcb0 <_sp+0xfffffffff7fefcb0>
 ea8:	0006                	.insn	2, 0x0006
 eaa:	0a00                	.insn	2, 0x0a00
 eac:	037e                	.insn	2, 0x037e
 eae:	0000                	.insn	2, 0x
 eb0:	0754                	.insn	2, 0x0754
 eb2:	0001                	.insn	2, 0x0001
 eb4:	0000                	.insn	2, 0x
 eb6:	0000                	.insn	2, 0x
 eb8:	0010                	.insn	2, 0x0010
 eba:	0000                	.insn	2, 0x
 ebc:	0000                	.insn	2, 0x
 ebe:	0000                	.insn	2, 0x
 ec0:	030c                	.insn	2, 0x030c
 ec2:	8704                	.insn	2, 0x8704
 ec4:	05000003          	lb	zero,80(zero) # 50 <_hang-0xffb0>
 ec8:	0391                	.insn	2, 0x0391
 eca:	0000                	.insn	2, 0x
 ecc:	9c02                	.insn	2, 0x9c02
 ece:	d6000003          	lb	zero,-672(zero) # fffffffffffffd60 <_sp+0xfffffffff7fefd60>
 ed2:	0006                	.insn	2, 0x0006
 ed4:	0000                	.insn	2, 0x
 ed6:	1200                	.insn	2, 0x1200
 ed8:	037e                	.insn	2, 0x037e
 eda:	0000                	.insn	2, 0x
 edc:	0770                	.insn	2, 0x0770
 ede:	0001                	.insn	2, 0x0001
 ee0:	0000                	.insn	2, 0x
 ee2:	0000                	.insn	2, 0x
 ee4:	0014                	.insn	2, 0x0014
 ee6:	0000                	.insn	2, 0x
 ee8:	0000                	.insn	2, 0x
 eea:	0000                	.insn	2, 0x
 eec:	3212                	.insn	2, 0x3212
 eee:	04000003          	lb	zero,64(zero) # 40 <_hang-0xffc0>
 ef2:	00000387          	.insn	4, 0x0387
 ef6:	9105                	.insn	2, 0x9105
 ef8:	02000003          	lb	zero,32(zero) # 20 <_hang-0xffe0>
 efc:	039c                	.insn	2, 0x039c
 efe:	0000                	.insn	2, 0x
 f00:	06dc                	.insn	2, 0x06dc
 f02:	0000                	.insn	2, 0x
 f04:	0a00                	.insn	2, 0x0a00
 f06:	037e                	.insn	2, 0x037e
 f08:	0000                	.insn	2, 0x
 f0a:	0784                	.insn	2, 0x0784
 f0c:	0001                	.insn	2, 0x0001
 f0e:	0000                	.insn	2, 0x
 f10:	0000                	.insn	2, 0x
 f12:	0014                	.insn	2, 0x0014
 f14:	0000                	.insn	2, 0x
 f16:	0000                	.insn	2, 0x
 f18:	0000                	.insn	2, 0x
 f1a:	87040213          	addi	tp,s0,-1936
 f1e:	05000003          	lb	zero,80(zero) # 50 <_hang-0xffb0>
 f22:	0391                	.insn	2, 0x0391
 f24:	0000                	.insn	2, 0x
 f26:	9c1c                	.insn	2, 0x9c1c
 f28:	01000003          	lb	zero,16(zero) # 10 <_hang-0xfff0>
 f2c:	005d                	.insn	2, 0x005d
 f2e:	1d00                	.insn	2, 0x1d00
 f30:	02a2                	.insn	2, 0x02a2
 f32:	0000                	.insn	2, 0x
 f34:	0801                	.insn	2, 0x0801
 f36:	0314                	.insn	2, 0x0314
 f38:	037e                	.insn	2, 0x037e
 f3a:	0000                	.insn	2, 0x
 f3c:	01007313          	andi	t1,zero,16
 f40:	2708                	.insn	2, 0x2708
 f42:	0000026b          	.insn	4, 0x026b
 f46:	0100630b          	.insn	4, 0x0100630b
 f4a:	070a                	.insn	2, 0x070a
 f4c:	0270                	.insn	2, 0x0270
 f4e:	0000                	.insn	2, 0x
 f50:	1e00                	.insn	2, 0x1e00
 f52:	02ae                	.insn	2, 0x02ae
 f54:	0000                	.insn	2, 0x
 f56:	1502                	.insn	2, 0x1502
 f58:	0314                	.insn	2, 0x0314
 f5a:	02006313          	ori	t1,zero,32
 f5e:	1f15                	.insn	2, 0x1f15
 f60:	0270                	.insn	2, 0x0270
 f62:	0000                	.insn	2, 0x
 f64:	0078740b          	.insn	4, 0x0078740b
 f68:	1702                	.insn	2, 0x1702
 f6a:	c915                	.insn	2, 0xc915
 f6c:	0000                	.insn	2, 0x
 f6e:	0b00                	.insn	2, 0x0b00
 f70:	0072                	.insn	2, 0x0072
 f72:	1902                	.insn	2, 0x1902
 f74:	9c0a                	.insn	2, 0x9c0a
 f76:	0000                	.insn	2, 0x
 f78:	0000                	.insn	2, 0x
	...

Disassembly of section .debug_abbrev:

0000000000000000 <.debug_abbrev>:
   0:	1101                	.insn	2, 0x1101
   2:	1000                	.insn	2, 0x1000
   4:	03175517          	auipc	a0,0x3175
   8:	1b0e                	.insn	2, 0x1b0e
   a:	250e                	.insn	2, 0x250e
   c:	130e                	.insn	2, 0x130e
   e:	0005                	.insn	2, 0x0005
  10:	0000                	.insn	2, 0x
  12:	0501                	.insn	2, 0x0501
  14:	3100                	.insn	2, 0x3100
  16:	00170213          	addi	tp,a4,1
  1a:	0200                	.insn	2, 0x0200
  1c:	0049                	.insn	2, 0x0049
  1e:	1802                	.insn	2, 0x1802
  20:	187e                	.insn	2, 0x187e
  22:	0000                	.insn	2, 0x
  24:	7d014803          	lbu	a6,2000(sp)
  28:	7f01                	.insn	2, 0x7f01
  2a:	00130113          	addi	sp,t1,1
  2e:	0400                	.insn	2, 0x0400
  30:	011d                	.insn	2, 0x011d
  32:	1331                	.insn	2, 0x1331
  34:	0152                	.insn	2, 0x0152
  36:	1755                	.insn	2, 0x1755
  38:	2158                	.insn	2, 0x2158
  3a:	5901                	.insn	2, 0x5901
  3c:	010b570b          	.insn	4, 0x010b570b
  40:	05000013          	li	zero,80
  44:	0005                	.insn	2, 0x0005
  46:	1331                	.insn	2, 0x1331
  48:	0000                	.insn	2, 0x
  4a:	1606                	.insn	2, 0x1606
  4c:	0300                	.insn	2, 0x0300
  4e:	3a0e                	.insn	2, 0x3a0e
  50:	390b3b0b          	.insn	4, 0x390b3b0b
  54:	0013490b          	.insn	4, 0x0013490b
  58:	0700                	.insn	2, 0x0700
  5a:	011d                	.insn	2, 0x011d
  5c:	1331                	.insn	2, 0x1331
  5e:	0111                	.insn	2, 0x0111
  60:	0712                	.insn	2, 0x0712
  62:	2158                	.insn	2, 0x2158
  64:	5901                	.insn	2, 0x5901
  66:	010b570b          	.insn	4, 0x010b570b
  6a:	08000013          	li	zero,128
  6e:	0024                	.insn	2, 0x0024
  70:	0b3e0b0b          	.insn	4, 0x0b3e0b0b
  74:	00000e03          	lb	t3,0(zero) # 0 <_hang-0x10000>
  78:	3409                	.insn	2, 0x3409
  7a:	3100                	.insn	2, 0x3100
  7c:	00170213          	addi	tp,a4,1
  80:	0a00                	.insn	2, 0x0a00
  82:	011d                	.insn	2, 0x011d
  84:	1331                	.insn	2, 0x1331
  86:	0111                	.insn	2, 0x0111
  88:	0712                	.insn	2, 0x0712
  8a:	2158                	.insn	2, 0x2158
  8c:	5901                	.insn	2, 0x5901
  8e:	000b570b          	.insn	4, 0x000b570b
  92:	0b00                	.insn	2, 0x0b00
  94:	0148                	.insn	2, 0x0148
  96:	017d                	.insn	2, 0x017d
  98:	0000137f 0300050c 	.insn	12, 0x01213a0e0300050c0000137f
  a0:	01213a0e 
  a4:	0b390b3b          	.insn	4, 0x0b390b3b
  a8:	1349                	.insn	2, 0x1349
  aa:	0000                	.insn	2, 0x
  ac:	340d                	.insn	2, 0x340d
  ae:	0300                	.insn	2, 0x0300
  b0:	3a0e                	.insn	2, 0x3a0e
  b2:	0121                	.insn	2, 0x0121
  b4:	0b390b3b          	.insn	4, 0x0b390b3b
  b8:	1349                	.insn	2, 0x1349
  ba:	0000                	.insn	2, 0x
  bc:	2e0e                	.insn	2, 0x2e0e
  be:	0301                	.insn	2, 0x0301
  c0:	3a0e                	.insn	2, 0x3a0e
  c2:	0121                	.insn	2, 0x0121
  c4:	21390b3b          	.insn	4, 0x21390b3b
  c8:	270d                	.insn	2, 0x270d
  ca:	2019                	.insn	2, 0x2019
  cc:	0121                	.insn	2, 0x0121
  ce:	1301                	.insn	2, 0x1301
  d0:	0000                	.insn	2, 0x
  d2:	4900260f          	.insn	4, 0x4900260f
  d6:	10000013          	li	zero,256
  da:	011d                	.insn	2, 0x011d
  dc:	1331                	.insn	2, 0x1331
  de:	0152                	.insn	2, 0x0152
  e0:	1755                	.insn	2, 0x1755
  e2:	2158                	.insn	2, 0x2158
  e4:	5901                	.insn	2, 0x5901
  e6:	000b570b          	.insn	4, 0x000b570b
  ea:	1100                	.insn	2, 0x1100
  ec:	0034                	.insn	2, 0x0034
  ee:	213a0803          	lb	a6,531(s4)
  f2:	3b01                	.insn	2, 0x3b01
  f4:	490b390b          	.insn	4, 0x490b390b
  f8:	12000013          	li	zero,288
  fc:	0034                	.insn	2, 0x0034
  fe:	213a0e03          	lb	t3,531(s4)
 102:	3b01                	.insn	2, 0x3b01
 104:	2221390b          	.insn	4, 0x2221390b
 108:	1349                	.insn	2, 0x1349
 10a:	061c                	.insn	2, 0x061c
 10c:	0000                	.insn	2, 0x
 10e:	03003413          	sltiu	s0,zero,48
 112:	3a0e                	.insn	2, 0x3a0e
 114:	0121                	.insn	2, 0x0121
 116:	0b390b3b          	.insn	4, 0x0b390b3b
 11a:	1349                	.insn	2, 0x1349
 11c:	1702                	.insn	2, 0x1702
 11e:	0000                	.insn	2, 0x
 120:	1d14                	.insn	2, 0x1d14
 122:	3100                	.insn	2, 0x3100
 124:	55015213          	.insn	4, 0x55015213
 128:	01215817          	auipc	a6,0x1215
 12c:	0b59                	.insn	2, 0x0b59
 12e:	00000b57          	.insn	4, 0x0b57
 132:	0b15                	.insn	2, 0x0b15
 134:	5501                	.insn	2, 0x5501
 136:	16000017          	auipc	zero,0x16000
 13a:	012e                	.insn	2, 0x012e
 13c:	213a0e03          	lb	t3,531(s4)
 140:	3b01                	.insn	2, 0x3b01
 142:	0c21390b          	.insn	4, 0x0c21390b
 146:	13491927          	.insn	4, 0x13491927
 14a:	2120                	.insn	2, 0x2120
 14c:	0101                	.insn	2, 0x0101
 14e:	17000013          	li	zero,368
 152:	002e                	.insn	2, 0x002e
 154:	213a0e03          	lb	t3,531(s4)
 158:	3b01                	.insn	2, 0x3b01
 15a:	1421390b          	.insn	4, 0x1421390b
 15e:	21201927          	.insn	4, 0x21201927
 162:	18000003          	lb	zero,384(zero) # 180 <_hang-0xfe80>
 166:	0035                	.insn	2, 0x0035
 168:	1349                	.insn	2, 0x1349
 16a:	0000                	.insn	2, 0x
 16c:	0f19                	.insn	2, 0x0f19
 16e:	0b00                	.insn	2, 0x0b00
 170:	0821                	.insn	2, 0x0821
 172:	1349                	.insn	2, 0x1349
 174:	0000                	.insn	2, 0x
 176:	341a                	.insn	2, 0x341a
 178:	0300                	.insn	2, 0x0300
 17a:	3a0e                	.insn	2, 0x3a0e
 17c:	0121                	.insn	2, 0x0121
 17e:	0b390b3b          	.insn	4, 0x0b390b3b
 182:	1349                	.insn	2, 0x1349
 184:	1802                	.insn	2, 0x1802
 186:	0000                	.insn	2, 0x
 188:	31010b1b          	addiw	s6,sp,784
 18c:	01175513          	srli	a0,a4,0x11
 190:	1c000013          	li	zero,448
 194:	0000010b          	.insn	4, 0x010b
 198:	011d                	.insn	2, 0x011d
 19a:	4901                	.insn	2, 0x4901
 19c:	00130113          	addi	sp,t1,1
 1a0:	1e00                	.insn	2, 0x1e00
 1a2:	0021                	.insn	2, 0x0021
 1a4:	1349                	.insn	2, 0x1349
 1a6:	00000b2f          	.insn	4, 0x0b2f
 1aa:	051f 0300 3a08      	.insn	6, 0x3a080300051f
 1b0:	0121                	.insn	2, 0x0121
 1b2:	0b390b3b          	.insn	4, 0x0b390b3b
 1b6:	1349                	.insn	2, 0x1349
 1b8:	0000                	.insn	2, 0x
 1ba:	2e20                	.insn	2, 0x2e20
 1bc:	3101                	.insn	2, 0x3101
 1be:	12011113          	.insn	4, 0x12011113
 1c2:	7a184007          	.insn	4, 0x7a184007
 1c6:	0119                	.insn	2, 0x0119
 1c8:	21000013          	li	zero,528
 1cc:	0034                	.insn	2, 0x0034
 1ce:	1331                	.insn	2, 0x1331
 1d0:	0000                	.insn	2, 0x
 1d2:	1122                	.insn	2, 0x1122
 1d4:	2501                	.insn	2, 0x2501
 1d6:	130e                	.insn	2, 0x130e
 1d8:	1b1f030b          	.insn	4, 0x1b1f030b
 1dc:	551f 1117 1001      	.insn	6, 0x10011117551f
 1e2:	23000017          	auipc	zero,0x23000
 1e6:	0024                	.insn	2, 0x0024
 1e8:	0b3e0b0b          	.insn	4, 0x0b3e0b0b
 1ec:	00000803          	lb	a6,0(zero) # 0 <_hang-0x10000>
 1f0:	2e24                	.insn	2, 0x2e24
 1f2:	3f01                	.insn	2, 0x3f01
 1f4:	0319                	.insn	2, 0x0319
 1f6:	3a0e                	.insn	2, 0x3a0e
 1f8:	390b3b0b          	.insn	4, 0x390b3b0b
 1fc:	4919270b          	.insn	4, 0x4919270b
 200:	12011113          	.insn	4, 0x12011113
 204:	7a184007          	.insn	4, 0x7a184007
 208:	0119                	.insn	2, 0x0119
 20a:	25000013          	li	zero,592
 20e:	001d                	.insn	2, 0x001d
 210:	1331                	.insn	2, 0x1331
 212:	0111                	.insn	2, 0x0111
 214:	0712                	.insn	2, 0x0712
 216:	0b58                	.insn	2, 0x0b58
 218:	0b59                	.insn	2, 0x0b59
 21a:	00000b57          	.insn	4, 0x0b57
 21e:	2e26                	.insn	2, 0x2e26
 220:	0301                	.insn	2, 0x0301
 222:	3a0e                	.insn	2, 0x3a0e
 224:	390b3b0b          	.insn	4, 0x390b3b0b
 228:	1119270b          	.insn	4, 0x1119270b
 22c:	1201                	.insn	2, 0x1201
 22e:	7a184007          	.insn	4, 0x7a184007
 232:	0119                	.insn	2, 0x0119
 234:	27000013          	li	zero,624
 238:	0005                	.insn	2, 0x0005
 23a:	0b3a0e03          	lb	t3,179(s4)
 23e:	0b390b3b          	.insn	4, 0x0b390b3b
 242:	1349                	.insn	2, 0x1349
 244:	1702                	.insn	2, 0x1702
 246:	0000                	.insn	2, 0x
 248:	0b28                	.insn	2, 0x0b28
 24a:	5501                	.insn	2, 0x5501
 24c:	00130117          	auipc	sp,0x130
 250:	2900                	.insn	2, 0x2900
 252:	0034                	.insn	2, 0x0034
 254:	1331                	.insn	2, 0x1331
 256:	1802                	.insn	2, 0x1802
 258:	0000                	.insn	2, 0x
 25a:	2e2a                	.insn	2, 0x2e2a
 25c:	3101                	.insn	2, 0x3101
 25e:	12011113          	.insn	4, 0x12011113
 262:	7a184007          	.insn	4, 0x7a184007
 266:	0019                	.insn	2, 0x0019
 268:	2b00                	.insn	2, 0x2b00
 26a:	0148                	.insn	2, 0x0148
 26c:	017d                	.insn	2, 0x017d
 26e:	0182                	.insn	2, 0x0182
 270:	7f19                	.insn	2, 0x7f19
 272:	00000013          	nop
 276:	2401                	.insn	2, 0x2401
 278:	0b00                	.insn	2, 0x0b00
 27a:	030b3e0b          	.insn	4, 0x030b3e0b
 27e:	000e                	.insn	2, 0x000e
 280:	0200                	.insn	2, 0x0200
 282:	0034                	.insn	2, 0x0034
 284:	1331                	.insn	2, 0x1331
 286:	1702                	.insn	2, 0x1702
 288:	0000                	.insn	2, 0x
 28a:	03001603          	lh	a2,48(zero) # 30 <_hang-0xffd0>
 28e:	3a0e                	.insn	2, 0x3a0e
 290:	390b3b0b          	.insn	4, 0x390b3b0b
 294:	0013490b          	.insn	4, 0x0013490b
 298:	0400                	.insn	2, 0x0400
 29a:	0005                	.insn	2, 0x0005
 29c:	1331                	.insn	2, 0x1331
 29e:	0000                	.insn	2, 0x
 2a0:	3405                	.insn	2, 0x3405
 2a2:	3100                	.insn	2, 0x3100
 2a4:	06000013          	li	zero,96
 2a8:	1755010b          	.insn	4, 0x1755010b
 2ac:	0000                	.insn	2, 0x
 2ae:	03003407          	.insn	4, 0x03003407
 2b2:	3a08                	.insn	2, 0x3a08
 2b4:	0121                	.insn	2, 0x0121
 2b6:	0b390b3b          	.insn	4, 0x0b390b3b
 2ba:	1349                	.insn	2, 0x1349
 2bc:	1702                	.insn	2, 0x1702
 2be:	0000                	.insn	2, 0x
 2c0:	3408                	.insn	2, 0x3408
 2c2:	0300                	.insn	2, 0x0300
 2c4:	3a0e                	.insn	2, 0x3a0e
 2c6:	0121                	.insn	2, 0x0121
 2c8:	3919213b          	.insn	4, 0x3919213b
 2cc:	0213490b          	.insn	4, 0x0213490b
 2d0:	09000017          	auipc	zero,0x9000
 2d4:	0005                	.insn	2, 0x0005
 2d6:	1331                	.insn	2, 0x1331
 2d8:	1702                	.insn	2, 0x1702
 2da:	0000                	.insn	2, 0x
 2dc:	1d0a                	.insn	2, 0x1d0a
 2de:	3101                	.insn	2, 0x3101
 2e0:	12011113          	.insn	4, 0x12011113
 2e4:	01215807          	.insn	4, 0x01215807
 2e8:	0b59                	.insn	2, 0x0b59
 2ea:	00000b57          	.insn	4, 0x0b57
 2ee:	0300340b          	.insn	4, 0x0300340b
 2f2:	3a08                	.insn	2, 0x3a08
 2f4:	390b3b0b          	.insn	4, 0x390b3b0b
 2f8:	0013490b          	.insn	4, 0x0013490b
 2fc:	0c00                	.insn	2, 0x0c00
 2fe:	210b000f          	.insn	4, 0x210b000f
 302:	4908                	.insn	2, 0x4908
 304:	0d000013          	li	zero,208
 308:	0026                	.insn	2, 0x0026
 30a:	1349                	.insn	2, 0x1349
 30c:	0000                	.insn	2, 0x
 30e:	2e0e                	.insn	2, 0x2e0e
 310:	3f01                	.insn	2, 0x3f01
 312:	0319                	.insn	2, 0x0319
 314:	3a0e                	.insn	2, 0x3a0e
 316:	0121                	.insn	2, 0x0121
 318:	21390b3b          	.insn	4, 0x21390b3b
 31c:	2706                	.insn	2, 0x2706
 31e:	1119                	.insn	2, 0x1119
 320:	1201                	.insn	2, 0x1201
 322:	7a184007          	.insn	4, 0x7a184007
 326:	0119                	.insn	2, 0x0119
 328:	0f000013          	li	zero,240
 32c:	0005                	.insn	2, 0x0005
 32e:	213a0803          	lb	a6,531(s4)
 332:	3b01                	.insn	2, 0x3b01
 334:	490b390b          	.insn	4, 0x490b390b
 338:	00170213          	addi	tp,a4,1
 33c:	1000                	.insn	2, 0x1000
 33e:	011d                	.insn	2, 0x011d
 340:	1331                	.insn	2, 0x1331
 342:	0152                	.insn	2, 0x0152
 344:	1755                	.insn	2, 0x1755
 346:	2158                	.insn	2, 0x2158
 348:	5901                	.insn	2, 0x5901
 34a:	000b570b          	.insn	4, 0x000b570b
 34e:	1100                	.insn	2, 0x1100
 350:	011d                	.insn	2, 0x011d
 352:	1331                	.insn	2, 0x1331
 354:	0152                	.insn	2, 0x0152
 356:	1755                	.insn	2, 0x1755
 358:	2158                	.insn	2, 0x2158
 35a:	5901                	.insn	2, 0x5901
 35c:	010b570b          	.insn	4, 0x010b570b
 360:	12000013          	li	zero,288
 364:	011d                	.insn	2, 0x011d
 366:	1331                	.insn	2, 0x1331
 368:	0111                	.insn	2, 0x0111
 36a:	0712                	.insn	2, 0x0712
 36c:	2158                	.insn	2, 0x2158
 36e:	5901                	.insn	2, 0x5901
 370:	0221570b          	.insn	4, 0x0221570b
 374:	1301                	.insn	2, 0x1301
 376:	0000                	.insn	2, 0x
 378:	03000513          	li	a0,48
 37c:	3a08                	.insn	2, 0x3a08
 37e:	390b3b0b          	.insn	4, 0x390b3b0b
 382:	0013490b          	.insn	4, 0x0013490b
 386:	1400                	.insn	2, 0x1400
 388:	0111                	.insn	2, 0x0111
 38a:	0e25                	.insn	2, 0x0e25
 38c:	1f030b13          	addi	s6,t1,496
 390:	01111f1b          	slliw	t5,sp,0x11
 394:	0712                	.insn	2, 0x0712
 396:	1710                	.insn	2, 0x1710
 398:	0000                	.insn	2, 0x
 39a:	0f15                	.insn	2, 0x0f15
 39c:	0b00                	.insn	2, 0x0b00
 39e:	000e030b          	.insn	4, 0x000e030b
 3a2:	1600                	.insn	2, 0x1600
 3a4:	0024                	.insn	2, 0x0024
 3a6:	0b3e0b0b          	.insn	4, 0x0b3e0b0b
 3aa:	00000803          	lb	a6,0(zero) # 0 <_hang-0x10000>
 3ae:	49003517          	auipc	a0,0x49003
 3b2:	18000013          	li	zero,384
 3b6:	0034                	.insn	2, 0x0034
 3b8:	0b3a0e03          	lb	t3,179(s4)
 3bc:	0b390b3b          	.insn	4, 0x0b390b3b
 3c0:	1349                	.insn	2, 0x1349
 3c2:	061c                	.insn	2, 0x061c
 3c4:	0000                	.insn	2, 0x
 3c6:	1819                	.insn	2, 0x1819
 3c8:	0000                	.insn	2, 0x
 3ca:	1a00                	.insn	2, 0x1a00
 3cc:	0034                	.insn	2, 0x0034
 3ce:	0b3a0803          	lb	a6,179(s4)
 3d2:	0b390b3b          	.insn	4, 0x0b390b3b
 3d6:	1349                	.insn	2, 0x1349
 3d8:	1802                	.insn	2, 0x1802
 3da:	0000                	.insn	2, 0x
 3dc:	55010b1b          	addiw	s6,sp,1360 # 13079c <dtb+0x11fc34>
 3e0:	00130117          	auipc	sp,0x130
 3e4:	1c00                	.insn	2, 0x1c00
 3e6:	0034                	.insn	2, 0x0034
 3e8:	1331                	.insn	2, 0x1331
 3ea:	1802                	.insn	2, 0x1802
 3ec:	0000                	.insn	2, 0x
 3ee:	2e1d                	.insn	2, 0x2e1d
 3f0:	0301                	.insn	2, 0x0301
 3f2:	3a0e                	.insn	2, 0x3a0e
 3f4:	390b3b0b          	.insn	4, 0x390b3b0b
 3f8:	2019270b          	.insn	4, 0x2019270b
 3fc:	0013010b          	.insn	4, 0x0013010b
 400:	1e00                	.insn	2, 0x1e00
 402:	012e                	.insn	2, 0x012e
 404:	0b3a0e03          	lb	t3,179(s4)
 408:	0b390b3b          	.insn	4, 0x0b390b3b
 40c:	0b201927          	.insn	4, 0x0b201927
 410:	0000                	.insn	2, 0x
	...

Disassembly of section .debug_aranges:

0000000000000000 <.debug_aranges>:
   0:	003c                	.insn	2, 0x003c
   2:	0000                	.insn	2, 0x
   4:	0002                	.insn	2, 0x0002
   6:	0000                	.insn	2, 0x
   8:	0000                	.insn	2, 0x
   a:	0008                	.insn	2, 0x0008
   c:	0000                	.insn	2, 0x
   e:	0000                	.insn	2, 0x
  10:	0000                	.insn	2, 0x
  12:	0001                	.insn	2, 0x0001
  14:	0000                	.insn	2, 0x
  16:	0000                	.insn	2, 0x
  18:	001c                	.insn	2, 0x001c
  1a:	0000                	.insn	2, 0x
  1c:	0000                	.insn	2, 0x
  1e:	0000                	.insn	2, 0x
  20:	001c                	.insn	2, 0x001c
  22:	0001                	.insn	2, 0x0001
  24:	0000                	.insn	2, 0x
  26:	0000                	.insn	2, 0x
  28:	0004                	.insn	2, 0x0004
	...
  3e:	0000                	.insn	2, 0x
  40:	003c                	.insn	2, 0x003c
  42:	0000                	.insn	2, 0x
  44:	0002                	.insn	2, 0x0002
  46:	00000023          	sb	zero,0(zero) # 0 <_hang-0x10000>
  4a:	0008                	.insn	2, 0x0008
  4c:	0000                	.insn	2, 0x
  4e:	0000                	.insn	2, 0x
  50:	0020                	.insn	2, 0x0020
  52:	0001                	.insn	2, 0x0001
  54:	0000                	.insn	2, 0x
  56:	0000                	.insn	2, 0x
  58:	01f0                	.insn	2, 0x01f0
  5a:	0000                	.insn	2, 0x
  5c:	0000                	.insn	2, 0x
  5e:	0000                	.insn	2, 0x
  60:	0210                	.insn	2, 0x0210
  62:	0001                	.insn	2, 0x0001
  64:	0000                	.insn	2, 0x
  66:	0000                	.insn	2, 0x
  68:	053c                	.insn	2, 0x053c
	...
  7e:	0000                	.insn	2, 0x
  80:	002c                	.insn	2, 0x002c
  82:	0000                	.insn	2, 0x
  84:	0002                	.insn	2, 0x0002
  86:	00000bd3          	.insn	4, 0x0bd3
  8a:	0008                	.insn	2, 0x0008
  8c:	0000                	.insn	2, 0x
  8e:	0000                	.insn	2, 0x
  90:	074c                	.insn	2, 0x074c
  92:	0001                	.insn	2, 0x0001
  94:	0000                	.insn	2, 0x
  96:	0000                	.insn	2, 0x
  98:	0200                	.insn	2, 0x0200
	...

Disassembly of section .debug_str:

0000000000000000 <.debug_str>:
   0:	6568                	.insn	2, 0x6568
   2:	6461                	.insn	2, 0x6461
   4:	532e                	.insn	2, 0x532e
   6:	2f00                	.insn	2, 0x2f00
   8:	6f72                	.insn	2, 0x6f72
   a:	632f746f          	jal	s0,f763c <dtb+0xe6ad4>
   e:	6968                	.insn	2, 0x6968
  10:	7970                	.insn	2, 0x7970
  12:	7261                	.insn	2, 0x7261
  14:	2f64                	.insn	2, 0x2f64
  16:	7066                	.insn	2, 0x7066
  18:	732f6167          	.insn	4, 0x732f6167
  1c:	6372                	.insn	2, 0x6372
  1e:	69616d2f          	.insn	4, 0x69616d2f
  22:	2f6e                	.insn	2, 0x2f6e
  24:	6572                	.insn	2, 0x6572
  26:	72756f73          	csrrsi	t5,mhpmevent7h,10
  2a:	2f736563          	bltu	t1,s7,314 <_hang-0xfcec>
  2e:	637a                	.insn	2, 0x637a
  30:	3175                	.insn	2, 0x3175
  32:	3430                	.insn	2, 0x3430
  34:	6264732f          	.insn	4, 0x6264732f
  38:	2d746f6f          	jal	t5,46b0e <dtb+0x35fa6>
  3c:	696c                	.insn	2, 0x696c
  3e:	756e                	.insn	2, 0x756e
  40:	0078                	.insn	2, 0x0078
  42:	20554e47          	.insn	4, 0x20554e47
  46:	5341                	.insn	2, 0x5341
  48:	3220                	.insn	2, 0x3220
  4a:	342e                	.insn	2, 0x342e
  4c:	00312e33          	slt	t3,sp,gp
  50:	6564                	.insn	2, 0x6564
  52:	616c                	.insn	2, 0x616c
  54:	5f79                	.insn	2, 0x5f79
  56:	6c637963          	bgeu	t1,t1,728 <_hang-0xf8d8>
  5a:	7365                	.insn	2, 0x7365
  5c:	6400                	.insn	2, 0x6400
  5e:	7264                	.insn	2, 0x7264
  60:	745f 7365 5f74      	.insn	6, 0x5f747365745f
  66:	6966                	.insn	2, 0x6966
  68:	6578                	.insn	2, 0x6578
  6a:	0064                	.insn	2, 0x0064
  6c:	66696873          	csrrsi	a6,0x666,18
  70:	0074                	.insn	2, 0x0074
  72:	5f5f 6975 746e      	.insn	6, 0x746e69755f5f
  78:	5f38                	.insn	2, 0x5f38
  7a:	0074                	.insn	2, 0x0074
  7c:	6464                	.insn	2, 0x6464
  7e:	3072                	.insn	2, 0x3072
  80:	7000                	.insn	2, 0x7000
  82:	6972                	.insn	2, 0x6972
  84:	746e                	.insn	2, 0x746e
  86:	685f 7865 3233      	.insn	6, 0x32337865685f
  8c:	6200                	.insn	2, 0x6200
  8e:	6675                	.insn	2, 0x6675
  90:	6566                	.insn	2, 0x6566
  92:	0072                	.insn	2, 0x0072
  94:	5f5f 6e69 3374      	.insn	6, 0x33746e695f5f
  9a:	5f32                	.insn	2, 0x5f32
  9c:	0074                	.insn	2, 0x0074
  9e:	5f5f 6975 746e      	.insn	6, 0x746e69755f5f
  a4:	7470                	.insn	2, 0x7470
  a6:	5f72                	.insn	2, 0x5f72
  a8:	0074                	.insn	2, 0x0074
  aa:	6f697067          	.insn	4, 0x6f697067
  ae:	0030                	.insn	2, 0x0030
  b0:	7270                	.insn	2, 0x7270
  b2:	5f65                	.insn	2, 0x5f65
  b4:	6464                	.insn	2, 0x6464
  b6:	5f72                	.insn	2, 0x5f72
  b8:	6568                	.insn	2, 0x6568
  ba:	7261                	.insn	2, 0x7261
  bc:	6274                	.insn	2, 0x6274
  be:	6165                	.insn	2, 0x6165
  c0:	0074                	.insn	2, 0x0074
  c2:	6361                	.insn	2, 0x6361
  c4:	7574                	.insn	2, 0x7574
  c6:	6c61                	.insn	2, 0x6c61
  c8:	6100                	.insn	2, 0x6100
  ca:	6464                	.insn	2, 0x6464
  cc:	0072                	.insn	2, 0x0072
  ce:	6175                	.insn	2, 0x6175
  d0:	7472                	.insn	2, 0x7472
  d2:	695f 696e 0074      	.insn	6, 0x0074696e695f
  d8:	20554e47          	.insn	4, 0x20554e47
  dc:	20313143          	.insn	4, 0x20313143
  e0:	3431                	.insn	2, 0x3431
  e2:	322e                	.insn	2, 0x322e
  e4:	302e                	.insn	2, 0x302e
  e6:	2d20                	.insn	2, 0x2d20
  e8:	636d                	.insn	2, 0x636d
  ea:	6f6d                	.insn	2, 0x6f6d
  ec:	6564                	.insn	2, 0x6564
  ee:	3d6c                	.insn	2, 0x3d6c
  f0:	656d                	.insn	2, 0x656d
  f2:	6164                	.insn	2, 0x6164
  f4:	796e                	.insn	2, 0x796e
  f6:	2d20                	.insn	2, 0x2d20
  f8:	616d                	.insn	2, 0x616d
  fa:	6962                	.insn	2, 0x6962
  fc:	6c3d                	.insn	2, 0x6c3d
  fe:	3670                	.insn	2, 0x3670
 100:	2034                	.insn	2, 0x2034
 102:	6d2d                	.insn	2, 0x6d2d
 104:	7574                	.insn	2, 0x7574
 106:	656e                	.insn	2, 0x656e
 108:	723d                	.insn	2, 0x723d
 10a:	656b636f          	jal	t1,b6760 <dtb+0xa5bf8>
 10e:	2074                	.insn	2, 0x2074
 110:	6d2d                	.insn	2, 0x6d2d
 112:	7369                	.insn	2, 0x7369
 114:	2d61                	.insn	2, 0x2d61
 116:	63657073          	csrci	0x636,10
 11a:	323d                	.insn	2, 0x323d
 11c:	3130                	.insn	2, 0x3130
 11e:	3139                	.insn	2, 0x3139
 120:	3132                	.insn	2, 0x3132
 122:	6d2d2033          	.insn	4, 0x6d2d2033
 126:	7261                	.insn	2, 0x7261
 128:	723d6863          	bltu	s10,gp,858 <_hang-0xf7a8>
 12c:	3676                	.insn	2, 0x3676
 12e:	6934                	.insn	2, 0x6934
 130:	616d                	.insn	2, 0x616d
 132:	7a5f 6369 7273      	.insn	6, 0x727363697a5f
 138:	7a5f 6669 6e65      	.insn	6, 0x6e6566697a5f
 13e:	20696563          	bltu	s2,t1,348 <_hang-0xfcb8>
 142:	672d                	.insn	2, 0x672d
 144:	2d20                	.insn	2, 0x2d20
 146:	2d20324f          	.insn	4, 0x2d20324f
 14a:	3d647473          	csrrci	s0,pmpaddr38,8
 14e:	31756e67          	.insn	4, 0x31756e67
 152:	2031                	.insn	2, 0x2031
 154:	662d                	.insn	2, 0x662d
 156:	6f6e                	.insn	2, 0x6f6e
 158:	632d                	.insn	2, 0x632d
 15a:	6f6d6d6f          	jal	s10,d6850 <dtb+0xc5ce8>
 15e:	006e                	.insn	2, 0x006e
 160:	6e75                	.insn	2, 0x6e75
 162:	6e676973          	csrrsi	s2,0x6e6,14
 166:	6465                	.insn	2, 0x6465
 168:	6320                	.insn	2, 0x6320
 16a:	6168                	.insn	2, 0x6168
 16c:	0072                	.insn	2, 0x0072
 16e:	7865                	.insn	2, 0x7865
 170:	6570                	.insn	2, 0x6570
 172:	64657463          	bgeu	a0,t1,7ba <_hang-0xf846>
 176:	6400                	.insn	2, 0x6400
 178:	5f383373          	csrrc	t1,0x5f3,a6
 17c:	6f74                	.insn	2, 0x6f74
 17e:	656c6767          	.insn	4, 0x656c6767
 182:	6c00                	.insn	2, 0x6c00
 184:	20676e6f          	jal	t3,7638a <dtb+0x65822>
 188:	6e75                	.insn	2, 0x6e75
 18a:	6e676973          	csrrsi	s2,0x6e6,14
 18e:	6465                	.insn	2, 0x6465
 190:	6920                	.insn	2, 0x6920
 192:	746e                	.insn	2, 0x746e
 194:	7300                	.insn	2, 0x7300
 196:	6f68                	.insn	2, 0x6f68
 198:	7472                	.insn	2, 0x7472
 19a:	7520                	.insn	2, 0x7520
 19c:	736e                	.insn	2, 0x736e
 19e:	6769                	.insn	2, 0x6769
 1a0:	656e                	.insn	2, 0x656e
 1a2:	2064                	.insn	2, 0x2064
 1a4:	6e69                	.insn	2, 0x6e69
 1a6:	0074                	.insn	2, 0x0074
 1a8:	6464                	.insn	2, 0x6464
 1aa:	5f72                	.insn	2, 0x5f72
 1ac:	6574                	.insn	2, 0x6574
 1ae:	6c5f7473          	csrrci	s0,0x6c5,30
 1b2:	6e69                	.insn	2, 0x6e69
 1b4:	6165                	.insn	2, 0x6165
 1b6:	0072                	.insn	2, 0x0072
 1b8:	5f5f 6975 746e      	.insn	6, 0x746e69755f5f
 1be:	745f3233          	.insn	4, 0x745f3233
 1c2:	6d00                	.insn	2, 0x6d00
 1c4:	6961                	.insn	2, 0x6961
 1c6:	006e                	.insn	2, 0x006e
 1c8:	6162                	.insn	2, 0x6162
 1ca:	64006573          	csrrsi	a0,0x640,0
 1ce:	6769                	.insn	2, 0x6769
 1d0:	7469                	.insn	2, 0x7469
 1d2:	6c00                	.insn	2, 0x6c00
 1d4:	6465                	.insn	2, 0x6465
 1d6:	735f 6174 6574      	.insn	6, 0x65746174735f
 1dc:	6400                	.insn	2, 0x6400
 1de:	7264                	.insn	2, 0x7264
 1e0:	725f 7065 726f      	.insn	6, 0x726f7065725f
 1e6:	5f74                	.insn	2, 0x5f74
 1e8:	696d                	.insn	2, 0x696d
 1ea:	74616d73          	csrrsi	s10,0x746,2
 1ee:	64006863          	bltu	zero,zero,83e <_hang-0xf7c2>
 1f2:	7264                	.insn	2, 0x7264
 1f4:	6f5f 006b 6176      	.insn	6, 0x6176006b6f5f
 1fa:	756c                	.insn	2, 0x756c
 1fc:	0065                	.insn	2, 0x0065
 1fe:	6f697067          	.insn	4, 0x6f697067
 202:	695f 696e 0074      	.insn	6, 0x0074696e695f
 208:	6e756f63          	bltu	a0,t2,906 <_hang-0xf6fa>
 20c:	0074                	.insn	2, 0x0074
 20e:	726f6873          	csrrsi	a6,mhpmevent6h,30
 212:	2074                	.insn	2, 0x2074
 214:	6e69                	.insn	2, 0x6e69
 216:	0074                	.insn	2, 0x0074
 218:	6170                	.insn	2, 0x6170
 21a:	7474                	.insn	2, 0x7474
 21c:	7265                	.insn	2, 0x7265
 21e:	736e                	.insn	2, 0x736e
 220:	5f00                	.insn	2, 0x5f00
 222:	755f 6e69 3674      	.insn	6, 0x36746e69755f
 228:	5f34                	.insn	2, 0x5f34
 22a:	0074                	.insn	2, 0x0074
 22c:	7270                	.insn	2, 0x7270
 22e:	6e69                	.insn	2, 0x6e69
 230:	5f74                	.insn	2, 0x5f74
 232:	6564                	.insn	2, 0x6564
 234:	61750063          	beq	a0,s7,834 <_hang-0xf7cc>
 238:	7472                	.insn	2, 0x7472
 23a:	705f 7475 0063      	.insn	6, 0x00637475705f
 240:	6f6c                	.insn	2, 0x6f6c
 242:	676e                	.insn	2, 0x676e
 244:	6920                	.insn	2, 0x6920
 246:	746e                	.insn	2, 0x746e
 248:	6c00                	.insn	2, 0x6c00
 24a:	6261                	.insn	2, 0x6261
 24c:	6c65                	.insn	2, 0x6c65
 24e:	7500                	.insn	2, 0x7500
 250:	7261                	.insn	2, 0x7261
 252:	5f74                	.insn	2, 0x5f74
 254:	7570                	.insn	2, 0x7570
 256:	7374                	.insn	2, 0x7374
 258:	7500                	.insn	2, 0x7500
 25a:	7261                	.insn	2, 0x7261
 25c:	3074                	.insn	2, 0x3074
 25e:	6900                	.insn	2, 0x6900
 260:	68635f73          	csrrwi	t5,0x686,6
 264:	7261                	.insn	2, 0x7261
 266:	5f00                	.insn	2, 0x5f00
 268:	625f 6975 746c      	.insn	6, 0x746c6975625f
 26e:	6e69                	.insn	2, 0x6e69
 270:	765f 5f61 696c      	.insn	6, 0x696c5f61765f
 276:	69007473          	csrrci	s0,0x690,0
 27a:	6f6c5f73          	csrrwi	t5,0x6f6,24
 27e:	676e                	.insn	2, 0x676e
 280:	6b00                	.insn	2, 0x6b00
 282:	7270                	.insn	2, 0x7270
 284:	6e69                	.insn	2, 0x6e69
 286:	6674                	.insn	2, 0x6674
 288:	5f00                	.insn	2, 0x5f00
 28a:	675f 756e 5f63      	.insn	6, 0x5f63756e675f
 290:	6176                	.insn	2, 0x6176
 292:	6c5f 7369 0074      	.insn	6, 0x007473696c5f
 298:	7369                	.insn	2, 0x7369
 29a:	665f 726f 616d      	.insn	6, 0x616d726f665f
 2a0:	0074                	.insn	2, 0x0074
 2a2:	6b5f 7570 7374      	.insn	6, 0x737475706b5f
 2a8:	7500                	.insn	2, 0x7500
 2aa:	7261                	.insn	2, 0x7261
 2ac:	0074                	.insn	2, 0x0074
 2ae:	7475706b          	.insn	4, 0x7475706b
 2b2:	425f0063          	beq	t5,t0,6d2 <_hang-0xf92e>
 2b6:	006c6f6f          	jal	t5,c62bc <dtb+0xb5754>

Disassembly of section .debug_rnglists:

0000000000000000 <.debug_rnglists>:
   0:	001d                	.insn	2, 0x001d
   2:	0000                	.insn	2, 0x
   4:	0005                	.insn	2, 0x0005
   6:	0008                	.insn	2, 0x0008
   8:	0000                	.insn	2, 0x
   a:	0000                	.insn	2, 0x
   c:	01000007          	.insn	4, 0x01000007
  10:	0000                	.insn	2, 0x
  12:	0000                	.insn	2, 0x
  14:	1c00                	.insn	2, 0x1c00
  16:	01001c07          	.insn	4, 0x01001c07
  1a:	0000                	.insn	2, 0x
  1c:	0000                	.insn	2, 0x
  1e:	0400                	.insn	2, 0x0400
  20:	d200                	.insn	2, 0xd200
  22:	0001                	.insn	2, 0x0001
  24:	0500                	.insn	2, 0x0500
  26:	0800                	.insn	2, 0x0800
  28:	0000                	.insn	2, 0x
  2a:	0000                	.insn	2, 0x
  2c:	0500                	.insn	2, 0x0500
  2e:	002c                	.insn	2, 0x002c
  30:	0001                	.insn	2, 0x0001
  32:	0000                	.insn	2, 0x
  34:	0000                	.insn	2, 0x
  36:	0004                	.insn	2, 0x0004
  38:	0408                	.insn	2, 0x0408
  3a:	4030                	.insn	2, 0x4030
  3c:	0500                	.insn	2, 0x0500
  3e:	008c                	.insn	2, 0x008c
  40:	0001                	.insn	2, 0x0001
  42:	0000                	.insn	2, 0x
  44:	0000                	.insn	2, 0x
  46:	0004                	.insn	2, 0x0004
  48:	0408                	.insn	2, 0x0408
  4a:	300c                	.insn	2, 0x300c
  4c:	0500                	.insn	2, 0x0500
  4e:	0090                	.insn	2, 0x0090
  50:	0001                	.insn	2, 0x0001
  52:	0000                	.insn	2, 0x
  54:	0000                	.insn	2, 0x
  56:	0004                	.insn	2, 0x0004
  58:	0404                	.insn	2, 0x0404
  5a:	2c1c                	.insn	2, 0x2c1c
  5c:	0500                	.insn	2, 0x0500
  5e:	0150                	.insn	2, 0x0150
  60:	0001                	.insn	2, 0x0001
  62:	0000                	.insn	2, 0x
  64:	0000                	.insn	2, 0x
  66:	0004                	.insn	2, 0x0004
  68:	0404                	.insn	2, 0x0404
  6a:	1808                	.insn	2, 0x1808
  6c:	0500                	.insn	2, 0x0500
  6e:	0210                	.insn	2, 0x0210
  70:	0001                	.insn	2, 0x0001
  72:	0000                	.insn	2, 0x
  74:	0000                	.insn	2, 0x
  76:	0004                	.insn	2, 0x0004
  78:	0400                	.insn	2, 0x0400
  7a:	3820                	.insn	2, 0x3820
  7c:	0500                	.insn	2, 0x0500
  7e:	0248                	.insn	2, 0x0248
  80:	0001                	.insn	2, 0x0001
  82:	0000                	.insn	2, 0x
  84:	0000                	.insn	2, 0x
  86:	0004                	.insn	2, 0x0004
  88:	0428                	.insn	2, 0x0428
  8a:	3430                	.insn	2, 0x3430
  8c:	0500                	.insn	2, 0x0500
  8e:	02b0                	.insn	2, 0x02b0
  90:	0001                	.insn	2, 0x0001
  92:	0000                	.insn	2, 0x
  94:	0000                	.insn	2, 0x
  96:	0004                	.insn	2, 0x0004
  98:	0400                	.insn	2, 0x0400
  9a:	bc0c                	.insn	2, 0xbc0c
  9c:	0002                	.insn	2, 0x0002
  9e:	bc05                	.insn	2, 0xbc05
  a0:	0102                	.insn	2, 0x0102
  a2:	0000                	.insn	2, 0x
  a4:	0000                	.insn	2, 0x
  a6:	0400                	.insn	2, 0x0400
  a8:	0c00                	.insn	2, 0x0c00
  aa:	2804                	.insn	2, 0x2804
  ac:	005c                	.insn	2, 0x005c
  ae:	bc05                	.insn	2, 0xbc05
  b0:	0102                	.insn	2, 0x0102
  b2:	0000                	.insn	2, 0x
  b4:	0000                	.insn	2, 0x
  b6:	0400                	.insn	2, 0x0400
  b8:	0400                	.insn	2, 0x0400
  ba:	3004                	.insn	2, 0x3004
  bc:	0040                	.insn	2, 0x0040
  be:	c405                	.insn	2, 0xc405
  c0:	0102                	.insn	2, 0x0102
  c2:	0000                	.insn	2, 0x
  c4:	0000                	.insn	2, 0x
  c6:	0400                	.insn	2, 0x0400
  c8:	0400                	.insn	2, 0x0400
  ca:	4404                	.insn	2, 0x4404
  cc:	0054                	.insn	2, 0x0054
  ce:	2005                	.insn	2, 0x2005
  d0:	00000103          	lb	sp,0(zero) # 0 <_hang-0x10000>
  d4:	0000                	.insn	2, 0x
  d6:	0400                	.insn	2, 0x0400
  d8:	0000                	.insn	2, 0x
  da:	0804                	.insn	2, 0x0804
  dc:	003c                	.insn	2, 0x003c
  de:	b005                	.insn	2, 0xb005
  e0:	00000103          	lb	sp,0(zero) # 0 <_hang-0x10000>
  e4:	0000                	.insn	2, 0x
  e6:	0400                	.insn	2, 0x0400
  e8:	1400                	.insn	2, 0x1400
  ea:	1804                	.insn	2, 0x1804
  ec:	001c                	.insn	2, 0x001c
  ee:	bc05                	.insn	2, 0xbc05
  f0:	00000103          	lb	sp,0(zero) # 0 <_hang-0x10000>
  f4:	0000                	.insn	2, 0x
  f6:	0400                	.insn	2, 0x0400
  f8:	0800                	.insn	2, 0x0800
  fa:	0c04                	.insn	2, 0x0c04
  fc:	0010                	.insn	2, 0x0010
  fe:	c405                	.insn	2, 0xc405
 100:	00000103          	lb	sp,0(zero) # 0 <_hang-0x10000>
 104:	0000                	.insn	2, 0x
 106:	0400                	.insn	2, 0x0400
 108:	0400                	.insn	2, 0x0400
 10a:	0804                	.insn	2, 0x0804
 10c:	001c                	.insn	2, 0x001c
 10e:	1005                	.insn	2, 0x1005
 110:	0104                	.insn	2, 0x0104
 112:	0000                	.insn	2, 0x
 114:	0000                	.insn	2, 0x
 116:	0400                	.insn	2, 0x0400
 118:	8400                	.insn	2, 0x8400
 11a:	0401                	.insn	2, 0x0401
 11c:	0688                	.insn	2, 0x0688
 11e:	069c                	.insn	2, 0x069c
 120:	a404                	.insn	2, 0xa404
 122:	bc06                	.insn	2, 0xbc06
 124:	0006                	.insn	2, 0x0006
 126:	5805                	.insn	2, 0x5805
 128:	0104                	.insn	2, 0x0104
 12a:	0000                	.insn	2, 0x
 12c:	0000                	.insn	2, 0x
 12e:	0400                	.insn	2, 0x0400
 130:	0c00                	.insn	2, 0x0c00
 132:	0c04                	.insn	2, 0x0c04
 134:	0418                	.insn	2, 0x0418
 136:	2418                	.insn	2, 0x2418
 138:	2404                	.insn	2, 0x2404
 13a:	0430                	.insn	2, 0x0430
 13c:	05c0                	.insn	2, 0x05c0
 13e:	05d4                	.insn	2, 0x05d4
 140:	dc04                	.insn	2, 0xdc04
 142:	f405                	.insn	2, 0xf405
 144:	0005                	.insn	2, 0x0005
 146:	9805                	.insn	2, 0x9805
 148:	0104                	.insn	2, 0x0104
 14a:	0000                	.insn	2, 0x
 14c:	0000                	.insn	2, 0x
 14e:	0400                	.insn	2, 0x0400
 150:	9800                	.insn	2, 0x9800
 152:	0402                	.insn	2, 0x0402
 154:	02b0                	.insn	2, 0x02b0
 156:	02b4                	.insn	2, 0x02b4
 158:	e004                	.insn	2, 0xe004
 15a:	f004                	.insn	2, 0xf004
 15c:	0004                	.insn	2, 0x0004
 15e:	8805                	.insn	2, 0x8805
 160:	0105                	.insn	2, 0x0105
 162:	0000                	.insn	2, 0x
 164:	0000                	.insn	2, 0x
 166:	0400                	.insn	2, 0x0400
 168:	0000                	.insn	2, 0x
 16a:	0004                	.insn	2, 0x0004
 16c:	0408                	.insn	2, 0x0408
 16e:	140c                	.insn	2, 0x140c
 170:	f004                	.insn	2, 0xf004
 172:	8002                	.insn	2, 0x8002
 174:	c0050003          	lb	zero,-1024(a0) # 49002fae <_sp+0x40ff2fae>
 178:	0105                	.insn	2, 0x0105
 17a:	0000                	.insn	2, 0x
 17c:	0000                	.insn	2, 0x
 17e:	0400                	.insn	2, 0x0400
 180:	0800                	.insn	2, 0x0800
 182:	8804                	.insn	2, 0x8804
 184:	9002                	.insn	2, 0x9002
 186:	0402                	.insn	2, 0x0402
 188:	0298                	.insn	2, 0x0298
 18a:	02a4                	.insn	2, 0x02a4
 18c:	0500                	.insn	2, 0x0500
 18e:	05cc                	.insn	2, 0x05cc
 190:	0001                	.insn	2, 0x0001
 192:	0000                	.insn	2, 0x
 194:	0000                	.insn	2, 0x
 196:	0004                	.insn	2, 0x0004
 198:	040c                	.insn	2, 0x040c
 19a:	0c0c                	.insn	2, 0x0c0c
 19c:	1404                	.insn	2, 0x1404
 19e:	0048                	.insn	2, 0x0048
 1a0:	cc05                	.insn	2, 0xcc05
 1a2:	0105                	.insn	2, 0x0105
 1a4:	0000                	.insn	2, 0x
 1a6:	0000                	.insn	2, 0x
 1a8:	0400                	.insn	2, 0x0400
 1aa:	0400                	.insn	2, 0x0400
 1ac:	1c04                	.insn	2, 0x1c04
 1ae:	002c                	.insn	2, 0x002c
 1b0:	d405                	.insn	2, 0xd405
 1b2:	0105                	.insn	2, 0x0105
 1b4:	0000                	.insn	2, 0x
 1b6:	0000                	.insn	2, 0x
 1b8:	0400                	.insn	2, 0x0400
 1ba:	0400                	.insn	2, 0x0400
 1bc:	3004                	.insn	2, 0x3004
 1be:	0040                	.insn	2, 0x0040
 1c0:	2005                	.insn	2, 0x2005
 1c2:	0106                	.insn	2, 0x0106
 1c4:	0000                	.insn	2, 0x
 1c6:	0000                	.insn	2, 0x
 1c8:	0400                	.insn	2, 0x0400
 1ca:	0000                	.insn	2, 0x
 1cc:	0804                	.insn	2, 0x0804
 1ce:	003c                	.insn	2, 0x003c
 1d0:	d005                	.insn	2, 0xd005
 1d2:	0106                	.insn	2, 0x0106
 1d4:	0000                	.insn	2, 0x
 1d6:	0000                	.insn	2, 0x
 1d8:	0400                	.insn	2, 0x0400
 1da:	0800                	.insn	2, 0x0800
 1dc:	1404                	.insn	2, 0x1404
 1de:	0028                	.insn	2, 0x0028
 1e0:	01002007          	.insn	4, 0x01002007
 1e4:	0000                	.insn	2, 0x
 1e6:	0000                	.insn	2, 0x
 1e8:	f000                	.insn	2, 0xf000
 1ea:	02100703          	lb	a4,33(zero) # 21 <_hang-0xffdf>
 1ee:	0001                	.insn	2, 0x0001
 1f0:	0000                	.insn	2, 0x
 1f2:	0000                	.insn	2, 0x
 1f4:	0abc                	.insn	2, 0x0abc
 1f6:	4f00                	.insn	2, 0x4f00
 1f8:	0000                	.insn	2, 0x
 1fa:	0500                	.insn	2, 0x0500
 1fc:	0800                	.insn	2, 0x0800
 1fe:	0000                	.insn	2, 0x
 200:	0000                	.insn	2, 0x
 202:	0400                	.insn	2, 0x0400
 204:	0194                	.insn	2, 0x0194
 206:	0198                	.insn	2, 0x0198
 208:	d004                	.insn	2, 0xd004
 20a:	dc01                	.insn	2, 0xdc01
 20c:	0001                	.insn	2, 0x0001
 20e:	f004                	.insn	2, 0xf004
 210:	bc01                	.insn	2, 0xbc01
 212:	0402                	.insn	2, 0x0402
 214:	03d8                	.insn	2, 0x03d8
 216:	03ec                	.insn	2, 0x03ec
 218:	0400                	.insn	2, 0x0400
 21a:	0288                	.insn	2, 0x0288
 21c:	0290                	.insn	2, 0x0290
 21e:	9404                	.insn	2, 0x9404
 220:	b402                	.insn	2, 0xb402
 222:	0002                	.insn	2, 0x0002
 224:	8c04                	.insn	2, 0x8c04
 226:	9002                	.insn	2, 0x9002
 228:	0402                	.insn	2, 0x0402
 22a:	02a8                	.insn	2, 0x02a8
 22c:	02b4                	.insn	2, 0x02b4
 22e:	0400                	.insn	2, 0x0400
 230:	02d4                	.insn	2, 0x02d4
 232:	02d8                	.insn	2, 0x02d8
 234:	dc04                	.insn	2, 0xdc04
 236:	dc02                	.insn	2, 0xdc02
 238:	0402                	.insn	2, 0x0402
 23a:	02e4                	.insn	2, 0x02e4
 23c:	02f0                	.insn	2, 0x02f0
 23e:	0400                	.insn	2, 0x0400
 240:	0388                	.insn	2, 0x0388
 242:	0388                	.insn	2, 0x0388
 244:	9004                	.insn	2, 0x9004
 246:	0003b403          	ld	s0,0(t2)

Disassembly of section .debug_loclists:

0000000000000000 <.debug_loclists>:
   0:	04dc                	.insn	2, 0x04dc
   2:	0000                	.insn	2, 0x
   4:	0005                	.insn	2, 0x0005
   6:	0008                	.insn	2, 0x0008
   8:	0000                	.insn	2, 0x
   a:	0000                	.insn	2, 0x
   c:	1006                	.insn	2, 0x1006
   e:	0102                	.insn	2, 0x0102
  10:	0000                	.insn	2, 0x
  12:	0000                	.insn	2, 0x
  14:	0400                	.insn	2, 0x0400
  16:	c800                	.insn	2, 0xc800
  18:	9f300207          	.insn	4, 0x9f300207
  1c:	c804                	.insn	2, 0xc804
  1e:	0109e807          	.insn	4, 0x0109e807
  22:	0465                	.insn	2, 0x0465
  24:	09e8                	.insn	2, 0x09e8
  26:	0abc                	.insn	2, 0x0abc
  28:	3002                	.insn	2, 0x3002
  2a:	009f 1006 0102      	.insn	6, 0x01021006009f
  30:	0000                	.insn	2, 0x
  32:	0000                	.insn	2, 0x
  34:	0400                	.insn	2, 0x0400
  36:	8800                	.insn	2, 0x8800
  38:	0205                	.insn	2, 0x0205
  3a:	9f31                	.insn	2, 0x9f31
  3c:	8804                	.insn	2, 0x8804
  3e:	a405                	.insn	2, 0xa405
  40:	04580107          	.insn	4, 0x04580107
  44:	09e8                	.insn	2, 0x09e8
  46:	0a88                	.insn	2, 0x0a88
  48:	5801                	.insn	2, 0x5801
  4a:	8804                	.insn	2, 0x8804
  4c:	9c0a                	.insn	2, 0x9c0a
  4e:	020a                	.insn	2, 0x020a
  50:	9f31                	.insn	2, 0x9f31
  52:	9c04                	.insn	2, 0x9c04
  54:	a40a                	.insn	2, 0xa40a
  56:	020a                	.insn	2, 0x020a
  58:	9f30                	.insn	2, 0x9f30
  5a:	a404                	.insn	2, 0xa404
  5c:	bc0a                	.insn	2, 0xbc0a
  5e:	020a                	.insn	2, 0x020a
  60:	9f31                	.insn	2, 0x9f31
  62:	0800                	.insn	2, 0x0800
  64:	02b0                	.insn	2, 0x02b0
  66:	0001                	.insn	2, 0x0001
  68:	0000                	.insn	2, 0x
  6a:	0000                	.insn	2, 0x
  6c:	02bc                	.insn	2, 0x02bc
  6e:	9f780803          	lb	a6,-1545(a6) # 1214b1f <dtb+0x1203fb7>
  72:	0600                	.insn	2, 0x0600
  74:	02b0                	.insn	2, 0x02b0
  76:	0001                	.insn	2, 0x0001
  78:	0000                	.insn	2, 0x
  7a:	0000                	.insn	2, 0x
  7c:	0004                	.insn	2, 0x0004
  7e:	0218                	.insn	2, 0x0218
  80:	9f30                	.insn	2, 0x9f30
  82:	1804                	.insn	2, 0x1804
  84:	02b0                	.insn	2, 0x02b0
  86:	6501                	.insn	2, 0x6501
  88:	b004                	.insn	2, 0xb004
  8a:	b402                	.insn	2, 0xb402
  8c:	0302                	.insn	2, 0x0302
  8e:	0185                	.insn	2, 0x0185
  90:	049f 02b4 02bc      	.insn	6, 0x02bc02b4049f
  96:	9f008503          	lb	a0,-1552(ra)
  9a:	0800                	.insn	2, 0x0800
  9c:	02ec                	.insn	2, 0x02ec
  9e:	0001                	.insn	2, 0x0001
  a0:	0000                	.insn	2, 0x
  a2:	0000                	.insn	2, 0x
  a4:	012c                	.insn	2, 0x012c
  a6:	005e                	.insn	2, 0x005e
  a8:	ec08                	.insn	2, 0xec08
  aa:	0102                	.insn	2, 0x0102
  ac:	0000                	.insn	2, 0x
  ae:	0000                	.insn	2, 0x
  b0:	1000                	.insn	2, 0x1000
  b2:	5d01                	.insn	2, 0x5d01
  b4:	0600                	.insn	2, 0x0600
  b6:	0320                	.insn	2, 0x0320
  b8:	0001                	.insn	2, 0x0001
  ba:	0000                	.insn	2, 0x
  bc:	0000                	.insn	2, 0x
  be:	0004                	.insn	2, 0x0004
  c0:	0a08                	.insn	2, 0x0a08
  c2:	0109d803          	lhu	a6,16(s3)
  c6:	0000                	.insn	2, 0x
  c8:	0000                	.insn	2, 0x
  ca:	9f00                	.insn	2, 0x9f00
  cc:	1004                	.insn	2, 0x1004
  ce:	013c                	.insn	2, 0x013c
  d0:	005e                	.insn	2, 0x005e
  d2:	3008                	.insn	2, 0x3008
  d4:	00000103          	lb	sp,0(zero) # 0 <_hang-0x10000>
  d8:	0000                	.insn	2, 0x
  da:	1000                	.insn	2, 0x1000
  dc:	5d01                	.insn	2, 0x5d01
  de:	0800                	.insn	2, 0x0800
  e0:	0384                	.insn	2, 0x0384
  e2:	0001                	.insn	2, 0x0001
  e4:	0000                	.insn	2, 0x
  e6:	0000                	.insn	2, 0x
  e8:	012c                	.insn	2, 0x012c
  ea:	005e                	.insn	2, 0x005e
  ec:	8408                	.insn	2, 0x8408
  ee:	00000103          	lb	sp,0(zero) # 0 <_hang-0x10000>
  f2:	0000                	.insn	2, 0x
  f4:	1000                	.insn	2, 0x1000
  f6:	5d01                	.insn	2, 0x5d01
  f8:	0800                	.insn	2, 0x0800
  fa:	03bc                	.insn	2, 0x03bc
  fc:	0001                	.insn	2, 0x0001
  fe:	0000                	.insn	2, 0x
 100:	0000                	.insn	2, 0x
 102:	0a10                	.insn	2, 0x0a10
 104:	010a3103          	ld	sp,16(s4)
 108:	0000                	.insn	2, 0x
 10a:	0000                	.insn	2, 0x
 10c:	9f00                	.insn	2, 0x9f00
 10e:	0800                	.insn	2, 0x0800
 110:	03bc                	.insn	2, 0x03bc
 112:	0001                	.insn	2, 0x0001
 114:	0000                	.insn	2, 0x
 116:	0000                	.insn	2, 0x
 118:	0210                	.insn	2, 0x0210
 11a:	9f3a                	.insn	2, 0x9f3a
 11c:	0800                	.insn	2, 0x0800
 11e:	03cc                	.insn	2, 0x03cc
 120:	0001                	.insn	2, 0x0001
 122:	0000                	.insn	2, 0x
 124:	0000                	.insn	2, 0x
 126:	0614                	.insn	2, 0x0614
 128:	200c                	.insn	2, 0x200c
 12a:	bebc                	.insn	2, 0xbebc
 12c:	9f00                	.insn	2, 0x9f00
 12e:	0600                	.insn	2, 0x0600
 130:	0410                	.insn	2, 0x0410
 132:	0001                	.insn	2, 0x0001
 134:	0000                	.insn	2, 0x
 136:	0000                	.insn	2, 0x
 138:	0004                	.insn	2, 0x0004
 13a:	0218                	.insn	2, 0x0218
 13c:	9f30                	.insn	2, 0x9f30
 13e:	1804                	.insn	2, 0x1804
 140:	0228                	.insn	2, 0x0228
 142:	9f31                	.insn	2, 0x9f31
 144:	2804                	.insn	2, 0x2804
 146:	0238                	.insn	2, 0x0238
 148:	9f32                	.insn	2, 0x9f32
 14a:	3804                	.insn	2, 0x3804
 14c:	0244                	.insn	2, 0x0244
 14e:	44049f33          	.insn	4, 0x44049f33
 152:	0248                	.insn	2, 0x0248
 154:	9f34                	.insn	2, 0x9f34
 156:	4804                	.insn	2, 0x4804
 158:	0254                	.insn	2, 0x0254
 15a:	9f30                	.insn	2, 0x9f30
 15c:	5404                	.insn	2, 0x5404
 15e:	0260                	.insn	2, 0x0260
 160:	9f31                	.insn	2, 0x9f31
 162:	6004                	.insn	2, 0x6004
 164:	026c                	.insn	2, 0x026c
 166:	9f32                	.insn	2, 0x9f32
 168:	6c04                	.insn	2, 0x6c04
 16a:	0278                	.insn	2, 0x0278
 16c:	78049f33          	.insn	4, 0x78049f33
 170:	0184                	.insn	2, 0x0184
 172:	3402                	.insn	2, 0x3402
 174:	049f 0688 0690      	.insn	6, 0x06900688049f
 17a:	3002                	.insn	2, 0x3002
 17c:	049f 06a4 06b0      	.insn	6, 0x06b006a4049f
 182:	3102                	.insn	2, 0x3102
 184:	049f 06b0 06bc      	.insn	6, 0x06bc06b0049f
 18a:	3202                	.insn	2, 0x3202
 18c:	009f 6006 0104      	.insn	6, 0x01046006009f
 192:	0000                	.insn	2, 0x
 194:	0000                	.insn	2, 0x
 196:	0400                	.insn	2, 0x0400
 198:	3300                	.insn	2, 0x3300
 19a:	5d01                	.insn	2, 0x5d01
 19c:	b804                	.insn	2, 0xb804
 19e:	cb05                	.insn	2, 0xcb05
 1a0:	0105                	.insn	2, 0x0105
 1a2:	045d                	.insn	2, 0x045d
 1a4:	05d4                	.insn	2, 0x05d4
 1a6:	05ec                	.insn	2, 0x05ec
 1a8:	5d01                	.insn	2, 0x5d01
 1aa:	0800                	.insn	2, 0x0800
 1ac:	0498                	.insn	2, 0x0498
 1ae:	0001                	.insn	2, 0x0001
 1b0:	0000                	.insn	2, 0x
 1b2:	0000                	.insn	2, 0x
 1b4:	0580                	.insn	2, 0x0580
 1b6:	0c06                	.insn	2, 0x0c06
 1b8:	0040                	.insn	2, 0x0040
 1ba:	8000                	.insn	2, 0x8000
 1bc:	009f 9806 0104      	.insn	6, 0x01049806009f
 1c2:	0000                	.insn	2, 0x
 1c4:	0000                	.insn	2, 0x
 1c6:	0400                	.insn	2, 0x0400
 1c8:	2000                	.insn	2, 0x2000
 1ca:	3002                	.insn	2, 0x3002
 1cc:	049f 2c20 3102      	.insn	6, 0x31022c20049f
 1d2:	049f 382c 3202      	.insn	6, 0x3202382c049f
 1d8:	049f 4438 3302      	.insn	6, 0x33024438049f
 1de:	049f 5044 3402      	.insn	6, 0x34025044049f
 1e4:	049f 5c50 3502      	.insn	6, 0x35025c50049f
 1ea:	049f 685c 3602      	.insn	6, 0x3602685c049f
 1f0:	049f 7468 3702      	.insn	6, 0x37027468049f
 1f6:	049f 8074 0201      	.insn	6, 0x02018074049f
 1fc:	9f38                	.insn	2, 0x9f38
 1fe:	8004                	.insn	2, 0x8004
 200:	8c01                	.insn	2, 0x8c01
 202:	0201                	.insn	2, 0x0201
 204:	9f39                	.insn	2, 0x9f39
 206:	8c04                	.insn	2, 0x8c04
 208:	9801                	.insn	2, 0x9801
 20a:	0201                	.insn	2, 0x0201
 20c:	9f3a                	.insn	2, 0x9f3a
 20e:	9804                	.insn	2, 0x9804
 210:	a401                	.insn	2, 0xa401
 212:	0201                	.insn	2, 0x0201
 214:	a4049f3b          	.insn	4, 0xa4049f3b
 218:	b001                	.insn	2, 0xb001
 21a:	0201                	.insn	2, 0x0201
 21c:	9f3c                	.insn	2, 0x9f3c
 21e:	b004                	.insn	2, 0xb004
 220:	bc01                	.insn	2, 0xbc01
 222:	0201                	.insn	2, 0x0201
 224:	9f3d                	.insn	2, 0x9f3d
 226:	bc04                	.insn	2, 0xbc04
 228:	d001                	.insn	2, 0xd001
 22a:	0201                	.insn	2, 0x0201
 22c:	9f3e                	.insn	2, 0x9f3e
 22e:	d004                	.insn	2, 0xd004
 230:	d801                	.insn	2, 0xd801
 232:	0201                	.insn	2, 0x0201
 234:	d8049f3f 0201dc01 	.insn	8, 0x0201dc01d8049f3f
 23c:	9f40                	.insn	2, 0x9f40
 23e:	dc04                	.insn	2, 0xdc04
 240:	f001                	.insn	2, 0xf001
 242:	0201                	.insn	2, 0x0201
 244:	9f30                	.insn	2, 0x9f30
 246:	f004                	.insn	2, 0xf004
 248:	8801                	.insn	2, 0x8801
 24a:	0b02                	.insn	2, 0x0b02
 24c:	ffffc07b          	.insn	4, 0xffffc07b
 250:	77ff                	.insn	2, 0x77ff
 252:	2532                	.insn	2, 0x2532
 254:	049f0123          	sb	s1,66(t5)
 258:	0288                	.insn	2, 0x0288
 25a:	7b0b0297          	auipc	t0,0x7b0b0
 25e:	ffbc                	.insn	2, 0xffbc
 260:	ffff                	.insn	2, 0xffff
 262:	23253277          	.insn	4, 0x23253277
 266:	9f01                	.insn	2, 0x9f01
 268:	e004                	.insn	2, 0xe004
 26a:	eb04                	.insn	2, 0xeb04
 26c:	0b04                	.insn	2, 0x0b04
 26e:	ffffc07b          	.insn	4, 0xffffc07b
 272:	77ff                	.insn	2, 0x77ff
 274:	2532                	.insn	2, 0x2532
 276:	009f0123          	sb	s1,2(t5)
 27a:	9006                	.insn	2, 0x9006
 27c:	0105                	.insn	2, 0x0105
 27e:	0000                	.insn	2, 0x
 280:	0000                	.insn	2, 0x
 282:	0400                	.insn	2, 0x0400
 284:	1f00                	.insn	2, 0x1f00
 286:	5c01                	.insn	2, 0x5c01
 288:	e804                	.insn	2, 0xe804
 28a:	f302                	.insn	2, 0xf302
 28c:	0102                	.insn	2, 0x0102
 28e:	005c                	.insn	2, 0x005c
 290:	9806                	.insn	2, 0x9806
 292:	0105                	.insn	2, 0x0105
 294:	0000                	.insn	2, 0x
 296:	0000                	.insn	2, 0x
 298:	0400                	.insn	2, 0x0400
 29a:	1700                	.insn	2, 0x1700
 29c:	5d01                	.insn	2, 0x5d01
 29e:	e004                	.insn	2, 0xe004
 2a0:	eb02                	.insn	2, 0xeb02
 2a2:	0102                	.insn	2, 0x0102
 2a4:	005d                	.insn	2, 0x005d
 2a6:	d806                	.insn	2, 0xd806
 2a8:	0105                	.insn	2, 0x0105
 2aa:	0000                	.insn	2, 0x
 2ac:	0000                	.insn	2, 0x
 2ae:	0400                	.insn	2, 0x0400
 2b0:	0800                	.insn	2, 0x0800
 2b2:	030a                	.insn	2, 0x030a
 2b4:	09c0                	.insn	2, 0x09c0
 2b6:	0001                	.insn	2, 0x0001
 2b8:	0000                	.insn	2, 0x
 2ba:	0000                	.insn	2, 0x
 2bc:	049f 3c10 5e01      	.insn	6, 0x5e013c10049f
 2c2:	0800                	.insn	2, 0x0800
 2c4:	05e8                	.insn	2, 0x05e8
 2c6:	0001                	.insn	2, 0x0001
 2c8:	0000                	.insn	2, 0x
 2ca:	0000                	.insn	2, 0x
 2cc:	0110                	.insn	2, 0x0110
 2ce:	005d                	.insn	2, 0x005d
 2d0:	2006                	.insn	2, 0x2006
 2d2:	0106                	.insn	2, 0x0106
 2d4:	0000                	.insn	2, 0x
 2d6:	0000                	.insn	2, 0x
 2d8:	0400                	.insn	2, 0x0400
 2da:	0800                	.insn	2, 0x0800
 2dc:	030a                	.insn	2, 0x030a
 2de:	09d8                	.insn	2, 0x09d8
 2e0:	0001                	.insn	2, 0x0001
 2e2:	0000                	.insn	2, 0x
 2e4:	0000                	.insn	2, 0x
 2e6:	049f 3c10 5e01      	.insn	6, 0x5e013c10049f
 2ec:	0800                	.insn	2, 0x0800
 2ee:	0630                	.insn	2, 0x0630
 2f0:	0001                	.insn	2, 0x0001
 2f2:	0000                	.insn	2, 0x
 2f4:	0000                	.insn	2, 0x
 2f6:	0110                	.insn	2, 0x0110
 2f8:	005d                	.insn	2, 0x005d
 2fa:	8408                	.insn	2, 0x8408
 2fc:	0106                	.insn	2, 0x0106
 2fe:	0000                	.insn	2, 0x
 300:	0000                	.insn	2, 0x
 302:	2c00                	.insn	2, 0x2c00
 304:	5e01                	.insn	2, 0x5e01
 306:	0800                	.insn	2, 0x0800
 308:	0684                	.insn	2, 0x0684
 30a:	0001                	.insn	2, 0x0001
 30c:	0000                	.insn	2, 0x
 30e:	0000                	.insn	2, 0x
 310:	0110                	.insn	2, 0x0110
 312:	005d                	.insn	2, 0x005d
 314:	bc08                	.insn	2, 0xbc08
 316:	0106                	.insn	2, 0x0106
 318:	0000                	.insn	2, 0x
 31a:	0000                	.insn	2, 0x
 31c:	0c00                	.insn	2, 0x0c00
 31e:	030a                	.insn	2, 0x030a
 320:	0a31                	.insn	2, 0x0a31
 322:	0001                	.insn	2, 0x0001
 324:	0000                	.insn	2, 0x
 326:	0000                	.insn	2, 0x
 328:	009f bc08 0106      	.insn	6, 0x0106bc08009f
 32e:	0000                	.insn	2, 0x
 330:	0000                	.insn	2, 0x
 332:	0c00                	.insn	2, 0x0c00
 334:	3a02                	.insn	2, 0x3a02
 336:	009f e408 0106      	.insn	6, 0x0106e408009f
 33c:	0000                	.insn	2, 0x
 33e:	0000                	.insn	2, 0x
 340:	1400                	.insn	2, 0x1400
 342:	0c06                	.insn	2, 0x0c06
 344:	bc20                	.insn	2, 0xbc20
 346:	00be                	.insn	2, 0x00be
 348:	009f 6c06 0100      	.insn	6, 0x01006c06009f
 34e:	0000                	.insn	2, 0x
 350:	0000                	.insn	2, 0x
 352:	0400                	.insn	2, 0x0400
 354:	1400                	.insn	2, 0x1400
 356:	5a01                	.insn	2, 0x5a01
 358:	1404                	.insn	2, 0x1404
 35a:	0160                	.insn	2, 0x0160
 35c:	0458                	.insn	2, 0x0458
 35e:	6860                	.insn	2, 0x6860
 360:	a304                	.insn	2, 0xa304
 362:	5a01                	.insn	2, 0x5a01
 364:	009f 8806 0100      	.insn	6, 0x01008806009f
 36a:	0000                	.insn	2, 0x
 36c:	0000                	.insn	2, 0x
 36e:	0400                	.insn	2, 0x0400
 370:	1000                	.insn	2, 0x1000
 372:	4c02                	.insn	2, 0x4c02
 374:	049f 4c10 5c01      	.insn	6, 0x5c014c10049f
 37a:	0600                	.insn	2, 0x0600
 37c:	0020                	.insn	2, 0x0020
 37e:	0001                	.insn	2, 0x0001
 380:	0000                	.insn	2, 0x
 382:	0000                	.insn	2, 0x
 384:	0004                	.insn	2, 0x0004
 386:	0120                	.insn	2, 0x0120
 388:	045a                	.insn	2, 0x045a
 38a:	4c20                	.insn	2, 0x4c20
 38c:	5a01                	.insn	2, 0x5a01
 38e:	0800                	.insn	2, 0x0800
 390:	0040                	.insn	2, 0x0040
 392:	0001                	.insn	2, 0x0001
 394:	0000                	.insn	2, 0x
 396:	0000                	.insn	2, 0x
 398:	0110                	.insn	2, 0x0110
 39a:	005d                	.insn	2, 0x005d
 39c:	d406                	.insn	2, 0xd406
 39e:	0100                	.insn	2, 0x0100
 3a0:	0000                	.insn	2, 0x
 3a2:	0000                	.insn	2, 0x
 3a4:	0400                	.insn	2, 0x0400
 3a6:	2400                	.insn	2, 0x2400
 3a8:	5a01                	.insn	2, 0x5a01
 3aa:	2404                	.insn	2, 0x2404
 3ac:	0148                	.insn	2, 0x0148
 3ae:	045a                	.insn	2, 0x045a
 3b0:	5448                	.insn	2, 0x5448
 3b2:	5b01                	.insn	2, 0x5b01
 3b4:	5404                	.insn	2, 0x5404
 3b6:	01bc                	.insn	2, 0x01bc
 3b8:	5a01                	.insn	2, 0x5a01
 3ba:	0600                	.insn	2, 0x0600
 3bc:	00d4                	.insn	2, 0x00d4
 3be:	0001                	.insn	2, 0x0001
 3c0:	0000                	.insn	2, 0x
 3c2:	0000                	.insn	2, 0x
 3c4:	0004                	.insn	2, 0x0004
 3c6:	0224                	.insn	2, 0x0224
 3c8:	9f30                	.insn	2, 0x9f30
 3ca:	2404                	.insn	2, 0x2404
 3cc:	0834                	.insn	2, 0x0834
 3ce:	007c                	.insn	2, 0x007c
 3d0:	007d                	.insn	2, 0x007d
 3d2:	231c                	.insn	2, 0x231c
 3d4:	9f01                	.insn	2, 0x9f01
 3d6:	3404                	.insn	2, 0x3404
 3d8:	087c                	.insn	2, 0x087c
 3da:	0080                	.insn	2, 0x0080
 3dc:	007d                	.insn	2, 0x007d
 3de:	231c                	.insn	2, 0x231c
 3e0:	9f01                	.insn	2, 0x9f01
 3e2:	7c04                	.insn	2, 0x7c04
 3e4:	0180                	.insn	2, 0x0180
 3e6:	8008                	.insn	2, 0x8008
 3e8:	9100                	.insn	2, 0x9100
 3ea:	1c68                	.insn	2, 0x1c68
 3ec:	049f0123          	sb	s1,66(t5)
 3f0:	0180                	.insn	2, 0x0180
 3f2:	0198                	.insn	2, 0x0198
 3f4:	7d1c                	.insn	2, 0x7d1c
 3f6:	9100                	.insn	2, 0x9100
 3f8:	1c68                	.insn	2, 0x1c68
 3fa:	0080                	.insn	2, 0x0080
 3fc:	6891                	.insn	2, 0x6891
 3fe:	231c                	.insn	2, 0x231c
 400:	0801                	.insn	2, 0x0801
 402:	2420                	.insn	2, 0x2420
 404:	2008                	.insn	2, 0x2008
 406:	9126                	.insn	2, 0x9126
 408:	2200                	.insn	2, 0x2200
 40a:	1c48                	.insn	2, 0x1c48
 40c:	801c                	.insn	2, 0x801c
 40e:	2200                	.insn	2, 0x2200
 410:	049f 0198 01a0      	.insn	6, 0x01a00198049f
 416:	7d1c                	.insn	2, 0x7d1c
 418:	8001                	.insn	2, 0x8001
 41a:	9100                	.insn	2, 0x9100
 41c:	1c68                	.insn	2, 0x1c68
 41e:	20080123          	sb	zero,514(a6)
 422:	0824                	.insn	2, 0x0824
 424:	2620                	.insn	2, 0x2620
 426:	0091                	.insn	2, 0x0091
 428:	4822                	.insn	2, 0x4822
 42a:	1c1c                	.insn	2, 0x1c1c
 42c:	6891                	.insn	2, 0x6891
 42e:	801c                	.insn	2, 0x801c
 430:	2200                	.insn	2, 0x2200
 432:	049f 01a0 01a4      	.insn	6, 0x01a401a0049f
 438:	7d1c                	.insn	2, 0x7d1c
 43a:	8001                	.insn	2, 0x8001
 43c:	7200                	.insn	2, 0x7200
 43e:	1c68                	.insn	2, 0x1c68
 440:	20080123          	sb	zero,514(a6)
 444:	0824                	.insn	2, 0x0824
 446:	2620                	.insn	2, 0x2620
 448:	0072                	.insn	2, 0x0072
 44a:	4822                	.insn	2, 0x4822
 44c:	1c1c                	.insn	2, 0x1c1c
 44e:	6872                	.insn	2, 0x6872
 450:	801c                	.insn	2, 0x801c
 452:	2200                	.insn	2, 0x2200
 454:	049f 01a4 01bc      	.insn	6, 0x01bc01a4049f
 45a:	3002                	.insn	2, 0x3002
 45c:	009f 5808 0101      	.insn	6, 0x01015808009f
 462:	0000                	.insn	2, 0x
 464:	0000                	.insn	2, 0x
 466:	1000                	.insn	2, 0x1000
 468:	5c01                	.insn	2, 0x5c01
 46a:	0600                	.insn	2, 0x0600
 46c:	0190                	.insn	2, 0x0190
 46e:	0001                	.insn	2, 0x0001
 470:	0000                	.insn	2, 0x
 472:	0000                	.insn	2, 0x
 474:	0004                	.insn	2, 0x0004
 476:	045a0123          	sb	t0,66(s4)
 47a:	04018023          	sb	zero,64(gp)
 47e:	9f5a01a3          	sb	s5,-1565(s4)
 482:	0600                	.insn	2, 0x0600
 484:	0190                	.insn	2, 0x0190
 486:	0001                	.insn	2, 0x0001
 488:	0000                	.insn	2, 0x
 48a:	0000                	.insn	2, 0x
 48c:	0004                	.insn	2, 0x0004
 48e:	045b0123          	sb	t0,66(s6)
 492:	0100f023          	.insn	4, 0x0100f023
 496:	0462                	.insn	2, 0x0462
 498:	00f0                	.insn	2, 0x00f0
 49a:	0180                	.insn	2, 0x0180
 49c:	a304                	.insn	2, 0xa304
 49e:	5b01                	.insn	2, 0x5b01
 4a0:	009f 9006 0101      	.insn	6, 0x01019006009f
 4a6:	0000                	.insn	2, 0x
 4a8:	0000                	.insn	2, 0x
 4aa:	0400                	.insn	2, 0x0400
 4ac:	2300                	.insn	2, 0x2300
 4ae:	5c01                	.insn	2, 0x5c01
 4b0:	2304                	.insn	2, 0x2304
 4b2:	00ec                	.insn	2, 0x00ec
 4b4:	5901                	.insn	2, 0x5901
 4b6:	ec04                	.insn	2, 0xec04
 4b8:	8000                	.insn	2, 0x8000
 4ba:	0401                	.insn	2, 0x0401
 4bc:	9f5c01a3          	sb	s5,-1565(s8)
 4c0:	0600                	.insn	2, 0x0600
 4c2:	0190                	.insn	2, 0x0190
 4c4:	0001                	.insn	2, 0x0001
 4c6:	0000                	.insn	2, 0x
 4c8:	0000                	.insn	2, 0x
 4ca:	0004                	.insn	2, 0x0004
 4cc:	045d0123          	sb	t0,66(s10)
 4d0:	0100e423          	.insn	4, 0x0100e423
 4d4:	0458                	.insn	2, 0x0458
 4d6:	00e4                	.insn	2, 0x00e4
 4d8:	0180                	.insn	2, 0x0180
 4da:	a304                	.insn	2, 0xa304
 4dc:	5d01                	.insn	2, 0x5d01
 4de:	009f 01fe 0000      	.insn	6, 0x01fe009f
 4e4:	0005                	.insn	2, 0x0005
 4e6:	0008                	.insn	2, 0x0008
 4e8:	0000                	.insn	2, 0x
 4ea:	0000                	.insn	2, 0x
 4ec:	5004                	.insn	2, 0x5004
 4ee:	017c                	.insn	2, 0x017c
 4f0:	045a                	.insn	2, 0x045a
 4f2:	847c                	.insn	2, 0x847c
 4f4:	0301                	.insn	2, 0x0301
 4f6:	017a                	.insn	2, 0x017a
 4f8:	049f 0184 01a4      	.insn	6, 0x01a40184049f
 4fe:	5e01                	.insn	2, 0x5e01
 500:	a404                	.insn	2, 0xa404
 502:	b001                	.insn	2, 0xb001
 504:	0101                	.insn	2, 0x0101
 506:	045a                	.insn	2, 0x045a
 508:	01d0                	.insn	2, 0x01d0
 50a:	01e8                	.insn	2, 0x01e8
 50c:	5e01                	.insn	2, 0x5e01
 50e:	bc04                	.insn	2, 0xbc04
 510:	c402                	.insn	2, 0xc402
 512:	0102                	.insn	2, 0x0102
 514:	045a                	.insn	2, 0x045a
 516:	02c4                	.insn	2, 0x02c4
 518:	02d0                	.insn	2, 0x02d0
 51a:	5e01                	.insn	2, 0x5e01
 51c:	f004                	.insn	2, 0xf004
 51e:	f802                	.insn	2, 0xf802
 520:	0102                	.insn	2, 0x0102
 522:	045a                	.insn	2, 0x045a
 524:	02f8                	.insn	2, 0x02f8
 526:	0380                	.insn	2, 0x0380
 528:	5e01                	.insn	2, 0x5e01
 52a:	b404                	.insn	2, 0xb404
 52c:	0103bc03          	ld	s8,16(t2)
 530:	045a                	.insn	2, 0x045a
 532:	03bc                	.insn	2, 0x03bc
 534:	03c4                	.insn	2, 0x03c4
 536:	5e01                	.insn	2, 0x5e01
 538:	c404                	.insn	2, 0xc404
 53a:	0103d403          	lhu	s0,16(t2)
 53e:	045a                	.insn	2, 0x045a
 540:	03ec                	.insn	2, 0x03ec
 542:	0480                	.insn	2, 0x0480
 544:	5a01                	.insn	2, 0x5a01
 546:	0400                	.insn	2, 0x0400
 548:	9c7c                	.insn	2, 0x9c7c
 54a:	0201                	.insn	2, 0x0201
 54c:	9f30                	.insn	2, 0x9f30
 54e:	9c04                	.insn	2, 0x9c04
 550:	b001                	.insn	2, 0xb001
 552:	0201                	.insn	2, 0x0201
 554:	9f31                	.insn	2, 0x9f31
 556:	d004                	.insn	2, 0xd004
 558:	e801                	.insn	2, 0xe801
 55a:	0201                	.insn	2, 0x0201
 55c:	9f30                	.insn	2, 0x9f30
 55e:	bc04                	.insn	2, 0xbc04
 560:	d002                	.insn	2, 0xd002
 562:	0202                	.insn	2, 0x0202
 564:	9f30                	.insn	2, 0x9f30
 566:	f004                	.insn	2, 0xf004
 568:	8002                	.insn	2, 0x8002
 56a:	9f300203          	lb	tp,-1549(zero) # fffffffffffff9f3 <_sp+0xfffffffff7fef9f3>
 56e:	b404                	.insn	2, 0xb404
 570:	0203c403          	lbu	s0,32(t2)
 574:	9f30                	.insn	2, 0x9f30
 576:	c404                	.insn	2, 0xc404
 578:	0203d403          	lhu	s0,32(t2)
 57c:	9f31                	.insn	2, 0x9f31
 57e:	ec04                	.insn	2, 0xec04
 580:	02048003          	lb	zero,32(s1)
 584:	9f31                	.insn	2, 0x9f31
 586:	0400                	.insn	2, 0x0400
 588:	b07c                	.insn	2, 0xb07c
 58a:	0201                	.insn	2, 0x0201
 58c:	9f30                	.insn	2, 0x9f30
 58e:	d004                	.insn	2, 0xd004
 590:	e801                	.insn	2, 0xe801
 592:	0201                	.insn	2, 0x0201
 594:	9f30                	.insn	2, 0x9f30
 596:	bc04                	.insn	2, 0xbc04
 598:	d002                	.insn	2, 0xd002
 59a:	0202                	.insn	2, 0x0202
 59c:	9f30                	.insn	2, 0x9f30
 59e:	f004                	.insn	2, 0xf004
 5a0:	8002                	.insn	2, 0x8002
 5a2:	9f300203          	lb	tp,-1549(zero) # fffffffffffff9f3 <_sp+0xfffffffff7fef9f3>
 5a6:	b404                	.insn	2, 0xb404
 5a8:	0203c403          	lbu	s0,32(t2)
 5ac:	9f30                	.insn	2, 0x9f30
 5ae:	c404                	.insn	2, 0xc404
 5b0:	0203d403          	lhu	s0,32(t2)
 5b4:	9f31                	.insn	2, 0x9f31
 5b6:	ec04                	.insn	2, 0xec04
 5b8:	01048003          	lb	zero,16(s1)
 5bc:	005e                	.insn	2, 0x005e
 5be:	7c04                	.insn	2, 0x7c04
 5c0:	01b0                	.insn	2, 0x01b0
 5c2:	3002                	.insn	2, 0x3002
 5c4:	049f 01d0 01e8      	.insn	6, 0x01e801d0049f
 5ca:	3002                	.insn	2, 0x3002
 5cc:	049f 02bc 02d0      	.insn	6, 0x02d002bc049f
 5d2:	3002                	.insn	2, 0x3002
 5d4:	049f 02f0 0380      	.insn	6, 0x038002f0049f
 5da:	3002                	.insn	2, 0x3002
 5dc:	049f 03b4 03c4      	.insn	6, 0x03c403b4049f
 5e2:	3002                	.insn	2, 0x3002
 5e4:	049f 03c4 03d4      	.insn	6, 0x03d403c4049f
 5ea:	5d01                	.insn	2, 0x5d01
 5ec:	ec04                	.insn	2, 0xec04
 5ee:	02048003          	lb	zero,32(s1)
 5f2:	9f31                	.insn	2, 0x9f31
 5f4:	0400                	.insn	2, 0x0400
 5f6:	a47c                	.insn	2, 0xa47c
 5f8:	0101                	.insn	2, 0x0101
 5fa:	0456                	.insn	2, 0x0456
 5fc:	01a4                	.insn	2, 0x01a4
 5fe:	01b0                	.insn	2, 0x01b0
 600:	5f01                	.insn	2, 0x5f01
 602:	d004                	.insn	2, 0xd004
 604:	e001                	.insn	2, 0xe001
 606:	0101                	.insn	2, 0x0101
 608:	0456                	.insn	2, 0x0456
 60a:	01e4                	.insn	2, 0x01e4
 60c:	01e8                	.insn	2, 0x01e8
 60e:	5601                	.insn	2, 0x5601
 610:	c404                	.insn	2, 0xc404
 612:	d002                	.insn	2, 0xd002
 614:	0102                	.insn	2, 0x0102
 616:	0456                	.insn	2, 0x0456
 618:	02f8                	.insn	2, 0x02f8
 61a:	0380                	.insn	2, 0x0380
 61c:	5601                	.insn	2, 0x5601
 61e:	bc04                	.insn	2, 0xbc04
 620:	0103c403          	lbu	s0,16(t2)
 624:	0456                	.insn	2, 0x0456
 626:	03cc                	.insn	2, 0x03cc
 628:	03d4                	.insn	2, 0x03d4
 62a:	5f01                	.insn	2, 0x5f01
 62c:	f404                	.insn	2, 0xf404
 62e:	01048003          	lb	zero,16(s1)
 632:	005f 8804 bc02      	.insn	6, 0xbc028804005f
 638:	0102                	.insn	2, 0x0102
 63a:	03dc046f          	jal	s0,c0e76 <dtb+0xb030e>
 63e:	03ec                	.insn	2, 0x03ec
 640:	6f01                	.insn	2, 0x6f01
 642:	0400                	.insn	2, 0x0400
 644:	0284                	.insn	2, 0x0284
 646:	0288                	.insn	2, 0x0288
 648:	9f3c0803          	lb	a6,-1549(s8)
 64c:	8804                	.insn	2, 0x8804
 64e:	bc02                	.insn	2, 0xbc02
 650:	0102                	.insn	2, 0x0102
 652:	0060                	.insn	2, 0x0060
 654:	9c04                	.insn	2, 0x9c04
 656:	a802                	.insn	2, 0xa802
 658:	0102                	.insn	2, 0x0102
 65a:	045c                	.insn	2, 0x045c
 65c:	02a8                	.insn	2, 0x02a8
 65e:	02b8                	.insn	2, 0x02b8
 660:	80008f0b          	.insn	4, 0x80008f0b
 664:	0800                	.insn	2, 0x0800
 666:	3f251aff 04009f1a 	.insn	12, 0x02b402ac04009f1a3f251aff
 66e:	02b402ac 
 672:	5d01                	.insn	2, 0x5d01
 674:	0400                	.insn	2, 0x0400
 676:	01d4                	.insn	2, 0x01d4
 678:	01dc                	.insn	2, 0x01dc
 67a:	5f01                	.insn	2, 0x5f01
 67c:	0400                	.insn	2, 0x0400
 67e:	02dc                	.insn	2, 0x02dc
 680:	02f0                	.insn	2, 0x02f0
 682:	5e01                	.insn	2, 0x5e01
 684:	0400                	.insn	2, 0x0400
 686:	02dc                	.insn	2, 0x02dc
 688:	0380                	.insn	2, 0x0380
 68a:	4904                	.insn	2, 0x4904
 68c:	244a                	.insn	2, 0x244a
 68e:	009f e804 f002      	.insn	6, 0xf002e804009f
 694:	0102                	.insn	2, 0x0102
 696:	005d                	.insn	2, 0x005d
 698:	8804                	.insn	2, 0x8804
 69a:	0103b403          	ld	s0,16(t2)
 69e:	0060                	.insn	2, 0x0060
 6a0:	9404                	.insn	2, 0x9404
 6a2:	0103ac03          	lw	s8,16(t2)
 6a6:	045e                	.insn	2, 0x045e
 6a8:	03b0                	.insn	2, 0x03b0
 6aa:	03b4                	.insn	2, 0x03b4
 6ac:	5e01                	.insn	2, 0x5e01
 6ae:	0400                	.insn	2, 0x0400
 6b0:	03a0                	.insn	2, 0x03a0
 6b2:	03a8                	.insn	2, 0x03a8
 6b4:	5d01                	.insn	2, 0x5d01
 6b6:	0400                	.insn	2, 0x0400
 6b8:	0c00                	.insn	2, 0x0c00
 6ba:	5a01                	.insn	2, 0x5a01
 6bc:	0c04                	.insn	2, 0x0c04
 6be:	0450                	.insn	2, 0x0450
 6c0:	9f5a01a3          	sb	s5,-1565(s4)
 6c4:	0400                	.insn	2, 0x0400
 6c6:	2c00                	.insn	2, 0x2c00
 6c8:	5a01                	.insn	2, 0x5a01
 6ca:	0400                	.insn	2, 0x0400
 6cc:	1c04                	.insn	2, 0x1c04
 6ce:	5e01                	.insn	2, 0x5e01
 6d0:	2004                	.insn	2, 0x2004
 6d2:	012c                	.insn	2, 0x012c
 6d4:	005e                	.insn	2, 0x005e
 6d6:	1004                	.insn	2, 0x1004
 6d8:	0118                	.insn	2, 0x0118
 6da:	005d                	.insn	2, 0x005d
 6dc:	3004                	.insn	2, 0x3004
 6de:	0140                	.insn	2, 0x0140
 6e0:	005d                	.insn	2, 0x005d

Disassembly of section .debug_frame:

0000000000000000 <.debug_frame>:
   0:	000c                	.insn	2, 0x000c
   2:	0000                	.insn	2, 0x
   4:	ffff                	.insn	2, 0xffff
   6:	ffff                	.insn	2, 0xffff
   8:	7c010003          	lb	zero,1984(sp) # 130ba0 <dtb+0x120038>
   c:	0c01                	.insn	2, 0x0c01
   e:	0002                	.insn	2, 0x0002
  10:	0014                	.insn	2, 0x0014
  12:	0000                	.insn	2, 0x
  14:	0000                	.insn	2, 0x
  16:	0000                	.insn	2, 0x
  18:	0020                	.insn	2, 0x0020
  1a:	0001                	.insn	2, 0x0001
  1c:	0000                	.insn	2, 0x
  1e:	0000                	.insn	2, 0x
  20:	004c                	.insn	2, 0x004c
  22:	0000                	.insn	2, 0x
  24:	0000                	.insn	2, 0x
  26:	0000                	.insn	2, 0x
  28:	002c                	.insn	2, 0x002c
  2a:	0000                	.insn	2, 0x
  2c:	0000                	.insn	2, 0x
  2e:	0000                	.insn	2, 0x
  30:	006c                	.insn	2, 0x006c
  32:	0001                	.insn	2, 0x0001
  34:	0000                	.insn	2, 0x
  36:	0000                	.insn	2, 0x
  38:	0068                	.insn	2, 0x0068
  3a:	0000                	.insn	2, 0x
  3c:	0000                	.insn	2, 0x
  3e:	0000                	.insn	2, 0x
  40:	0e44                	.insn	2, 0x0e44
  42:	4410                	.insn	2, 0x4410
  44:	0488                	.insn	2, 0x0488
  46:	8150                	.insn	2, 0x8150
  48:	0202                	.insn	2, 0x0202
  4a:	c144                	.insn	2, 0xc144
  4c:	c844                	.insn	2, 0xc844
  4e:	0e44                	.insn	2, 0x0e44
	...
  58:	001c                	.insn	2, 0x001c
  5a:	0000                	.insn	2, 0x
  5c:	0000                	.insn	2, 0x
  5e:	0000                	.insn	2, 0x
  60:	00d4                	.insn	2, 0x00d4
  62:	0001                	.insn	2, 0x0001
  64:	0000                	.insn	2, 0x
  66:	0000                	.insn	2, 0x
  68:	00bc                	.insn	2, 0x00bc
  6a:	0000                	.insn	2, 0x
  6c:	0000                	.insn	2, 0x
  6e:	0000                	.insn	2, 0x
  70:	0e50                	.insn	2, 0x0e50
  72:	0220                	.insn	2, 0x0220
  74:	0e90                	.insn	2, 0x0e90
  76:	0000                	.insn	2, 0x
  78:	0034                	.insn	2, 0x0034
  7a:	0000                	.insn	2, 0x
  7c:	0000                	.insn	2, 0x
  7e:	0000                	.insn	2, 0x
  80:	0190                	.insn	2, 0x0190
  82:	0001                	.insn	2, 0x0001
  84:	0000                	.insn	2, 0x
  86:	0000                	.insn	2, 0x
  88:	0080                	.insn	2, 0x0080
  8a:	0000                	.insn	2, 0x
  8c:	0000                	.insn	2, 0x
  8e:	0000                	.insn	2, 0x
  90:	0e44                	.insn	2, 0x0e44
  92:	4c20                	.insn	2, 0x4c20
  94:	0281                	.insn	2, 0x0281
  96:	0488                	.insn	2, 0x0488
  98:	0689                	.insn	2, 0x0689
  9a:	924c                	.insn	2, 0x924c
  9c:	0208                	.insn	2, 0x0208
  9e:	c848                	.insn	2, 0xc848
  a0:	c144                	.insn	2, 0xc144
  a2:	c944                	.insn	2, 0xc944
  a4:	d244                	.insn	2, 0xd244
  a6:	0e4c                	.insn	2, 0x0e4c
	...
  b0:	002c                	.insn	2, 0x002c
  b2:	0000                	.insn	2, 0x
  b4:	0000                	.insn	2, 0x
  b6:	0000                	.insn	2, 0x
  b8:	0210                	.insn	2, 0x0210
  ba:	0001                	.insn	2, 0x0001
  bc:	0000                	.insn	2, 0x
  be:	0000                	.insn	2, 0x
  c0:	053c                	.insn	2, 0x053c
  c2:	0000                	.insn	2, 0x
  c4:	0000                	.insn	2, 0x
  c6:	0000                	.insn	2, 0x
  c8:	0e44                	.insn	2, 0x0e44
  ca:	5c40                	.insn	2, 0x5c40
  cc:	0281                	.insn	2, 0x0281
  ce:	0488                	.insn	2, 0x0488
  d0:	0689                	.insn	2, 0x0689
  d2:	0892                	.insn	2, 0x0892
  d4:	0c940a93          	addi	s5,s0,201
  d8:	0e95                	.insn	2, 0x0e95
  da:	0000                	.insn	2, 0x
  dc:	0000                	.insn	2, 0x
  de:	0000                	.insn	2, 0x
  e0:	000c                	.insn	2, 0x000c
  e2:	0000                	.insn	2, 0x
  e4:	ffff                	.insn	2, 0xffff
  e6:	ffff                	.insn	2, 0xffff
  e8:	7c010003          	lb	zero,1984(sp)
  ec:	0c01                	.insn	2, 0x0c01
  ee:	0002                	.insn	2, 0x0002
  f0:	0014                	.insn	2, 0x0014
  f2:	0000                	.insn	2, 0x
  f4:	00e0                	.insn	2, 0x00e0
  f6:	0000                	.insn	2, 0x
  f8:	074c                	.insn	2, 0x074c
  fa:	0001                	.insn	2, 0x0001
  fc:	0000                	.insn	2, 0x
  fe:	0000                	.insn	2, 0x
 100:	0050                	.insn	2, 0x0050
 102:	0000                	.insn	2, 0x
 104:	0000                	.insn	2, 0x
 106:	0000                	.insn	2, 0x
 108:	002c                	.insn	2, 0x002c
 10a:	0000                	.insn	2, 0x
 10c:	00e0                	.insn	2, 0x00e0
 10e:	0000                	.insn	2, 0x
 110:	079c                	.insn	2, 0x079c
 112:	0001                	.insn	2, 0x0001
 114:	0000                	.insn	2, 0x
 116:	0000                	.insn	2, 0x
 118:	01b0                	.insn	2, 0x01b0
 11a:	0000                	.insn	2, 0x
 11c:	0000                	.insn	2, 0x
 11e:	0000                	.insn	2, 0x
 120:	0e44                	.insn	2, 0x0e44
 122:	0250                	.insn	2, 0x0250
 124:	0a98                	.insn	2, 0x0a98
 126:	000e                	.insn	2, 0x000e
 128:	0b44                	.insn	2, 0x0b44
 12a:	5c02                	.insn	2, 0x5c02
 12c:	0e0a                	.insn	2, 0x0e0a
 12e:	4400                	.insn	2, 0x4400
 130:	0000000b          	.insn	4, 0x000b
 134:	0000                	.insn	2, 0x
	...
